{"type":"FeatureCollection", "features": [
  {"type":"Feature","properties":{"name":"名古屋市","code":"23100"},"geometry":{"type":"MultiPolygon","coordinates":[[[[136.89923,35.234786],[136.895816,35.233313],[136.886273,35.229108],[136.881381,35.227295],[136.876768,35.225842],[136.874793,35.225065],[136.874172,35.226063],[136.874723,35.226443],[136.8738,35.227858],[136.872047,35.231358],[136.870966,35.230954],[136.867824,35.230635],[136.867003,35.230803],[136.86025,35.230567],[136.857867,35.230561],[136.855719,35.230583],[136.856104,35.228557],[136.855953,35.227991],[136.856222,35.224396],[136.856365,35.221096],[136.85665,35.219271],[136.857572,35.218777],[136.858018,35.217232],[136.85878,35.217123],[136.859243,35.216399],[136.860357,35.215227],[136.864016,35.215268],[136.864293,35.214565],[136.863874,35.213636],[136.864642,35.213329],[136.86019,35.207972],[136.860584,35.207621],[136.863605,35.207116],[136.863772,35.206011],[136.864317,35.205886],[136.864686,35.206949],[136.865686,35.206894],[136.866138,35.208535],[136.867068,35.209063],[136.868093,35.211086],[136.868373,35.211912],[136.87037,35.211331],[136.871628,35.211171],[136.872518,35.210024],[136.874157,35.209676],[136.874901,35.209803],[136.878542,35.209336],[136.8789,35.208794],[136.878971,35.207213],[136.87928,35.206865],[136.878108,35.206045],[136.876502,35.204337],[136.876043,35.203656],[136.875383,35.201846],[136.872824,35.198692],[136.871701,35.19751],[136.870659,35.195868],[136.869841,35.194002],[136.869102,35.193207],[136.868055,35.192493],[136.86593,35.191661],[136.863723,35.190915],[136.85888,35.189541],[136.857604,35.189002],[136.856301,35.188172],[136.853394,35.185716],[136.849976,35.182561],[136.847981,35.180558],[136.843981,35.176592],[136.841122,35.174055],[136.838485,35.171735],[136.835521,35.16943],[136.83493,35.168481],[136.833989,35.167421],[136.833419,35.166129],[136.833308,35.164884],[136.832296,35.164912],[136.831682,35.165215],[136.8313,35.164707],[136.83154,35.164046],[136.831336,35.163402],[136.831842,35.162683],[136.831481,35.161804],[136.83183,35.161307],[136.83197,35.160054],[136.832558,35.159426],[136.835,35.158453],[136.835908,35.158202],[136.836022,35.157804],[136.834076,35.157829],[136.831647,35.158064],[136.831547,35.15779],[136.83019,35.157282],[136.827665,35.1576],[136.826518,35.158015],[136.824871,35.157895],[136.819761,35.158527],[136.817183,35.158983],[136.817386,35.159643],[136.817342,35.161038],[136.818334,35.16124],[136.818121,35.162019],[136.818364,35.164641],[136.816158,35.16504],[136.814258,35.165669],[136.814447,35.166724],[136.813813,35.167462],[136.81094,35.167942],[136.809821,35.167833],[136.808457,35.167296],[136.807926,35.167537],[136.807801,35.168186],[136.80687,35.166522],[136.805715,35.165033],[136.804648,35.165541],[136.804153,35.165111],[136.802968,35.163089],[136.801764,35.161302],[136.802651,35.160921],[136.802033,35.159464],[136.80178,35.158021],[136.802001,35.156747],[136.801953,35.154725],[136.802625,35.15418],[136.809413,35.153571],[136.80896,35.147605],[136.806365,35.147784],[136.80091,35.14804],[136.800641,35.145918],[136.801344,35.145835],[136.800437,35.141537],[136.800066,35.138858],[136.800015,35.136634],[136.80013,35.132476],[136.801384,35.132368],[136.802356,35.130866],[136.802171,35.130264],[136.802824,35.12926],[136.801704,35.127865],[136.800522,35.128103],[136.797416,35.128165],[136.797515,35.126286],[136.797324,35.125506],[136.797631,35.124904],[136.797355,35.123892],[136.797967,35.123638],[136.797573,35.121918],[136.794197,35.121983],[136.793148,35.119218],[136.793595,35.118842],[136.792757,35.116371],[136.792851,35.116016],[136.792263,35.114688],[136.792237,35.113346],[136.791969,35.11226],[136.792757,35.11042],[136.793251,35.109615],[136.795012,35.108374],[136.796173,35.105966],[136.797451,35.104074],[136.798088,35.101853],[136.797944,35.096936],[136.800099,35.096108],[136.803276,35.095724],[136.806948,35.094865],[136.810059,35.093379],[136.810897,35.092681],[136.813047,35.090211],[136.816473,35.08696],[136.824708,35.080231],[136.827284,35.082877],[136.827534,35.082926],[136.830755,35.082089],[136.832917,35.081744],[136.838856,35.082428],[136.847251,35.083048],[136.848836,35.078928],[136.84966,35.078027],[136.848775,35.075721],[136.848582,35.073575],[136.848358,35.072506],[136.847197,35.069565],[136.845711,35.064278],[136.842597,35.059278],[136.844982,35.059511],[136.845044,35.059202],[136.847369,35.059512],[136.84729,35.057018],[136.847439,35.05666],[136.853481,35.056674],[136.85548,35.056588],[136.855512,35.058271],[136.854985,35.058578],[136.855096,35.059373],[136.85571,35.059374],[136.858058,35.058782],[136.858891,35.062215],[136.85921,35.062216],[136.85937,35.063564],[136.859947,35.065256],[136.859932,35.068322],[136.858363,35.06999],[136.855854,35.069982],[136.855855,35.06926],[136.855077,35.069259],[136.855073,35.073331],[136.855151,35.07353],[136.855139,35.07758],[136.856384,35.078183],[136.856385,35.073348],[136.856883,35.072402],[136.860094,35.072554],[136.862472,35.069785],[136.863706,35.071735],[136.861017,35.074856],[136.862103,35.076782],[136.86454,35.073948],[136.864696,35.07396],[136.869293,35.082101],[136.866713,35.08491],[136.868537,35.088207],[136.871408,35.08913],[136.872646,35.089381],[136.873433,35.089208],[136.873144,35.088526],[136.872312,35.088043],[136.872724,35.087393],[136.873886,35.088067],[136.874658,35.089866],[136.87533,35.090399],[136.876774,35.089709],[136.878838,35.089459],[136.87924,35.09175],[136.880888,35.091553],[136.880486,35.089269],[136.884817,35.088758],[136.885798,35.091041],[136.888214,35.093662],[136.890867,35.092991],[136.892015,35.092517],[136.892159,35.091783],[136.891093,35.091008],[136.890838,35.089902],[136.890341,35.089924],[136.890108,35.08628],[136.890919,35.08565],[136.8966,35.084984],[136.896421,35.083689],[136.896163,35.083579],[136.893639,35.083977],[136.890569,35.084306],[136.890458,35.083779],[136.890045,35.077959],[136.890495,35.077668],[136.896156,35.07737],[136.896083,35.07649],[136.890826,35.076805],[136.889808,35.076287],[136.889599,35.072984],[136.889721,35.072621],[136.889587,35.070341],[136.886748,35.070448],[136.886971,35.074408],[136.885208,35.074437],[136.884992,35.070516],[136.883422,35.070578],[136.883165,35.069405],[136.883963,35.067268],[136.890269,35.067135],[136.891666,35.068011],[136.897444,35.068046],[136.901603,35.068924],[136.903182,35.068881],[136.905791,35.068407],[136.906573,35.068198],[136.910436,35.068028],[136.913047,35.068477],[136.913207,35.068196],[136.916256,35.061197],[136.917919,35.061863],[136.917774,35.062917],[136.919842,35.063524],[136.920249,35.062565],[136.920713,35.062684],[136.920098,35.063963],[136.92175,35.064409],[136.922059,35.063651],[136.923041,35.063742],[136.924424,35.064418],[136.925199,35.063147],[136.924604,35.062862],[136.925076,35.062077],[136.924528,35.061786],[136.923464,35.061739],[136.922035,35.061155],[136.922652,35.060132],[136.923653,35.059863],[136.924674,35.059103],[136.924539,35.058594],[136.925757,35.058604],[136.926078,35.058054],[136.927595,35.056649],[136.928464,35.055279],[136.928397,35.054879],[136.929534,35.053531],[136.929387,35.053036],[136.928666,35.052443],[136.928736,35.051894],[136.930375,35.051691],[136.931274,35.050743],[136.931276,35.050014],[136.933143,35.049858],[136.93358,35.048714],[136.934103,35.049705],[136.934919,35.049833],[136.934655,35.050714],[136.935685,35.0517],[136.936624,35.053198],[136.937646,35.052856],[136.938015,35.053378],[136.939348,35.053293],[136.941118,35.052156],[136.941229,35.051276],[136.94196,35.050043],[136.94194,35.048986],[136.943231,35.047949],[136.943618,35.046253],[136.944643,35.045596],[136.946335,35.044193],[136.948298,35.044223],[136.950098,35.044531],[136.953203,35.044773],[136.953169,35.0457],[136.953931,35.045793],[136.955215,35.046949],[136.955772,35.047879],[136.957151,35.047498],[136.958449,35.046409],[136.958914,35.046266],[136.958789,35.044888],[136.959214,35.044001],[136.95995,35.043146],[136.961047,35.042623],[136.960851,35.041982],[136.961635,35.040979],[136.961368,35.040558],[136.959722,35.039936],[136.959801,35.039266],[136.960698,35.039772],[136.961893,35.039563],[136.963534,35.04115],[136.964854,35.042931],[136.965359,35.043039],[136.967959,35.042741],[136.968403,35.043011],[136.970163,35.042786],[136.972253,35.043064],[136.97257,35.044884],[136.972929,35.045603],[136.973813,35.046529],[136.974352,35.047383],[136.973877,35.049006],[136.974978,35.049491],[136.975284,35.050431],[136.974832,35.051917],[136.973373,35.052079],[136.972574,35.0528],[136.972503,35.053388],[136.973414,35.053883],[136.972811,35.054386],[136.973193,35.055138],[136.97285,35.056172],[136.972403,35.056433],[136.973204,35.058156],[136.974532,35.060116],[136.975887,35.061515],[136.975721,35.061914],[136.974846,35.06234],[136.974657,35.063082],[136.976039,35.062338],[136.978487,35.061446],[136.980211,35.061464],[136.98103,35.06114],[136.984265,35.061276],[136.985297,35.060518],[136.985855,35.060959],[136.985166,35.061984],[136.985731,35.065862],[136.985698,35.06632],[136.98655,35.066535],[136.987428,35.067619],[136.987166,35.068739],[136.987564,35.069506],[136.987452,35.070949],[136.98766,35.072555],[136.988357,35.07368],[136.989505,35.073145],[136.990154,35.072604],[136.99149,35.072916],[136.994716,35.071823],[136.996184,35.072113],[136.996754,35.072885],[136.997302,35.072964],[136.998124,35.074152],[136.998713,35.07431],[136.999079,35.072904],[136.999913,35.07311],[137.001598,35.072433],[137.002681,35.07218],[137.004739,35.072008],[137.005889,35.0725],[137.007106,35.073478],[137.007564,35.074452],[137.008673,35.074576],[137.009558,35.075316],[137.01007,35.076782],[137.010845,35.078126],[137.011184,35.079733],[137.010043,35.08026],[137.009746,35.080646],[137.010473,35.0812],[137.011695,35.081087],[137.011671,35.081922],[137.012672,35.081691],[137.013097,35.081904],[137.013266,35.083873],[137.012145,35.084483],[137.012096,35.085144],[137.013015,35.085198],[137.013797,35.086031],[137.014662,35.086576],[137.015043,35.087336],[137.015703,35.087469],[137.015615,35.088093],[137.016341,35.089959],[137.016834,35.09024],[137.017484,35.092099],[137.016411,35.094207],[137.01744,35.094362],[137.018844,35.095598],[137.018808,35.094738],[137.020034,35.095001],[137.020751,35.093981],[137.021007,35.09323],[137.020866,35.091136],[137.021481,35.091224],[137.021516,35.093141],[137.020589,35.09485],[137.020629,35.095565],[137.02001,35.096101],[137.021552,35.097256],[137.022648,35.098866],[137.022913,35.099963],[137.022511,35.100988],[137.02339,35.102024],[137.023444,35.102733],[137.022187,35.10466],[137.022285,35.105991],[137.021113,35.109801],[137.01997,35.109571],[137.019029,35.111243],[137.018818,35.112156],[137.018176,35.112574],[137.016981,35.112683],[137.01677,35.113643],[137.015299,35.115329],[137.014504,35.116995],[137.013619,35.11794],[137.011553,35.119493],[137.01056,35.120566],[137.009884,35.121892],[137.008982,35.122704],[137.008254,35.123823],[137.00659,35.125165],[137.006372,35.125589],[137.005473,35.126034],[137.004438,35.1275],[137.003296,35.128401],[137.000677,35.129506],[137.000133,35.130019],[137.000682,35.13052],[137.002259,35.130494],[137.003187,35.130652],[137.004629,35.131175],[137.005981,35.131207],[137.006585,35.130686],[137.007734,35.130887],[137.008158,35.131205],[137.008219,35.133023],[137.007942,35.134542],[137.007008,35.135843],[137.007015,35.136492],[137.007921,35.136706],[137.009274,35.136292],[137.009994,35.136841],[137.012689,35.138119],[137.013617,35.138241],[137.015718,35.137526],[137.016501,35.138516],[137.0165,35.139086],[137.017401,35.13912],[137.017316,35.1384],[137.016474,35.13805],[137.016135,35.137385],[137.016961,35.136429],[137.017947,35.136386],[137.018075,35.137329],[137.019603,35.138448],[137.023284,35.139816],[137.023036,35.141368],[137.022244,35.142892],[137.021418,35.143562],[137.020436,35.143563],[137.02115,35.144493],[137.021441,35.145243],[137.020812,35.14576],[137.020785,35.146252],[137.018425,35.147047],[137.018583,35.147767],[137.019507,35.148402],[137.020402,35.148396],[137.021353,35.149519],[137.021614,35.150352],[137.02216,35.151083],[137.022058,35.153246],[137.023325,35.15422],[137.025449,35.154681],[137.02702,35.156174],[137.025711,35.157313],[137.025099,35.158076],[137.0251,35.159038],[137.024731,35.160379],[137.02437,35.160724],[137.023983,35.162096],[137.02419,35.162664],[137.023037,35.162742],[137.022883,35.163197],[137.024735,35.165023],[137.024967,35.165513],[137.026423,35.166891],[137.027465,35.16873],[137.027482,35.169315],[137.026697,35.16995],[137.025521,35.170303],[137.025486,35.171165],[137.024797,35.171897],[137.025254,35.172704],[137.024384,35.173078],[137.02402,35.173816],[137.023379,35.17353],[137.022486,35.173646],[137.022089,35.174089],[137.022745,35.17522],[137.026044,35.175308],[137.026331,35.176125],[137.026116,35.176907],[137.026463,35.177614],[137.026513,35.178784],[137.026844,35.179403],[137.02616,35.180959],[137.025614,35.181636],[137.025603,35.182558],[137.026215,35.183362],[137.025804,35.18512],[137.024749,35.18607],[137.022886,35.186842],[137.02081,35.18726],[137.01837,35.187964],[137.01792,35.188306],[137.020008,35.190708],[137.021665,35.190763],[137.023159,35.191206],[137.026738,35.191018],[137.028358,35.19014],[137.028667,35.190661],[137.030009,35.190485],[137.030314,35.190949],[137.031782,35.191181],[137.032258,35.191812],[137.031359,35.192004],[137.026853,35.192633],[137.02577,35.192501],[137.025497,35.193436],[137.02944,35.194622],[137.029986,35.193947],[137.031402,35.194361],[137.030061,35.197236],[137.024966,35.195743],[137.024314,35.195087],[137.023614,35.196606],[137.022997,35.197349],[137.024,35.197606],[137.02512,35.197576],[137.026191,35.198588],[137.02611,35.200081],[137.025714,35.200728],[137.025868,35.201271],[137.025213,35.201735],[137.023032,35.201318],[137.022377,35.200911],[137.021473,35.199723],[137.019802,35.198478],[137.019719,35.197689],[137.020892,35.197048],[137.023269,35.19649],[137.023398,35.195739],[137.020929,35.19482],[137.02016,35.193897],[137.019034,35.193681],[137.018409,35.193929],[137.01687,35.194103],[137.016844,35.194595],[137.013618,35.194589],[137.01191,35.194986],[137.012274,35.199323],[137.013586,35.199433],[137.014436,35.198934],[137.014829,35.199994],[137.014357,35.200709],[137.013801,35.20002],[137.013266,35.200256],[137.013283,35.201041],[137.010992,35.203073],[137.010532,35.20378],[137.009723,35.203835],[137.009656,35.206083],[137.009155,35.206416],[137.008007,35.206493],[137.007248,35.206185],[137.005713,35.206082],[137.006219,35.20677],[137.007754,35.208352],[137.008931,35.209098],[137.008523,35.210124],[137.006304,35.210021],[137.006283,35.209629],[137.004172,35.209299],[137.001544,35.209299],[137.001596,35.209618],[137.002833,35.21103],[137.003696,35.212287],[137.004071,35.21238],[137.004764,35.213877],[137.00412,35.214323],[137.004899,35.215252],[137.004761,35.216385],[137.005106,35.217532],[137.005571,35.218214],[137.00674,35.219237],[137.008727,35.219876],[137.010853,35.22118],[137.011646,35.222067],[137.013247,35.224526],[137.013965,35.225032],[137.014311,35.225735],[137.014847,35.226015],[137.015952,35.227853],[137.018201,35.229722],[137.019453,35.23127],[137.022223,35.231179],[137.024073,35.232271],[137.025731,35.234218],[137.028995,35.234613],[137.030752,35.234614],[137.031253,35.235083],[137.032309,35.235535],[137.034003,35.237148],[137.034535,35.237987],[137.035245,35.238153],[137.036604,35.237889],[137.037237,35.237441],[137.038438,35.237591],[137.039132,35.238115],[137.040348,35.24029],[137.041364,35.240785],[137.043779,35.241508],[137.044314,35.240883],[137.044882,35.239692],[137.046182,35.238425],[137.049341,35.237833],[137.049603,35.238567],[137.051262,35.238518],[137.052103,35.239028],[137.051773,35.239856],[137.051015,35.240545],[137.051133,35.241694],[137.052047,35.243106],[137.053176,35.243592],[137.054567,35.243654],[137.055662,35.244435],[137.055899,35.245079],[137.056666,35.245999],[137.058536,35.246281],[137.059877,35.246281],[137.06087,35.248169],[137.060429,35.249403],[137.059379,35.251198],[137.058651,35.251311],[137.05758,35.250306],[137.056981,35.250139],[137.054965,35.25042],[137.054712,35.25121],[137.054065,35.251816],[137.053338,35.253379],[137.053304,35.254344],[137.053567,35.255022],[137.053029,35.255264],[137.052972,35.256099],[137.053579,35.256684],[137.053476,35.257826],[137.052537,35.258383],[137.051599,35.259358],[137.050341,35.260229],[137.049734,35.259939],[137.047716,35.259508],[137.0443,35.259004],[137.040523,35.258605],[137.036966,35.258405],[137.034793,35.258604],[137.031351,35.259276],[137.029864,35.259318],[137.029152,35.259003],[137.026552,35.256778],[137.025439,35.255603],[137.023861,35.254322],[137.022373,35.253378],[137.020141,35.252368],[137.017008,35.251856],[137.014521,35.251768],[137.013644,35.251621],[137.012119,35.250692],[137.011413,35.248992],[137.010772,35.244727],[137.010242,35.24377],[137.009436,35.242842],[137.007423,35.241119],[137.006654,35.240709],[137.005322,35.240411],[137.003597,35.240419],[137.001616,35.240622],[136.997035,35.240844],[136.995892,35.240754],[136.993168,35.240859],[136.991635,35.240176],[136.990557,35.239212],[136.989743,35.237905],[136.989555,35.236892],[136.989567,35.234929],[136.990204,35.231901],[136.990394,35.229856],[136.989639,35.227924],[136.989018,35.226717],[136.988283,35.226428],[136.985832,35.226103],[136.982967,35.22595],[136.981446,35.225231],[136.978695,35.222926],[136.977717,35.221937],[136.976561,35.221195],[136.974913,35.21942],[136.97364,35.218431],[136.971942,35.217641],[136.970303,35.217347],[136.967697,35.217088],[136.966508,35.216839],[136.964126,35.216792],[136.960212,35.217051],[136.958148,35.217381],[136.956227,35.21744],[136.951888,35.217016],[136.948397,35.216215],[136.946667,35.216097],[136.944686,35.216168],[136.942217,35.21643],[136.938656,35.216512],[136.936593,35.216147],[136.936321,35.217019],[136.938125,35.218514],[136.939375,35.220223],[136.939903,35.221929],[136.939833,35.224249],[136.938288,35.223767],[136.937604,35.224026],[136.935517,35.223519],[136.935411,35.224155],[136.934072,35.223562],[136.932798,35.223409],[136.931686,35.22301],[136.930418,35.223103],[136.930969,35.224273],[136.930521,35.224969],[136.929318,35.225357],[136.929129,35.224674],[136.928257,35.224726],[136.928552,35.225692],[136.927785,35.226063],[136.927447,35.226832],[136.928655,35.226956],[136.928721,35.227664],[136.928124,35.227863],[136.928006,35.228599],[136.929201,35.229447],[136.927316,35.229159],[136.926266,35.228553],[136.926108,35.229266],[136.925134,35.229331],[136.92552,35.231084],[136.926476,35.231371],[136.926633,35.232396],[136.927421,35.232922],[136.929079,35.233084],[136.929499,35.236423],[136.930001,35.242008],[136.929932,35.243668],[136.928601,35.243197],[136.928174,35.243345],[136.927419,35.241784],[136.926523,35.24214],[136.926801,35.242569],[136.925681,35.242997],[136.924952,35.242173],[136.924894,35.241258],[136.924163,35.240736],[136.923556,35.241189],[136.92239,35.240987],[136.921467,35.240194],[136.920763,35.239305],[136.920407,35.238326],[136.919656,35.237941],[136.91892,35.23816],[136.917374,35.237319],[136.914262,35.237262],[136.912846,35.236704],[136.911966,35.236118],[136.910995,35.236045],[136.910817,35.236429],[136.911108,35.238071],[136.91059,35.239155],[136.908727,35.240373],[136.90606,35.240026],[136.904529,35.239621],[136.903044,35.240398],[136.901439,35.239748],[136.901593,35.236862],[136.900986,35.2356],[136.89923,35.234786]]],[[[136.87479,35.052623],[136.876108,35.054257],[136.881955,35.069348],[136.882286,35.070436],[136.881321,35.071552],[136.878004,35.071679],[136.87816,35.071954],[136.875437,35.072055],[136.875426,35.071791],[136.873661,35.071858],[136.869458,35.068062],[136.867598,35.063251],[136.870183,35.063151],[136.870303,35.063014],[136.865254,35.050007],[136.872378,35.04973],[136.87479,35.052623]]],[[[136.838023,35.051733],[136.845522,35.033912],[136.845841,35.033879],[136.84663,35.034879],[136.845643,35.037253],[136.846136,35.037532],[136.847459,35.035928],[136.84815,35.036701],[136.844083,35.041622],[136.84563,35.042901],[136.848877,35.039842],[136.850235,35.0406],[136.846177,35.045528],[136.847727,35.046804],[136.850963,35.043746],[136.852029,35.043851],[136.854956,35.055308],[136.852445,35.055332],[136.852099,35.05398],[136.848687,35.053976],[136.84864,35.056051],[136.840585,35.056036],[136.837977,35.051837],[136.838023,35.051733]]]]}},
  {"type":"Feature","properties":{"name":"豊橋市","code":"23201"},"geometry":{"type":"MultiPolygon","coordinates":[[[[137.341359,34.647527],[137.345493,34.648525],[137.345802,34.648463],[137.348972,34.649068],[137.35113,34.649688],[137.352703,34.649921],[137.355212,34.650471],[137.357422,34.650771],[137.358312,34.651189],[137.359542,34.651369],[137.363282,34.652378],[137.364171,34.652735],[137.368474,34.653319],[137.369368,34.653367],[137.375346,34.654812],[137.375968,34.654781],[137.377461,34.655239],[137.382525,34.656259],[137.385726,34.656969],[137.387235,34.657078],[137.390242,34.657504],[137.391918,34.657967],[137.393541,34.658098],[137.397045,34.658893],[137.399077,34.659445],[137.400571,34.659609],[137.402747,34.660174],[137.404912,34.660527],[137.40777,34.661147],[137.409779,34.661443],[137.415531,34.662428],[137.417986,34.663044],[137.420093,34.663297],[137.421945,34.663813],[137.425997,34.664657],[137.4283,34.665063],[137.42864,34.665236],[137.432165,34.665994],[137.43326,34.666118],[137.435373,34.666681],[137.439488,34.667326],[137.44017,34.667555],[137.442714,34.66793],[137.444745,34.668105],[137.446935,34.668538],[137.448547,34.668718],[137.454333,34.669679],[137.45806,34.670181],[137.463736,34.671074],[137.467419,34.671518],[137.471573,34.67216],[137.473846,34.672619],[137.476035,34.672883],[137.477202,34.672908],[137.479311,34.673317],[137.480396,34.673368],[137.484964,34.674105],[137.484521,34.67667],[137.485391,34.678329],[137.485911,34.679614],[137.485277,34.681976],[137.484639,34.683809],[137.485893,34.684529],[137.485669,34.685389],[137.488066,34.687327],[137.489265,34.688866],[137.488864,34.689382],[137.490043,34.693799],[137.490653,34.694917],[137.490252,34.696097],[137.491481,34.701436],[137.49179,34.70246],[137.491399,34.703299],[137.490421,34.704518],[137.489888,34.705648],[137.489563,34.707752],[137.489511,34.709251],[137.489664,34.711031],[137.489522,34.711673],[137.488673,34.712575],[137.488473,34.71459],[137.487763,34.716423],[137.487314,34.717102],[137.485809,34.717988],[137.484478,34.718943],[137.482625,34.719926],[137.481859,34.721266],[137.482451,34.722705],[137.482199,34.72383],[137.482287,34.725997],[137.480734,34.726539],[137.480269,34.729448],[137.480999,34.730072],[137.480583,34.730746],[137.481436,34.730952],[137.480405,34.732448],[137.479069,34.733511],[137.478607,34.734101],[137.478261,34.735843],[137.479541,34.736422],[137.479322,34.739947],[137.48056,34.740565],[137.479318,34.742158],[137.479422,34.742755],[137.478027,34.745518],[137.476618,34.745992],[137.476101,34.746344],[137.475624,34.747319],[137.475551,34.748181],[137.474641,34.749074],[137.474107,34.749941],[137.475294,34.751159],[137.475245,34.752156],[137.474878,34.753783],[137.474959,34.755196],[137.476351,34.756244],[137.477442,34.756665],[137.477219,34.757682],[137.476751,34.758461],[137.477519,34.760017],[137.477108,34.763019],[137.477073,34.764768],[137.476755,34.767806],[137.477064,34.768576],[137.479044,34.771335],[137.477373,34.773329],[137.476698,34.774371],[137.476718,34.774786],[137.477661,34.775581],[137.477948,34.776659],[137.478928,34.778991],[137.481205,34.780868],[137.482029,34.782284],[137.483753,34.782783],[137.4859,34.783626],[137.488584,34.783985],[137.490098,34.784632],[137.491696,34.785617],[137.492942,34.786866],[137.492811,34.788939],[137.493043,34.789698],[137.492909,34.790969],[137.492004,34.79203],[137.491908,34.794893],[137.491652,34.795847],[137.492853,34.796862],[137.4932,34.797438],[137.493337,34.798611],[137.49423,34.800963],[137.494361,34.801766],[137.493679,34.803501],[137.492209,34.804648],[137.491572,34.804827],[137.490235,34.805765],[137.489499,34.806564],[137.489048,34.807506],[137.487801,34.808672],[137.487429,34.809242],[137.48722,34.810576],[137.486885,34.811151],[137.487014,34.811749],[137.488853,34.813157],[137.491218,34.813833],[137.492576,34.814396],[137.493574,34.815295],[137.494434,34.818313],[137.494999,34.819386],[137.497288,34.820679],[137.500088,34.821689],[137.500839,34.822201],[137.501658,34.823351],[137.500647,34.824276],[137.500253,34.825279],[137.499331,34.825924],[137.498878,34.8268],[137.497114,34.826905],[137.494998,34.827585],[137.492775,34.829836],[137.49193,34.830171],[137.491242,34.830112],[137.489333,34.830327],[137.488009,34.831024],[137.488843,34.83266],[137.487537,34.835217],[137.487184,34.836695],[137.487697,34.837773],[137.48746,34.838384],[137.487759,34.839094],[137.487151,34.840259],[137.487365,34.841297],[137.487234,34.843122],[137.486235,34.844802],[137.485476,34.845066],[137.483857,34.846389],[137.483197,34.847296],[137.48172,34.847133],[137.479908,34.84776],[137.479187,34.848594],[137.479466,34.850881],[137.479888,34.851736],[137.480415,34.853612],[137.48119,34.855191],[137.481609,34.855701],[137.481484,34.856923],[137.479417,34.857349],[137.478382,34.857713],[137.478094,34.859565],[137.476516,34.860381],[137.475016,34.860634],[137.474082,34.860506],[137.472748,34.860902],[137.471999,34.861312],[137.469124,34.860997],[137.468051,34.861188],[137.465987,34.860593],[137.464678,34.860422],[137.462946,34.859274],[137.461324,34.858732],[137.461352,34.857449],[137.461101,34.856716],[137.460441,34.855834],[137.460829,34.853982],[137.460589,34.853056],[137.460022,34.852151],[137.459045,34.85106],[137.457326,34.849517],[137.456677,34.848345],[137.455816,34.847606],[137.454192,34.846862],[137.451318,34.84612],[137.450318,34.846033],[137.448728,34.845064],[137.446061,34.844256],[137.444449,34.845074],[137.442685,34.845608],[137.440777,34.846493],[137.440338,34.847134],[137.438336,34.84744],[137.438181,34.846589],[137.437527,34.845229],[137.436892,34.844617],[137.435491,34.843826],[137.433605,34.843162],[137.432502,34.842939],[137.431036,34.842906],[137.429155,34.843423],[137.42588,34.842918],[137.42436,34.842261],[137.423537,34.841398],[137.42287,34.839628],[137.423103,34.838475],[137.424953,34.835123],[137.426108,34.833667],[137.426688,34.832701],[137.427656,34.830402],[137.428771,34.828531],[137.429203,34.828034],[137.429674,34.826378],[137.430605,34.824863],[137.432285,34.826291],[137.435842,34.827719],[137.437276,34.827668],[137.438583,34.826728],[137.442768,34.824395],[137.441456,34.822725],[137.43971,34.82253],[137.439367,34.82147],[137.438421,34.821048],[137.438626,34.819956],[137.440015,34.818235],[137.438608,34.817504],[137.438918,34.816056],[137.438587,34.815589],[137.437544,34.816027],[137.435827,34.815184],[137.435411,34.815534],[137.433074,34.815619],[137.432793,34.813909],[137.432953,34.813358],[137.432901,34.811917],[137.431473,34.809769],[137.430301,34.809173],[137.429381,34.809742],[137.425201,34.810459],[137.42207,34.810786],[137.420739,34.810779],[137.419747,34.810357],[137.418356,34.809062],[137.417152,34.808427],[137.414315,34.807274],[137.412546,34.806426],[137.411209,34.806008],[137.404902,34.804402],[137.403652,34.803586],[137.402848,34.801998],[137.402825,34.800817],[137.403254,34.799484],[137.404635,34.797233],[137.407081,34.794834],[137.408464,34.792899],[137.409346,34.790591],[137.408283,34.790723],[137.408497,34.791421],[137.407206,34.792207],[137.407628,34.792638],[137.407024,34.793365],[137.404747,34.793209],[137.403561,34.795032],[137.402379,34.797544],[137.400082,34.797726],[137.399061,34.797216],[137.398091,34.796394],[137.397208,34.79681],[137.394797,34.796703],[137.393752,34.797018],[137.393533,34.798011],[137.391448,34.797959],[137.391058,34.797525],[137.390552,34.798837],[137.389206,34.798403],[137.38807,34.799021],[137.38658,34.800754],[137.385403,34.800249],[137.380847,34.797238],[137.381392,34.79666],[137.380567,34.796107],[137.380965,34.795198],[137.377594,34.792942],[137.376583,34.792182],[137.37326,34.791108],[137.370953,34.790662],[137.370349,34.790323],[137.369745,34.790833],[137.367848,34.790387],[137.367315,34.79058],[137.366034,34.789616],[137.365258,34.789521],[137.364423,34.790721],[137.364914,34.791538],[137.363724,34.791591],[137.363269,34.790862],[137.362184,34.790283],[137.359968,34.789335],[137.358298,34.78919],[137.357467,34.788853],[137.357201,34.788409],[137.349716,34.784527],[137.348949,34.784187],[137.346849,34.784639],[137.347838,34.785352],[137.349748,34.786309],[137.349214,34.787503],[137.349517,34.788676],[137.34934,34.789811],[137.349454,34.790739],[137.350633,34.792372],[137.350738,34.793363],[137.34935,34.792742],[137.348396,34.792029],[137.347906,34.791276],[137.346201,34.790093],[137.345333,34.789706],[137.343268,34.789295],[137.342162,34.788669],[137.342164,34.787707],[137.341658,34.786578],[137.341068,34.786367],[137.339154,34.786395],[137.337618,34.787054],[137.336681,34.788736],[137.333617,34.78911],[137.33313,34.789992],[137.330622,34.789633],[137.329971,34.789838],[137.330302,34.791029],[137.331475,34.792359],[137.331929,34.793124],[137.332293,34.794413],[137.331208,34.79422],[137.330829,34.794689],[137.330819,34.795692],[137.331332,34.796527],[137.330866,34.797292],[137.32922,34.796604],[137.325003,34.792977],[137.324308,34.791949],[137.32452,34.790473],[137.324108,34.789565],[137.322668,34.787428],[137.320132,34.788542],[137.318972,34.788805],[137.31752,34.78877],[137.314739,34.788177],[137.314136,34.787514],[137.314514,34.786393],[137.306454,34.784483],[137.308544,34.778806],[137.319276,34.780516],[137.323972,34.784284],[137.325601,34.785526],[137.327928,34.784379],[137.329297,34.782662],[137.329913,34.78114],[137.33104,34.780512],[137.32755,34.774476],[137.326904,34.774523],[137.326769,34.773326],[137.325948,34.772029],[137.325687,34.770954],[137.324895,34.771266],[137.324313,34.77102],[137.321137,34.771256],[137.320734,34.770768],[137.320435,34.769338],[137.32045,34.767967],[137.320868,34.762475],[137.320686,34.748879],[137.320591,34.747055],[137.32053,34.741882],[137.320397,34.74119],[137.31985,34.740848],[137.320501,34.738591],[137.32046,34.736556],[137.32132,34.735965],[137.320782,34.734677],[137.320314,34.732834],[137.329045,34.731242],[137.328811,34.730358],[137.338832,34.728547],[137.34731,34.732076],[137.348427,34.72969],[137.348996,34.7291],[137.351756,34.727464],[137.350789,34.726498],[137.349956,34.72674],[137.349029,34.72635],[137.346977,34.727371],[137.34423,34.725894],[137.342927,34.727347],[137.338351,34.72488],[137.338244,34.721137],[137.33296,34.721189],[137.332923,34.71898],[137.331345,34.719179],[137.331364,34.721165],[137.329724,34.721173],[137.329736,34.723616],[137.330966,34.724019],[137.329734,34.72468],[137.317577,34.724736],[137.317045,34.724994],[137.313258,34.725006],[137.313204,34.724828],[137.310875,34.724818],[137.310442,34.724594],[137.308565,34.72462],[137.308591,34.72048],[137.308371,34.720481],[137.308385,34.716883],[137.308525,34.71677],[137.308539,34.714248],[137.308955,34.714253],[137.308963,34.712394],[137.308425,34.712002],[137.308484,34.70211],[137.308974,34.702112],[137.309737,34.700864],[137.311754,34.70087],[137.311786,34.699599],[137.315771,34.699619],[137.316325,34.700069],[137.319866,34.700086],[137.319868,34.699635],[137.322001,34.699643],[137.321987,34.702165],[137.322281,34.70235],[137.325064,34.702355],[137.325063,34.701556],[137.321829,34.69514],[137.322974,34.694379],[137.322322,34.693776],[137.319399,34.695039],[137.318715,34.695548],[137.317164,34.695545],[137.315644,34.695227],[137.311608,34.696294],[137.311456,34.696266],[137.308238,34.692058],[137.308299,34.691516],[137.309153,34.691459],[137.314451,34.689169],[137.315651,34.688834],[137.315829,34.688513],[137.314543,34.687825],[137.3132,34.686324],[137.311339,34.683309],[137.311074,34.68228],[137.310209,34.682219],[137.308382,34.681315],[137.307438,34.679855],[137.307093,34.679956],[137.306883,34.678484],[137.307671,34.678194],[137.309334,34.677235],[137.310204,34.676421],[137.310687,34.674038],[137.30936,34.672378],[137.308788,34.670966],[137.308001,34.669967],[137.307543,34.6688],[137.306744,34.667996],[137.306434,34.66676],[137.306603,34.666422],[137.305459,34.665791],[137.306556,34.664608],[137.307288,34.664292],[137.308314,34.664237],[137.310604,34.663811],[137.311928,34.663159],[137.313396,34.663206],[137.314684,34.662519],[137.316986,34.662378],[137.318693,34.661776],[137.321554,34.661404],[137.323885,34.660563],[137.325781,34.660979],[137.326482,34.661395],[137.328422,34.660846],[137.330128,34.661346],[137.334107,34.661487],[137.335909,34.662291],[137.337284,34.663333],[137.337841,34.662765],[137.339083,34.660932],[137.339509,34.65881],[137.339308,34.658764],[137.340037,34.655317],[137.340579,34.653718],[137.341759,34.652281],[137.340966,34.651523],[137.34033,34.648982],[137.341359,34.647527]]],[[[137.308064,34.73664],[137.308059,34.735051],[137.318688,34.733119],[137.319188,34.734975],[137.319002,34.736806],[137.319165,34.74849],[137.314299,34.74857],[137.314204,34.744794],[137.313752,34.744631],[137.309787,34.74469],[137.309723,34.740353],[137.308107,34.740513],[137.308064,34.73664]]]]}},
  {"type":"Feature","properties":{"name":"岡崎市","code":"23202"},"geometry":{"type":"MultiPolygon","coordinates":[[[[137.212142,34.867637],[137.214346,34.868537],[137.216469,34.869101],[137.217104,34.869414],[137.219001,34.869591],[137.220708,34.86948],[137.221637,34.869862],[137.222828,34.869797],[137.223964,34.870235],[137.225626,34.870106],[137.226826,34.869505],[137.227099,34.868811],[137.228701,34.867636],[137.229748,34.8665],[137.229281,34.865928],[137.229405,34.865439],[137.231099,34.865064],[137.232336,34.864605],[137.232823,34.864825],[137.233605,34.866179],[137.23501,34.866442],[137.236921,34.866108],[137.238775,34.866759],[137.240431,34.865548],[137.241944,34.865295],[137.242586,34.864851],[137.243211,34.863934],[137.245216,34.862823],[137.246003,34.863315],[137.247132,34.863442],[137.248254,34.862787],[137.250563,34.862651],[137.25172,34.862193],[137.252936,34.861941],[137.253718,34.861215],[137.255355,34.86042],[137.25635,34.860979],[137.256943,34.861235],[137.25725,34.862714],[137.257921,34.863707],[137.257938,34.86502],[137.256167,34.867712],[137.256157,34.869319],[137.258654,34.870895],[137.258638,34.872046],[137.260376,34.873796],[137.262051,34.874284],[137.262745,34.875556],[137.262903,34.877662],[137.262787,34.878119],[137.26356,34.879675],[137.263061,34.881771],[137.263647,34.882139],[137.26461,34.883368],[137.264988,34.883253],[137.265906,34.884307],[137.267813,34.884807],[137.268274,34.885251],[137.270008,34.885337],[137.270809,34.884806],[137.272034,34.885009],[137.273603,34.884707],[137.274352,34.885029],[137.275338,34.884055],[137.276589,34.882366],[137.278146,34.881782],[137.27852,34.881341],[137.280863,34.881132],[137.282248,34.880795],[137.283155,34.880775],[137.285985,34.881619],[137.287222,34.881886],[137.288359,34.881631],[137.289592,34.88223],[137.291453,34.882359],[137.29255,34.882952],[137.292844,34.884483],[137.293338,34.884879],[137.294074,34.884911],[137.294686,34.885664],[137.295256,34.885664],[137.296843,34.886287],[137.297416,34.88585],[137.297572,34.884837],[137.298767,34.884305],[137.299368,34.883164],[137.300113,34.882741],[137.301091,34.881131],[137.301065,34.879739],[137.301896,34.878777],[137.303474,34.87774],[137.30396,34.878707],[137.304914,34.879975],[137.306376,34.880113],[137.306946,34.880535],[137.30813,34.88092],[137.308724,34.881336],[137.31022,34.881268],[137.311705,34.882616],[137.311665,34.883155],[137.312829,34.883821],[137.314432,34.883453],[137.314538,34.884101],[137.3161,34.885078],[137.3173,34.885187],[137.318098,34.88567],[137.319729,34.886206],[137.320553,34.886217],[137.321282,34.886884],[137.322496,34.8873],[137.323231,34.888255],[137.325489,34.888617],[137.326208,34.888291],[137.327803,34.888731],[137.329359,34.887541],[137.330103,34.887481],[137.33103,34.888476],[137.332053,34.889046],[137.33276,34.888408],[137.333191,34.889411],[137.334304,34.890589],[137.335572,34.891102],[137.336836,34.892878],[137.336473,34.893443],[137.337002,34.894093],[137.340153,34.89398],[137.341268,34.893335],[137.342701,34.893802],[137.343713,34.894562],[137.344269,34.894503],[137.344846,34.895079],[137.345866,34.895331],[137.346563,34.896382],[137.347379,34.89656],[137.347602,34.896987],[137.349246,34.898014],[137.350026,34.898282],[137.351032,34.897749],[137.351208,34.896617],[137.352611,34.89587],[137.352414,34.894391],[137.35284,34.893356],[137.35209,34.891596],[137.352452,34.891228],[137.353493,34.891313],[137.354616,34.890915],[137.35672,34.890839],[137.358506,34.89117],[137.359314,34.889687],[137.359094,34.888414],[137.36003,34.887332],[137.360212,34.886591],[137.360946,34.885768],[137.361524,34.886537],[137.362447,34.887128],[137.363384,34.88712],[137.363953,34.887881],[137.366095,34.889007],[137.366811,34.889578],[137.368345,34.889989],[137.370133,34.889767],[137.371697,34.891182],[137.372676,34.891454],[137.373619,34.89145],[137.374433,34.89318],[137.375421,34.893729],[137.377229,34.893447],[137.378734,34.892669],[137.379515,34.892645],[137.380489,34.891999],[137.380739,34.890639],[137.381723,34.889071],[137.382286,34.887893],[137.382924,34.887474],[137.385005,34.887059],[137.386683,34.887062],[137.38747,34.887247],[137.388511,34.886953],[137.390646,34.884379],[137.393078,34.883865],[137.394012,34.883338],[137.396475,34.88395],[137.398033,34.884956],[137.39821,34.885975],[137.397995,34.887009],[137.39831,34.888077],[137.398849,34.888568],[137.399508,34.890104],[137.401023,34.890843],[137.401585,34.892422],[137.40295,34.892866],[137.404504,34.894044],[137.403116,34.895862],[137.403736,34.897727],[137.404106,34.898389],[137.403848,34.899204],[137.403661,34.902101],[137.403244,34.902582],[137.405208,34.903724],[137.406614,34.903861],[137.407314,34.904422],[137.407714,34.905199],[137.408599,34.905825],[137.409179,34.905848],[137.409994,34.906448],[137.411646,34.907312],[137.411943,34.908514],[137.412827,34.908067],[137.413493,34.907312],[137.413941,34.907223],[137.415914,34.908218],[137.417723,34.907939],[137.418979,34.908842],[137.420546,34.909746],[137.421146,34.911363],[137.420426,34.913219],[137.420739,34.91418],[137.421252,34.914733],[137.421058,34.915709],[137.419984,34.916585],[137.418946,34.917692],[137.417873,34.918238],[137.417866,34.918766],[137.418464,34.91994],[137.418248,34.920474],[137.417365,34.921456],[137.417123,34.923497],[137.416629,34.924008],[137.415802,34.92398],[137.41394,34.924675],[137.412581,34.926259],[137.411689,34.926459],[137.411165,34.927657],[137.412416,34.930527],[137.411999,34.931627],[137.41039,34.93381],[137.410251,34.93501],[137.410595,34.9352],[137.410542,34.936418],[137.409623,34.937651],[137.409617,34.938642],[137.410374,34.939493],[137.411856,34.939747],[137.411599,34.940562],[137.41263,34.942203],[137.412714,34.94286],[137.412112,34.943733],[137.411355,34.944095],[137.41083,34.944787],[137.410804,34.945918],[137.410389,34.946797],[137.40909,34.946471],[137.408218,34.945463],[137.406474,34.946687],[137.406025,34.947485],[137.405372,34.947829],[137.404371,34.947942],[137.403429,34.948584],[137.402428,34.948224],[137.402465,34.950006],[137.401716,34.950268],[137.402088,34.951485],[137.402948,34.952425],[137.403088,34.953963],[137.404357,34.954919],[137.406381,34.955431],[137.407707,34.955535],[137.408091,34.956564],[137.408043,34.958213],[137.406921,34.958139],[137.404738,34.958417],[137.403464,34.959024],[137.402458,34.959228],[137.402107,34.959799],[137.400767,34.960088],[137.398558,34.961155],[137.397854,34.961174],[137.397272,34.962032],[137.395865,34.962015],[137.395102,34.962272],[137.394047,34.963541],[137.392691,34.963688],[137.391597,34.964105],[137.390594,34.965397],[137.391783,34.965945],[137.392438,34.966919],[137.393385,34.967237],[137.393597,34.968132],[137.394521,34.968547],[137.395458,34.968055],[137.395774,34.968864],[137.395708,34.969528],[137.396336,34.970864],[137.398379,34.972168],[137.398212,34.972842],[137.39922,34.974772],[137.399269,34.975819],[137.400247,34.975779],[137.401823,34.976212],[137.402942,34.97632],[137.404892,34.977742],[137.405559,34.978787],[137.404901,34.979653],[137.403201,34.981039],[137.401571,34.981258],[137.400351,34.982023],[137.39927,34.981869],[137.398532,34.981423],[137.396604,34.981426],[137.394797,34.982501],[137.394092,34.982782],[137.392641,34.982978],[137.390606,34.982889],[137.388744,34.983823],[137.389208,34.984464],[137.389356,34.985222],[137.388401,34.986028],[137.388067,34.986834],[137.387151,34.987128],[137.387928,34.988388],[137.388623,34.988613],[137.388539,34.989669],[137.387919,34.989843],[137.386777,34.989717],[137.384539,34.988846],[137.383592,34.989424],[137.383726,34.989838],[137.384652,34.989921],[137.385147,34.990747],[137.383374,34.992559],[137.382559,34.993647],[137.380518,34.995024],[137.38028,34.995544],[137.37892,34.996134],[137.378097,34.996288],[137.376621,34.997278],[137.375115,34.997901],[137.375576,34.999023],[137.375066,34.999273],[137.375343,35.00015],[137.376568,35.00144],[137.37595,35.001875],[137.375064,35.001581],[137.374658,35.002112],[137.375609,35.002624],[137.375489,35.003862],[137.374471,35.004642],[137.376266,35.006222],[137.376785,35.006938],[137.376708,35.007586],[137.375563,35.008878],[137.374255,35.009147],[137.372617,35.011839],[137.372431,35.012643],[137.370881,35.013309],[137.371593,35.014304],[137.371469,35.015123],[137.370759,35.015463],[137.369144,35.015008],[137.366249,35.01491],[137.364453,35.014467],[137.362336,35.01454],[137.361309,35.015273],[137.359598,35.014703],[137.358051,35.014433],[137.357121,35.014727],[137.356051,35.014692],[137.354872,35.014313],[137.354181,35.014343],[137.353297,35.014803],[137.352696,35.015621],[137.352041,35.01502],[137.349485,35.014786],[137.347583,35.015311],[137.3471,35.014574],[137.346548,35.014361],[137.34646,35.013496],[137.347071,35.01267],[137.347297,35.011759],[137.345755,35.009303],[137.344488,35.009649],[137.344088,35.010477],[137.342893,35.010628],[137.342403,35.011381],[137.340999,35.011806],[137.340307,35.011661],[137.339781,35.011082],[137.338765,35.010795],[137.338358,35.011476],[137.336189,35.011355],[137.336001,35.011527],[137.336584,35.01286],[137.336117,35.013795],[137.334407,35.01392],[137.331704,35.015114],[137.329105,35.014825],[137.328404,35.015023],[137.328942,35.016082],[137.328552,35.01742],[137.327571,35.01755],[137.326383,35.017983],[137.324894,35.016305],[137.323648,35.016238],[137.320971,35.015831],[137.319558,35.015519],[137.318323,35.015984],[137.318244,35.016881],[137.318646,35.017706],[137.318134,35.018237],[137.316934,35.01851],[137.316854,35.019454],[137.316296,35.02011],[137.315346,35.020407],[137.314292,35.019919],[137.313391,35.019836],[137.31276,35.020208],[137.312478,35.019126],[137.312733,35.018685],[137.311995,35.017814],[137.310626,35.01811],[137.310207,35.017322],[137.308807,35.016198],[137.307729,35.016453],[137.307384,35.017028],[137.306593,35.017452],[137.305739,35.017112],[137.305162,35.017729],[137.303563,35.016857],[137.301913,35.016773],[137.300364,35.017098],[137.300026,35.016728],[137.298018,35.018382],[137.297498,35.018239],[137.296036,35.018813],[137.29483,35.018908],[137.293122,35.018767],[137.292608,35.018462],[137.291153,35.018546],[137.289111,35.017955],[137.288788,35.019012],[137.288037,35.019457],[137.286068,35.019282],[137.284426,35.020195],[137.283757,35.01999],[137.282376,35.020879],[137.280807,35.022774],[137.27849,35.023442],[137.277214,35.024376],[137.277017,35.024916],[137.277476,35.025723],[137.278221,35.026249],[137.278151,35.027293],[137.277015,35.027377],[137.276008,35.026873],[137.275059,35.027089],[137.274961,35.028282],[137.27453,35.028728],[137.273319,35.028429],[137.272063,35.028645],[137.271147,35.029303],[137.269049,35.029816],[137.268008,35.030468],[137.267533,35.029961],[137.268951,35.028702],[137.270306,35.028078],[137.270198,35.027501],[137.269546,35.02666],[137.269554,35.025788],[137.26893,35.025359],[137.268283,35.024316],[137.267921,35.021912],[137.266676,35.020328],[137.266491,35.019504],[137.267246,35.018365],[137.267292,35.017941],[137.266396,35.016975],[137.265339,35.016832],[137.264225,35.017384],[137.262814,35.017202],[137.261519,35.0168],[137.260855,35.017404],[137.26046,35.019026],[137.259161,35.019878],[137.259009,35.020855],[137.259137,35.022373],[137.259567,35.022948],[137.259788,35.024361],[137.258362,35.024082],[137.25651,35.022529],[137.255794,35.022388],[137.254918,35.02296],[137.254833,35.023984],[137.255415,35.027493],[137.255607,35.028172],[137.254189,35.029161],[137.253612,35.029249],[137.251984,35.028526],[137.250768,35.027648],[137.250289,35.027667],[137.248103,35.028733],[137.244736,35.029264],[137.242593,35.028936],[137.242157,35.02927],[137.242168,35.030001],[137.241347,35.030924],[137.241475,35.033076],[137.241015,35.034303],[137.240396,35.034704],[137.240621,35.035894],[137.240344,35.036196],[137.23913,35.036436],[137.237942,35.037774],[137.237631,35.038674],[137.237027,35.039274],[137.234785,35.039952],[137.234086,35.039895],[137.233711,35.038608],[137.23313,35.038669],[137.232693,35.039951],[137.231578,35.040213],[137.230671,35.03905],[137.228021,35.039138],[137.227191,35.03934],[137.226819,35.040002],[137.225443,35.040125],[137.222927,35.039173],[137.222646,35.038854],[137.220948,35.038525],[137.218935,35.037773],[137.217628,35.037675],[137.215755,35.03899],[137.215003,35.038674],[137.214229,35.039183],[137.214368,35.040344],[137.213516,35.04128],[137.212465,35.041486],[137.211241,35.040452],[137.210389,35.039096],[137.209347,35.03775],[137.208543,35.036341],[137.208173,35.035265],[137.207769,35.03303],[137.207173,35.032621],[137.206336,35.032709],[137.204266,35.033432],[137.203379,35.033579],[137.202066,35.034239],[137.199113,35.03429],[137.197868,35.036259],[137.197505,35.036411],[137.197669,35.037538],[137.196809,35.037543],[137.195449,35.038661],[137.194023,35.038609],[137.192765,35.038258],[137.192049,35.037337],[137.190281,35.035605],[137.188615,35.034533],[137.187828,35.033716],[137.186604,35.032057],[137.185758,35.031321],[137.184073,35.031499],[137.182717,35.032129],[137.180552,35.033638],[137.178673,35.034557],[137.177275,35.034901],[137.172131,35.035554],[137.170504,35.034859],[137.166891,35.031799],[137.165542,35.030828],[137.163104,35.028721],[137.162048,35.02804],[137.160771,35.027452],[137.159753,35.026223],[137.159469,35.024745],[137.159444,35.023586],[137.159156,35.02184],[137.159292,35.020503],[137.160395,35.016743],[137.161105,35.015214],[137.162082,35.013461],[137.163195,35.010909],[137.163516,35.009744],[137.163652,35.007766],[137.164345,35.006259],[137.16579,35.004148],[137.166101,35.002951],[137.163657,34.998779],[137.162739,34.99802],[137.160206,34.996538],[137.15772,34.995318],[137.155999,34.995002],[137.150109,34.993226],[137.147882,34.992498],[137.146689,34.994059],[137.147645,34.994628],[137.146704,34.996029],[137.146136,34.995653],[137.144983,34.995433],[137.144775,34.994248],[137.145088,34.993098],[137.144116,34.993077],[137.142741,34.992484],[137.142468,34.995846],[137.141001,34.995903],[137.140862,34.997894],[137.140258,34.998116],[137.137805,34.99793],[137.137684,34.998432],[137.136715,34.998601],[137.136596,34.99932],[137.134341,34.999874],[137.133963,34.998304],[137.129781,34.998989],[137.129268,34.996964],[137.126794,34.997363],[137.125644,34.992363],[137.123459,34.99271],[137.122961,34.99061],[137.117312,34.991471],[137.117102,34.991659],[137.116768,34.993774],[137.116368,34.991347],[137.116872,34.988533],[137.117652,34.985703],[137.118691,34.985345],[137.118485,34.984253],[137.118909,34.983672],[137.118742,34.982778],[137.119103,34.981732],[137.120185,34.980903],[137.121002,34.981814],[137.121845,34.980934],[137.122843,34.981026],[137.123987,34.979871],[137.124426,34.979093],[137.125856,34.979658],[137.125016,34.977317],[137.12653,34.976738],[137.125815,34.975247],[137.126276,34.975024],[137.125687,34.973872],[137.124819,34.973231],[137.124107,34.973627],[137.122536,34.975127],[137.121752,34.975383],[137.121711,34.974156],[137.120155,34.973804],[137.119294,34.974331],[137.118697,34.974046],[137.117327,34.974176],[137.117135,34.973914],[137.115762,34.974661],[137.114374,34.974525],[137.113964,34.973981],[137.11214,34.974942],[137.110707,34.975857],[137.111299,34.976648],[137.110459,34.977106],[137.109669,34.976102],[137.108886,34.976436],[137.108124,34.973193],[137.110172,34.971856],[137.111678,34.971338],[137.112595,34.971213],[137.11538,34.969758],[137.115223,34.968363],[137.115845,34.968167],[137.116269,34.967234],[137.11741,34.966781],[137.118294,34.965478],[137.119953,34.964513],[137.1187,34.963475],[137.116677,34.96135],[137.117458,34.960656],[137.115863,34.958836],[137.116891,34.958052],[137.115683,34.956888],[137.116463,34.956353],[137.115835,34.955675],[137.111103,34.951104],[137.111093,34.950479],[137.113865,34.948626],[137.112727,34.946892],[137.109984,34.948785],[137.107595,34.946386],[137.108112,34.946029],[137.105763,34.943854],[137.106138,34.943073],[137.107004,34.94241],[137.106383,34.941791],[137.107575,34.940385],[137.108097,34.938758],[137.107984,34.938134],[137.107304,34.937501],[137.107824,34.936942],[137.107871,34.936174],[137.108596,34.935432],[137.110414,34.935422],[137.111621,34.936689],[137.113459,34.935793],[137.116929,34.936135],[137.117917,34.936132],[137.115057,34.932997],[137.114245,34.932763],[137.116393,34.930692],[137.115106,34.929777],[137.114845,34.928957],[137.116065,34.928886],[137.119228,34.927094],[137.116436,34.923524],[137.115699,34.922885],[137.113721,34.922164],[137.112669,34.921469],[137.11089,34.919778],[137.109338,34.917461],[137.107139,34.915126],[137.10571,34.912844],[137.105486,34.911715],[137.106105,34.909776],[137.106809,34.908718],[137.107771,34.905738],[137.107988,34.904105],[137.109751,34.904079],[137.11079,34.903481],[137.11196,34.903354],[137.112104,34.902253],[137.113838,34.900477],[137.114787,34.899969],[137.114601,34.897396],[137.113888,34.896473],[137.112896,34.895846],[137.113278,34.895304],[137.112795,34.894982],[137.113822,34.893606],[137.114425,34.893762],[137.114484,34.891872],[137.115213,34.890762],[137.114932,34.889638],[137.112846,34.887843],[137.111265,34.887518],[137.110519,34.887026],[137.109637,34.887831],[137.107438,34.886161],[137.106335,34.887186],[137.10444,34.885837],[137.103324,34.885206],[137.104677,34.884092],[137.105186,34.884499],[137.106119,34.883643],[137.105017,34.883317],[137.104008,34.881653],[137.102846,34.879293],[137.103091,34.878852],[137.109949,34.878776],[137.110469,34.879019],[137.115216,34.879209],[137.116722,34.880153],[137.117291,34.879888],[137.118409,34.881573],[137.120069,34.883294],[137.123188,34.885043],[137.124458,34.886174],[137.126343,34.888191],[137.126818,34.887933],[137.127662,34.888657],[137.127396,34.889013],[137.128562,34.889502],[137.133624,34.890328],[137.135199,34.89052],[137.137818,34.890516],[137.139109,34.89037],[137.143058,34.889502],[137.145118,34.889629],[137.146261,34.889423],[137.147855,34.888378],[137.153587,34.886821],[137.154576,34.88678],[137.154998,34.888412],[137.156013,34.889647],[137.156477,34.889323],[137.157926,34.888927],[137.15816,34.889164],[137.159453,34.892504],[137.160418,34.893439],[137.159383,34.894498],[137.159057,34.895203],[137.159527,34.895794],[137.160666,34.896444],[137.161263,34.897264],[137.161847,34.898666],[137.161799,34.900367],[137.164487,34.901312],[137.165749,34.901962],[137.166188,34.903108],[137.167291,34.904551],[137.167121,34.905657],[137.167734,34.906348],[137.168703,34.90652],[137.17026,34.9074],[137.171809,34.907185],[137.173021,34.907982],[137.174323,34.90848],[137.175156,34.908582],[137.175776,34.909324],[137.176995,34.909714],[137.178961,34.909553],[137.179497,34.908733],[137.181746,34.908523],[137.183295,34.907669],[137.184406,34.908262],[137.186171,34.908735],[137.187116,34.908509],[137.187267,34.907865],[137.188677,34.90734],[137.188285,34.906195],[137.188925,34.90572],[137.190137,34.905702],[137.191322,34.905954],[137.192923,34.905404],[137.193221,34.904872],[137.193074,34.903894],[137.193869,34.902965],[137.194474,34.901806],[137.195796,34.900854],[137.196616,34.901314],[137.197758,34.900895],[137.199064,34.899389],[137.200328,34.899542],[137.203132,34.899035],[137.203926,34.898216],[137.204509,34.897277],[137.205063,34.897114],[137.206013,34.895236],[137.207349,34.894181],[137.207536,34.893326],[137.208262,34.892392],[137.207593,34.89193],[137.205729,34.892259],[137.204782,34.891779],[137.203124,34.891373],[137.202356,34.890671],[137.202296,34.888933],[137.20325,34.888854],[137.203984,34.887821],[137.203825,34.886758],[137.202467,34.885528],[137.201094,34.885003],[137.200669,34.884642],[137.201156,34.8837],[137.202794,34.882229],[137.203708,34.880698],[137.204863,34.88003],[137.205574,34.879327],[137.207876,34.878643],[137.209449,34.879215],[137.210813,34.877866],[137.211286,34.875968],[137.211596,34.875481],[137.211395,34.874856],[137.210697,34.873942],[137.209712,34.872088],[137.209594,34.870683],[137.210163,34.869942],[137.210563,34.868842],[137.212142,34.867637]]]]}},
  {"type":"Feature","properties":{"name":"一宮市","code":"23203"},"geometry":{"type":"MultiPolygon","coordinates":[[[[136.704576,35.275577],[136.707017,35.274516],[136.708817,35.274026],[136.708904,35.273796],[136.710803,35.273326],[136.713321,35.272955],[136.713584,35.272248],[136.716779,35.271559],[136.72023,35.271492],[136.721499,35.271691],[136.726326,35.270826],[136.72841,35.270685],[136.729224,35.270265],[136.729532,35.269104],[136.729951,35.268744],[136.731751,35.268184],[136.732762,35.268274],[136.733724,35.268674],[136.734599,35.268284],[136.736329,35.268175],[136.736418,35.266239],[136.737583,35.265413],[136.738582,35.262722],[136.739495,35.260581],[136.7391,35.259611],[136.739655,35.25843],[136.740259,35.25813],[136.741283,35.258701],[136.741714,35.258611],[136.742713,35.259871],[136.743822,35.260841],[136.748904,35.263276],[136.750168,35.263953],[136.751025,35.265198],[136.751155,35.266351],[136.753645,35.266596],[136.753738,35.267109],[136.755497,35.267362],[136.757324,35.266936],[136.757193,35.268109],[136.758998,35.268232],[136.759074,35.267789],[136.760029,35.267842],[136.760078,35.265985],[136.7606,35.265943],[136.760589,35.265009],[136.761115,35.264794],[136.761127,35.263703],[136.76336,35.263245],[136.763606,35.262835],[136.765093,35.262838],[136.765054,35.262255],[136.767353,35.261889],[136.767353,35.261524],[136.76985,35.260767],[136.771176,35.260578],[136.772986,35.260632],[136.773724,35.260271],[136.775849,35.260321],[136.776686,35.260675],[136.776674,35.261558],[136.778135,35.261308],[136.778812,35.263259],[136.780697,35.263323],[136.786231,35.263372],[136.786427,35.264422],[136.786327,35.265482],[136.787536,35.265578],[136.787706,35.266465],[136.788125,35.267157],[136.791102,35.267157],[136.791114,35.268426],[136.794861,35.268606],[136.798208,35.268881],[136.7983,35.270859],[136.800353,35.270775],[136.800654,35.270998],[136.803586,35.270966],[136.805146,35.273084],[136.806894,35.275297],[136.807432,35.276353],[136.809343,35.276159],[136.810585,35.275604],[136.812698,35.27544],[136.813467,35.276246],[136.815231,35.27594],[136.819288,35.275086],[136.819497,35.27599],[136.821961,35.276347],[136.822869,35.275815],[136.824428,35.276493],[136.825346,35.276705],[136.825884,35.276451],[136.823953,35.274176],[136.825249,35.272343],[136.825982,35.272333],[136.828153,35.273044],[136.828929,35.272929],[136.829861,35.272185],[136.83002,35.270653],[136.829742,35.269959],[136.828849,35.26931],[136.827334,35.269085],[136.828215,35.267439],[136.829082,35.267677],[136.829059,35.266246],[136.828471,35.26559],[136.828917,35.264884],[136.829168,35.263618],[136.829282,35.261837],[136.828443,35.261806],[136.828887,35.260221],[136.830114,35.260266],[136.830871,35.259777],[136.830932,35.259103],[136.832171,35.259122],[136.833134,35.259701],[136.834028,35.258633],[136.833455,35.258153],[136.833716,35.25718],[136.834509,35.257229],[136.834683,35.256092],[136.834536,35.255273],[136.835839,35.254057],[136.836731,35.25166],[136.836772,35.250641],[136.838602,35.250213],[136.838593,35.250749],[136.840099,35.250467],[136.840776,35.250603],[136.840499,35.251847],[136.843184,35.251769],[136.843222,35.252465],[136.84294,35.254038],[136.843497,35.254231],[136.842941,35.256521],[136.842222,35.257017],[136.842936,35.257418],[136.842818,35.257828],[136.841901,35.258374],[136.84316,35.259766],[136.845608,35.260543],[136.849129,35.263183],[136.849601,35.26403],[136.850684,35.264688],[136.851025,35.265379],[136.849961,35.265468],[136.849817,35.266269],[136.851513,35.266285],[136.851659,35.266916],[136.847759,35.26616],[136.846868,35.266109],[136.846843,35.267273],[136.846123,35.267638],[136.846456,35.269276],[136.844257,35.270718],[136.843825,35.271181],[136.843593,35.272761],[136.843269,35.272763],[136.842989,35.274503],[136.846644,35.274619],[136.846938,35.276291],[136.848209,35.2776],[136.849051,35.277933],[136.848998,35.27978],[136.851686,35.27971],[136.854358,35.279842],[136.856393,35.279838],[136.856429,35.281056],[136.859006,35.281055],[136.860018,35.281239],[136.859993,35.282861],[136.8598,35.282996],[136.860178,35.284395],[136.861337,35.286208],[136.862512,35.288946],[136.864379,35.290589],[136.864544,35.290976],[136.864854,35.293704],[136.865061,35.296644],[136.865753,35.296791],[136.866805,35.297768],[136.869106,35.297871],[136.870415,35.297789],[136.871178,35.297499],[136.872716,35.297691],[136.873953,35.298653],[136.875791,35.300327],[136.877254,35.30227],[136.876798,35.302205],[136.874685,35.303246],[136.874223,35.303766],[136.872672,35.304471],[136.871669,35.304633],[136.871896,35.307011],[136.872307,35.308017],[136.871128,35.308366],[136.869287,35.308454],[136.868615,35.309106],[136.869126,35.310227],[136.869191,35.311561],[136.866853,35.311906],[136.866532,35.310687],[136.86465,35.310937],[136.864303,35.309169],[136.862179,35.309475],[136.860735,35.311043],[136.860749,35.311974],[136.861955,35.313565],[136.859905,35.314944],[136.858044,35.315692],[136.856509,35.315484],[136.855921,35.316459],[136.854845,35.31689],[136.855197,35.317894],[136.854984,35.318559],[136.85634,35.319923],[136.855524,35.320339],[136.854081,35.320464],[136.853974,35.321009],[136.855607,35.320849],[136.856699,35.321241],[136.856873,35.322004],[136.85622,35.323427],[136.854076,35.324329],[136.853128,35.325165],[136.85099,35.326716],[136.850005,35.327248],[136.848567,35.327021],[136.848322,35.326792],[136.847141,35.327504],[136.84491,35.327555],[136.842211,35.328122],[136.840333,35.327486],[136.840209,35.327814],[136.841527,35.328314],[136.84327,35.32877],[136.845587,35.329594],[136.845653,35.33139],[136.84466,35.335311],[136.844188,35.336609],[136.84303,35.336728],[136.841507,35.33749],[136.841113,35.338884],[136.84037,35.338891],[136.841024,35.340024],[136.840971,35.3414],[136.841275,35.342217],[136.841804,35.345533],[136.840608,35.345488],[136.838579,35.344966],[136.837866,35.345638],[136.837749,35.346278],[136.836418,35.34651],[136.835119,35.346277],[136.8352,35.346814],[136.833895,35.346952],[136.833641,35.345565],[136.832316,35.346291],[136.832423,35.346886],[136.833578,35.347597],[136.83587,35.349482],[136.83748,35.35026],[136.838098,35.350994],[136.837139,35.351219],[136.83722,35.352728],[136.835663,35.353625],[136.83423,35.354759],[136.834039,35.355945],[136.833769,35.355923],[136.830195,35.356849],[136.828334,35.357063],[136.826077,35.357476],[136.822578,35.3583],[136.817131,35.359321],[136.813046,35.359616],[136.808354,35.359747],[136.804232,35.360142],[136.802096,35.360521],[136.800754,35.360934],[136.796648,35.362515],[136.792887,35.363458],[136.793564,35.364735],[136.794098,35.36616],[136.794456,35.368335],[136.782752,35.369107],[136.775673,35.369602],[136.773844,35.369553],[136.772873,35.369342],[136.770634,35.368432],[136.768115,35.366902],[136.761875,35.361115],[136.760455,35.359356],[136.759112,35.357195],[136.754887,35.346984],[136.752182,35.340999],[136.750758,35.338079],[136.7501,35.336539],[136.748568,35.333854],[136.747054,35.331439],[136.742254,35.324946],[136.739134,35.320134],[136.736521,35.315952],[136.734449,35.312221],[136.734191,35.31152],[136.732366,35.307639],[136.730517,35.303907],[136.728297,35.299686],[136.725733,35.295614],[136.722293,35.291472],[136.720752,35.289902],[136.719384,35.288752],[136.712602,35.28411],[136.710383,35.282699],[136.707893,35.280088],[136.706204,35.278037],[136.704576,35.275577]]]]}},
  {"type":"Feature","properties":{"name":"瀬戸市","code":"23204"},"geometry":{"type":"MultiPolygon","coordinates":[[[[137.059877,35.246281],[137.060139,35.244804],[137.061393,35.244262],[137.061677,35.243284],[137.062253,35.242516],[137.065153,35.24004],[137.065762,35.238873],[137.065809,35.23654],[137.065139,35.235048],[137.065288,35.234165],[137.064384,35.23369],[137.064004,35.232863],[137.063114,35.232575],[137.0627,35.231622],[137.061798,35.230958],[137.061788,35.229806],[137.060916,35.228708],[137.060234,35.227264],[137.0592,35.225941],[137.057838,35.224951],[137.057651,35.223726],[137.058057,35.222748],[137.057291,35.221842],[137.057703,35.220737],[137.058724,35.218921],[137.058561,35.218269],[137.059983,35.215948],[137.059551,35.215558],[137.059604,35.214496],[137.060804,35.214431],[137.060876,35.21364],[137.061737,35.213316],[137.062596,35.214498],[137.06533,35.215135],[137.065819,35.215763],[137.066795,35.215574],[137.0682,35.214192],[137.06579,35.211878],[137.064894,35.21139],[137.064368,35.210236],[137.063493,35.209388],[137.062709,35.209081],[137.062208,35.208411],[137.059958,35.209101],[137.057013,35.208018],[137.053618,35.20592],[137.052662,35.2052],[137.052199,35.204485],[137.04909,35.202716],[137.049729,35.201648],[137.049621,35.200564],[137.05066,35.198004],[137.048607,35.197415],[137.049829,35.19474],[137.050778,35.193894],[137.053133,35.194058],[137.053139,35.193504],[137.054467,35.192956],[137.054638,35.192646],[137.056607,35.191974],[137.057883,35.191759],[137.059181,35.191102],[137.06048,35.191443],[137.060888,35.192064],[137.061585,35.192429],[137.062913,35.192259],[137.063626,35.192405],[137.064342,35.193095],[137.065865,35.194153],[137.066694,35.195143],[137.067054,35.195893],[137.068675,35.194986],[137.069381,35.19397],[137.070899,35.192807],[137.072181,35.191377],[137.0734,35.190756],[137.074358,35.190496],[137.076011,35.190844],[137.077575,35.189277],[137.078337,35.189675],[137.079659,35.18937],[137.080059,35.188914],[137.080779,35.189319],[137.081566,35.188742],[137.083251,35.18977],[137.084679,35.190059],[137.085181,35.189796],[137.085734,35.188158],[137.087044,35.186861],[137.087381,35.186066],[137.086836,35.184919],[137.087728,35.18332],[137.089194,35.182387],[137.090333,35.182199],[137.090848,35.180957],[137.092116,35.179442],[137.09567,35.179388],[137.096213,35.179518],[137.097027,35.180678],[137.097899,35.180467],[137.098596,35.181369],[137.099328,35.181453],[137.100096,35.180879],[137.100662,35.180867],[137.10133,35.180243],[137.102207,35.17982],[137.104219,35.179418],[137.105302,35.178801],[137.106125,35.179346],[137.106144,35.180884],[137.106496,35.181249],[137.106788,35.182689],[137.107707,35.182793],[137.108513,35.183998],[137.108587,35.185383],[137.109185,35.185718],[137.11254,35.185289],[137.113849,35.185579],[137.115701,35.185138],[137.115919,35.184739],[137.117464,35.184067],[137.119306,35.184508],[137.119786,35.184995],[137.121197,35.185294],[137.122024,35.184768],[137.122922,35.18454],[137.123941,35.183855],[137.124708,35.182714],[137.126056,35.182415],[137.126396,35.182824],[137.127968,35.18343],[137.129374,35.184658],[137.12888,35.186712],[137.129238,35.187397],[137.129384,35.188475],[137.129821,35.18886],[137.130801,35.18886],[137.131984,35.189813],[137.132954,35.19008],[137.134885,35.192032],[137.136554,35.192292],[137.138494,35.191961],[137.139416,35.192119],[137.139921,35.19252],[137.141415,35.192693],[137.143123,35.193614],[137.143316,35.19544],[137.142996,35.196896],[137.143413,35.197337],[137.144568,35.197408],[137.145364,35.198596],[137.14679,35.198241],[137.148197,35.19847],[137.14907,35.1998],[137.150661,35.20054],[137.151709,35.201767],[137.152563,35.201972],[137.153096,35.202798],[137.153019,35.203649],[137.154911,35.203523],[137.155532,35.204034],[137.156347,35.204042],[137.157695,35.204609],[137.158821,35.205923],[137.160073,35.205829],[137.16079,35.206647],[137.163546,35.206049],[137.164109,35.206427],[137.164972,35.206521],[137.165962,35.205939],[137.167272,35.205821],[137.168368,35.20542],[137.169978,35.206656],[137.170124,35.208214],[137.171046,35.208703],[137.172152,35.209969],[137.172666,35.211094],[137.172404,35.21185],[137.173044,35.212724],[137.172472,35.213148],[137.172482,35.214117],[137.172811,35.214974],[137.173617,35.215408],[137.173394,35.217879],[137.173859,35.219201],[137.17481,35.219759],[137.174897,35.220704],[137.175508,35.221412],[137.175955,35.22286],[137.176692,35.223096],[137.177895,35.224324],[137.177924,35.225371],[137.179583,35.226921],[137.180961,35.228527],[137.183668,35.228275],[137.184085,35.228606],[137.184696,35.230566],[137.184241,35.230747],[137.183435,35.231754],[137.181592,35.231754],[137.17968,35.232895],[137.178982,35.233666],[137.178836,35.2345],[137.178138,35.235169],[137.177546,35.236287],[137.177992,35.236515],[137.17871,35.237656],[137.178904,35.238522],[137.17968,35.239427],[137.179777,35.239963],[137.179153,35.241064],[137.179633,35.242064],[137.179724,35.242925],[137.180557,35.243648],[137.180374,35.244463],[137.18131,35.244935],[137.181424,35.245481],[137.182714,35.246009],[137.183433,35.246824],[137.183136,35.247481],[137.183308,35.248861],[137.184152,35.24999],[137.185761,35.250472],[137.186732,35.250564],[137.187348,35.251166],[137.188067,35.251222],[137.189488,35.252569],[137.188353,35.252749],[137.187656,35.253092],[137.186673,35.253056],[137.184472,35.254096],[137.183851,35.25468],[137.183753,35.255599],[137.182065,35.257171],[137.180497,35.258108],[137.179702,35.257869],[137.179114,35.258541],[137.178035,35.259001],[137.176369,35.260396],[137.175618,35.26265],[137.175585,35.264346],[137.175193,35.264673],[137.172982,35.26485],[137.1732,35.265362],[137.174082,35.265645],[137.175552,35.266405],[137.176358,35.267731],[137.177186,35.268252],[137.177109,35.269242],[137.176641,35.270116],[137.175236,35.270797],[137.173875,35.271724],[137.173646,35.272166],[137.173842,35.273881],[137.173047,35.275144],[137.172273,35.275356],[137.171261,35.275153],[137.169943,35.275648],[137.169453,35.276408],[137.16966,35.277919],[137.168331,35.278546],[137.166697,35.280119],[137.166011,35.281621],[137.165455,35.282257],[137.165368,35.283211],[137.163909,35.282787],[137.162645,35.283185],[137.161807,35.281992],[137.160642,35.282354],[137.158932,35.282195],[137.15573,35.280896],[137.155098,35.279968],[137.154096,35.279447],[137.15255,35.279314],[137.150709,35.280418],[137.150567,35.280939],[137.149358,35.281594],[137.148258,35.280692],[137.147202,35.280489],[137.14583,35.279799],[137.14351,35.280842],[137.14327,35.281735],[137.14266,35.282503],[137.142051,35.283891],[137.140613,35.284695],[137.140199,35.285782],[137.138445,35.286577],[137.138162,35.287028],[137.138326,35.287876],[137.137036,35.288619],[137.135265,35.290244],[137.134692,35.290348],[137.133353,35.291779],[137.133403,35.292603],[137.132727,35.292647],[137.131594,35.293628],[137.13081,35.292727],[137.130353,35.292735],[137.129427,35.294317],[137.128708,35.294661],[137.12812,35.294193],[137.127009,35.294405],[137.126432,35.295192],[137.125528,35.295474],[137.124261,35.295452],[137.123542,35.296077],[137.122525,35.295782],[137.121391,35.296359],[137.120175,35.296663],[137.119826,35.29723],[137.118946,35.297901],[137.118208,35.297492],[137.116358,35.297408],[137.115401,35.298646],[137.112852,35.299119],[137.11249,35.298783],[137.109217,35.300147],[137.108738,35.300063],[137.106513,35.300252],[137.105503,35.300451],[137.102334,35.301648],[137.101027,35.301616],[137.101118,35.299769],[137.100755,35.29915],[137.097767,35.297156],[137.097625,35.296484],[137.098013,35.295308],[137.098802,35.293629],[137.098932,35.292528],[137.097961,35.291635],[137.096564,35.291268],[137.096279,35.290701],[137.09747,35.289631],[137.097664,35.289137],[137.096991,35.288665],[137.094688,35.288549],[137.091661,35.287573],[137.08985,35.286125],[137.087858,35.284918],[137.086745,35.282924],[137.085943,35.282231],[137.083705,35.281077],[137.082994,35.280415],[137.08179,35.278936],[137.081467,35.277897],[137.080846,35.274926],[137.080665,35.274475],[137.078285,35.271694],[137.076798,35.270183],[137.074184,35.268304],[137.072813,35.267171],[137.068402,35.263036],[137.067548,35.262469],[137.066643,35.262217],[137.065297,35.262238],[137.063939,35.262699],[137.062179,35.263812],[137.061002,35.265019],[137.059863,35.265018],[137.057198,35.265522],[137.055711,35.265323],[137.055103,35.264934],[137.054249,35.263738],[137.051972,35.261188],[137.050341,35.260229],[137.051599,35.259358],[137.052537,35.258383],[137.053476,35.257826],[137.053579,35.256684],[137.052972,35.256099],[137.053029,35.255264],[137.053567,35.255022],[137.053304,35.254344],[137.053338,35.253379],[137.054065,35.251816],[137.054712,35.25121],[137.054965,35.25042],[137.056981,35.250139],[137.05758,35.250306],[137.058651,35.251311],[137.059379,35.251198],[137.060429,35.249403],[137.06087,35.248169],[137.059877,35.246281]]]]}},
  {"type":"Feature","properties":{"name":"半田市","code":"23205"},"geometry":{"type":"MultiPolygon","coordinates":[[[[136.879788,34.918113],[136.879147,34.917267],[136.878378,34.916908],[136.878673,34.916369],[136.875924,34.914955],[136.87507,34.913973],[136.873446,34.913139],[136.873339,34.912206],[136.872553,34.911827],[136.872056,34.911966],[136.870686,34.910726],[136.869477,34.909831],[136.869214,34.908836],[136.869431,34.907893],[136.868928,34.907054],[136.869502,34.906178],[136.869112,34.905448],[136.867987,34.904636],[136.867775,34.903194],[136.866658,34.902568],[136.866567,34.901914],[136.865721,34.900673],[136.865751,34.900176],[136.867282,34.899582],[136.868101,34.899597],[136.868551,34.899077],[136.868478,34.898443],[136.870223,34.897809],[136.870531,34.897123],[136.873318,34.897566],[136.874021,34.89729],[136.874436,34.897616],[136.876018,34.897235],[136.876901,34.896335],[136.877192,34.894721],[136.876644,34.892993],[136.877128,34.890375],[136.877192,34.888137],[136.876791,34.887345],[136.876229,34.887016],[136.875006,34.883824],[136.874896,34.882945],[136.875263,34.882103],[136.875842,34.88153],[136.876124,34.879117],[136.875688,34.878341],[136.877794,34.878273],[136.878847,34.877906],[136.879616,34.876943],[136.880088,34.877129],[136.881124,34.876441],[136.881366,34.875824],[136.882148,34.875063],[136.882178,34.874626],[136.882973,34.873923],[136.884166,34.873952],[136.884204,34.8735],[136.885738,34.873476],[136.88577,34.873882],[136.888528,34.874097],[136.890691,34.874449],[136.893024,34.874981],[136.894585,34.875037],[136.896712,34.874304],[136.897449,34.873503],[136.89857,34.873221],[136.902411,34.871886],[136.903685,34.871357],[136.905371,34.870904],[136.909266,34.870753],[136.911579,34.870465],[136.911505,34.869743],[136.913273,34.86972],[136.913391,34.869182],[136.914684,34.869075],[136.915192,34.86855],[136.917899,34.868696],[136.919251,34.868592],[136.921772,34.869361],[136.922677,34.870152],[136.923662,34.870019],[136.924349,34.868828],[136.92514,34.867886],[136.926602,34.867676],[136.930583,34.866332],[136.934412,34.864934],[136.940735,34.862775],[136.945784,34.869357],[136.946013,34.874163],[136.940715,34.876327],[136.939424,34.875361],[136.937347,34.873507],[136.934315,34.87468],[136.93582,34.877767],[136.936405,34.878195],[136.939903,34.877281],[136.944161,34.880889],[136.951411,34.877923],[136.95182,34.878585],[136.957834,34.876133],[136.956792,34.871879],[136.958764,34.87108],[136.959783,34.87526],[136.962735,34.874121],[136.964193,34.876521],[136.960181,34.879852],[136.957178,34.88111],[136.958811,34.88416],[136.960162,34.885536],[136.965298,34.893509],[136.968459,34.899707],[136.969309,34.901212],[136.969611,34.902826],[136.971021,34.908026],[136.971701,34.908508],[136.972557,34.911816],[136.968345,34.914663],[136.971022,34.916907],[136.971906,34.916716],[136.972056,34.917239],[136.973163,34.917646],[136.973405,34.918411],[136.973624,34.920369],[136.975238,34.932179],[136.965605,34.932918],[136.966737,34.936297],[136.966265,34.936764],[136.964823,34.937588],[136.962881,34.938925],[136.960469,34.940086],[136.958966,34.939881],[136.958852,34.939069],[136.958313,34.938165],[136.957375,34.937907],[136.956074,34.938214],[136.954827,34.938256],[136.953834,34.938075],[136.952299,34.93882],[136.951189,34.938966],[136.950552,34.940252],[136.950118,34.940721],[136.948439,34.941475],[136.947197,34.941675],[136.946053,34.941604],[136.944281,34.94175],[136.943293,34.940772],[136.941147,34.938961],[136.940916,34.937231],[136.939204,34.937219],[136.938453,34.936243],[136.938338,34.934132],[136.938529,34.932721],[136.937255,34.932308],[136.937079,34.931735],[136.936219,34.931166],[136.935981,34.930699],[136.935501,34.928495],[136.93585,34.927603],[136.937391,34.926698],[136.935601,34.924727],[136.933721,34.923245],[136.93356,34.920744],[136.934229,34.920032],[136.934623,34.918984],[136.933983,34.916179],[136.933184,34.915491],[136.933255,34.915023],[136.935241,34.914252],[136.936634,34.913358],[136.938204,34.911715],[136.936927,34.910466],[136.93263,34.913309],[136.931612,34.912325],[136.930735,34.911866],[136.929681,34.910984],[136.928408,34.910797],[136.927288,34.911571],[136.927076,34.91226],[136.927321,34.913123],[136.926728,34.913518],[136.92497,34.913764],[136.924338,34.913621],[136.922596,34.912254],[136.921574,34.912673],[136.919479,34.913195],[136.917016,34.912443],[136.915709,34.910734],[136.915107,34.910553],[136.913769,34.910779],[136.913494,34.911361],[136.911693,34.911973],[136.910809,34.911701],[136.909663,34.912611],[136.907996,34.91286],[136.906622,34.912804],[136.904918,34.913661],[136.903685,34.913571],[136.90112,34.914122],[136.899322,34.914233],[136.898524,34.913934],[136.896704,34.912801],[136.897182,34.911974],[136.89637,34.911573],[136.895854,34.912236],[136.894853,34.911411],[136.894073,34.911064],[136.892272,34.911256],[136.888916,34.911412],[136.887555,34.910874],[136.88691,34.910959],[136.885956,34.912147],[136.884466,34.912692],[136.882454,34.914816],[136.879788,34.918113]]]]}},
  {"type":"Feature","properties":{"name":"春日井市","code":"23206"},"geometry":{"type":"MultiPolygon","coordinates":[[[[136.936593,35.216147],[136.938656,35.216512],[136.942217,35.21643],[136.944686,35.216168],[136.946667,35.216097],[136.948397,35.216215],[136.951888,35.217016],[136.956227,35.21744],[136.958148,35.217381],[136.960212,35.217051],[136.964126,35.216792],[136.966508,35.216839],[136.967697,35.217088],[136.970303,35.217347],[136.971942,35.217641],[136.97364,35.218431],[136.974913,35.21942],[136.976561,35.221195],[136.977717,35.221937],[136.978695,35.222926],[136.981446,35.225231],[136.982967,35.22595],[136.985832,35.226103],[136.988283,35.226428],[136.989018,35.226717],[136.989639,35.227924],[136.990394,35.229856],[136.990204,35.231901],[136.989567,35.234929],[136.989555,35.236892],[136.989743,35.237905],[136.990557,35.239212],[136.991635,35.240176],[136.993168,35.240859],[136.995892,35.240754],[136.997035,35.240844],[137.001616,35.240622],[137.003597,35.240419],[137.005322,35.240411],[137.006654,35.240709],[137.007423,35.241119],[137.009436,35.242842],[137.010242,35.24377],[137.010772,35.244727],[137.011413,35.248992],[137.012119,35.250692],[137.013644,35.251621],[137.014521,35.251768],[137.017008,35.251856],[137.020141,35.252368],[137.022373,35.253378],[137.023861,35.254322],[137.025439,35.255603],[137.026552,35.256778],[137.029152,35.259003],[137.029864,35.259318],[137.031351,35.259276],[137.034793,35.258604],[137.036966,35.258405],[137.040523,35.258605],[137.0443,35.259004],[137.047716,35.259508],[137.049734,35.259939],[137.050341,35.260229],[137.051972,35.261188],[137.054249,35.263738],[137.055103,35.264934],[137.055711,35.265323],[137.057198,35.265522],[137.059863,35.265018],[137.061002,35.265019],[137.062179,35.263812],[137.063939,35.262699],[137.065297,35.262238],[137.066643,35.262217],[137.067548,35.262469],[137.068402,35.263036],[137.072813,35.267171],[137.074184,35.268304],[137.076798,35.270183],[137.078285,35.271694],[137.080665,35.274475],[137.080846,35.274926],[137.081467,35.277897],[137.08179,35.278936],[137.082994,35.280415],[137.083705,35.281077],[137.085943,35.282231],[137.086745,35.282924],[137.087858,35.284918],[137.08985,35.286125],[137.091661,35.287573],[137.094688,35.288549],[137.096991,35.288665],[137.097664,35.289137],[137.09747,35.289631],[137.096279,35.290701],[137.095154,35.290649],[137.093873,35.291131],[137.092087,35.292769],[137.09016,35.292422],[137.085994,35.292401],[137.085218,35.292558],[137.084144,35.292296],[137.081311,35.292191],[137.081078,35.292485],[137.080987,35.294258],[137.081116,35.295035],[137.079784,35.2962],[137.080418,35.296756],[137.080728,35.297743],[137.081207,35.298246],[137.08144,35.300094],[137.080418,35.301196],[137.080521,35.302256],[137.080159,35.303232],[137.080754,35.303704],[137.081116,35.304449],[137.081841,35.305121],[137.079784,35.306779],[137.077623,35.307062],[137.07655,35.306422],[137.074945,35.306338],[137.073639,35.3068],[137.072164,35.306653],[137.071116,35.307985],[137.069059,35.308731],[137.067675,35.308752],[137.06677,35.308972],[137.066847,35.310787],[137.06717,35.311501],[137.066951,35.311984],[137.065967,35.312855],[137.065605,35.314261],[137.064803,35.31615],[137.063522,35.318197],[137.064078,35.320663],[137.065152,35.321115],[137.066498,35.322605],[137.068994,35.324242],[137.069589,35.324788],[137.072694,35.325806],[137.072979,35.326457],[137.072591,35.327716],[137.072021,35.328441],[137.071375,35.330718],[137.070094,35.330991],[137.069771,35.332345],[137.068606,35.333646],[137.068218,35.335682],[137.067157,35.335797],[137.066187,35.336207],[137.063755,35.336186],[137.063758,35.337474],[137.06339,35.33824],[137.061757,35.339031],[137.061053,35.339109],[137.059597,35.338668],[137.058396,35.338707],[137.057404,35.338473],[137.055259,35.337512],[137.054879,35.336546],[137.05409,35.336081],[137.052536,35.336634],[137.05171,35.335975],[137.050894,35.335744],[137.049899,35.334369],[137.04898,35.334663],[137.047867,35.335429],[137.047647,35.33629],[137.047132,35.336902],[137.047321,35.337649],[137.046311,35.339541],[137.046229,35.339442],[137.045373,35.338237],[137.04526,35.336879],[137.044677,35.336688],[137.043511,35.33694],[137.043159,35.335931],[137.041621,35.333561],[137.040959,35.331694],[137.041452,35.331205],[137.040084,35.330082],[137.038887,35.329999],[137.036212,35.329551],[137.034632,35.328814],[137.031549,35.32665],[137.030165,35.326099],[137.028941,35.325906],[137.027574,35.324996],[137.026835,35.325051],[137.025519,35.324693],[137.024822,35.324982],[137.02376,35.323673],[137.021417,35.321406],[137.021052,35.321172],[137.01948,35.321027],[137.019293,35.320125],[137.01976,35.319759],[137.019863,35.318485],[137.018529,35.317341],[137.01852,35.317086],[137.01993,35.315769],[137.020296,35.314985],[137.020016,35.314062],[137.019565,35.313869],[137.01824,35.313938],[137.017586,35.313373],[137.01717,35.311443],[137.016474,35.310734],[137.017654,35.309335],[137.017476,35.308205],[137.017663,35.306297],[137.018283,35.305945],[137.018079,35.304822],[137.016389,35.305243],[137.014453,35.30496],[137.013162,35.304354],[137.013739,35.303919],[137.013578,35.303465],[137.012627,35.303671],[137.014648,35.302073],[137.01481,35.302479],[137.01396,35.303038],[137.013994,35.30363],[137.015056,35.303761],[137.015396,35.303168],[137.015243,35.302128],[137.014156,35.301088],[137.012355,35.3023],[137.012109,35.30168],[137.01385,35.30075],[137.013774,35.30004],[137.009782,35.301259],[137.00855,35.301894],[137.007769,35.301018],[137.009612,35.300688],[137.009994,35.300226],[137.010903,35.300309],[137.0112,35.299703],[137.011956,35.300144],[137.012721,35.299958],[137.014181,35.298931],[137.013791,35.298035],[137.013264,35.297656],[137.013341,35.296285],[137.013613,35.295445],[137.013621,35.293281],[137.013018,35.293143],[137.011481,35.290697],[137.010632,35.290366],[137.010853,35.289671],[137.010386,35.287431],[137.010683,35.286853],[137.012365,35.285461],[137.012484,35.284655],[137.010046,35.286577],[137.009179,35.287562],[137.00867,35.287356],[137.009307,35.286178],[137.008916,35.285716],[137.008347,35.287142],[137.00777,35.287238],[137.007651,35.286288],[137.005799,35.286356],[137.005783,35.285536],[137.006165,35.284661],[137.005681,35.284365],[137.005128,35.284978],[137.004738,35.286136],[137.003778,35.287149],[137.002844,35.286907],[137.003727,35.285888],[137.003141,35.285481],[137.001672,35.285454],[137.000627,35.284999],[137.000601,35.284599],[136.999616,35.284496],[136.999574,35.283579],[136.997943,35.283821],[136.996326,35.283623],[136.994117,35.282388],[136.992544,35.281928],[136.992024,35.282161],[136.99002,35.281315],[136.9894,35.280608],[136.988638,35.280554],[136.988097,35.279927],[136.987435,35.280716],[136.986651,35.282278],[136.985694,35.282569],[136.983628,35.281861],[136.983166,35.281948],[136.981094,35.281486],[136.980458,35.281474],[136.979389,35.282031],[136.979222,35.282533],[136.979405,35.283892],[136.980021,35.284565],[136.978444,35.285093],[136.977855,35.284308],[136.975929,35.284453],[136.972826,35.285251],[136.971571,35.285934],[136.970425,35.287312],[136.968105,35.289133],[136.964996,35.287403],[136.965114,35.287095],[136.966793,35.286312],[136.965466,35.284153],[136.963524,35.283953],[136.961037,35.283185],[136.960423,35.282381],[136.959372,35.282147],[136.960372,35.280868],[136.959003,35.280677],[136.956982,35.280973],[136.956742,35.281385],[136.954799,35.282],[136.954118,35.282924],[136.953936,35.283749],[136.9482,35.28553],[136.944798,35.286789],[136.943041,35.287268],[136.941679,35.286218],[136.94256,35.286033],[136.942895,35.285543],[136.942664,35.284942],[136.943281,35.28418],[136.943497,35.283484],[136.944275,35.28284],[136.943176,35.282302],[136.943425,35.281415],[136.944457,35.280931],[136.945143,35.278332],[136.946053,35.278078],[136.945931,35.277511],[136.944898,35.276907],[136.944253,35.276832],[136.943838,35.277454],[136.94218,35.277496],[136.940962,35.277338],[136.941436,35.276372],[136.941021,35.275691],[136.940013,35.275461],[136.939199,35.274861],[136.935508,35.274481],[136.934443,35.273882],[136.933516,35.273779],[136.932202,35.273941],[136.931174,35.273379],[136.930937,35.272138],[136.930703,35.269352],[136.930437,35.268769],[136.930647,35.268092],[136.930759,35.266047],[136.930594,35.26563],[136.930993,35.264666],[136.930579,35.263859],[136.932039,35.263249],[136.933533,35.261826],[136.934504,35.261684],[136.934891,35.260969],[136.933422,35.260313],[136.933199,35.259015],[136.932447,35.258319],[136.932591,35.257581],[136.932173,35.256542],[136.931235,35.256234],[136.931499,35.255636],[136.930936,35.255264],[136.930436,35.255903],[136.931029,35.256689],[136.930808,35.257318],[136.930051,35.257471],[136.929408,35.256508],[136.928398,35.256144],[136.928057,35.25526],[136.929776,35.25337],[136.930884,35.252769],[136.931334,35.250262],[136.931072,35.2495],[136.932163,35.249436],[136.931838,35.248469],[136.930724,35.247976],[136.93037,35.246631],[136.931511,35.24658],[136.926801,35.242569],[136.926523,35.24214],[136.927419,35.241784],[136.928174,35.243345],[136.928601,35.243197],[136.929932,35.243668],[136.930001,35.242008],[136.929499,35.236423],[136.929079,35.233084],[136.927421,35.232922],[136.926633,35.232396],[136.926476,35.231371],[136.92552,35.231084],[136.925134,35.229331],[136.926108,35.229266],[136.926266,35.228553],[136.927316,35.229159],[136.929201,35.229447],[136.928006,35.228599],[136.928124,35.227863],[136.928721,35.227664],[136.928655,35.226956],[136.927447,35.226832],[136.927785,35.226063],[136.928552,35.225692],[136.928257,35.224726],[136.929129,35.224674],[136.929318,35.225357],[136.930521,35.224969],[136.930969,35.224273],[136.930418,35.223103],[136.931686,35.22301],[136.932798,35.223409],[136.934072,35.223562],[136.935411,35.224155],[136.935517,35.223519],[136.937604,35.224026],[136.938288,35.223767],[136.939833,35.224249],[136.939903,35.221929],[136.939375,35.220223],[136.938125,35.218514],[136.936321,35.217019],[136.936593,35.216147]]]]}},
  {"type":"Feature","properties":{"name":"豊川市","code":"23207"},"geometry":{"type":"MultiPolygon","coordinates":[[[[137.461324,34.858732],[137.460591,34.859067],[137.459911,34.860005],[137.458869,34.860888],[137.457937,34.861209],[137.45694,34.862024],[137.453856,34.861551],[137.453533,34.861858],[137.453257,34.863108],[137.452652,34.863969],[137.453552,34.864445],[137.453058,34.865126],[137.454406,34.86597],[137.453443,34.867203],[137.454033,34.867503],[137.453628,34.868087],[137.455196,34.8684],[137.454974,34.869194],[137.459929,34.871018],[137.460121,34.871345],[137.458543,34.873499],[137.457669,34.87427],[137.456993,34.875782],[137.456048,34.878456],[137.455884,34.879402],[137.454899,34.880367],[137.454533,34.881226],[137.453573,34.88143],[137.453601,34.882201],[137.451878,34.88323],[137.45112,34.883046],[137.450121,34.88456],[137.4492,34.885494],[137.448672,34.88647],[137.448622,34.887065],[137.446263,34.889686],[137.445535,34.889734],[137.444494,34.890388],[137.444351,34.89098],[137.443677,34.891376],[137.443298,34.892148],[137.443512,34.892921],[137.443185,34.89447],[137.443323,34.895346],[137.442935,34.896311],[137.441604,34.896834],[137.439037,34.896919],[137.438413,34.897234],[137.436404,34.897064],[137.435368,34.898014],[137.43462,34.898078],[137.433927,34.898626],[137.432468,34.898855],[137.431171,34.899711],[137.429984,34.899968],[137.428693,34.899751],[137.428155,34.90041],[137.426497,34.901489],[137.425405,34.902628],[137.423722,34.903104],[137.423038,34.903541],[137.422534,34.904353],[137.421699,34.90626],[137.422312,34.907947],[137.421746,34.908956],[137.420546,34.909746],[137.418979,34.908842],[137.417723,34.907939],[137.415914,34.908218],[137.413941,34.907223],[137.413493,34.907312],[137.412827,34.908067],[137.411943,34.908514],[137.411646,34.907312],[137.409994,34.906448],[137.409179,34.905848],[137.408599,34.905825],[137.407714,34.905199],[137.407314,34.904422],[137.406614,34.903861],[137.405208,34.903724],[137.403244,34.902582],[137.403661,34.902101],[137.403848,34.899204],[137.404106,34.898389],[137.403736,34.897727],[137.403116,34.895862],[137.404504,34.894044],[137.40295,34.892866],[137.401585,34.892422],[137.401023,34.890843],[137.399508,34.890104],[137.398849,34.888568],[137.39831,34.888077],[137.397995,34.887009],[137.39821,34.885975],[137.398033,34.884956],[137.396475,34.88395],[137.394012,34.883338],[137.393078,34.883865],[137.390646,34.884379],[137.388511,34.886953],[137.38747,34.887247],[137.386683,34.887062],[137.385005,34.887059],[137.382924,34.887474],[137.382286,34.887893],[137.381723,34.889071],[137.380739,34.890639],[137.380489,34.891999],[137.379515,34.892645],[137.378734,34.892669],[137.377229,34.893447],[137.375421,34.893729],[137.374433,34.89318],[137.373619,34.89145],[137.372676,34.891454],[137.371697,34.891182],[137.370133,34.889767],[137.368345,34.889989],[137.366811,34.889578],[137.366095,34.889007],[137.363953,34.887881],[137.363384,34.88712],[137.362447,34.887128],[137.361524,34.886537],[137.360946,34.885768],[137.360212,34.886591],[137.36003,34.887332],[137.359094,34.888414],[137.359314,34.889687],[137.358506,34.89117],[137.35672,34.890839],[137.354616,34.890915],[137.353493,34.891313],[137.352452,34.891228],[137.35209,34.891596],[137.35284,34.893356],[137.352414,34.894391],[137.352611,34.89587],[137.351208,34.896617],[137.351032,34.897749],[137.350026,34.898282],[137.349246,34.898014],[137.347602,34.896987],[137.347379,34.89656],[137.346563,34.896382],[137.345866,34.895331],[137.344846,34.895079],[137.344269,34.894503],[137.343713,34.894562],[137.342701,34.893802],[137.341268,34.893335],[137.340153,34.89398],[137.337002,34.894093],[137.336473,34.893443],[137.336836,34.892878],[137.335572,34.891102],[137.334304,34.890589],[137.333191,34.889411],[137.33276,34.888408],[137.332053,34.889046],[137.33103,34.888476],[137.330103,34.887481],[137.329359,34.887541],[137.327803,34.888731],[137.326208,34.888291],[137.325489,34.888617],[137.323231,34.888255],[137.322496,34.8873],[137.321282,34.886884],[137.320553,34.886217],[137.319729,34.886206],[137.318098,34.88567],[137.3173,34.885187],[137.3161,34.885078],[137.314538,34.884101],[137.314432,34.883453],[137.312829,34.883821],[137.311665,34.883155],[137.311705,34.882616],[137.31022,34.881268],[137.308724,34.881336],[137.30813,34.88092],[137.306946,34.880535],[137.306376,34.880113],[137.304914,34.879975],[137.30396,34.878707],[137.303474,34.87774],[137.301896,34.878777],[137.301065,34.879739],[137.301091,34.881131],[137.300113,34.882741],[137.299368,34.883164],[137.298767,34.884305],[137.297572,34.884837],[137.297416,34.88585],[137.296843,34.886287],[137.295256,34.885664],[137.294686,34.885664],[137.294074,34.884911],[137.293338,34.884879],[137.292844,34.884483],[137.29255,34.882952],[137.291453,34.882359],[137.289592,34.88223],[137.288359,34.881631],[137.287222,34.881886],[137.285985,34.881619],[137.283155,34.880775],[137.282248,34.880795],[137.280863,34.881132],[137.27852,34.881341],[137.278146,34.881782],[137.276589,34.882366],[137.275338,34.884055],[137.274352,34.885029],[137.273603,34.884707],[137.272034,34.885009],[137.270809,34.884806],[137.270008,34.885337],[137.268274,34.885251],[137.267813,34.884807],[137.265906,34.884307],[137.264988,34.883253],[137.26461,34.883368],[137.263647,34.882139],[137.263061,34.881771],[137.26356,34.879675],[137.262787,34.878119],[137.262903,34.877662],[137.262745,34.875556],[137.262051,34.874284],[137.260376,34.873796],[137.258638,34.872046],[137.258654,34.870895],[137.256157,34.869319],[137.256167,34.867712],[137.257938,34.86502],[137.257921,34.863707],[137.25725,34.862714],[137.256943,34.861235],[137.25635,34.860979],[137.256931,34.860732],[137.256959,34.858645],[137.256331,34.857631],[137.256609,34.856427],[137.256531,34.855824],[137.257098,34.854875],[137.257923,34.852825],[137.257709,34.851892],[137.258092,34.851287],[137.258328,34.850118],[137.259314,34.848831],[137.259875,34.848464],[137.25987,34.84684],[137.260442,34.846616],[137.260438,34.846042],[137.261618,34.84547],[137.262887,34.844509],[137.26347,34.84359],[137.26329,34.843169],[137.263724,34.842061],[137.263652,34.841553],[137.264709,34.840637],[137.265335,34.839401],[137.265395,34.838778],[137.26692,34.838157],[137.267935,34.837982],[137.269514,34.838103],[137.269823,34.837286],[137.271749,34.835688],[137.274643,34.833976],[137.275377,34.834646],[137.277503,34.835352],[137.278023,34.835161],[137.279237,34.835448],[137.280347,34.835094],[137.282223,34.835383],[137.283562,34.835246],[137.28479,34.834903],[137.286595,34.834882],[137.287083,34.833841],[137.28769,34.833409],[137.291639,34.833065],[137.292722,34.833225],[137.293056,34.833866],[137.294539,34.833766],[137.295577,34.833316],[137.296361,34.832117],[137.297059,34.831942],[137.297511,34.831083],[137.297872,34.829671],[137.300056,34.827984],[137.300051,34.827117],[137.300848,34.826981],[137.301657,34.826491],[137.301762,34.825321],[137.300879,34.824309],[137.299959,34.824019],[137.299088,34.824093],[137.298243,34.823143],[137.297361,34.824415],[137.296582,34.824588],[137.296111,34.824011],[137.295326,34.824221],[137.293905,34.825109],[137.292014,34.824833],[137.290659,34.82446],[137.289326,34.823899],[137.289954,34.822975],[137.291456,34.821386],[137.291945,34.820439],[137.292976,34.8195],[137.293558,34.817631],[137.293455,34.816078],[137.294999,34.815589],[137.295232,34.814618],[137.296466,34.813627],[137.297776,34.813162],[137.298031,34.812484],[137.298018,34.810675],[137.299196,34.810288],[137.299805,34.810395],[137.301233,34.810131],[137.302998,34.809198],[137.304388,34.807989],[137.305318,34.807433],[137.307978,34.806743],[137.309355,34.805792],[137.310664,34.804686],[137.312223,34.8027],[137.312832,34.801607],[137.313448,34.80092],[137.31403,34.800924],[137.315528,34.798943],[137.315962,34.797673],[137.316667,34.797664],[137.316724,34.7965],[137.315552,34.796434],[137.303328,34.792939],[137.306454,34.784483],[137.314514,34.786393],[137.314136,34.787514],[137.314739,34.788177],[137.31752,34.78877],[137.318972,34.788805],[137.320132,34.788542],[137.322668,34.787428],[137.324108,34.789565],[137.32452,34.790473],[137.324308,34.791949],[137.325003,34.792977],[137.32922,34.796604],[137.330866,34.797292],[137.331332,34.796527],[137.330819,34.795692],[137.330829,34.794689],[137.331208,34.79422],[137.332293,34.794413],[137.331929,34.793124],[137.331475,34.792359],[137.330302,34.791029],[137.329971,34.789838],[137.330622,34.789633],[137.33313,34.789992],[137.333617,34.78911],[137.336681,34.788736],[137.337618,34.787054],[137.339154,34.786395],[137.341068,34.786367],[137.341658,34.786578],[137.342164,34.787707],[137.342162,34.788669],[137.343268,34.789295],[137.345333,34.789706],[137.346201,34.790093],[137.347906,34.791276],[137.348396,34.792029],[137.34935,34.792742],[137.350738,34.793363],[137.350633,34.792372],[137.349454,34.790739],[137.34934,34.789811],[137.349517,34.788676],[137.349214,34.787503],[137.349748,34.786309],[137.347838,34.785352],[137.346849,34.784639],[137.348949,34.784187],[137.349716,34.784527],[137.357201,34.788409],[137.357467,34.788853],[137.358298,34.78919],[137.359968,34.789335],[137.362184,34.790283],[137.363269,34.790862],[137.363724,34.791591],[137.364914,34.791538],[137.364423,34.790721],[137.365258,34.789521],[137.366034,34.789616],[137.367315,34.79058],[137.367848,34.790387],[137.369745,34.790833],[137.370349,34.790323],[137.370953,34.790662],[137.37326,34.791108],[137.376583,34.792182],[137.377594,34.792942],[137.380965,34.795198],[137.380567,34.796107],[137.381392,34.79666],[137.380847,34.797238],[137.385403,34.800249],[137.38658,34.800754],[137.38807,34.799021],[137.389206,34.798403],[137.390552,34.798837],[137.391058,34.797525],[137.391448,34.797959],[137.393533,34.798011],[137.393752,34.797018],[137.394797,34.796703],[137.397208,34.79681],[137.398091,34.796394],[137.399061,34.797216],[137.400082,34.797726],[137.402379,34.797544],[137.403561,34.795032],[137.404747,34.793209],[137.407024,34.793365],[137.407628,34.792638],[137.407206,34.792207],[137.408497,34.791421],[137.408283,34.790723],[137.409346,34.790591],[137.408464,34.792899],[137.407081,34.794834],[137.404635,34.797233],[137.403254,34.799484],[137.402825,34.800817],[137.402848,34.801998],[137.403652,34.803586],[137.404902,34.804402],[137.411209,34.806008],[137.412546,34.806426],[137.414315,34.807274],[137.417152,34.808427],[137.418356,34.809062],[137.419747,34.810357],[137.420739,34.810779],[137.42207,34.810786],[137.425201,34.810459],[137.429381,34.809742],[137.430301,34.809173],[137.431473,34.809769],[137.432901,34.811917],[137.432953,34.813358],[137.432793,34.813909],[137.433074,34.815619],[137.435411,34.815534],[137.435827,34.815184],[137.437544,34.816027],[137.438587,34.815589],[137.438918,34.816056],[137.438608,34.817504],[137.440015,34.818235],[137.438626,34.819956],[137.438421,34.821048],[137.439367,34.82147],[137.43971,34.82253],[137.441456,34.822725],[137.442768,34.824395],[137.438583,34.826728],[137.437276,34.827668],[137.435842,34.827719],[137.432285,34.826291],[137.430605,34.824863],[137.429674,34.826378],[137.429203,34.828034],[137.428771,34.828531],[137.427656,34.830402],[137.426688,34.832701],[137.426108,34.833667],[137.424953,34.835123],[137.423103,34.838475],[137.42287,34.839628],[137.423537,34.841398],[137.42436,34.842261],[137.42588,34.842918],[137.429155,34.843423],[137.431036,34.842906],[137.432502,34.842939],[137.433605,34.843162],[137.435491,34.843826],[137.436892,34.844617],[137.437527,34.845229],[137.438181,34.846589],[137.438336,34.84744],[137.440338,34.847134],[137.440777,34.846493],[137.442685,34.845608],[137.444449,34.845074],[137.446061,34.844256],[137.448728,34.845064],[137.450318,34.846033],[137.451318,34.84612],[137.454192,34.846862],[137.455816,34.847606],[137.456677,34.848345],[137.457326,34.849517],[137.459045,34.85106],[137.460022,34.852151],[137.460589,34.853056],[137.460829,34.853982],[137.460441,34.855834],[137.461101,34.856716],[137.461352,34.857449],[137.461324,34.858732]]],[[[137.299827,34.802362],[137.301382,34.798214],[137.301544,34.798058],[137.304117,34.798704],[137.304597,34.79741],[137.311374,34.799064],[137.310773,34.801544],[137.30804,34.805075],[137.306559,34.806071],[137.304729,34.806733],[137.300821,34.809625],[137.300326,34.809681],[137.299268,34.803949],[137.299827,34.802362]]]]}},
  {"type":"Feature","properties":{"name":"津島市","code":"23208"},"geometry":{"type":"MultiPolygon","coordinates":[[[[136.763563,35.199717],[136.76301,35.199598],[136.762294,35.198309],[136.761834,35.197092],[136.761792,35.196236],[136.761188,35.194518],[136.75724,35.194278],[136.757063,35.191821],[136.757464,35.191549],[136.758936,35.191447],[136.758544,35.190392],[136.759067,35.19024],[136.757192,35.188031],[136.757741,35.188022],[136.757826,35.186474],[136.75603,35.186525],[136.755457,35.185671],[136.75402,35.18585],[136.754316,35.183881],[136.753898,35.18088],[136.754061,35.178981],[136.752588,35.178292],[136.751558,35.178037],[136.750924,35.177241],[136.74791,35.176875],[136.747876,35.177758],[136.746911,35.179494],[136.746604,35.180352],[136.746495,35.181563],[136.743358,35.181795],[136.742779,35.180522],[136.741756,35.180496],[136.741071,35.181256],[136.739134,35.181163],[136.73781,35.181298],[136.737895,35.182337],[136.739435,35.183669],[136.739531,35.184802],[136.739257,35.18599],[136.739434,35.186626],[136.738794,35.187623],[136.737755,35.188226],[136.734593,35.188828],[136.734268,35.185087],[136.733863,35.183699],[136.732421,35.184139],[136.730229,35.184111],[136.729952,35.184285],[136.730075,35.185855],[136.730556,35.188366],[136.731162,35.188905],[136.731569,35.189791],[136.730948,35.190061],[136.730513,35.189349],[136.728993,35.189873],[136.728305,35.189464],[136.727336,35.188424],[136.726854,35.188478],[136.725971,35.187872],[136.724738,35.187527],[136.723295,35.185876],[136.722756,35.18554],[136.722276,35.186005],[136.721204,35.187678],[136.720261,35.188509],[136.717591,35.18913],[136.716308,35.189179],[136.716386,35.188539],[136.714628,35.188076],[136.713585,35.188474],[136.71297,35.188125],[136.711658,35.189112],[136.709017,35.189471],[136.707055,35.179126],[136.708134,35.176641],[136.707681,35.176411],[136.709669,35.171633],[136.709316,35.171157],[136.711219,35.166643],[136.709654,35.167231],[136.70997,35.163753],[136.712762,35.164626],[136.712707,35.165307],[136.714498,35.16538],[136.714807,35.164924],[136.716159,35.163903],[136.717381,35.165484],[136.717052,35.166328],[136.717669,35.166857],[136.718388,35.166429],[136.720924,35.166091],[136.721033,35.166813],[136.724272,35.16646],[136.724743,35.167172],[136.725536,35.166937],[136.726346,35.167127],[136.72681,35.168388],[136.727689,35.168209],[136.731693,35.166964],[136.732354,35.166673],[136.732211,35.165613],[136.732955,35.164844],[136.734438,35.164579],[136.734656,35.164329],[136.737699,35.164028],[136.737913,35.162425],[136.739364,35.162252],[136.740932,35.161768],[136.740727,35.160582],[136.741737,35.160042],[136.741792,35.159494],[136.742657,35.159303],[136.742495,35.158809],[136.743298,35.158613],[136.743892,35.15895],[136.745016,35.158855],[136.745726,35.158303],[136.745637,35.157492],[136.746209,35.156905],[136.74666,35.155559],[136.749418,35.154655],[136.749361,35.153716],[136.750227,35.151578],[136.750404,35.150336],[136.751202,35.150384],[136.751445,35.149692],[136.752343,35.149462],[136.75241,35.148752],[136.753702,35.148727],[136.754249,35.147589],[136.753903,35.147323],[136.755089,35.144817],[136.758006,35.145585],[136.758764,35.143954],[136.758721,35.143566],[136.757726,35.14319],[136.757596,35.142429],[136.758042,35.141494],[136.757377,35.14128],[136.758035,35.139699],[136.757623,35.139564],[136.758255,35.138279],[136.757926,35.13815],[136.758476,35.136999],[136.759212,35.13634],[136.759758,35.133596],[136.761949,35.133829],[136.762705,35.132737],[136.76408,35.133182],[136.766999,35.134727],[136.768103,35.136108],[136.769614,35.136417],[136.770932,35.136859],[136.771113,35.137678],[136.772695,35.138267],[136.772811,35.138518],[136.772476,35.140849],[136.77143,35.142373],[136.770349,35.142928],[136.769794,35.143528],[136.769658,35.144658],[136.769923,35.145809],[136.770891,35.147584],[136.77073,35.147836],[136.772616,35.14905],[136.774537,35.150626],[136.774599,35.149768],[136.775083,35.149252],[136.775982,35.148992],[136.778176,35.149165],[136.779563,35.149426],[136.781008,35.149451],[136.782181,35.149739],[136.782747,35.151099],[136.784031,35.152351],[136.784333,35.15362],[136.783865,35.154448],[136.785086,35.155448],[136.784657,35.156292],[136.784539,35.157378],[136.784673,35.157627],[136.786468,35.158671],[136.786191,35.160345],[136.782867,35.160647],[136.783066,35.162905],[136.783581,35.162866],[136.784175,35.166233],[136.784356,35.166443],[136.786304,35.166256],[136.786753,35.168159],[136.786101,35.168284],[136.786,35.168837],[136.78659,35.170693],[136.786624,35.172216],[136.779993,35.172294],[136.779942,35.173799],[136.7802,35.174834],[136.780103,35.181261],[136.779583,35.181448],[136.779813,35.182417],[136.778459,35.182443],[136.778962,35.183038],[136.779417,35.184407],[136.776201,35.184421],[136.776229,35.188828],[136.776343,35.19033],[136.774199,35.190391],[136.774309,35.192533],[136.772717,35.192924],[136.772743,35.194064],[136.773355,35.194208],[136.773352,35.195643],[136.772816,35.195941],[136.772816,35.19714],[136.771868,35.197106],[136.771931,35.198091],[136.770651,35.198439],[136.768183,35.198772],[136.766724,35.199193],[136.764516,35.199462],[136.763563,35.199717]]]]}},
  {"type":"Feature","properties":{"name":"碧南市","code":"23209"},"geometry":{"type":"MultiPolygon","coordinates":[[[[136.977616,34.907336],[136.97745,34.899088],[136.976917,34.899089],[136.976897,34.897751],[136.977418,34.89774],[136.977352,34.894609],[136.979564,34.894578],[136.979706,34.897076],[136.980356,34.897205],[136.983068,34.897029],[136.9829,34.895239],[136.983993,34.895186],[136.983834,34.893261],[136.976799,34.893304],[136.970607,34.877478],[136.97096,34.877143],[136.97224,34.876843],[136.976248,34.875285],[136.974858,34.872832],[136.971138,34.874262],[136.96807,34.874883],[136.966698,34.872615],[136.968605,34.871726],[136.95529,34.854841],[136.956578,34.853553],[136.957109,34.853327],[136.960375,34.853096],[136.960392,34.853286],[136.964658,34.852986],[136.965043,34.852233],[136.963826,34.851849],[136.964213,34.850263],[136.96378,34.85022],[136.955467,34.850142],[136.954218,34.848332],[136.955622,34.840005],[136.957526,34.837115],[136.9562,34.836522],[136.956744,34.83329],[136.958466,34.830893],[136.959109,34.830937],[136.959482,34.830399],[136.959374,34.829766],[136.964418,34.822757],[136.966457,34.822757],[136.970743,34.82068],[136.975495,34.828137],[136.981878,34.838252],[136.984256,34.841946],[136.992021,34.853739],[136.994901,34.8582],[136.997145,34.861792],[136.997952,34.863369],[136.999584,34.865839],[137.002139,34.868719],[137.003744,34.869938],[137.007111,34.872118],[137.010171,34.873597],[137.013073,34.874624],[137.014345,34.875221],[137.016724,34.876007],[137.019392,34.877154],[137.020792,34.877913],[137.024735,34.881084],[137.025556,34.881542],[137.028515,34.883519],[137.030731,34.884818],[137.032694,34.885807],[137.034904,34.886634],[137.037409,34.887136],[137.040367,34.887059],[137.040611,34.888639],[137.041674,34.889588],[137.037511,34.889985],[137.036558,34.890162],[137.032413,34.889525],[137.028694,34.888117],[137.027744,34.889712],[137.028135,34.890698],[137.025736,34.892264],[137.025265,34.891808],[137.023404,34.893205],[137.023794,34.893686],[137.02222,34.894516],[137.01913,34.893645],[137.018866,34.894242],[137.017626,34.893953],[137.016343,34.894328],[137.015395,34.894954],[137.014879,34.89572],[137.014659,34.89694],[137.014878,34.89783],[137.015613,34.899238],[137.015895,34.900141],[137.015731,34.901166],[137.015003,34.902828],[137.01332,34.904924],[137.014338,34.906367],[137.015519,34.907701],[137.017054,34.909031],[137.018824,34.911227],[137.019696,34.911821],[137.021847,34.912668],[137.024273,34.914139],[137.02773,34.917171],[137.02698,34.91777],[137.029299,34.919703],[137.030068,34.919039],[137.031757,34.9197],[137.034862,34.921197],[137.035128,34.921587],[137.036052,34.926232],[137.034278,34.926873],[137.032539,34.927662],[137.034581,34.929133],[137.033933,34.929705],[137.033341,34.930621],[137.033178,34.933135],[137.033683,34.933732],[137.032323,34.936479],[137.031817,34.937186],[137.02975,34.935496],[137.027469,34.933898],[137.025544,34.932922],[137.024212,34.931735],[137.020863,34.929162],[137.016406,34.926467],[137.013379,34.92404],[137.010656,34.922114],[137.009267,34.920789],[137.006823,34.918803],[137.005095,34.917135],[137.002982,34.915552],[137.001594,34.914662],[137.000175,34.915826],[136.99849,34.916515],[136.997884,34.915653],[136.997306,34.915407],[136.996578,34.914601],[136.994831,34.913828],[136.991256,34.911853],[136.990836,34.911521],[136.988835,34.910823],[136.985435,34.909173],[136.985497,34.908551],[136.98349,34.907816],[136.983138,34.907529],[136.981839,34.907592],[136.98127,34.907391],[136.977616,34.907336]]],[[[136.95,34.822776],[136.957254,34.827453],[136.954892,34.830489],[136.946017,34.824845],[136.945563,34.820022],[136.95,34.822776]]]]}},
  {"type":"Feature","properties":{"name":"刈谷市","code":"23210"},"geometry":{"type":"MultiPolygon","coordinates":[[[[136.983263,34.955994],[136.991547,34.957587],[136.992091,34.957525],[136.992696,34.956418],[136.993527,34.956156],[136.99513,34.955951],[136.99667,34.954911],[136.997498,34.955214],[137.000011,34.954292],[136.999967,34.953844],[137.000789,34.952963],[137.000284,34.951823],[137.00323,34.950564],[137.006404,34.948248],[137.006944,34.948737],[137.007766,34.948327],[137.009274,34.948556],[137.010057,34.947318],[137.010522,34.94739],[137.01249,34.948241],[137.013302,34.948963],[137.014748,34.950783],[137.015849,34.95153],[137.017315,34.952075],[137.017071,34.952493],[137.01836,34.952906],[137.022678,34.955679],[137.023635,34.956661],[137.027604,34.959082],[137.0284,34.95929],[137.029268,34.960337],[137.030159,34.959328],[137.031779,34.959201],[137.031768,34.962768],[137.035825,34.962837],[137.042463,34.959072],[137.042109,34.95771],[137.043186,34.95692],[137.044926,34.958169],[137.044225,34.958889],[137.044533,34.959185],[137.04684,34.960516],[137.044923,34.963124],[137.043364,34.96242],[137.04308,34.962816],[137.044483,34.963638],[137.043979,34.964377],[137.043466,34.966049],[137.041871,34.966754],[137.042632,34.967084],[137.042544,34.968347],[137.043414,34.968959],[137.042544,34.96992],[137.042783,34.970287],[137.043941,34.97037],[137.044048,34.971411],[137.045886,34.971498],[137.046366,34.972546],[137.047501,34.972076],[137.048018,34.972873],[137.048199,34.973762],[137.046865,34.974813],[137.04685,34.975483],[137.046335,34.976507],[137.044795,34.977208],[137.044968,34.977783],[137.044148,34.978393],[137.044797,34.979489],[137.043557,34.979704],[137.044204,34.980716],[137.045829,34.98062],[137.0439,34.981237],[137.042273,34.982321],[137.042594,34.982707],[137.040926,34.983723],[137.040303,34.983361],[137.039301,34.984207],[137.037858,34.984773],[137.038256,34.985317],[137.034308,34.986462],[137.034122,34.985891],[137.031042,34.986201],[137.029516,34.985726],[137.026751,34.986839],[137.025509,34.987094],[137.024568,34.987021],[137.024014,34.98657],[137.022958,34.986349],[137.021735,34.986831],[137.021959,34.987515],[137.023558,34.988859],[137.024627,34.988963],[137.026547,34.990121],[137.025998,34.990546],[137.026974,34.991321],[137.026653,34.99161],[137.025752,34.990887],[137.024597,34.991902],[137.023928,34.993548],[137.022767,34.993968],[137.020798,34.992971],[137.019955,34.994223],[137.019067,34.995135],[137.019549,34.995812],[137.018621,34.997615],[137.018504,34.998512],[137.018847,35.000397],[137.019406,35.00178],[137.01836,35.002731],[137.018909,35.003251],[137.0188,35.003836],[137.017946,35.005018],[137.017049,35.004879],[137.016413,35.005568],[137.017026,35.00598],[137.023186,35.005399],[137.023114,35.006028],[137.026697,35.006051],[137.029232,35.006606],[137.030248,35.00724],[137.031871,35.009353],[137.030833,35.009864],[137.031564,35.011008],[137.03289,35.011108],[137.034704,35.012856],[137.036355,35.013459],[137.036569,35.014595],[137.035527,35.014989],[137.035951,35.015761],[137.035487,35.016863],[137.033697,35.018727],[137.033823,35.019254],[137.035246,35.019617],[137.039713,35.021815],[137.040749,35.022354],[137.041981,35.023707],[137.04411,35.023072],[137.046118,35.023127],[137.045386,35.025997],[137.045838,35.026029],[137.049023,35.028416],[137.048279,35.029268],[137.047385,35.030893],[137.045975,35.03316],[137.04694,35.033781],[137.048109,35.034266],[137.049583,35.035602],[137.050031,35.036424],[137.050395,35.037999],[137.053229,35.042853],[137.054182,35.044761],[137.056069,35.046662],[137.056832,35.047967],[137.057009,35.048748],[137.059183,35.050071],[137.060441,35.050023],[137.062048,35.050682],[137.063392,35.050767],[137.06338,35.051625],[137.063073,35.052636],[137.063684,35.053149],[137.063832,35.054835],[137.063736,35.055687],[137.064512,35.057403],[137.0655,35.057703],[137.066706,35.057424],[137.06839,35.057292],[137.068744,35.060114],[137.068775,35.061568],[137.068177,35.062092],[137.065871,35.062328],[137.063764,35.062809],[137.060897,35.065069],[137.06163,35.065731],[137.061286,35.066097],[137.058342,35.065753],[137.057213,35.066685],[137.056551,35.066441],[137.055985,35.066884],[137.053616,35.065077],[137.050627,35.064244],[137.048533,35.065346],[137.045584,35.067374],[137.044675,35.068144],[137.045045,35.069205],[137.042914,35.067873],[137.041463,35.06607],[137.041736,35.064876],[137.042376,35.064298],[137.042674,35.062535],[137.042372,35.061767],[137.041482,35.06128],[137.038504,35.05824],[137.036808,35.05724],[137.035788,35.055947],[137.035347,35.05413],[137.034823,35.053579],[137.033865,35.053179],[137.029735,35.052646],[137.028118,35.051693],[137.025338,35.049481],[137.022642,35.046169],[137.022123,35.044861],[137.021384,35.044017],[137.018288,35.041588],[137.017208,35.039744],[137.016141,35.038893],[137.01522,35.038416],[137.013262,35.037821],[137.011978,35.037268],[137.010359,35.035841],[137.009042,35.034985],[137.005348,35.033529],[137.004565,35.032588],[137.003708,35.031031],[137.003299,35.028734],[137.00294,35.027964],[137.00165,35.027041],[137.000209,35.025849],[136.997844,35.023623],[136.996398,35.023109],[136.994972,35.022977],[136.992867,35.023114],[136.99202,35.023024],[136.990632,35.022333],[136.99,35.021278],[136.989494,35.019572],[136.989128,35.018871],[136.987749,35.017225],[136.98759,35.015572],[136.988039,35.014477],[136.989308,35.012618],[136.989581,35.011882],[136.989266,35.010807],[136.988192,35.00901],[136.986047,35.007032],[136.984957,35.00631],[136.98205,35.004663],[136.981338,35.003928],[136.981112,35.003101],[136.981042,35.001495],[136.981729,34.999114],[136.981656,34.994507],[136.981548,34.992732],[136.981108,34.990007],[136.980567,34.988136],[136.979404,34.986234],[136.978888,34.984181],[136.978907,34.98177],[136.979128,34.980959],[136.980894,34.976851],[136.981491,34.974614],[136.982462,34.97218],[136.982771,34.969204],[136.983111,34.963659],[136.982819,34.961473],[136.98284,34.959216],[136.983263,34.955994]]]]}},
  {"type":"Feature","properties":{"name":"豊田市","code":"23211"},"geometry":{"type":"MultiPolygon","coordinates":[[[[137.385147,34.990747],[137.385297,34.991294],[137.386555,34.991897],[137.38863,34.993116],[137.391005,34.993392],[137.392383,34.993914],[137.392767,34.994491],[137.393508,34.994861],[137.392918,34.996352],[137.393075,34.996953],[137.392715,34.997673],[137.392927,34.998382],[137.394086,34.999961],[137.394109,35.001101],[137.394658,35.001911],[137.395779,35.002218],[137.396106,35.0026],[137.397854,35.003212],[137.397719,35.004696],[137.397246,35.005607],[137.398096,35.008193],[137.398789,35.008148],[137.398682,35.007521],[137.39974,35.007258],[137.40164,35.0082],[137.403393,35.008422],[137.404269,35.009052],[137.407474,35.012413],[137.409519,35.012954],[137.410114,35.012576],[137.410182,35.011859],[137.410867,35.011895],[137.411539,35.011001],[137.412787,35.011151],[137.414516,35.011717],[137.416395,35.00953],[137.417304,35.009038],[137.420625,35.008361],[137.420527,35.009579],[137.419741,35.011032],[137.422255,35.010742],[137.423003,35.010973],[137.42412,35.010839],[137.425589,35.008586],[137.426241,35.008654],[137.425392,35.011436],[137.425475,35.012858],[137.425767,35.01373],[137.425695,35.015901],[137.426391,35.016191],[137.426571,35.017026],[137.426239,35.018052],[137.42568,35.018235],[137.425738,35.019249],[137.426458,35.01989],[137.426229,35.021214],[137.425864,35.022175],[137.42583,35.023609],[137.427627,35.025142],[137.427816,35.025498],[137.429936,35.026627],[137.431333,35.026555],[137.431752,35.026878],[137.431763,35.028039],[137.43307,35.028972],[137.434268,35.02915],[137.435477,35.030278],[137.435202,35.031086],[137.435492,35.031808],[137.434801,35.032572],[137.434856,35.033574],[137.434397,35.033897],[137.433504,35.035905],[137.43172,35.037191],[137.430226,35.037495],[137.429681,35.039037],[137.430071,35.040213],[137.429976,35.041246],[137.43122,35.042753],[137.432048,35.045197],[137.431925,35.046888],[137.431059,35.047736],[137.429929,35.048166],[137.429743,35.048542],[137.42991,35.050101],[137.429262,35.05212],[137.430428,35.052223],[137.430983,35.05183],[137.431698,35.052067],[137.432929,35.053482],[137.433682,35.053919],[137.433999,35.054711],[137.43477,35.05508],[137.435155,35.055859],[137.436008,35.056199],[137.436469,35.056708],[137.436633,35.057836],[137.438093,35.058591],[137.437978,35.059999],[137.438688,35.060384],[137.4393,35.061757],[137.439856,35.062222],[137.442558,35.062789],[137.443799,35.063261],[137.44531,35.06357],[137.445003,35.065608],[137.444658,35.066806],[137.44555,35.067421],[137.445553,35.068046],[137.444914,35.068855],[137.445118,35.070525],[137.446257,35.071382],[137.446347,35.071935],[137.445703,35.071544],[137.444821,35.072105],[137.443538,35.072294],[137.443113,35.073317],[137.444725,35.074389],[137.445285,35.076421],[137.444739,35.077154],[137.444714,35.07771],[137.443906,35.079134],[137.443277,35.079926],[137.443268,35.08052],[137.442769,35.081166],[137.440979,35.081665],[137.437975,35.082276],[137.437146,35.083331],[137.438111,35.083909],[137.438093,35.085303],[137.43592,35.087114],[137.434803,35.087179],[137.433634,35.087011],[137.433306,35.088487],[137.433489,35.08956],[137.434534,35.090714],[137.434607,35.091421],[137.434195,35.092557],[137.433591,35.09352],[137.432772,35.093982],[137.431784,35.095003],[137.43031,35.095219],[137.430032,35.095838],[137.430194,35.098186],[137.430538,35.098976],[137.430224,35.101124],[137.429636,35.101754],[137.429783,35.102938],[137.429269,35.103859],[137.429398,35.104358],[137.431723,35.104591],[137.432124,35.105876],[137.433453,35.107353],[137.433471,35.108192],[137.435868,35.108032],[137.436803,35.108198],[137.43781,35.109056],[137.442496,35.110098],[137.444268,35.111204],[137.444698,35.111742],[137.444413,35.112634],[137.443754,35.1129],[137.443636,35.113497],[137.443929,35.115358],[137.445114,35.115632],[137.446188,35.116789],[137.44687,35.118521],[137.447736,35.119654],[137.446829,35.120897],[137.44756,35.121752],[137.448022,35.124517],[137.448408,35.125703],[137.447363,35.127277],[137.447258,35.128141],[137.445549,35.129013],[137.445197,35.129839],[137.444578,35.130456],[137.444709,35.131561],[137.444466,35.132403],[137.444429,35.133697],[137.443962,35.13442],[137.443727,35.136085],[137.44421,35.136544],[137.444917,35.136634],[137.446692,35.13626],[137.448301,35.134904],[137.45006,35.134585],[137.451623,35.132963],[137.454619,35.133884],[137.45733,35.133449],[137.458756,35.134626],[137.459009,35.135768],[137.45995,35.13642],[137.461749,35.136734],[137.46255,35.137308],[137.46317,35.138907],[137.464042,35.13939],[137.466114,35.139985],[137.468181,35.141032],[137.4686,35.141843],[137.469532,35.142432],[137.469822,35.143165],[137.471157,35.144483],[137.471078,35.145149],[137.471679,35.146505],[137.473795,35.146617],[137.473849,35.14776],[137.474776,35.150098],[137.473516,35.151225],[137.47231,35.151515],[137.471054,35.152512],[137.469428,35.153503],[137.468266,35.154604],[137.467371,35.156311],[137.467474,35.156897],[137.4669,35.158419],[137.465699,35.159097],[137.464528,35.159329],[137.46371,35.159748],[137.462186,35.160152],[137.46482,35.162248],[137.470759,35.167171],[137.474471,35.169913],[137.48318,35.179533],[137.482653,35.180411],[137.482361,35.181468],[137.481629,35.182834],[137.481585,35.183618],[137.481995,35.184331],[137.482361,35.185577],[137.483546,35.186836],[137.483766,35.187834],[137.484278,35.188926],[137.485361,35.190625],[137.485639,35.191539],[137.486649,35.192763],[137.486956,35.193713],[137.490601,35.195589],[137.492811,35.196302],[137.494099,35.196919],[137.495431,35.197288],[137.495826,35.196967],[137.497554,35.196971],[137.498077,35.196573],[137.499773,35.196426],[137.502722,35.197249],[137.503012,35.196498],[137.502549,35.19554],[137.501695,35.195168],[137.500963,35.194431],[137.501412,35.193976],[137.501629,35.192241],[137.500962,35.191869],[137.500739,35.190913],[137.499395,35.189433],[137.499381,35.187969],[137.498815,35.187623],[137.499379,35.186734],[137.499356,35.185906],[137.499969,35.184732],[137.501817,35.184671],[137.50295,35.184187],[137.50403,35.184352],[137.506437,35.184309],[137.50793,35.184582],[137.508991,35.185068],[137.510432,35.18494],[137.512512,35.185256],[137.513283,35.184788],[137.515404,35.182825],[137.514404,35.181787],[137.51413,35.180426],[137.516882,35.180056],[137.517667,35.178045],[137.518906,35.17807],[137.520205,35.179031],[137.521299,35.180276],[137.523257,35.181423],[137.523712,35.182045],[137.525097,35.182088],[137.526635,35.182795],[137.528161,35.183904],[137.5292,35.183882],[137.530373,35.184218],[137.530873,35.185811],[137.532091,35.186272],[137.533172,35.186922],[137.533473,35.187413],[137.534967,35.188176],[137.535623,35.188733],[137.5368,35.188979],[137.537619,35.189666],[137.537714,35.190327],[137.538462,35.190651],[137.538892,35.191374],[137.539799,35.191809],[137.540133,35.190711],[137.542065,35.189479],[137.542465,35.188978],[137.543658,35.188772],[137.544093,35.188415],[137.545736,35.18844],[137.546274,35.18734],[137.547051,35.187026],[137.547596,35.187982],[137.549347,35.188218],[137.550773,35.189051],[137.551856,35.187962],[137.552596,35.188234],[137.553849,35.188286],[137.554752,35.189154],[137.556682,35.188798],[137.557298,35.188062],[137.558655,35.187417],[137.559304,35.188113],[137.560169,35.188608],[137.560913,35.188341],[137.562476,35.188396],[137.563587,35.188755],[137.564386,35.188264],[137.566637,35.188074],[137.568413,35.18846],[137.568762,35.186929],[137.569443,35.18626],[137.569481,35.185685],[137.570756,35.185451],[137.571429,35.186235],[137.572928,35.186093],[137.574215,35.185517],[137.575198,35.18555],[137.576037,35.186767],[137.577509,35.187077],[137.579059,35.187996],[137.580141,35.189684],[137.581089,35.19021],[137.581024,35.191464],[137.580234,35.192577],[137.579186,35.193109],[137.578872,35.194073],[137.578134,35.194543],[137.578204,35.195393],[137.577645,35.195836],[137.577986,35.196491],[137.577947,35.197379],[137.578655,35.198469],[137.577891,35.199035],[137.577547,35.200532],[137.577939,35.201812],[137.576768,35.202502],[137.57664,35.202894],[137.577089,35.203919],[137.57704,35.205487],[137.576601,35.206665],[137.577112,35.207776],[137.577907,35.208601],[137.578153,35.209499],[137.577686,35.210522],[137.577823,35.211043],[137.576997,35.211935],[137.576903,35.212767],[137.577484,35.213463],[137.578408,35.215483],[137.577892,35.21673],[137.578201,35.218223],[137.578824,35.218937],[137.578726,35.219435],[137.577044,35.220313],[137.575591,35.220424],[137.575324,35.220758],[137.575591,35.221782],[137.574631,35.223353],[137.573694,35.223369],[137.572746,35.223729],[137.572639,35.225885],[137.572398,35.226608],[137.570821,35.227025],[137.569543,35.22777],[137.568521,35.227835],[137.567536,35.229613],[137.565423,35.231682],[137.564787,35.233235],[137.562905,35.234392],[137.562631,35.235365],[137.560372,35.236483],[137.557146,35.237263],[137.55642,35.238095],[137.555244,35.238305],[137.554545,35.238795],[137.554338,35.239539],[137.552558,35.240348],[137.551281,35.242048],[137.550417,35.242905],[137.549614,35.24475],[137.549303,35.246227],[137.549237,35.247745],[137.548648,35.249621],[137.547916,35.250921],[137.54682,35.251282],[137.545997,35.251786],[137.546031,35.25324],[137.546238,35.254359],[137.546883,35.254971],[137.547771,35.256265],[137.548039,35.256946],[137.547613,35.258975],[137.548422,35.259735],[137.551355,35.260071],[137.552109,35.259908],[137.553697,35.261024],[137.554835,35.262357],[137.55618,35.263582],[137.557482,35.264554],[137.557896,35.26523],[137.557743,35.267442],[137.556478,35.269387],[137.557257,35.270488],[137.557147,35.271263],[137.5559,35.272423],[137.55576,35.274546],[137.557214,35.274852],[137.558254,35.275588],[137.560426,35.276477],[137.560956,35.277212],[137.562179,35.277627],[137.563475,35.277805],[137.564071,35.277657],[137.564497,35.278432],[137.565136,35.278723],[137.565343,35.280086],[137.566596,35.281221],[137.568818,35.281577],[137.570338,35.282278],[137.570746,35.283097],[137.568653,35.285595],[137.568762,35.286563],[137.567411,35.287209],[137.567198,35.288019],[137.567448,35.289322],[137.566821,35.290009],[137.565787,35.290157],[137.564479,35.2899],[137.562331,35.289979],[137.562015,35.289732],[137.562078,35.287725],[137.561574,35.286271],[137.560819,35.285663],[137.560836,35.284888],[137.561481,35.284366],[137.561521,35.283154],[137.559114,35.283444],[137.558013,35.284014],[137.554944,35.283681],[137.551992,35.284227],[137.551055,35.284127],[137.549655,35.283201],[137.548326,35.281827],[137.547664,35.281495],[137.546651,35.28159],[137.544853,35.281138],[137.543429,35.280553],[137.541901,35.281204],[137.540565,35.281157],[137.539523,35.281808],[137.536975,35.281712],[137.536161,35.282212],[137.535323,35.281632],[137.534591,35.282059],[137.533806,35.281323],[137.53301,35.282173],[137.531756,35.282102],[137.530549,35.28261],[137.529314,35.284178],[137.527592,35.284354],[137.524921,35.284368],[137.523697,35.284026],[137.521366,35.284259],[137.520727,35.283693],[137.520188,35.283712],[137.519755,35.283132],[137.518935,35.283327],[137.518736,35.28165],[137.51989,35.279355],[137.520224,35.2783],[137.520177,35.277112],[137.520739,35.275838],[137.520862,35.275026],[137.520751,35.273557],[137.518203,35.274774],[137.516212,35.275011],[137.513184,35.272202],[137.513143,35.270943],[137.514127,35.26996],[137.513869,35.26927],[137.51302,35.268771],[137.510818,35.268182],[137.51022,35.267797],[137.509178,35.266452],[137.508299,35.266176],[137.506114,35.26649],[137.505944,35.265131],[137.505523,35.263468],[137.504802,35.262945],[137.502377,35.263192],[137.500872,35.263601],[137.497235,35.264194],[137.49659,35.263675],[137.496556,35.262481],[137.497967,35.260806],[137.497903,35.259773],[137.496554,35.259019],[137.494705,35.258989],[137.492192,35.259497],[137.489658,35.258665],[137.487633,35.257783],[137.485728,35.257661],[137.4843,35.257429],[137.48352,35.256716],[137.483454,35.255468],[137.481593,35.254413],[137.476579,35.253406],[137.476289,35.253237],[137.474684,35.2509],[137.473146,35.249818],[137.472474,35.248869],[137.472127,35.247778],[137.47139,35.246908],[137.469472,35.245475],[137.468149,35.245528],[137.466664,35.246609],[137.466101,35.246644],[137.464822,35.245317],[137.463456,35.244306],[137.462892,35.242486],[137.462145,35.241123],[137.460736,35.240183],[137.457853,35.23955],[137.456281,35.239831],[137.45459,35.240587],[137.453366,35.240508],[137.452,35.238398],[137.451003,35.235813],[137.45045,35.235092],[137.449887,35.234864],[137.448283,35.234679],[137.446169,35.233835],[137.445226,35.233659],[137.443806,35.233818],[137.442051,35.233703],[137.441454,35.232903],[137.441194,35.231549],[137.441227,35.230099],[137.440165,35.229756],[137.438626,35.230073],[137.437856,35.229325],[137.437326,35.227936],[137.437119,35.22667],[137.436784,35.226028],[137.435526,35.22456],[137.434714,35.224138],[137.431755,35.223426],[137.430313,35.22296],[137.429186,35.222881],[137.428384,35.223162],[137.427929,35.223716],[137.427625,35.225096],[137.426985,35.225624],[137.425847,35.226011],[137.424915,35.226881],[137.424287,35.227857],[137.42382,35.229087],[137.423441,35.231215],[137.422465,35.232666],[137.420557,35.233879],[137.420352,35.234221],[137.419582,35.236806],[137.418379,35.239039],[137.417381,35.240129],[137.416807,35.240402],[137.415712,35.240032],[137.414152,35.238292],[137.408928,35.234907],[137.408201,35.23481],[137.407551,35.235364],[137.40754,35.237052],[137.407356,35.237491],[137.406413,35.238168],[137.405394,35.238432],[137.403757,35.23838],[137.402576,35.239197],[137.401004,35.241588],[137.399747,35.241623],[137.396387,35.240269],[137.394914,35.239847],[137.393342,35.240014],[137.388194,35.24012],[137.386557,35.24128],[137.38505,35.244146],[137.38544,35.245289],[137.384812,35.245895],[137.383186,35.246721],[137.383121,35.247698],[137.385158,35.248665],[137.385657,35.249359],[137.386784,35.251812],[137.386166,35.253051],[137.385491,35.255694],[137.385522,35.256413],[137.38512,35.258704],[137.384871,35.259042],[137.382866,35.260196],[137.381064,35.259836],[137.379278,35.258748],[137.377436,35.25895],[137.377152,35.259541],[137.376304,35.259421],[137.375804,35.259688],[137.374724,35.261109],[137.374531,35.261741],[137.373097,35.263332],[137.372552,35.26342],[137.370979,35.26308],[137.370159,35.261863],[137.368756,35.260405],[137.366256,35.260913],[137.365054,35.26081],[137.363416,35.260991],[137.361969,35.260974],[137.361363,35.260534],[137.359267,35.2603],[137.358438,35.25961],[137.357331,35.259299],[137.356236,35.258652],[137.354023,35.258143],[137.352917,35.258661],[137.351343,35.257547],[137.350502,35.257176],[137.349194,35.257219],[137.348774,35.25779],[137.347912,35.258031],[137.346792,35.2575],[137.346407,35.257832],[137.344099,35.257858],[137.343631,35.259014],[137.345056,35.259912],[137.345386,35.260593],[137.344929,35.261879],[137.342546,35.261232],[137.341972,35.262233],[137.341376,35.263743],[137.340631,35.263863],[137.33995,35.264545],[137.34062,35.265805],[137.341269,35.266176],[137.341769,35.267022],[137.343832,35.268377],[137.345119,35.268955],[137.345587,35.269938],[137.346343,35.270672],[137.346407,35.271233],[137.345322,35.271966],[137.345183,35.273045],[137.34463,35.273718],[137.343428,35.274115],[137.342386,35.274235],[137.342122,35.274837],[137.341052,35.27519],[137.340417,35.275115],[137.337812,35.275892],[137.338056,35.274684],[137.337844,35.274433],[137.336599,35.274692],[137.335429,35.275486],[137.334855,35.27647],[137.333865,35.27735],[137.332759,35.277436],[137.331547,35.276712],[137.331047,35.276996],[137.33177,35.277989],[137.33127,35.278532],[137.330111,35.278687],[137.329177,35.279878],[137.327856,35.280603],[137.32664,35.280385],[137.325655,35.280454],[137.324577,35.281168],[137.324142,35.282113],[137.323537,35.282322],[137.321292,35.284262],[137.319751,35.284542],[137.318324,35.285531],[137.317541,35.285418],[137.316995,35.285823],[137.314756,35.286439],[137.312911,35.287273],[137.312474,35.287877],[137.311604,35.287806],[137.309677,35.288921],[137.308677,35.289119],[137.308081,35.289663],[137.307549,35.291087],[137.305443,35.290517],[137.304754,35.290026],[137.303794,35.290587],[137.302774,35.290241],[137.30205,35.290569],[137.301497,35.28975],[137.300529,35.289586],[137.298434,35.288749],[137.297572,35.2888],[137.296838,35.289577],[137.296764,35.290052],[137.295232,35.290052],[137.294387,35.289447],[137.292711,35.288568],[137.291225,35.288241],[137.290204,35.28853],[137.289393,35.288153],[137.287149,35.288732],[137.284553,35.288266],[137.283766,35.288689],[137.282915,35.287705],[137.280937,35.287894],[137.280256,35.288464],[137.278597,35.287998],[137.277948,35.288119],[137.276587,35.288991],[137.276725,35.289871],[137.275789,35.290613],[137.275087,35.290492],[137.274257,35.288826],[137.274044,35.287877],[137.273449,35.287886],[137.271726,35.286125],[137.270577,35.286004],[137.269854,35.286626],[137.267971,35.286833],[137.266397,35.286281],[137.265684,35.286194],[137.264812,35.285711],[137.262664,35.285202],[137.262026,35.283459],[137.261068,35.283113],[137.260048,35.281819],[137.26009,35.280982],[137.260877,35.280646],[137.260271,35.280119],[137.259452,35.278712],[137.260186,35.278126],[137.260622,35.277254],[137.260877,35.275408],[137.259824,35.274501],[137.259322,35.274417],[137.257846,35.275079],[137.257527,35.27489],[137.25741,35.27256],[137.256708,35.272439],[137.255772,35.272741],[137.253762,35.272758],[137.252879,35.272068],[137.252698,35.271127],[137.251581,35.270644],[137.251496,35.269643],[137.250688,35.269238],[137.249943,35.268547],[137.248922,35.268383],[137.246292,35.268281],[137.245584,35.268387],[137.244887,35.268926],[137.243591,35.268537],[137.243591,35.267548],[137.244266,35.266903],[137.243743,35.266134],[137.243013,35.26578],[137.242425,35.264632],[137.241391,35.264314],[137.240203,35.265215],[137.239713,35.264587],[137.23894,35.264543],[137.237677,35.265233],[137.237023,35.26525],[137.235389,35.264658],[137.234442,35.263863],[137.233854,35.262431],[137.233963,35.261724],[137.233527,35.261123],[137.230118,35.261035],[137.228909,35.260107],[137.227809,35.258746],[137.226557,35.258322],[137.22501,35.257023],[137.224575,35.256493],[137.223344,35.255954],[137.221699,35.255848],[137.221274,35.256501],[137.2211,35.257685],[137.221361,35.259939],[137.220806,35.260319],[137.219869,35.259223],[137.219379,35.258967],[137.218213,35.258922],[137.217865,35.259559],[137.215785,35.259541],[137.214576,35.259302],[137.213454,35.259876],[137.212768,35.259567],[137.212256,35.259947],[137.211276,35.259691],[137.211047,35.258604],[137.209555,35.258286],[137.208669,35.257356],[137.209048,35.256889],[137.208782,35.256359],[137.208401,35.254469],[137.207737,35.253479],[137.20701,35.253061],[137.206418,35.253229],[137.205482,35.254875],[137.203536,35.255021],[137.203009,35.254601],[137.202988,35.253443],[137.202538,35.252446],[137.201947,35.252829],[137.199958,35.251464],[137.198126,35.252838],[137.197069,35.253338],[137.194743,35.25339],[137.194155,35.253567],[137.191682,35.253788],[137.190996,35.254053],[137.190452,35.253788],[137.190088,35.252963],[137.189488,35.252569],[137.188067,35.251222],[137.187348,35.251166],[137.186732,35.250564],[137.185761,35.250472],[137.184152,35.24999],[137.183308,35.248861],[137.183136,35.247481],[137.183433,35.246824],[137.182714,35.246009],[137.181424,35.245481],[137.18131,35.244935],[137.180374,35.244463],[137.180557,35.243648],[137.179724,35.242925],[137.179633,35.242064],[137.179153,35.241064],[137.179777,35.239963],[137.17968,35.239427],[137.178904,35.238522],[137.17871,35.237656],[137.177992,35.236515],[137.177546,35.236287],[137.178138,35.235169],[137.178836,35.2345],[137.178982,35.233666],[137.17968,35.232895],[137.181592,35.231754],[137.183435,35.231754],[137.184241,35.230747],[137.184696,35.230566],[137.184085,35.228606],[137.183668,35.228275],[137.180961,35.228527],[137.179583,35.226921],[137.177924,35.225371],[137.177895,35.224324],[137.176692,35.223096],[137.175955,35.22286],[137.175508,35.221412],[137.174897,35.220704],[137.17481,35.219759],[137.173859,35.219201],[137.173394,35.217879],[137.173617,35.215408],[137.172811,35.214974],[137.172482,35.214117],[137.172472,35.213148],[137.173044,35.212724],[137.172404,35.21185],[137.172666,35.211094],[137.172152,35.209969],[137.171046,35.208703],[137.170124,35.208214],[137.169978,35.206656],[137.168368,35.20542],[137.167272,35.205821],[137.165962,35.205939],[137.164972,35.206521],[137.164109,35.206427],[137.163546,35.206049],[137.16079,35.206647],[137.160073,35.205829],[137.158821,35.205923],[137.157695,35.204609],[137.156347,35.204042],[137.155532,35.204034],[137.154911,35.203523],[137.153019,35.203649],[137.153096,35.202798],[137.152563,35.201972],[137.151709,35.201767],[137.150661,35.20054],[137.14907,35.1998],[137.148197,35.19847],[137.14679,35.198241],[137.145364,35.198596],[137.144568,35.197408],[137.143413,35.197337],[137.142996,35.196896],[137.143316,35.19544],[137.143123,35.193614],[137.141415,35.192693],[137.139921,35.19252],[137.139416,35.192119],[137.138494,35.191961],[137.136554,35.192292],[137.134885,35.192032],[137.132954,35.19008],[137.131984,35.189813],[137.130801,35.18886],[137.129821,35.18886],[137.129384,35.188475],[137.129238,35.187397],[137.12888,35.186712],[137.129374,35.184658],[137.127968,35.18343],[137.126396,35.182824],[137.126056,35.182415],[137.124708,35.182714],[137.123941,35.183855],[137.122922,35.18454],[137.122024,35.184768],[137.121197,35.185294],[137.119786,35.184995],[137.119306,35.184508],[137.117464,35.184067],[137.115919,35.184739],[137.115701,35.185138],[137.113849,35.185579],[137.11254,35.185289],[137.109185,35.185718],[137.108587,35.185383],[137.108513,35.183998],[137.107707,35.182793],[137.106788,35.182689],[137.106496,35.181249],[137.106144,35.180884],[137.106125,35.179346],[137.105302,35.178801],[137.104219,35.179418],[137.102207,35.17982],[137.10133,35.180243],[137.100662,35.180867],[137.100096,35.180879],[137.099328,35.181453],[137.098596,35.181369],[137.097899,35.180467],[137.097027,35.180678],[137.096213,35.179518],[137.09567,35.179388],[137.096775,35.177781],[137.09697,35.176926],[137.097569,35.17647],[137.097031,35.17594],[137.097044,35.175182],[137.096247,35.174121],[137.097379,35.173595],[137.097223,35.171674],[137.096656,35.171315],[137.096673,35.169649],[137.094869,35.167775],[137.096012,35.167198],[137.096054,35.166028],[137.095234,35.164898],[137.095768,35.164421],[137.095524,35.163678],[137.094781,35.16297],[137.09531,35.162519],[137.09529,35.161455],[137.094719,35.160261],[137.095176,35.159192],[137.095156,35.158379],[137.096122,35.157175],[137.097682,35.155528],[137.097354,35.154742],[137.097354,35.153835],[137.098378,35.15167],[137.097749,35.150295],[137.098351,35.149473],[137.098668,35.147556],[137.098633,35.146287],[137.097609,35.145282],[137.097494,35.144651],[137.098219,35.14465],[137.098321,35.143696],[137.098011,35.142007],[137.098552,35.14106],[137.099577,35.139852],[137.101411,35.138154],[137.102718,35.137481],[137.103622,35.136087],[137.103931,35.134479],[137.104833,35.131706],[137.105341,35.131517],[137.106829,35.13167],[137.107706,35.131137],[137.108761,35.130863],[137.109465,35.129582],[137.111599,35.130706],[137.112586,35.1315],[137.11373,35.131749],[137.114831,35.131456],[137.116396,35.130501],[137.117007,35.129796],[137.117629,35.128509],[137.117783,35.127718],[137.119962,35.125758],[137.120554,35.125071],[137.122134,35.125055],[137.123114,35.124698],[137.124639,35.124484],[137.125483,35.123778],[137.128085,35.123043],[137.128571,35.122491],[137.12943,35.120545],[137.13008,35.119618],[137.129664,35.119231],[137.130243,35.118546],[137.130183,35.117713],[137.127481,35.117653],[137.125949,35.116822],[137.125527,35.115884],[137.12452,35.115957],[137.122817,35.115766],[137.12087,35.114938],[137.119909,35.113626],[137.120013,35.112346],[137.119516,35.111058],[137.118677,35.110058],[137.118564,35.108983],[137.117511,35.109268],[137.117223,35.107953],[137.116708,35.106993],[137.116184,35.104292],[137.114347,35.103964],[137.113534,35.103543],[137.113044,35.102682],[137.112037,35.102618],[137.113078,35.101167],[137.113618,35.100009],[137.113395,35.099136],[137.112737,35.098263],[137.111581,35.097169],[137.111705,35.096463],[137.112325,35.096041],[137.113871,35.095683],[137.113095,35.094494],[137.112734,35.093135],[137.112628,35.092034],[137.111722,35.091447],[137.111126,35.091614],[137.109573,35.090138],[137.108187,35.088662],[137.10782,35.087507],[137.107317,35.086628],[137.106268,35.085936],[137.106027,35.084997],[137.105453,35.084589],[137.104981,35.083678],[137.105835,35.083107],[137.104849,35.080983],[137.104985,35.079915],[137.104176,35.079181],[137.103808,35.077993],[137.103864,35.076389],[137.103129,35.075421],[137.103058,35.074024],[137.102189,35.072958],[137.10209,35.072473],[137.10372,35.068937],[137.103601,35.067511],[137.103215,35.066403],[137.10267,35.065623],[137.102212,35.064217],[137.098533,35.061756],[137.096906,35.061213],[137.096425,35.060767],[137.096278,35.059566],[137.095845,35.059474],[137.093696,35.060129],[137.092919,35.060098],[137.092386,35.060791],[137.091007,35.060771],[137.089659,35.061579],[137.088393,35.061623],[137.087069,35.061252],[137.086602,35.061347],[137.084484,35.062609],[137.084555,35.061608],[137.085032,35.059691],[137.084368,35.058959],[137.083497,35.058499],[137.082708,35.058471],[137.082398,35.058914],[137.08002,35.058314],[137.079531,35.059025],[137.077798,35.058326],[137.076614,35.057427],[137.075458,35.058006],[137.074506,35.056823],[137.073357,35.056963],[137.073623,35.055915],[137.07229,35.056262],[137.071014,35.055119],[137.0693,35.056589],[137.069141,35.057182],[137.06839,35.057292],[137.066706,35.057424],[137.0655,35.057703],[137.064512,35.057403],[137.063736,35.055687],[137.063832,35.054835],[137.063684,35.053149],[137.063073,35.052636],[137.06338,35.051625],[137.063392,35.050767],[137.062048,35.050682],[137.060441,35.050023],[137.059183,35.050071],[137.057009,35.048748],[137.056832,35.047967],[137.056069,35.046662],[137.054182,35.044761],[137.053229,35.042853],[137.050395,35.037999],[137.050031,35.036424],[137.049583,35.035602],[137.048109,35.034266],[137.04694,35.033781],[137.045975,35.03316],[137.047385,35.030893],[137.048279,35.029268],[137.049023,35.028416],[137.045838,35.026029],[137.045386,35.025997],[137.046118,35.023127],[137.04411,35.023072],[137.041981,35.023707],[137.040749,35.022354],[137.039713,35.021815],[137.041072,35.02111],[137.043551,35.020233],[137.044743,35.019983],[137.044706,35.017656],[137.044578,35.017329],[137.046248,35.016425],[137.047246,35.014973],[137.047926,35.014298],[137.04886,35.013921],[137.050554,35.013514],[137.050562,35.012793],[137.050083,35.012407],[137.048515,35.011721],[137.048104,35.010855],[137.050596,35.010951],[137.052249,35.011135],[137.053424,35.012453],[137.053609,35.013259],[137.055988,35.012874],[137.05726,35.01285],[137.058473,35.012563],[137.060341,35.011303],[137.060296,35.010692],[137.061946,35.009591],[137.062871,35.010503],[137.063241,35.010009],[137.064613,35.010215],[137.065521,35.011173],[137.066254,35.011169],[137.067002,35.012013],[137.067934,35.012484],[137.068968,35.012223],[137.069211,35.013117],[137.068952,35.013864],[137.070572,35.015706],[137.071637,35.016555],[137.072809,35.017835],[137.073638,35.018],[137.074281,35.017364],[137.075417,35.016835],[137.074703,35.015943],[137.074391,35.01465],[137.074483,35.013979],[137.073699,35.013101],[137.074819,35.01223],[137.074673,35.011128],[137.075659,35.010729],[137.077694,35.008094],[137.080101,35.007765],[137.081593,35.007955],[137.082825,35.008356],[137.084357,35.009246],[137.085056,35.009831],[137.086259,35.011068],[137.087054,35.011008],[137.087845,35.010564],[137.088303,35.009869],[137.088954,35.009828],[137.088965,35.008558],[137.090008,35.007848],[137.090492,35.008043],[137.094375,35.007432],[137.096417,35.007443],[137.098878,35.007912],[137.100722,35.00878],[137.103736,35.007727],[137.103648,35.007112],[137.104066,35.006644],[137.103258,35.005958],[137.10237,35.005791],[137.101086,35.005004],[137.100168,35.005103],[137.098894,35.003252],[137.099775,35.002814],[137.099797,35.001853],[137.100211,35.001658],[137.101345,35.002648],[137.102209,35.002413],[137.103137,35.002903],[137.10529,35.002989],[137.106402,35.003253],[137.107084,35.00386],[137.108181,35.005254],[137.108443,35.005295],[137.110016,35.004287],[137.111531,35.002168],[137.112107,35.002063],[137.113475,34.999686],[137.114229,34.998025],[137.115638,34.99455],[137.116368,34.991347],[137.116768,34.993774],[137.117102,34.991659],[137.117312,34.991471],[137.122961,34.99061],[137.123459,34.99271],[137.125644,34.992363],[137.126794,34.997363],[137.129268,34.996964],[137.129781,34.998989],[137.133963,34.998304],[137.134341,34.999874],[137.136596,34.99932],[137.136715,34.998601],[137.137684,34.998432],[137.137805,34.99793],[137.140258,34.998116],[137.140862,34.997894],[137.141001,34.995903],[137.142468,34.995846],[137.142741,34.992484],[137.144116,34.993077],[137.145088,34.993098],[137.144775,34.994248],[137.144983,34.995433],[137.146136,34.995653],[137.146704,34.996029],[137.147645,34.994628],[137.146689,34.994059],[137.147882,34.992498],[137.150109,34.993226],[137.155999,34.995002],[137.15772,34.995318],[137.160206,34.996538],[137.162739,34.99802],[137.163657,34.998779],[137.166101,35.002951],[137.16579,35.004148],[137.164345,35.006259],[137.163652,35.007766],[137.163516,35.009744],[137.163195,35.010909],[137.162082,35.013461],[137.161105,35.015214],[137.160395,35.016743],[137.159292,35.020503],[137.159156,35.02184],[137.159444,35.023586],[137.159469,35.024745],[137.159753,35.026223],[137.160771,35.027452],[137.162048,35.02804],[137.163104,35.028721],[137.165542,35.030828],[137.166891,35.031799],[137.170504,35.034859],[137.172131,35.035554],[137.177275,35.034901],[137.178673,35.034557],[137.180552,35.033638],[137.182717,35.032129],[137.184073,35.031499],[137.185758,35.031321],[137.186604,35.032057],[137.187828,35.033716],[137.188615,35.034533],[137.190281,35.035605],[137.192049,35.037337],[137.192765,35.038258],[137.194023,35.038609],[137.195449,35.038661],[137.196809,35.037543],[137.197669,35.037538],[137.197505,35.036411],[137.197868,35.036259],[137.199113,35.03429],[137.202066,35.034239],[137.203379,35.033579],[137.204266,35.033432],[137.206336,35.032709],[137.207173,35.032621],[137.207769,35.03303],[137.208173,35.035265],[137.208543,35.036341],[137.209347,35.03775],[137.210389,35.039096],[137.211241,35.040452],[137.212465,35.041486],[137.213516,35.04128],[137.214368,35.040344],[137.214229,35.039183],[137.215003,35.038674],[137.215755,35.03899],[137.217628,35.037675],[137.218935,35.037773],[137.220948,35.038525],[137.222646,35.038854],[137.222927,35.039173],[137.225443,35.040125],[137.226819,35.040002],[137.227191,35.03934],[137.228021,35.039138],[137.230671,35.03905],[137.231578,35.040213],[137.232693,35.039951],[137.23313,35.038669],[137.233711,35.038608],[137.234086,35.039895],[137.234785,35.039952],[137.237027,35.039274],[137.237631,35.038674],[137.237942,35.037774],[137.23913,35.036436],[137.240344,35.036196],[137.240621,35.035894],[137.240396,35.034704],[137.241015,35.034303],[137.241475,35.033076],[137.241347,35.030924],[137.242168,35.030001],[137.242157,35.02927],[137.242593,35.028936],[137.244736,35.029264],[137.248103,35.028733],[137.250289,35.027667],[137.250768,35.027648],[137.251984,35.028526],[137.253612,35.029249],[137.254189,35.029161],[137.255607,35.028172],[137.255415,35.027493],[137.254833,35.023984],[137.254918,35.02296],[137.255794,35.022388],[137.25651,35.022529],[137.258362,35.024082],[137.259788,35.024361],[137.259567,35.022948],[137.259137,35.022373],[137.259009,35.020855],[137.259161,35.019878],[137.26046,35.019026],[137.260855,35.017404],[137.261519,35.0168],[137.262814,35.017202],[137.264225,35.017384],[137.265339,35.016832],[137.266396,35.016975],[137.267292,35.017941],[137.267246,35.018365],[137.266491,35.019504],[137.266676,35.020328],[137.267921,35.021912],[137.268283,35.024316],[137.26893,35.025359],[137.269554,35.025788],[137.269546,35.02666],[137.270198,35.027501],[137.270306,35.028078],[137.268951,35.028702],[137.267533,35.029961],[137.268008,35.030468],[137.269049,35.029816],[137.271147,35.029303],[137.272063,35.028645],[137.273319,35.028429],[137.27453,35.028728],[137.274961,35.028282],[137.275059,35.027089],[137.276008,35.026873],[137.277015,35.027377],[137.278151,35.027293],[137.278221,35.026249],[137.277476,35.025723],[137.277017,35.024916],[137.277214,35.024376],[137.27849,35.023442],[137.280807,35.022774],[137.282376,35.020879],[137.283757,35.01999],[137.284426,35.020195],[137.286068,35.019282],[137.288037,35.019457],[137.288788,35.019012],[137.289111,35.017955],[137.291153,35.018546],[137.292608,35.018462],[137.293122,35.018767],[137.29483,35.018908],[137.296036,35.018813],[137.297498,35.018239],[137.298018,35.018382],[137.300026,35.016728],[137.300364,35.017098],[137.301913,35.016773],[137.303563,35.016857],[137.305162,35.017729],[137.305739,35.017112],[137.306593,35.017452],[137.307384,35.017028],[137.307729,35.016453],[137.308807,35.016198],[137.310207,35.017322],[137.310626,35.01811],[137.311995,35.017814],[137.312733,35.018685],[137.312478,35.019126],[137.31276,35.020208],[137.313391,35.019836],[137.314292,35.019919],[137.315346,35.020407],[137.316296,35.02011],[137.316854,35.019454],[137.316934,35.01851],[137.318134,35.018237],[137.318646,35.017706],[137.318244,35.016881],[137.318323,35.015984],[137.319558,35.015519],[137.320971,35.015831],[137.323648,35.016238],[137.324894,35.016305],[137.326383,35.017983],[137.327571,35.01755],[137.328552,35.01742],[137.328942,35.016082],[137.328404,35.015023],[137.329105,35.014825],[137.331704,35.015114],[137.334407,35.01392],[137.336117,35.013795],[137.336584,35.01286],[137.336001,35.011527],[137.336189,35.011355],[137.338358,35.011476],[137.338765,35.010795],[137.339781,35.011082],[137.340307,35.011661],[137.340999,35.011806],[137.342403,35.011381],[137.342893,35.010628],[137.344088,35.010477],[137.344488,35.009649],[137.345755,35.009303],[137.347297,35.011759],[137.347071,35.01267],[137.34646,35.013496],[137.346548,35.014361],[137.3471,35.014574],[137.347583,35.015311],[137.349485,35.014786],[137.352041,35.01502],[137.352696,35.015621],[137.353297,35.014803],[137.354181,35.014343],[137.354872,35.014313],[137.356051,35.014692],[137.357121,35.014727],[137.358051,35.014433],[137.359598,35.014703],[137.361309,35.015273],[137.362336,35.01454],[137.364453,35.014467],[137.366249,35.01491],[137.369144,35.015008],[137.370759,35.015463],[137.371469,35.015123],[137.371593,35.014304],[137.370881,35.013309],[137.372431,35.012643],[137.372617,35.011839],[137.374255,35.009147],[137.375563,35.008878],[137.376708,35.007586],[137.376785,35.006938],[137.376266,35.006222],[137.374471,35.004642],[137.375489,35.003862],[137.375609,35.002624],[137.374658,35.002112],[137.375064,35.001581],[137.37595,35.001875],[137.376568,35.00144],[137.375343,35.00015],[137.375066,34.999273],[137.375576,34.999023],[137.375115,34.997901],[137.376621,34.997278],[137.378097,34.996288],[137.37892,34.996134],[137.38028,34.995544],[137.380518,34.995024],[137.382559,34.993647],[137.383374,34.992559],[137.385147,34.990747]]]]}},
  {"type":"Feature","properties":{"name":"安城市","code":"23212"},"geometry":{"type":"MultiPolygon","coordinates":[[[[137.116368,34.991347],[137.115638,34.99455],[137.114229,34.998025],[137.113475,34.999686],[137.112107,35.002063],[137.111531,35.002168],[137.110016,35.004287],[137.108443,35.005295],[137.108181,35.005254],[137.107084,35.00386],[137.106402,35.003253],[137.10529,35.002989],[137.103137,35.002903],[137.102209,35.002413],[137.101345,35.002648],[137.100211,35.001658],[137.099797,35.001853],[137.099775,35.002814],[137.098894,35.003252],[137.100168,35.005103],[137.101086,35.005004],[137.10237,35.005791],[137.103258,35.005958],[137.104066,35.006644],[137.103648,35.007112],[137.103736,35.007727],[137.100722,35.00878],[137.098878,35.007912],[137.096417,35.007443],[137.094375,35.007432],[137.090492,35.008043],[137.090008,35.007848],[137.088965,35.008558],[137.088954,35.009828],[137.088303,35.009869],[137.087845,35.010564],[137.087054,35.011008],[137.086259,35.011068],[137.085056,35.009831],[137.085887,35.009],[137.085051,35.008236],[137.086018,35.007689],[137.084792,35.005563],[137.083987,35.004831],[137.083083,35.004497],[137.082144,35.003431],[137.081323,35.00285],[137.080845,35.003394],[137.079315,35.003338],[137.078917,35.002976],[137.078881,35.000536],[137.077961,35.000307],[137.077958,34.999798],[137.076765,34.999677],[137.075256,34.999099],[137.073369,34.999176],[137.071533,34.998355],[137.07138,34.997978],[137.070067,34.997295],[137.07008,34.995363],[137.070658,34.994671],[137.070459,34.994184],[137.072038,34.993448],[137.07134,34.991841],[137.070605,34.991909],[137.070938,34.989652],[137.071517,34.989444],[137.071517,34.988682],[137.072391,34.986008],[137.071484,34.985832],[137.070761,34.985219],[137.069031,34.985301],[137.064012,34.984677],[137.065272,34.982685],[137.065087,34.982326],[137.06307,34.981316],[137.06243,34.981177],[137.062609,34.980101],[137.060411,34.979872],[137.060005,34.980119],[137.056657,34.980917],[137.054583,34.980911],[137.052931,34.98034],[137.050375,34.979284],[137.048378,34.979126],[137.048298,34.980066],[137.047606,34.980644],[137.045829,34.98062],[137.044204,34.980716],[137.043557,34.979704],[137.044797,34.979489],[137.044148,34.978393],[137.044968,34.977783],[137.044795,34.977208],[137.046335,34.976507],[137.04685,34.975483],[137.046865,34.974813],[137.048199,34.973762],[137.048018,34.972873],[137.047501,34.972076],[137.046366,34.972546],[137.045886,34.971498],[137.044048,34.971411],[137.043941,34.97037],[137.042783,34.970287],[137.042544,34.96992],[137.043414,34.968959],[137.042544,34.968347],[137.042632,34.967084],[137.041871,34.966754],[137.043466,34.966049],[137.043979,34.964377],[137.044483,34.963638],[137.04308,34.962816],[137.043364,34.96242],[137.044923,34.963124],[137.04684,34.960516],[137.044533,34.959185],[137.044225,34.958889],[137.044926,34.958169],[137.043186,34.95692],[137.042109,34.95771],[137.042463,34.959072],[137.035825,34.962837],[137.031768,34.962768],[137.031779,34.959201],[137.030159,34.959328],[137.029268,34.960337],[137.0284,34.95929],[137.027604,34.959082],[137.023635,34.956661],[137.022678,34.955679],[137.01836,34.952906],[137.017071,34.952493],[137.017315,34.952075],[137.015849,34.95153],[137.014748,34.950783],[137.013302,34.948963],[137.01249,34.948241],[137.010522,34.94739],[137.010707,34.946667],[137.010167,34.946154],[137.012354,34.944208],[137.012627,34.942481],[137.012563,34.939606],[137.012093,34.939055],[137.011713,34.938063],[137.011811,34.936211],[137.012095,34.935652],[137.015776,34.933358],[137.016852,34.931105],[137.018248,34.931557],[137.020135,34.931093],[137.020139,34.930221],[137.021862,34.930976],[137.024212,34.931735],[137.025544,34.932922],[137.027469,34.933898],[137.02975,34.935496],[137.031817,34.937186],[137.032323,34.936479],[137.033683,34.933732],[137.033178,34.933135],[137.033341,34.930621],[137.033933,34.929705],[137.034581,34.929133],[137.032539,34.927662],[137.034278,34.926873],[137.036052,34.926232],[137.035128,34.921587],[137.034862,34.921197],[137.031757,34.9197],[137.030068,34.919039],[137.029299,34.919703],[137.02698,34.91777],[137.02773,34.917171],[137.024273,34.914139],[137.021847,34.912668],[137.019696,34.911821],[137.018824,34.911227],[137.017054,34.909031],[137.015519,34.907701],[137.014338,34.906367],[137.01332,34.904924],[137.015003,34.902828],[137.015731,34.901166],[137.015895,34.900141],[137.015613,34.899238],[137.014878,34.89783],[137.014659,34.89694],[137.014879,34.89572],[137.015395,34.894954],[137.016343,34.894328],[137.017626,34.893953],[137.018866,34.894242],[137.01913,34.893645],[137.02222,34.894516],[137.023794,34.893686],[137.023404,34.893205],[137.025265,34.891808],[137.025736,34.892264],[137.028135,34.890698],[137.027744,34.889712],[137.028694,34.888117],[137.032413,34.889525],[137.036558,34.890162],[137.038208,34.892704],[137.038746,34.89322],[137.040434,34.896129],[137.043302,34.895769],[137.043799,34.896732],[137.045153,34.896239],[137.044734,34.895322],[137.044972,34.894783],[137.04628,34.894594],[137.047026,34.89533],[137.047183,34.89631],[137.049069,34.897001],[137.049484,34.897368],[137.049804,34.898679],[137.048936,34.899469],[137.048396,34.900603],[137.049666,34.901192],[137.052298,34.90319],[137.054232,34.90423],[137.056184,34.905094],[137.057564,34.905886],[137.059065,34.907348],[137.060106,34.907834],[137.063049,34.913841],[137.065025,34.913039],[137.065246,34.913499],[137.067513,34.912701],[137.066808,34.911109],[137.066619,34.910303],[137.068666,34.909999],[137.067224,34.908625],[137.066775,34.906078],[137.065927,34.905003],[137.063964,34.903695],[137.063682,34.902851],[137.062985,34.901717],[137.062899,34.900147],[137.063598,34.897997],[137.063876,34.895496],[137.064254,34.894649],[137.064382,34.892204],[137.064687,34.890188],[137.064726,34.888899],[137.074076,34.889622],[137.076801,34.889573],[137.07878,34.889398],[137.08257,34.889505],[137.089493,34.890346],[137.091286,34.890976],[137.095101,34.892883],[137.097807,34.894093],[137.09855,34.894611],[137.103745,34.898798],[137.105913,34.900429],[137.107097,34.90229],[137.107988,34.904105],[137.107771,34.905738],[137.106809,34.908718],[137.106105,34.909776],[137.105486,34.911715],[137.10571,34.912844],[137.107139,34.915126],[137.109338,34.917461],[137.11089,34.919778],[137.112669,34.921469],[137.113721,34.922164],[137.115699,34.922885],[137.116436,34.923524],[137.119228,34.927094],[137.116065,34.928886],[137.114845,34.928957],[137.115106,34.929777],[137.116393,34.930692],[137.114245,34.932763],[137.115057,34.932997],[137.117917,34.936132],[137.116929,34.936135],[137.113459,34.935793],[137.111621,34.936689],[137.110414,34.935422],[137.108596,34.935432],[137.107871,34.936174],[137.107824,34.936942],[137.107304,34.937501],[137.107984,34.938134],[137.108097,34.938758],[137.107575,34.940385],[137.106383,34.941791],[137.107004,34.94241],[137.106138,34.943073],[137.105763,34.943854],[137.108112,34.946029],[137.107595,34.946386],[137.109984,34.948785],[137.112727,34.946892],[137.113865,34.948626],[137.111093,34.950479],[137.111103,34.951104],[137.115835,34.955675],[137.116463,34.956353],[137.115683,34.956888],[137.116891,34.958052],[137.115863,34.958836],[137.117458,34.960656],[137.116677,34.96135],[137.1187,34.963475],[137.119953,34.964513],[137.118294,34.965478],[137.11741,34.966781],[137.116269,34.967234],[137.115845,34.968167],[137.115223,34.968363],[137.11538,34.969758],[137.112595,34.971213],[137.111678,34.971338],[137.110172,34.971856],[137.108124,34.973193],[137.108886,34.976436],[137.109669,34.976102],[137.110459,34.977106],[137.111299,34.976648],[137.110707,34.975857],[137.11214,34.974942],[137.113964,34.973981],[137.114374,34.974525],[137.115762,34.974661],[137.117135,34.973914],[137.117327,34.974176],[137.118697,34.974046],[137.119294,34.974331],[137.120155,34.973804],[137.121711,34.974156],[137.121752,34.975383],[137.122536,34.975127],[137.124107,34.973627],[137.124819,34.973231],[137.125687,34.973872],[137.126276,34.975024],[137.125815,34.975247],[137.12653,34.976738],[137.125016,34.977317],[137.125856,34.979658],[137.124426,34.979093],[137.123987,34.979871],[137.122843,34.981026],[137.121845,34.980934],[137.121002,34.981814],[137.120185,34.980903],[137.119103,34.981732],[137.118742,34.982778],[137.118909,34.983672],[137.118485,34.984253],[137.118691,34.985345],[137.117652,34.985703],[137.116872,34.988533],[137.116368,34.991347]]]]}},
  {"type":"Feature","properties":{"name":"西尾市","code":"23213"},"geometry":{"type":"MultiPolygon","coordinates":[[[[137.107988,34.904105],[137.107097,34.90229],[137.105913,34.900429],[137.103745,34.898798],[137.09855,34.894611],[137.097807,34.894093],[137.095101,34.892883],[137.091286,34.890976],[137.089493,34.890346],[137.08257,34.889505],[137.07878,34.889398],[137.076801,34.889573],[137.074076,34.889622],[137.064726,34.888899],[137.064687,34.890188],[137.064382,34.892204],[137.064254,34.894649],[137.063876,34.895496],[137.063598,34.897997],[137.062899,34.900147],[137.062985,34.901717],[137.063682,34.902851],[137.063964,34.903695],[137.065927,34.905003],[137.066775,34.906078],[137.067224,34.908625],[137.068666,34.909999],[137.066619,34.910303],[137.066808,34.911109],[137.067513,34.912701],[137.065246,34.913499],[137.065025,34.913039],[137.063049,34.913841],[137.060106,34.907834],[137.059065,34.907348],[137.057564,34.905886],[137.056184,34.905094],[137.054232,34.90423],[137.052298,34.90319],[137.049666,34.901192],[137.048396,34.900603],[137.048936,34.899469],[137.049804,34.898679],[137.049484,34.897368],[137.049069,34.897001],[137.047183,34.89631],[137.047026,34.89533],[137.04628,34.894594],[137.044972,34.894783],[137.044734,34.895322],[137.045153,34.896239],[137.043799,34.896732],[137.043302,34.895769],[137.040434,34.896129],[137.038746,34.89322],[137.038208,34.892704],[137.036558,34.890162],[137.037511,34.889985],[137.041674,34.889588],[137.040611,34.888639],[137.040367,34.887059],[137.037409,34.887136],[137.034904,34.886634],[137.032694,34.885807],[137.030731,34.884818],[137.028515,34.883519],[137.025556,34.881542],[137.024735,34.881084],[137.020792,34.877913],[137.019392,34.877154],[137.016724,34.876007],[137.014345,34.875221],[137.013073,34.874624],[137.010171,34.873597],[137.007111,34.872118],[137.003744,34.869938],[137.002139,34.868719],[136.999584,34.865839],[136.997952,34.863369],[136.997145,34.861792],[136.994901,34.8582],[136.992021,34.853739],[136.984256,34.841946],[136.981878,34.838252],[136.975495,34.828137],[136.970743,34.82068],[136.976098,34.819029],[136.976543,34.818966],[136.990534,34.815906],[136.991032,34.817347],[136.995247,34.816484],[136.996975,34.816472],[136.998268,34.814856],[136.999255,34.814535],[137.000863,34.813495],[136.998272,34.813746],[136.997768,34.812349],[136.997625,34.810908],[136.998052,34.809404],[137.000219,34.804675],[137.000811,34.803808],[137.002093,34.802443],[137.004081,34.800619],[137.005994,34.799],[137.010696,34.796741],[137.011943,34.79594],[137.012063,34.795573],[137.01154,34.792939],[137.012688,34.792776],[137.01251,34.791889],[137.013925,34.791678],[137.013764,34.790872],[137.017679,34.79029],[137.018077,34.790365],[137.019267,34.789618],[137.018617,34.789409],[137.016483,34.787714],[137.015488,34.788566],[137.014597,34.787785],[137.016837,34.785939],[137.019267,34.784831],[137.020057,34.784144],[137.020215,34.783193],[137.021273,34.78168],[137.025332,34.778008],[137.026672,34.777281],[137.027988,34.777067],[137.028944,34.777247],[137.02992,34.776768],[137.032842,34.776025],[137.033799,34.777316],[137.038262,34.776174],[137.04077,34.775599],[137.043229,34.775624],[137.044949,34.776239],[137.045524,34.776161],[137.04669,34.776646],[137.048437,34.777124],[137.049198,34.77785],[137.04875,34.779264],[137.052402,34.779973],[137.052722,34.779855],[137.055615,34.78031],[137.056534,34.781073],[137.060666,34.781955],[137.062536,34.782525],[137.063043,34.783281],[137.062988,34.784459],[137.064135,34.784488],[137.065541,34.78544],[137.069955,34.786592],[137.071524,34.786376],[137.075173,34.786688],[137.076262,34.787058],[137.07663,34.785703],[137.077092,34.785104],[137.081609,34.783881],[137.082341,34.783613],[137.083623,34.782017],[137.083679,34.781519],[137.082816,34.781041],[137.083666,34.779983],[137.085366,34.77946],[137.084861,34.778501],[137.086746,34.776374],[137.086615,34.775872],[137.087695,34.7753],[137.088169,34.776221],[137.089087,34.776691],[137.090485,34.776882],[137.091129,34.77733],[137.092643,34.777961],[137.093288,34.777131],[137.094522,34.77794],[137.093879,34.779258],[137.094598,34.780324],[137.096766,34.78166],[137.09865,34.783591],[137.10014,34.78366],[137.101342,34.784226],[137.102295,34.784027],[137.103795,34.784794],[137.103789,34.785424],[137.102767,34.785578],[137.102871,34.786827],[137.104245,34.786613],[137.105471,34.787163],[137.105898,34.786891],[137.107424,34.787647],[137.106357,34.789589],[137.105657,34.790002],[137.105559,34.790651],[137.106783,34.791251],[137.107455,34.790908],[137.110232,34.79058],[137.112068,34.790237],[137.112296,34.79083],[137.114453,34.791037],[137.114978,34.790791],[137.117665,34.790028],[137.117299,34.789135],[137.117668,34.788255],[137.118634,34.787427],[137.119432,34.787583],[137.121651,34.787124],[137.122481,34.786548],[137.123569,34.785387],[137.122979,34.783918],[137.123905,34.783271],[137.125112,34.782887],[137.127513,34.782713],[137.127994,34.783],[137.131224,34.782061],[137.132422,34.782042],[137.13341,34.783209],[137.133406,34.784006],[137.132592,34.785359],[137.132554,34.785887],[137.133231,34.786657],[137.134244,34.787298],[137.134347,34.788627],[137.13613,34.789051],[137.13659,34.788653],[137.138746,34.788817],[137.138754,34.789292],[137.139953,34.789141],[137.140182,34.786929],[137.141488,34.787022],[137.141275,34.789063],[137.141844,34.788698],[137.143131,34.78876],[137.143921,34.788362],[137.144973,34.788679],[137.145933,34.788128],[137.147491,34.786402],[137.148036,34.785352],[137.147214,34.785018],[137.147983,34.78402],[137.148521,34.78403],[137.149753,34.782923],[137.150208,34.782243],[137.151194,34.782064],[137.152587,34.781323],[137.153509,34.781578],[137.155844,34.782906],[137.156984,34.783136],[137.157784,34.783188],[137.158104,34.783132],[137.159271,34.783427],[137.159213,34.78435],[137.160994,34.785348],[137.160512,34.786392],[137.161394,34.786203],[137.162808,34.786872],[137.164207,34.786472],[137.164923,34.785946],[137.164998,34.784943],[137.168314,34.784949],[137.168394,34.787623],[137.168318,34.789083],[137.167953,34.789941],[137.168623,34.790416],[137.169383,34.791678],[137.169266,34.792335],[137.169928,34.792927],[137.168946,34.795248],[137.16905,34.795778],[137.170133,34.796487],[137.1702,34.797373],[137.169946,34.797924],[137.170139,34.799299],[137.171599,34.800065],[137.171843,34.800559],[137.170721,34.801499],[137.170421,34.802009],[137.169969,34.804443],[137.170139,34.80533],[137.169777,34.80657],[137.170114,34.808841],[137.170366,34.809236],[137.169858,34.810382],[137.171067,34.811893],[137.170331,34.812808],[137.169545,34.813041],[137.16695,34.814454],[137.165803,34.81461],[137.164524,34.814553],[137.163694,34.814958],[137.162939,34.815515],[137.161676,34.815742],[137.161706,34.816253],[137.160818,34.817521],[137.159408,34.820131],[137.158527,34.821089],[137.158476,34.822368],[137.157964,34.823817],[137.157294,34.824272],[137.156297,34.824315],[137.155401,34.824986],[137.154799,34.825016],[137.154511,34.82443],[137.15156,34.824074],[137.149056,34.823254],[137.149727,34.822659],[137.150648,34.822617],[137.15035,34.822031],[137.148485,34.822447],[137.147433,34.821989],[137.147213,34.822777],[137.147707,34.823374],[137.147247,34.824747],[137.146806,34.826634],[137.146165,34.827214],[137.146607,34.82769],[137.146352,34.828273],[137.144802,34.828506],[137.143906,34.829109],[137.143139,34.829081],[137.143086,34.829894],[137.141226,34.832137],[137.141144,34.83266],[137.139035,34.832391],[137.138897,34.833049],[137.138216,34.833764],[137.135042,34.834329],[137.134229,34.835288],[137.133125,34.836159],[137.132702,34.837198],[137.130371,34.839332],[137.130302,34.840594],[137.128143,34.841252],[137.127932,34.842476],[137.125464,34.843747],[137.123988,34.844395],[137.123103,34.843642],[137.122931,34.842712],[137.122033,34.842094],[137.121466,34.840642],[137.120751,34.839625],[137.118612,34.838774],[137.117869,34.83905],[137.117227,34.838713],[137.114712,34.839456],[137.113892,34.840226],[137.112294,34.840742],[137.110959,34.84097],[137.11028,34.841867],[137.109828,34.842065],[137.10905,34.841408],[137.107095,34.840345],[137.105971,34.840366],[137.103775,34.842059],[137.102997,34.84213],[137.10171,34.842688],[137.102123,34.844935],[137.102933,34.845546],[137.103528,34.845545],[137.105659,34.843617],[137.105978,34.842503],[137.106727,34.843044],[137.105932,34.843866],[137.104244,34.846114],[137.103443,34.846703],[137.103938,34.847438],[137.102592,34.848432],[137.101553,34.848722],[137.101065,34.849802],[137.101729,34.849916],[137.103243,34.849464],[137.103704,34.848668],[137.104425,34.848378],[137.104715,34.847418],[137.106111,34.846155],[137.10679,34.844912],[137.108167,34.844459],[137.109354,34.845102],[137.110033,34.844685],[137.111073,34.844452],[137.111196,34.843156],[137.112504,34.842958],[137.113111,34.843566],[137.113933,34.843853],[137.111216,34.845516],[137.110813,34.846434],[137.110926,34.847077],[137.111839,34.847395],[137.110462,34.848163],[137.109373,34.849173],[137.107747,34.849611],[137.107018,34.850664],[137.106578,34.850683],[137.104683,34.851786],[137.106001,34.85226],[137.107486,34.851561],[137.107345,34.852486],[137.106022,34.854012],[137.106475,34.854372],[137.107302,34.854012],[137.107974,34.853037],[137.108609,34.852902],[137.109659,34.851437],[137.109857,34.850243],[137.110366,34.850554],[137.110069,34.851698],[137.109411,34.85277],[137.10847,34.853448],[137.107579,34.854579],[137.108513,34.854663],[137.110634,34.853137],[137.110734,34.852221],[137.111463,34.850752],[137.111851,34.850872],[137.11137,34.852953],[137.112623,34.852511],[137.112723,34.851698],[137.113783,34.851993],[137.112658,34.853024],[137.111223,34.853836],[137.111809,34.854289],[137.113139,34.853624],[137.11445,34.852174],[137.11508,34.850735],[137.116639,34.849156],[137.117523,34.848739],[137.118573,34.847417],[137.120051,34.84693],[137.120751,34.846209],[137.121399,34.845946],[137.122228,34.846034],[137.122839,34.846422],[137.122499,34.848011],[137.123429,34.848531],[137.123384,34.849451],[137.123878,34.849905],[137.125136,34.849939],[137.125142,34.850572],[137.126373,34.852107],[137.126502,34.852808],[137.127001,34.853472],[137.125747,34.854074],[137.124735,34.855337],[137.123029,34.856722],[137.122468,34.856776],[137.12234,34.859001],[137.118529,34.859511],[137.117295,34.859879],[137.115173,34.859911],[137.115648,34.861701],[137.116667,34.862464],[137.1191,34.862386],[137.121055,34.862034],[137.123532,34.861997],[137.124016,34.862147],[137.125196,34.861963],[137.125259,34.862578],[137.126161,34.863],[137.125975,34.86338],[137.124331,34.862659],[137.123762,34.86283],[137.12301,34.862369],[137.122121,34.862545],[137.121107,34.862345],[137.119107,34.862902],[137.118196,34.86296],[137.117799,34.863408],[137.118311,34.863875],[137.120229,34.864439],[137.120132,34.865186],[137.121119,34.866467],[137.119311,34.865423],[137.117949,34.864787],[137.116756,34.865978],[137.117051,34.864499],[137.115531,34.863607],[137.114786,34.863921],[137.114894,34.862815],[137.114111,34.862488],[137.113925,34.861707],[137.112566,34.861713],[137.112406,34.862405],[137.110268,34.863119],[137.110968,34.861623],[137.108849,34.861734],[137.108989,34.863099],[137.108098,34.863138],[137.108278,34.861872],[137.107836,34.861494],[137.106791,34.862798],[137.107003,34.863439],[137.107611,34.863829],[137.108006,34.864922],[137.109109,34.864851],[137.109858,34.865325],[137.110519,34.864922],[137.112003,34.864854],[137.112971,34.865161],[137.113443,34.865995],[137.11364,34.867812],[137.114165,34.868011],[137.114479,34.869138],[137.115888,34.868137],[137.116224,34.868826],[137.115176,34.869889],[137.115544,34.870218],[137.116956,34.870016],[137.118076,34.869457],[137.119392,34.868348],[137.121,34.868709],[137.11967,34.869448],[137.119055,34.869554],[137.117834,34.870505],[137.118098,34.870937],[137.119233,34.870602],[137.119487,34.870993],[137.117929,34.872039],[137.117995,34.872598],[137.119207,34.873495],[137.119555,34.872588],[137.120471,34.871993],[137.120858,34.872252],[137.119661,34.873074],[137.120536,34.87343],[137.121256,34.872603],[137.12258,34.87172],[137.12262,34.870712],[137.123844,34.870188],[137.125107,34.870351],[137.126048,34.8694],[137.127115,34.868645],[137.127485,34.869449],[137.129172,34.869956],[137.129403,34.870283],[137.131479,34.87036],[137.132249,34.869471],[137.132681,34.869607],[137.133909,34.871487],[137.134768,34.872459],[137.134835,34.873338],[137.135438,34.87338],[137.135861,34.874054],[137.137074,34.874804],[137.136799,34.875538],[137.137464,34.878982],[137.136068,34.87875],[137.135346,34.880263],[137.135368,34.881135],[137.134764,34.882437],[137.136289,34.882536],[137.136906,34.882233],[137.138061,34.882458],[137.139679,34.882419],[137.140729,34.883169],[137.139277,34.884381],[137.138834,34.885859],[137.138156,34.88647],[137.137692,34.888372],[137.137818,34.890516],[137.135199,34.89052],[137.133624,34.890328],[137.128562,34.889502],[137.127396,34.889013],[137.127662,34.888657],[137.126818,34.887933],[137.126343,34.888191],[137.124458,34.886174],[137.123188,34.885043],[137.120069,34.883294],[137.118409,34.881573],[137.117291,34.879888],[137.116722,34.880153],[137.115216,34.879209],[137.110469,34.879019],[137.109949,34.878776],[137.103091,34.878852],[137.102846,34.879293],[137.104008,34.881653],[137.105017,34.883317],[137.106119,34.883643],[137.105186,34.884499],[137.104677,34.884092],[137.103324,34.885206],[137.10444,34.885837],[137.106335,34.887186],[137.107438,34.886161],[137.109637,34.887831],[137.110519,34.887026],[137.111265,34.887518],[137.112846,34.887843],[137.114932,34.889638],[137.115213,34.890762],[137.114484,34.891872],[137.114425,34.893762],[137.113822,34.893606],[137.112795,34.894982],[137.113278,34.895304],[137.112896,34.895846],[137.113888,34.896473],[137.114601,34.897396],[137.114787,34.899969],[137.113838,34.900477],[137.112104,34.902253],[137.11196,34.903354],[137.11079,34.903481],[137.109751,34.904079],[137.107988,34.904105]]],[[[137.033333,34.725031],[137.032384,34.723845],[137.031325,34.723822],[137.031421,34.723176],[137.032508,34.723001],[137.033488,34.722118],[137.034708,34.721274],[137.037084,34.72108],[137.036868,34.722465],[137.037817,34.723577],[137.037483,34.723958],[137.038474,34.724887],[137.039229,34.725088],[137.03936,34.725548],[137.040402,34.725936],[137.041357,34.726],[137.041727,34.726603],[137.043342,34.72665],[137.044085,34.726496],[137.045087,34.725652],[137.04462,34.724832],[137.045444,34.723983],[137.04492,34.722647],[137.04639,34.722241],[137.046829,34.720618],[137.048676,34.720118],[137.049367,34.720141],[137.050208,34.719062],[137.049466,34.717712],[137.049191,34.716707],[137.049093,34.715341],[137.047836,34.71471],[137.047246,34.714963],[137.046837,34.713759],[137.047511,34.713854],[137.047744,34.714617],[137.049129,34.715313],[137.05066,34.715054],[137.051536,34.715775],[137.052459,34.715752],[137.052513,34.717211],[137.053114,34.718524],[137.052866,34.719493],[137.053096,34.720533],[137.054089,34.721331],[137.05588,34.721672],[137.055945,34.722553],[137.055171,34.722305],[137.054039,34.722784],[137.053578,34.722554],[137.052654,34.722826],[137.052019,34.723357],[137.050495,34.723269],[137.049995,34.723701],[137.051097,34.724662],[137.052204,34.724744],[137.053064,34.725116],[137.053699,34.726024],[137.054199,34.72597],[137.054668,34.726752],[137.053943,34.727664],[137.053018,34.727874],[137.050757,34.728894],[137.049255,34.728487],[137.046364,34.72981],[137.045596,34.730506],[137.045024,34.73045],[137.042971,34.731237],[137.042074,34.73214],[137.039613,34.732824],[137.038854,34.733246],[137.038114,34.732619],[137.036288,34.7315],[137.036384,34.730056],[137.036864,34.729657],[137.03665,34.729149],[137.035763,34.728287],[137.035195,34.72852],[137.033955,34.72787],[137.033364,34.728296],[137.032543,34.728067],[137.031563,34.728393],[137.030515,34.727932],[137.032084,34.726907],[137.031865,34.726454],[137.033005,34.725987],[137.03385,34.726326],[137.033333,34.725031]]],[[[137.099145,34.765835],[137.101015,34.765939],[137.102356,34.766193],[137.103795,34.767379],[137.102592,34.767538],[137.102119,34.768213],[137.101984,34.769312],[137.100244,34.768997],[137.099434,34.769022],[137.09884,34.768665],[137.098487,34.767149],[137.098591,34.766026],[137.099145,34.765835]]],[[[137.146217,34.772558],[137.144707,34.772242],[137.144773,34.770802],[137.146401,34.7705],[137.147523,34.771117],[137.147916,34.772137],[137.147818,34.772631],[137.146217,34.772558]]],[[[137.144907,34.779777],[137.143843,34.779291],[137.143038,34.779646],[137.142311,34.779426],[137.142382,34.778752],[137.143279,34.779003],[137.144094,34.77829],[137.145004,34.778116],[137.145751,34.778322],[137.146193,34.778909],[137.145435,34.780122],[137.144907,34.779777]]],[[[137.045584,34.716591],[137.045248,34.71673],[137.045304,34.717842],[137.044311,34.717787],[137.044139,34.717086],[137.044401,34.715895],[137.04548,34.716072],[137.045584,34.716591]]]]}},
  {"type":"Feature","properties":{"name":"蒲郡市","code":"23214"},"geometry":{"type":"MultiPolygon","coordinates":[[[[137.212142,34.867637],[137.211506,34.867568],[137.210256,34.866567],[137.20877,34.866069],[137.207367,34.865173],[137.207209,34.864074],[137.206817,34.863722],[137.205303,34.863095],[137.204398,34.861093],[137.204929,34.860096],[137.204777,34.859575],[137.204883,34.858134],[137.20559,34.856813],[137.205506,34.856417],[137.203642,34.855419],[137.203426,34.855096],[137.200566,34.853807],[137.199129,34.85364],[137.197091,34.853109],[137.195877,34.852186],[137.195385,34.850903],[137.194387,34.850111],[137.194243,34.849538],[137.193152,34.848867],[137.192954,34.848181],[137.194453,34.846379],[137.196013,34.845258],[137.196536,34.845267],[137.197102,34.844682],[137.197996,34.841499],[137.197321,34.840543],[137.196154,34.839831],[137.19566,34.839257],[137.195708,34.838454],[137.195114,34.837664],[137.193926,34.837256],[137.193159,34.836088],[137.192314,34.835862],[137.191589,34.835327],[137.191746,34.832735],[137.192361,34.83194],[137.193214,34.831738],[137.194032,34.830042],[137.195116,34.829483],[137.195403,34.828646],[137.197444,34.828021],[137.198467,34.827238],[137.199226,34.827191],[137.199963,34.826442],[137.1996,34.825171],[137.197735,34.825156],[137.197161,34.82662],[137.19628,34.826566],[137.195461,34.826131],[137.196263,34.824925],[137.194897,34.824236],[137.194093,34.824198],[137.192022,34.824974],[137.191324,34.825051],[137.19061,34.824698],[137.19125,34.8242],[137.190462,34.823377],[137.191492,34.822337],[137.19158,34.821378],[137.191367,34.820734],[137.190259,34.820616],[137.189003,34.819077],[137.187811,34.818877],[137.186402,34.819341],[137.186605,34.820456],[137.187143,34.821373],[137.186927,34.822926],[137.185867,34.823804],[137.185152,34.823846],[137.18494,34.823257],[137.18372,34.82316],[137.182882,34.82331],[137.180031,34.822929],[137.180098,34.823682],[137.179795,34.825005],[137.179001,34.82609],[137.178197,34.825975],[137.177915,34.825321],[137.176674,34.824476],[137.176166,34.824428],[137.17517,34.823763],[137.173704,34.823787],[137.172661,34.823988],[137.171176,34.823329],[137.170474,34.822421],[137.170427,34.821515],[137.169301,34.820401],[137.168119,34.819928],[137.167813,34.819002],[137.166801,34.818209],[137.165443,34.816859],[137.164784,34.815732],[137.163694,34.814958],[137.164524,34.814553],[137.165803,34.81461],[137.16695,34.814454],[137.169545,34.813041],[137.170331,34.812808],[137.171067,34.811893],[137.169858,34.810382],[137.170366,34.809236],[137.170114,34.808841],[137.169777,34.80657],[137.170139,34.80533],[137.169969,34.804443],[137.170421,34.802009],[137.170721,34.801499],[137.171843,34.800559],[137.171599,34.800065],[137.170139,34.799299],[137.169946,34.797924],[137.1702,34.797373],[137.170133,34.796487],[137.16905,34.795778],[137.168946,34.795248],[137.169928,34.792927],[137.169266,34.792335],[137.169383,34.791678],[137.168623,34.790416],[137.167953,34.789941],[137.168318,34.789083],[137.168394,34.787623],[137.168637,34.786936],[137.1704,34.78683],[137.172426,34.7862],[137.174491,34.784798],[137.174514,34.783799],[137.173923,34.783581],[137.174364,34.782776],[137.175378,34.783089],[137.175985,34.781962],[137.174941,34.781575],[137.175274,34.780956],[137.177118,34.781634],[137.177508,34.780709],[137.17607,34.780301],[137.176212,34.779956],[137.177642,34.780366],[137.177838,34.779254],[137.177213,34.778685],[137.178292,34.778511],[137.177921,34.777768],[137.177392,34.77802],[137.175747,34.777891],[137.175459,34.777225],[137.174115,34.77579],[137.174547,34.774851],[137.175467,34.774435],[137.175542,34.773653],[137.175066,34.772165],[137.174111,34.772362],[137.173783,34.771894],[137.174868,34.771382],[137.174402,34.770803],[137.173459,34.770327],[137.172105,34.770208],[137.171727,34.770644],[137.170526,34.770557],[137.168998,34.769748],[137.168222,34.768951],[137.16818,34.76824],[137.168571,34.767514],[137.168805,34.766768],[137.169428,34.766072],[137.169527,34.765251],[137.171224,34.765285],[137.171919,34.765869],[137.174509,34.765997],[137.175402,34.765171],[137.176023,34.765493],[137.177943,34.765666],[137.179568,34.767451],[137.179872,34.768164],[137.182322,34.769091],[137.183357,34.770484],[137.185109,34.772138],[137.186038,34.772599],[137.1876,34.774061],[137.188547,34.775164],[137.189362,34.775711],[137.190021,34.77716],[137.190329,34.778687],[137.190175,34.779199],[137.188844,34.780168],[137.188095,34.779567],[137.187329,34.779876],[137.186874,34.780587],[137.186912,34.78154],[137.187772,34.781542],[137.187733,34.782085],[137.186928,34.782048],[137.187103,34.782747],[137.188266,34.782832],[137.188163,34.784227],[137.188591,34.785013],[137.188609,34.785965],[137.18811,34.786372],[137.187025,34.786512],[137.186724,34.786904],[137.186658,34.788003],[137.187325,34.789618],[137.187934,34.790218],[137.190176,34.78998],[137.190615,34.792843],[137.189982,34.793417],[137.188747,34.793301],[137.187906,34.791903],[137.18674,34.792182],[137.185865,34.791897],[137.186192,34.792865],[137.187326,34.7937],[137.188124,34.795339],[137.188467,34.795699],[137.187579,34.796305],[137.188234,34.797584],[137.189785,34.796502],[137.190725,34.797921],[137.191741,34.800605],[137.192783,34.803093],[137.193625,34.804271],[137.193096,34.804866],[137.195332,34.807287],[137.193439,34.808849],[137.194672,34.809563],[137.195941,34.8087],[137.198567,34.811073],[137.20096,34.809287],[137.200775,34.809052],[137.203529,34.806992],[137.203753,34.807192],[137.20967,34.802748],[137.21173,34.804621],[137.213748,34.803108],[137.215585,34.804782],[137.213725,34.806229],[137.215901,34.808203],[137.215893,34.808396],[137.217663,34.810934],[137.218116,34.811045],[137.219129,34.812497],[137.214454,34.815883],[137.216262,34.817581],[137.220419,34.81456],[137.222871,34.81681],[137.216033,34.821759],[137.216074,34.823187],[137.216736,34.823134],[137.217643,34.822425],[137.224773,34.819261],[137.224282,34.81811],[137.225623,34.817717],[137.225997,34.818565],[137.227654,34.818104],[137.228804,34.8181],[137.229229,34.817477],[137.229105,34.815988],[137.230831,34.815843],[137.233734,34.814718],[137.237974,34.813392],[137.243858,34.81239],[137.244571,34.812113],[137.244585,34.813158],[137.242785,34.81388],[137.242664,34.814895],[137.244496,34.815045],[137.244534,34.814402],[137.247206,34.813116],[137.246351,34.812118],[137.246878,34.811786],[137.2476,34.81256],[137.249054,34.811283],[137.249765,34.810849],[137.248556,34.809661],[137.251098,34.807388],[137.251634,34.806452],[137.251074,34.805581],[137.251604,34.805289],[137.252486,34.805961],[137.253191,34.805896],[137.254352,34.806577],[137.255251,34.806296],[137.257599,34.804762],[137.257861,34.804386],[137.260187,34.804723],[137.261205,34.80465],[137.261787,34.805218],[137.263913,34.805948],[137.264717,34.805939],[137.265009,34.805099],[137.266612,34.805336],[137.267515,34.805034],[137.26776,34.804365],[137.269564,34.804772],[137.270187,34.803706],[137.270552,34.803641],[137.272,34.804924],[137.272808,34.805335],[137.275518,34.806025],[137.277626,34.804027],[137.278501,34.803983],[137.278233,34.804814],[137.277358,34.804815],[137.276603,34.806605],[137.276444,34.808134],[137.275244,34.808139],[137.274833,34.808773],[137.275461,34.808954],[137.275462,34.809861],[137.277471,34.810193],[137.279541,34.810225],[137.280849,34.810049],[137.280843,34.808595],[137.278995,34.808031],[137.279437,34.807579],[137.279861,34.806166],[137.279722,34.805524],[137.280333,34.804985],[137.281298,34.804904],[137.2825,34.805579],[137.284507,34.805917],[137.286104,34.805799],[137.286503,34.805044],[137.2887,34.805326],[137.291159,34.805005],[137.292079,34.804553],[137.292843,34.804501],[137.293733,34.804994],[137.294256,34.805792],[137.294912,34.809939],[137.294501,34.810573],[137.293733,34.810778],[137.290621,34.811162],[137.289453,34.811541],[137.286884,34.811753],[137.287143,34.812526],[137.28859,34.812828],[137.290296,34.812573],[137.291433,34.812085],[137.293156,34.812133],[137.294477,34.811871],[137.295368,34.811383],[137.296803,34.811152],[137.298018,34.810675],[137.298031,34.812484],[137.297776,34.813162],[137.296466,34.813627],[137.295232,34.814618],[137.294999,34.815589],[137.293455,34.816078],[137.293558,34.817631],[137.292976,34.8195],[137.291945,34.820439],[137.291456,34.821386],[137.289954,34.822975],[137.289326,34.823899],[137.290659,34.82446],[137.292014,34.824833],[137.293905,34.825109],[137.295326,34.824221],[137.296111,34.824011],[137.296582,34.824588],[137.297361,34.824415],[137.298243,34.823143],[137.299088,34.824093],[137.299959,34.824019],[137.300879,34.824309],[137.301762,34.825321],[137.301657,34.826491],[137.300848,34.826981],[137.300051,34.827117],[137.300056,34.827984],[137.297872,34.829671],[137.297511,34.831083],[137.297059,34.831942],[137.296361,34.832117],[137.295577,34.833316],[137.294539,34.833766],[137.293056,34.833866],[137.292722,34.833225],[137.291639,34.833065],[137.28769,34.833409],[137.287083,34.833841],[137.286595,34.834882],[137.28479,34.834903],[137.283562,34.835246],[137.282223,34.835383],[137.280347,34.835094],[137.279237,34.835448],[137.278023,34.835161],[137.277503,34.835352],[137.275377,34.834646],[137.274643,34.833976],[137.271749,34.835688],[137.269823,34.837286],[137.269514,34.838103],[137.267935,34.837982],[137.26692,34.838157],[137.265395,34.838778],[137.265335,34.839401],[137.264709,34.840637],[137.263652,34.841553],[137.263724,34.842061],[137.26329,34.843169],[137.26347,34.84359],[137.262887,34.844509],[137.261618,34.84547],[137.260438,34.846042],[137.260442,34.846616],[137.25987,34.84684],[137.259875,34.848464],[137.259314,34.848831],[137.258328,34.850118],[137.258092,34.851287],[137.257709,34.851892],[137.257923,34.852825],[137.257098,34.854875],[137.256531,34.855824],[137.256609,34.856427],[137.256331,34.857631],[137.256959,34.858645],[137.256931,34.860732],[137.25635,34.860979],[137.255355,34.86042],[137.253718,34.861215],[137.252936,34.861941],[137.25172,34.862193],[137.250563,34.862651],[137.248254,34.862787],[137.247132,34.863442],[137.246003,34.863315],[137.245216,34.862823],[137.243211,34.863934],[137.242586,34.864851],[137.241944,34.865295],[137.240431,34.865548],[137.238775,34.866759],[137.236921,34.866108],[137.23501,34.866442],[137.233605,34.866179],[137.232823,34.864825],[137.232336,34.864605],[137.231099,34.865064],[137.229405,34.865439],[137.229281,34.865928],[137.229748,34.8665],[137.228701,34.867636],[137.227099,34.868811],[137.226826,34.869505],[137.225626,34.870106],[137.223964,34.870235],[137.222828,34.869797],[137.221637,34.869862],[137.220708,34.86948],[137.219001,34.869591],[137.217104,34.869414],[137.216469,34.869101],[137.214346,34.868537],[137.212142,34.867637]]],[[[137.233206,34.789446],[137.231351,34.788488],[137.230245,34.788789],[137.229031,34.788192],[137.228685,34.7878],[137.229237,34.786649],[137.231318,34.787033],[137.232773,34.786805],[137.233486,34.786988],[137.234909,34.786682],[137.23546,34.787507],[137.235254,34.787807],[137.236227,34.789188],[137.235382,34.789951],[137.234412,34.790502],[137.233206,34.789446]]],[[[137.231135,34.811898],[137.230996,34.811259],[137.231311,34.809861],[137.232291,34.81061],[137.232276,34.811854],[137.231623,34.812176],[137.231135,34.811898]]]]}},
  {"type":"Feature","properties":{"name":"犬山市","code":"23215"},"geometry":{"type":"MultiPolygon","coordinates":[[[[137.046311,35.339541],[137.046154,35.341594],[137.046436,35.343044],[137.046003,35.34402],[137.04653,35.345417],[137.046389,35.346347],[137.046642,35.348514],[137.045843,35.349071],[137.045241,35.350597],[137.046097,35.351314],[137.047395,35.351765],[137.047894,35.352352],[137.047988,35.353382],[137.048844,35.35529],[137.049107,35.357792],[137.04985,35.3596],[137.049558,35.360562],[137.048984,35.361454],[137.048589,35.362927],[137.048053,35.3634],[137.04779,35.364407],[137.046943,35.365666],[137.046953,35.366131],[137.046078,35.366208],[137.04509,35.367413],[137.040754,35.366909],[137.039399,35.367589],[137.038101,35.367474],[137.037565,35.367787],[137.035393,35.367863],[137.033982,35.368046],[137.034057,35.368908],[137.032749,35.369015],[137.031038,35.370152],[137.0299,35.370724],[137.029391,35.371563],[137.029288,35.372525],[137.029758,35.373562],[137.029608,35.374195],[137.028281,35.375324],[137.028028,35.376171],[137.02641,35.375126],[137.025403,35.375309],[137.022995,35.375034],[137.02135,35.375698],[137.020211,35.375652],[137.018866,35.376514],[137.017916,35.376667],[137.017042,35.377315],[137.01612,35.377666],[137.016007,35.378956],[137.015188,35.380512],[137.015264,35.381336],[137.014172,35.381771],[137.012442,35.381519],[137.01089,35.381733],[137.010392,35.381305],[137.008134,35.381648],[137.007523,35.381466],[137.006074,35.381816],[137.004174,35.381084],[137.003158,35.381107],[137.002124,35.381481],[137.00218,35.38335],[137.000957,35.383983],[136.999593,35.385166],[136.999048,35.386158],[136.999631,35.38721],[136.999085,35.388363],[136.999245,35.390048],[136.998446,35.39133],[136.998041,35.391506],[136.997028,35.390987],[136.996246,35.391719],[136.996189,35.392379],[136.995474,35.393058],[136.993742,35.393571],[136.992784,35.392831],[136.991492,35.393068],[136.991311,35.39425],[136.990113,35.394857],[136.990178,35.395576],[136.989341,35.396343],[136.989973,35.397594],[136.989834,35.398853],[136.9887,35.400026],[136.988963,35.401164],[136.987699,35.401597],[136.987313,35.401984],[136.985219,35.401997],[136.984168,35.401504],[136.982821,35.401431],[136.981574,35.401577],[136.980818,35.401911],[136.980506,35.40277],[136.978265,35.403176],[136.978437,35.404162],[136.978224,35.404981],[136.978577,35.40642],[136.979989,35.407539],[136.980284,35.408185],[136.981163,35.409158],[136.982567,35.409924],[136.983503,35.410683],[136.984595,35.411889],[136.984899,35.413175],[136.984587,35.413794],[136.984981,35.414234],[136.987099,35.415373],[136.987017,35.415773],[136.985251,35.417478],[136.985843,35.418058],[136.986031,35.419237],[136.986425,35.419999],[136.987494,35.420488],[136.988548,35.420501],[136.989451,35.421685],[136.990159,35.422296],[136.990513,35.423096],[136.992463,35.423518],[136.993088,35.424263],[136.991333,35.424624],[136.98848,35.424776],[136.985725,35.424519],[136.984015,35.424025],[136.98202,35.423627],[136.97876,35.422699],[136.97535,35.422021],[136.974416,35.421617],[136.971382,35.422143],[136.968657,35.422051],[136.965645,35.421458],[136.964373,35.420939],[136.963424,35.420169],[136.962698,35.419223],[136.96182,35.417557],[136.961516,35.415858],[136.961121,35.414893],[136.96136,35.413314],[136.962624,35.409577],[136.963018,35.408031],[136.963092,35.406553],[136.962862,35.404854],[136.962805,35.403249],[136.962288,35.400811],[136.961713,35.399771],[136.960982,35.399052],[136.959266,35.397793],[136.956705,35.396454],[136.953987,35.395668],[136.95035,35.394928],[136.94801,35.394029],[136.941195,35.391131],[136.93732,35.389412],[136.93512,35.388246],[136.931975,35.385501],[136.929102,35.38313],[136.926146,35.381044],[136.924201,35.380051],[136.92145,35.37903],[136.922595,35.377178],[136.923256,35.375849],[136.923172,35.37546],[136.921666,35.374731],[136.919295,35.373081],[136.91755,35.372116],[136.916875,35.371474],[136.91906,35.369063],[136.920104,35.368299],[136.921041,35.36787],[136.920779,35.366872],[136.92176,35.366418],[136.923466,35.367863],[136.924411,35.367297],[136.925517,35.367081],[136.925619,35.368105],[136.926441,35.369114],[136.930637,35.367785],[136.931867,35.3695],[136.933013,35.370873],[136.93351,35.370873],[136.935238,35.370217],[136.936263,35.369267],[136.936729,35.368456],[136.937427,35.36584],[136.936561,35.364052],[136.936517,35.362506],[136.937032,35.362571],[136.938577,35.361663],[136.939847,35.36134],[136.940402,35.360291],[136.940673,35.3592],[136.941802,35.359174],[136.941944,35.358692],[136.941986,35.355246],[136.94157,35.352321],[136.940865,35.351636],[136.940851,35.351194],[136.939064,35.351079],[136.938109,35.350377],[136.93797,35.347908],[136.937644,35.347461],[136.93558,35.345951],[136.936008,35.344966],[136.936184,35.343881],[136.936671,35.343764],[136.936649,35.342537],[136.93573,35.341838],[136.935281,35.341066],[136.935233,35.339888],[136.933259,35.336524],[136.933507,35.334989],[136.933514,35.333334],[136.933091,35.331807],[136.932256,35.33132],[136.932331,35.329963],[136.931156,35.328642],[136.929689,35.327634],[136.929116,35.32752],[136.92799,35.326788],[136.927545,35.325956],[136.926976,35.325872],[136.925044,35.324877],[136.925049,35.323914],[136.924384,35.323926],[136.921753,35.319286],[136.924331,35.320301],[136.925606,35.320901],[136.926036,35.321643],[136.926981,35.321366],[136.927876,35.322893],[136.931145,35.321728],[136.932423,35.322054],[136.934263,35.321874],[136.936286,35.321083],[136.937133,35.321659],[136.93804,35.321548],[136.938873,35.322617],[136.939756,35.323311],[136.941109,35.323436],[136.944315,35.322924],[136.946535,35.323217],[136.950331,35.322904],[136.949947,35.320978],[136.947739,35.31941],[136.948836,35.319188],[136.948579,35.317413],[136.948468,35.315393],[136.947802,35.314542],[136.947321,35.313375],[136.947926,35.313042],[136.950589,35.312827],[136.951283,35.313306],[136.951874,35.313126],[136.952672,35.313757],[136.954249,35.313667],[136.954755,35.314618],[136.956993,35.315466],[136.958905,35.314709],[136.959423,35.314672],[136.961355,35.31566],[136.962243,35.315327],[136.963172,35.316264],[136.964775,35.316644],[136.965713,35.317672],[136.965714,35.318219],[136.967577,35.320618],[136.968296,35.321283],[136.969144,35.321592],[136.969368,35.322276],[136.970713,35.322751],[136.972634,35.323836],[136.973364,35.323496],[136.973829,35.322913],[136.974864,35.322511],[136.975892,35.322608],[136.977223,35.323031],[136.977605,35.323621],[136.978889,35.32472],[136.979779,35.324204],[136.981125,35.324332],[136.98132,35.323205],[136.980855,35.322108],[136.981866,35.321388],[136.983366,35.321333],[136.984304,35.320576],[136.985269,35.321284],[136.985841,35.323469],[136.986911,35.325121],[136.986902,35.3257],[136.987324,35.326825],[136.987343,35.327562],[136.988859,35.329791],[136.989156,35.330613],[136.990206,35.330454],[136.990665,35.330746],[136.99372,35.330309],[136.994835,35.330051],[136.996265,35.330981],[136.99703,35.330811],[136.99794,35.33099],[136.999146,35.331996],[136.999978,35.332251],[137.000751,35.332168],[137.002161,35.331451],[137.004395,35.330756],[137.005261,35.33108],[137.007326,35.331135],[137.00848,35.330928],[137.009415,35.330177],[137.009907,35.330081],[137.010884,35.330501],[137.012158,35.331693],[137.012481,35.333512],[137.01288,35.334835],[137.016506,35.335028],[137.01767,35.334794],[137.018316,35.333767],[137.018783,35.333891],[137.018018,35.335042],[137.018868,35.334932],[137.019768,35.333801],[137.0201,35.333994],[137.019173,35.335311],[137.019479,35.335621],[137.020617,35.335814],[137.020702,35.335007],[137.022393,35.334194],[137.022936,35.334594],[137.023887,35.333946],[137.025238,35.334146],[137.026614,35.333905],[137.028346,35.33405],[137.030257,35.333691],[137.031064,35.333933],[137.032449,35.333774],[137.03391,35.333899],[137.034232,35.334174],[137.036602,35.33467],[137.03746,35.335345],[137.03836,35.335759],[137.039201,35.335511],[137.040042,35.335614],[137.041519,35.336166],[137.042824,35.338],[137.043897,35.338618],[137.045608,35.338984],[137.046229,35.339442],[137.046311,35.339541]]]]}},
  {"type":"Feature","properties":{"name":"常滑市","code":"23216"},"geometry":{"type":"MultiPolygon","coordinates":[[[[136.879788,34.918113],[136.88144,34.919263],[136.883605,34.920465],[136.884041,34.921455],[136.884385,34.922971],[136.886326,34.927139],[136.886946,34.928787],[136.888456,34.931432],[136.88926,34.933042],[136.889701,34.934252],[136.890621,34.935711],[136.89152,34.936362],[136.892027,34.937318],[136.891344,34.937747],[136.891924,34.939309],[136.891689,34.940001],[136.890756,34.939897],[136.889383,34.940108],[136.888525,34.940572],[136.88807,34.941171],[136.886675,34.941151],[136.884056,34.941739],[136.88315,34.941423],[136.881359,34.941977],[136.880667,34.942408],[136.879353,34.94215],[136.87737,34.942573],[136.87637,34.941793],[136.875287,34.941982],[136.874366,34.942396],[136.872609,34.94206],[136.871436,34.942091],[136.870693,34.941827],[136.870232,34.941232],[136.866392,34.941065],[136.865633,34.941141],[136.864226,34.941623],[136.86349,34.94072],[136.863438,34.939806],[136.862423,34.939168],[136.862243,34.938695],[136.861229,34.93831],[136.858589,34.937713],[136.857964,34.936272],[136.856691,34.934822],[136.856583,34.934239],[136.854988,34.932304],[136.852617,34.932055],[136.85137,34.931536],[136.848434,34.93321],[136.847384,34.932117],[136.847051,34.932137],[136.843326,34.934551],[136.843353,34.934921],[136.84055,34.935765],[136.837644,34.936256],[136.834862,34.937457],[136.834394,34.937548],[136.832178,34.937404],[136.83091,34.937191],[136.829465,34.936586],[136.82904,34.937417],[136.828783,34.938866],[136.826793,34.939207],[136.825,34.939359],[136.824774,34.938689],[136.824257,34.938463],[136.822805,34.935621],[136.823256,34.9349],[136.822742,34.934032],[136.822869,34.933382],[136.823915,34.931956],[136.824282,34.930559],[136.824079,34.928749],[136.824137,34.927216],[136.823553,34.923641],[136.823703,34.922409],[136.823396,34.919709],[136.822811,34.91735],[136.822642,34.915282],[136.822189,34.915095],[136.822068,34.912705],[136.822616,34.91253],[136.822575,34.911028],[136.822252,34.909718],[136.821776,34.90872],[136.820819,34.908538],[136.820934,34.907924],[136.821702,34.907924],[136.821697,34.906139],[136.821861,34.905527],[136.823537,34.905215],[136.823846,34.904483],[136.824772,34.904154],[136.82435,34.903185],[136.823711,34.903274],[136.822713,34.902983],[136.822227,34.902027],[136.822845,34.900277],[136.824342,34.897496],[136.824788,34.895691],[136.824758,34.89505],[136.825602,34.895021],[136.82576,34.893848],[136.826891,34.893072],[136.826016,34.892608],[136.823882,34.890725],[136.822503,34.889096],[136.82223,34.887941],[136.822266,34.886846],[136.822566,34.886151],[136.822582,34.885063],[136.822329,34.884491],[136.821696,34.884233],[136.822332,34.882912],[136.824437,34.879331],[136.825742,34.877453],[136.827493,34.875304],[136.827666,34.875262],[136.829857,34.876487],[136.83277,34.874447],[136.835432,34.878954],[136.83501,34.881456],[136.835782,34.881539],[136.836884,34.884104],[136.83793,34.884386],[136.838067,34.88304],[136.83842,34.881901],[136.83933,34.880463],[136.84007,34.880052],[136.838731,34.879461],[136.839381,34.878644],[136.840459,34.879121],[136.841079,34.877834],[136.840581,34.876842],[136.83836,34.877744],[136.838108,34.87756],[136.837219,34.87587],[136.843321,34.872333],[136.844276,34.872401],[136.845916,34.871133],[136.847571,34.870536],[136.848864,34.870456],[136.849629,34.869993],[136.850766,34.868308],[136.851063,34.868255],[136.853061,34.866856],[136.854654,34.866],[136.855863,34.864607],[136.857215,34.86208],[136.857606,34.859923],[136.857485,34.857533],[136.85691,34.856114],[136.857395,34.855754],[136.857626,34.854424],[136.858554,34.852756],[136.859207,34.852779],[136.859595,34.851565],[136.860565,34.851635],[136.861358,34.850582],[136.861644,34.849459],[136.861935,34.849318],[136.862885,34.84742],[136.863372,34.845915],[136.863387,34.844819],[136.863643,34.84338],[136.864252,34.84259],[136.865356,34.840497],[136.86631,34.83976],[136.866609,34.838011],[136.866089,34.83482],[136.865626,34.832891],[136.865772,34.832381],[136.865199,34.83069],[136.865805,34.830067],[136.865863,34.829428],[136.865083,34.829396],[136.864701,34.827162],[136.865191,34.827155],[136.865513,34.826204],[136.865382,34.825261],[136.864461,34.822312],[136.863957,34.821824],[136.863635,34.820932],[136.863016,34.820849],[136.863081,34.820077],[136.862843,34.818724],[136.862997,34.818155],[136.862279,34.816087],[136.861844,34.814053],[136.86284,34.813955],[136.863147,34.814319],[136.865012,34.814238],[136.865504,34.813593],[136.867075,34.812614],[136.868226,34.812675],[136.868916,34.813523],[136.870674,34.812916],[136.87236,34.814331],[136.87359,34.814056],[136.874186,34.814261],[136.87574,34.814283],[136.877,34.813426],[136.878652,34.812771],[136.880585,34.812695],[136.880946,34.812409],[136.882443,34.812794],[136.883644,34.813456],[136.88492,34.812843],[136.886541,34.812288],[136.887484,34.812944],[136.88751,34.814178],[136.886913,34.815005],[136.886348,34.81571],[136.885748,34.815855],[136.885337,34.816503],[136.885314,34.817502],[136.88389,34.819492],[136.884505,34.819991],[136.884766,34.820626],[136.884213,34.821062],[136.884054,34.821809],[136.883126,34.822536],[136.882511,34.823589],[136.88273,34.824316],[136.882429,34.825016],[136.882628,34.825995],[136.883098,34.827],[136.884632,34.827607],[136.884708,34.828322],[136.884363,34.829016],[136.884408,34.830129],[136.884867,34.831595],[136.884632,34.832631],[136.885326,34.833604],[136.884494,34.835829],[136.884092,34.836318],[136.884743,34.837295],[136.88482,34.837809],[136.884501,34.84033],[136.883748,34.842081],[136.882752,34.845762],[136.881895,34.850737],[136.883779,34.85146],[136.88543,34.851457],[136.888036,34.851978],[136.889768,34.853119],[136.89239,34.853738],[136.891309,34.853996],[136.891426,34.855579],[136.890837,34.857221],[136.890518,34.858816],[136.889955,34.859748],[136.889516,34.861282],[136.888254,34.862852],[136.888193,34.86394],[136.888898,34.864247],[136.888121,34.865162],[136.886186,34.866609],[136.884606,34.866694],[136.883045,34.867325],[136.882333,34.86827],[136.881428,34.868197],[136.880673,34.870149],[136.880343,34.870511],[136.8799,34.872009],[136.880605,34.872711],[136.879292,34.872622],[136.87815,34.873773],[136.877885,34.87448],[136.876833,34.874617],[136.876555,34.875378],[136.87594,34.876049],[136.875688,34.878341],[136.876124,34.879117],[136.875842,34.88153],[136.875263,34.882103],[136.874896,34.882945],[136.875006,34.883824],[136.876229,34.887016],[136.876791,34.887345],[136.877192,34.888137],[136.877128,34.890375],[136.876644,34.892993],[136.877192,34.894721],[136.876901,34.896335],[136.876018,34.897235],[136.874436,34.897616],[136.874021,34.89729],[136.873318,34.897566],[136.870531,34.897123],[136.870223,34.897809],[136.868478,34.898443],[136.868551,34.899077],[136.868101,34.899597],[136.867282,34.899582],[136.865751,34.900176],[136.865721,34.900673],[136.866567,34.901914],[136.866658,34.902568],[136.867775,34.903194],[136.867987,34.904636],[136.869112,34.905448],[136.869502,34.906178],[136.868928,34.907054],[136.869431,34.907893],[136.869214,34.908836],[136.869477,34.909831],[136.870686,34.910726],[136.872056,34.911966],[136.872553,34.911827],[136.873339,34.912206],[136.873446,34.913139],[136.87507,34.913973],[136.875924,34.914955],[136.878673,34.916369],[136.878378,34.916908],[136.879147,34.917267],[136.879788,34.918113]]],[[[136.799074,34.873035],[136.800564,34.870407],[136.803328,34.858946],[136.80278,34.857831],[136.803729,34.85731],[136.806478,34.845858],[136.806306,34.842894],[136.806966,34.84019],[136.807808,34.839426],[136.808752,34.839275],[136.814203,34.840206],[136.812641,34.846732],[136.823568,34.84855],[136.82447,34.848744],[136.824324,34.851588],[136.823928,34.85652],[136.823699,34.8581],[136.823386,34.859188],[136.819666,34.85858],[136.819029,34.861233],[136.822693,34.861829],[136.822002,34.863514],[136.820651,34.865935],[136.818839,34.868418],[136.816973,34.870481],[136.815376,34.872061],[136.813362,34.873721],[136.812234,34.874447],[136.806335,34.877415],[136.80497,34.87786],[136.803739,34.877848],[136.799814,34.877216],[136.798643,34.876491],[136.798452,34.875577],[136.799074,34.873035]]]]}},
  {"type":"Feature","properties":{"name":"江南市","code":"23217"},"geometry":{"type":"MultiPolygon","coordinates":[[[[136.877254,35.30227],[136.879343,35.301348],[136.879248,35.300807],[136.880523,35.300713],[136.881807,35.299509],[136.88257,35.299637],[136.883615,35.299078],[136.884007,35.299374],[136.884778,35.302766],[136.884812,35.303862],[136.885334,35.304829],[136.886799,35.304824],[136.887523,35.304573],[136.88878,35.306901],[136.882949,35.309236],[136.883019,35.310191],[136.882817,35.312182],[136.883067,35.314098],[136.883414,35.314854],[136.88379,35.316506],[136.884123,35.317218],[136.883588,35.318427],[136.88491,35.320698],[136.885491,35.321316],[136.889065,35.321324],[136.890218,35.323335],[136.890898,35.323099],[136.891628,35.324501],[136.890153,35.325251],[136.892159,35.329171],[136.891081,35.329575],[136.892949,35.332036],[136.894205,35.334481],[136.894532,35.335413],[136.896327,35.336938],[136.897112,35.338151],[136.89956,35.340883],[136.899649,35.34134],[136.897458,35.341971],[136.894866,35.342467],[136.893355,35.343238],[136.89201,35.344599],[136.892064,35.344896],[136.893242,35.345471],[136.895091,35.346741],[136.894924,35.347419],[136.894306,35.34816],[136.894054,35.349998],[136.893178,35.351427],[136.892489,35.35301],[136.891853,35.353788],[136.892993,35.354962],[136.896424,35.359684],[136.896349,35.36002],[136.894802,35.361422],[136.896186,35.363318],[136.895853,35.36502],[136.896279,35.365762],[136.896049,35.366583],[136.896371,35.367516],[136.897227,35.368706],[136.897804,35.369921],[136.89889,35.371773],[136.898504,35.373166],[136.896361,35.37471],[136.895706,35.374972],[136.894694,35.374865],[136.892718,35.378089],[136.889602,35.377993],[136.886178,35.377527],[136.87805,35.374471],[136.87606,35.373882],[136.873961,35.373403],[136.871129,35.372917],[136.867805,35.372639],[136.864932,35.372605],[136.861262,35.368377],[136.859816,35.367562],[136.859204,35.367463],[136.858195,35.366809],[136.855035,35.365338],[136.851353,35.363803],[136.848613,35.362768],[136.848369,35.36247],[136.844342,35.361002],[136.83425,35.356],[136.834039,35.355945],[136.83423,35.354759],[136.835663,35.353625],[136.83722,35.352728],[136.837139,35.351219],[136.838098,35.350994],[136.83748,35.35026],[136.83587,35.349482],[136.833578,35.347597],[136.832423,35.346886],[136.832316,35.346291],[136.833641,35.345565],[136.833895,35.346952],[136.8352,35.346814],[136.835119,35.346277],[136.836418,35.34651],[136.837749,35.346278],[136.837866,35.345638],[136.838579,35.344966],[136.840608,35.345488],[136.841804,35.345533],[136.841275,35.342217],[136.840971,35.3414],[136.841024,35.340024],[136.84037,35.338891],[136.841113,35.338884],[136.841507,35.33749],[136.84303,35.336728],[136.844188,35.336609],[136.84466,35.335311],[136.845653,35.33139],[136.845587,35.329594],[136.84327,35.32877],[136.841527,35.328314],[136.840209,35.327814],[136.840333,35.327486],[136.842211,35.328122],[136.84491,35.327555],[136.847141,35.327504],[136.848322,35.326792],[136.848567,35.327021],[136.850005,35.327248],[136.85099,35.326716],[136.853128,35.325165],[136.854076,35.324329],[136.85622,35.323427],[136.856873,35.322004],[136.856699,35.321241],[136.855607,35.320849],[136.853974,35.321009],[136.854081,35.320464],[136.855524,35.320339],[136.85634,35.319923],[136.854984,35.318559],[136.855197,35.317894],[136.854845,35.31689],[136.855921,35.316459],[136.856509,35.315484],[136.858044,35.315692],[136.859905,35.314944],[136.861955,35.313565],[136.860749,35.311974],[136.860735,35.311043],[136.862179,35.309475],[136.864303,35.309169],[136.86465,35.310937],[136.866532,35.310687],[136.866853,35.311906],[136.869191,35.311561],[136.869126,35.310227],[136.868615,35.309106],[136.869287,35.308454],[136.871128,35.308366],[136.872307,35.308017],[136.871896,35.307011],[136.871669,35.304633],[136.872672,35.304471],[136.874223,35.303766],[136.874685,35.303246],[136.876798,35.302205],[136.877254,35.30227]]]]}},
  {"type":"Feature","properties":{"name":"小牧市","code":"23219"},"geometry":{"type":"MultiPolygon","coordinates":[[[[137.046229,35.339442],[137.045608,35.338984],[137.043897,35.338618],[137.042824,35.338],[137.041519,35.336166],[137.040042,35.335614],[137.039201,35.335511],[137.03836,35.335759],[137.03746,35.335345],[137.036602,35.33467],[137.034232,35.334174],[137.03391,35.333899],[137.032449,35.333774],[137.031064,35.333933],[137.030257,35.333691],[137.028346,35.33405],[137.026614,35.333905],[137.025238,35.334146],[137.023887,35.333946],[137.022936,35.334594],[137.022393,35.334194],[137.020702,35.335007],[137.020617,35.335814],[137.019479,35.335621],[137.019173,35.335311],[137.0201,35.333994],[137.019768,35.333801],[137.018868,35.334932],[137.018018,35.335042],[137.018783,35.333891],[137.018316,35.333767],[137.01767,35.334794],[137.016506,35.335028],[137.01288,35.334835],[137.012481,35.333512],[137.012158,35.331693],[137.010884,35.330501],[137.009907,35.330081],[137.009415,35.330177],[137.00848,35.330928],[137.007326,35.331135],[137.005261,35.33108],[137.004395,35.330756],[137.002161,35.331451],[137.000751,35.332168],[136.999978,35.332251],[136.999146,35.331996],[136.99794,35.33099],[136.99703,35.330811],[136.996265,35.330981],[136.994835,35.330051],[136.99372,35.330309],[136.990665,35.330746],[136.990206,35.330454],[136.989156,35.330613],[136.988859,35.329791],[136.987343,35.327562],[136.987324,35.326825],[136.986902,35.3257],[136.986911,35.325121],[136.985841,35.323469],[136.985269,35.321284],[136.984304,35.320576],[136.983366,35.321333],[136.981866,35.321388],[136.980855,35.322108],[136.98132,35.323205],[136.981125,35.324332],[136.979779,35.324204],[136.978889,35.32472],[136.977605,35.323621],[136.977223,35.323031],[136.975892,35.322608],[136.974864,35.322511],[136.973829,35.322913],[136.973364,35.323496],[136.972634,35.323836],[136.970713,35.322751],[136.969368,35.322276],[136.969144,35.321592],[136.968296,35.321283],[136.967577,35.320618],[136.965714,35.318219],[136.965713,35.317672],[136.964775,35.316644],[136.963172,35.316264],[136.962243,35.315327],[136.961355,35.31566],[136.959423,35.314672],[136.958905,35.314709],[136.956993,35.315466],[136.954755,35.314618],[136.954249,35.313667],[136.952672,35.313757],[136.951874,35.313126],[136.951283,35.313306],[136.950589,35.312827],[136.947926,35.313042],[136.947321,35.313375],[136.947802,35.314542],[136.948468,35.315393],[136.948579,35.317413],[136.948836,35.319188],[136.947739,35.31941],[136.949947,35.320978],[136.950331,35.322904],[136.946535,35.323217],[136.944315,35.322924],[136.941109,35.323436],[136.939756,35.323311],[136.938873,35.322617],[136.93804,35.321548],[136.937133,35.321659],[136.936286,35.321083],[136.934263,35.321874],[136.932423,35.322054],[136.931145,35.321728],[136.927876,35.322893],[136.926981,35.321366],[136.926036,35.321643],[136.925606,35.320901],[136.924331,35.320301],[136.921753,35.319286],[136.919941,35.319399],[136.919782,35.318996],[136.91822,35.318992],[136.915262,35.319165],[136.913727,35.31997],[136.914594,35.322807],[136.914687,35.323899],[136.91551,35.324431],[136.915364,35.325867],[136.91417,35.32604],[136.912966,35.325093],[136.912585,35.324344],[136.911042,35.323128],[136.910084,35.322719],[136.909773,35.321993],[136.907784,35.320857],[136.907194,35.320202],[136.905977,35.317513],[136.905984,35.316813],[136.907505,35.316771],[136.90744,35.315346],[136.907621,35.315117],[136.906662,35.313243],[136.904961,35.313951],[136.904628,35.313361],[136.902961,35.313972],[136.901978,35.312385],[136.901617,35.31253],[136.900617,35.310775],[136.900698,35.31011],[136.899268,35.309985],[136.898504,35.309555],[136.898504,35.309043],[136.895557,35.309286],[136.895779,35.30872],[136.895413,35.30791],[136.895883,35.306639],[136.895029,35.306021],[136.892594,35.305687],[136.892503,35.306104],[136.89117,35.306839],[136.889114,35.306235],[136.888127,35.304502],[136.887523,35.304573],[136.886799,35.304824],[136.885334,35.304829],[136.884812,35.303862],[136.884778,35.302766],[136.884007,35.299374],[136.884012,35.296974],[136.883408,35.295538],[136.883762,35.294423],[136.883394,35.293528],[136.883095,35.290978],[136.883102,35.289494],[136.883427,35.2881],[136.884584,35.285588],[136.885403,35.284901],[136.88582,35.283261],[136.88548,35.278613],[136.885278,35.278606],[136.884968,35.275151],[136.882783,35.270118],[136.883089,35.269673],[136.88181,35.268482],[136.881511,35.267649],[136.880685,35.266581],[136.882277,35.265343],[136.881297,35.264776],[136.882096,35.264244],[136.889894,35.263709],[136.88999,35.26349],[136.892033,35.263272],[136.893213,35.263466],[136.894892,35.262818],[136.896204,35.262855],[136.896189,35.261976],[136.896714,35.261976],[136.897087,35.260774],[136.897754,35.260683],[136.897772,35.259222],[136.897351,35.259208],[136.897351,35.255553],[136.898923,35.255696],[136.901129,35.255659],[136.902329,35.255495],[136.904223,35.255469],[136.904555,35.257692],[136.904854,35.25881],[136.905939,35.259269],[136.906171,35.259854],[136.907566,35.260761],[136.908612,35.261634],[136.909443,35.261804],[136.910081,35.262294],[136.913204,35.263951],[136.914463,35.264433],[136.915088,35.264469],[136.917184,35.265246],[136.917929,35.265117],[136.919959,35.263823],[136.921525,35.264028],[136.923689,35.263358],[136.924051,35.262416],[136.925043,35.261209],[136.925994,35.260932],[136.926498,35.259996],[136.928198,35.260276],[136.929009,35.259347],[136.929893,35.259106],[136.930943,35.259417],[136.931354,35.258338],[136.930808,35.257318],[136.931029,35.256689],[136.930436,35.255903],[136.930936,35.255264],[136.931499,35.255636],[136.931235,35.256234],[136.932173,35.256542],[136.932591,35.257581],[136.932447,35.258319],[136.933199,35.259015],[136.933422,35.260313],[136.934891,35.260969],[136.934504,35.261684],[136.933533,35.261826],[136.932039,35.263249],[136.930579,35.263859],[136.930993,35.264666],[136.930594,35.26563],[136.930759,35.266047],[136.930647,35.268092],[136.930437,35.268769],[136.930703,35.269352],[136.930937,35.272138],[136.931174,35.273379],[136.932202,35.273941],[136.933516,35.273779],[136.934443,35.273882],[136.935508,35.274481],[136.939199,35.274861],[136.940013,35.275461],[136.941021,35.275691],[136.941436,35.276372],[136.940962,35.277338],[136.94218,35.277496],[136.943838,35.277454],[136.944253,35.276832],[136.944898,35.276907],[136.945931,35.277511],[136.946053,35.278078],[136.945143,35.278332],[136.944457,35.280931],[136.943425,35.281415],[136.943176,35.282302],[136.944275,35.28284],[136.943497,35.283484],[136.943281,35.28418],[136.942664,35.284942],[136.942895,35.285543],[136.94256,35.286033],[136.941679,35.286218],[136.943041,35.287268],[136.944798,35.286789],[136.9482,35.28553],[136.953936,35.283749],[136.954118,35.282924],[136.954799,35.282],[136.956742,35.281385],[136.956982,35.280973],[136.959003,35.280677],[136.960372,35.280868],[136.959372,35.282147],[136.960423,35.282381],[136.961037,35.283185],[136.963524,35.283953],[136.965466,35.284153],[136.966793,35.286312],[136.965114,35.287095],[136.964996,35.287403],[136.968105,35.289133],[136.970425,35.287312],[136.971571,35.285934],[136.972826,35.285251],[136.975929,35.284453],[136.977855,35.284308],[136.978444,35.285093],[136.980021,35.284565],[136.979405,35.283892],[136.979222,35.282533],[136.979389,35.282031],[136.980458,35.281474],[136.981094,35.281486],[136.983166,35.281948],[136.983628,35.281861],[136.985694,35.282569],[136.986651,35.282278],[136.987435,35.280716],[136.988097,35.279927],[136.988638,35.280554],[136.9894,35.280608],[136.99002,35.281315],[136.992024,35.282161],[136.992544,35.281928],[136.994117,35.282388],[136.996326,35.283623],[136.997943,35.283821],[136.999574,35.283579],[136.999616,35.284496],[137.000601,35.284599],[137.000627,35.284999],[137.001672,35.285454],[137.003141,35.285481],[137.003727,35.285888],[137.002844,35.286907],[137.003778,35.287149],[137.004738,35.286136],[137.005128,35.284978],[137.005681,35.284365],[137.006165,35.284661],[137.005783,35.285536],[137.005799,35.286356],[137.007651,35.286288],[137.00777,35.287238],[137.008347,35.287142],[137.008916,35.285716],[137.009307,35.286178],[137.00867,35.287356],[137.009179,35.287562],[137.010046,35.286577],[137.012484,35.284655],[137.012365,35.285461],[137.010683,35.286853],[137.010386,35.287431],[137.010853,35.289671],[137.010632,35.290366],[137.011481,35.290697],[137.013018,35.293143],[137.013621,35.293281],[137.013613,35.295445],[137.013341,35.296285],[137.013264,35.297656],[137.013791,35.298035],[137.014181,35.298931],[137.012721,35.299958],[137.011956,35.300144],[137.0112,35.299703],[137.010903,35.300309],[137.009994,35.300226],[137.009612,35.300688],[137.007769,35.301018],[137.00855,35.301894],[137.009782,35.301259],[137.013774,35.30004],[137.01385,35.30075],[137.012109,35.30168],[137.012355,35.3023],[137.014156,35.301088],[137.015243,35.302128],[137.015396,35.303168],[137.015056,35.303761],[137.013994,35.30363],[137.01396,35.303038],[137.01481,35.302479],[137.014648,35.302073],[137.012627,35.303671],[137.013578,35.303465],[137.013739,35.303919],[137.013162,35.304354],[137.014453,35.30496],[137.016389,35.305243],[137.018079,35.304822],[137.018283,35.305945],[137.017663,35.306297],[137.017476,35.308205],[137.017654,35.309335],[137.016474,35.310734],[137.01717,35.311443],[137.017586,35.313373],[137.01824,35.313938],[137.019565,35.313869],[137.020016,35.314062],[137.020296,35.314985],[137.01993,35.315769],[137.01852,35.317086],[137.018529,35.317341],[137.019863,35.318485],[137.01976,35.319759],[137.019293,35.320125],[137.01948,35.321027],[137.021052,35.321172],[137.021417,35.321406],[137.02376,35.323673],[137.024822,35.324982],[137.025519,35.324693],[137.026835,35.325051],[137.027574,35.324996],[137.028941,35.325906],[137.030165,35.326099],[137.031549,35.32665],[137.034632,35.328814],[137.036212,35.329551],[137.038887,35.329999],[137.040084,35.330082],[137.041452,35.331205],[137.040959,35.331694],[137.041621,35.333561],[137.043159,35.335931],[137.043511,35.33694],[137.044677,35.336688],[137.04526,35.336879],[137.045373,35.338237],[137.046229,35.339442]]]]}},
  {"type":"Feature","properties":{"name":"稲沢市","code":"23220"},"geometry":{"type":"MultiPolygon","coordinates":[[[[136.704576,35.275577],[136.701716,35.270145],[136.700088,35.266564],[136.698104,35.261922],[136.697364,35.260521],[136.69602,35.25864],[136.69438,35.25683],[136.692013,35.254399],[136.690644,35.253215],[136.686588,35.250833],[136.68419,35.249043],[136.680551,35.245951],[136.679601,35.24503],[136.67885,35.243774],[136.677927,35.241507],[136.677773,35.239478],[136.677845,35.238533],[136.678733,35.232276],[136.679457,35.229475],[136.679875,35.228205],[136.683956,35.228865],[136.685027,35.229618],[136.685653,35.229759],[136.686564,35.229434],[136.687397,35.230182],[136.687698,35.230879],[136.688435,35.231615],[136.68681,35.231725],[136.68712,35.234173],[136.688151,35.234083],[136.688375,35.235346],[136.689424,35.235617],[136.693419,35.235282],[136.694097,35.234965],[136.69459,35.235872],[136.695635,35.235478],[136.695979,35.234957],[136.696757,35.234918],[136.69666,35.234247],[136.697483,35.234168],[136.697719,35.234822],[136.699439,35.234093],[136.705065,35.231958],[136.707193,35.231205],[136.709051,35.230872],[136.708985,35.229899],[136.70986,35.22982],[136.709962,35.230286],[136.713756,35.229918],[136.714744,35.230117],[136.714901,35.231591],[136.71475,35.232603],[136.716019,35.232411],[136.716977,35.234232],[136.717706,35.234933],[136.71885,35.234974],[136.720833,35.234739],[136.72079,35.233847],[136.72115,35.230232],[136.720626,35.228567],[136.719121,35.225756],[136.718051,35.224141],[136.717607,35.223078],[136.717336,35.221087],[136.719535,35.220829],[136.720941,35.22024],[136.72205,35.22156],[136.722866,35.221474],[136.724798,35.22092],[136.726661,35.220234],[136.728358,35.219827],[136.72964,35.220003],[136.729998,35.220359],[136.73191,35.220362],[136.733152,35.219713],[136.730995,35.218493],[136.730497,35.218014],[136.729931,35.216795],[136.730336,35.21521],[136.729021,35.215686],[136.729178,35.213543],[136.7299,35.211594],[136.730382,35.209477],[136.730474,35.20811],[136.730103,35.206739],[136.728693,35.204791],[136.726738,35.204061],[136.725132,35.203627],[136.725107,35.202926],[136.723197,35.202091],[136.722467,35.200982],[136.723711,35.199481],[136.725997,35.198212],[136.728537,35.197127],[136.732013,35.19579],[136.734678,35.194866],[136.734611,35.194551],[136.735884,35.194331],[136.736843,35.193765],[136.737228,35.193967],[136.737903,35.19507],[136.740559,35.195216],[136.741084,35.194623],[136.742656,35.194773],[136.74305,35.195103],[136.742958,35.196155],[136.745356,35.196505],[136.746249,35.197985],[136.746176,35.198544],[136.746538,35.199787],[136.747568,35.200541],[136.748522,35.201715],[136.749614,35.202451],[136.749976,35.202437],[136.750534,35.20374],[136.751309,35.204216],[136.751846,35.204884],[136.752802,35.204615],[136.752827,35.204258],[136.754666,35.203994],[136.755328,35.204433],[136.757329,35.204715],[136.759832,35.204761],[136.762326,35.205281],[136.763647,35.205567],[136.765191,35.205674],[136.766366,35.20547],[136.769089,35.206848],[136.776553,35.207029],[136.778792,35.207259],[136.780127,35.207774],[136.78215,35.209245],[136.784125,35.209679],[136.786618,35.210806],[136.7893,35.210823],[136.789887,35.211316],[136.791734,35.21215],[136.794311,35.21313],[136.796048,35.212713],[136.79844,35.212739],[136.799329,35.212926],[136.801956,35.212023],[136.805238,35.212786],[136.805548,35.213231],[136.806499,35.213277],[136.806388,35.21445],[136.807597,35.214833],[136.807357,35.216276],[136.808514,35.217508],[136.810932,35.217271],[136.812729,35.216641],[136.814039,35.215748],[136.815436,35.215706],[136.816943,35.215306],[136.817672,35.216282],[136.817207,35.217013],[136.818881,35.217716],[136.820252,35.217596],[136.821681,35.217289],[136.821784,35.216363],[136.822576,35.216423],[136.82274,35.215344],[136.824793,35.215447],[136.824734,35.217144],[136.826276,35.217917],[136.826155,35.221962],[136.828483,35.221909],[136.82908,35.222085],[136.832721,35.222027],[136.833374,35.221775],[136.834963,35.222355],[136.835251,35.223662],[136.836167,35.225971],[136.836361,35.227149],[136.834999,35.228661],[136.834287,35.228544],[136.834338,35.229393],[136.834862,35.230049],[136.83707,35.228003],[136.838069,35.228516],[136.838005,35.229149],[136.838444,35.229471],[136.836891,35.230273],[136.833901,35.232311],[136.833109,35.232955],[136.831885,35.234431],[136.830909,35.23586],[136.829801,35.236615],[136.829677,35.237446],[136.829089,35.239313],[136.829799,35.240519],[136.829523,35.24173],[136.828948,35.242752],[136.829035,35.243209],[136.830298,35.244425],[136.83303,35.24613],[136.834084,35.246679],[136.834313,35.247961],[136.834872,35.248764],[136.836354,35.249618],[136.836772,35.250641],[136.836731,35.25166],[136.835839,35.254057],[136.834536,35.255273],[136.834683,35.256092],[136.834509,35.257229],[136.833716,35.25718],[136.833455,35.258153],[136.834028,35.258633],[136.833134,35.259701],[136.832171,35.259122],[136.830932,35.259103],[136.830871,35.259777],[136.830114,35.260266],[136.828887,35.260221],[136.828443,35.261806],[136.829282,35.261837],[136.829168,35.263618],[136.828917,35.264884],[136.828471,35.26559],[136.829059,35.266246],[136.829082,35.267677],[136.828215,35.267439],[136.827334,35.269085],[136.828849,35.26931],[136.829742,35.269959],[136.83002,35.270653],[136.829861,35.272185],[136.828929,35.272929],[136.828153,35.273044],[136.825982,35.272333],[136.825249,35.272343],[136.823953,35.274176],[136.825884,35.276451],[136.825346,35.276705],[136.824428,35.276493],[136.822869,35.275815],[136.821961,35.276347],[136.819497,35.27599],[136.819288,35.275086],[136.815231,35.27594],[136.813467,35.276246],[136.812698,35.27544],[136.810585,35.275604],[136.809343,35.276159],[136.807432,35.276353],[136.806894,35.275297],[136.805146,35.273084],[136.803586,35.270966],[136.800654,35.270998],[136.800353,35.270775],[136.7983,35.270859],[136.798208,35.268881],[136.794861,35.268606],[136.791114,35.268426],[136.791102,35.267157],[136.788125,35.267157],[136.787706,35.266465],[136.787536,35.265578],[136.786327,35.265482],[136.786427,35.264422],[136.786231,35.263372],[136.780697,35.263323],[136.778812,35.263259],[136.778135,35.261308],[136.776674,35.261558],[136.776686,35.260675],[136.775849,35.260321],[136.773724,35.260271],[136.772986,35.260632],[136.771176,35.260578],[136.76985,35.260767],[136.767353,35.261524],[136.767353,35.261889],[136.765054,35.262255],[136.765093,35.262838],[136.763606,35.262835],[136.76336,35.263245],[136.761127,35.263703],[136.761115,35.264794],[136.760589,35.265009],[136.7606,35.265943],[136.760078,35.265985],[136.760029,35.267842],[136.759074,35.267789],[136.758998,35.268232],[136.757193,35.268109],[136.757324,35.266936],[136.755497,35.267362],[136.753738,35.267109],[136.753645,35.266596],[136.751155,35.266351],[136.751025,35.265198],[136.750168,35.263953],[136.748904,35.263276],[136.743822,35.260841],[136.742713,35.259871],[136.741714,35.258611],[136.741283,35.258701],[136.740259,35.25813],[136.739655,35.25843],[136.7391,35.259611],[136.739495,35.260581],[136.738582,35.262722],[136.737583,35.265413],[136.736418,35.266239],[136.736329,35.268175],[136.734599,35.268284],[136.733724,35.268674],[136.732762,35.268274],[136.731751,35.268184],[136.729951,35.268744],[136.729532,35.269104],[136.729224,35.270265],[136.72841,35.270685],[136.726326,35.270826],[136.721499,35.271691],[136.72023,35.271492],[136.716779,35.271559],[136.713584,35.272248],[136.713321,35.272955],[136.710803,35.273326],[136.708904,35.273796],[136.708817,35.274026],[136.707017,35.274516],[136.704576,35.275577]]]]}},
  {"type":"Feature","properties":{"name":"新城市","code":"23221"},"geometry":{"type":"MultiPolygon","coordinates":[[[[137.498878,34.8268],[137.498994,34.828533],[137.500232,34.829592],[137.500402,34.830572],[137.499968,34.831288],[137.500383,34.831596],[137.502113,34.83223],[137.502127,34.832732],[137.502674,34.833496],[137.50349,34.833291],[137.505335,34.834152],[137.507365,34.834658],[137.507949,34.834988],[137.509273,34.834465],[137.509881,34.834438],[137.512122,34.835029],[137.512511,34.834803],[137.513969,34.835165],[137.515999,34.835989],[137.517797,34.835847],[137.518464,34.836046],[137.519167,34.83666],[137.520563,34.837159],[137.520879,34.838424],[137.521212,34.838782],[137.523703,34.840531],[137.523881,34.84098],[137.526037,34.841513],[137.52717,34.841453],[137.528732,34.841909],[137.529259,34.842477],[137.52968,34.843526],[137.531799,34.843748],[137.532801,34.844016],[137.534379,34.844182],[137.536243,34.843499],[137.537097,34.842282],[137.538838,34.841792],[137.540625,34.842234],[137.542274,34.842049],[137.543697,34.843196],[137.543828,34.844039],[137.544279,34.845001],[137.545136,34.845883],[137.546456,34.846651],[137.547996,34.847851],[137.549338,34.848713],[137.550569,34.848924],[137.550999,34.849428],[137.550974,34.85035],[137.550631,34.85106],[137.551589,34.851864],[137.555522,34.851676],[137.556858,34.851099],[137.557829,34.850909],[137.558843,34.851482],[137.561051,34.851591],[137.562323,34.851885],[137.563265,34.851632],[137.565195,34.852138],[137.566371,34.851573],[137.568375,34.851604],[137.569909,34.851384],[137.571426,34.850763],[137.572932,34.850868],[137.574135,34.850457],[137.575601,34.850717],[137.576516,34.851363],[137.577201,34.851371],[137.578717,34.85072],[137.580293,34.850685],[137.582583,34.850162],[137.583601,34.850405],[137.584678,34.850101],[137.586135,34.850202],[137.587017,34.85004],[137.587118,34.850963],[137.589479,34.852462],[137.590197,34.853105],[137.590781,34.854162],[137.591397,34.854754],[137.591974,34.855731],[137.592799,34.856271],[137.593966,34.857732],[137.595213,34.859075],[137.595665,34.860362],[137.595648,34.862134],[137.596474,34.863685],[137.596512,34.864775],[137.595881,34.865816],[137.596269,34.866231],[137.596287,34.868003],[137.596517,34.869137],[137.595728,34.870296],[137.597532,34.872501],[137.599268,34.873103],[137.602119,34.873637],[137.603542,34.874284],[137.604861,34.874368],[137.605491,34.874183],[137.607413,34.874931],[137.609179,34.875149],[137.611236,34.874982],[137.611612,34.874664],[137.613196,34.874538],[137.614119,34.875031],[137.614802,34.875009],[137.616253,34.875341],[137.616919,34.876284],[137.616926,34.87833],[137.618028,34.878591],[137.618975,34.87908],[137.619965,34.878955],[137.620786,34.879108],[137.62162,34.879746],[137.623457,34.880625],[137.624032,34.881279],[137.625235,34.881218],[137.626581,34.881628],[137.628699,34.882563],[137.62962,34.883227],[137.630387,34.884307],[137.631363,34.885093],[137.633593,34.885486],[137.634576,34.887551],[137.635289,34.888359],[137.635793,34.889555],[137.636866,34.890175],[137.637375,34.890968],[137.638768,34.890818],[137.639242,34.891164],[137.640144,34.892467],[137.641252,34.893083],[137.64126,34.894281],[137.642013,34.896137],[137.641987,34.896691],[137.641134,34.897156],[137.640052,34.898462],[137.640769,34.899751],[137.640442,34.901273],[137.640544,34.903259],[137.640441,34.90464],[137.641121,34.905849],[137.642468,34.907098],[137.642729,34.907912],[137.643389,34.908228],[137.644742,34.907846],[137.645384,34.907873],[137.646383,34.908416],[137.646368,34.90906],[137.646931,34.910154],[137.647135,34.911063],[137.647864,34.912132],[137.647409,34.913518],[137.647593,34.914234],[137.64669,34.916241],[137.64729,34.917319],[137.646963,34.918791],[137.648991,34.919948],[137.649863,34.92071],[137.650794,34.922119],[137.650874,34.922929],[137.651431,34.923939],[137.652841,34.925486],[137.653148,34.927005],[137.652638,34.928859],[137.652592,34.930535],[137.651752,34.931251],[137.651104,34.932198],[137.650998,34.933356],[137.652376,34.934957],[137.654758,34.936129],[137.655426,34.937009],[137.656662,34.938209],[137.656335,34.939611],[137.657056,34.940872],[137.657716,34.941679],[137.658133,34.942997],[137.659506,34.944576],[137.661039,34.945533],[137.662726,34.946419],[137.663406,34.94715],[137.664874,34.947088],[137.665879,34.947609],[137.667722,34.947872],[137.668583,34.948227],[137.670621,34.948274],[137.671549,34.947833],[137.673381,34.946287],[137.674316,34.946089],[137.675498,34.945351],[137.677081,34.946335],[137.677828,34.948364],[137.678714,34.948804],[137.680021,34.949057],[137.680446,34.951697],[137.682331,34.953669],[137.682896,34.95495],[137.683369,34.955176],[137.684394,34.95459],[137.685818,34.954589],[137.687048,34.955415],[137.687591,34.956147],[137.689531,34.956806],[137.689598,34.958593],[137.689211,34.959124],[137.690259,34.959801],[137.690027,34.960987],[137.690653,34.96246],[137.689971,34.963642],[137.692771,34.966136],[137.694163,34.967744],[137.694349,34.968246],[137.694187,34.969593],[137.694632,34.970258],[137.696131,34.971429],[137.696901,34.971827],[137.697611,34.971786],[137.699096,34.970744],[137.700601,34.970567],[137.70168,34.970239],[137.703005,34.970339],[137.70422,34.969951],[137.705549,34.971234],[137.706471,34.971422],[137.707251,34.972284],[137.706571,34.97416],[137.704156,34.976734],[137.702717,34.979084],[137.702408,34.979924],[137.701768,34.980464],[137.701551,34.98141],[137.700579,34.983585],[137.699893,34.984164],[137.699909,34.984838],[137.701656,34.986117],[137.702136,34.987445],[137.703006,34.988022],[137.70307,34.988464],[137.704096,34.990188],[137.704938,34.990962],[137.705185,34.991522],[137.706352,34.992112],[137.708132,34.994457],[137.707464,34.995281],[137.707299,34.996313],[137.706038,34.99613],[137.704575,34.996139],[137.703327,34.997753],[137.702005,34.998474],[137.701679,34.999438],[137.702119,35.000477],[137.701261,35.001768],[137.701046,35.003539],[137.701733,35.004884],[137.702297,35.005168],[137.70262,35.0071],[137.703002,35.007478],[137.703031,35.008372],[137.702602,35.009271],[137.70279,35.009638],[137.704247,35.010739],[137.704384,35.012464],[137.705325,35.013849],[137.704919,35.014756],[137.705031,35.015751],[137.704553,35.016295],[137.703623,35.017923],[137.704606,35.019202],[137.70523,35.020418],[137.705799,35.022455],[137.704804,35.023626],[137.702498,35.025348],[137.701829,35.026563],[137.701753,35.028904],[137.701341,35.030256],[137.699817,35.03066],[137.699006,35.031122],[137.697842,35.031283],[137.696416,35.031848],[137.695719,35.031718],[137.694351,35.032033],[137.693062,35.030853],[137.691947,35.030578],[137.691358,35.032061],[137.691461,35.033058],[137.692925,35.034486],[137.691874,35.036067],[137.692271,35.036495],[137.69215,35.037182],[137.691539,35.037967],[137.690527,35.038284],[137.689618,35.03894],[137.688983,35.040078],[137.688165,35.040437],[137.686512,35.040363],[137.68583,35.039866],[137.684552,35.039995],[137.684014,35.041212],[137.682291,35.041799],[137.680739,35.042474],[137.67953,35.041729],[137.677792,35.041973],[137.676635,35.041896],[137.675971,35.041585],[137.675093,35.04058],[137.674564,35.040299],[137.673352,35.040589],[137.671652,35.040712],[137.669829,35.040456],[137.668747,35.040787],[137.668343,35.041346],[137.666566,35.042119],[137.665919,35.043389],[137.66502,35.044187],[137.664671,35.046975],[137.663461,35.04797],[137.663152,35.049246],[137.662358,35.049795],[137.661642,35.049543],[137.660557,35.048772],[137.659548,35.048945],[137.658643,35.04857],[137.656959,35.048991],[137.656264,35.049622],[137.655511,35.049921],[137.654644,35.049923],[137.653724,35.05113],[137.653597,35.051686],[137.652951,35.052146],[137.652704,35.053195],[137.652068,35.054448],[137.650965,35.054915],[137.650213,35.055485],[137.649546,35.055631],[137.647827,35.055583],[137.645494,35.055939],[137.645864,35.058469],[137.644969,35.059407],[137.641959,35.060148],[137.641116,35.060876],[137.640454,35.061079],[137.639272,35.06251],[137.638748,35.063753],[137.637811,35.064294],[137.636563,35.064115],[137.635721,35.064741],[137.634264,35.064613],[137.633914,35.06367],[137.633845,35.062766],[137.633035,35.061105],[137.633331,35.060198],[137.633903,35.059596],[137.633797,35.058381],[137.632169,35.056828],[137.631899,35.056214],[137.630506,35.055745],[137.62905,35.05504],[137.628388,35.054285],[137.628826,35.053155],[137.628691,35.052073],[137.631339,35.048813],[137.630361,35.047607],[137.627597,35.047814],[137.626712,35.047158],[137.625719,35.046811],[137.625601,35.046101],[137.625993,35.044666],[137.625448,35.04353],[137.624781,35.04295],[137.624537,35.042014],[137.623745,35.041369],[137.622911,35.040284],[137.622784,35.038968],[137.623341,35.036806],[137.623107,35.036396],[137.623138,35.034969],[137.624542,35.033526],[137.624269,35.032079],[137.623521,35.030352],[137.621847,35.028791],[137.621578,35.028197],[137.621164,35.026012],[137.621111,35.025099],[137.62141,35.022912],[137.621043,35.022281],[137.62088,35.021296],[137.621114,35.020596],[137.619985,35.019268],[137.616561,35.018127],[137.615858,35.017768],[137.614102,35.017493],[137.612593,35.017616],[137.611232,35.016933],[137.608085,35.01748],[137.607063,35.017479],[137.605101,35.017101],[137.603891,35.016358],[137.602419,35.016944],[137.601739,35.017507],[137.60049,35.01808],[137.599671,35.018741],[137.599527,35.020205],[137.598164,35.02259],[137.598194,35.022935],[137.599374,35.023731],[137.599207,35.0254],[137.597418,35.026791],[137.597134,35.028238],[137.59639,35.029441],[137.594746,35.031143],[137.594501,35.032043],[137.593369,35.0319],[137.592614,35.032543],[137.591328,35.033189],[137.590765,35.033719],[137.589723,35.034177],[137.589742,35.034939],[137.589428,35.036141],[137.590271,35.037704],[137.589846,35.038812],[137.589382,35.039271],[137.589044,35.040257],[137.588174,35.04104],[137.588609,35.042081],[137.587373,35.043814],[137.585801,35.046516],[137.585039,35.048061],[137.584821,35.049426],[137.58402,35.050077],[137.583293,35.051263],[137.582679,35.051408],[137.581296,35.052383],[137.582419,35.054291],[137.582949,35.055521],[137.58357,35.055884],[137.582847,35.056553],[137.581908,35.056932],[137.58116,35.05751],[137.57995,35.05786],[137.579645,35.058875],[137.579679,35.059631],[137.578924,35.05951],[137.57591,35.059539],[137.574349,35.059369],[137.571941,35.059694],[137.570058,35.060429],[137.567659,35.060395],[137.56588,35.059803],[137.565579,35.059009],[137.564981,35.058905],[137.564174,35.058295],[137.562142,35.058364],[137.560821,35.057806],[137.560362,35.056445],[137.559253,35.055095],[137.555953,35.055187],[137.555313,35.055369],[137.553564,35.054963],[137.553019,35.054459],[137.551544,35.054623],[137.550169,35.05539],[137.550357,35.055942],[137.551303,35.056971],[137.547699,35.057814],[137.54574,35.057533],[137.544168,35.057567],[137.542922,35.057315],[137.54187,35.056416],[137.541597,35.055837],[137.540749,35.055556],[137.539429,35.054734],[137.539611,35.053942],[137.540271,35.052945],[137.54132,35.051969],[137.541348,35.05069],[137.54071,35.049918],[137.539741,35.049158],[137.538538,35.048958],[137.538057,35.049503],[137.538213,35.050038],[137.539226,35.050628],[137.539704,35.052021],[137.538696,35.051852],[137.536623,35.052453],[137.535198,35.052229],[137.534562,35.051637],[137.534369,35.050606],[137.533602,35.047894],[137.532791,35.04672],[137.532254,35.04504],[137.532188,35.043251],[137.531169,35.042519],[137.528971,35.042553],[137.527872,35.043009],[137.526075,35.042573],[137.525356,35.042858],[137.525328,35.044384],[137.524835,35.045458],[137.523479,35.045988],[137.523681,35.047685],[137.523352,35.048104],[137.521014,35.048532],[137.519958,35.049243],[137.519054,35.048429],[137.518261,35.048142],[137.517364,35.047336],[137.517292,35.046736],[137.516642,35.046171],[137.515762,35.044114],[137.515524,35.04298],[137.514705,35.041837],[137.513667,35.040933],[137.511573,35.039684],[137.508883,35.039564],[137.507567,35.040432],[137.506474,35.040438],[137.505167,35.041639],[137.507065,35.044128],[137.507685,35.044383],[137.507999,35.045136],[137.507404,35.045964],[137.508848,35.047093],[137.50917,35.048537],[137.509916,35.049396],[137.510027,35.050253],[137.509453,35.050864],[137.507596,35.049593],[137.507186,35.050294],[137.507094,35.052715],[137.506899,35.053788],[137.505664,35.056673],[137.505069,35.059646],[137.504103,35.060333],[137.503983,35.061993],[137.503677,35.063378],[137.502297,35.064721],[137.502272,35.065417],[137.500681,35.0658],[137.499637,35.066456],[137.49852,35.066319],[137.49743,35.067142],[137.495791,35.067369],[137.494869,35.067808],[137.49443,35.069165],[137.493609,35.069823],[137.492862,35.069915],[137.491464,35.068834],[137.489881,35.06903],[137.487808,35.068836],[137.487371,35.06633],[137.488438,35.064186],[137.488435,35.063243],[137.487311,35.063156],[137.48589,35.062303],[137.485222,35.062746],[137.484646,35.063749],[137.483846,35.063756],[137.482152,35.0633],[137.480238,35.063348],[137.478539,35.062967],[137.477589,35.062136],[137.475845,35.061632],[137.475586,35.060537],[137.474424,35.059136],[137.473978,35.057214],[137.472598,35.055372],[137.471266,35.054325],[137.470994,35.053857],[137.470054,35.053718],[137.469144,35.054135],[137.467524,35.054359],[137.466102,35.054373],[137.465301,35.053598],[137.464065,35.053292],[137.462648,35.053151],[137.461403,35.053538],[137.460662,35.054705],[137.459801,35.054977],[137.459168,35.055785],[137.458527,35.055972],[137.457483,35.055492],[137.456386,35.055459],[137.454612,35.05439],[137.451984,35.054281],[137.45168,35.054915],[137.45089,35.05522],[137.45026,35.05697],[137.449361,35.057369],[137.448889,35.058569],[137.449039,35.059922],[137.450156,35.060963],[137.451145,35.06166],[137.451323,35.06262],[137.451006,35.063824],[137.45143,35.065717],[137.451333,35.066708],[137.452257,35.067349],[137.453114,35.06857],[137.454217,35.068974],[137.454431,35.06983],[137.453799,35.070852],[137.45245,35.071688],[137.45233,35.072753],[137.451656,35.073468],[137.450541,35.073019],[137.449757,35.073399],[137.448898,35.073162],[137.44805,35.073448],[137.447559,35.072737],[137.446347,35.071935],[137.446257,35.071382],[137.445118,35.070525],[137.444914,35.068855],[137.445553,35.068046],[137.44555,35.067421],[137.444658,35.066806],[137.445003,35.065608],[137.44531,35.06357],[137.443799,35.063261],[137.442558,35.062789],[137.439856,35.062222],[137.4393,35.061757],[137.438688,35.060384],[137.437978,35.059999],[137.438093,35.058591],[137.436633,35.057836],[137.436469,35.056708],[137.436008,35.056199],[137.435155,35.055859],[137.43477,35.05508],[137.433999,35.054711],[137.433682,35.053919],[137.432929,35.053482],[137.431698,35.052067],[137.430983,35.05183],[137.430428,35.052223],[137.429262,35.05212],[137.42991,35.050101],[137.429743,35.048542],[137.429929,35.048166],[137.431059,35.047736],[137.431925,35.046888],[137.432048,35.045197],[137.43122,35.042753],[137.429976,35.041246],[137.430071,35.040213],[137.429681,35.039037],[137.430226,35.037495],[137.43172,35.037191],[137.433504,35.035905],[137.434397,35.033897],[137.434856,35.033574],[137.434801,35.032572],[137.435492,35.031808],[137.435202,35.031086],[137.435477,35.030278],[137.434268,35.02915],[137.43307,35.028972],[137.431763,35.028039],[137.431752,35.026878],[137.431333,35.026555],[137.429936,35.026627],[137.427816,35.025498],[137.427627,35.025142],[137.42583,35.023609],[137.425864,35.022175],[137.426229,35.021214],[137.426458,35.01989],[137.425738,35.019249],[137.42568,35.018235],[137.426239,35.018052],[137.426571,35.017026],[137.426391,35.016191],[137.425695,35.015901],[137.425767,35.01373],[137.425475,35.012858],[137.425392,35.011436],[137.426241,35.008654],[137.425589,35.008586],[137.42412,35.010839],[137.423003,35.010973],[137.422255,35.010742],[137.419741,35.011032],[137.420527,35.009579],[137.420625,35.008361],[137.417304,35.009038],[137.416395,35.00953],[137.414516,35.011717],[137.412787,35.011151],[137.411539,35.011001],[137.410867,35.011895],[137.410182,35.011859],[137.410114,35.012576],[137.409519,35.012954],[137.407474,35.012413],[137.404269,35.009052],[137.403393,35.008422],[137.40164,35.0082],[137.39974,35.007258],[137.398682,35.007521],[137.398789,35.008148],[137.398096,35.008193],[137.397246,35.005607],[137.397719,35.004696],[137.397854,35.003212],[137.396106,35.0026],[137.395779,35.002218],[137.394658,35.001911],[137.394109,35.001101],[137.394086,34.999961],[137.392927,34.998382],[137.392715,34.997673],[137.393075,34.996953],[137.392918,34.996352],[137.393508,34.994861],[137.392767,34.994491],[137.392383,34.993914],[137.391005,34.993392],[137.38863,34.993116],[137.386555,34.991897],[137.385297,34.991294],[137.385147,34.990747],[137.384652,34.989921],[137.383726,34.989838],[137.383592,34.989424],[137.384539,34.988846],[137.386777,34.989717],[137.387919,34.989843],[137.388539,34.989669],[137.388623,34.988613],[137.387928,34.988388],[137.387151,34.987128],[137.388067,34.986834],[137.388401,34.986028],[137.389356,34.985222],[137.389208,34.984464],[137.388744,34.983823],[137.390606,34.982889],[137.392641,34.982978],[137.394092,34.982782],[137.394797,34.982501],[137.396604,34.981426],[137.398532,34.981423],[137.39927,34.981869],[137.400351,34.982023],[137.401571,34.981258],[137.403201,34.981039],[137.404901,34.979653],[137.405559,34.978787],[137.404892,34.977742],[137.402942,34.97632],[137.401823,34.976212],[137.400247,34.975779],[137.399269,34.975819],[137.39922,34.974772],[137.398212,34.972842],[137.398379,34.972168],[137.396336,34.970864],[137.395708,34.969528],[137.395774,34.968864],[137.395458,34.968055],[137.394521,34.968547],[137.393597,34.968132],[137.393385,34.967237],[137.392438,34.966919],[137.391783,34.965945],[137.390594,34.965397],[137.391597,34.964105],[137.392691,34.963688],[137.394047,34.963541],[137.395102,34.962272],[137.395865,34.962015],[137.397272,34.962032],[137.397854,34.961174],[137.398558,34.961155],[137.400767,34.960088],[137.402107,34.959799],[137.402458,34.959228],[137.403464,34.959024],[137.404738,34.958417],[137.406921,34.958139],[137.408043,34.958213],[137.408091,34.956564],[137.407707,34.955535],[137.406381,34.955431],[137.404357,34.954919],[137.403088,34.953963],[137.402948,34.952425],[137.402088,34.951485],[137.401716,34.950268],[137.402465,34.950006],[137.402428,34.948224],[137.403429,34.948584],[137.404371,34.947942],[137.405372,34.947829],[137.406025,34.947485],[137.406474,34.946687],[137.408218,34.945463],[137.40909,34.946471],[137.410389,34.946797],[137.410804,34.945918],[137.41083,34.944787],[137.411355,34.944095],[137.412112,34.943733],[137.412714,34.94286],[137.41263,34.942203],[137.411599,34.940562],[137.411856,34.939747],[137.410374,34.939493],[137.409617,34.938642],[137.409623,34.937651],[137.410542,34.936418],[137.410595,34.9352],[137.410251,34.93501],[137.41039,34.93381],[137.411999,34.931627],[137.412416,34.930527],[137.411165,34.927657],[137.411689,34.926459],[137.412581,34.926259],[137.41394,34.924675],[137.415802,34.92398],[137.416629,34.924008],[137.417123,34.923497],[137.417365,34.921456],[137.418248,34.920474],[137.418464,34.91994],[137.417866,34.918766],[137.417873,34.918238],[137.418946,34.917692],[137.419984,34.916585],[137.421058,34.915709],[137.421252,34.914733],[137.420739,34.91418],[137.420426,34.913219],[137.421146,34.911363],[137.420546,34.909746],[137.421746,34.908956],[137.422312,34.907947],[137.421699,34.90626],[137.422534,34.904353],[137.423038,34.903541],[137.423722,34.903104],[137.425405,34.902628],[137.426497,34.901489],[137.428155,34.90041],[137.428693,34.899751],[137.429984,34.899968],[137.431171,34.899711],[137.432468,34.898855],[137.433927,34.898626],[137.43462,34.898078],[137.435368,34.898014],[137.436404,34.897064],[137.438413,34.897234],[137.439037,34.896919],[137.441604,34.896834],[137.442935,34.896311],[137.443323,34.895346],[137.443185,34.89447],[137.443512,34.892921],[137.443298,34.892148],[137.443677,34.891376],[137.444351,34.89098],[137.444494,34.890388],[137.445535,34.889734],[137.446263,34.889686],[137.448622,34.887065],[137.448672,34.88647],[137.4492,34.885494],[137.450121,34.88456],[137.45112,34.883046],[137.451878,34.88323],[137.453601,34.882201],[137.453573,34.88143],[137.454533,34.881226],[137.454899,34.880367],[137.455884,34.879402],[137.456048,34.878456],[137.456993,34.875782],[137.457669,34.87427],[137.458543,34.873499],[137.460121,34.871345],[137.459929,34.871018],[137.454974,34.869194],[137.455196,34.8684],[137.453628,34.868087],[137.454033,34.867503],[137.453443,34.867203],[137.454406,34.86597],[137.453058,34.865126],[137.453552,34.864445],[137.452652,34.863969],[137.453257,34.863108],[137.453533,34.861858],[137.453856,34.861551],[137.45694,34.862024],[137.457937,34.861209],[137.458869,34.860888],[137.459911,34.860005],[137.460591,34.859067],[137.461324,34.858732],[137.462946,34.859274],[137.464678,34.860422],[137.465987,34.860593],[137.468051,34.861188],[137.469124,34.860997],[137.471999,34.861312],[137.472748,34.860902],[137.474082,34.860506],[137.475016,34.860634],[137.476516,34.860381],[137.478094,34.859565],[137.478382,34.857713],[137.479417,34.857349],[137.481484,34.856923],[137.481609,34.855701],[137.48119,34.855191],[137.480415,34.853612],[137.479888,34.851736],[137.479466,34.850881],[137.479187,34.848594],[137.479908,34.84776],[137.48172,34.847133],[137.483197,34.847296],[137.483857,34.846389],[137.485476,34.845066],[137.486235,34.844802],[137.487234,34.843122],[137.487365,34.841297],[137.487151,34.840259],[137.487759,34.839094],[137.48746,34.838384],[137.487697,34.837773],[137.487184,34.836695],[137.487537,34.835217],[137.488843,34.83266],[137.488009,34.831024],[137.489333,34.830327],[137.491242,34.830112],[137.49193,34.830171],[137.492775,34.829836],[137.494998,34.827585],[137.497114,34.826905],[137.498878,34.8268]]]]}},
  {"type":"Feature","properties":{"name":"東海市","code":"23222"},"geometry":{"type":"MultiPolygon","coordinates":[[[[136.883963,35.067268],[136.886377,35.065815],[136.885979,35.064342],[136.88511,35.062623],[136.879219,35.047395],[136.880593,35.045851],[136.88124,35.045679],[136.887166,35.045686],[136.887736,35.045866],[136.889301,35.045473],[136.889263,35.042253],[136.870269,35.042232],[136.869093,35.041654],[136.867908,35.039959],[136.867676,35.040074],[136.862253,35.03231],[136.861594,35.031005],[136.861695,35.030754],[136.860065,35.028396],[136.859855,35.028498],[136.85618,35.023316],[136.854235,35.020501],[136.854791,35.020425],[136.852006,35.0164],[136.852674,35.015209],[136.861395,35.013935],[136.862504,35.013956],[136.863204,35.013693],[136.870583,35.01262],[136.871218,35.011624],[136.869199,35.009066],[136.869789,35.008361],[136.871522,35.007572],[136.874789,35.006471],[136.876292,35.005709],[136.87773,35.004346],[136.879839,35.004137],[136.880554,35.003541],[136.881321,35.002435],[136.88202,35.002352],[136.881843,35.00096],[136.882308,35.000711],[136.884985,35.002203],[136.884632,35.002597],[136.885704,35.003132],[136.886041,35.003013],[136.887538,35.00389],[136.888464,35.003079],[136.887116,35.001509],[136.884234,34.999901],[136.884208,34.999564],[136.885276,34.998258],[136.888405,35.000568],[136.888388,34.999819],[136.889034,34.999251],[136.888535,34.998843],[136.889449,34.998045],[136.889858,34.996447],[136.89308,34.996829],[136.894256,34.989849],[136.892427,34.989612],[136.892548,34.988877],[136.893691,34.989008],[136.893878,34.987934],[136.895582,34.988128],[136.895855,34.987666],[136.89694,34.984184],[136.89648,34.983827],[136.897057,34.982522],[136.89792,34.982481],[136.897907,34.981162],[136.899038,34.98158],[136.900571,34.981699],[136.900629,34.982042],[136.902218,34.982265],[136.902642,34.982159],[136.903541,34.980813],[136.904571,34.980676],[136.905325,34.980087],[136.907,34.980395],[136.90753,34.979299],[136.905701,34.977892],[136.906936,34.977837],[136.90793,34.978171],[136.908924,34.97638],[136.909601,34.975808],[136.910114,34.975885],[136.911476,34.973963],[136.912086,34.973374],[136.912731,34.972018],[136.912951,34.970579],[136.913573,34.969567],[136.91436,34.969583],[136.913966,34.970887],[136.914156,34.971882],[136.914704,34.971989],[136.916079,34.973223],[136.917448,34.973923],[136.918883,34.974109],[136.919639,34.97484],[136.920765,34.975347],[136.923272,34.975858],[136.923338,34.976514],[136.922439,34.977937],[136.921422,34.978942],[136.920183,34.979586],[136.919837,34.98067],[136.919092,34.981748],[136.917662,34.981195],[136.915394,34.981332],[136.91496,34.982206],[136.916126,34.983459],[136.916428,34.984141],[136.91811,34.986096],[136.918276,34.987054],[136.917842,34.987827],[136.917376,34.989256],[136.917514,34.990269],[136.917389,34.993126],[136.91712,34.994015],[136.917402,34.997922],[136.917812,34.99887],[136.917579,34.999616],[136.917801,35.000729],[136.918241,35.001153],[136.917954,35.00175],[136.918479,35.002858],[136.917938,35.003808],[136.919006,35.005976],[136.918858,35.006862],[136.918031,35.007751],[136.917039,35.00918],[136.916963,35.009774],[136.916314,35.009934],[136.916724,35.011056],[136.917528,35.010895],[136.919479,35.00941],[136.921434,35.00887],[136.922077,35.009897],[136.921746,35.010425],[136.922065,35.011376],[136.922976,35.011861],[136.924003,35.012012],[136.924108,35.011355],[136.924904,35.01131],[136.926579,35.014216],[136.928375,35.013588],[136.933715,35.011238],[136.934379,35.011288],[136.937176,35.012283],[136.936896,35.012847],[136.938086,35.013293],[136.939946,35.01442],[136.940349,35.015394],[136.940154,35.015935],[136.939411,35.016356],[136.9385,35.016303],[136.937955,35.017151],[136.93624,35.01788],[136.935285,35.017954],[136.933696,35.018693],[136.933044,35.01957],[136.932444,35.019974],[136.931916,35.021033],[136.932821,35.021305],[136.932419,35.021956],[136.932376,35.022816],[136.933331,35.023633],[136.933333,35.024449],[136.932443,35.025716],[136.931396,35.025889],[136.929161,35.027449],[136.927661,35.029409],[136.926604,35.030328],[136.927469,35.032159],[136.928681,35.033914],[136.929754,35.036685],[136.93076,35.037985],[136.931546,35.038605],[136.930804,35.039201],[136.93161,35.040677],[136.933132,35.041687],[136.934061,35.04184],[136.934178,35.042317],[136.932414,35.04256],[136.930936,35.043429],[136.929733,35.044513],[136.929094,35.045467],[136.928503,35.04687],[136.928994,35.047852],[136.929762,35.047902],[136.929775,35.048504],[136.928906,35.04867],[136.928777,35.05015],[136.929922,35.050696],[136.931274,35.050743],[136.930375,35.051691],[136.928736,35.051894],[136.928666,35.052443],[136.929387,35.053036],[136.929534,35.053531],[136.928397,35.054879],[136.928464,35.055279],[136.927595,35.056649],[136.926078,35.058054],[136.925757,35.058604],[136.924539,35.058594],[136.924674,35.059103],[136.923653,35.059863],[136.922652,35.060132],[136.922035,35.061155],[136.923464,35.061739],[136.924528,35.061786],[136.925076,35.062077],[136.924604,35.062862],[136.925199,35.063147],[136.924424,35.064418],[136.923041,35.063742],[136.922059,35.063651],[136.92175,35.064409],[136.920098,35.063963],[136.920713,35.062684],[136.920249,35.062565],[136.919842,35.063524],[136.917774,35.062917],[136.917919,35.061863],[136.916256,35.061197],[136.913207,35.068196],[136.913047,35.068477],[136.910436,35.068028],[136.906573,35.068198],[136.905791,35.068407],[136.903182,35.068881],[136.901603,35.068924],[136.897444,35.068046],[136.891666,35.068011],[136.890269,35.067135],[136.883963,35.067268]]]]}},
  {"type":"Feature","properties":{"name":"大府市","code":"23223"},"geometry":{"type":"MultiPolygon","coordinates":[[[[136.931274,35.050743],[136.929922,35.050696],[136.928777,35.05015],[136.928906,35.04867],[136.929775,35.048504],[136.929762,35.047902],[136.928994,35.047852],[136.928503,35.04687],[136.929094,35.045467],[136.929733,35.044513],[136.930936,35.043429],[136.932414,35.04256],[136.934178,35.042317],[136.934061,35.04184],[136.933132,35.041687],[136.93161,35.040677],[136.930804,35.039201],[136.931546,35.038605],[136.93076,35.037985],[136.929754,35.036685],[136.928681,35.033914],[136.927469,35.032159],[136.926604,35.030328],[136.927661,35.029409],[136.929161,35.027449],[136.931396,35.025889],[136.932443,35.025716],[136.933333,35.024449],[136.933331,35.023633],[136.932376,35.022816],[136.932419,35.021956],[136.932821,35.021305],[136.931916,35.021033],[136.932444,35.019974],[136.933044,35.01957],[136.933696,35.018693],[136.935285,35.017954],[136.93624,35.01788],[136.937955,35.017151],[136.9385,35.016303],[136.939411,35.016356],[136.940154,35.015935],[136.940349,35.015394],[136.939946,35.01442],[136.938086,35.013293],[136.936896,35.012847],[136.937176,35.012283],[136.934379,35.011288],[136.933715,35.011238],[136.928375,35.013588],[136.926579,35.014216],[136.924904,35.01131],[136.924108,35.011355],[136.924003,35.012012],[136.922976,35.011861],[136.922065,35.011376],[136.921746,35.010425],[136.922077,35.009897],[136.921434,35.00887],[136.919479,35.00941],[136.917528,35.010895],[136.916724,35.011056],[136.916314,35.009934],[136.916963,35.009774],[136.917039,35.00918],[136.918031,35.007751],[136.918858,35.006862],[136.919006,35.005976],[136.917938,35.003808],[136.918479,35.002858],[136.917954,35.00175],[136.918241,35.001153],[136.917801,35.000729],[136.917579,34.999616],[136.917812,34.99887],[136.917402,34.997922],[136.91712,34.994015],[136.917389,34.993126],[136.917514,34.990269],[136.917376,34.989256],[136.917842,34.987827],[136.918276,34.987054],[136.91811,34.986096],[136.916428,34.984141],[136.916126,34.983459],[136.91496,34.982206],[136.915394,34.981332],[136.917662,34.981195],[136.919092,34.981748],[136.919837,34.98067],[136.920183,34.979586],[136.921422,34.978942],[136.922439,34.977937],[136.923338,34.976514],[136.923272,34.975858],[136.92401,34.976153],[136.925443,34.977197],[136.925561,34.978386],[136.926866,34.979946],[136.928015,34.981948],[136.928558,34.982351],[136.929029,34.983325],[136.9308,34.983382],[136.932349,34.98376],[136.933144,34.984312],[136.93325,34.984803],[136.932561,34.986168],[136.932891,34.986825],[136.934677,34.9865],[136.935512,34.987324],[136.936085,34.988387],[136.935958,34.989357],[136.936455,34.989649],[136.938338,34.98947],[136.939493,34.988955],[136.939761,34.989717],[136.939734,34.990657],[136.940858,34.990821],[136.943005,34.990345],[136.943432,34.990422],[136.943871,34.991684],[136.94574,34.991985],[136.946192,34.991876],[136.94743,34.993397],[136.946282,34.994163],[136.947256,34.994891],[136.947448,34.995671],[136.948539,34.997691],[136.94998,34.998838],[136.950793,35.000174],[136.951186,34.999767],[136.949974,34.997901],[136.952275,34.996388],[136.952833,34.996151],[136.953735,34.99739],[136.955013,34.99833],[136.955905,34.999187],[136.957327,34.999854],[136.958804,35.000883],[136.958757,35.001892],[136.959359,35.002093],[136.961808,35.003488],[136.963935,35.002894],[136.965359,35.001848],[136.966351,35.001647],[136.968693,35.000642],[136.970488,35.000018],[136.972574,34.999469],[136.972688,35.000083],[136.973991,34.999954],[136.974724,35.00118],[136.976134,35.001647],[136.981042,35.001495],[136.981112,35.003101],[136.981338,35.003928],[136.98205,35.004663],[136.984957,35.00631],[136.986047,35.007032],[136.988192,35.00901],[136.989266,35.010807],[136.989581,35.011882],[136.989308,35.012618],[136.988039,35.014477],[136.98759,35.015572],[136.987749,35.017225],[136.989128,35.018871],[136.989494,35.019572],[136.99,35.021278],[136.990632,35.022333],[136.99202,35.023024],[136.992867,35.023114],[136.994972,35.022977],[136.996398,35.023109],[136.997844,35.023623],[137.000209,35.025849],[137.00165,35.027041],[137.000898,35.027816],[137.001143,35.028084],[137.001143,35.029516],[136.999528,35.029589],[136.999567,35.031758],[136.999104,35.031764],[136.999076,35.035163],[136.997919,35.035185],[136.997928,35.036415],[136.996655,35.036961],[136.996856,35.037944],[136.997279,35.038526],[136.99704,35.03895],[136.996095,35.039319],[136.995127,35.039158],[136.993299,35.038353],[136.992111,35.038514],[136.991531,35.037794],[136.990703,35.037429],[136.991562,35.036694],[136.991599,35.03587],[136.990355,35.036572],[136.989878,35.036586],[136.987384,35.037999],[136.988294,35.039276],[136.988265,35.039834],[136.988984,35.040827],[136.989114,35.041621],[136.987206,35.042035],[136.986317,35.042094],[136.984496,35.042774],[136.98383,35.044187],[136.983251,35.044277],[136.982197,35.043896],[136.981089,35.045026],[136.979922,35.045721],[136.977794,35.046212],[136.976195,35.047813],[136.973877,35.049006],[136.974352,35.047383],[136.973813,35.046529],[136.972929,35.045603],[136.97257,35.044884],[136.972253,35.043064],[136.970163,35.042786],[136.968403,35.043011],[136.967959,35.042741],[136.965359,35.043039],[136.964854,35.042931],[136.963534,35.04115],[136.961893,35.039563],[136.960698,35.039772],[136.959801,35.039266],[136.959722,35.039936],[136.961368,35.040558],[136.961635,35.040979],[136.960851,35.041982],[136.961047,35.042623],[136.95995,35.043146],[136.959214,35.044001],[136.958789,35.044888],[136.958914,35.046266],[136.958449,35.046409],[136.957151,35.047498],[136.955772,35.047879],[136.955215,35.046949],[136.953931,35.045793],[136.953169,35.0457],[136.953203,35.044773],[136.950098,35.044531],[136.948298,35.044223],[136.946335,35.044193],[136.944643,35.045596],[136.943618,35.046253],[136.943231,35.047949],[136.94194,35.048986],[136.94196,35.050043],[136.941229,35.051276],[136.941118,35.052156],[136.939348,35.053293],[136.938015,35.053378],[136.937646,35.052856],[136.936624,35.053198],[136.935685,35.0517],[136.934655,35.050714],[136.934919,35.049833],[136.934103,35.049705],[136.93358,35.048714],[136.933143,35.049858],[136.931276,35.050014],[136.931274,35.050743]]]]}},
  {"type":"Feature","properties":{"name":"知多市","code":"23224"},"geometry":{"type":"MultiPolygon","coordinates":[[[[136.880667,34.942408],[136.880744,34.944589],[136.880031,34.945446],[136.880036,34.946858],[136.880289,34.948176],[136.879868,34.94818],[136.879531,34.949142],[136.879763,34.95009],[136.878757,34.950825],[136.878554,34.951851],[136.877584,34.951777],[136.877441,34.952508],[136.87916,34.952821],[136.879066,34.953498],[136.881091,34.952421],[136.883179,34.953799],[136.883829,34.954365],[136.885134,34.95654],[136.885598,34.956775],[136.886287,34.956069],[136.88841,34.955232],[136.889305,34.955168],[136.890327,34.956053],[136.890736,34.956791],[136.891491,34.957386],[136.892841,34.957835],[136.894346,34.958795],[136.894814,34.957592],[136.895414,34.957269],[136.895451,34.956173],[136.897145,34.956639],[136.89806,34.957045],[136.899139,34.957198],[136.899155,34.955765],[136.90019,34.954857],[136.901111,34.954697],[136.90292,34.954653],[136.904265,34.953628],[136.904849,34.953392],[136.905491,34.952555],[136.906507,34.95236],[136.910407,34.953269],[136.910974,34.95435],[136.910524,34.954872],[136.908309,34.954852],[136.90822,34.95575],[136.909406,34.956233],[136.910435,34.95611],[136.910994,34.95631],[136.91133,34.95757],[136.91245,34.959363],[136.913777,34.960536],[136.914656,34.960918],[136.914921,34.96225],[136.916409,34.962671],[136.917967,34.962746],[136.918751,34.963524],[136.917807,34.963737],[136.916691,34.965389],[136.916918,34.966199],[136.916366,34.966777],[136.916592,34.968059],[136.914924,34.969454],[136.91436,34.969583],[136.913573,34.969567],[136.912951,34.970579],[136.912731,34.972018],[136.912086,34.973374],[136.911476,34.973963],[136.910114,34.975885],[136.909601,34.975808],[136.908924,34.97638],[136.90793,34.978171],[136.906936,34.977837],[136.905701,34.977892],[136.90753,34.979299],[136.907,34.980395],[136.905325,34.980087],[136.904571,34.980676],[136.903541,34.980813],[136.902642,34.982159],[136.902218,34.982265],[136.900629,34.982042],[136.900571,34.981699],[136.899038,34.98158],[136.897907,34.981162],[136.89792,34.982481],[136.897057,34.982522],[136.89648,34.983827],[136.89694,34.984184],[136.895855,34.987666],[136.895582,34.988128],[136.893878,34.987934],[136.893691,34.989008],[136.892548,34.988877],[136.892427,34.989612],[136.894256,34.989849],[136.89308,34.996829],[136.889858,34.996447],[136.889449,34.998045],[136.888535,34.998843],[136.889034,34.999251],[136.888388,34.999819],[136.888405,35.000568],[136.885276,34.998258],[136.884208,34.999564],[136.884234,34.999901],[136.887116,35.001509],[136.888464,35.003079],[136.887538,35.00389],[136.886041,35.003013],[136.885704,35.003132],[136.884632,35.002597],[136.884985,35.002203],[136.882308,35.000711],[136.881843,35.00096],[136.88202,35.002352],[136.881321,35.002435],[136.880554,35.003541],[136.879839,35.004137],[136.87773,35.004346],[136.876292,35.005709],[136.874789,35.006471],[136.871522,35.007572],[136.869789,35.008361],[136.867555,35.005576],[136.867135,35.00473],[136.864852,35.006177],[136.866034,35.007787],[136.865927,35.008873],[136.864186,35.009121],[136.864062,35.00854],[136.849657,35.01062],[136.849438,35.010924],[136.848222,35.009163],[136.847792,35.007806],[136.846113,35.008046],[136.843843,35.004924],[136.843839,35.004737],[136.854337,35.003231],[136.854565,35.002628],[136.851507,34.998254],[136.84631,34.998997],[136.844983,34.997136],[136.837739,34.986703],[136.83688,34.98656],[136.825458,34.993973],[136.825391,34.993906],[136.836831,34.986492],[136.836034,34.986439],[136.835525,34.98571],[136.835967,34.985257],[136.833937,34.982269],[136.838674,34.980052],[136.83612,34.976375],[136.831088,34.978731],[136.828021,34.975078],[136.820604,34.966395],[136.820133,34.966437],[136.828077,34.961897],[136.828892,34.961371],[136.828557,34.960329],[136.828821,34.959703],[136.828334,34.957517],[136.82774,34.956489],[136.827468,34.955387],[136.826989,34.955005],[136.827166,34.954451],[136.826745,34.953256],[136.826277,34.952903],[136.82658,34.950656],[136.826342,34.949673],[136.826707,34.945796],[136.826578,34.943941],[136.825907,34.941502],[136.825601,34.939892],[136.825,34.939359],[136.826793,34.939207],[136.828783,34.938866],[136.82904,34.937417],[136.829465,34.936586],[136.83091,34.937191],[136.832178,34.937404],[136.834394,34.937548],[136.834862,34.937457],[136.837644,34.936256],[136.84055,34.935765],[136.843353,34.934921],[136.843326,34.934551],[136.847051,34.932137],[136.847384,34.932117],[136.848434,34.93321],[136.85137,34.931536],[136.852617,34.932055],[136.854988,34.932304],[136.856583,34.934239],[136.856691,34.934822],[136.857964,34.936272],[136.858589,34.937713],[136.861229,34.93831],[136.862243,34.938695],[136.862423,34.939168],[136.863438,34.939806],[136.86349,34.94072],[136.864226,34.941623],[136.865633,34.941141],[136.866392,34.941065],[136.870232,34.941232],[136.870693,34.941827],[136.871436,34.942091],[136.872609,34.94206],[136.874366,34.942396],[136.875287,34.941982],[136.87637,34.941793],[136.87737,34.942573],[136.879353,34.94215],[136.880667,34.942408]]],[[[136.811549,34.95449],[136.819164,34.95033],[136.820272,34.949769],[136.820756,34.950365],[136.819936,34.950802],[136.82067,34.951751],[136.823057,34.953184],[136.825745,34.960494],[136.825309,34.960761],[136.824272,34.959695],[136.821639,34.961175],[136.822588,34.9623],[136.819301,34.964189],[136.818691,34.964349],[136.811019,34.954777],[136.811549,34.95449]]]]}},
  {"type":"Feature","properties":{"name":"知立市","code":"23225"},"geometry":{"type":"MultiPolygon","coordinates":[[[[137.045829,34.98062],[137.047606,34.980644],[137.048298,34.980066],[137.048378,34.979126],[137.050375,34.979284],[137.052931,34.98034],[137.054583,34.980911],[137.056657,34.980917],[137.060005,34.980119],[137.060411,34.979872],[137.062609,34.980101],[137.06243,34.981177],[137.06307,34.981316],[137.065087,34.982326],[137.065272,34.982685],[137.064012,34.984677],[137.069031,34.985301],[137.070761,34.985219],[137.071484,34.985832],[137.072391,34.986008],[137.071517,34.988682],[137.071517,34.989444],[137.070938,34.989652],[137.070605,34.991909],[137.07134,34.991841],[137.072038,34.993448],[137.070459,34.994184],[137.070658,34.994671],[137.07008,34.995363],[137.070067,34.997295],[137.07138,34.997978],[137.071533,34.998355],[137.073369,34.999176],[137.075256,34.999099],[137.076765,34.999677],[137.077958,34.999798],[137.077961,35.000307],[137.078881,35.000536],[137.078917,35.002976],[137.079315,35.003338],[137.080845,35.003394],[137.081323,35.00285],[137.082144,35.003431],[137.083083,35.004497],[137.083987,35.004831],[137.084792,35.005563],[137.086018,35.007689],[137.085051,35.008236],[137.085887,35.009],[137.085056,35.009831],[137.084357,35.009246],[137.082825,35.008356],[137.081593,35.007955],[137.080101,35.007765],[137.077694,35.008094],[137.075659,35.010729],[137.074673,35.011128],[137.074819,35.01223],[137.073699,35.013101],[137.074483,35.013979],[137.074391,35.01465],[137.074703,35.015943],[137.075417,35.016835],[137.074281,35.017364],[137.073638,35.018],[137.072809,35.017835],[137.071637,35.016555],[137.070572,35.015706],[137.068952,35.013864],[137.069211,35.013117],[137.068968,35.012223],[137.067934,35.012484],[137.067002,35.012013],[137.066254,35.011169],[137.065521,35.011173],[137.064613,35.010215],[137.063241,35.010009],[137.062871,35.010503],[137.061946,35.009591],[137.060296,35.010692],[137.060341,35.011303],[137.058473,35.012563],[137.05726,35.01285],[137.055988,35.012874],[137.053609,35.013259],[137.053424,35.012453],[137.052249,35.011135],[137.050596,35.010951],[137.048104,35.010855],[137.048515,35.011721],[137.050083,35.012407],[137.050562,35.012793],[137.050554,35.013514],[137.04886,35.013921],[137.047926,35.014298],[137.047246,35.014973],[137.046248,35.016425],[137.044578,35.017329],[137.044706,35.017656],[137.044743,35.019983],[137.043551,35.020233],[137.041072,35.02111],[137.039713,35.021815],[137.035246,35.019617],[137.033823,35.019254],[137.033697,35.018727],[137.035487,35.016863],[137.035951,35.015761],[137.035527,35.014989],[137.036569,35.014595],[137.036355,35.013459],[137.034704,35.012856],[137.03289,35.011108],[137.031564,35.011008],[137.030833,35.009864],[137.031871,35.009353],[137.030248,35.00724],[137.029232,35.006606],[137.026697,35.006051],[137.023114,35.006028],[137.023186,35.005399],[137.017026,35.00598],[137.016413,35.005568],[137.017049,35.004879],[137.017946,35.005018],[137.0188,35.003836],[137.018909,35.003251],[137.01836,35.002731],[137.019406,35.00178],[137.018847,35.000397],[137.018504,34.998512],[137.018621,34.997615],[137.019549,34.995812],[137.019067,34.995135],[137.019955,34.994223],[137.020798,34.992971],[137.022767,34.993968],[137.023928,34.993548],[137.024597,34.991902],[137.025752,34.990887],[137.026653,34.99161],[137.026974,34.991321],[137.025998,34.990546],[137.026547,34.990121],[137.024627,34.988963],[137.023558,34.988859],[137.021959,34.987515],[137.021735,34.986831],[137.022958,34.986349],[137.024014,34.98657],[137.024568,34.987021],[137.025509,34.987094],[137.026751,34.986839],[137.029516,34.985726],[137.031042,34.986201],[137.034122,34.985891],[137.034308,34.986462],[137.038256,34.985317],[137.037858,34.984773],[137.039301,34.984207],[137.040303,34.983361],[137.040926,34.983723],[137.042594,34.982707],[137.042273,34.982321],[137.0439,34.981237],[137.045829,34.98062]]]]}},
  {"type":"Feature","properties":{"name":"尾張旭市","code":"23226"},"geometry":{"type":"MultiPolygon","coordinates":[[[[137.032258,35.191812],[137.032623,35.192219],[137.034251,35.192584],[137.034677,35.192405],[137.035935,35.192541],[137.038646,35.191552],[137.040584,35.192271],[137.041946,35.192636],[137.04257,35.192537],[137.043536,35.191175],[137.044927,35.191471],[137.045653,35.191837],[137.046179,35.192563],[137.046619,35.193686],[137.047268,35.194033],[137.04951,35.194479],[137.049829,35.19474],[137.048607,35.197415],[137.05066,35.198004],[137.049621,35.200564],[137.049729,35.201648],[137.04909,35.202716],[137.052199,35.204485],[137.052662,35.2052],[137.053618,35.20592],[137.057013,35.208018],[137.059958,35.209101],[137.062208,35.208411],[137.062709,35.209081],[137.063493,35.209388],[137.064368,35.210236],[137.064894,35.21139],[137.06579,35.211878],[137.0682,35.214192],[137.066795,35.215574],[137.065819,35.215763],[137.06533,35.215135],[137.062596,35.214498],[137.061737,35.213316],[137.060876,35.21364],[137.060804,35.214431],[137.059604,35.214496],[137.059551,35.215558],[137.059983,35.215948],[137.058561,35.218269],[137.058724,35.218921],[137.057703,35.220737],[137.057291,35.221842],[137.058057,35.222748],[137.057651,35.223726],[137.057838,35.224951],[137.0592,35.225941],[137.060234,35.227264],[137.060916,35.228708],[137.061788,35.229806],[137.061798,35.230958],[137.0627,35.231622],[137.063114,35.232575],[137.064004,35.232863],[137.064384,35.23369],[137.065288,35.234165],[137.065139,35.235048],[137.065809,35.23654],[137.065762,35.238873],[137.065153,35.24004],[137.062253,35.242516],[137.061677,35.243284],[137.061393,35.244262],[137.060139,35.244804],[137.059877,35.246281],[137.058536,35.246281],[137.056666,35.245999],[137.055899,35.245079],[137.055662,35.244435],[137.054567,35.243654],[137.053176,35.243592],[137.052047,35.243106],[137.051133,35.241694],[137.051015,35.240545],[137.051773,35.239856],[137.052103,35.239028],[137.051262,35.238518],[137.049603,35.238567],[137.049341,35.237833],[137.046182,35.238425],[137.044882,35.239692],[137.044314,35.240883],[137.043779,35.241508],[137.041364,35.240785],[137.040348,35.24029],[137.039132,35.238115],[137.038438,35.237591],[137.037237,35.237441],[137.036604,35.237889],[137.035245,35.238153],[137.034535,35.237987],[137.034003,35.237148],[137.032309,35.235535],[137.031253,35.235083],[137.030752,35.234614],[137.028995,35.234613],[137.025731,35.234218],[137.024073,35.232271],[137.022223,35.231179],[137.019453,35.23127],[137.018201,35.229722],[137.015952,35.227853],[137.014847,35.226015],[137.014311,35.225735],[137.013965,35.225032],[137.013247,35.224526],[137.011646,35.222067],[137.010853,35.22118],[137.008727,35.219876],[137.00674,35.219237],[137.005571,35.218214],[137.005106,35.217532],[137.004761,35.216385],[137.004899,35.215252],[137.00412,35.214323],[137.004764,35.213877],[137.004071,35.21238],[137.003696,35.212287],[137.002833,35.21103],[137.001596,35.209618],[137.001544,35.209299],[137.004172,35.209299],[137.006283,35.209629],[137.006304,35.210021],[137.008523,35.210124],[137.008931,35.209098],[137.007754,35.208352],[137.006219,35.20677],[137.005713,35.206082],[137.007248,35.206185],[137.008007,35.206493],[137.009155,35.206416],[137.009656,35.206083],[137.009723,35.203835],[137.010532,35.20378],[137.010992,35.203073],[137.013283,35.201041],[137.013266,35.200256],[137.013801,35.20002],[137.014357,35.200709],[137.014829,35.199994],[137.014436,35.198934],[137.013586,35.199433],[137.012274,35.199323],[137.01191,35.194986],[137.013618,35.194589],[137.016844,35.194595],[137.01687,35.194103],[137.018409,35.193929],[137.019034,35.193681],[137.02016,35.193897],[137.020929,35.19482],[137.023398,35.195739],[137.023269,35.19649],[137.020892,35.197048],[137.019719,35.197689],[137.019802,35.198478],[137.021473,35.199723],[137.022377,35.200911],[137.023032,35.201318],[137.025213,35.201735],[137.025868,35.201271],[137.025714,35.200728],[137.02611,35.200081],[137.026191,35.198588],[137.02512,35.197576],[137.024,35.197606],[137.022997,35.197349],[137.023614,35.196606],[137.024314,35.195087],[137.024966,35.195743],[137.030061,35.197236],[137.031402,35.194361],[137.029986,35.193947],[137.02944,35.194622],[137.025497,35.193436],[137.02577,35.192501],[137.026853,35.192633],[137.031359,35.192004],[137.032258,35.191812]]]]}},
  {"type":"Feature","properties":{"name":"高浜市","code":"23227"},"geometry":{"type":"MultiPolygon","coordinates":[[[[137.024212,34.931735],[137.021862,34.930976],[137.020139,34.930221],[137.020135,34.931093],[137.018248,34.931557],[137.016852,34.931105],[137.015776,34.933358],[137.012095,34.935652],[137.011811,34.936211],[137.011713,34.938063],[137.012093,34.939055],[137.012563,34.939606],[137.012627,34.942481],[137.012354,34.944208],[137.010167,34.946154],[137.010707,34.946667],[137.010522,34.94739],[137.010057,34.947318],[137.009274,34.948556],[137.007766,34.948327],[137.006944,34.948737],[137.006404,34.948248],[137.00323,34.950564],[137.000284,34.951823],[137.000789,34.952963],[136.999967,34.953844],[137.000011,34.954292],[136.997498,34.955214],[136.99667,34.954911],[136.99513,34.955951],[136.993527,34.956156],[136.992696,34.956418],[136.992091,34.957525],[136.991547,34.957587],[136.983263,34.955994],[136.983246,34.955808],[136.984113,34.955739],[136.983403,34.951782],[136.986386,34.951981],[136.986302,34.951467],[136.98536,34.949698],[136.983298,34.94442],[136.98289,34.944116],[136.981563,34.944202],[136.981007,34.941872],[136.980724,34.941242],[136.980818,34.940149],[136.97953,34.935835],[136.979318,34.934475],[136.979431,34.933349],[136.980586,34.931349],[136.982149,34.92939],[136.980358,34.924662],[136.978624,34.924802],[136.978152,34.920797],[136.979245,34.920713],[136.978804,34.916835],[136.978955,34.91581],[136.977803,34.915034],[136.977658,34.909073],[136.977412,34.907726],[136.977616,34.907336],[136.98127,34.907391],[136.981839,34.907592],[136.983138,34.907529],[136.98349,34.907816],[136.985497,34.908551],[136.985435,34.909173],[136.988835,34.910823],[136.990836,34.911521],[136.991256,34.911853],[136.994831,34.913828],[136.996578,34.914601],[136.997306,34.915407],[136.997884,34.915653],[136.99849,34.916515],[137.000175,34.915826],[137.001594,34.914662],[137.002982,34.915552],[137.005095,34.917135],[137.006823,34.918803],[137.009267,34.920789],[137.010656,34.922114],[137.013379,34.92404],[137.016406,34.926467],[137.020863,34.929162],[137.024212,34.931735]]]]}},
  {"type":"Feature","properties":{"name":"岩倉市","code":"23228"},"geometry":{"type":"MultiPolygon","coordinates":[[[[136.850684,35.264688],[136.851383,35.264723],[136.851636,35.265476],[136.85222,35.265653],[136.852236,35.264439],[136.853207,35.264079],[136.854295,35.263939],[136.855676,35.264461],[136.858021,35.264261],[136.860068,35.264863],[136.860848,35.264767],[136.862119,35.26407],[136.86332,35.263885],[136.865687,35.262133],[136.864466,35.261712],[136.865233,35.261149],[136.86647,35.261852],[136.867514,35.261586],[136.868684,35.26096],[136.869551,35.259901],[136.87093,35.2589],[136.871601,35.258963],[136.873024,35.258474],[136.874383,35.258383],[136.874928,35.258705],[136.875893,35.260538],[136.877228,35.262173],[136.87793,35.263394],[136.879676,35.265827],[136.880685,35.266581],[136.881511,35.267649],[136.88181,35.268482],[136.883089,35.269673],[136.882783,35.270118],[136.884968,35.275151],[136.885278,35.278606],[136.88548,35.278613],[136.88582,35.283261],[136.885403,35.284901],[136.884584,35.285588],[136.883427,35.2881],[136.883102,35.289494],[136.883095,35.290978],[136.883394,35.293528],[136.883762,35.294423],[136.883408,35.295538],[136.884012,35.296974],[136.884007,35.299374],[136.883615,35.299078],[136.88257,35.299637],[136.881807,35.299509],[136.880523,35.300713],[136.879248,35.300807],[136.879343,35.301348],[136.877254,35.30227],[136.875791,35.300327],[136.873953,35.298653],[136.872716,35.297691],[136.871178,35.297499],[136.870415,35.297789],[136.869106,35.297871],[136.866805,35.297768],[136.865753,35.296791],[136.865061,35.296644],[136.864854,35.293704],[136.864544,35.290976],[136.864379,35.290589],[136.862512,35.288946],[136.861337,35.286208],[136.860178,35.284395],[136.8598,35.282996],[136.859993,35.282861],[136.860018,35.281239],[136.859006,35.281055],[136.856429,35.281056],[136.856393,35.279838],[136.854358,35.279842],[136.851686,35.27971],[136.848998,35.27978],[136.849051,35.277933],[136.848209,35.2776],[136.846938,35.276291],[136.846644,35.274619],[136.842989,35.274503],[136.843269,35.272763],[136.843593,35.272761],[136.843825,35.271181],[136.844257,35.270718],[136.846456,35.269276],[136.846123,35.267638],[136.846843,35.267273],[136.846868,35.266109],[136.847759,35.26616],[136.851659,35.266916],[136.851513,35.266285],[136.849817,35.266269],[136.849961,35.265468],[136.851025,35.265379],[136.850684,35.264688]]]]}},
  {"type":"Feature","properties":{"name":"豊明市","code":"23229"},"geometry":{"type":"MultiPolygon","coordinates":[[[[136.973877,35.049006],[136.976195,35.047813],[136.977794,35.046212],[136.979922,35.045721],[136.981089,35.045026],[136.982197,35.043896],[136.983251,35.044277],[136.98383,35.044187],[136.984496,35.042774],[136.986317,35.042094],[136.987206,35.042035],[136.989114,35.041621],[136.988984,35.040827],[136.988265,35.039834],[136.988294,35.039276],[136.987384,35.037999],[136.989878,35.036586],[136.990355,35.036572],[136.991599,35.03587],[136.991562,35.036694],[136.990703,35.037429],[136.991531,35.037794],[136.992111,35.038514],[136.993299,35.038353],[136.995127,35.039158],[136.996095,35.039319],[136.99704,35.03895],[136.997279,35.038526],[136.996856,35.037944],[136.996655,35.036961],[136.997928,35.036415],[136.997919,35.035185],[136.999076,35.035163],[136.999104,35.031764],[136.999567,35.031758],[136.999528,35.029589],[137.001143,35.029516],[137.001143,35.028084],[137.000898,35.027816],[137.00165,35.027041],[137.00294,35.027964],[137.003299,35.028734],[137.003708,35.031031],[137.004565,35.032588],[137.005348,35.033529],[137.009042,35.034985],[137.010359,35.035841],[137.011978,35.037268],[137.013262,35.037821],[137.01522,35.038416],[137.016141,35.038893],[137.017208,35.039744],[137.018288,35.041588],[137.021384,35.044017],[137.022123,35.044861],[137.022642,35.046169],[137.025338,35.049481],[137.028118,35.051693],[137.029735,35.052646],[137.033865,35.053179],[137.034823,35.053579],[137.035347,35.05413],[137.035788,35.055947],[137.036808,35.05724],[137.038504,35.05824],[137.041482,35.06128],[137.042372,35.061767],[137.042674,35.062535],[137.042376,35.064298],[137.041736,35.064876],[137.041463,35.06607],[137.042914,35.067873],[137.042568,35.069253],[137.043034,35.070747],[137.042563,35.071524],[137.041218,35.071981],[137.041088,35.072557],[137.042207,35.073212],[137.042782,35.073913],[137.042633,35.074542],[137.042047,35.074825],[137.041409,35.074629],[137.040598,35.075091],[137.040477,35.076306],[137.041304,35.076908],[137.040862,35.078191],[137.041207,35.078917],[137.040693,35.07955],[137.039381,35.07955],[137.037104,35.080822],[137.036569,35.082492],[137.035503,35.083883],[137.033844,35.084237],[137.033105,35.084773],[137.032131,35.084921],[137.030643,35.084398],[137.030127,35.084579],[137.028984,35.084234],[137.028867,35.085018],[137.027411,35.085255],[137.027346,35.086363],[137.026959,35.087068],[137.027342,35.089814],[137.028285,35.090694],[137.027626,35.09117],[137.02686,35.090783],[137.026486,35.090237],[137.024678,35.089542],[137.022906,35.089274],[137.021481,35.091224],[137.020866,35.091136],[137.021007,35.09323],[137.020751,35.093981],[137.020034,35.095001],[137.018808,35.094738],[137.018844,35.095598],[137.01744,35.094362],[137.016411,35.094207],[137.017484,35.092099],[137.016834,35.09024],[137.016341,35.089959],[137.015615,35.088093],[137.015703,35.087469],[137.015043,35.087336],[137.014662,35.086576],[137.013797,35.086031],[137.013015,35.085198],[137.012096,35.085144],[137.012145,35.084483],[137.013266,35.083873],[137.013097,35.081904],[137.012672,35.081691],[137.011671,35.081922],[137.011695,35.081087],[137.010473,35.0812],[137.009746,35.080646],[137.010043,35.08026],[137.011184,35.079733],[137.010845,35.078126],[137.01007,35.076782],[137.009558,35.075316],[137.008673,35.074576],[137.007564,35.074452],[137.007106,35.073478],[137.005889,35.0725],[137.004739,35.072008],[137.002681,35.07218],[137.001598,35.072433],[136.999913,35.07311],[136.999079,35.072904],[136.998713,35.07431],[136.998124,35.074152],[136.997302,35.072964],[136.996754,35.072885],[136.996184,35.072113],[136.994716,35.071823],[136.99149,35.072916],[136.990154,35.072604],[136.989505,35.073145],[136.988357,35.07368],[136.98766,35.072555],[136.987452,35.070949],[136.987564,35.069506],[136.987166,35.068739],[136.987428,35.067619],[136.98655,35.066535],[136.985698,35.06632],[136.985731,35.065862],[136.985166,35.061984],[136.985855,35.060959],[136.985297,35.060518],[136.984265,35.061276],[136.98103,35.06114],[136.980211,35.061464],[136.978487,35.061446],[136.976039,35.062338],[136.974657,35.063082],[136.974846,35.06234],[136.975721,35.061914],[136.975887,35.061515],[136.974532,35.060116],[136.973204,35.058156],[136.972403,35.056433],[136.97285,35.056172],[136.973193,35.055138],[136.972811,35.054386],[136.973414,35.053883],[136.972503,35.053388],[136.972574,35.0528],[136.973373,35.052079],[136.974832,35.051917],[136.975284,35.050431],[136.974978,35.049491],[136.973877,35.049006]]]]}},
  {"type":"Feature","properties":{"name":"日進市","code":"23230"},"geometry":{"type":"MultiPolygon","coordinates":[[[[137.021113,35.109801],[137.023449,35.108867],[137.023972,35.107923],[137.027163,35.108841],[137.028575,35.111147],[137.029453,35.111267],[137.030776,35.112293],[137.03154,35.112251],[137.032116,35.112686],[137.032898,35.112677],[137.0356,35.111285],[137.036741,35.11116],[137.039439,35.108701],[137.039838,35.108633],[137.041693,35.110031],[137.042944,35.11126],[137.04302,35.111711],[137.044799,35.112384],[137.044736,35.113466],[137.046206,35.113898],[137.046813,35.113391],[137.04769,35.113457],[137.048367,35.111991],[137.050086,35.112167],[137.051671,35.113358],[137.052236,35.114095],[137.053127,35.115791],[137.053548,35.116092],[137.056061,35.115939],[137.059229,35.115213],[137.060567,35.115128],[137.061161,35.115566],[137.062677,35.116029],[137.062176,35.118458],[137.062222,35.119128],[137.06433,35.119535],[137.06596,35.120159],[137.066743,35.120753],[137.067744,35.121121],[137.069931,35.121278],[137.071361,35.121149],[137.072445,35.120727],[137.073841,35.119566],[137.075414,35.119324],[137.077258,35.119488],[137.078369,35.119901],[137.079114,35.119938],[137.081312,35.121111],[137.082326,35.122241],[137.08254,35.12311],[137.083102,35.123448],[137.083541,35.124192],[137.084081,35.124324],[137.084454,35.125341],[137.084654,35.12762],[137.086022,35.128145],[137.087423,35.127698],[137.088614,35.128373],[137.089677,35.129943],[137.091234,35.129855],[137.091408,35.13032],[137.090662,35.132322],[137.089183,35.133253],[137.087608,35.13514],[137.087099,35.135456],[137.08679,35.137509],[137.087517,35.137952],[137.088137,35.139223],[137.089796,35.14014],[137.091025,35.141186],[137.092146,35.1409],[137.092646,35.141635],[137.092814,35.142397],[137.09406,35.143009],[137.094653,35.143937],[137.095825,35.144668],[137.097494,35.144651],[137.097609,35.145282],[137.098633,35.146287],[137.098668,35.147556],[137.098351,35.149473],[137.097749,35.150295],[137.098378,35.15167],[137.097354,35.153835],[137.097354,35.154742],[137.097682,35.155528],[137.096122,35.157175],[137.094927,35.157778],[137.09216,35.157873],[137.091024,35.157433],[137.089596,35.157179],[137.088108,35.157223],[137.086964,35.157962],[137.086353,35.157911],[137.084842,35.158205],[137.084265,35.157423],[137.083551,35.157484],[137.082631,35.158679],[137.081485,35.158956],[137.080573,35.158647],[137.078159,35.158459],[137.076068,35.158151],[137.074239,35.158334],[137.072467,35.158782],[137.070841,35.158938],[137.069204,35.159466],[137.067648,35.160266],[137.065369,35.160329],[137.06413,35.160897],[137.06241,35.160916],[137.060939,35.161793],[137.059221,35.162398],[137.05858,35.163424],[137.059105,35.163948],[137.058253,35.165124],[137.058994,35.166007],[137.059716,35.167773],[137.059149,35.167954],[137.05908,35.168917],[137.058407,35.169019],[137.055624,35.167663],[137.051034,35.166927],[137.050321,35.167357],[137.049469,35.168303],[137.048067,35.167788],[137.046931,35.166584],[137.046949,35.166285],[137.045136,35.164198],[137.044911,35.163405],[137.043553,35.162798],[137.042317,35.16338],[137.040594,35.162758],[137.039468,35.160889],[137.037836,35.16033],[137.036133,35.160464],[137.035754,35.160249],[137.0351,35.159133],[137.033023,35.157456],[137.032841,35.156548],[137.031902,35.155852],[137.031824,35.154812],[137.031265,35.15477],[137.030153,35.155585],[137.029512,35.155789],[137.029067,35.155375],[137.028078,35.15535],[137.02702,35.156174],[137.025449,35.154681],[137.023325,35.15422],[137.022058,35.153246],[137.02216,35.151083],[137.021614,35.150352],[137.021353,35.149519],[137.020402,35.148396],[137.019507,35.148402],[137.018583,35.147767],[137.018425,35.147047],[137.020785,35.146252],[137.020812,35.14576],[137.021441,35.145243],[137.02115,35.144493],[137.020436,35.143563],[137.021418,35.143562],[137.022244,35.142892],[137.023036,35.141368],[137.023284,35.139816],[137.019603,35.138448],[137.018075,35.137329],[137.017947,35.136386],[137.016961,35.136429],[137.016135,35.137385],[137.016474,35.13805],[137.017316,35.1384],[137.017401,35.13912],[137.0165,35.139086],[137.016501,35.138516],[137.015718,35.137526],[137.013617,35.138241],[137.012689,35.138119],[137.009994,35.136841],[137.009274,35.136292],[137.007921,35.136706],[137.007015,35.136492],[137.007008,35.135843],[137.007942,35.134542],[137.008219,35.133023],[137.008158,35.131205],[137.007734,35.130887],[137.006585,35.130686],[137.005981,35.131207],[137.004629,35.131175],[137.003187,35.130652],[137.002259,35.130494],[137.000682,35.13052],[137.000133,35.130019],[137.000677,35.129506],[137.003296,35.128401],[137.004438,35.1275],[137.005473,35.126034],[137.006372,35.125589],[137.00659,35.125165],[137.008254,35.123823],[137.008982,35.122704],[137.009884,35.121892],[137.01056,35.120566],[137.011553,35.119493],[137.013619,35.11794],[137.014504,35.116995],[137.015299,35.115329],[137.01677,35.113643],[137.016981,35.112683],[137.018176,35.112574],[137.018818,35.112156],[137.019029,35.111243],[137.01997,35.109571],[137.021113,35.109801]]]]}},
  {"type":"Feature","properties":{"name":"田原市","code":"23231"},"geometry":{"type":"MultiPolygon","coordinates":[[[[137.307093,34.679956],[137.306507,34.68058],[137.305576,34.680896],[137.300544,34.681652],[137.295009,34.683499],[137.294042,34.683696],[137.294077,34.681744],[137.293682,34.681424],[137.289348,34.680811],[137.288063,34.680281],[137.287017,34.67956],[137.286156,34.680209],[137.286794,34.681122],[137.287445,34.682777],[137.28745,34.683732],[137.286535,34.684973],[137.28897,34.687355],[137.289434,34.687966],[137.291137,34.691182],[137.290996,34.692422],[137.290441,34.693013],[137.290461,34.693729],[137.300884,34.693777],[137.300805,34.706301],[137.300751,34.718605],[137.300976,34.718604],[137.30093,34.728072],[137.300549,34.728112],[137.284827,34.730947],[137.261731,34.715908],[137.266905,34.708615],[137.261714,34.698831],[137.261344,34.69868],[137.262235,34.696863],[137.260367,34.696065],[137.257675,34.696345],[137.257988,34.696799],[137.256658,34.69886],[137.255983,34.699329],[137.252173,34.705211],[137.251953,34.705129],[137.245476,34.706208],[137.232669,34.699144],[137.23955,34.690635],[137.243347,34.690261],[137.243245,34.688897],[137.240203,34.688663],[137.239732,34.688854],[137.238953,34.688335],[137.238143,34.688803],[137.236792,34.688493],[137.235544,34.687468],[137.233912,34.688381],[137.233019,34.688704],[137.232071,34.686579],[137.231313,34.686271],[137.230185,34.684136],[137.230269,34.683515],[137.232249,34.682532],[137.230898,34.681017],[137.230313,34.679987],[137.229477,34.679114],[137.22855,34.67862],[137.225228,34.676458],[137.223585,34.675633],[137.221937,34.675565],[137.221487,34.675932],[137.219434,34.675804],[137.217952,34.676434],[137.216828,34.676617],[137.215191,34.677208],[137.213946,34.678051],[137.21186,34.679155],[137.210449,34.67788],[137.209027,34.677789],[137.207789,34.678469],[137.206344,34.677909],[137.205494,34.676808],[137.204809,34.676297],[137.201146,34.671942],[137.19909,34.669766],[137.197841,34.668882],[137.197346,34.669065],[137.196862,34.668497],[137.195295,34.667839],[137.194473,34.667782],[137.192116,34.668491],[137.19126,34.669225],[137.191041,34.669773],[137.189735,34.669504],[137.188581,34.670094],[137.18724,34.669834],[137.186104,34.669061],[137.183806,34.666139],[137.182402,34.664953],[137.181976,34.664406],[137.180076,34.66332],[137.179954,34.66286],[137.17903,34.66175],[137.177989,34.660965],[137.177469,34.661364],[137.176258,34.660101],[137.175038,34.659169],[137.173515,34.658733],[137.171379,34.6573],[137.169841,34.656519],[137.168419,34.656401],[137.166968,34.655893],[137.165055,34.655568],[137.164663,34.655795],[137.163034,34.655055],[137.161364,34.654765],[137.160655,34.655026],[137.157861,34.654676],[137.156546,34.655229],[137.156387,34.656342],[137.154112,34.655345],[137.152234,34.654683],[137.151111,34.654457],[137.148311,34.654176],[137.146505,34.654196],[137.144847,34.653982],[137.143339,34.654017],[137.139247,34.655],[137.137322,34.655752],[137.13533,34.656066],[137.132828,34.656101],[137.131525,34.656351],[137.129783,34.656005],[137.127003,34.654724],[137.127585,34.653859],[137.128383,34.653445],[137.128477,34.652929],[137.129131,34.652767],[137.129854,34.651611],[137.130383,34.651515],[137.13262,34.651904],[137.133621,34.65124],[137.133442,34.650852],[137.135688,34.651099],[137.137018,34.650772],[137.140245,34.64664],[137.140814,34.645572],[137.139607,34.644963],[137.138858,34.643756],[137.137871,34.642976],[137.13719,34.642033],[137.136642,34.641824],[137.136558,34.641212],[137.135127,34.640724],[137.133855,34.639978],[137.133319,34.639412],[137.132485,34.639428],[137.132007,34.638918],[137.130892,34.638606],[137.130275,34.638725],[137.129477,34.638158],[137.128281,34.638195],[137.126764,34.63798],[137.124062,34.636889],[137.121408,34.63558],[137.120249,34.635238],[137.119412,34.634639],[137.117098,34.635166],[137.11697,34.63579],[137.117746,34.636444],[137.114831,34.635858],[137.113748,34.635915],[137.112474,34.636594],[137.110589,34.636883],[137.107749,34.636966],[137.10668,34.636413],[137.105966,34.636351],[137.105078,34.634239],[137.103867,34.634192],[137.103924,34.632819],[137.102558,34.632808],[137.102333,34.633888],[137.102237,34.636646],[137.102697,34.637077],[137.102622,34.63809],[137.102005,34.638195],[137.102267,34.639504],[137.103773,34.639468],[137.106478,34.641563],[137.10643,34.642723],[137.105163,34.643662],[137.103484,34.644303],[137.101922,34.645637],[137.100128,34.646031],[137.096817,34.645835],[137.095618,34.646066],[137.094394,34.646882],[137.092667,34.646923],[137.09113,34.64734],[137.091166,34.648812],[137.090558,34.64864],[137.090517,34.647736],[137.088743,34.647695],[137.088336,34.648328],[137.087674,34.648091],[137.087121,34.646559],[137.085077,34.647177],[137.086248,34.648712],[137.089417,34.649729],[137.089958,34.649716],[137.090012,34.651295],[137.089563,34.651481],[137.089834,34.653957],[137.090702,34.653834],[137.09046,34.655722],[137.09022,34.656064],[137.090827,34.657325],[137.089212,34.657039],[137.088188,34.657445],[137.087869,34.657882],[137.087545,34.658029],[137.087592,34.658158],[137.084518,34.660247],[137.083503,34.660637],[137.08157,34.66181],[137.07862,34.662114],[137.075214,34.662797],[137.075172,34.663004],[137.069949,34.661924],[137.068321,34.66123],[137.064647,34.658319],[137.062424,34.65563],[137.060619,34.653838],[137.059621,34.653228],[137.05741,34.649164],[137.055515,34.645975],[137.054927,34.644515],[137.054205,34.64357],[137.053007,34.64145],[137.051574,34.638643],[137.048519,34.633032],[137.046117,34.628713],[137.044047,34.624665],[137.042045,34.620305],[137.041485,34.619485],[137.038746,34.614903],[137.037387,34.61427],[137.037676,34.613855],[137.037662,34.612965],[137.037343,34.612487],[137.036492,34.61218],[137.03668,34.61138],[137.036243,34.610607],[137.035384,34.610022],[137.035425,34.609294],[137.034938,34.608639],[137.034405,34.608656],[137.034139,34.607344],[137.033623,34.606754],[137.032833,34.60527],[137.031224,34.602858],[137.03046,34.601931],[137.030249,34.601062],[137.030259,34.598808],[137.029356,34.595665],[137.028016,34.592009],[137.027256,34.590498],[137.026412,34.589639],[137.025348,34.589129],[137.024168,34.587357],[137.02342,34.586517],[137.023667,34.586268],[137.022772,34.584414],[137.020962,34.583864],[137.018486,34.584691],[137.019316,34.586383],[137.020428,34.587592],[137.019546,34.58799],[137.019347,34.586784],[137.018247,34.58485],[137.017765,34.584556],[137.017819,34.583752],[137.017536,34.582791],[137.016266,34.58174],[137.015316,34.58126],[137.015135,34.580445],[137.015417,34.579801],[137.01611,34.579305],[137.018063,34.578415],[137.020153,34.579173],[137.021553,34.579524],[137.023756,34.57986],[137.029385,34.580583],[137.031195,34.580892],[137.032706,34.580831],[137.03342,34.58056],[137.033992,34.579465],[137.034641,34.578646],[137.035763,34.578369],[137.036966,34.578467],[137.037695,34.57849],[137.038318,34.578292],[137.038818,34.57885],[137.040485,34.579519],[137.041674,34.57969],[137.046022,34.580732],[137.046941,34.580837],[137.048799,34.581429],[137.052917,34.582388],[137.054415,34.582671],[137.057489,34.583494],[137.060989,34.584178],[137.068392,34.585896],[137.073167,34.586762],[137.077788,34.58768],[137.079106,34.588019],[137.084597,34.588927],[137.086494,34.589357],[137.089902,34.589977],[137.092283,34.59032],[137.094691,34.590774],[137.0958,34.59086],[137.097332,34.590843],[137.098964,34.590039],[137.099727,34.590117],[137.100702,34.590087],[137.101197,34.589581],[137.103338,34.588964],[137.105135,34.588966],[137.106225,34.588774],[137.106548,34.588429],[137.107718,34.588451],[137.110882,34.588957],[137.111635,34.588703],[137.112106,34.588307],[137.113028,34.588351],[137.113557,34.588135],[137.114713,34.58798],[137.115858,34.58738],[137.116296,34.587479],[137.117004,34.587325],[137.117264,34.587142],[137.117555,34.587193],[137.117603,34.587242],[137.117751,34.587257],[137.118347,34.587275],[137.118933,34.587429],[137.119897,34.58742],[137.120855,34.587231],[137.121026,34.587315],[137.121947,34.587257],[137.122054,34.587106],[137.122453,34.587164],[137.122619,34.587257],[137.122725,34.587283],[137.122916,34.58728],[137.123213,34.587095],[137.123169,34.587366],[137.123514,34.587349],[137.123787,34.5875],[137.124841,34.587757],[137.125592,34.588015],[137.126484,34.588038],[137.127662,34.588355],[137.130295,34.588427],[137.132108,34.588198],[137.134555,34.588695],[137.135984,34.589208],[137.137272,34.589226],[137.140252,34.589883],[137.140885,34.589665],[137.141469,34.589873],[137.141927,34.589978],[137.142311,34.589912],[137.142445,34.590103],[137.14293,34.590154],[137.143593,34.590454],[137.144217,34.590598],[137.146231,34.591325],[137.147338,34.592044],[137.149251,34.592422],[137.149913,34.592444],[137.150058,34.5925],[137.150386,34.592363],[137.151175,34.59221],[137.151569,34.592274],[137.152058,34.592754],[137.152423,34.592985],[137.15381,34.593619],[137.154393,34.593785],[137.15491,34.593904],[137.155751,34.594031],[137.156295,34.594054],[137.158244,34.594908],[137.160242,34.595563],[137.160446,34.59561],[137.160677,34.595629],[137.161108,34.59581],[137.161358,34.595864],[137.161435,34.595918],[137.161509,34.595889],[137.161603,34.595966],[137.161649,34.596],[137.161707,34.596032],[137.161748,34.596063],[137.161796,34.59608],[137.161853,34.596132],[137.163338,34.596586],[137.164044,34.596682],[137.164574,34.597067],[137.164761,34.596985],[137.165084,34.597172],[137.165275,34.597229],[137.165512,34.597221],[137.165524,34.597353],[137.167897,34.598269],[137.168591,34.598658],[137.170313,34.599246],[137.172398,34.600134],[137.174434,34.600815],[137.176234,34.601287],[137.177049,34.601877],[137.179588,34.602829],[137.18025,34.602828],[137.182817,34.60334],[137.184661,34.604227],[137.185199,34.604023],[137.186017,34.602478],[137.186498,34.603498],[137.187668,34.604281],[137.188627,34.604589],[137.188302,34.605552],[137.188679,34.606138],[137.187626,34.607206],[137.185896,34.606509],[137.184915,34.607706],[137.186682,34.608704],[137.187341,34.60822],[137.188266,34.608857],[137.188943,34.608212],[137.188286,34.60766],[137.188768,34.606941],[137.189578,34.606572],[137.18939,34.60584],[137.189684,34.603493],[137.189741,34.601747],[137.190536,34.602222],[137.190493,34.603553],[137.190865,34.604129],[137.192733,34.605248],[137.195022,34.606191],[137.198716,34.607485],[137.201591,34.608638],[137.206803,34.610549],[137.209668,34.611496],[137.212773,34.612415],[137.215492,34.612796],[137.218732,34.613742],[137.219721,34.613765],[137.220182,34.613298],[137.220917,34.613294],[137.221361,34.613188],[137.221974,34.613245],[137.222582,34.61367],[137.226638,34.615322],[137.228032,34.615681],[137.2298,34.616358],[137.231633,34.616793],[137.236041,34.618449],[137.23845,34.619232],[137.240583,34.620133],[137.244436,34.621138],[137.245438,34.621587],[137.247191,34.622124],[137.250004,34.62278],[137.252453,34.623616],[137.254994,34.624678],[137.258211,34.625595],[137.262302,34.626491],[137.265676,34.627584],[137.266881,34.627725],[137.268431,34.628368],[137.274354,34.630237],[137.279064,34.631481],[137.284337,34.633018],[137.288264,34.633987],[137.29227,34.635095],[137.297299,34.636413],[137.301382,34.637584],[137.303707,34.638328],[137.308871,34.639727],[137.313903,34.640684],[137.323036,34.642811],[137.325461,34.643538],[137.327609,34.644069],[137.335352,34.645755],[137.338853,34.646701],[137.34054,34.647059],[137.341359,34.647527],[137.34033,34.648982],[137.340966,34.651523],[137.341759,34.652281],[137.340579,34.653718],[137.340037,34.655317],[137.339308,34.658764],[137.339509,34.65881],[137.339083,34.660932],[137.337841,34.662765],[137.337284,34.663333],[137.335909,34.662291],[137.334107,34.661487],[137.330128,34.661346],[137.328422,34.660846],[137.326482,34.661395],[137.325781,34.660979],[137.323885,34.660563],[137.321554,34.661404],[137.318693,34.661776],[137.316986,34.662378],[137.314684,34.662519],[137.313396,34.663206],[137.311928,34.663159],[137.310604,34.663811],[137.308314,34.664237],[137.307288,34.664292],[137.306556,34.664608],[137.305459,34.665791],[137.306603,34.666422],[137.306434,34.66676],[137.306744,34.667996],[137.307543,34.6688],[137.308001,34.669967],[137.308788,34.670966],[137.30936,34.672378],[137.310687,34.674038],[137.310204,34.676421],[137.309334,34.677235],[137.307671,34.678194],[137.306883,34.678484],[137.307093,34.679956]]],[[[137.24978,34.710772],[137.251593,34.711362],[137.252209,34.711903],[137.252343,34.712756],[137.252103,34.71336],[137.249429,34.714035],[137.246914,34.713313],[137.246292,34.712637],[137.247198,34.711331],[137.248692,34.710684],[137.24978,34.710772]]],[[[137.115096,34.644676],[137.115981,34.64506],[137.115981,34.646041],[137.114109,34.646122],[137.113479,34.645194],[137.113362,34.64352],[137.113642,34.643101],[137.115101,34.64314],[137.115693,34.643332],[137.115615,34.643944],[137.115096,34.644676]]],[[[137.125526,34.653079],[137.124612,34.652211],[137.125147,34.651269],[137.125231,34.650176],[137.126592,34.650176],[137.126557,34.650804],[137.127383,34.651322],[137.126528,34.653288],[137.125526,34.653079]]],[[[137.125397,34.64963],[137.124351,34.649746],[137.123622,34.648984],[137.125207,34.649046],[137.126278,34.647755],[137.126942,34.647644],[137.128287,34.648241],[137.127219,34.648845],[137.126739,34.648022],[137.126135,34.648789],[137.126282,34.649307],[137.125397,34.64963]]],[[[137.09143,34.652349],[137.093202,34.652945],[137.094695,34.652652],[137.094727,34.651404],[137.095663,34.650777],[137.095452,34.651913],[137.095605,34.652639],[137.094525,34.653248],[137.093102,34.653272],[137.091881,34.653683],[137.091539,34.653312],[137.09143,34.652349]]]]}},
  {"type":"Feature","properties":{"name":"愛西市","code":"23232"},"geometry":{"type":"MultiPolygon","coordinates":[[[[136.763563,35.199717],[136.763896,35.200079],[136.764224,35.201375],[136.761291,35.201546],[136.761317,35.202421],[136.762326,35.205281],[136.759832,35.204761],[136.757329,35.204715],[136.755328,35.204433],[136.754666,35.203994],[136.752827,35.204258],[136.752802,35.204615],[136.751846,35.204884],[136.751309,35.204216],[136.750534,35.20374],[136.749976,35.202437],[136.749614,35.202451],[136.748522,35.201715],[136.747568,35.200541],[136.746538,35.199787],[136.746176,35.198544],[136.746249,35.197985],[136.745356,35.196505],[136.742958,35.196155],[136.74305,35.195103],[136.742656,35.194773],[136.741084,35.194623],[136.740559,35.195216],[136.737903,35.19507],[136.737228,35.193967],[136.736843,35.193765],[136.735884,35.194331],[136.734611,35.194551],[136.734678,35.194866],[136.732013,35.19579],[136.728537,35.197127],[136.725997,35.198212],[136.723711,35.199481],[136.722467,35.200982],[136.723197,35.202091],[136.725107,35.202926],[136.725132,35.203627],[136.726738,35.204061],[136.728693,35.204791],[136.730103,35.206739],[136.730474,35.20811],[136.730382,35.209477],[136.7299,35.211594],[136.729178,35.213543],[136.729021,35.215686],[136.730336,35.21521],[136.729931,35.216795],[136.730497,35.218014],[136.730995,35.218493],[136.733152,35.219713],[136.73191,35.220362],[136.729998,35.220359],[136.72964,35.220003],[136.728358,35.219827],[136.726661,35.220234],[136.724798,35.22092],[136.722866,35.221474],[136.72205,35.22156],[136.720941,35.22024],[136.719535,35.220829],[136.717336,35.221087],[136.717607,35.223078],[136.718051,35.224141],[136.719121,35.225756],[136.720626,35.228567],[136.72115,35.230232],[136.72079,35.233847],[136.720833,35.234739],[136.71885,35.234974],[136.717706,35.234933],[136.716977,35.234232],[136.716019,35.232411],[136.71475,35.232603],[136.714901,35.231591],[136.714744,35.230117],[136.713756,35.229918],[136.709962,35.230286],[136.70986,35.22982],[136.708985,35.229899],[136.709051,35.230872],[136.707193,35.231205],[136.705065,35.231958],[136.699439,35.234093],[136.697719,35.234822],[136.697483,35.234168],[136.69666,35.234247],[136.696757,35.234918],[136.695979,35.234957],[136.695635,35.235478],[136.69459,35.235872],[136.694097,35.234965],[136.693419,35.235282],[136.689424,35.235617],[136.688375,35.235346],[136.688151,35.234083],[136.68712,35.234173],[136.68681,35.231725],[136.688435,35.231615],[136.687698,35.230879],[136.687397,35.230182],[136.686564,35.229434],[136.685653,35.229759],[136.685027,35.229618],[136.683956,35.228865],[136.679875,35.228205],[136.680208,35.227142],[136.680959,35.223783],[136.681566,35.219397],[136.681602,35.215889],[136.682073,35.212324],[136.681756,35.209104],[136.682055,35.205514],[136.683269,35.203085],[136.683368,35.202297],[136.683133,35.19983],[136.682336,35.198447],[136.680471,35.196447],[136.678924,35.19505],[136.675829,35.192769],[136.673421,35.190672],[136.672851,35.190004],[136.672317,35.188777],[136.672092,35.186392],[136.671558,35.18284],[136.671359,35.180394],[136.671314,35.177719],[136.671033,35.174494],[136.671124,35.173409],[136.672031,35.16989],[136.673902,35.16018],[136.674259,35.158025],[136.674626,35.154627],[136.67434,35.152501],[136.671778,35.145491],[136.671054,35.142082],[136.671226,35.139838],[136.672203,35.1361],[136.672778,35.134777],[136.674954,35.131366],[136.676393,35.128867],[136.679884,35.12839],[136.681091,35.128441],[136.685919,35.126806],[136.687462,35.126145],[136.690597,35.125317],[136.692939,35.124788],[136.695195,35.124606],[136.699936,35.120286],[136.701418,35.118613],[136.706841,35.121244],[136.706036,35.123701],[136.705537,35.123634],[136.704506,35.128017],[136.706486,35.128091],[136.707553,35.128378],[136.708709,35.126524],[136.708958,35.127086],[136.710133,35.127067],[136.711575,35.127774],[136.710998,35.128138],[136.709883,35.128278],[136.710268,35.13003],[136.711091,35.13054],[136.712053,35.130386],[136.712203,35.130034],[136.713667,35.129931],[136.714842,35.130229],[136.71488,35.130938],[136.714153,35.131891],[136.714567,35.132223],[136.71579,35.131994],[136.717231,35.13231],[136.718739,35.131996],[136.719292,35.131463],[136.721189,35.131133],[136.720843,35.129991],[136.72134,35.129879],[136.721129,35.128909],[136.722418,35.128624],[136.72226,35.128146],[136.725054,35.127564],[136.725367,35.128605],[136.72832,35.127948],[136.730047,35.12845],[136.730334,35.129438],[136.729976,35.129882],[136.73277,35.129476],[136.732718,35.128997],[136.733768,35.127664],[136.734933,35.127769],[136.735799,35.127045],[136.736418,35.125685],[136.738059,35.124125],[136.738744,35.124978],[136.73745,35.126594],[136.737312,35.127137],[136.737764,35.127829],[136.738641,35.128475],[136.739998,35.128885],[136.740496,35.128737],[136.743132,35.128478],[136.743767,35.130043],[136.745473,35.130269],[136.746367,35.130582],[136.747652,35.130243],[136.748676,35.129651],[136.749419,35.128284],[136.750593,35.126923],[136.750994,35.126737],[136.752572,35.128418],[136.753358,35.128432],[136.754447,35.13003],[136.756247,35.129359],[136.756373,35.128326],[136.756068,35.126698],[136.756353,35.126344],[136.754993,35.122658],[136.755264,35.120082],[136.756294,35.119889],[136.757108,35.118597],[136.758464,35.117422],[136.760052,35.116516],[136.760847,35.116222],[136.762603,35.116163],[136.763933,35.116776],[136.766162,35.118074],[136.767419,35.118439],[136.76853,35.118498],[136.769907,35.118304],[136.771234,35.120151],[136.768301,35.12115],[136.767185,35.12141],[136.766488,35.121851],[136.763862,35.122781],[136.764605,35.123244],[136.764411,35.123657],[136.7647,35.124486],[136.764142,35.126288],[136.764395,35.126938],[136.76566,35.127042],[136.767249,35.126325],[136.768039,35.125501],[136.768479,35.124049],[136.769418,35.124175],[136.771108,35.123759],[136.771788,35.125255],[136.77265,35.125948],[136.772719,35.126953],[136.773441,35.12755],[136.773201,35.12989],[136.772753,35.13012],[136.772279,35.131564],[136.771625,35.132404],[136.771913,35.134626],[136.772001,35.136162],[136.770932,35.136859],[136.769614,35.136417],[136.768103,35.136108],[136.766999,35.134727],[136.76408,35.133182],[136.762705,35.132737],[136.761949,35.133829],[136.759758,35.133596],[136.759212,35.13634],[136.758476,35.136999],[136.757926,35.13815],[136.758255,35.138279],[136.757623,35.139564],[136.758035,35.139699],[136.757377,35.14128],[136.758042,35.141494],[136.757596,35.142429],[136.757726,35.14319],[136.758721,35.143566],[136.758764,35.143954],[136.758006,35.145585],[136.755089,35.144817],[136.753903,35.147323],[136.754249,35.147589],[136.753702,35.148727],[136.75241,35.148752],[136.752343,35.149462],[136.751445,35.149692],[136.751202,35.150384],[136.750404,35.150336],[136.750227,35.151578],[136.749361,35.153716],[136.749418,35.154655],[136.74666,35.155559],[136.746209,35.156905],[136.745637,35.157492],[136.745726,35.158303],[136.745016,35.158855],[136.743892,35.15895],[136.743298,35.158613],[136.742495,35.158809],[136.742657,35.159303],[136.741792,35.159494],[136.741737,35.160042],[136.740727,35.160582],[136.740932,35.161768],[136.739364,35.162252],[136.737913,35.162425],[136.737699,35.164028],[136.734656,35.164329],[136.734438,35.164579],[136.732955,35.164844],[136.732211,35.165613],[136.732354,35.166673],[136.731693,35.166964],[136.727689,35.168209],[136.72681,35.168388],[136.726346,35.167127],[136.725536,35.166937],[136.724743,35.167172],[136.724272,35.16646],[136.721033,35.166813],[136.720924,35.166091],[136.718388,35.166429],[136.717669,35.166857],[136.717052,35.166328],[136.717381,35.165484],[136.716159,35.163903],[136.714807,35.164924],[136.714498,35.16538],[136.712707,35.165307],[136.712762,35.164626],[136.70997,35.163753],[136.709654,35.167231],[136.711219,35.166643],[136.709316,35.171157],[136.709669,35.171633],[136.707681,35.176411],[136.708134,35.176641],[136.707055,35.179126],[136.709017,35.189471],[136.711658,35.189112],[136.71297,35.188125],[136.713585,35.188474],[136.714628,35.188076],[136.716386,35.188539],[136.716308,35.189179],[136.717591,35.18913],[136.720261,35.188509],[136.721204,35.187678],[136.722276,35.186005],[136.722756,35.18554],[136.723295,35.185876],[136.724738,35.187527],[136.725971,35.187872],[136.726854,35.188478],[136.727336,35.188424],[136.728305,35.189464],[136.728993,35.189873],[136.730513,35.189349],[136.730948,35.190061],[136.731569,35.189791],[136.731162,35.188905],[136.730556,35.188366],[136.730075,35.185855],[136.729952,35.184285],[136.730229,35.184111],[136.732421,35.184139],[136.733863,35.183699],[136.734268,35.185087],[136.734593,35.188828],[136.737755,35.188226],[136.738794,35.187623],[136.739434,35.186626],[136.739257,35.18599],[136.739531,35.184802],[136.739435,35.183669],[136.737895,35.182337],[136.73781,35.181298],[136.739134,35.181163],[136.741071,35.181256],[136.741756,35.180496],[136.742779,35.180522],[136.743358,35.181795],[136.746495,35.181563],[136.746604,35.180352],[136.746911,35.179494],[136.747876,35.177758],[136.74791,35.176875],[136.750924,35.177241],[136.751558,35.178037],[136.752588,35.178292],[136.754061,35.178981],[136.753898,35.18088],[136.754316,35.183881],[136.75402,35.18585],[136.755457,35.185671],[136.75603,35.186525],[136.757826,35.186474],[136.757741,35.188022],[136.757192,35.188031],[136.759067,35.19024],[136.758544,35.190392],[136.758936,35.191447],[136.757464,35.191549],[136.757063,35.191821],[136.75724,35.194278],[136.761188,35.194518],[136.761792,35.196236],[136.761834,35.197092],[136.762294,35.198309],[136.76301,35.199598],[136.763563,35.199717]]]]}},
  {"type":"Feature","properties":{"name":"清須市","code":"23233"},"geometry":{"type":"MultiPolygon","coordinates":[[[[136.857867,35.230561],[136.858179,35.231263],[136.850847,35.237879],[136.850213,35.240154],[136.849693,35.24029],[136.849061,35.239142],[136.848905,35.237581],[136.846563,35.237601],[136.843639,35.237307],[136.841932,35.239767],[136.842524,35.240318],[136.83919,35.246103],[136.84003,35.24605],[136.84003,35.246811],[136.840681,35.247811],[136.842219,35.248003],[136.842323,35.249043],[136.844211,35.248976],[136.843566,35.251642],[136.843184,35.251769],[136.840499,35.251847],[136.840776,35.250603],[136.840099,35.250467],[136.838593,35.250749],[136.838602,35.250213],[136.836772,35.250641],[136.836354,35.249618],[136.834872,35.248764],[136.834313,35.247961],[136.834084,35.246679],[136.83303,35.24613],[136.830298,35.244425],[136.829035,35.243209],[136.828948,35.242752],[136.829523,35.24173],[136.829799,35.240519],[136.829089,35.239313],[136.829677,35.237446],[136.829801,35.236615],[136.830909,35.23586],[136.831885,35.234431],[136.833109,35.232955],[136.833901,35.232311],[136.836891,35.230273],[136.838444,35.229471],[136.838005,35.229149],[136.838069,35.228516],[136.83707,35.228003],[136.834862,35.230049],[136.834338,35.229393],[136.834287,35.228544],[136.834999,35.228661],[136.836361,35.227149],[136.836167,35.225971],[136.835251,35.223662],[136.834963,35.222355],[136.833374,35.221775],[136.832721,35.222027],[136.82908,35.222085],[136.828483,35.221909],[136.826155,35.221962],[136.826276,35.217917],[136.824734,35.217144],[136.824793,35.215447],[136.82274,35.215344],[136.823184,35.208009],[136.822707,35.20732],[136.822979,35.204124],[136.828671,35.204387],[136.829258,35.204234],[136.832859,35.204524],[136.836639,35.204651],[136.837848,35.204906],[136.838578,35.204038],[136.838686,35.203412],[136.837718,35.202111],[136.838584,35.200461],[136.839353,35.199619],[136.839038,35.198795],[136.837735,35.197463],[136.837701,35.196813],[136.838412,35.196172],[136.841298,35.194173],[136.842838,35.193655],[136.8438,35.193893],[136.844719,35.192345],[136.8442,35.191359],[136.844401,35.190732],[136.84597,35.188955],[136.8458,35.188283],[136.844685,35.188547],[136.844336,35.188215],[136.845205,35.187052],[136.845146,35.185911],[136.844813,35.184613],[136.844941,35.183814],[136.844396,35.182572],[136.845384,35.182079],[136.844822,35.181211],[136.845776,35.180643],[136.846788,35.180797],[136.847981,35.180558],[136.849976,35.182561],[136.853394,35.185716],[136.856301,35.188172],[136.857604,35.189002],[136.85888,35.189541],[136.863723,35.190915],[136.86593,35.191661],[136.868055,35.192493],[136.869102,35.193207],[136.869841,35.194002],[136.870659,35.195868],[136.871701,35.19751],[136.872824,35.198692],[136.875383,35.201846],[136.876043,35.203656],[136.876502,35.204337],[136.878108,35.206045],[136.87928,35.206865],[136.878971,35.207213],[136.8789,35.208794],[136.878542,35.209336],[136.874901,35.209803],[136.874157,35.209676],[136.872518,35.210024],[136.871628,35.211171],[136.87037,35.211331],[136.868373,35.211912],[136.868093,35.211086],[136.867068,35.209063],[136.866138,35.208535],[136.865686,35.206894],[136.864686,35.206949],[136.864317,35.205886],[136.863772,35.206011],[136.863605,35.207116],[136.860584,35.207621],[136.86019,35.207972],[136.864642,35.213329],[136.863874,35.213636],[136.864293,35.214565],[136.864016,35.215268],[136.860357,35.215227],[136.859243,35.216399],[136.85878,35.217123],[136.858018,35.217232],[136.857572,35.218777],[136.85665,35.219271],[136.856365,35.221096],[136.856222,35.224396],[136.855953,35.227991],[136.856104,35.228557],[136.855719,35.230583],[136.857867,35.230561]]]]}},
  {"type":"Feature","properties":{"name":"北名古屋市","code":"23234"},"geometry":{"type":"MultiPolygon","coordinates":[[[[136.903044,35.240398],[136.902093,35.241044],[136.901751,35.24324],[136.901854,35.244423],[136.902242,35.245174],[136.904794,35.248563],[136.901886,35.251996],[136.901534,35.252665],[136.902043,35.253891],[136.902329,35.255495],[136.901129,35.255659],[136.898923,35.255696],[136.897351,35.255553],[136.897351,35.259208],[136.897772,35.259222],[136.897754,35.260683],[136.897087,35.260774],[136.896714,35.261976],[136.896189,35.261976],[136.896204,35.262855],[136.894892,35.262818],[136.893213,35.263466],[136.892033,35.263272],[136.88999,35.26349],[136.889894,35.263709],[136.882096,35.264244],[136.881297,35.264776],[136.882277,35.265343],[136.880685,35.266581],[136.879676,35.265827],[136.87793,35.263394],[136.877228,35.262173],[136.875893,35.260538],[136.874928,35.258705],[136.874383,35.258383],[136.873024,35.258474],[136.871601,35.258963],[136.87093,35.2589],[136.869551,35.259901],[136.868684,35.26096],[136.867514,35.261586],[136.86647,35.261852],[136.865233,35.261149],[136.864466,35.261712],[136.865687,35.262133],[136.86332,35.263885],[136.862119,35.26407],[136.860848,35.264767],[136.860068,35.264863],[136.858021,35.264261],[136.855676,35.264461],[136.854295,35.263939],[136.853207,35.264079],[136.852236,35.264439],[136.85222,35.265653],[136.851636,35.265476],[136.851383,35.264723],[136.850684,35.264688],[136.849601,35.26403],[136.849129,35.263183],[136.845608,35.260543],[136.84316,35.259766],[136.841901,35.258374],[136.842818,35.257828],[136.842936,35.257418],[136.842222,35.257017],[136.842941,35.256521],[136.843497,35.254231],[136.84294,35.254038],[136.843222,35.252465],[136.843184,35.251769],[136.843566,35.251642],[136.844211,35.248976],[136.842323,35.249043],[136.842219,35.248003],[136.840681,35.247811],[136.84003,35.246811],[136.84003,35.24605],[136.83919,35.246103],[136.842524,35.240318],[136.841932,35.239767],[136.843639,35.237307],[136.846563,35.237601],[136.848905,35.237581],[136.849061,35.239142],[136.849693,35.24029],[136.850213,35.240154],[136.850847,35.237879],[136.858179,35.231263],[136.857867,35.230561],[136.86025,35.230567],[136.867003,35.230803],[136.867824,35.230635],[136.870966,35.230954],[136.872047,35.231358],[136.8738,35.227858],[136.874723,35.226443],[136.874172,35.226063],[136.874793,35.225065],[136.876768,35.225842],[136.881381,35.227295],[136.886273,35.229108],[136.895816,35.233313],[136.89923,35.234786],[136.900986,35.2356],[136.901593,35.236862],[136.901439,35.239748],[136.903044,35.240398]]]]}},
  {"type":"Feature","properties":{"name":"弥富市","code":"23235"},"geometry":{"type":"MultiPolygon","coordinates":[[[[136.701418,35.118613],[136.704008,35.115631],[136.708233,35.111264],[136.714072,35.105167],[136.718155,35.102812],[136.719979,35.103369],[136.721774,35.102309],[136.724724,35.100944],[136.724466,35.100534],[136.727672,35.099311],[136.731275,35.097281],[136.732204,35.096489],[136.735183,35.092744],[136.737408,35.090354],[136.739896,35.087797],[136.741864,35.085955],[136.745401,35.083699],[136.749574,35.080728],[136.750464,35.079846],[136.750972,35.078453],[136.751505,35.075606],[136.752047,35.071701],[136.751767,35.064716],[136.751697,35.061823],[136.753401,35.053016],[136.760858,35.037714],[136.772708,35.02439],[136.769685,35.022582],[136.770624,35.021438],[136.774908,35.022015],[136.77744,35.022176],[136.778094,35.021834],[136.781372,35.018156],[136.781591,35.018125],[136.784134,35.019292],[136.785112,35.019603],[136.785817,35.019551],[136.791095,35.01616],[136.793881,35.014462],[136.796889,35.021493],[136.796608,35.022264],[136.788341,35.027972],[136.787866,35.02808],[136.786741,35.028956],[136.783388,35.031234],[136.783082,35.031585],[136.780647,35.03326],[136.780692,35.033567],[136.786139,35.03567],[136.795465,35.031276],[136.795391,35.031092],[136.800247,35.028803],[136.800463,35.029013],[136.80045,35.033589],[136.800661,35.033606],[136.800652,35.038553],[136.800436,35.038565],[136.800425,35.041258],[136.800635,35.041258],[136.800535,35.049126],[136.796891,35.049123],[136.796883,35.051536],[136.80667,35.051558],[136.806731,35.060269],[136.80299,35.062018],[136.795407,35.065666],[136.794312,35.066289],[136.791026,35.068408],[136.788583,35.070278],[136.783064,35.074842],[136.781602,35.076491],[136.780572,35.077993],[136.77949,35.079241],[136.77761,35.080751],[136.775946,35.081527],[136.77515,35.081712],[136.767918,35.082767],[136.765893,35.083387],[136.764649,35.084038],[136.763474,35.08498],[136.760973,35.087649],[136.758374,35.090697],[136.75901,35.091022],[136.760134,35.090888],[136.763493,35.090979],[136.764921,35.091119],[136.76927,35.091865],[136.771048,35.092562],[136.772237,35.093759],[136.772517,35.094894],[136.771934,35.096199],[136.770876,35.097824],[136.777528,35.097348],[136.778152,35.097241],[136.779723,35.095654],[136.78032,35.094022],[136.780924,35.09183],[136.780577,35.090979],[136.783622,35.091663],[136.784793,35.092068],[136.787871,35.094052],[136.789611,35.094818],[136.791881,35.096419],[136.792638,35.097813],[136.794551,35.097773],[136.796183,35.097559],[136.796346,35.099518],[136.794636,35.100856],[136.788492,35.105861],[136.787901,35.107602],[136.78732,35.108008],[136.786436,35.109151],[136.785178,35.111126],[136.782333,35.112314],[136.781682,35.112102],[136.780298,35.11314],[136.779071,35.112782],[136.777196,35.112851],[136.775921,35.113075],[136.776238,35.113664],[136.773808,35.114583],[136.772336,35.116314],[136.771165,35.11752],[136.769907,35.118304],[136.76853,35.118498],[136.767419,35.118439],[136.766162,35.118074],[136.763933,35.116776],[136.762603,35.116163],[136.760847,35.116222],[136.760052,35.116516],[136.758464,35.117422],[136.757108,35.118597],[136.756294,35.119889],[136.755264,35.120082],[136.754993,35.122658],[136.756353,35.126344],[136.756068,35.126698],[136.756373,35.128326],[136.756247,35.129359],[136.754447,35.13003],[136.753358,35.128432],[136.752572,35.128418],[136.750994,35.126737],[136.750593,35.126923],[136.749419,35.128284],[136.748676,35.129651],[136.747652,35.130243],[136.746367,35.130582],[136.745473,35.130269],[136.743767,35.130043],[136.743132,35.128478],[136.740496,35.128737],[136.739998,35.128885],[136.738641,35.128475],[136.737764,35.127829],[136.737312,35.127137],[136.73745,35.126594],[136.738744,35.124978],[136.738059,35.124125],[136.736418,35.125685],[136.735799,35.127045],[136.734933,35.127769],[136.733768,35.127664],[136.732718,35.128997],[136.73277,35.129476],[136.729976,35.129882],[136.730334,35.129438],[136.730047,35.12845],[136.72832,35.127948],[136.725367,35.128605],[136.725054,35.127564],[136.72226,35.128146],[136.722418,35.128624],[136.721129,35.128909],[136.72134,35.129879],[136.720843,35.129991],[136.721189,35.131133],[136.719292,35.131463],[136.718739,35.131996],[136.717231,35.13231],[136.71579,35.131994],[136.714567,35.132223],[136.714153,35.131891],[136.71488,35.130938],[136.714842,35.130229],[136.713667,35.129931],[136.712203,35.130034],[136.712053,35.130386],[136.711091,35.13054],[136.710268,35.13003],[136.709883,35.128278],[136.710998,35.128138],[136.711575,35.127774],[136.710133,35.127067],[136.708958,35.127086],[136.708709,35.126524],[136.707553,35.128378],[136.706486,35.128091],[136.704506,35.128017],[136.705537,35.123634],[136.706036,35.123701],[136.706841,35.121244],[136.701418,35.118613]]]]}},
  {"type":"Feature","properties":{"name":"みよし市","code":"23236"},"geometry":{"type":"MultiPolygon","coordinates":[[[[137.06839,35.057292],[137.069141,35.057182],[137.0693,35.056589],[137.071014,35.055119],[137.07229,35.056262],[137.073623,35.055915],[137.073357,35.056963],[137.074506,35.056823],[137.075458,35.058006],[137.076614,35.057427],[137.077798,35.058326],[137.079531,35.059025],[137.08002,35.058314],[137.082398,35.058914],[137.082708,35.058471],[137.083497,35.058499],[137.084368,35.058959],[137.085032,35.059691],[137.084555,35.061608],[137.084484,35.062609],[137.086602,35.061347],[137.087069,35.061252],[137.088393,35.061623],[137.089659,35.061579],[137.091007,35.060771],[137.092386,35.060791],[137.092919,35.060098],[137.093696,35.060129],[137.095845,35.059474],[137.096278,35.059566],[137.096425,35.060767],[137.096906,35.061213],[137.098533,35.061756],[137.102212,35.064217],[137.10267,35.065623],[137.103215,35.066403],[137.103601,35.067511],[137.10372,35.068937],[137.10209,35.072473],[137.102189,35.072958],[137.103058,35.074024],[137.103129,35.075421],[137.103864,35.076389],[137.103808,35.077993],[137.104176,35.079181],[137.104985,35.079915],[137.104849,35.080983],[137.105835,35.083107],[137.104981,35.083678],[137.105453,35.084589],[137.106027,35.084997],[137.106268,35.085936],[137.107317,35.086628],[137.10782,35.087507],[137.108187,35.088662],[137.109573,35.090138],[137.111126,35.091614],[137.111722,35.091447],[137.112628,35.092034],[137.112734,35.093135],[137.113095,35.094494],[137.113871,35.095683],[137.112325,35.096041],[137.111705,35.096463],[137.111581,35.097169],[137.112737,35.098263],[137.113395,35.099136],[137.113618,35.100009],[137.113078,35.101167],[137.112037,35.102618],[137.113044,35.102682],[137.113534,35.103543],[137.114347,35.103964],[137.116184,35.104292],[137.116708,35.106993],[137.117223,35.107953],[137.117511,35.109268],[137.118564,35.108983],[137.118677,35.110058],[137.119516,35.111058],[137.120013,35.112346],[137.119909,35.113626],[137.12087,35.114938],[137.122817,35.115766],[137.12452,35.115957],[137.125527,35.115884],[137.125949,35.116822],[137.127481,35.117653],[137.130183,35.117713],[137.130243,35.118546],[137.129664,35.119231],[137.13008,35.119618],[137.12943,35.120545],[137.128571,35.122491],[137.128085,35.123043],[137.125483,35.123778],[137.124639,35.124484],[137.123114,35.124698],[137.122134,35.125055],[137.120554,35.125071],[137.119962,35.125758],[137.117783,35.127718],[137.117629,35.128509],[137.117007,35.129796],[137.116396,35.130501],[137.114831,35.131456],[137.11373,35.131749],[137.112586,35.1315],[137.111599,35.130706],[137.109465,35.129582],[137.108761,35.130863],[137.107706,35.131137],[137.106829,35.13167],[137.105341,35.131517],[137.104833,35.131706],[137.103931,35.134479],[137.103622,35.136087],[137.102718,35.137481],[137.101411,35.138154],[137.099577,35.139852],[137.098552,35.14106],[137.098011,35.142007],[137.098321,35.143696],[137.098219,35.14465],[137.097494,35.144651],[137.095825,35.144668],[137.094653,35.143937],[137.09406,35.143009],[137.092814,35.142397],[137.092646,35.141635],[137.092146,35.1409],[137.091025,35.141186],[137.089796,35.14014],[137.088137,35.139223],[137.087517,35.137952],[137.08679,35.137509],[137.087099,35.135456],[137.087608,35.13514],[137.089183,35.133253],[137.090662,35.132322],[137.091408,35.13032],[137.091234,35.129855],[137.089677,35.129943],[137.088614,35.128373],[137.087423,35.127698],[137.086022,35.128145],[137.084654,35.12762],[137.084454,35.125341],[137.085728,35.125214],[137.086993,35.124854],[137.089022,35.1237],[137.089276,35.123124],[137.088163,35.119151],[137.087759,35.118187],[137.088254,35.116842],[137.08803,35.115692],[137.087093,35.114438],[137.086857,35.113478],[137.087135,35.112561],[137.086439,35.110699],[137.086685,35.108386],[137.086113,35.106417],[137.085336,35.104766],[137.086684,35.104316],[137.087831,35.104241],[137.088039,35.103347],[137.087929,35.101226],[137.087026,35.099891],[137.086176,35.099259],[137.085128,35.099179],[137.083333,35.098527],[137.081999,35.097431],[137.081473,35.097351],[137.080283,35.097676],[137.079419,35.098261],[137.078256,35.098631],[137.076745,35.098506],[137.076298,35.097936],[137.075281,35.097212],[137.073297,35.097214],[137.071228,35.095595],[137.070292,35.096153],[137.068824,35.095577],[137.067411,35.096346],[137.065969,35.096608],[137.063637,35.095754],[137.061687,35.094736],[137.059259,35.092796],[137.055994,35.091308],[137.055674,35.091042],[137.055305,35.089549],[137.055049,35.087657],[137.054222,35.085503],[137.051434,35.080511],[137.050642,35.078623],[137.049938,35.075817],[137.047831,35.07251],[137.046829,35.070417],[137.04593,35.069606],[137.045045,35.069205],[137.044675,35.068144],[137.045584,35.067374],[137.048533,35.065346],[137.050627,35.064244],[137.053616,35.065077],[137.055985,35.066884],[137.056551,35.066441],[137.057213,35.066685],[137.058342,35.065753],[137.061286,35.066097],[137.06163,35.065731],[137.060897,35.065069],[137.063764,35.062809],[137.065871,35.062328],[137.068177,35.062092],[137.068775,35.061568],[137.068744,35.060114],[137.06839,35.057292]]]]}},
  {"type":"Feature","properties":{"name":"あま市","code":"23237"},"geometry":{"type":"MultiPolygon","coordinates":[[[[136.847981,35.180558],[136.846788,35.180797],[136.845776,35.180643],[136.844822,35.181211],[136.845384,35.182079],[136.844396,35.182572],[136.844941,35.183814],[136.844813,35.184613],[136.845146,35.185911],[136.845205,35.187052],[136.844336,35.188215],[136.844685,35.188547],[136.8458,35.188283],[136.84597,35.188955],[136.844401,35.190732],[136.8442,35.191359],[136.844719,35.192345],[136.8438,35.193893],[136.842838,35.193655],[136.841298,35.194173],[136.838412,35.196172],[136.837701,35.196813],[136.837735,35.197463],[136.839038,35.198795],[136.839353,35.199619],[136.838584,35.200461],[136.837718,35.202111],[136.838686,35.203412],[136.838578,35.204038],[136.837848,35.204906],[136.836639,35.204651],[136.832859,35.204524],[136.829258,35.204234],[136.828671,35.204387],[136.822979,35.204124],[136.822707,35.20732],[136.823184,35.208009],[136.82274,35.215344],[136.822576,35.216423],[136.821784,35.216363],[136.821681,35.217289],[136.820252,35.217596],[136.818881,35.217716],[136.817207,35.217013],[136.817672,35.216282],[136.816943,35.215306],[136.815436,35.215706],[136.814039,35.215748],[136.812729,35.216641],[136.810932,35.217271],[136.808514,35.217508],[136.807357,35.216276],[136.807597,35.214833],[136.806388,35.21445],[136.806499,35.213277],[136.805548,35.213231],[136.805238,35.212786],[136.801956,35.212023],[136.799329,35.212926],[136.79844,35.212739],[136.796048,35.212713],[136.794311,35.21313],[136.791734,35.21215],[136.789887,35.211316],[136.7893,35.210823],[136.786618,35.210806],[136.784125,35.209679],[136.78215,35.209245],[136.780127,35.207774],[136.778792,35.207259],[136.776553,35.207029],[136.769089,35.206848],[136.766366,35.20547],[136.765191,35.205674],[136.763647,35.205567],[136.762326,35.205281],[136.761317,35.202421],[136.761291,35.201546],[136.764224,35.201375],[136.763896,35.200079],[136.763563,35.199717],[136.764516,35.199462],[136.766724,35.199193],[136.768183,35.198772],[136.770651,35.198439],[136.771931,35.198091],[136.771868,35.197106],[136.772816,35.19714],[136.772816,35.195941],[136.773352,35.195643],[136.773355,35.194208],[136.772743,35.194064],[136.772717,35.192924],[136.774309,35.192533],[136.774199,35.190391],[136.776343,35.19033],[136.776229,35.188828],[136.776201,35.184421],[136.779417,35.184407],[136.778962,35.183038],[136.778459,35.182443],[136.779813,35.182417],[136.779583,35.181448],[136.780103,35.181261],[136.7802,35.174834],[136.779942,35.173799],[136.779993,35.172294],[136.786624,35.172216],[136.78659,35.170693],[136.786,35.168837],[136.786101,35.168284],[136.786753,35.168159],[136.786304,35.166256],[136.784356,35.166443],[136.784175,35.166233],[136.783581,35.162866],[136.783066,35.162905],[136.782867,35.160647],[136.786191,35.160345],[136.786468,35.158671],[136.784673,35.157627],[136.784539,35.157378],[136.785053,35.157379],[136.785059,35.155824],[136.786532,35.154474],[136.785958,35.152718],[136.785691,35.151394],[136.785903,35.150681],[136.786654,35.149925],[136.788252,35.150279],[136.789999,35.150204],[136.791589,35.150298],[136.792788,35.15057],[136.793696,35.149669],[136.793554,35.147733],[136.796118,35.147509],[136.796363,35.148334],[136.80091,35.14804],[136.806365,35.147784],[136.80896,35.147605],[136.809413,35.153571],[136.802625,35.15418],[136.801953,35.154725],[136.802001,35.156747],[136.80178,35.158021],[136.802033,35.159464],[136.802651,35.160921],[136.801764,35.161302],[136.802968,35.163089],[136.804153,35.165111],[136.804648,35.165541],[136.805715,35.165033],[136.80687,35.166522],[136.807801,35.168186],[136.8076,35.169608],[136.80717,35.169636],[136.807332,35.171944],[136.808497,35.174939],[136.809079,35.177502],[136.808958,35.179002],[136.808924,35.181849],[136.809084,35.19009],[136.810317,35.190247],[136.813161,35.190188],[136.81315,35.190868],[136.813786,35.190879],[136.813979,35.189586],[136.813992,35.187318],[136.822393,35.18732],[136.823547,35.187283],[136.823431,35.18448],[136.823896,35.183335],[136.823663,35.182281],[136.823761,35.180248],[136.825874,35.180237],[136.827169,35.179658],[136.827112,35.179386],[136.828934,35.179087],[136.832459,35.178678],[136.833044,35.180419],[136.83319,35.182174],[136.833023,35.183614],[136.833352,35.183722],[136.83319,35.185158],[136.834984,35.185179],[136.835111,35.183539],[136.836372,35.183256],[136.837409,35.181771],[136.837465,35.179536],[136.837761,35.179324],[136.837829,35.177769],[136.836943,35.176713],[136.837954,35.17601],[136.839079,35.175568],[136.841122,35.174055],[136.843981,35.176592],[136.847981,35.180558]]]]}},
  {"type":"Feature","properties":{"name":"長久手市","code":"23238"},"geometry":{"type":"MultiPolygon","coordinates":[[[[137.020008,35.190708],[137.01792,35.188306],[137.01837,35.187964],[137.02081,35.18726],[137.022886,35.186842],[137.024749,35.18607],[137.025804,35.18512],[137.026215,35.183362],[137.025603,35.182558],[137.025614,35.181636],[137.02616,35.180959],[137.026844,35.179403],[137.026513,35.178784],[137.026463,35.177614],[137.026116,35.176907],[137.026331,35.176125],[137.026044,35.175308],[137.022745,35.17522],[137.022089,35.174089],[137.022486,35.173646],[137.023379,35.17353],[137.02402,35.173816],[137.024384,35.173078],[137.025254,35.172704],[137.024797,35.171897],[137.025486,35.171165],[137.025521,35.170303],[137.026697,35.16995],[137.027482,35.169315],[137.027465,35.16873],[137.026423,35.166891],[137.024967,35.165513],[137.024735,35.165023],[137.022883,35.163197],[137.023037,35.162742],[137.02419,35.162664],[137.023983,35.162096],[137.02437,35.160724],[137.024731,35.160379],[137.0251,35.159038],[137.025099,35.158076],[137.025711,35.157313],[137.02702,35.156174],[137.028078,35.15535],[137.029067,35.155375],[137.029512,35.155789],[137.030153,35.155585],[137.031265,35.15477],[137.031824,35.154812],[137.031902,35.155852],[137.032841,35.156548],[137.033023,35.157456],[137.0351,35.159133],[137.035754,35.160249],[137.036133,35.160464],[137.037836,35.16033],[137.039468,35.160889],[137.040594,35.162758],[137.042317,35.16338],[137.043553,35.162798],[137.044911,35.163405],[137.045136,35.164198],[137.046949,35.166285],[137.046931,35.166584],[137.048067,35.167788],[137.049469,35.168303],[137.050321,35.167357],[137.051034,35.166927],[137.055624,35.167663],[137.058407,35.169019],[137.05908,35.168917],[137.059149,35.167954],[137.059716,35.167773],[137.058994,35.166007],[137.058253,35.165124],[137.059105,35.163948],[137.05858,35.163424],[137.059221,35.162398],[137.060939,35.161793],[137.06241,35.160916],[137.06413,35.160897],[137.065369,35.160329],[137.067648,35.160266],[137.069204,35.159466],[137.070841,35.158938],[137.072467,35.158782],[137.074239,35.158334],[137.076068,35.158151],[137.078159,35.158459],[137.080573,35.158647],[137.081485,35.158956],[137.082631,35.158679],[137.083551,35.157484],[137.084265,35.157423],[137.084842,35.158205],[137.086353,35.157911],[137.086964,35.157962],[137.088108,35.157223],[137.089596,35.157179],[137.091024,35.157433],[137.09216,35.157873],[137.094927,35.157778],[137.096122,35.157175],[137.095156,35.158379],[137.095176,35.159192],[137.094719,35.160261],[137.09529,35.161455],[137.09531,35.162519],[137.094781,35.16297],[137.095524,35.163678],[137.095768,35.164421],[137.095234,35.164898],[137.096054,35.166028],[137.096012,35.167198],[137.094869,35.167775],[137.096673,35.169649],[137.096656,35.171315],[137.097223,35.171674],[137.097379,35.173595],[137.096247,35.174121],[137.097044,35.175182],[137.097031,35.17594],[137.097569,35.17647],[137.09697,35.176926],[137.096775,35.177781],[137.09567,35.179388],[137.092116,35.179442],[137.090848,35.180957],[137.090333,35.182199],[137.089194,35.182387],[137.087728,35.18332],[137.086836,35.184919],[137.087381,35.186066],[137.087044,35.186861],[137.085734,35.188158],[137.085181,35.189796],[137.084679,35.190059],[137.083251,35.18977],[137.081566,35.188742],[137.080779,35.189319],[137.080059,35.188914],[137.079659,35.18937],[137.078337,35.189675],[137.077575,35.189277],[137.076011,35.190844],[137.074358,35.190496],[137.0734,35.190756],[137.072181,35.191377],[137.070899,35.192807],[137.069381,35.19397],[137.068675,35.194986],[137.067054,35.195893],[137.066694,35.195143],[137.065865,35.194153],[137.064342,35.193095],[137.063626,35.192405],[137.062913,35.192259],[137.061585,35.192429],[137.060888,35.192064],[137.06048,35.191443],[137.059181,35.191102],[137.057883,35.191759],[137.056607,35.191974],[137.054638,35.192646],[137.054467,35.192956],[137.053139,35.193504],[137.053133,35.194058],[137.050778,35.193894],[137.049829,35.19474],[137.04951,35.194479],[137.047268,35.194033],[137.046619,35.193686],[137.046179,35.192563],[137.045653,35.191837],[137.044927,35.191471],[137.043536,35.191175],[137.04257,35.192537],[137.041946,35.192636],[137.040584,35.192271],[137.038646,35.191552],[137.035935,35.192541],[137.034677,35.192405],[137.034251,35.192584],[137.032623,35.192219],[137.032258,35.191812],[137.031782,35.191181],[137.030314,35.190949],[137.030009,35.190485],[137.028667,35.190661],[137.028358,35.19014],[137.026738,35.191018],[137.023159,35.191206],[137.021665,35.190763],[137.020008,35.190708]]]]}},
  {"type":"Feature","properties":{"name":"東郷町","code":"23302"},"geometry":{"type":"MultiPolygon","coordinates":[[[[137.021481,35.091224],[137.022906,35.089274],[137.024678,35.089542],[137.026486,35.090237],[137.02686,35.090783],[137.027626,35.09117],[137.028285,35.090694],[137.027342,35.089814],[137.026959,35.087068],[137.027346,35.086363],[137.027411,35.085255],[137.028867,35.085018],[137.028984,35.084234],[137.030127,35.084579],[137.030643,35.084398],[137.032131,35.084921],[137.033105,35.084773],[137.033844,35.084237],[137.035503,35.083883],[137.036569,35.082492],[137.037104,35.080822],[137.039381,35.07955],[137.040693,35.07955],[137.041207,35.078917],[137.040862,35.078191],[137.041304,35.076908],[137.040477,35.076306],[137.040598,35.075091],[137.041409,35.074629],[137.042047,35.074825],[137.042633,35.074542],[137.042782,35.073913],[137.042207,35.073212],[137.041088,35.072557],[137.041218,35.071981],[137.042563,35.071524],[137.043034,35.070747],[137.042568,35.069253],[137.042914,35.067873],[137.045045,35.069205],[137.04593,35.069606],[137.046829,35.070417],[137.047831,35.07251],[137.049938,35.075817],[137.050642,35.078623],[137.051434,35.080511],[137.054222,35.085503],[137.055049,35.087657],[137.055305,35.089549],[137.055674,35.091042],[137.055994,35.091308],[137.059259,35.092796],[137.061687,35.094736],[137.063637,35.095754],[137.065969,35.096608],[137.067411,35.096346],[137.068824,35.095577],[137.070292,35.096153],[137.071228,35.095595],[137.073297,35.097214],[137.075281,35.097212],[137.076298,35.097936],[137.076745,35.098506],[137.078256,35.098631],[137.079419,35.098261],[137.080283,35.097676],[137.081473,35.097351],[137.081999,35.097431],[137.083333,35.098527],[137.085128,35.099179],[137.086176,35.099259],[137.087026,35.099891],[137.087929,35.101226],[137.088039,35.103347],[137.087831,35.104241],[137.086684,35.104316],[137.085336,35.104766],[137.086113,35.106417],[137.086685,35.108386],[137.086439,35.110699],[137.087135,35.112561],[137.086857,35.113478],[137.087093,35.114438],[137.08803,35.115692],[137.088254,35.116842],[137.087759,35.118187],[137.088163,35.119151],[137.089276,35.123124],[137.089022,35.1237],[137.086993,35.124854],[137.085728,35.125214],[137.084454,35.125341],[137.084081,35.124324],[137.083541,35.124192],[137.083102,35.123448],[137.08254,35.12311],[137.082326,35.122241],[137.081312,35.121111],[137.079114,35.119938],[137.078369,35.119901],[137.077258,35.119488],[137.075414,35.119324],[137.073841,35.119566],[137.072445,35.120727],[137.071361,35.121149],[137.069931,35.121278],[137.067744,35.121121],[137.066743,35.120753],[137.06596,35.120159],[137.06433,35.119535],[137.062222,35.119128],[137.062176,35.118458],[137.062677,35.116029],[137.061161,35.115566],[137.060567,35.115128],[137.059229,35.115213],[137.056061,35.115939],[137.053548,35.116092],[137.053127,35.115791],[137.052236,35.114095],[137.051671,35.113358],[137.050086,35.112167],[137.048367,35.111991],[137.04769,35.113457],[137.046813,35.113391],[137.046206,35.113898],[137.044736,35.113466],[137.044799,35.112384],[137.04302,35.111711],[137.042944,35.11126],[137.041693,35.110031],[137.039838,35.108633],[137.039439,35.108701],[137.036741,35.11116],[137.0356,35.111285],[137.032898,35.112677],[137.032116,35.112686],[137.03154,35.112251],[137.030776,35.112293],[137.029453,35.111267],[137.028575,35.111147],[137.027163,35.108841],[137.023972,35.107923],[137.023449,35.108867],[137.021113,35.109801],[137.022285,35.105991],[137.022187,35.10466],[137.023444,35.102733],[137.02339,35.102024],[137.022511,35.100988],[137.022913,35.099963],[137.022648,35.098866],[137.021552,35.097256],[137.02001,35.096101],[137.020629,35.095565],[137.020589,35.09485],[137.021516,35.093141],[137.021481,35.091224]]]]}},
  {"type":"Feature","properties":{"name":"豊山町","code":"23342"},"geometry":{"type":"MultiPolygon","coordinates":[[[[136.926801,35.242569],[136.931511,35.24658],[136.93037,35.246631],[136.930724,35.247976],[136.931838,35.248469],[136.932163,35.249436],[136.931072,35.2495],[136.931334,35.250262],[136.930884,35.252769],[136.929776,35.25337],[136.928057,35.25526],[136.928398,35.256144],[136.929408,35.256508],[136.930051,35.257471],[136.930808,35.257318],[136.931354,35.258338],[136.930943,35.259417],[136.929893,35.259106],[136.929009,35.259347],[136.928198,35.260276],[136.926498,35.259996],[136.925994,35.260932],[136.925043,35.261209],[136.924051,35.262416],[136.923689,35.263358],[136.921525,35.264028],[136.919959,35.263823],[136.917929,35.265117],[136.917184,35.265246],[136.915088,35.264469],[136.914463,35.264433],[136.913204,35.263951],[136.910081,35.262294],[136.909443,35.261804],[136.908612,35.261634],[136.907566,35.260761],[136.906171,35.259854],[136.905939,35.259269],[136.904854,35.25881],[136.904555,35.257692],[136.904223,35.255469],[136.902329,35.255495],[136.902043,35.253891],[136.901534,35.252665],[136.901886,35.251996],[136.904794,35.248563],[136.902242,35.245174],[136.901854,35.244423],[136.901751,35.24324],[136.902093,35.241044],[136.903044,35.240398],[136.904529,35.239621],[136.90606,35.240026],[136.908727,35.240373],[136.91059,35.239155],[136.911108,35.238071],[136.910817,35.236429],[136.910995,35.236045],[136.911966,35.236118],[136.912846,35.236704],[136.914262,35.237262],[136.917374,35.237319],[136.91892,35.23816],[136.919656,35.237941],[136.920407,35.238326],[136.920763,35.239305],[136.921467,35.240194],[136.92239,35.240987],[136.923556,35.241189],[136.924163,35.240736],[136.924894,35.241258],[136.924952,35.242173],[136.925681,35.242997],[136.926801,35.242569]]]]}},
  {"type":"Feature","properties":{"name":"大口町","code":"23361"},"geometry":{"type":"MultiPolygon","coordinates":[[[[136.939847,35.36134],[136.939613,35.360306],[136.93919,35.359759],[136.939772,35.359188],[136.938704,35.358302],[136.938811,35.355892],[136.93926,35.355708],[136.93891,35.354906],[136.93706,35.353517],[136.936663,35.350575],[136.935555,35.350494],[136.935543,35.350014],[136.930012,35.349662],[136.929972,35.350674],[136.927103,35.350118],[136.922599,35.350894],[136.919582,35.351537],[136.919073,35.351731],[136.91723,35.350514],[136.915816,35.350014],[136.914648,35.34986],[136.913669,35.349507],[136.91187,35.348067],[136.909689,35.349063],[136.907248,35.345858],[136.906848,35.345159],[136.904471,35.345525],[136.903859,35.345489],[136.902989,35.345006],[136.900964,35.343359],[136.899758,35.342009],[136.899649,35.34134],[136.89956,35.340883],[136.897112,35.338151],[136.896327,35.336938],[136.894532,35.335413],[136.894205,35.334481],[136.892949,35.332036],[136.891081,35.329575],[136.892159,35.329171],[136.890153,35.325251],[136.891628,35.324501],[136.890898,35.323099],[136.890218,35.323335],[136.889065,35.321324],[136.885491,35.321316],[136.88491,35.320698],[136.883588,35.318427],[136.884123,35.317218],[136.88379,35.316506],[136.883414,35.314854],[136.883067,35.314098],[136.882817,35.312182],[136.883019,35.310191],[136.882949,35.309236],[136.88878,35.306901],[136.887523,35.304573],[136.888127,35.304502],[136.889114,35.306235],[136.89117,35.306839],[136.892503,35.306104],[136.892594,35.305687],[136.895029,35.306021],[136.895883,35.306639],[136.895413,35.30791],[136.895779,35.30872],[136.895557,35.309286],[136.898504,35.309043],[136.898504,35.309555],[136.899268,35.309985],[136.900698,35.31011],[136.900617,35.310775],[136.901617,35.31253],[136.901978,35.312385],[136.902961,35.313972],[136.904628,35.313361],[136.904961,35.313951],[136.906662,35.313243],[136.907621,35.315117],[136.90744,35.315346],[136.907505,35.316771],[136.905984,35.316813],[136.905977,35.317513],[136.907194,35.320202],[136.907784,35.320857],[136.909773,35.321993],[136.910084,35.322719],[136.911042,35.323128],[136.912585,35.324344],[136.912966,35.325093],[136.91417,35.32604],[136.915364,35.325867],[136.91551,35.324431],[136.914687,35.323899],[136.914594,35.322807],[136.913727,35.31997],[136.915262,35.319165],[136.91822,35.318992],[136.919782,35.318996],[136.919941,35.319399],[136.921753,35.319286],[136.924384,35.323926],[136.925049,35.323914],[136.925044,35.324877],[136.926976,35.325872],[136.927545,35.325956],[136.92799,35.326788],[136.929116,35.32752],[136.929689,35.327634],[136.931156,35.328642],[136.932331,35.329963],[136.932256,35.33132],[136.933091,35.331807],[136.933514,35.333334],[136.933507,35.334989],[136.933259,35.336524],[136.935233,35.339888],[136.935281,35.341066],[136.93573,35.341838],[136.936649,35.342537],[136.936671,35.343764],[136.936184,35.343881],[136.936008,35.344966],[136.93558,35.345951],[136.937644,35.347461],[136.93797,35.347908],[136.938109,35.350377],[136.939064,35.351079],[136.940851,35.351194],[136.940865,35.351636],[136.94157,35.352321],[136.941986,35.355246],[136.941944,35.358692],[136.941802,35.359174],[136.940673,35.3592],[136.940402,35.360291],[136.939847,35.36134]]]]}},
  {"type":"Feature","properties":{"name":"扶桑町","code":"23362"},"geometry":{"type":"MultiPolygon","coordinates":[[[[136.92145,35.37903],[136.917132,35.378192],[136.914299,35.377826],[136.908527,35.377566],[136.904258,35.377679],[136.894897,35.378139],[136.892718,35.378089],[136.894694,35.374865],[136.895706,35.374972],[136.896361,35.37471],[136.898504,35.373166],[136.89889,35.371773],[136.897804,35.369921],[136.897227,35.368706],[136.896371,35.367516],[136.896049,35.366583],[136.896279,35.365762],[136.895853,35.36502],[136.896186,35.363318],[136.894802,35.361422],[136.896349,35.36002],[136.896424,35.359684],[136.892993,35.354962],[136.891853,35.353788],[136.892489,35.35301],[136.893178,35.351427],[136.894054,35.349998],[136.894306,35.34816],[136.894924,35.347419],[136.895091,35.346741],[136.893242,35.345471],[136.892064,35.344896],[136.89201,35.344599],[136.893355,35.343238],[136.894866,35.342467],[136.897458,35.341971],[136.899649,35.34134],[136.899758,35.342009],[136.900964,35.343359],[136.902989,35.345006],[136.903859,35.345489],[136.904471,35.345525],[136.906848,35.345159],[136.907248,35.345858],[136.909689,35.349063],[136.91187,35.348067],[136.913669,35.349507],[136.914648,35.34986],[136.915816,35.350014],[136.91723,35.350514],[136.919073,35.351731],[136.919582,35.351537],[136.922599,35.350894],[136.927103,35.350118],[136.929972,35.350674],[136.930012,35.349662],[136.935543,35.350014],[136.935555,35.350494],[136.936663,35.350575],[136.93706,35.353517],[136.93891,35.354906],[136.93926,35.355708],[136.938811,35.355892],[136.938704,35.358302],[136.939772,35.359188],[136.93919,35.359759],[136.939613,35.360306],[136.939847,35.36134],[136.938577,35.361663],[136.937032,35.362571],[136.936517,35.362506],[136.936561,35.364052],[136.937427,35.36584],[136.936729,35.368456],[136.936263,35.369267],[136.935238,35.370217],[136.93351,35.370873],[136.933013,35.370873],[136.931867,35.3695],[136.930637,35.367785],[136.926441,35.369114],[136.925619,35.368105],[136.925517,35.367081],[136.924411,35.367297],[136.923466,35.367863],[136.92176,35.366418],[136.920779,35.366872],[136.921041,35.36787],[136.920104,35.368299],[136.91906,35.369063],[136.916875,35.371474],[136.91755,35.372116],[136.919295,35.373081],[136.921666,35.374731],[136.923172,35.37546],[136.923256,35.375849],[136.922595,35.377178],[136.92145,35.37903]]]]}},
  {"type":"Feature","properties":{"name":"大治町","code":"23424"},"geometry":{"type":"MultiPolygon","coordinates":[[[[136.841122,35.174055],[136.839079,35.175568],[136.837954,35.17601],[136.836943,35.176713],[136.837829,35.177769],[136.837761,35.179324],[136.837465,35.179536],[136.837409,35.181771],[136.836372,35.183256],[136.835111,35.183539],[136.834984,35.185179],[136.83319,35.185158],[136.833352,35.183722],[136.833023,35.183614],[136.83319,35.182174],[136.833044,35.180419],[136.832459,35.178678],[136.828934,35.179087],[136.827112,35.179386],[136.827169,35.179658],[136.825874,35.180237],[136.823761,35.180248],[136.823663,35.182281],[136.823896,35.183335],[136.823431,35.18448],[136.823547,35.187283],[136.822393,35.18732],[136.813992,35.187318],[136.813979,35.189586],[136.813786,35.190879],[136.81315,35.190868],[136.813161,35.190188],[136.810317,35.190247],[136.809084,35.19009],[136.808924,35.181849],[136.808958,35.179002],[136.809079,35.177502],[136.808497,35.174939],[136.807332,35.171944],[136.80717,35.169636],[136.8076,35.169608],[136.807801,35.168186],[136.807926,35.167537],[136.808457,35.167296],[136.809821,35.167833],[136.81094,35.167942],[136.813813,35.167462],[136.814447,35.166724],[136.814258,35.165669],[136.816158,35.16504],[136.818364,35.164641],[136.818121,35.162019],[136.818334,35.16124],[136.817342,35.161038],[136.817386,35.159643],[136.817183,35.158983],[136.819761,35.158527],[136.824871,35.157895],[136.826518,35.158015],[136.827665,35.1576],[136.83019,35.157282],[136.831547,35.15779],[136.831647,35.158064],[136.834076,35.157829],[136.836022,35.157804],[136.835908,35.158202],[136.835,35.158453],[136.832558,35.159426],[136.83197,35.160054],[136.83183,35.161307],[136.831481,35.161804],[136.831842,35.162683],[136.831336,35.163402],[136.83154,35.164046],[136.8313,35.164707],[136.831682,35.165215],[136.832296,35.164912],[136.833308,35.164884],[136.833419,35.166129],[136.833989,35.167421],[136.83493,35.168481],[136.835521,35.16943],[136.838485,35.171735],[136.841122,35.174055]]]]}},
  {"type":"Feature","properties":{"name":"蟹江町","code":"23425"},"geometry":{"type":"MultiPolygon","coordinates":[[[[136.80091,35.14804],[136.796363,35.148334],[136.796118,35.147509],[136.793554,35.147733],[136.793696,35.149669],[136.792788,35.15057],[136.791589,35.150298],[136.789999,35.150204],[136.788252,35.150279],[136.786654,35.149925],[136.785903,35.150681],[136.785691,35.151394],[136.785958,35.152718],[136.786532,35.154474],[136.785059,35.155824],[136.785053,35.157379],[136.784539,35.157378],[136.784657,35.156292],[136.785086,35.155448],[136.783865,35.154448],[136.784333,35.15362],[136.784031,35.152351],[136.782747,35.151099],[136.782181,35.149739],[136.781008,35.149451],[136.779563,35.149426],[136.778176,35.149165],[136.775982,35.148992],[136.775083,35.149252],[136.774599,35.149768],[136.774537,35.150626],[136.772616,35.14905],[136.77073,35.147836],[136.770891,35.147584],[136.769923,35.145809],[136.769658,35.144658],[136.769794,35.143528],[136.770349,35.142928],[136.77143,35.142373],[136.772476,35.140849],[136.772811,35.138518],[136.772695,35.138267],[136.771113,35.137678],[136.770932,35.136859],[136.772001,35.136162],[136.771913,35.134626],[136.771625,35.132404],[136.772279,35.131564],[136.772753,35.13012],[136.773201,35.12989],[136.773441,35.12755],[136.772719,35.126953],[136.77265,35.125948],[136.771788,35.125255],[136.771108,35.123759],[136.769418,35.124175],[136.768479,35.124049],[136.768039,35.125501],[136.767249,35.126325],[136.76566,35.127042],[136.764395,35.126938],[136.764142,35.126288],[136.7647,35.124486],[136.764411,35.123657],[136.764605,35.123244],[136.763862,35.122781],[136.766488,35.121851],[136.767185,35.12141],[136.768301,35.12115],[136.771234,35.120151],[136.769907,35.118304],[136.771165,35.11752],[136.772336,35.116314],[136.773808,35.114583],[136.776238,35.113664],[136.775921,35.113075],[136.777196,35.112851],[136.779071,35.112782],[136.780298,35.11314],[136.781682,35.112102],[136.782333,35.112314],[136.785178,35.111126],[136.786436,35.109151],[136.78732,35.108008],[136.787901,35.107602],[136.788492,35.105861],[136.794636,35.100856],[136.796346,35.099518],[136.796183,35.097559],[136.797199,35.097344],[136.797944,35.096936],[136.798088,35.101853],[136.797451,35.104074],[136.796173,35.105966],[136.795012,35.108374],[136.793251,35.109615],[136.792757,35.11042],[136.791969,35.11226],[136.792237,35.113346],[136.792263,35.114688],[136.792851,35.116016],[136.792757,35.116371],[136.793595,35.118842],[136.793148,35.119218],[136.794197,35.121983],[136.797573,35.121918],[136.797967,35.123638],[136.797355,35.123892],[136.797631,35.124904],[136.797324,35.125506],[136.797515,35.126286],[136.797416,35.128165],[136.800522,35.128103],[136.801704,35.127865],[136.802824,35.12926],[136.802171,35.130264],[136.802356,35.130866],[136.801384,35.132368],[136.80013,35.132476],[136.800015,35.136634],[136.800066,35.138858],[136.800437,35.141537],[136.801344,35.145835],[136.800641,35.145918],[136.80091,35.14804]]]]}},
  {"type":"Feature","properties":{"name":"飛島村","code":"23427"},"geometry":{"type":"MultiPolygon","coordinates":[[[[136.797944,35.096936],[136.797199,35.097344],[136.796183,35.097559],[136.794551,35.097773],[136.792638,35.097813],[136.791881,35.096419],[136.789611,35.094818],[136.787871,35.094052],[136.784793,35.092068],[136.783622,35.091663],[136.780577,35.090979],[136.780924,35.09183],[136.78032,35.094022],[136.779723,35.095654],[136.778152,35.097241],[136.777528,35.097348],[136.770876,35.097824],[136.771934,35.096199],[136.772517,35.094894],[136.772237,35.093759],[136.771048,35.092562],[136.76927,35.091865],[136.764921,35.091119],[136.763493,35.090979],[136.760134,35.090888],[136.75901,35.091022],[136.758374,35.090697],[136.760973,35.087649],[136.763474,35.08498],[136.764649,35.084038],[136.765893,35.083387],[136.767918,35.082767],[136.77515,35.081712],[136.775946,35.081527],[136.77761,35.080751],[136.77949,35.079241],[136.780572,35.077993],[136.781602,35.076491],[136.783064,35.074842],[136.788583,35.070278],[136.791026,35.068408],[136.794312,35.066289],[136.795407,35.065666],[136.80299,35.062018],[136.806731,35.060269],[136.80667,35.051558],[136.817151,35.051572],[136.817164,35.050214],[136.830083,35.05025],[136.830087,35.052152],[136.830348,35.052153],[136.830339,35.054312],[136.833627,35.059595],[136.833608,35.06315],[136.833347,35.064099],[136.8236,35.068252],[136.823602,35.063351],[136.822678,35.063709],[136.821744,35.063429],[136.821273,35.063677],[136.819621,35.063393],[136.819138,35.063885],[136.818725,35.065112],[136.819793,35.072027],[136.820278,35.072185],[136.823407,35.072006],[136.823636,35.072432],[136.823279,35.075504],[136.823696,35.076037],[136.822493,35.076847],[136.823075,35.077858],[136.824425,35.076938],[136.824691,35.077235],[136.823217,35.078228],[136.823499,35.078903],[136.824708,35.080231],[136.816473,35.08696],[136.813047,35.090211],[136.810897,35.092681],[136.810059,35.093379],[136.806948,35.094865],[136.803276,35.095724],[136.800099,35.096108],[136.797944,35.096936]]],[[[136.810832,35.036239],[136.810858,35.026665],[136.812356,35.025687],[136.817796,35.026714],[136.818006,35.026012],[136.826014,35.027524],[136.825839,35.028224],[136.835575,35.030065],[136.836096,35.029619],[136.838971,35.030197],[136.830903,35.049372],[136.829984,35.049337],[136.810037,35.049307],[136.810059,35.036281],[136.810832,35.036239]]]]}},
  {"type":"Feature","properties":{"name":"阿久比町","code":"23441"},"geometry":{"type":"MultiPolygon","coordinates":[[[[136.944281,34.94175],[136.943561,34.944008],[136.942673,34.944305],[136.942351,34.945558],[136.94193,34.945919],[136.940075,34.94647],[136.940618,34.948267],[136.939461,34.948529],[136.939346,34.949952],[136.938429,34.950224],[136.936485,34.950294],[136.937209,34.951627],[136.936216,34.951473],[136.935597,34.950664],[136.934624,34.951001],[136.933021,34.95234],[136.930793,34.953271],[136.930581,34.953801],[136.929435,34.954662],[136.927548,34.954571],[136.926288,34.95548],[136.926495,34.956365],[136.924801,34.958379],[136.924314,34.958104],[136.923431,34.958334],[136.922588,34.958901],[136.921411,34.959171],[136.920401,34.960448],[136.920388,34.961003],[136.919531,34.961894],[136.918139,34.962239],[136.917967,34.962746],[136.916409,34.962671],[136.914921,34.96225],[136.914656,34.960918],[136.913777,34.960536],[136.91245,34.959363],[136.91133,34.95757],[136.910994,34.95631],[136.910435,34.95611],[136.909406,34.956233],[136.90822,34.95575],[136.908309,34.954852],[136.910524,34.954872],[136.910974,34.95435],[136.910407,34.953269],[136.906507,34.95236],[136.905491,34.952555],[136.904849,34.953392],[136.904265,34.953628],[136.90292,34.954653],[136.901111,34.954697],[136.90019,34.954857],[136.899155,34.955765],[136.899139,34.957198],[136.89806,34.957045],[136.897145,34.956639],[136.895451,34.956173],[136.895414,34.957269],[136.894814,34.957592],[136.894346,34.958795],[136.892841,34.957835],[136.891491,34.957386],[136.890736,34.956791],[136.890327,34.956053],[136.889305,34.955168],[136.88841,34.955232],[136.886287,34.956069],[136.885598,34.956775],[136.885134,34.95654],[136.883829,34.954365],[136.883179,34.953799],[136.881091,34.952421],[136.879066,34.953498],[136.87916,34.952821],[136.877441,34.952508],[136.877584,34.951777],[136.878554,34.951851],[136.878757,34.950825],[136.879763,34.95009],[136.879531,34.949142],[136.879868,34.94818],[136.880289,34.948176],[136.880036,34.946858],[136.880031,34.945446],[136.880744,34.944589],[136.880667,34.942408],[136.881359,34.941977],[136.88315,34.941423],[136.884056,34.941739],[136.886675,34.941151],[136.88807,34.941171],[136.888525,34.940572],[136.889383,34.940108],[136.890756,34.939897],[136.891689,34.940001],[136.891924,34.939309],[136.891344,34.937747],[136.892027,34.937318],[136.89152,34.936362],[136.890621,34.935711],[136.889701,34.934252],[136.88926,34.933042],[136.888456,34.931432],[136.886946,34.928787],[136.886326,34.927139],[136.884385,34.922971],[136.884041,34.921455],[136.883605,34.920465],[136.88144,34.919263],[136.879788,34.918113],[136.882454,34.914816],[136.884466,34.912692],[136.885956,34.912147],[136.88691,34.910959],[136.887555,34.910874],[136.888916,34.911412],[136.892272,34.911256],[136.894073,34.911064],[136.894853,34.911411],[136.895854,34.912236],[136.89637,34.911573],[136.897182,34.911974],[136.896704,34.912801],[136.898524,34.913934],[136.899322,34.914233],[136.90112,34.914122],[136.903685,34.913571],[136.904918,34.913661],[136.906622,34.912804],[136.907996,34.91286],[136.909663,34.912611],[136.910809,34.911701],[136.911693,34.911973],[136.913494,34.911361],[136.913769,34.910779],[136.915107,34.910553],[136.915709,34.910734],[136.917016,34.912443],[136.919479,34.913195],[136.921574,34.912673],[136.922596,34.912254],[136.924338,34.913621],[136.92497,34.913764],[136.926728,34.913518],[136.927321,34.913123],[136.927076,34.91226],[136.927288,34.911571],[136.928408,34.910797],[136.929681,34.910984],[136.930735,34.911866],[136.931612,34.912325],[136.93263,34.913309],[136.936927,34.910466],[136.938204,34.911715],[136.936634,34.913358],[136.935241,34.914252],[136.933255,34.915023],[136.933184,34.915491],[136.933983,34.916179],[136.934623,34.918984],[136.934229,34.920032],[136.93356,34.920744],[136.933721,34.923245],[136.935601,34.924727],[136.937391,34.926698],[136.93585,34.927603],[136.935501,34.928495],[136.935981,34.930699],[136.936219,34.931166],[136.937079,34.931735],[136.937255,34.932308],[136.938529,34.932721],[136.938338,34.934132],[136.938453,34.936243],[136.939204,34.937219],[136.940916,34.937231],[136.941147,34.938961],[136.943293,34.940772],[136.944281,34.94175]]]]}},
  {"type":"Feature","properties":{"name":"東浦町","code":"23442"},"geometry":{"type":"MultiPolygon","coordinates":[[[[136.975238,34.932179],[136.976123,34.938192],[136.976639,34.93861],[136.97756,34.941849],[136.976478,34.942024],[136.976308,34.943454],[136.974611,34.944378],[136.97522,34.944593],[136.976204,34.943946],[136.977675,34.943439],[136.977962,34.943596],[136.978977,34.947052],[136.980042,34.950968],[136.97962,34.95197],[136.980476,34.953869],[136.981036,34.95685],[136.98279,34.955904],[136.983246,34.955808],[136.983263,34.955994],[136.98284,34.959216],[136.982819,34.961473],[136.983111,34.963659],[136.982771,34.969204],[136.982462,34.97218],[136.981491,34.974614],[136.980894,34.976851],[136.979128,34.980959],[136.978907,34.98177],[136.978888,34.984181],[136.979404,34.986234],[136.980567,34.988136],[136.981108,34.990007],[136.981548,34.992732],[136.981656,34.994507],[136.981729,34.999114],[136.981042,35.001495],[136.976134,35.001647],[136.974724,35.00118],[136.973991,34.999954],[136.972688,35.000083],[136.972574,34.999469],[136.970488,35.000018],[136.968693,35.000642],[136.966351,35.001647],[136.965359,35.001848],[136.963935,35.002894],[136.961808,35.003488],[136.959359,35.002093],[136.958757,35.001892],[136.958804,35.000883],[136.957327,34.999854],[136.955905,34.999187],[136.955013,34.99833],[136.953735,34.99739],[136.952833,34.996151],[136.952275,34.996388],[136.949974,34.997901],[136.951186,34.999767],[136.950793,35.000174],[136.94998,34.998838],[136.948539,34.997691],[136.947448,34.995671],[136.947256,34.994891],[136.946282,34.994163],[136.94743,34.993397],[136.946192,34.991876],[136.94574,34.991985],[136.943871,34.991684],[136.943432,34.990422],[136.943005,34.990345],[136.940858,34.990821],[136.939734,34.990657],[136.939761,34.989717],[136.939493,34.988955],[136.938338,34.98947],[136.936455,34.989649],[136.935958,34.989357],[136.936085,34.988387],[136.935512,34.987324],[136.934677,34.9865],[136.932891,34.986825],[136.932561,34.986168],[136.93325,34.984803],[136.933144,34.984312],[136.932349,34.98376],[136.9308,34.983382],[136.929029,34.983325],[136.928558,34.982351],[136.928015,34.981948],[136.926866,34.979946],[136.925561,34.978386],[136.925443,34.977197],[136.92401,34.976153],[136.923272,34.975858],[136.920765,34.975347],[136.919639,34.97484],[136.918883,34.974109],[136.917448,34.973923],[136.916079,34.973223],[136.914704,34.971989],[136.914156,34.971882],[136.913966,34.970887],[136.91436,34.969583],[136.914924,34.969454],[136.916592,34.968059],[136.916366,34.966777],[136.916918,34.966199],[136.916691,34.965389],[136.917807,34.963737],[136.918751,34.963524],[136.917967,34.962746],[136.918139,34.962239],[136.919531,34.961894],[136.920388,34.961003],[136.920401,34.960448],[136.921411,34.959171],[136.922588,34.958901],[136.923431,34.958334],[136.924314,34.958104],[136.924801,34.958379],[136.926495,34.956365],[136.926288,34.95548],[136.927548,34.954571],[136.929435,34.954662],[136.930581,34.953801],[136.930793,34.953271],[136.933021,34.95234],[136.934624,34.951001],[136.935597,34.950664],[136.936216,34.951473],[136.937209,34.951627],[136.936485,34.950294],[136.938429,34.950224],[136.939346,34.949952],[136.939461,34.948529],[136.940618,34.948267],[136.940075,34.94647],[136.94193,34.945919],[136.942351,34.945558],[136.942673,34.944305],[136.943561,34.944008],[136.944281,34.94175],[136.946053,34.941604],[136.947197,34.941675],[136.948439,34.941475],[136.950118,34.940721],[136.950552,34.940252],[136.951189,34.938966],[136.952299,34.93882],[136.953834,34.938075],[136.954827,34.938256],[136.956074,34.938214],[136.957375,34.937907],[136.958313,34.938165],[136.958852,34.939069],[136.958966,34.939881],[136.960469,34.940086],[136.962881,34.938925],[136.964823,34.937588],[136.966265,34.936764],[136.966737,34.936297],[136.965605,34.932918],[136.975238,34.932179]]]]}},
  {"type":"Feature","properties":{"name":"南知多町","code":"23445"},"geometry":{"type":"MultiPolygon","coordinates":[[[[136.94214,34.747435],[136.940584,34.746856],[136.938195,34.745462],[136.937334,34.745577],[136.936576,34.745279],[136.934359,34.743593],[136.934342,34.742435],[136.935179,34.741466],[136.934247,34.740496],[136.931743,34.738357],[136.931074,34.737451],[136.929462,34.737202],[136.929188,34.735497],[136.928243,34.734751],[136.928325,34.733997],[136.927357,34.733722],[136.927415,34.733113],[136.926612,34.732601],[136.925812,34.73165],[136.925151,34.731774],[136.924782,34.730867],[136.92417,34.730346],[136.924703,34.729306],[136.92275,34.728601],[136.923266,34.727276],[136.92269,34.726918],[136.921907,34.727062],[136.92005,34.726537],[136.919448,34.726574],[136.918428,34.727914],[136.918678,34.729149],[136.918008,34.729666],[136.918635,34.730856],[136.918479,34.73205],[136.919078,34.732717],[136.918822,34.733542],[136.917921,34.734279],[136.916018,34.734301],[136.915117,34.734863],[136.914748,34.735887],[136.914219,34.736496],[136.91207,34.737577],[136.911633,34.737561],[136.910508,34.73689],[136.910055,34.737964],[136.910309,34.738848],[136.909338,34.740746],[136.908578,34.741271],[136.907865,34.742226],[136.906383,34.743686],[136.905101,34.743464],[136.90449,34.745422],[136.904554,34.746569],[136.90387,34.747815],[136.902554,34.748325],[136.903222,34.750225],[136.902239,34.751199],[136.901984,34.752745],[136.9017,34.753275],[136.900767,34.753909],[136.899069,34.754621],[136.899015,34.755159],[136.899499,34.756284],[136.899107,34.757459],[136.899699,34.758658],[136.899693,34.759367],[136.898504,34.76089],[136.898232,34.761641],[136.898481,34.762806],[136.897841,34.763653],[136.89508,34.763816],[136.894007,34.76438],[136.891481,34.764477],[136.890178,34.764759],[136.888843,34.765537],[136.88784,34.766416],[136.887048,34.766038],[136.886539,34.764904],[136.885402,34.764112],[136.884698,34.764297],[136.883817,34.764046],[136.883826,34.763017],[136.882235,34.762101],[136.881446,34.761174],[136.879629,34.7608],[136.878045,34.760862],[136.877058,34.760687],[136.876933,34.759506],[136.875441,34.757718],[136.875879,34.757005],[136.875683,34.756125],[136.874892,34.756194],[136.873913,34.75674],[136.873274,34.756649],[136.872283,34.757125],[136.871504,34.757155],[136.870921,34.756053],[136.870166,34.756014],[136.869444,34.755164],[136.86847,34.755624],[136.867543,34.75563],[136.865891,34.755962],[136.8651,34.755701],[136.864405,34.753718],[136.864734,34.753159],[136.864409,34.752106],[136.863608,34.752267],[136.862713,34.75174],[136.862477,34.751136],[136.861656,34.750126],[136.860609,34.750297],[136.860414,34.74963],[136.860807,34.748191],[136.859074,34.748256],[136.858576,34.747074],[136.857684,34.74644],[136.856927,34.746447],[136.855778,34.747399],[136.855542,34.747964],[136.854765,34.748408],[136.854213,34.74821],[136.852844,34.748679],[136.851841,34.748565],[136.853445,34.747003],[136.855091,34.74647],[136.855649,34.745836],[136.856371,34.74553],[136.857014,34.744641],[136.858036,34.743638],[136.85868,34.742388],[136.858617,34.741398],[136.858822,34.74019],[136.859548,34.739826],[136.860788,34.738776],[136.859764,34.738128],[136.860201,34.737793],[136.863055,34.738474],[136.864202,34.73834],[136.866584,34.737421],[136.868496,34.73582],[136.869139,34.734296],[136.870995,34.732712],[136.872114,34.731292],[136.872057,34.730546],[136.873557,34.730559],[136.873612,34.729645],[136.874907,34.728841],[136.875837,34.72919],[136.877238,34.72858],[136.881057,34.727167],[136.881238,34.72683],[136.884475,34.724602],[136.884447,34.724261],[136.886871,34.722569],[136.887458,34.722636],[136.889367,34.721097],[136.891554,34.72083],[136.892607,34.720252],[136.893777,34.719984],[136.894502,34.720106],[136.895627,34.719506],[136.897521,34.719359],[136.898542,34.718723],[136.899543,34.718487],[136.900867,34.717833],[136.900964,34.717289],[136.901862,34.716937],[136.903045,34.716989],[136.904015,34.716465],[136.904384,34.715914],[136.905794,34.716131],[136.907188,34.715791],[136.910156,34.714366],[136.910931,34.713704],[136.910881,34.712877],[136.912062,34.712283],[136.914282,34.711973],[136.91497,34.712038],[136.91664,34.711179],[136.918663,34.709991],[136.918601,34.709534],[136.920314,34.708883],[136.920093,34.708512],[136.921088,34.708023],[136.921859,34.708542],[136.922822,34.707802],[136.924636,34.707068],[136.926004,34.706717],[136.928004,34.70642],[136.929059,34.706021],[136.930417,34.70478],[136.929844,34.703078],[136.933428,34.702245],[136.933997,34.702501],[136.934209,34.703421],[136.933781,34.703566],[136.933161,34.704405],[136.933961,34.705009],[136.932977,34.705281],[136.933291,34.706503],[136.934004,34.70674],[136.933533,34.707336],[136.935591,34.708204],[136.936208,34.707872],[136.93696,34.706795],[136.93675,34.705475],[136.937918,34.70536],[136.939025,34.706233],[136.940168,34.706025],[136.9415,34.704868],[136.940462,34.703548],[136.940129,34.702743],[136.94102,34.702692],[136.941613,34.701697],[136.942723,34.700738],[136.944684,34.70085],[136.945169,34.700591],[136.945757,34.702009],[136.946493,34.701975],[136.94643,34.70108],[136.948187,34.700659],[136.94899,34.699788],[136.949916,34.699635],[136.950994,34.700101],[136.952787,34.700138],[136.953385,34.699781],[136.954488,34.699863],[136.955328,34.699607],[136.957257,34.700225],[136.958242,34.700246],[136.961235,34.701636],[136.964314,34.701319],[136.965683,34.700686],[136.966884,34.700579],[136.967849,34.700254],[136.968173,34.699345],[136.969647,34.697998],[136.971493,34.696708],[136.971521,34.695629],[136.972293,34.695326],[136.972759,34.696178],[136.973588,34.696845],[136.97188,34.698082],[136.970681,34.697995],[136.970735,34.699451],[136.97136,34.699288],[136.971926,34.699926],[136.972664,34.700217],[136.973325,34.699393],[136.97377,34.699414],[136.974045,34.701716],[136.973236,34.702062],[136.974232,34.702798],[136.975166,34.702826],[136.975424,34.701711],[136.976367,34.701797],[136.976059,34.703449],[136.977335,34.70386],[136.976282,34.706132],[136.975032,34.705981],[136.975076,34.705294],[136.974062,34.705137],[136.973272,34.704727],[136.972565,34.705247],[136.973056,34.705825],[136.971151,34.708916],[136.970685,34.70905],[136.96986,34.710278],[136.968616,34.710114],[136.967732,34.709683],[136.967763,34.711451],[136.96851,34.7127],[136.97028,34.712078],[136.971252,34.712608],[136.971358,34.713386],[136.971848,34.713813],[136.972013,34.714585],[136.972722,34.716125],[136.972661,34.717441],[136.971237,34.716816],[136.969672,34.717395],[136.969186,34.717821],[136.969496,34.718331],[136.968595,34.718942],[136.966133,34.718529],[136.965713,34.71807],[136.964651,34.717855],[136.963179,34.718782],[136.962667,34.719443],[136.961975,34.721189],[136.962812,34.721097],[136.963061,34.720588],[136.963766,34.720609],[136.963815,34.719745],[136.964509,34.7195],[136.964329,34.720668],[136.964618,34.721389],[136.963205,34.721936],[136.963858,34.722937],[136.966235,34.723183],[136.967226,34.722771],[136.968275,34.723833],[136.969576,34.724324],[136.970122,34.725115],[136.968304,34.726255],[136.96775,34.726956],[136.967457,34.727871],[136.967266,34.729745],[136.966626,34.731118],[136.966608,34.732049],[136.965236,34.733636],[136.964383,34.734205],[136.960483,34.736223],[136.959761,34.736758],[136.956948,34.737638],[136.955718,34.737835],[136.952529,34.737991],[136.951415,34.738222],[136.949802,34.739457],[136.948788,34.740648],[136.948348,34.740855],[136.946666,34.742229],[136.945261,34.74316],[136.944432,34.744243],[136.94366,34.744875],[136.943541,34.745402],[136.942912,34.745921],[136.942607,34.74702],[136.94214,34.747435]]],[[[137,34.670417],[137.000689,34.670723],[137.001606,34.670606],[137.00225,34.670126],[137.002184,34.669047],[137.002952,34.66879],[137.00285,34.667787],[137.002116,34.667677],[137.002141,34.666938],[137.003315,34.667258],[137.003197,34.666597],[137.003893,34.666487],[137.004403,34.666914],[137.005517,34.666691],[137.006168,34.667723],[137.005915,34.668071],[137.005664,34.669892],[137.005214,34.670529],[137.005547,34.67073],[137.005571,34.670903],[137.005772,34.671004],[137.005888,34.670933],[137.006158,34.671104],[137.005168,34.671509],[137.004515,34.672361],[137.004534,34.673105],[137.00494,34.674212],[137.006296,34.675809],[137.007879,34.676859],[137.008545,34.676736],[137.009424,34.677012],[137.010013,34.677519],[137.009927,34.678568],[137.010157,34.678923],[137.010371,34.681131],[137.010311,34.681275],[137.010456,34.682123],[137.010178,34.683901],[137.008581,34.684623],[137.008167,34.685977],[137.007322,34.685342],[137.007633,34.684486],[137.007118,34.682766],[137.006211,34.682481],[137.005944,34.682014],[137.005944,34.679829],[137.006971,34.678846],[137.006343,34.678402],[137.004491,34.677934],[137.00323,34.678022],[137.002193,34.677878],[137.001632,34.678744],[137.000107,34.67839],[137.000208,34.677709],[137.001029,34.676451],[137.000731,34.675655],[137.000562,34.673546],[136.999693,34.673606],[136.999902,34.672955],[136.998203,34.671572],[136.998128,34.670457],[137,34.670417]]],[[[136.999168,34.700604],[136.99991,34.701045],[137.001753,34.7016],[137.003299,34.701692],[137.006874,34.702956],[137.008107,34.702621],[137.009359,34.70354],[137.01013,34.703601],[137.010435,34.704247],[137.011299,34.704923],[137.011951,34.705948],[137.013436,34.706669],[137.013208,34.707204],[137.012525,34.707262],[137.012176,34.707538],[137.011879,34.707386],[137.011362,34.707433],[137.011122,34.707478],[137.009353,34.708207],[137.00781,34.708276],[137.007217,34.709549],[137.006107,34.70838],[137.006321,34.707081],[137.006006,34.706873],[137.005077,34.707594],[137.003768,34.707456],[137.003423,34.707995],[137.00172,34.707356],[137.001352,34.706852],[137.001622,34.705325],[137.000346,34.705106],[136.997993,34.704977],[136.997685,34.705725],[136.998671,34.705733],[136.999831,34.706024],[136.999154,34.707],[136.997611,34.706103],[136.997216,34.706144],[136.996533,34.705228],[136.997308,34.703938],[136.997242,34.702286],[136.996928,34.701667],[136.997763,34.70133],[136.998841,34.700507],[136.999168,34.700604]]],[[[137.002228,34.680486],[137.00223,34.679306],[137.0028,34.67932],[137.003934,34.679851],[137.005729,34.679846],[137.005725,34.680744],[137.003556,34.680747],[137.003563,34.682554],[137.001812,34.682553],[137.001797,34.680484],[137.002228,34.680486]]],[[[137.008294,34.656855],[137.008905,34.657424],[137.008871,34.65846],[137.008494,34.658525],[137.008411,34.659513],[137.007432,34.659724],[137.006693,34.658376],[137.007623,34.657168],[137.008294,34.656855]]],[[[137.006184,34.691316],[137.00788,34.69096],[137.008673,34.691374],[137.00857,34.692423],[137.007258,34.692769],[137.006184,34.691316]]],[[[136.999845,34.679778],[136.999872,34.680426],[136.999474,34.681094],[136.998628,34.681103],[136.997795,34.680476],[136.997913,34.679732],[136.998643,34.679089],[136.999586,34.679187],[136.999845,34.679778]]]]}},
  {"type":"Feature","properties":{"name":"美浜町","code":"23446"},"geometry":{"type":"MultiPolygon","coordinates":[[[[136.861844,34.814053],[136.860875,34.811679],[136.859972,34.809814],[136.859084,34.807646],[136.858678,34.80703],[136.857461,34.803971],[136.858582,34.803511],[136.858811,34.802642],[136.858466,34.800372],[136.857915,34.798707],[136.856726,34.796112],[136.856119,34.793618],[136.855407,34.792103],[136.854989,34.791686],[136.853684,34.788797],[136.853103,34.787191],[136.852517,34.786659],[136.851729,34.784912],[136.851245,34.783334],[136.84938,34.779289],[136.848291,34.777169],[136.84793,34.776195],[136.846899,34.774149],[136.84602,34.77169],[136.844332,34.76793],[136.843446,34.766777],[136.843381,34.765713],[136.842782,34.765306],[136.84167,34.765303],[136.841676,34.764764],[136.840366,34.764601],[136.840284,34.763904],[136.842174,34.763917],[136.842049,34.762356],[136.842827,34.76171],[136.842817,34.761246],[136.843728,34.760413],[136.843395,34.759588],[136.844902,34.757202],[136.845296,34.756115],[136.846184,34.756024],[136.847441,34.754981],[136.849913,34.751601],[136.850628,34.750392],[136.850893,34.749128],[136.851841,34.748565],[136.852844,34.748679],[136.854213,34.74821],[136.854765,34.748408],[136.855542,34.747964],[136.855778,34.747399],[136.856927,34.746447],[136.857684,34.74644],[136.858576,34.747074],[136.859074,34.748256],[136.860807,34.748191],[136.860414,34.74963],[136.860609,34.750297],[136.861656,34.750126],[136.862477,34.751136],[136.862713,34.75174],[136.863608,34.752267],[136.864409,34.752106],[136.864734,34.753159],[136.864405,34.753718],[136.8651,34.755701],[136.865891,34.755962],[136.867543,34.75563],[136.86847,34.755624],[136.869444,34.755164],[136.870166,34.756014],[136.870921,34.756053],[136.871504,34.757155],[136.872283,34.757125],[136.873274,34.756649],[136.873913,34.75674],[136.874892,34.756194],[136.875683,34.756125],[136.875879,34.757005],[136.875441,34.757718],[136.876933,34.759506],[136.877058,34.760687],[136.878045,34.760862],[136.879629,34.7608],[136.881446,34.761174],[136.882235,34.762101],[136.883826,34.763017],[136.883817,34.764046],[136.884698,34.764297],[136.885402,34.764112],[136.886539,34.764904],[136.887048,34.766038],[136.88784,34.766416],[136.888843,34.765537],[136.890178,34.764759],[136.891481,34.764477],[136.894007,34.76438],[136.89508,34.763816],[136.897841,34.763653],[136.898481,34.762806],[136.898232,34.761641],[136.898504,34.76089],[136.899693,34.759367],[136.899699,34.758658],[136.899107,34.757459],[136.899499,34.756284],[136.899015,34.755159],[136.899069,34.754621],[136.900767,34.753909],[136.9017,34.753275],[136.901984,34.752745],[136.902239,34.751199],[136.903222,34.750225],[136.902554,34.748325],[136.90387,34.747815],[136.904554,34.746569],[136.90449,34.745422],[136.905101,34.743464],[136.906383,34.743686],[136.907865,34.742226],[136.908578,34.741271],[136.909338,34.740746],[136.910309,34.738848],[136.910055,34.737964],[136.910508,34.73689],[136.911633,34.737561],[136.91207,34.737577],[136.914219,34.736496],[136.914748,34.735887],[136.915117,34.734863],[136.916018,34.734301],[136.917921,34.734279],[136.918822,34.733542],[136.919078,34.732717],[136.918479,34.73205],[136.918635,34.730856],[136.918008,34.729666],[136.918678,34.729149],[136.918428,34.727914],[136.919448,34.726574],[136.92005,34.726537],[136.921907,34.727062],[136.92269,34.726918],[136.923266,34.727276],[136.92275,34.728601],[136.924703,34.729306],[136.92417,34.730346],[136.924782,34.730867],[136.925151,34.731774],[136.925812,34.73165],[136.926612,34.732601],[136.927415,34.733113],[136.927357,34.733722],[136.928325,34.733997],[136.928243,34.734751],[136.929188,34.735497],[136.929462,34.737202],[136.931074,34.737451],[136.931743,34.738357],[136.934247,34.740496],[136.935179,34.741466],[136.934342,34.742435],[136.934359,34.743593],[136.936576,34.745279],[136.937334,34.745577],[136.938195,34.745462],[136.940584,34.746856],[136.94214,34.747435],[136.94137,34.74793],[136.940674,34.748764],[136.939667,34.749265],[136.937413,34.750072],[136.936607,34.75105],[136.934784,34.753794],[136.929964,34.755525],[136.928825,34.756393],[136.92743,34.757102],[136.927128,34.758289],[136.927417,34.75893],[136.92726,34.760445],[136.927305,34.763153],[136.927016,34.764077],[136.925186,34.764369],[136.923377,34.764932],[136.922082,34.765115],[136.921091,34.764981],[136.919579,34.76574],[136.918354,34.766808],[136.916755,34.768728],[136.915585,34.769272],[136.914798,34.770052],[136.914529,34.771022],[136.914555,34.772329],[136.914916,34.774137],[136.915489,34.775578],[136.91585,34.775851],[136.916173,34.777341],[136.915224,34.777663],[136.915116,34.778505],[136.915318,34.779872],[136.915825,34.781436],[136.91602,34.782955],[136.916595,34.784452],[136.918328,34.7883],[136.919906,34.791353],[136.921106,34.793172],[136.920776,34.793245],[136.921093,34.794718],[136.920611,34.796602],[136.919207,34.798011],[136.9197,34.799389],[136.922035,34.803679],[136.921546,34.80429],[136.921697,34.805791],[136.921249,34.805894],[136.921261,34.807611],[136.921016,34.809124],[136.920022,34.810983],[136.92132,34.813248],[136.918687,34.813451],[136.916486,34.812633],[136.915801,34.811661],[136.91429,34.811084],[136.913656,34.81155],[136.912522,34.811527],[136.911303,34.813006],[136.912121,34.812842],[136.912566,34.812409],[136.913233,34.812511],[136.913044,34.813347],[136.912483,34.813347],[136.912251,34.814164],[136.911745,34.8147],[136.9107,34.814542],[136.909398,34.813676],[136.908269,34.81388],[136.907685,34.8144],[136.907083,34.813992],[136.905976,34.814765],[136.904088,34.814831],[136.902825,34.814526],[136.901912,34.813955],[136.901006,34.813981],[136.899783,34.813607],[136.898707,34.813487],[136.896453,34.813971],[136.895222,34.814589],[136.894978,34.815534],[136.894368,34.815534],[136.893596,34.81603],[136.8927,34.815703],[136.891031,34.815549],[136.889001,34.815528],[136.888057,34.814915],[136.886913,34.815005],[136.88751,34.814178],[136.887484,34.812944],[136.886541,34.812288],[136.88492,34.812843],[136.883644,34.813456],[136.882443,34.812794],[136.880946,34.812409],[136.880585,34.812695],[136.878652,34.812771],[136.877,34.813426],[136.87574,34.814283],[136.874186,34.814261],[136.87359,34.814056],[136.87236,34.814331],[136.870674,34.812916],[136.868916,34.813523],[136.868226,34.812675],[136.867075,34.812614],[136.865504,34.813593],[136.865012,34.814238],[136.863147,34.814319],[136.86284,34.813955],[136.861844,34.814053]]]]}},
  {"type":"Feature","properties":{"name":"武豊町","code":"23447"},"geometry":{"type":"MultiPolygon","coordinates":[[[[136.875688,34.878341],[136.87594,34.876049],[136.876555,34.875378],[136.876833,34.874617],[136.877885,34.87448],[136.87815,34.873773],[136.879292,34.872622],[136.880605,34.872711],[136.8799,34.872009],[136.880343,34.870511],[136.880673,34.870149],[136.881428,34.868197],[136.882333,34.86827],[136.883045,34.867325],[136.884606,34.866694],[136.886186,34.866609],[136.888121,34.865162],[136.888898,34.864247],[136.888193,34.86394],[136.888254,34.862852],[136.889516,34.861282],[136.889955,34.859748],[136.890518,34.858816],[136.890837,34.857221],[136.891426,34.855579],[136.891309,34.853996],[136.89239,34.853738],[136.889768,34.853119],[136.888036,34.851978],[136.88543,34.851457],[136.883779,34.85146],[136.881895,34.850737],[136.882752,34.845762],[136.883748,34.842081],[136.884501,34.84033],[136.88482,34.837809],[136.884743,34.837295],[136.884092,34.836318],[136.884494,34.835829],[136.885326,34.833604],[136.884632,34.832631],[136.884867,34.831595],[136.884408,34.830129],[136.884363,34.829016],[136.884708,34.828322],[136.884632,34.827607],[136.883098,34.827],[136.882628,34.825995],[136.882429,34.825016],[136.88273,34.824316],[136.882511,34.823589],[136.883126,34.822536],[136.884054,34.821809],[136.884213,34.821062],[136.884766,34.820626],[136.884505,34.819991],[136.88389,34.819492],[136.885314,34.817502],[136.885337,34.816503],[136.885748,34.815855],[136.886348,34.81571],[136.886913,34.815005],[136.888057,34.814915],[136.889001,34.815528],[136.891031,34.815549],[136.8927,34.815703],[136.893596,34.81603],[136.894368,34.815534],[136.894978,34.815534],[136.895222,34.814589],[136.896453,34.813971],[136.898707,34.813487],[136.899783,34.813607],[136.901006,34.813981],[136.901912,34.813955],[136.902825,34.814526],[136.904088,34.814831],[136.905976,34.814765],[136.907083,34.813992],[136.907685,34.8144],[136.908269,34.81388],[136.909398,34.813676],[136.9107,34.814542],[136.911745,34.8147],[136.912251,34.814164],[136.912483,34.813347],[136.913044,34.813347],[136.913233,34.812511],[136.912566,34.812409],[136.912121,34.812842],[136.911303,34.813006],[136.912522,34.811527],[136.913656,34.81155],[136.91429,34.811084],[136.915801,34.811661],[136.916486,34.812633],[136.918687,34.813451],[136.92132,34.813248],[136.922326,34.813802],[136.925366,34.813989],[136.925868,34.818603],[136.92607,34.821183],[136.93811,34.820951],[136.938109,34.821002],[136.926076,34.821233],[136.926817,34.827589],[136.922072,34.827718],[136.921978,34.828553],[136.922369,34.829849],[136.922209,34.830577],[136.922984,34.831933],[136.923567,34.831936],[136.92377,34.82963],[136.935396,34.830043],[136.936009,34.835831],[136.929367,34.839069],[136.930822,34.843346],[136.930707,34.845498],[136.930439,34.846104],[136.927287,34.846105],[136.927082,34.8497],[136.92634,34.849679],[136.926222,34.851463],[136.927017,34.851754],[136.926651,34.852904],[136.928339,34.852999],[136.929584,34.852296],[136.929839,34.84819],[136.930439,34.84851],[136.934562,34.848481],[136.934943,34.849205],[136.935057,34.853662],[136.935446,34.854068],[136.936583,34.854053],[136.936601,34.856101],[136.935327,34.856885],[136.935445,34.857124],[136.929793,34.858981],[136.928775,34.858344],[136.92807,34.858613],[136.927702,34.864949],[136.928221,34.865533],[136.930918,34.864577],[136.930805,34.86436],[136.936332,34.862389],[136.936447,34.86261],[136.939721,34.861446],[136.940735,34.862775],[136.934412,34.864934],[136.930583,34.866332],[136.926602,34.867676],[136.92514,34.867886],[136.924349,34.868828],[136.923662,34.870019],[136.922677,34.870152],[136.921772,34.869361],[136.919251,34.868592],[136.917899,34.868696],[136.915192,34.86855],[136.914684,34.869075],[136.913391,34.869182],[136.913273,34.86972],[136.911505,34.869743],[136.911579,34.870465],[136.909266,34.870753],[136.905371,34.870904],[136.903685,34.871357],[136.902411,34.871886],[136.89857,34.873221],[136.897449,34.873503],[136.896712,34.874304],[136.894585,34.875037],[136.893024,34.874981],[136.890691,34.874449],[136.888528,34.874097],[136.88577,34.873882],[136.885738,34.873476],[136.884204,34.8735],[136.884166,34.873952],[136.882973,34.873923],[136.882178,34.874626],[136.882148,34.875063],[136.881366,34.875824],[136.881124,34.876441],[136.880088,34.877129],[136.879616,34.876943],[136.878847,34.877906],[136.877794,34.878273],[136.875688,34.878341]]]]}},
  {"type":"Feature","properties":{"name":"幸田町","code":"23501"},"geometry":{"type":"MultiPolygon","coordinates":[[[[137.137818,34.890516],[137.137692,34.888372],[137.138156,34.88647],[137.138834,34.885859],[137.139277,34.884381],[137.140729,34.883169],[137.139679,34.882419],[137.138061,34.882458],[137.136906,34.882233],[137.136289,34.882536],[137.134764,34.882437],[137.135368,34.881135],[137.135346,34.880263],[137.136068,34.87875],[137.137464,34.878982],[137.136799,34.875538],[137.137074,34.874804],[137.135861,34.874054],[137.135438,34.87338],[137.134835,34.873338],[137.134768,34.872459],[137.133909,34.871487],[137.132681,34.869607],[137.132249,34.869471],[137.131479,34.87036],[137.129403,34.870283],[137.129172,34.869956],[137.127485,34.869449],[137.127115,34.868645],[137.126048,34.8694],[137.125107,34.870351],[137.123844,34.870188],[137.12262,34.870712],[137.12258,34.87172],[137.121256,34.872603],[137.120536,34.87343],[137.119661,34.873074],[137.120858,34.872252],[137.120471,34.871993],[137.119555,34.872588],[137.119207,34.873495],[137.117995,34.872598],[137.117929,34.872039],[137.119487,34.870993],[137.119233,34.870602],[137.118098,34.870937],[137.117834,34.870505],[137.119055,34.869554],[137.11967,34.869448],[137.121,34.868709],[137.119392,34.868348],[137.118076,34.869457],[137.116956,34.870016],[137.115544,34.870218],[137.115176,34.869889],[137.116224,34.868826],[137.115888,34.868137],[137.114479,34.869138],[137.114165,34.868011],[137.11364,34.867812],[137.113443,34.865995],[137.112971,34.865161],[137.112003,34.864854],[137.110519,34.864922],[137.109858,34.865325],[137.109109,34.864851],[137.108006,34.864922],[137.107611,34.863829],[137.107003,34.863439],[137.106791,34.862798],[137.107836,34.861494],[137.108278,34.861872],[137.108098,34.863138],[137.108989,34.863099],[137.108849,34.861734],[137.110968,34.861623],[137.110268,34.863119],[137.112406,34.862405],[137.112566,34.861713],[137.113925,34.861707],[137.114111,34.862488],[137.114894,34.862815],[137.114786,34.863921],[137.115531,34.863607],[137.117051,34.864499],[137.116756,34.865978],[137.117949,34.864787],[137.119311,34.865423],[137.121119,34.866467],[137.120132,34.865186],[137.120229,34.864439],[137.118311,34.863875],[137.117799,34.863408],[137.118196,34.86296],[137.119107,34.862902],[137.121107,34.862345],[137.122121,34.862545],[137.12301,34.862369],[137.123762,34.86283],[137.124331,34.862659],[137.125975,34.86338],[137.126161,34.863],[137.125259,34.862578],[137.125196,34.861963],[137.124016,34.862147],[137.123532,34.861997],[137.121055,34.862034],[137.1191,34.862386],[137.116667,34.862464],[137.115648,34.861701],[137.115173,34.859911],[137.117295,34.859879],[137.118529,34.859511],[137.12234,34.859001],[137.122468,34.856776],[137.123029,34.856722],[137.124735,34.855337],[137.125747,34.854074],[137.127001,34.853472],[137.126502,34.852808],[137.126373,34.852107],[137.125142,34.850572],[137.125136,34.849939],[137.123878,34.849905],[137.123384,34.849451],[137.123429,34.848531],[137.122499,34.848011],[137.122839,34.846422],[137.122228,34.846034],[137.121399,34.845946],[137.120751,34.846209],[137.120051,34.84693],[137.118573,34.847417],[137.117523,34.848739],[137.116639,34.849156],[137.11508,34.850735],[137.11445,34.852174],[137.113139,34.853624],[137.111809,34.854289],[137.111223,34.853836],[137.112658,34.853024],[137.113783,34.851993],[137.112723,34.851698],[137.112623,34.852511],[137.11137,34.852953],[137.111851,34.850872],[137.111463,34.850752],[137.110734,34.852221],[137.110634,34.853137],[137.108513,34.854663],[137.107579,34.854579],[137.10847,34.853448],[137.109411,34.85277],[137.110069,34.851698],[137.110366,34.850554],[137.109857,34.850243],[137.109659,34.851437],[137.108609,34.852902],[137.107974,34.853037],[137.107302,34.854012],[137.106475,34.854372],[137.106022,34.854012],[137.107345,34.852486],[137.107486,34.851561],[137.106001,34.85226],[137.104683,34.851786],[137.106578,34.850683],[137.107018,34.850664],[137.107747,34.849611],[137.109373,34.849173],[137.110462,34.848163],[137.111839,34.847395],[137.110926,34.847077],[137.110813,34.846434],[137.111216,34.845516],[137.113933,34.843853],[137.113111,34.843566],[137.112504,34.842958],[137.111196,34.843156],[137.111073,34.844452],[137.110033,34.844685],[137.109354,34.845102],[137.108167,34.844459],[137.10679,34.844912],[137.106111,34.846155],[137.104715,34.847418],[137.104425,34.848378],[137.103704,34.848668],[137.103243,34.849464],[137.101729,34.849916],[137.101065,34.849802],[137.101553,34.848722],[137.102592,34.848432],[137.103938,34.847438],[137.103443,34.846703],[137.104244,34.846114],[137.105932,34.843866],[137.106727,34.843044],[137.105978,34.842503],[137.105659,34.843617],[137.103528,34.845545],[137.102933,34.845546],[137.102123,34.844935],[137.10171,34.842688],[137.102997,34.84213],[137.103775,34.842059],[137.105971,34.840366],[137.107095,34.840345],[137.10905,34.841408],[137.109828,34.842065],[137.11028,34.841867],[137.110959,34.84097],[137.112294,34.840742],[137.113892,34.840226],[137.114712,34.839456],[137.117227,34.838713],[137.117869,34.83905],[137.118612,34.838774],[137.120751,34.839625],[137.121466,34.840642],[137.122033,34.842094],[137.122931,34.842712],[137.123103,34.843642],[137.123988,34.844395],[137.125464,34.843747],[137.127932,34.842476],[137.128143,34.841252],[137.130302,34.840594],[137.130371,34.839332],[137.132702,34.837198],[137.133125,34.836159],[137.134229,34.835288],[137.135042,34.834329],[137.138216,34.833764],[137.138897,34.833049],[137.139035,34.832391],[137.141144,34.83266],[137.141226,34.832137],[137.143086,34.829894],[137.143139,34.829081],[137.143906,34.829109],[137.144802,34.828506],[137.146352,34.828273],[137.146607,34.82769],[137.146165,34.827214],[137.146806,34.826634],[137.147247,34.824747],[137.147707,34.823374],[137.147213,34.822777],[137.147433,34.821989],[137.148485,34.822447],[137.15035,34.822031],[137.150648,34.822617],[137.149727,34.822659],[137.149056,34.823254],[137.15156,34.824074],[137.154511,34.82443],[137.154799,34.825016],[137.155401,34.824986],[137.156297,34.824315],[137.157294,34.824272],[137.157964,34.823817],[137.158476,34.822368],[137.158527,34.821089],[137.159408,34.820131],[137.160818,34.817521],[137.161706,34.816253],[137.161676,34.815742],[137.162939,34.815515],[137.163694,34.814958],[137.164784,34.815732],[137.165443,34.816859],[137.166801,34.818209],[137.167813,34.819002],[137.168119,34.819928],[137.169301,34.820401],[137.170427,34.821515],[137.170474,34.822421],[137.171176,34.823329],[137.172661,34.823988],[137.173704,34.823787],[137.17517,34.823763],[137.176166,34.824428],[137.176674,34.824476],[137.177915,34.825321],[137.178197,34.825975],[137.179001,34.82609],[137.179795,34.825005],[137.180098,34.823682],[137.180031,34.822929],[137.182882,34.82331],[137.18372,34.82316],[137.18494,34.823257],[137.185152,34.823846],[137.185867,34.823804],[137.186927,34.822926],[137.187143,34.821373],[137.186605,34.820456],[137.186402,34.819341],[137.187811,34.818877],[137.189003,34.819077],[137.190259,34.820616],[137.191367,34.820734],[137.19158,34.821378],[137.191492,34.822337],[137.190462,34.823377],[137.19125,34.8242],[137.19061,34.824698],[137.191324,34.825051],[137.192022,34.824974],[137.194093,34.824198],[137.194897,34.824236],[137.196263,34.824925],[137.195461,34.826131],[137.19628,34.826566],[137.197161,34.82662],[137.197735,34.825156],[137.1996,34.825171],[137.199963,34.826442],[137.199226,34.827191],[137.198467,34.827238],[137.197444,34.828021],[137.195403,34.828646],[137.195116,34.829483],[137.194032,34.830042],[137.193214,34.831738],[137.192361,34.83194],[137.191746,34.832735],[137.191589,34.835327],[137.192314,34.835862],[137.193159,34.836088],[137.193926,34.837256],[137.195114,34.837664],[137.195708,34.838454],[137.19566,34.839257],[137.196154,34.839831],[137.197321,34.840543],[137.197996,34.841499],[137.197102,34.844682],[137.196536,34.845267],[137.196013,34.845258],[137.194453,34.846379],[137.192954,34.848181],[137.193152,34.848867],[137.194243,34.849538],[137.194387,34.850111],[137.195385,34.850903],[137.195877,34.852186],[137.197091,34.853109],[137.199129,34.85364],[137.200566,34.853807],[137.203426,34.855096],[137.203642,34.855419],[137.205506,34.856417],[137.20559,34.856813],[137.204883,34.858134],[137.204777,34.859575],[137.204929,34.860096],[137.204398,34.861093],[137.205303,34.863095],[137.206817,34.863722],[137.207209,34.864074],[137.207367,34.865173],[137.20877,34.866069],[137.210256,34.866567],[137.211506,34.867568],[137.212142,34.867637],[137.210563,34.868842],[137.210163,34.869942],[137.209594,34.870683],[137.209712,34.872088],[137.210697,34.873942],[137.211395,34.874856],[137.211596,34.875481],[137.211286,34.875968],[137.210813,34.877866],[137.209449,34.879215],[137.207876,34.878643],[137.205574,34.879327],[137.204863,34.88003],[137.203708,34.880698],[137.202794,34.882229],[137.201156,34.8837],[137.200669,34.884642],[137.201094,34.885003],[137.202467,34.885528],[137.203825,34.886758],[137.203984,34.887821],[137.20325,34.888854],[137.202296,34.888933],[137.202356,34.890671],[137.203124,34.891373],[137.204782,34.891779],[137.205729,34.892259],[137.207593,34.89193],[137.208262,34.892392],[137.207536,34.893326],[137.207349,34.894181],[137.206013,34.895236],[137.205063,34.897114],[137.204509,34.897277],[137.203926,34.898216],[137.203132,34.899035],[137.200328,34.899542],[137.199064,34.899389],[137.197758,34.900895],[137.196616,34.901314],[137.195796,34.900854],[137.194474,34.901806],[137.193869,34.902965],[137.193074,34.903894],[137.193221,34.904872],[137.192923,34.905404],[137.191322,34.905954],[137.190137,34.905702],[137.188925,34.90572],[137.188285,34.906195],[137.188677,34.90734],[137.187267,34.907865],[137.187116,34.908509],[137.186171,34.908735],[137.184406,34.908262],[137.183295,34.907669],[137.181746,34.908523],[137.179497,34.908733],[137.178961,34.909553],[137.176995,34.909714],[137.175776,34.909324],[137.175156,34.908582],[137.174323,34.90848],[137.173021,34.907982],[137.171809,34.907185],[137.17026,34.9074],[137.168703,34.90652],[137.167734,34.906348],[137.167121,34.905657],[137.167291,34.904551],[137.166188,34.903108],[137.165749,34.901962],[137.164487,34.901312],[137.161799,34.900367],[137.161847,34.898666],[137.161263,34.897264],[137.160666,34.896444],[137.159527,34.895794],[137.159057,34.895203],[137.159383,34.894498],[137.160418,34.893439],[137.159453,34.892504],[137.15816,34.889164],[137.157926,34.888927],[137.156477,34.889323],[137.156013,34.889647],[137.154998,34.888412],[137.154576,34.88678],[137.153587,34.886821],[137.147855,34.888378],[137.146261,34.889423],[137.145118,34.889629],[137.143058,34.889502],[137.139109,34.89037],[137.137818,34.890516]]]]}},
  {"type":"Feature","properties":{"name":"設楽町","code":"23561"},"geometry":{"type":"MultiPolygon","coordinates":[[[[137.446347,35.071935],[137.447559,35.072737],[137.44805,35.073448],[137.448898,35.073162],[137.449757,35.073399],[137.450541,35.073019],[137.451656,35.073468],[137.45233,35.072753],[137.45245,35.071688],[137.453799,35.070852],[137.454431,35.06983],[137.454217,35.068974],[137.453114,35.06857],[137.452257,35.067349],[137.451333,35.066708],[137.45143,35.065717],[137.451006,35.063824],[137.451323,35.06262],[137.451145,35.06166],[137.450156,35.060963],[137.449039,35.059922],[137.448889,35.058569],[137.449361,35.057369],[137.45026,35.05697],[137.45089,35.05522],[137.45168,35.054915],[137.451984,35.054281],[137.454612,35.05439],[137.456386,35.055459],[137.457483,35.055492],[137.458527,35.055972],[137.459168,35.055785],[137.459801,35.054977],[137.460662,35.054705],[137.461403,35.053538],[137.462648,35.053151],[137.464065,35.053292],[137.465301,35.053598],[137.466102,35.054373],[137.467524,35.054359],[137.469144,35.054135],[137.470054,35.053718],[137.470994,35.053857],[137.471266,35.054325],[137.472598,35.055372],[137.473978,35.057214],[137.474424,35.059136],[137.475586,35.060537],[137.475845,35.061632],[137.477589,35.062136],[137.478539,35.062967],[137.480238,35.063348],[137.482152,35.0633],[137.483846,35.063756],[137.484646,35.063749],[137.485222,35.062746],[137.48589,35.062303],[137.487311,35.063156],[137.488435,35.063243],[137.488438,35.064186],[137.487371,35.06633],[137.487808,35.068836],[137.489881,35.06903],[137.491464,35.068834],[137.492862,35.069915],[137.493609,35.069823],[137.49443,35.069165],[137.494869,35.067808],[137.495791,35.067369],[137.49743,35.067142],[137.49852,35.066319],[137.499637,35.066456],[137.500681,35.0658],[137.502272,35.065417],[137.502297,35.064721],[137.503677,35.063378],[137.503983,35.061993],[137.504103,35.060333],[137.505069,35.059646],[137.505664,35.056673],[137.506899,35.053788],[137.507094,35.052715],[137.507186,35.050294],[137.507596,35.049593],[137.509453,35.050864],[137.510027,35.050253],[137.509916,35.049396],[137.50917,35.048537],[137.508848,35.047093],[137.507404,35.045964],[137.507999,35.045136],[137.507685,35.044383],[137.507065,35.044128],[137.505167,35.041639],[137.506474,35.040438],[137.507567,35.040432],[137.508883,35.039564],[137.511573,35.039684],[137.513667,35.040933],[137.514705,35.041837],[137.515524,35.04298],[137.515762,35.044114],[137.516642,35.046171],[137.517292,35.046736],[137.517364,35.047336],[137.518261,35.048142],[137.519054,35.048429],[137.519958,35.049243],[137.521014,35.048532],[137.523352,35.048104],[137.523681,35.047685],[137.523479,35.045988],[137.524835,35.045458],[137.525328,35.044384],[137.525356,35.042858],[137.526075,35.042573],[137.527872,35.043009],[137.528971,35.042553],[137.531169,35.042519],[137.532188,35.043251],[137.532254,35.04504],[137.532791,35.04672],[137.533602,35.047894],[137.534369,35.050606],[137.534562,35.051637],[137.535198,35.052229],[137.536623,35.052453],[137.538696,35.051852],[137.539704,35.052021],[137.539226,35.050628],[137.538213,35.050038],[137.538057,35.049503],[137.538538,35.048958],[137.539741,35.049158],[137.54071,35.049918],[137.541348,35.05069],[137.54132,35.051969],[137.540271,35.052945],[137.539611,35.053942],[137.539429,35.054734],[137.540749,35.055556],[137.541597,35.055837],[137.54187,35.056416],[137.542922,35.057315],[137.544168,35.057567],[137.54574,35.057533],[137.547699,35.057814],[137.551303,35.056971],[137.550357,35.055942],[137.550169,35.05539],[137.551544,35.054623],[137.553019,35.054459],[137.553564,35.054963],[137.555313,35.055369],[137.555953,35.055187],[137.559253,35.055095],[137.560362,35.056445],[137.560821,35.057806],[137.562142,35.058364],[137.564174,35.058295],[137.564981,35.058905],[137.565579,35.059009],[137.56588,35.059803],[137.567659,35.060395],[137.570058,35.060429],[137.571941,35.059694],[137.574349,35.059369],[137.57591,35.059539],[137.578924,35.05951],[137.579679,35.059631],[137.579645,35.058875],[137.57995,35.05786],[137.58116,35.05751],[137.581908,35.056932],[137.582847,35.056553],[137.58357,35.055884],[137.582949,35.055521],[137.582419,35.054291],[137.581296,35.052383],[137.582679,35.051408],[137.583293,35.051263],[137.58402,35.050077],[137.584821,35.049426],[137.585039,35.048061],[137.585801,35.046516],[137.587373,35.043814],[137.588609,35.042081],[137.588174,35.04104],[137.589044,35.040257],[137.589382,35.039271],[137.589846,35.038812],[137.590271,35.037704],[137.589428,35.036141],[137.589742,35.034939],[137.589723,35.034177],[137.590765,35.033719],[137.591328,35.033189],[137.592614,35.032543],[137.593369,35.0319],[137.594501,35.032043],[137.594746,35.031143],[137.59639,35.029441],[137.597134,35.028238],[137.597418,35.026791],[137.599207,35.0254],[137.599374,35.023731],[137.598194,35.022935],[137.598164,35.02259],[137.599527,35.020205],[137.599671,35.018741],[137.60049,35.01808],[137.601739,35.017507],[137.602419,35.016944],[137.603891,35.016358],[137.605101,35.017101],[137.607063,35.017479],[137.608085,35.01748],[137.611232,35.016933],[137.612593,35.017616],[137.614102,35.017493],[137.615858,35.017768],[137.616561,35.018127],[137.619985,35.019268],[137.621114,35.020596],[137.62088,35.021296],[137.621043,35.022281],[137.62141,35.022912],[137.621111,35.025099],[137.621164,35.026012],[137.621578,35.028197],[137.621847,35.028791],[137.623521,35.030352],[137.624269,35.032079],[137.624542,35.033526],[137.623138,35.034969],[137.623107,35.036396],[137.623341,35.036806],[137.622784,35.038968],[137.622911,35.040284],[137.623745,35.041369],[137.624537,35.042014],[137.624781,35.04295],[137.625448,35.04353],[137.625993,35.044666],[137.625601,35.046101],[137.625719,35.046811],[137.626712,35.047158],[137.627597,35.047814],[137.630361,35.047607],[137.631339,35.048813],[137.628691,35.052073],[137.628826,35.053155],[137.628388,35.054285],[137.62905,35.05504],[137.630506,35.055745],[137.631899,35.056214],[137.632169,35.056828],[137.633797,35.058381],[137.633903,35.059596],[137.633331,35.060198],[137.633035,35.061105],[137.633845,35.062766],[137.633914,35.06367],[137.634264,35.064613],[137.635721,35.064741],[137.636563,35.064115],[137.637811,35.064294],[137.638428,35.065776],[137.638446,35.067078],[137.638716,35.068016],[137.637874,35.068708],[137.637308,35.069816],[137.636704,35.070358],[137.635123,35.071105],[137.634198,35.072488],[137.632786,35.072649],[137.632704,35.072956],[137.633661,35.074364],[137.634433,35.075004],[137.634213,35.07721],[137.633761,35.078033],[137.634207,35.078617],[137.635671,35.078473],[137.636554,35.078593],[137.637109,35.078996],[137.637462,35.079901],[137.638621,35.080747],[137.638938,35.081774],[137.639579,35.082446],[137.639551,35.083093],[137.638131,35.084286],[137.636174,35.084793],[137.634871,35.084249],[137.633286,35.083942],[137.632071,35.084339],[137.631628,35.085028],[137.63046,35.085555],[137.630026,35.086513],[137.629014,35.087323],[137.628417,35.088136],[137.626476,35.088616],[137.625341,35.089364],[137.625959,35.090204],[137.625361,35.091678],[137.623791,35.092753],[137.623452,35.094374],[137.623761,35.095509],[137.621625,35.096893],[137.621063,35.098058],[137.618866,35.098089],[137.61759,35.097586],[137.615947,35.097443],[137.615529,35.097238],[137.612241,35.097235],[137.611324,35.097615],[137.609594,35.097867],[137.608907,35.099094],[137.607581,35.100474],[137.607356,35.101851],[137.606333,35.103442],[137.605491,35.104003],[137.606332,35.104839],[137.606521,35.105966],[137.60627,35.108645],[137.606471,35.109241],[137.606141,35.111154],[137.606494,35.112184],[137.608241,35.113419],[137.608672,35.114316],[137.609097,35.116198],[137.609213,35.117592],[137.610219,35.119347],[137.609887,35.120089],[137.610238,35.120632],[137.610631,35.122766],[137.610249,35.124536],[137.6104,35.125236],[137.610921,35.125949],[137.610886,35.126531],[137.610171,35.127252],[137.61031,35.129072],[137.610052,35.13013],[137.609524,35.131273],[137.609908,35.132403],[137.60972,35.133584],[137.610298,35.134034],[137.611056,35.136005],[137.610921,35.13681],[137.610454,35.137512],[137.610242,35.139342],[137.610334,35.140007],[137.612444,35.140331],[137.613954,35.140295],[137.615083,35.141172],[137.616116,35.140568],[137.616888,35.140448],[137.618404,35.139162],[137.62005,35.138286],[137.621423,35.138016],[137.622909,35.139379],[137.624376,35.140137],[137.626818,35.140863],[137.627727,35.140649],[137.628458,35.141428],[137.62939,35.141903],[137.630029,35.14195],[137.630931,35.142648],[137.633809,35.14284],[137.635142,35.143303],[137.636542,35.142468],[137.63746,35.142331],[137.638542,35.143014],[137.639314,35.143162],[137.641938,35.145036],[137.643714,35.145521],[137.644949,35.145527],[137.645846,35.14613],[137.647207,35.146362],[137.650398,35.146339],[137.651863,35.145661],[137.65276,35.14467],[137.653113,35.143851],[137.65296,35.142774],[137.652444,35.14183],[137.652617,35.140421],[137.655351,35.139416],[137.656682,35.139888],[137.659071,35.141173],[137.662569,35.140225],[137.665662,35.140205],[137.666771,35.141494],[137.667918,35.141184],[137.669332,35.141164],[137.670568,35.141543],[137.672325,35.140723],[137.673359,35.140787],[137.673802,35.140327],[137.675292,35.139903],[137.675895,35.139957],[137.6766,35.14072],[137.676169,35.141452],[137.675834,35.142685],[137.676559,35.143489],[137.677413,35.14502],[137.676562,35.146939],[137.676526,35.14768],[137.677112,35.148593],[137.676952,35.150681],[137.677849,35.150811],[137.678041,35.151969],[137.677383,35.152596],[137.676514,35.15259],[137.676059,35.154122],[137.677025,35.156782],[137.677188,35.157744],[137.676959,35.158345],[137.675832,35.159179],[137.675174,35.160601],[137.673755,35.16164],[137.672829,35.163575],[137.67255,35.164932],[137.671045,35.165981],[137.669651,35.165731],[137.670132,35.168317],[137.670238,35.169807],[137.669615,35.170706],[137.668651,35.171086],[137.669136,35.172076],[137.669094,35.173254],[137.66855,35.173809],[137.668347,35.17474],[137.666993,35.175786],[137.664266,35.17671],[137.6641,35.177544],[137.663504,35.178096],[137.663904,35.178624],[137.66525,35.179359],[137.664958,35.180315],[137.665519,35.182149],[137.666169,35.182377],[137.664993,35.183353],[137.66409,35.184337],[137.664257,35.185551],[137.663412,35.187124],[137.662397,35.188279],[137.661409,35.188924],[137.659744,35.189477],[137.657229,35.194135],[137.655141,35.198102],[137.654941,35.199007],[137.655299,35.200325],[137.655919,35.201544],[137.655997,35.202235],[137.656907,35.203715],[137.657067,35.205279],[137.656824,35.20591],[137.656874,35.208016],[137.657319,35.208744],[137.657709,35.210309],[137.657559,35.211662],[137.656734,35.212808],[137.656988,35.215235],[137.656338,35.215832],[137.655432,35.216087],[137.655011,35.216757],[137.65351,35.217549],[137.651959,35.216737],[137.650175,35.216052],[137.649246,35.214877],[137.648687,35.214443],[137.64714,35.213996],[137.645386,35.214022],[137.644765,35.213772],[137.644496,35.212845],[137.645231,35.21164],[137.644735,35.210557],[137.644617,35.209007],[137.643527,35.208915],[137.640111,35.209378],[137.639489,35.20967],[137.636591,35.210343],[137.634264,35.211128],[137.633921,35.211824],[137.632985,35.212199],[137.630803,35.212024],[137.628746,35.211573],[137.626804,35.211885],[137.625518,35.211195],[137.6228,35.210735],[137.621023,35.211019],[137.619898,35.210837],[137.619914,35.21004],[137.616888,35.209492],[137.615503,35.210484],[137.614346,35.21029],[137.612727,35.208819],[137.611044,35.208545],[137.607759,35.206949],[137.606871,35.206726],[137.605371,35.206793],[137.603084,35.206074],[137.603497,35.205412],[137.602229,35.204353],[137.597658,35.20217],[137.591484,35.199339],[137.588948,35.199253],[137.587326,35.199735],[137.584759,35.199508],[137.583515,35.199701],[137.582187,35.199225],[137.581146,35.198474],[137.579966,35.198366],[137.578655,35.198469],[137.577947,35.197379],[137.577986,35.196491],[137.577645,35.195836],[137.578204,35.195393],[137.578134,35.194543],[137.578872,35.194073],[137.579186,35.193109],[137.580234,35.192577],[137.581024,35.191464],[137.581089,35.19021],[137.580141,35.189684],[137.579059,35.187996],[137.577509,35.187077],[137.576037,35.186767],[137.575198,35.18555],[137.574215,35.185517],[137.572928,35.186093],[137.571429,35.186235],[137.570756,35.185451],[137.569481,35.185685],[137.569443,35.18626],[137.568762,35.186929],[137.568413,35.18846],[137.566637,35.188074],[137.564386,35.188264],[137.563587,35.188755],[137.562476,35.188396],[137.560913,35.188341],[137.560169,35.188608],[137.559304,35.188113],[137.558655,35.187417],[137.557298,35.188062],[137.556682,35.188798],[137.554752,35.189154],[137.553849,35.188286],[137.552596,35.188234],[137.551856,35.187962],[137.550773,35.189051],[137.549347,35.188218],[137.547596,35.187982],[137.547051,35.187026],[137.546274,35.18734],[137.545736,35.18844],[137.544093,35.188415],[137.543658,35.188772],[137.542465,35.188978],[137.542065,35.189479],[137.540133,35.190711],[137.539799,35.191809],[137.538892,35.191374],[137.538462,35.190651],[137.537714,35.190327],[137.537619,35.189666],[137.5368,35.188979],[137.535623,35.188733],[137.534967,35.188176],[137.533473,35.187413],[137.533172,35.186922],[137.532091,35.186272],[137.530873,35.185811],[137.530373,35.184218],[137.5292,35.183882],[137.528161,35.183904],[137.526635,35.182795],[137.525097,35.182088],[137.523712,35.182045],[137.523257,35.181423],[137.521299,35.180276],[137.520205,35.179031],[137.518906,35.17807],[137.517667,35.178045],[137.516882,35.180056],[137.51413,35.180426],[137.514404,35.181787],[137.515404,35.182825],[137.513283,35.184788],[137.512512,35.185256],[137.510432,35.18494],[137.508991,35.185068],[137.50793,35.184582],[137.506437,35.184309],[137.50403,35.184352],[137.50295,35.184187],[137.501817,35.184671],[137.499969,35.184732],[137.499356,35.185906],[137.499379,35.186734],[137.498815,35.187623],[137.499381,35.187969],[137.499395,35.189433],[137.500739,35.190913],[137.500962,35.191869],[137.501629,35.192241],[137.501412,35.193976],[137.500963,35.194431],[137.501695,35.195168],[137.502549,35.19554],[137.503012,35.196498],[137.502722,35.197249],[137.499773,35.196426],[137.498077,35.196573],[137.497554,35.196971],[137.495826,35.196967],[137.495431,35.197288],[137.494099,35.196919],[137.492811,35.196302],[137.490601,35.195589],[137.486956,35.193713],[137.486649,35.192763],[137.485639,35.191539],[137.485361,35.190625],[137.484278,35.188926],[137.483766,35.187834],[137.483546,35.186836],[137.482361,35.185577],[137.481995,35.184331],[137.481585,35.183618],[137.481629,35.182834],[137.482361,35.181468],[137.482653,35.180411],[137.48318,35.179533],[137.474471,35.169913],[137.470759,35.167171],[137.46482,35.162248],[137.462186,35.160152],[137.46371,35.159748],[137.464528,35.159329],[137.465699,35.159097],[137.4669,35.158419],[137.467474,35.156897],[137.467371,35.156311],[137.468266,35.154604],[137.469428,35.153503],[137.471054,35.152512],[137.47231,35.151515],[137.473516,35.151225],[137.474776,35.150098],[137.473849,35.14776],[137.473795,35.146617],[137.471679,35.146505],[137.471078,35.145149],[137.471157,35.144483],[137.469822,35.143165],[137.469532,35.142432],[137.4686,35.141843],[137.468181,35.141032],[137.466114,35.139985],[137.464042,35.13939],[137.46317,35.138907],[137.46255,35.137308],[137.461749,35.136734],[137.45995,35.13642],[137.459009,35.135768],[137.458756,35.134626],[137.45733,35.133449],[137.454619,35.133884],[137.451623,35.132963],[137.45006,35.134585],[137.448301,35.134904],[137.446692,35.13626],[137.444917,35.136634],[137.44421,35.136544],[137.443727,35.136085],[137.443962,35.13442],[137.444429,35.133697],[137.444466,35.132403],[137.444709,35.131561],[137.444578,35.130456],[137.445197,35.129839],[137.445549,35.129013],[137.447258,35.128141],[137.447363,35.127277],[137.448408,35.125703],[137.448022,35.124517],[137.44756,35.121752],[137.446829,35.120897],[137.447736,35.119654],[137.44687,35.118521],[137.446188,35.116789],[137.445114,35.115632],[137.443929,35.115358],[137.443636,35.113497],[137.443754,35.1129],[137.444413,35.112634],[137.444698,35.111742],[137.444268,35.111204],[137.442496,35.110098],[137.43781,35.109056],[137.436803,35.108198],[137.435868,35.108032],[137.433471,35.108192],[137.433453,35.107353],[137.432124,35.105876],[137.431723,35.104591],[137.429398,35.104358],[137.429269,35.103859],[137.429783,35.102938],[137.429636,35.101754],[137.430224,35.101124],[137.430538,35.098976],[137.430194,35.098186],[137.430032,35.095838],[137.43031,35.095219],[137.431784,35.095003],[137.432772,35.093982],[137.433591,35.09352],[137.434195,35.092557],[137.434607,35.091421],[137.434534,35.090714],[137.433489,35.08956],[137.433306,35.088487],[137.433634,35.087011],[137.434803,35.087179],[137.43592,35.087114],[137.438093,35.085303],[137.438111,35.083909],[137.437146,35.083331],[137.437975,35.082276],[137.440979,35.081665],[137.442769,35.081166],[137.443268,35.08052],[137.443277,35.079926],[137.443906,35.079134],[137.444714,35.07771],[137.444739,35.077154],[137.445285,35.076421],[137.444725,35.074389],[137.443113,35.073317],[137.443538,35.072294],[137.444821,35.072105],[137.445703,35.071544],[137.446347,35.071935]]]]}},
  {"type":"Feature","properties":{"name":"東栄町","code":"23562"},"geometry":{"type":"MultiPolygon","coordinates":[[[[137.704919,35.014756],[137.705754,35.015235],[137.706079,35.016244],[137.706748,35.017546],[137.707932,35.018715],[137.709159,35.019139],[137.709475,35.01964],[137.710944,35.020896],[137.710708,35.022147],[137.710967,35.022858],[137.712995,35.02539],[137.714816,35.025588],[137.715772,35.026819],[137.71652,35.027469],[137.716743,35.029359],[137.717393,35.030874],[137.717574,35.032236],[137.716846,35.03345],[137.717281,35.033824],[137.717064,35.034654],[137.717348,35.035149],[137.718466,35.034739],[137.718961,35.036054],[137.720452,35.035935],[137.721457,35.03639],[137.722162,35.036342],[137.722991,35.03757],[137.723004,35.038745],[137.723299,35.039084],[137.726264,35.03999],[137.727917,35.040063],[137.728753,35.040337],[137.729228,35.041568],[137.730085,35.042146],[137.731368,35.045101],[137.732748,35.046464],[137.735299,35.048072],[137.735309,35.049249],[137.735844,35.051436],[137.736456,35.052436],[137.737853,35.053454],[137.738377,35.054331],[137.739594,35.054987],[137.740251,35.05587],[137.740276,35.056513],[137.741165,35.057169],[137.742666,35.057805],[137.743412,35.057881],[137.744424,35.058573],[137.745436,35.059774],[137.746809,35.060245],[137.748257,35.061336],[137.750654,35.062718],[137.751436,35.064094],[137.752596,35.06439],[137.75303,35.064828],[137.754744,35.065426],[137.755963,35.06501],[137.756479,35.065062],[137.756664,35.065998],[137.756531,35.067235],[137.758233,35.068423],[137.75902,35.068251],[137.761597,35.068563],[137.762532,35.070346],[137.763514,35.070401],[137.763676,35.070889],[137.763318,35.071545],[137.76381,35.072191],[137.765578,35.072698],[137.767407,35.072615],[137.768467,35.072336],[137.76963,35.07265],[137.770116,35.073349],[137.771057,35.073897],[137.771737,35.073979],[137.772715,35.075156],[137.772631,35.07637],[137.77359,35.077199],[137.774782,35.077178],[137.775675,35.077982],[137.7748,35.082381],[137.774058,35.084128],[137.774306,35.085737],[137.773922,35.086374],[137.774861,35.087167],[137.77442,35.089067],[137.773558,35.089867],[137.773355,35.090432],[137.77442,35.090844],[137.774559,35.0927],[137.775321,35.093196],[137.776171,35.094373],[137.776426,35.095742],[137.777136,35.096721],[137.776834,35.097459],[137.778105,35.098586],[137.778268,35.099623],[137.775872,35.100186],[137.774166,35.100473],[137.773671,35.101293],[137.771844,35.102796],[137.770009,35.103842],[137.765829,35.10686],[137.765401,35.107645],[137.763438,35.108654],[137.763257,35.108931],[137.763791,35.110801],[137.764405,35.11154],[137.766203,35.112451],[137.766756,35.113089],[137.766688,35.113603],[137.765225,35.113365],[137.762459,35.112189],[137.761609,35.112059],[137.754725,35.112665],[137.753905,35.112639],[137.753442,35.111579],[137.753013,35.111289],[137.752013,35.112156],[137.750852,35.113911],[137.74989,35.1143],[137.748462,35.114539],[137.747841,35.114887],[137.747847,35.115933],[137.74571,35.118217],[137.745971,35.119556],[137.745461,35.120469],[137.745397,35.121177],[137.745699,35.122014],[137.745522,35.122956],[137.742747,35.123103],[137.740543,35.122869],[137.739823,35.122606],[137.738459,35.122723],[137.73758,35.123292],[137.7364,35.123546],[137.735311,35.123439],[137.734331,35.123605],[137.733501,35.124463],[137.731632,35.124809],[137.731196,35.125294],[137.728991,35.125972],[137.728762,35.126534],[137.728076,35.126933],[137.727099,35.127114],[137.724999,35.127985],[137.724287,35.129186],[137.723587,35.129224],[137.722416,35.128476],[137.721778,35.128311],[137.721466,35.128861],[137.721134,35.130927],[137.719805,35.131287],[137.717799,35.131109],[137.716939,35.131244],[137.715679,35.130984],[137.715583,35.130194],[137.714807,35.128968],[137.713563,35.128583],[137.713016,35.127567],[137.711689,35.125567],[137.709115,35.125345],[137.708679,35.125162],[137.707992,35.124151],[137.706614,35.123369],[137.705582,35.123328],[137.704937,35.124174],[137.703796,35.124816],[137.702829,35.12577],[137.701167,35.125595],[137.700172,35.124574],[137.699536,35.124193],[137.697696,35.124279],[137.696552,35.12412],[137.695698,35.124471],[137.694985,35.124088],[137.694189,35.124075],[137.693681,35.12578],[137.693071,35.12668],[137.69294,35.128004],[137.691801,35.128771],[137.690639,35.128876],[137.690194,35.129261],[137.690305,35.130926],[137.689059,35.132924],[137.687998,35.132563],[137.685606,35.132379],[137.683957,35.132005],[137.683602,35.132576],[137.682121,35.132659],[137.680509,35.132295],[137.6789,35.131418],[137.678298,35.130551],[137.676702,35.130689],[137.675066,35.130201],[137.67377,35.130064],[137.672018,35.129541],[137.671334,35.129509],[137.67058,35.129032],[137.669556,35.129235],[137.668336,35.128976],[137.667272,35.129683],[137.665953,35.129267],[137.663981,35.129218],[137.663141,35.128529],[137.661897,35.128517],[137.660609,35.128947],[137.659509,35.128857],[137.659741,35.129417],[137.659626,35.130596],[137.659222,35.131682],[137.658562,35.132704],[137.657953,35.133209],[137.657348,35.134783],[137.656919,35.135291],[137.656585,35.136743],[137.656013,35.138247],[137.655351,35.139416],[137.652617,35.140421],[137.652444,35.14183],[137.65296,35.142774],[137.653113,35.143851],[137.65276,35.14467],[137.651863,35.145661],[137.650398,35.146339],[137.647207,35.146362],[137.645846,35.14613],[137.644949,35.145527],[137.643714,35.145521],[137.641938,35.145036],[137.639314,35.143162],[137.638542,35.143014],[137.63746,35.142331],[137.636542,35.142468],[137.635142,35.143303],[137.633809,35.14284],[137.630931,35.142648],[137.630029,35.14195],[137.62939,35.141903],[137.628458,35.141428],[137.627727,35.140649],[137.626818,35.140863],[137.624376,35.140137],[137.622909,35.139379],[137.621423,35.138016],[137.62005,35.138286],[137.618404,35.139162],[137.616888,35.140448],[137.616116,35.140568],[137.615083,35.141172],[137.613954,35.140295],[137.612444,35.140331],[137.610334,35.140007],[137.610242,35.139342],[137.610454,35.137512],[137.610921,35.13681],[137.611056,35.136005],[137.610298,35.134034],[137.60972,35.133584],[137.609908,35.132403],[137.609524,35.131273],[137.610052,35.13013],[137.61031,35.129072],[137.610171,35.127252],[137.610886,35.126531],[137.610921,35.125949],[137.6104,35.125236],[137.610249,35.124536],[137.610631,35.122766],[137.610238,35.120632],[137.609887,35.120089],[137.610219,35.119347],[137.609213,35.117592],[137.609097,35.116198],[137.608672,35.114316],[137.608241,35.113419],[137.606494,35.112184],[137.606141,35.111154],[137.606471,35.109241],[137.60627,35.108645],[137.606521,35.105966],[137.606332,35.104839],[137.605491,35.104003],[137.606333,35.103442],[137.607356,35.101851],[137.607581,35.100474],[137.608907,35.099094],[137.609594,35.097867],[137.611324,35.097615],[137.612241,35.097235],[137.615529,35.097238],[137.615947,35.097443],[137.61759,35.097586],[137.618866,35.098089],[137.621063,35.098058],[137.621625,35.096893],[137.623761,35.095509],[137.623452,35.094374],[137.623791,35.092753],[137.625361,35.091678],[137.625959,35.090204],[137.625341,35.089364],[137.626476,35.088616],[137.628417,35.088136],[137.629014,35.087323],[137.630026,35.086513],[137.63046,35.085555],[137.631628,35.085028],[137.632071,35.084339],[137.633286,35.083942],[137.634871,35.084249],[137.636174,35.084793],[137.638131,35.084286],[137.639551,35.083093],[137.639579,35.082446],[137.638938,35.081774],[137.638621,35.080747],[137.637462,35.079901],[137.637109,35.078996],[137.636554,35.078593],[137.635671,35.078473],[137.634207,35.078617],[137.633761,35.078033],[137.634213,35.07721],[137.634433,35.075004],[137.633661,35.074364],[137.632704,35.072956],[137.632786,35.072649],[137.634198,35.072488],[137.635123,35.071105],[137.636704,35.070358],[137.637308,35.069816],[137.637874,35.068708],[137.638716,35.068016],[137.638446,35.067078],[137.638428,35.065776],[137.637811,35.064294],[137.638748,35.063753],[137.639272,35.06251],[137.640454,35.061079],[137.641116,35.060876],[137.641959,35.060148],[137.644969,35.059407],[137.645864,35.058469],[137.645494,35.055939],[137.647827,35.055583],[137.649546,35.055631],[137.650213,35.055485],[137.650965,35.054915],[137.652068,35.054448],[137.652704,35.053195],[137.652951,35.052146],[137.653597,35.051686],[137.653724,35.05113],[137.654644,35.049923],[137.655511,35.049921],[137.656264,35.049622],[137.656959,35.048991],[137.658643,35.04857],[137.659548,35.048945],[137.660557,35.048772],[137.661642,35.049543],[137.662358,35.049795],[137.663152,35.049246],[137.663461,35.04797],[137.664671,35.046975],[137.66502,35.044187],[137.665919,35.043389],[137.666566,35.042119],[137.668343,35.041346],[137.668747,35.040787],[137.669829,35.040456],[137.671652,35.040712],[137.673352,35.040589],[137.674564,35.040299],[137.675093,35.04058],[137.675971,35.041585],[137.676635,35.041896],[137.677792,35.041973],[137.67953,35.041729],[137.680739,35.042474],[137.682291,35.041799],[137.684014,35.041212],[137.684552,35.039995],[137.68583,35.039866],[137.686512,35.040363],[137.688165,35.040437],[137.688983,35.040078],[137.689618,35.03894],[137.690527,35.038284],[137.691539,35.037967],[137.69215,35.037182],[137.692271,35.036495],[137.691874,35.036067],[137.692925,35.034486],[137.691461,35.033058],[137.691358,35.032061],[137.691947,35.030578],[137.693062,35.030853],[137.694351,35.032033],[137.695719,35.031718],[137.696416,35.031848],[137.697842,35.031283],[137.699006,35.031122],[137.699817,35.03066],[137.701341,35.030256],[137.701753,35.028904],[137.701829,35.026563],[137.702498,35.025348],[137.704804,35.023626],[137.705799,35.022455],[137.70523,35.020418],[137.704606,35.019202],[137.703623,35.017923],[137.704553,35.016295],[137.705031,35.015751],[137.704919,35.014756]]]]}},
  {"type":"Feature","properties":{"name":"豊根村","code":"23563"},"geometry":{"type":"MultiPolygon","coordinates":[[[[137.655351,35.139416],[137.656013,35.138247],[137.656585,35.136743],[137.656919,35.135291],[137.657348,35.134783],[137.657953,35.133209],[137.658562,35.132704],[137.659222,35.131682],[137.659626,35.130596],[137.659741,35.129417],[137.659509,35.128857],[137.660609,35.128947],[137.661897,35.128517],[137.663141,35.128529],[137.663981,35.129218],[137.665953,35.129267],[137.667272,35.129683],[137.668336,35.128976],[137.669556,35.129235],[137.67058,35.129032],[137.671334,35.129509],[137.672018,35.129541],[137.67377,35.130064],[137.675066,35.130201],[137.676702,35.130689],[137.678298,35.130551],[137.6789,35.131418],[137.680509,35.132295],[137.682121,35.132659],[137.683602,35.132576],[137.683957,35.132005],[137.685606,35.132379],[137.687998,35.132563],[137.689059,35.132924],[137.690305,35.130926],[137.690194,35.129261],[137.690639,35.128876],[137.691801,35.128771],[137.69294,35.128004],[137.693071,35.12668],[137.693681,35.12578],[137.694189,35.124075],[137.694985,35.124088],[137.695698,35.124471],[137.696552,35.12412],[137.697696,35.124279],[137.699536,35.124193],[137.700172,35.124574],[137.701167,35.125595],[137.702829,35.12577],[137.703796,35.124816],[137.704937,35.124174],[137.705582,35.123328],[137.706614,35.123369],[137.707992,35.124151],[137.708679,35.125162],[137.709115,35.125345],[137.711689,35.125567],[137.713016,35.127567],[137.713563,35.128583],[137.714807,35.128968],[137.715583,35.130194],[137.715679,35.130984],[137.716939,35.131244],[137.717799,35.131109],[137.719805,35.131287],[137.721134,35.130927],[137.721466,35.128861],[137.721778,35.128311],[137.722416,35.128476],[137.723587,35.129224],[137.724287,35.129186],[137.724999,35.127985],[137.727099,35.127114],[137.728076,35.126933],[137.728762,35.126534],[137.728991,35.125972],[137.731196,35.125294],[137.731632,35.124809],[137.733501,35.124463],[137.734331,35.123605],[137.735311,35.123439],[137.7364,35.123546],[137.73758,35.123292],[137.738459,35.122723],[137.739823,35.122606],[137.740543,35.122869],[137.742747,35.123103],[137.745522,35.122956],[137.745699,35.122014],[137.745397,35.121177],[137.745461,35.120469],[137.745971,35.119556],[137.74571,35.118217],[137.747847,35.115933],[137.747841,35.114887],[137.748462,35.114539],[137.74989,35.1143],[137.750852,35.113911],[137.752013,35.112156],[137.753013,35.111289],[137.753442,35.111579],[137.753905,35.112639],[137.754725,35.112665],[137.761609,35.112059],[137.762459,35.112189],[137.765225,35.113365],[137.766688,35.113603],[137.766756,35.113089],[137.766203,35.112451],[137.764405,35.11154],[137.763791,35.110801],[137.763257,35.108931],[137.763438,35.108654],[137.765401,35.107645],[137.765829,35.10686],[137.770009,35.103842],[137.771844,35.102796],[137.773671,35.101293],[137.774166,35.100473],[137.775872,35.100186],[137.778268,35.099623],[137.779487,35.098981],[137.77983,35.097721],[137.781755,35.096638],[137.784018,35.096522],[137.785331,35.096137],[137.786117,35.095607],[137.788414,35.095893],[137.790644,35.095189],[137.791627,35.095182],[137.792968,35.095552],[137.793004,35.09618],[137.793945,35.098405],[137.794725,35.102105],[137.79519,35.103079],[137.797228,35.104226],[137.800987,35.105706],[137.801324,35.106593],[137.801016,35.108433],[137.800581,35.109691],[137.799828,35.112596],[137.79894,35.115681],[137.798315,35.118314],[137.798143,35.120242],[137.799215,35.123593],[137.798976,35.125443],[137.798639,35.12619],[137.797311,35.127102],[137.795112,35.127299],[137.792846,35.127974],[137.792003,35.129053],[137.791964,35.129984],[137.792396,35.133616],[137.793137,35.135218],[137.793789,35.135671],[137.795401,35.136249],[137.796927,35.136463],[137.797601,35.136255],[137.798734,35.135459],[137.799139,35.134593],[137.799711,35.132154],[137.800988,35.13086],[137.802244,35.130504],[137.804427,35.130614],[137.805862,35.131124],[137.807376,35.132561],[137.808015,35.133489],[137.809858,35.137026],[137.811255,35.138301],[137.813138,35.139318],[137.814858,35.140473],[137.814886,35.140958],[137.813227,35.142644],[137.812396,35.143754],[137.812188,35.144608],[137.812406,35.147643],[137.812804,35.149153],[137.81357,35.151012],[137.814563,35.152302],[137.815114,35.152717],[137.816201,35.152602],[137.817654,35.150185],[137.818587,35.149264],[137.82053,35.14822],[137.821861,35.148008],[137.822998,35.148507],[137.826613,35.150325],[137.828963,35.151913],[137.829121,35.152603],[137.828787,35.153706],[137.82801,35.154982],[137.827295,35.155482],[137.823971,35.156299],[137.821999,35.157291],[137.821291,35.15844],[137.821264,35.159798],[137.821726,35.161022],[137.823299,35.163258],[137.825737,35.165923],[137.826048,35.166836],[137.825472,35.1682],[137.824503,35.168897],[137.821344,35.171981],[137.818144,35.17468],[137.816886,35.175153],[137.815634,35.175091],[137.814413,35.17434],[137.812896,35.174029],[137.810442,35.174814],[137.808219,35.176633],[137.806503,35.178283],[137.804984,35.179244],[137.803908,35.180864],[137.803796,35.181917],[137.8032,35.183118],[137.803327,35.183764],[137.803973,35.184681],[137.805977,35.18681],[137.8074,35.187825],[137.809078,35.187859],[137.80973,35.187684],[137.811972,35.186427],[137.813814,35.186281],[137.814739,35.186649],[137.815747,35.18734],[137.816637,35.188396],[137.816786,35.189488],[137.816792,35.191928],[137.816968,35.193005],[137.81766,35.194172],[137.818976,35.195488],[137.820345,35.197305],[137.820943,35.199138],[137.821042,35.20076],[137.821658,35.203189],[137.822852,35.204429],[137.823955,35.204779],[137.824985,35.204779],[137.82686,35.204467],[137.828914,35.204331],[137.830149,35.204514],[137.831114,35.205451],[137.83103,35.206107],[137.830086,35.207197],[137.828576,35.207751],[137.827718,35.208665],[137.827531,35.210754],[137.827856,35.211373],[137.828632,35.211581],[137.831306,35.211156],[137.833127,35.211056],[137.835512,35.211201],[137.836982,35.211611],[137.838116,35.212467],[137.834332,35.21397],[137.833178,35.214195],[137.831529,35.21476],[137.828234,35.215428],[137.826748,35.215949],[137.825262,35.215796],[137.823796,35.215957],[137.821519,35.215649],[137.820343,35.21528],[137.819485,35.214785],[137.817809,35.21458],[137.81577,35.2137],[137.815404,35.212916],[137.814485,35.212506],[137.8129,35.212276],[137.811166,35.211579],[137.809539,35.210119],[137.806776,35.209806],[137.804243,35.208495],[137.803158,35.207745],[137.802391,35.207459],[137.801971,35.206913],[137.800425,35.205651],[137.798223,35.20508],[137.796556,35.205073],[137.795249,35.204066],[137.794202,35.204957],[137.792292,35.205024],[137.791886,35.204699],[137.790379,35.205191],[137.789665,35.204645],[137.788372,35.204416],[137.787599,35.205115],[137.785777,35.205688],[137.783492,35.205976],[137.782795,35.204818],[137.781697,35.20424],[137.780729,35.204277],[137.779995,35.2037],[137.779655,35.202976],[137.779095,35.202752],[137.778226,35.20367],[137.777069,35.203392],[137.775076,35.203514],[137.774241,35.203899],[137.773961,35.204839],[137.773452,35.205449],[137.77211,35.205824],[137.771255,35.205647],[137.770465,35.206207],[137.769469,35.206003],[137.76772,35.206895],[137.766093,35.209997],[137.766247,35.210504],[137.768497,35.212832],[137.769246,35.214419],[137.769288,35.215988],[137.767917,35.217487],[137.768021,35.218462],[137.767164,35.218442],[137.766394,35.218778],[137.76555,35.218405],[137.764692,35.218735],[137.763942,35.219902],[137.761911,35.220703],[137.761005,35.220525],[137.76038,35.220765],[137.759462,35.222117],[137.758434,35.222024],[137.75706,35.221438],[137.75614,35.220577],[137.754766,35.220711],[137.753037,35.220185],[137.75207,35.220314],[137.751017,35.220818],[137.750331,35.220638],[137.749537,35.219501],[137.747771,35.219697],[137.747004,35.220485],[137.74585,35.219596],[137.744778,35.218991],[137.743313,35.218872],[137.742483,35.219445],[137.740917,35.220101],[137.740743,35.221064],[137.738069,35.222037],[137.736591,35.221826],[137.735519,35.222697],[137.733567,35.222319],[137.730847,35.222139],[137.729658,35.221772],[137.729421,35.220984],[137.727226,35.221205],[137.726011,35.221621],[137.725587,35.222125],[137.724961,35.222185],[137.723942,35.221636],[137.723039,35.221671],[137.72242,35.2221],[137.721488,35.223337],[137.720844,35.224752],[137.720892,35.22563],[137.722009,35.226149],[137.722012,35.226939],[137.722532,35.227936],[137.722596,35.229011],[137.722155,35.230523],[137.72148,35.230879],[137.720262,35.230371],[137.72002,35.229669],[137.718266,35.229193],[137.716778,35.229899],[137.715583,35.229851],[137.713178,35.228999],[137.711774,35.228874],[137.71085,35.229411],[137.710401,35.230101],[137.708902,35.230794],[137.707771,35.231832],[137.707424,35.232465],[137.706108,35.233138],[137.705761,35.233849],[137.704383,35.233937],[137.70369,35.23375],[137.702586,35.232912],[137.702022,35.232784],[137.69982,35.231614],[137.698798,35.231625],[137.698219,35.232143],[137.69764,35.232156],[137.696945,35.232666],[137.694835,35.23307],[137.694062,35.233709],[137.692952,35.233287],[137.691393,35.233156],[137.690433,35.232723],[137.689229,35.231138],[137.688627,35.230812],[137.687224,35.230726],[137.686024,35.230925],[137.685274,35.231271],[137.685046,35.23185],[137.683825,35.232983],[137.682591,35.233895],[137.68248,35.234786],[137.681261,35.235089],[137.680553,35.233542],[137.679906,35.232996],[137.679418,35.23157],[137.678584,35.230892],[137.677358,35.230836],[137.675402,35.231065],[137.674509,35.230932],[137.673635,35.231169],[137.673305,35.230631],[137.671724,35.228943],[137.669251,35.228148],[137.668654,35.227548],[137.667878,35.227297],[137.665203,35.227417],[137.663667,35.227846],[137.662808,35.227807],[137.661298,35.227173],[137.659277,35.228005],[137.656971,35.228259],[137.65606,35.228019],[137.653915,35.226713],[137.653707,35.225789],[137.653698,35.224191],[137.652377,35.22311],[137.652423,35.222784],[137.653439,35.22121],[137.653523,35.219713],[137.653795,35.21799],[137.65351,35.217549],[137.655011,35.216757],[137.655432,35.216087],[137.656338,35.215832],[137.656988,35.215235],[137.656734,35.212808],[137.657559,35.211662],[137.657709,35.210309],[137.657319,35.208744],[137.656874,35.208016],[137.656824,35.20591],[137.657067,35.205279],[137.656907,35.203715],[137.655997,35.202235],[137.655919,35.201544],[137.655299,35.200325],[137.654941,35.199007],[137.655141,35.198102],[137.657229,35.194135],[137.659744,35.189477],[137.661409,35.188924],[137.662397,35.188279],[137.663412,35.187124],[137.664257,35.185551],[137.66409,35.184337],[137.664993,35.183353],[137.666169,35.182377],[137.665519,35.182149],[137.664958,35.180315],[137.66525,35.179359],[137.663904,35.178624],[137.663504,35.178096],[137.6641,35.177544],[137.664266,35.17671],[137.666993,35.175786],[137.668347,35.17474],[137.66855,35.173809],[137.669094,35.173254],[137.669136,35.172076],[137.668651,35.171086],[137.669615,35.170706],[137.670238,35.169807],[137.670132,35.168317],[137.669651,35.165731],[137.671045,35.165981],[137.67255,35.164932],[137.672829,35.163575],[137.673755,35.16164],[137.675174,35.160601],[137.675832,35.159179],[137.676959,35.158345],[137.677188,35.157744],[137.677025,35.156782],[137.676059,35.154122],[137.676514,35.15259],[137.677383,35.152596],[137.678041,35.151969],[137.677849,35.150811],[137.676952,35.150681],[137.677112,35.148593],[137.676526,35.14768],[137.676562,35.146939],[137.677413,35.14502],[137.676559,35.143489],[137.675834,35.142685],[137.676169,35.141452],[137.6766,35.14072],[137.675895,35.139957],[137.675292,35.139903],[137.673802,35.140327],[137.673359,35.140787],[137.672325,35.140723],[137.670568,35.141543],[137.669332,35.141164],[137.667918,35.141184],[137.666771,35.141494],[137.665662,35.140205],[137.662569,35.140225],[137.659071,35.141173],[137.656682,35.139888],[137.655351,35.139416]]]]}}
]}
