{"type":"FeatureCollection", "features": [
  {"type":"Feature","properties":{"name":"秋田市","code":"05201"},"geometry":{"type":"MultiPolygon","coordinates":[[[[140.05966,39.59779],[140.06473,39.59745],[140.06545,39.59708],[140.06631,39.59714],[140.0681,39.5983],[140.06888,39.59832],[140.07038,39.59728],[140.0723,39.59701],[140.0738,39.59539],[140.07429,39.59508],[140.07565,39.59479],[140.07664,39.59326],[140.07703,39.5922],[140.07603,39.59149],[140.07581,39.59043],[140.07603,39.58943],[140.07715,39.58884],[140.07765,39.58802],[140.07652,39.58664],[140.07558,39.58599],[140.07472,39.58569],[140.07352,39.5848],[140.07612,39.58387],[140.07894,39.58273],[140.08033,39.5837],[140.08222,39.5839],[140.08237,39.58334],[140.08328,39.58241],[140.08336,39.58174],[140.0842,39.58139],[140.085,39.58069],[140.08575,39.58042],[140.08596,39.57974],[140.08667,39.57995],[140.08764,39.58083],[140.08815,39.5821],[140.08907,39.5821],[140.08981,39.58317],[140.09303,39.58236],[140.09631,39.5839],[140.09792,39.58364],[140.09839,39.58382],[140.09889,39.58489],[140.09883,39.58564],[140.09921,39.58599],[140.10031,39.58576],[140.1015,39.5851],[140.10393,39.58528],[140.1049,39.58495],[140.10597,39.58494],[140.10616,39.5846],[140.10735,39.58439],[140.1081,39.58466],[140.10906,39.5844],[140.10865,39.58317],[140.10794,39.58201],[140.10837,39.58083],[140.10963,39.58062],[140.11058,39.58009],[140.11142,39.5787],[140.11236,39.57809],[140.11275,39.57727],[140.11512,39.57712],[140.11571,39.57674],[140.11697,39.57673],[140.11758,39.57635],[140.1189,39.57612],[140.11948,39.57628],[140.12032,39.57591],[140.12204,39.57607],[140.12236,39.57536],[140.12211,39.57439],[140.12028,39.57401],[140.11939,39.5733],[140.12193,39.57255],[140.12117,39.57158],[140.12263,39.57033],[140.1241,39.57029],[140.12545,39.56991],[140.1269,39.56993],[140.12848,39.56951],[140.13093,39.56989],[140.13174,39.56976],[140.13231,39.56924],[140.1348,39.56883],[140.13547,39.56893],[140.13637,39.56954],[140.13717,39.56943],[140.13809,39.56858],[140.13982,39.56863],[140.14159,39.56926],[140.14496,39.56986],[140.14689,39.56976],[140.14793,39.57032],[140.14857,39.57037],[140.1511,39.56921],[140.1512,39.56867],[140.152,39.56817],[140.15356,39.56573],[140.15303,39.56508],[140.15306,39.56382],[140.15399,39.56292],[140.15516,39.5624],[140.15721,39.56187],[140.15854,39.56086],[140.15887,39.56018],[140.16005,39.55947],[140.15949,39.55859],[140.16044,39.55569],[140.16012,39.55437],[140.16094,39.55321],[140.16066,39.55242],[140.16096,39.55178],[140.16265,39.55015],[140.16449,39.54943],[140.16609,39.549],[140.16739,39.54799],[140.1662,39.54672],[140.16514,39.5452],[140.16493,39.54457],[140.16495,39.54256],[140.16421,39.54173],[140.16179,39.54052],[140.15956,39.53993],[140.15613,39.5378],[140.15833,39.53696],[140.15993,39.53608],[140.16085,39.53489],[140.16264,39.53522],[140.16466,39.53521],[140.16564,39.53341],[140.16673,39.53329],[140.16826,39.53265],[140.16968,39.53309],[140.16991,39.53372],[140.17079,39.53403],[140.17121,39.53483],[140.17226,39.53482],[140.17447,39.53564],[140.17738,39.53613],[140.17889,39.53609],[140.17967,39.5364],[140.1802,39.53719],[140.18155,39.5382],[140.18199,39.53889],[140.18325,39.53891],[140.18415,39.53867],[140.18525,39.53896],[140.18586,39.53842],[140.18573,39.53707],[140.18701,39.53666],[140.18768,39.53619],[140.18861,39.53406],[140.1879,39.53247],[140.18708,39.53179],[140.18641,39.53084],[140.18494,39.53033],[140.18481,39.53007],[140.18524,39.52841],[140.18489,39.52754],[140.18484,39.5266],[140.18449,39.52569],[140.18487,39.52447],[140.18468,39.52355],[140.18416,39.52293],[140.18427,39.52183],[140.18403,39.52139],[140.18256,39.52078],[140.18109,39.52097],[140.17948,39.52022],[140.17909,39.51895],[140.17988,39.51737],[140.18054,39.51691],[140.18098,39.51574],[140.18022,39.51488],[140.17915,39.51426],[140.17846,39.5133],[140.17811,39.51244],[140.17975,39.51091],[140.18019,39.51015],[140.18059,39.50868],[140.17966,39.50665],[140.17966,39.50596],[140.18027,39.50428],[140.181,39.50365],[140.18177,39.50347],[140.18316,39.50348],[140.18462,39.50383],[140.18542,39.50371],[140.18618,39.50309],[140.18701,39.50324],[140.1875,39.50266],[140.18872,39.50201],[140.18893,39.5014],[140.19192,39.5006],[140.19423,39.50156],[140.19515,39.50161],[140.19598,39.50098],[140.19654,39.49868],[140.1975,39.49775],[140.19823,39.49744],[140.20005,39.49745],[140.20093,39.49692],[140.20192,39.49664],[140.20394,39.49692],[140.20447,39.49723],[140.20649,39.49702],[140.20702,39.49623],[140.20784,39.49597],[140.20893,39.49654],[140.21142,39.49571],[140.21488,39.49726],[140.21571,39.49798],[140.2167,39.4972],[140.21699,39.49647],[140.21838,39.49492],[140.21922,39.49462],[140.21979,39.49382],[140.21981,39.49232],[140.22143,39.49221],[140.22252,39.49272],[140.22335,39.49245],[140.22441,39.49252],[140.22505,39.49297],[140.22586,39.49307],[140.22661,39.49371],[140.22818,39.49416],[140.22909,39.4935],[140.22946,39.49248],[140.23023,39.49188],[140.23159,39.49192],[140.2326,39.49254],[140.2337,39.49238],[140.23447,39.49262],[140.23567,39.49228],[140.23539,39.49023],[140.23361,39.48909],[140.23282,39.48911],[140.23189,39.48959],[140.22963,39.48911],[140.22896,39.48923],[140.22926,39.48996],[140.22887,39.49056],[140.22775,39.49055],[140.22619,39.49009],[140.22561,39.48897],[140.22409,39.4883],[140.22373,39.48785],[140.22231,39.48733],[140.2228,39.48653],[140.22309,39.48536],[140.2225,39.48329],[140.22078,39.48182],[140.22079,39.4816],[140.22264,39.48095],[140.22391,39.48066],[140.22375,39.48004],[140.22387,39.47875],[140.22336,39.47815],[140.22226,39.47811],[140.22148,39.47704],[140.22153,39.47546],[140.22266,39.47497],[140.22291,39.4743],[140.22235,39.47378],[140.22233,39.47325],[140.22175,39.47244],[140.22277,39.4723],[140.22331,39.47122],[140.22241,39.46953],[140.22252,39.46871],[140.223,39.46754],[140.22374,39.46717],[140.22534,39.4675],[140.22584,39.46838],[140.22698,39.46882],[140.22798,39.4688],[140.22861,39.46988],[140.22854,39.47052],[140.22978,39.47101],[140.23161,39.47201],[140.23235,39.47117],[140.23242,39.47001],[140.23401,39.46914],[140.23577,39.46877],[140.23703,39.46812],[140.23788,39.46745],[140.23891,39.4673],[140.2392,39.46695],[140.23935,39.46569],[140.23864,39.4649],[140.23866,39.46431],[140.2375,39.46317],[140.23643,39.46272],[140.23585,39.46121],[140.23455,39.46048],[140.23442,39.46003],[140.23624,39.45762],[140.23741,39.45706],[140.23912,39.45549],[140.24055,39.45467],[140.24154,39.4546],[140.24256,39.45483],[140.24383,39.45443],[140.24506,39.45543],[140.24634,39.45483],[140.24731,39.45409],[140.24793,39.4543],[140.24983,39.45421],[140.24995,39.45369],[140.2512,39.45218],[140.25209,39.45231],[140.2533,39.4509],[140.25438,39.45064],[140.25519,39.44981],[140.25598,39.4497],[140.25699,39.44904],[140.25762,39.44917],[140.25881,39.44888],[140.25998,39.44931],[140.2601,39.44989],[140.26191,39.45178],[140.26385,39.45155],[140.26437,39.45062],[140.2649,39.45086],[140.26654,39.45215],[140.2674,39.45156],[140.26737,39.45096],[140.26897,39.44957],[140.26996,39.45046],[140.27157,39.45038],[140.27291,39.45053],[140.27316,39.44948],[140.27426,39.44974],[140.27453,39.45051],[140.27587,39.45148],[140.27793,39.45069],[140.2789,39.451],[140.27936,39.45209],[140.2796,39.45383],[140.28115,39.45467],[140.28181,39.45546],[140.28127,39.4558],[140.27942,39.45751],[140.27953,39.45854],[140.28058,39.45897],[140.28126,39.45889],[140.28239,39.45941],[140.28379,39.45884],[140.28353,39.46046],[140.28377,39.46126],[140.28316,39.46214],[140.28264,39.46243],[140.28232,39.46347],[140.28248,39.46454],[140.28205,39.46555],[140.28095,39.4661],[140.28142,39.46765],[140.28101,39.46872],[140.28044,39.46955],[140.27921,39.4697],[140.2781,39.47041],[140.27794,39.47094],[140.27668,39.4719],[140.27696,39.47312],[140.2764,39.47488],[140.27519,39.47502],[140.27441,39.47711],[140.27406,39.47709],[140.27298,39.47826],[140.27203,39.47804],[140.27113,39.47869],[140.27107,39.47958],[140.27132,39.48041],[140.2704,39.48111],[140.27008,39.48182],[140.26783,39.48237],[140.2664,39.48228],[140.26553,39.4838],[140.26609,39.48555],[140.26654,39.48596],[140.26788,39.48647],[140.26901,39.4876],[140.27023,39.48801],[140.27092,39.48857],[140.27167,39.48873],[140.27407,39.48854],[140.27577,39.4895],[140.27533,39.49048],[140.27539,39.49186],[140.27441,39.49229],[140.27286,39.49258],[140.27223,39.49376],[140.27064,39.49448],[140.27071,39.49549],[140.27039,39.49625],[140.26918,39.4966],[140.26947,39.49812],[140.26847,39.49909],[140.26899,39.50073],[140.2696,39.50132],[140.2698,39.50281],[140.27046,39.50371],[140.27029,39.50407],[140.26906,39.50485],[140.26855,39.50601],[140.2681,39.50633],[140.26681,39.50622],[140.26535,39.5073],[140.26503,39.50816],[140.26515,39.50874],[140.26408,39.509],[140.26349,39.5097],[140.26312,39.51208],[140.25971,39.5119],[140.25717,39.512],[140.25558,39.51217],[140.25335,39.51266],[140.25224,39.51326],[140.25155,39.51394],[140.2509,39.51496],[140.2499,39.51703],[140.24886,39.51943],[140.24833,39.52132],[140.24802,39.52296],[140.24746,39.52718],[140.24699,39.52956],[140.24678,39.53339],[140.24682,39.53656],[140.24673,39.53845],[140.24586,39.54051],[140.24447,39.54202],[140.24269,39.5425],[140.24149,39.54389],[140.24015,39.54401],[140.23698,39.54402],[140.23115,39.54376],[140.2282,39.54349],[140.22757,39.54622],[140.22731,39.54793],[140.22941,39.54882],[140.23127,39.54983],[140.23274,39.5509],[140.23498,39.55143],[140.23537,39.55187],[140.23484,39.55299],[140.23331,39.55378],[140.2334,39.55412],[140.2347,39.55494],[140.23498,39.55575],[140.23439,39.55613],[140.23276,39.55658],[140.23278,39.5581],[140.23312,39.55892],[140.23297,39.55999],[140.23535,39.5605],[140.23759,39.56143],[140.23825,39.56226],[140.23944,39.56259],[140.23983,39.56374],[140.24064,39.56419],[140.23996,39.56505],[140.24008,39.56571],[140.23974,39.5666],[140.24134,39.56722],[140.24191,39.56786],[140.24133,39.56865],[140.24139,39.56928],[140.24108,39.57056],[140.24232,39.57147],[140.24281,39.57241],[140.24349,39.57315],[140.24489,39.57367],[140.24631,39.57304],[140.24716,39.57307],[140.24898,39.57356],[140.24951,39.57506],[140.25089,39.5756],[140.25248,39.57553],[140.25375,39.57506],[140.25438,39.57543],[140.25488,39.57683],[140.25618,39.57801],[140.25614,39.57917],[140.25539,39.58042],[140.25497,39.58193],[140.25542,39.5826],[140.25483,39.58337],[140.25583,39.58536],[140.25471,39.58613],[140.25435,39.58699],[140.25476,39.5878],[140.25463,39.58841],[140.25577,39.58894],[140.25623,39.59004],[140.25622,39.59121],[140.25725,39.59195],[140.25739,39.59284],[140.25804,39.59342],[140.25996,39.59355],[140.26068,39.59398],[140.26197,39.59413],[140.26258,39.59458],[140.26279,39.59544],[140.26446,39.59642],[140.26471,39.59738],[140.26628,39.59806],[140.26604,39.59934],[140.26549,39.59991],[140.26689,39.60097],[140.26815,39.60155],[140.26749,39.60322],[140.26698,39.6036],[140.26654,39.60654],[140.26616,39.60729],[140.26662,39.60843],[140.26756,39.60985],[140.26822,39.61035],[140.27037,39.61031],[140.27177,39.61239],[140.27309,39.613],[140.27428,39.61382],[140.27551,39.61503],[140.27693,39.61572],[140.27711,39.61813],[140.27767,39.61919],[140.27747,39.6198],[140.27774,39.62068],[140.27749,39.62195],[140.27635,39.62284],[140.27605,39.62414],[140.27751,39.62451],[140.27867,39.62434],[140.28009,39.62367],[140.28079,39.6231],[140.28153,39.62322],[140.28218,39.62412],[140.28418,39.62515],[140.28315,39.62603],[140.28282,39.62659],[140.28342,39.62838],[140.28343,39.62903],[140.28409,39.62967],[140.28409,39.63042],[140.28504,39.63108],[140.28521,39.63332],[140.28549,39.63436],[140.28517,39.63493],[140.28561,39.6358],[140.2857,39.63714],[140.28477,39.63829],[140.28502,39.63941],[140.28437,39.64054],[140.28174,39.6404],[140.28001,39.64124],[140.27969,39.64178],[140.27842,39.6416],[140.278,39.64114],[140.27829,39.64011],[140.27741,39.6386],[140.27655,39.63847],[140.27519,39.63908],[140.27443,39.63814],[140.27298,39.63853],[140.27133,39.63829],[140.27153,39.63976],[140.27131,39.6403],[140.27043,39.64115],[140.26905,39.64193],[140.26833,39.64332],[140.26737,39.64363],[140.26726,39.64443],[140.26906,39.6449],[140.27001,39.64618],[140.26991,39.64676],[140.2692,39.64784],[140.26857,39.64933],[140.26789,39.65001],[140.26636,39.65074],[140.26525,39.65165],[140.26588,39.65236],[140.26703,39.65163],[140.26987,39.65153],[140.2709,39.65271],[140.27083,39.65351],[140.27295,39.65378],[140.27399,39.65406],[140.2768,39.65421],[140.27805,39.65347],[140.27911,39.65357],[140.28064,39.65313],[140.28153,39.65391],[140.28265,39.6538],[140.28358,39.65416],[140.28535,39.65419],[140.28606,39.65401],[140.28858,39.65466],[140.289,39.65493],[140.29008,39.65477],[140.2922,39.65544],[140.29283,39.65496],[140.29412,39.65296],[140.29379,39.65248],[140.29439,39.65145],[140.295,39.64995],[140.29488,39.64911],[140.29529,39.64881],[140.29719,39.64844],[140.29899,39.6478],[140.29995,39.64784],[140.30051,39.64739],[140.30133,39.64745],[140.30211,39.64866],[140.30363,39.64856],[140.30518,39.648],[140.30713,39.64801],[140.30905,39.6476],[140.30965,39.64909],[140.31044,39.64973],[140.31065,39.6511],[140.31053,39.65259],[140.31004,39.65313],[140.30995,39.65429],[140.31033,39.65563],[140.30932,39.65684],[140.30789,39.65885],[140.30779,39.65957],[140.30873,39.66047],[140.30787,39.66203],[140.30749,39.66323],[140.30788,39.66463],[140.30837,39.66484],[140.30881,39.6662],[140.30661,39.66741],[140.30668,39.66824],[140.30727,39.66862],[140.30778,39.66988],[140.3082,39.67015],[140.30929,39.66997],[140.30995,39.67019],[140.31091,39.67128],[140.31119,39.67287],[140.31237,39.6733],[140.31278,39.67294],[140.31456,39.67267],[140.31495,39.67363],[140.31641,39.6737],[140.31725,39.67481],[140.31811,39.67459],[140.31942,39.67468],[140.31953,39.67602],[140.3206,39.67687],[140.32154,39.67607],[140.3223,39.67634],[140.32315,39.67752],[140.32342,39.67842],[140.32553,39.6806],[140.32639,39.67936],[140.32738,39.68009],[140.32977,39.68037],[140.32986,39.67959],[140.331,39.67968],[140.33197,39.67923],[140.33264,39.67937],[140.33457,39.68033],[140.33494,39.67977],[140.33574,39.67935],[140.33761,39.67763],[140.33826,39.67645],[140.33932,39.67638],[140.34001,39.67566],[140.34179,39.67503],[140.3428,39.67576],[140.34347,39.67674],[140.34316,39.67763],[140.34318,39.67862],[140.34272,39.67962],[140.34299,39.68033],[140.34225,39.68139],[140.34242,39.68253],[140.34215,39.68365],[140.34309,39.68441],[140.34335,39.68588],[140.34491,39.68599],[140.34606,39.68671],[140.34614,39.68742],[140.34712,39.68829],[140.34707,39.68962],[140.34767,39.69066],[140.34771,39.69129],[140.35066,39.69144],[140.35119,39.69202],[140.35174,39.69189],[140.35273,39.69079],[140.35341,39.69091],[140.35478,39.69214],[140.35587,39.69239],[140.35717,39.69218],[140.35757,39.69345],[140.35897,39.69457],[140.36077,39.69467],[140.36148,39.69536],[140.36301,39.69539],[140.36401,39.69515],[140.36603,39.69424],[140.36775,39.69361],[140.3705,39.69374],[140.37235,39.69291],[140.37322,39.69314],[140.3754,39.69465],[140.37921,39.69588],[140.38164,39.69632],[140.38294,39.69628],[140.3835,39.69722],[140.38475,39.69812],[140.38544,39.69917],[140.38757,39.69918],[140.38955,39.7007],[140.39114,39.70013],[140.39242,39.69992],[140.39361,39.70103],[140.39497,39.70122],[140.39542,39.70218],[140.39533,39.70441],[140.39622,39.70594],[140.39765,39.70545],[140.39861,39.70573],[140.39923,39.70636],[140.40061,39.70609],[140.40124,39.70559],[140.40232,39.70516],[140.40348,39.70579],[140.40458,39.70585],[140.40699,39.70686],[140.40817,39.70782],[140.4089,39.70966],[140.40957,39.71036],[140.41146,39.71161],[140.41263,39.71195],[140.41417,39.71451],[140.41484,39.71472],[140.41646,39.71431],[140.41805,39.71444],[140.41928,39.71506],[140.42052,39.715],[140.42133,39.71442],[140.42255,39.71435],[140.42301,39.71376],[140.42378,39.71351],[140.42538,39.71345],[140.42695,39.71255],[140.42721,39.71154],[140.42849,39.71126],[140.42908,39.71091],[140.4309,39.71047],[140.4318,39.70961],[140.4316,39.70894],[140.43236,39.70834],[140.43229,39.70748],[140.43431,39.70693],[140.43497,39.70689],[140.43673,39.70616],[140.43806,39.70646],[140.44,39.70558],[140.44237,39.70565],[140.44376,39.70534],[140.4447,39.7045],[140.44712,39.70514],[140.44809,39.7058],[140.4493,39.70633],[140.45014,39.70714],[140.4514,39.70788],[140.45218,39.70807],[140.45398,39.708],[140.45479,39.70822],[140.45545,39.70893],[140.4574,39.70936],[140.45829,39.71013],[140.46091,39.71137],[140.46305,39.71098],[140.46396,39.71158],[140.4653,39.71199],[140.46583,39.71256],[140.47003,39.71426],[140.47109,39.71485],[140.47242,39.7149],[140.47323,39.71516],[140.47435,39.71624],[140.47478,39.7169],[140.47575,39.71648],[140.47672,39.71554],[140.48057,39.71706],[140.4813,39.71695],[140.48326,39.71754],[140.48623,39.71923],[140.48659,39.72026],[140.48771,39.72111],[140.48939,39.7215],[140.49133,39.72262],[140.49183,39.72349],[140.49228,39.72358],[140.49524,39.72355],[140.49649,39.72373],[140.49753,39.72446],[140.49924,39.72461],[140.50055,39.72518],[140.50101,39.72568],[140.5032,39.72622],[140.50338,39.72671],[140.50418,39.72736],[140.5043,39.728],[140.50525,39.72891],[140.5071,39.72938],[140.50697,39.73026],[140.508,39.7311],[140.50809,39.73186],[140.50879,39.7325],[140.50913,39.73376],[140.50894,39.73447],[140.5101,39.73604],[140.50983,39.73675],[140.50873,39.73796],[140.5087,39.74043],[140.50957,39.74151],[140.51013,39.74179],[140.51093,39.74375],[140.51136,39.74434],[140.51266,39.74528],[140.51391,39.74591],[140.51561,39.74779],[140.51513,39.74942],[140.51517,39.74993],[140.5134,39.75067],[140.5128,39.75148],[140.51254,39.75344],[140.51203,39.75396],[140.51018,39.75467],[140.50946,39.75596],[140.50906,39.75737],[140.50867,39.75785],[140.50793,39.75956],[140.50721,39.7622],[140.50762,39.76416],[140.50676,39.76639],[140.50665,39.7674],[140.50628,39.76791],[140.5063,39.76897],[140.50489,39.76965],[140.50429,39.77035],[140.50403,39.77153],[140.50373,39.77174],[140.50193,39.77203],[140.50102,39.77235],[140.49956,39.77321],[140.49772,39.7739],[140.49689,39.77506],[140.49675,39.77642],[140.49542,39.77653],[140.49428,39.77741],[140.49322,39.77758],[140.49215,39.77883],[140.49007,39.78074],[140.49048,39.78177],[140.48981,39.78286],[140.48761,39.78508],[140.48722,39.78595],[140.48735,39.78682],[140.48685,39.78827],[140.48621,39.78861],[140.48576,39.78939],[140.48444,39.78992],[140.4841,39.79108],[140.48427,39.79188],[140.48416,39.79325],[140.48351,39.79441],[140.48196,39.7949],[140.48068,39.7955],[140.48037,39.79653],[140.47943,39.79606],[140.47791,39.79567],[140.47665,39.79597],[140.47535,39.79565],[140.47446,39.79636],[140.47468,39.79718],[140.47458,39.79827],[140.47414,39.79885],[140.47314,39.79928],[140.47254,39.80046],[140.47155,39.80101],[140.47186,39.8021],[140.47118,39.80386],[140.47098,39.80536],[140.46918,39.80688],[140.46851,39.8077],[140.46748,39.80791],[140.4675,39.80888],[140.46724,39.8103],[140.46626,39.81098],[140.4653,39.81235],[140.46425,39.81286],[140.46225,39.81438],[140.46079,39.81518],[140.46051,39.81642],[140.45987,39.8176],[140.45894,39.81999],[140.45891,39.82074],[140.45987,39.82246],[140.45948,39.82356],[140.45796,39.82395],[140.4562,39.82342],[140.45519,39.82378],[140.45312,39.82419],[140.45236,39.82447],[140.45134,39.82402],[140.44918,39.82378],[140.44845,39.82302],[140.44638,39.82281],[140.4446,39.82214],[140.44305,39.82229],[140.44201,39.82202],[140.43975,39.82199],[140.43454,39.82073],[140.43368,39.82002],[140.43176,39.81973],[140.43123,39.82027],[140.43193,39.82188],[140.43098,39.82264],[140.43079,39.82409],[140.43002,39.82458],[140.42887,39.8246],[140.42745,39.82521],[140.42652,39.82503],[140.42443,39.82502],[140.42134,39.82592],[140.42041,39.82654],[140.41898,39.82681],[140.41828,39.82719],[140.41663,39.8287],[140.41498,39.82838],[140.41119,39.82818],[140.41043,39.82792],[140.40889,39.82842],[140.40579,39.82874],[140.40399,39.82912],[140.40258,39.83046],[140.40153,39.83243],[140.40176,39.83376],[140.40078,39.83485],[140.39978,39.83446],[140.39892,39.83454],[140.39694,39.83392],[140.39395,39.83334],[140.39325,39.83409],[140.39069,39.83504],[140.3884,39.83461],[140.3861,39.83504],[140.38494,39.83465],[140.38401,39.83459],[140.38214,39.83482],[140.38001,39.83396],[140.37863,39.83397],[140.37768,39.83472],[140.37695,39.83486],[140.37546,39.83568],[140.3734,39.83603],[140.37221,39.83582],[140.37082,39.83419],[140.37067,39.83333],[140.36953,39.83262],[140.36688,39.83168],[140.36439,39.82901],[140.36358,39.82789],[140.36194,39.82726],[140.35993,39.82734],[140.35744,39.82689],[140.35568,39.82622],[140.35523,39.82544],[140.35466,39.82516],[140.3534,39.82404],[140.35217,39.8222],[140.35177,39.82135],[140.35018,39.82048],[140.34778,39.819],[140.34714,39.8176],[140.3467,39.81714],[140.34678,39.81589],[140.34779,39.8151],[140.34799,39.81416],[140.34866,39.81353],[140.34841,39.81281],[140.34914,39.81148],[140.34783,39.80981],[140.34665,39.80911],[140.34523,39.80856],[140.34453,39.80787],[140.34331,39.80703],[140.34292,39.80653],[140.34105,39.8056],[140.3404,39.80458],[140.33862,39.80406],[140.33625,39.80415],[140.33418,39.80319],[140.33315,39.8022],[140.33067,39.80101],[140.32821,39.8003],[140.32645,39.80024],[140.32539,39.79988],[140.32298,39.79817],[140.32165,39.79741],[140.32127,39.79682],[140.32056,39.79648],[140.31857,39.79615],[140.31639,39.79621],[140.31483,39.79685],[140.31263,39.79718],[140.31093,39.79718],[140.31072,39.79822],[140.31209,39.80057],[140.31256,39.80101],[140.31288,39.8027],[140.31367,39.80364],[140.3144,39.80645],[140.31439,39.80752],[140.31368,39.80819],[140.3132,39.80921],[140.31299,39.81073],[140.31339,39.81186],[140.31358,39.81317],[140.31188,39.814],[140.31126,39.81537],[140.3098,39.81626],[140.30864,39.81674],[140.30846,39.81756],[140.30886,39.81855],[140.31068,39.82031],[140.31024,39.8215],[140.309,39.82285],[140.30875,39.82339],[140.3092,39.82458],[140.30974,39.82509],[140.30962,39.82563],[140.30882,39.82654],[140.30772,39.82715],[140.30759,39.82848],[140.30673,39.82994],[140.30599,39.83037],[140.30327,39.83128],[140.30122,39.8316],[140.30001,39.83254],[140.29843,39.83304],[140.29646,39.83295],[140.29495,39.83222],[140.29246,39.8305],[140.29135,39.83089],[140.29032,39.83102],[140.28817,39.83077],[140.2875,39.83119],[140.2873,39.83218],[140.2861,39.83324],[140.28564,39.83327],[140.28312,39.83421],[140.28178,39.83497],[140.28079,39.83418],[140.2795,39.83273],[140.27829,39.83222],[140.27736,39.8299],[140.27663,39.82971],[140.27459,39.82882],[140.27432,39.82792],[140.27377,39.82738],[140.27191,39.82736],[140.27015,39.82704],[140.26602,39.82776],[140.26507,39.82848],[140.26512,39.82922],[140.26377,39.82971],[140.2618,39.82915],[140.26053,39.83014],[140.25889,39.83001],[140.25659,39.82898],[140.25542,39.82919],[140.25414,39.82812],[140.2517,39.8275],[140.25072,39.82757],[140.24925,39.82889],[140.24569,39.82935],[140.24578,39.83101],[140.24402,39.83132],[140.24295,39.83193],[140.243,39.83257],[140.24239,39.83297],[140.242,39.83413],[140.24134,39.83437],[140.24103,39.835],[140.24132,39.83584],[140.24081,39.83642],[140.23982,39.83667],[140.23927,39.83717],[140.23931,39.83898],[140.23755,39.83923],[140.23678,39.84025],[140.23544,39.84048],[140.23379,39.84156],[140.23329,39.84275],[140.23224,39.84364],[140.23253,39.84473],[140.23201,39.84498],[140.23129,39.84589],[140.23143,39.84654],[140.23023,39.8478],[140.22849,39.84918],[140.22708,39.8517],[140.22715,39.85245],[140.22664,39.85275],[140.22659,39.85355],[140.22543,39.8539],[140.22494,39.85438],[140.2236,39.85489],[140.22266,39.85501],[140.22229,39.85633],[140.22282,39.8577],[140.22223,39.85874],[140.22272,39.86097],[140.22192,39.86147],[140.22043,39.8617],[140.21979,39.86251],[140.2176,39.86297],[140.21591,39.86314],[140.21481,39.86277],[140.21326,39.86284],[140.21237,39.86414],[140.20938,39.86367],[140.20913,39.86452],[140.20805,39.86503],[140.20672,39.8649],[140.20494,39.86438],[140.20386,39.86384],[140.20164,39.86358],[140.20045,39.86394],[140.19996,39.86358],[140.19859,39.86192],[140.19778,39.85979],[140.1982,39.85913],[140.19893,39.85714],[140.19904,39.85558],[140.198,39.85393],[140.19707,39.85368],[140.19487,39.85257],[140.19405,39.85232],[140.19314,39.85161],[140.19368,39.85066],[140.19295,39.84894],[140.19323,39.84826],[140.1926,39.8475],[140.19075,39.84766],[140.18891,39.84804],[140.18743,39.84805],[140.18629,39.8483],[140.18463,39.84777],[140.18308,39.84773],[140.18075,39.84661],[140.1799,39.84642],[140.17908,39.84657],[140.1772,39.84632],[140.1767,39.84559],[140.17519,39.84475],[140.17392,39.845],[140.1724,39.84502],[140.17166,39.84478],[140.17044,39.84494],[140.16954,39.84435],[140.16841,39.84404],[140.16712,39.84423],[140.16665,39.84469],[140.16624,39.84644],[140.16521,39.84736],[140.16404,39.84744],[140.16321,39.84692],[140.16089,39.84683],[140.16051,39.84804],[140.15894,39.84904],[140.15818,39.84893],[140.15747,39.84927],[140.15653,39.84927],[140.15525,39.84958],[140.15438,39.84878],[140.154,39.84761],[140.15246,39.84639],[140.15131,39.84612],[140.15022,39.84621],[140.14888,39.84565],[140.14895,39.84516],[140.14716,39.84469],[140.14663,39.84577],[140.14571,39.84587],[140.14442,39.84487],[140.14373,39.84523],[140.14306,39.84604],[140.1417,39.84649],[140.14055,39.84653],[140.1393,39.84536],[140.13898,39.84482],[140.13462,39.84557],[140.1329,39.8449],[140.1305,39.84608],[140.12944,39.84618],[140.12787,39.84704],[140.1269,39.84806],[140.12598,39.84833],[140.12567,39.84875],[140.12456,39.84908],[140.12418,39.84957],[140.12431,39.85018],[140.124,39.85159],[140.12269,39.85217],[140.12027,39.85168],[140.11954,39.8506],[140.11753,39.8507],[140.1166,39.84942],[140.11575,39.84915],[140.11436,39.84834],[140.11457,39.84732],[140.11378,39.84597],[140.11252,39.84537],[140.11208,39.84552],[140.11133,39.8448],[140.11131,39.8441],[140.10979,39.84381],[140.10933,39.84406],[140.10778,39.8439],[140.10797,39.84225],[140.1074,39.84142],[140.10611,39.84199],[140.10507,39.84141],[140.10464,39.84172],[140.10346,39.84186],[140.10264,39.84139],[140.10168,39.8418],[140.1001,39.84099],[140.09873,39.84113],[140.09826,39.83999],[140.09755,39.83971],[140.09782,39.83922],[140.0963,39.8378],[140.09621,39.83657],[140.09639,39.8359],[140.0951,39.83518],[140.09352,39.83529],[140.09238,39.83698],[140.09118,39.83757],[140.09091,39.83876],[140.09029,39.83926],[140.09003,39.84016],[140.09075,39.84084],[140.09092,39.84169],[140.09064,39.84257],[140.08959,39.84347],[140.08962,39.84411],[140.08821,39.844],[140.088,39.84476],[140.08705,39.84496],[140.08612,39.84547],[140.08501,39.84518],[140.08344,39.84521],[140.08258,39.84405],[140.08137,39.84373],[140.08088,39.8446],[140.08084,39.84646],[140.08034,39.84696],[140.08004,39.84787],[140.07834,39.8472],[140.07715,39.8479],[140.07697,39.84877],[140.07749,39.84981],[140.07605,39.85049],[140.07699,39.85263],[140.07793,39.85236],[140.07765,39.85386],[140.07687,39.85496],[140.07514,39.85543],[140.07369,39.856],[140.07316,39.85708],[140.07249,39.85751],[140.07091,39.85771],[140.07026,39.85835],[140.06928,39.85815],[140.06869,39.85841],[140.0679,39.85947],[140.06617,39.85954],[140.06609,39.85908],[140.06451,39.85889],[140.06478,39.85798],[140.0658,39.85713],[140.06634,39.85574],[140.06646,39.8534],[140.06601,39.85147],[140.06617,39.85041],[140.06498,39.85002],[140.06332,39.84922],[140.0619,39.84876],[140.0598,39.84711],[140.05946,39.8473],[140.05628,39.85158],[140.05511,39.85141],[140.0538,39.85039],[140.05289,39.84995],[140.04921,39.84914],[140.04855,39.84785],[140.0494,39.84746],[140.0498,39.84681],[140.04935,39.84644],[140.04931,39.84566],[140.04873,39.84459],[140.04968,39.84332],[140.0502,39.84199],[140.0496,39.84139],[140.05069,39.83945],[140.05109,39.83786],[140.05172,39.83792],[140.05263,39.83498],[140.05418,39.83104],[140.05493,39.82876],[140.05484,39.82706],[140.05536,39.82491],[140.05547,39.82353],[140.05521,39.82205],[140.05509,39.82003],[140.05538,39.81914],[140.05481,39.81905],[140.05554,39.81683],[140.05526,39.81566],[140.05556,39.81262],[140.05569,39.80914],[140.05583,39.80782],[140.05569,39.80704],[140.05203,39.80656],[140.04864,39.80583],[140.04334,39.80542],[140.03404,39.80449],[140.03518,39.80162],[140.03558,39.80117],[140.03626,39.79875],[140.03732,39.79634],[140.03713,39.79495],[140.03764,39.79441],[140.03777,39.7927],[140.03744,39.79207],[140.03644,39.79103],[140.03763,39.79106],[140.03845,39.7886],[140.03807,39.78796],[140.03626,39.7876],[140.03588,39.78874],[140.03371,39.78831],[140.03455,39.78549],[140.04061,39.7867],[140.04166,39.78513],[140.04234,39.78285],[140.04214,39.78178],[140.04174,39.7814],[140.03924,39.78091],[140.03883,39.78212],[140.03339,39.78103],[140.03611,39.77288],[140.03663,39.77142],[140.03967,39.77196],[140.04082,39.76843],[140.03721,39.76768],[140.03821,39.7648],[140.0418,39.76399],[140.04365,39.76254],[140.04457,39.76306],[140.04608,39.7635],[140.04512,39.76641],[140.04491,39.76648],[140.04284,39.77284],[140.04932,39.7741],[140.04941,39.77349],[140.05028,39.77063],[140.04932,39.76996],[140.04818,39.76797],[140.04867,39.76651],[140.04906,39.76627],[140.05074,39.76124],[140.04932,39.75924],[140.04744,39.75711],[140.0398,39.75883],[140.03972,39.75876],[140.04713,39.75713],[140.04745,39.75616],[140.04836,39.75512],[140.04828,39.75363],[140.04883,39.75275],[140.049,39.75195],[140.04867,39.74986],[140.04628,39.7495],[140.04853,39.74067],[140.0517,39.74115],[140.05219,39.74107],[140.0531,39.73969],[140.05404,39.73887],[140.05436,39.73766],[140.0554,39.73493],[140.05562,39.73394],[140.05515,39.7323],[140.05548,39.73156],[140.05693,39.73068],[140.05776,39.7296],[140.05821,39.72781],[140.0585,39.72565],[140.05879,39.72168],[140.05925,39.72066],[140.0594,39.71832],[140.05928,39.71586],[140.05945,39.71399],[140.05987,39.71209],[140.05965,39.71028],[140.05968,39.70748],[140.05993,39.70632],[140.05981,39.7047],[140.05998,39.70029],[140.0598,39.69834],[140.06022,39.6952],[140.06012,39.6935],[140.0597,39.69251],[140.06053,39.69233],[140.06053,39.69056],[140.05986,39.6901],[140.06022,39.68922],[140.06062,39.68744],[140.06103,39.68638],[140.06128,39.68497],[140.06156,39.68074],[140.06139,39.67954],[140.06193,39.67569],[140.06195,39.67381],[140.06214,39.67226],[140.0623,39.66765],[140.06256,39.66592],[140.06268,39.66214],[140.06279,39.66115],[140.06273,39.65811],[140.06282,39.65539],[140.06298,39.65442],[140.06295,39.65174],[140.0627,39.64801],[140.06274,39.6445],[140.06258,39.64326],[140.0627,39.64216],[140.06248,39.64113],[140.06248,39.63743],[140.0627,39.63541],[140.06244,39.63456],[140.06242,39.63219],[140.06224,39.63116],[140.06193,39.62779],[140.06213,39.6257],[140.06183,39.62444],[140.06162,39.62132],[140.06129,39.61981],[140.06151,39.61765],[140.0613,39.61689],[140.06146,39.61609],[140.06136,39.61422],[140.06096,39.61288],[140.06088,39.6117],[140.06107,39.61072],[140.06084,39.60898],[140.06051,39.60782],[140.06037,39.60526],[140.0602,39.60479],[140.05975,39.60055],[140.05966,39.59779]]],[[[140.01441,39.77292],[140.01513,39.7722],[140.03271,39.76032],[140.03837,39.75906],[140.03842,39.75914],[140.03284,39.76043],[140.02402,39.7664],[140.01529,39.77235],[140.01173,39.77584],[140.0115,39.77569],[140.01441,39.77292]]]]}},
  {"type":"Feature","properties":{"name":"能代市","code":"05202"},"geometry":{"type":"MultiPolygon","coordinates":[[[[139.97258,40.12514],[139.97759,40.12356],[139.98145,40.12378],[139.98471,40.12361],[139.98892,40.1232],[139.99252,40.12297],[139.99437,40.12306],[139.9994,40.12269],[140.00669,40.12224],[140.00712,40.1253],[140.00845,40.12652],[140.00942,40.12578],[140.01242,40.12426],[140.01334,40.12453],[140.01306,40.12509],[140.0139,40.12566],[140.0146,40.12528],[140.01649,40.12567],[140.01896,40.12579],[140.02204,40.12497],[140.02634,40.12494],[140.02572,40.12804],[140.02372,40.128],[140.02372,40.12886],[140.02591,40.12888],[140.02602,40.13125],[140.02673,40.13131],[140.02691,40.13249],[140.02634,40.13265],[140.02721,40.13399],[140.02824,40.13514],[140.03023,40.13562],[140.03136,40.13626],[140.03162,40.13681],[140.03125,40.13935],[140.03149,40.14036],[140.03521,40.14212],[140.03574,40.14346],[140.03727,40.14507],[140.03785,40.1454],[140.03799,40.14606],[140.03894,40.14754],[140.03917,40.14855],[140.03896,40.15005],[140.03939,40.1516],[140.04023,40.15254],[140.04086,40.15277],[140.04137,40.15348],[140.04306,40.15251],[140.04392,40.15258],[140.04436,40.15178],[140.04649,40.15122],[140.04809,40.15013],[140.04805,40.14955],[140.05295,40.14959],[140.05445,40.15023],[140.05585,40.15168],[140.05702,40.1526],[140.06194,40.15405],[140.06284,40.15497],[140.06388,40.15549],[140.06572,40.15589],[140.06622,40.1565],[140.06743,40.15665],[140.06845,40.15727],[140.07187,40.15556],[140.07315,40.1552],[140.07373,40.15473],[140.07388,40.15395],[140.07481,40.15413],[140.07575,40.15369],[140.07775,40.15232],[140.07882,40.1518],[140.07925,40.15133],[140.08281,40.14974],[140.08243,40.14899],[140.0864,40.14837],[140.08778,40.14888],[140.09028,40.14934],[140.09061,40.14961],[140.09165,40.1495],[140.09312,40.14968],[140.09337,40.1485],[140.09488,40.14767],[140.09569,40.14861],[140.09742,40.1484],[140.09748,40.14764],[140.09881,40.14698],[140.09791,40.14603],[140.09935,40.14525],[140.10068,40.1465],[140.10099,40.14526],[140.10052,40.14474],[140.1017,40.14373],[140.10228,40.14473],[140.10329,40.14466],[140.1049,40.14418],[140.10621,40.14322],[140.10728,40.14285],[140.10871,40.14267],[140.10858,40.14091],[140.10915,40.14078],[140.10995,40.13912],[140.10986,40.13811],[140.11109,40.13742],[140.11163,40.13654],[140.11155,40.13592],[140.11283,40.13563],[140.11472,40.1338],[140.11601,40.13274],[140.1172,40.13221],[140.11783,40.13143],[140.11888,40.13137],[140.12008,40.12982],[140.12133,40.12899],[140.12317,40.12914],[140.12371,40.12847],[140.1251,40.12877],[140.12621,40.12852],[140.12649,40.12989],[140.12847,40.13059],[140.13028,40.13061],[140.13139,40.13092],[140.13203,40.13154],[140.13365,40.13199],[140.13502,40.13126],[140.13566,40.13039],[140.13681,40.12992],[140.13867,40.12944],[140.13983,40.12979],[140.14095,40.12982],[140.14323,40.1294],[140.1446,40.12795],[140.14562,40.12773],[140.14803,40.12811],[140.14861,40.12861],[140.15044,40.12833],[140.15133,40.1291],[140.15346,40.12873],[140.15518,40.12786],[140.15709,40.12809],[140.15819,40.1288],[140.15973,40.1287],[140.1602,40.12927],[140.16115,40.12968],[140.16172,40.13156],[140.16328,40.13156],[140.1652,40.13174],[140.1661,40.13201],[140.16929,40.13176],[140.17039,40.13135],[140.17468,40.13018],[140.17566,40.13069],[140.17553,40.13144],[140.17813,40.13199],[140.17937,40.1319],[140.17979,40.13152],[140.18003,40.13021],[140.18129,40.13052],[140.18245,40.1305],[140.18355,40.13009],[140.18474,40.12995],[140.18821,40.12888],[140.18852,40.12807],[140.18806,40.12516],[140.1846,40.123],[140.18376,40.12272],[140.1843,40.12161],[140.18424,40.12057],[140.18464,40.11996],[140.18472,40.11823],[140.18349,40.11762],[140.18305,40.11701],[140.1831,40.11616],[140.18225,40.11593],[140.18113,40.11616],[140.18047,40.11552],[140.17949,40.11408],[140.17861,40.11358],[140.17716,40.11209],[140.17727,40.11152],[140.17697,40.11034],[140.17733,40.10946],[140.17735,40.10831],[140.17608,40.10782],[140.17487,40.10692],[140.17703,40.10546],[140.17678,40.1051],[140.17539,40.10451],[140.1746,40.10374],[140.17521,40.10246],[140.17468,40.10112],[140.17395,40.10047],[140.17449,40.09926],[140.17469,40.09785],[140.17651,40.09829],[140.17807,40.09735],[140.17847,40.09618],[140.17899,40.09592],[140.17977,40.09449],[140.18079,40.09396],[140.18173,40.09378],[140.18234,40.09301],[140.18153,40.09204],[140.18169,40.09078],[140.18234,40.09002],[140.18327,40.09015],[140.18379,40.08985],[140.18372,40.08907],[140.18438,40.08862],[140.18458,40.08683],[140.18488,40.08607],[140.18433,40.08566],[140.18329,40.08435],[140.1842,40.08322],[140.18436,40.08251],[140.186,40.0824],[140.18737,40.08207],[140.18824,40.08225],[140.18898,40.08141],[140.18947,40.08047],[140.19256,40.08093],[140.19312,40.08056],[140.19316,40.07805],[140.19261,40.07625],[140.19266,40.07475],[140.19194,40.07451],[140.19191,40.07369],[140.19147,40.07307],[140.19146,40.07226],[140.19062,40.07104],[140.19074,40.07065],[140.19043,40.06931],[140.19005,40.06912],[140.19008,40.0676],[140.19206,40.06796],[140.19295,40.06834],[140.19602,40.06872],[140.19777,40.06857],[140.19978,40.06777],[140.2006,40.06791],[140.20139,40.06866],[140.20278,40.06884],[140.2066,40.07059],[140.20819,40.07002],[140.20945,40.07008],[140.21106,40.06988],[140.21277,40.06947],[140.21354,40.06962],[140.21489,40.06923],[140.21498,40.06807],[140.2148,40.06645],[140.2153,40.06569],[140.21533,40.06504],[140.21617,40.06332],[140.2162,40.06068],[140.21747,40.05958],[140.21794,40.05893],[140.21947,40.05777],[140.22086,40.05637],[140.22256,40.05598],[140.22335,40.05523],[140.22409,40.05491],[140.22478,40.05401],[140.22538,40.05276],[140.22718,40.05196],[140.22852,40.05066],[140.23034,40.04937],[140.23275,40.0495],[140.23375,40.04913],[140.23421,40.04856],[140.23507,40.04836],[140.23667,40.0475],[140.23809,40.04852],[140.23899,40.04857],[140.24002,40.04919],[140.24084,40.05024],[140.24241,40.05174],[140.24224,40.05287],[140.24101,40.05371],[140.24061,40.05436],[140.23962,40.05482],[140.23939,40.05533],[140.24008,40.05665],[140.24125,40.05701],[140.24201,40.05779],[140.24106,40.05829],[140.24038,40.06046],[140.24225,40.06231],[140.2436,40.06211],[140.24402,40.06274],[140.24562,40.06346],[140.24656,40.0631],[140.24741,40.06331],[140.24823,40.06298],[140.24893,40.06352],[140.2502,40.06345],[140.25002,40.0648],[140.24902,40.06559],[140.24996,40.06603],[140.24991,40.06705],[140.25026,40.06793],[140.25005,40.0688],[140.25227,40.06884],[140.25246,40.06938],[140.25382,40.07016],[140.25423,40.07135],[140.25347,40.0713],[140.25116,40.0726],[140.2512,40.07389],[140.25203,40.0748],[140.25196,40.07574],[140.25242,40.0768],[140.25219,40.07824],[140.25163,40.07899],[140.25305,40.08015],[140.2544,40.0805],[140.25479,40.08154],[140.25363,40.08275],[140.25449,40.08411],[140.2556,40.08481],[140.25548,40.08568],[140.25456,40.08617],[140.25135,40.08641],[140.25002,40.08667],[140.24872,40.08867],[140.24779,40.0885],[140.24685,40.08869],[140.24683,40.08966],[140.24756,40.09041],[140.24727,40.09091],[140.24777,40.09282],[140.24938,40.09284],[140.24947,40.09436],[140.24979,40.09457],[140.25096,40.09428],[140.25203,40.0951],[140.25211,40.09632],[140.25297,40.09705],[140.25223,40.09801],[140.25012,40.09921],[140.24969,40.10026],[140.24883,40.10115],[140.24854,40.10238],[140.24742,40.1034],[140.24713,40.10408],[140.24726,40.10587],[140.24621,40.10666],[140.24505,40.10799],[140.24428,40.10977],[140.24322,40.11067],[140.24293,40.11187],[140.24383,40.1136],[140.24555,40.11454],[140.2455,40.11526],[140.24599,40.1162],[140.24737,40.11702],[140.24769,40.11741],[140.24775,40.11899],[140.24696,40.11944],[140.24692,40.12003],[140.2477,40.1205],[140.248,40.12124],[140.24796,40.12227],[140.24726,40.1238],[140.24739,40.12559],[140.24704,40.12631],[140.24795,40.12727],[140.24841,40.12844],[140.24909,40.12922],[140.24993,40.12947],[140.25029,40.13069],[140.25027,40.13156],[140.24935,40.13178],[140.24925,40.13238],[140.24827,40.13441],[140.24796,40.13472],[140.24824,40.13654],[140.24811,40.13772],[140.24903,40.13912],[140.24942,40.14012],[140.24979,40.14253],[140.25246,40.14296],[140.25342,40.14522],[140.25432,40.14639],[140.25435,40.14752],[140.2547,40.1486],[140.25497,40.15118],[140.25654,40.15212],[140.25665,40.15336],[140.25706,40.15429],[140.25694,40.1557],[140.25731,40.15777],[140.25804,40.15869],[140.25518,40.16003],[140.25454,40.16056],[140.25422,40.16159],[140.25429,40.16227],[140.25347,40.1636],[140.2534,40.16455],[140.25431,40.16609],[140.2538,40.16644],[140.2532,40.16749],[140.25302,40.16881],[140.25363,40.16984],[140.25363,40.17083],[140.25407,40.17207],[140.25404,40.17471],[140.25376,40.17517],[140.25379,40.17728],[140.25413,40.17926],[140.25492,40.18012],[140.25423,40.18115],[140.2543,40.18181],[140.2549,40.18289],[140.257,40.18319],[140.2575,40.18351],[140.25941,40.18402],[140.26091,40.18469],[140.26263,40.18478],[140.26396,40.1836],[140.26444,40.18341],[140.26582,40.18349],[140.26745,40.18453],[140.26913,40.18607],[140.26979,40.18618],[140.27034,40.1868],[140.27182,40.18775],[140.27095,40.18878],[140.27173,40.19057],[140.27181,40.19165],[140.27247,40.19313],[140.27232,40.19414],[140.27285,40.19543],[140.2735,40.19633],[140.27468,40.19691],[140.27537,40.19607],[140.27625,40.1958],[140.28051,40.19538],[140.28303,40.19522],[140.28544,40.19546],[140.28723,40.1962],[140.28952,40.19814],[140.29076,40.19843],[140.29166,40.19792],[140.29487,40.19801],[140.29595,40.1985],[140.29645,40.19929],[140.29794,40.20011],[140.2994,40.20119],[140.29977,40.20253],[140.29979,40.20408],[140.29937,40.20524],[140.29786,40.20489],[140.296,40.20474],[140.2948,40.20497],[140.29195,40.20629],[140.29045,40.20743],[140.28847,40.20932],[140.28754,40.20993],[140.28634,40.21042],[140.28497,40.21067],[140.2822,40.21079],[140.27921,40.21036],[140.27828,40.2109],[140.27757,40.21094],[140.27594,40.21058],[140.27456,40.2105],[140.27367,40.21078],[140.27315,40.21174],[140.27453,40.21291],[140.2757,40.21349],[140.27702,40.21386],[140.2786,40.21478],[140.28022,40.21715],[140.27964,40.2183],[140.27971,40.21925],[140.28087,40.2198],[140.28182,40.22128],[140.28192,40.22291],[140.28286,40.22458],[140.28204,40.22512],[140.28171,40.22614],[140.28024,40.22715],[140.2799,40.22762],[140.28023,40.22842],[140.27972,40.22907],[140.27641,40.23125],[140.27572,40.23285],[140.27486,40.23369],[140.27353,40.23599],[140.27356,40.23662],[140.27462,40.23718],[140.27534,40.23786],[140.27662,40.24009],[140.2757,40.24117],[140.27601,40.24171],[140.27506,40.24251],[140.27416,40.24265],[140.2738,40.24352],[140.2718,40.24475],[140.2702,40.24458],[140.26928,40.24421],[140.26822,40.24306],[140.26695,40.24323],[140.26471,40.24393],[140.26341,40.24369],[140.26236,40.24281],[140.26037,40.24228],[140.26003,40.24266],[140.25872,40.24281],[140.25711,40.24201],[140.25235,40.2403],[140.25042,40.24433],[140.24958,40.24569],[140.24819,40.24405],[140.24739,40.24477],[140.24641,40.24473],[140.2461,40.24516],[140.24465,40.24589],[140.24347,40.24559],[140.24285,40.24588],[140.24151,40.24695],[140.24026,40.24741],[140.2391,40.24716],[140.23799,40.24789],[140.23761,40.24843],[140.23686,40.24858],[140.2357,40.24917],[140.23462,40.24893],[140.23365,40.24826],[140.23195,40.24775],[140.2308,40.24855],[140.23057,40.2493],[140.23093,40.25007],[140.23022,40.2511],[140.22932,40.25139],[140.22825,40.25221],[140.22731,40.25237],[140.22684,40.25343],[140.22622,40.25417],[140.22334,40.25505],[140.22259,40.25551],[140.22132,40.2554],[140.22101,40.25647],[140.21948,40.25803],[140.21914,40.25871],[140.21938,40.26001],[140.22019,40.26091],[140.22056,40.26174],[140.2205,40.26256],[140.22174,40.2632],[140.22307,40.26315],[140.2236,40.26344],[140.22339,40.26453],[140.22269,40.26526],[140.22299,40.26597],[140.22262,40.26727],[140.22179,40.26762],[140.21787,40.26801],[140.21702,40.26705],[140.21609,40.26734],[140.2158,40.26815],[140.21515,40.26845],[140.21441,40.26826],[140.21298,40.26867],[140.21157,40.26948],[140.21166,40.2704],[140.21107,40.27074],[140.21103,40.27227],[140.21126,40.27321],[140.21105,40.27419],[140.21301,40.27519],[140.21621,40.2759],[140.21752,40.27746],[140.21716,40.27843],[140.21641,40.27877],[140.21621,40.2793],[140.21649,40.28003],[140.21738,40.28077],[140.21776,40.28191],[140.21837,40.28218],[140.21784,40.28339],[140.21763,40.28478],[140.21909,40.28748],[140.21927,40.28822],[140.21879,40.29013],[140.21749,40.29056],[140.21719,40.2913],[140.21647,40.29156],[140.21629,40.29041],[140.2168,40.28902],[140.21664,40.28794],[140.2156,40.28747],[140.21563,40.28707],[140.21462,40.2867],[140.21377,40.28709],[140.21405,40.28814],[140.21359,40.28882],[140.21345,40.28974],[140.21355,40.2912],[140.21392,40.29212],[140.21354,40.29279],[140.21437,40.29339],[140.21418,40.29494],[140.21343,40.29392],[140.21295,40.29435],[140.21307,40.2962],[140.21255,40.29715],[140.21347,40.29755],[140.21438,40.29833],[140.21399,40.29856],[140.21312,40.29786],[140.21267,40.29801],[140.21159,40.2974],[140.21157,40.29818],[140.21207,40.29871],[140.21238,40.30068],[140.21185,40.30075],[140.21068,40.29894],[140.20883,40.29901],[140.20904,40.29731],[140.20446,40.2973],[140.20432,40.30086],[140.20316,40.30115],[140.20161,40.30186],[140.20117,40.3024],[140.20112,40.30326],[140.20157,40.30396],[140.20187,40.30515],[140.20178,40.30632],[140.20208,40.30829],[140.20156,40.30975],[140.20205,40.31063],[140.2017,40.31208],[140.20187,40.31285],[140.19993,40.31392],[140.19926,40.31492],[140.19853,40.31541],[140.19818,40.31662],[140.19819,40.3174],[140.19662,40.31915],[140.19532,40.31928],[140.19499,40.31977],[140.19568,40.32213],[140.19461,40.32329],[140.19449,40.32445],[140.1949,40.32603],[140.19535,40.32673],[140.19457,40.32839],[140.19412,40.32884],[140.19375,40.33014],[140.19431,40.33223],[140.19574,40.33277],[140.19486,40.33513],[140.19522,40.33648],[140.1949,40.33735],[140.19546,40.339],[140.19678,40.34089],[140.19761,40.34153],[140.19775,40.34243],[140.19727,40.34396],[140.19683,40.3448],[140.19574,40.3451],[140.19504,40.34614],[140.19422,40.34638],[140.19425,40.34691],[140.19357,40.34783],[140.19373,40.349],[140.19351,40.35023],[140.19241,40.35111],[140.19039,40.35214],[140.18875,40.35261],[140.18663,40.35366],[140.1858,40.35507],[140.18519,40.35542],[140.18406,40.35541],[140.1829,40.35598],[140.1828,40.35747],[140.18259,40.35779],[140.18035,40.35876],[140.17956,40.35953],[140.17794,40.36026],[140.17775,40.36168],[140.1772,40.362],[140.17513,40.36202],[140.17348,40.36171],[140.17179,40.36109],[140.17112,40.36115],[140.17021,40.36188],[140.1696,40.36292],[140.17067,40.36477],[140.17007,40.36521],[140.16982,40.36613],[140.16894,40.36769],[140.16822,40.36788],[140.16768,40.36966],[140.16618,40.37087],[140.16431,40.37171],[140.1626,40.37161],[140.16061,40.37193],[140.15964,40.37233],[140.15754,40.37365],[140.15617,40.37411],[140.15564,40.37431],[140.15376,40.37448],[140.15183,40.3745],[140.15073,40.37425],[140.14958,40.37315],[140.14945,40.37254],[140.15001,40.37117],[140.15107,40.37035],[140.15168,40.3696],[140.15232,40.36791],[140.15175,40.36714],[140.15134,40.36605],[140.15108,40.36382],[140.1513,40.36222],[140.15073,40.36174],[140.15108,40.36055],[140.15097,40.35936],[140.15046,40.35779],[140.14975,40.35691],[140.14914,40.35668],[140.14759,40.3552],[140.14743,40.3545],[140.14679,40.35369],[140.14721,40.35258],[140.14625,40.3507],[140.14612,40.35008],[140.14535,40.34885],[140.14444,40.34845],[140.14399,40.34787],[140.14272,40.34725],[140.14232,40.34628],[140.1404,40.34439],[140.13946,40.34395],[140.13793,40.34278],[140.13787,40.34153],[140.13687,40.34042],[140.13645,40.33959],[140.13639,40.33877],[140.13487,40.33786],[140.13519,40.3369],[140.13503,40.33568],[140.13558,40.33498],[140.13565,40.33313],[140.1362,40.33197],[140.13567,40.32975],[140.13672,40.32751],[140.13785,40.32664],[140.13779,40.32583],[140.13906,40.32465],[140.14069,40.32415],[140.14034,40.32272],[140.13897,40.32136],[140.13855,40.3193],[140.13718,40.31774],[140.13585,40.31699],[140.1347,40.31575],[140.13533,40.31438],[140.13494,40.31378],[140.13502,40.3128],[140.13545,40.31234],[140.13592,40.31096],[140.1361,40.30949],[140.13574,40.3091],[140.13622,40.30827],[140.13588,40.30719],[140.1338,40.30534],[140.1329,40.30429],[140.13327,40.30314],[140.134,40.30228],[140.13548,40.3014],[140.13703,40.30106],[140.1391,40.29814],[140.13953,40.29784],[140.13989,40.29671],[140.14091,40.29534],[140.14092,40.29472],[140.14161,40.29388],[140.14112,40.2936],[140.13996,40.29231],[140.13886,40.29173],[140.138,40.29172],[140.13672,40.28908],[140.13542,40.28815],[140.13426,40.28782],[140.13526,40.2865],[140.13596,40.28512],[140.13662,40.28427],[140.13647,40.28333],[140.1386,40.28193],[140.13847,40.2808],[140.13744,40.27928],[140.137,40.27796],[140.13695,40.27684],[140.13592,40.27451],[140.13591,40.27374],[140.13495,40.27209],[140.1341,40.27153],[140.1339,40.27073],[140.13431,40.26762],[140.13427,40.26636],[140.13457,40.26588],[140.13412,40.26472],[140.13431,40.26429],[140.13384,40.26339],[140.13182,40.2623],[140.13128,40.26169],[140.12868,40.26165],[140.1259,40.2619],[140.12382,40.26139],[140.1232,40.26099],[140.12156,40.26157],[140.12029,40.26182],[140.1195,40.26137],[140.11707,40.26138],[140.11665,40.25969],[140.11339,40.25986],[140.11314,40.25903],[140.10977,40.25922],[140.10965,40.25825],[140.10308,40.25646],[140.10337,40.25578],[140.10253,40.25515],[140.10153,40.2548],[140.10008,40.25337],[140.09956,40.2522],[140.09866,40.25171],[140.09785,40.25037],[140.09757,40.24912],[140.09797,40.24865],[140.09721,40.24767],[140.09634,40.24722],[140.09622,40.25045],[140.09585,40.25044],[140.09575,40.25241],[140.09253,40.25236],[140.0924,40.25722],[140.08814,40.25717],[140.08812,40.25851],[140.08772,40.25976],[140.08334,40.25969],[140.08349,40.2548],[140.08166,40.25445],[140.07911,40.25428],[140.07814,40.25502],[140.07784,40.25621],[140.07839,40.25655],[140.07847,40.25747],[140.078,40.25843],[140.07702,40.25968],[140.07699,40.2611],[140.07656,40.26142],[140.0761,40.26253],[140.07582,40.26401],[140.07544,40.26435],[140.0743,40.26412],[140.0733,40.26468],[140.07262,40.26427],[140.06725,40.26414],[140.06729,40.26509],[140.0666,40.26522],[140.06498,40.26639],[140.06619,40.26726],[140.06663,40.26803],[140.06685,40.26905],[140.06596,40.26982],[140.06557,40.27072],[140.06354,40.27014],[140.06275,40.26938],[140.05242,40.26947],[140.0501,40.26844],[140.049,40.26842],[140.04896,40.26893],[140.04652,40.26892],[140.04643,40.26958],[140.04717,40.27003],[140.04594,40.27142],[140.04546,40.27149],[140.04441,40.27225],[140.04256,40.27423],[140.04117,40.27507],[140.03917,40.27456],[140.03662,40.27318],[140.03441,40.27171],[140.03347,40.27096],[140.03247,40.26972],[140.03216,40.26816],[140.03152,40.26743],[140.03183,40.26628],[140.0323,40.26576],[140.03203,40.26465],[140.03084,40.26332],[140.02972,40.26307],[140.02317,40.26386],[140.02293,40.26296],[140.02076,40.2622],[140.01958,40.26246],[140.0193,40.26321],[140.01836,40.26288],[140.01754,40.26298],[140.01745,40.26409],[140.01684,40.26439],[140.01566,40.26446],[140.0145,40.25992],[140.0133,40.25478],[140.01125,40.24671],[140.01086,40.24457],[140.00967,40.24282],[140.00896,40.24238],[140.00868,40.2412],[140.0093,40.24066],[140.00909,40.23968],[140.00836,40.23872],[140.00732,40.23832],[140.00745,40.23731],[140.0069,40.23628],[140.00775,40.2349],[140.00781,40.23433],[140.00659,40.23017],[140.0061,40.22878],[140.00566,40.22675],[140.00524,40.22586],[140.0049,40.22448],[140.0038,40.22294],[140.00077,40.22019],[139.99765,40.2204],[139.99313,40.21831],[139.98463,40.21255],[139.98935,40.21552],[139.99322,40.2182],[139.99779,40.22032],[140.00046,40.2201],[140.00116,40.21924],[140.00165,40.21917],[140.00552,40.21921],[140.00838,40.21948],[140.00969,40.21992],[140.01148,40.21953],[140.01411,40.21824],[140.01949,40.21845],[140.0245,40.21745],[140.02559,40.21709],[140.02557,40.21674],[140.02369,40.21689],[140.01958,40.21743],[140.01729,40.21728],[140.01307,40.21717],[140.01285,40.21649],[140.01138,40.21671],[140.01142,40.217],[140.00867,40.21756],[140.00823,40.21739],[140.00454,40.21701],[140.0028,40.21699],[140.00279,40.21521],[140.00297,40.21454],[140.00522,40.21137],[140.00455,40.20884],[140.00312,40.20798],[140.00268,40.20631],[140.00118,40.20652],[140.00187,40.20919],[140.00327,40.20898],[140.00361,40.2102],[140.00239,40.21194],[140.00059,40.21213],[139.99988,40.2098],[139.99873,40.20998],[139.99921,40.21255],[139.99816,40.21255],[139.99416,40.21308],[139.99355,40.21071],[139.9973,40.2101],[139.9978,40.20985],[139.99499,40.19925],[139.98842,40.20021],[139.98509,40.18761],[139.98511,40.18737],[139.98397,40.18353],[139.99211,40.18225],[139.99236,40.18171],[139.99262,40.17984],[139.99239,40.1783],[139.99245,40.17739],[139.99215,40.17579],[139.99095,40.1717],[139.99053,40.17135],[139.98895,40.16645],[139.98817,40.16425],[139.98794,40.16317],[139.98464,40.15452],[139.98422,40.15296],[139.9832,40.15032],[139.98221,40.14836],[139.98094,40.14463],[139.9791,40.14084],[139.97826,40.13834],[139.97682,40.1347],[139.97639,40.13403],[139.97603,40.1327],[139.97504,40.13114],[139.97454,40.12983],[139.97256,40.12572],[139.97258,40.12514]]],[[[139.96805,40.19772],[139.96857,40.19787],[139.9744,40.20419],[139.977,40.20714],[139.98256,40.21093],[139.98216,40.2109],[139.97683,40.20731],[139.97418,40.20431],[139.96805,40.19772]]]]}},
  {"type":"Feature","properties":{"name":"横手市","code":"05203"},"geometry":{"type":"MultiPolygon","coordinates":[[[[140.4456,39.21632],[140.4469,39.21657],[140.44635,39.21774],[140.44697,39.21808],[140.44862,39.2173],[140.44995,39.2172],[140.45155,39.2173],[140.45278,39.21762],[140.45508,39.21765],[140.45726,39.2184],[140.45968,39.21824],[140.46285,39.21765],[140.46761,39.21764],[140.47334,39.21591],[140.47783,39.21486],[140.4819,39.21363],[140.4862,39.21183],[140.48829,39.21087],[140.48959,39.21049],[140.49208,39.21007],[140.49325,39.21011],[140.49659,39.21066],[140.49857,39.21069],[140.50318,39.21095],[140.50505,39.21092],[140.50872,39.21059],[140.51012,39.21004],[140.51629,39.2065],[140.5196,39.2047],[140.52056,39.20441],[140.52424,39.20297],[140.52574,39.20196],[140.52814,39.19856],[140.52879,39.19741],[140.5261,39.19637],[140.52372,39.19566],[140.52225,39.19485],[140.52215,39.19452],[140.52306,39.1939],[140.52359,39.19231],[140.52287,39.19111],[140.5225,39.1897],[140.52138,39.18853],[140.5217,39.18718],[140.52257,39.18623],[140.52311,39.18529],[140.52289,39.18352],[140.52329,39.18313],[140.52488,39.18265],[140.52545,39.1822],[140.5249,39.18083],[140.52623,39.17959],[140.52571,39.17839],[140.52703,39.17753],[140.52857,39.1772],[140.53042,39.17576],[140.53106,39.17562],[140.53272,39.17578],[140.53389,39.17548],[140.53398,39.17469],[140.53551,39.17296],[140.5371,39.17245],[140.53798,39.17279],[140.53939,39.17253],[140.53928,39.17463],[140.53826,39.17519],[140.53859,39.1764],[140.53914,39.17718],[140.54,39.1779],[140.54093,39.17809],[140.54186,39.17882],[140.54379,39.17783],[140.54508,39.176],[140.54568,39.1759],[140.54524,39.17727],[140.54454,39.1781],[140.54337,39.17896],[140.54236,39.17935],[140.54169,39.18019],[140.54073,39.18191],[140.54275,39.18266],[140.54326,39.18228],[140.5443,39.18063],[140.5449,39.18034],[140.54586,39.17839],[140.54654,39.17656],[140.54651,39.17464],[140.54804,39.1746],[140.54797,39.17669],[140.54861,39.17789],[140.54861,39.18011],[140.54765,39.18159],[140.54655,39.18248],[140.54452,39.18282],[140.54382,39.18314],[140.54321,39.18401],[140.54286,39.18562],[140.54309,39.18647],[140.54296,39.18726],[140.54294,39.18944],[140.54516,39.18996],[140.54704,39.18989],[140.5479,39.18713],[140.54959,39.18741],[140.5495,39.18797],[140.55012,39.1882],[140.55128,39.18816],[140.55166,39.18918],[140.55995,39.1896],[140.56078,39.18994],[140.5605,39.19119],[140.56163,39.19159],[140.5625,39.19229],[140.56302,39.19117],[140.56465,39.1915],[140.56537,39.19138],[140.56645,39.19241],[140.5674,39.19274],[140.56804,39.19353],[140.57001,39.19349],[140.57115,39.19281],[140.57278,39.19248],[140.57468,39.19247],[140.57627,39.19155],[140.57713,39.19172],[140.57771,39.1909],[140.57866,39.1909],[140.57946,39.19025],[140.58065,39.18977],[140.58124,39.18894],[140.58224,39.18819],[140.58313,39.18869],[140.58467,39.18829],[140.58562,39.18837],[140.58638,39.18795],[140.58837,39.18738],[140.58934,39.18629],[140.58965,39.18534],[140.59051,39.18538],[140.59199,39.18509],[140.59413,39.18352],[140.59531,39.18425],[140.59714,39.1844],[140.59781,39.18415],[140.60033,39.18399],[140.60077,39.18336],[140.60201,39.18267],[140.60363,39.18049],[140.60379,39.17975],[140.60512,39.17876],[140.60627,39.1785],[140.6077,39.1769],[140.60641,39.17588],[140.60562,39.17557],[140.60643,39.17464],[140.60687,39.17374],[140.60719,39.17182],[140.60709,39.17098],[140.60668,39.17037],[140.60647,39.16919],[140.60669,39.16876],[140.60638,39.16777],[140.60745,39.16639],[140.60745,39.16575],[140.60789,39.16437],[140.60849,39.16391],[140.60882,39.16305],[140.61093,39.16155],[140.61184,39.16029],[140.61336,39.16051],[140.61438,39.16024],[140.61541,39.15769],[140.61575,39.15716],[140.61613,39.15467],[140.61578,39.15415],[140.61605,39.15344],[140.6159,39.1528],[140.61415,39.15102],[140.61285,39.15039],[140.61212,39.15041],[140.61013,39.14977],[140.60974,39.14895],[140.61017,39.14734],[140.61082,39.1467],[140.61107,39.14569],[140.61095,39.14469],[140.6111,39.14341],[140.61174,39.14202],[140.61159,39.14118],[140.61235,39.14047],[140.61451,39.14011],[140.61551,39.14017],[140.61652,39.13952],[140.61705,39.13813],[140.61676,39.13589],[140.61621,39.13446],[140.61321,39.13291],[140.61304,39.13153],[140.61227,39.12912],[140.6123,39.12799],[140.61163,39.1263],[140.61178,39.124],[140.61378,39.12366],[140.61493,39.12272],[140.61548,39.1218],[140.61627,39.12151],[140.61807,39.12173],[140.61891,39.12148],[140.62171,39.12124],[140.62229,39.11928],[140.62382,39.11793],[140.62449,39.11701],[140.62475,39.11446],[140.62528,39.11354],[140.62526,39.11218],[140.62685,39.1115],[140.62707,39.11011],[140.62774,39.10956],[140.62793,39.10894],[140.62874,39.1083],[140.62924,39.1064],[140.62867,39.10519],[140.62924,39.10502],[140.63066,39.10525],[140.63199,39.1058],[140.63323,39.10663],[140.63581,39.10734],[140.63653,39.10699],[140.63828,39.10676],[140.63908,39.10711],[140.64083,39.10682],[140.64206,39.10627],[140.64384,39.10666],[140.64499,39.10665],[140.64641,39.10526],[140.64753,39.10452],[140.64753,39.10406],[140.64817,39.10335],[140.64843,39.10213],[140.64952,39.10116],[140.65032,39.09995],[140.65123,39.09929],[140.65348,39.09953],[140.65441,39.09933],[140.65606,39.09936],[140.65703,39.09866],[140.65955,39.09806],[140.66019,39.09812],[140.66095,39.09881],[140.66228,39.09952],[140.66292,39.09964],[140.66306,39.09828],[140.66435,39.09756],[140.66536,39.09766],[140.66612,39.09678],[140.66757,39.09718],[140.66798,39.09609],[140.66884,39.09596],[140.67034,39.09617],[140.67046,39.09503],[140.6722,39.09503],[140.67369,39.09428],[140.67522,39.09418],[140.67632,39.09337],[140.67907,39.09295],[140.68015,39.0925],[140.68213,39.09246],[140.68219,39.09325],[140.68311,39.0946],[140.68361,39.09485],[140.68399,39.09573],[140.68454,39.09628],[140.68547,39.09646],[140.68598,39.09698],[140.68576,39.0976],[140.6863,39.09823],[140.68661,39.09921],[140.68711,39.09977],[140.68769,39.10145],[140.68791,39.1027],[140.68755,39.10425],[140.68775,39.10517],[140.6885,39.10586],[140.68993,39.10625],[140.69031,39.10787],[140.68977,39.10943],[140.6906,39.10976],[140.69041,39.1103],[140.68937,39.11047],[140.6893,39.11178],[140.68843,39.11354],[140.68849,39.114],[140.6877,39.11513],[140.68683,39.11557],[140.68584,39.11647],[140.68519,39.11675],[140.68469,39.11744],[140.68514,39.11785],[140.68548,39.11955],[140.68531,39.12013],[140.68451,39.12063],[140.68451,39.12128],[140.68397,39.12252],[140.68436,39.12338],[140.68445,39.12436],[140.6842,39.12493],[140.68322,39.12524],[140.68224,39.12614],[140.68216,39.12759],[140.68167,39.12911],[140.68295,39.12953],[140.68388,39.13029],[140.68454,39.13158],[140.6856,39.13222],[140.68588,39.13337],[140.68576,39.13407],[140.68624,39.13514],[140.68715,39.13578],[140.68673,39.13719],[140.68741,39.13772],[140.68784,39.13881],[140.68692,39.1404],[140.68724,39.14144],[140.68639,39.14287],[140.68553,39.1434],[140.68465,39.14347],[140.68449,39.14417],[140.6834,39.14442],[140.6824,39.14393],[140.68133,39.14526],[140.68067,39.14562],[140.68031,39.14653],[140.67914,39.14693],[140.6789,39.14869],[140.6785,39.14916],[140.67752,39.1488],[140.67565,39.14881],[140.67451,39.14931],[140.67328,39.14905],[140.67262,39.14869],[140.66945,39.14889],[140.66792,39.15007],[140.6672,39.15124],[140.66744,39.15183],[140.666,39.153],[140.66468,39.15385],[140.6636,39.15364],[140.66235,39.1531],[140.66183,39.15259],[140.66037,39.15211],[140.65916,39.15083],[140.65833,39.15024],[140.65674,39.14862],[140.65583,39.14723],[140.65451,39.14657],[140.65316,39.1463],[140.65184,39.1458],[140.65125,39.14511],[140.64963,39.14464],[140.64867,39.14489],[140.64689,39.14463],[140.64628,39.14495],[140.64647,39.14603],[140.64586,39.14625],[140.64511,39.14713],[140.64235,39.14844],[140.64082,39.15005],[140.63987,39.15167],[140.64002,39.1525],[140.64251,39.15293],[140.64294,39.15423],[140.64278,39.15486],[140.64346,39.15619],[140.64328,39.15682],[140.64251,39.1576],[140.64267,39.15871],[140.6418,39.15955],[140.6414,39.16034],[140.64126,39.1616],[140.64137,39.16293],[140.64083,39.16515],[140.63997,39.16654],[140.63925,39.16699],[140.63883,39.16792],[140.63783,39.16877],[140.63751,39.16943],[140.6366,39.17037],[140.63667,39.17179],[140.63632,39.17236],[140.63639,39.17351],[140.6355,39.17403],[140.63524,39.17544],[140.63489,39.17572],[140.63394,39.17553],[140.63232,39.17751],[140.63022,39.17875],[140.62985,39.17941],[140.62804,39.1806],[140.62666,39.1808],[140.6254,39.18185],[140.62589,39.18494],[140.6242,39.18548],[140.62142,39.18555],[140.61957,39.18605],[140.61856,39.18669],[140.62019,39.18711],[140.62073,39.18762],[140.62168,39.18739],[140.62221,39.18837],[140.62169,39.18862],[140.6227,39.19025],[140.62308,39.19124],[140.62286,39.19166],[140.62408,39.19296],[140.62425,39.19357],[140.62553,39.19449],[140.62654,39.19588],[140.62839,39.19529],[140.62919,39.19469],[140.63002,39.19472],[140.63094,39.19428],[140.632,39.19423],[140.63343,39.1949],[140.63473,39.19437],[140.63537,39.19474],[140.63738,39.19447],[140.6384,39.19584],[140.63848,39.1969],[140.63947,39.19899],[140.63989,39.20143],[140.63844,39.2041],[140.63854,39.20466],[140.64177,39.20539],[140.64251,39.20599],[140.64493,39.20659],[140.64704,39.20675],[140.6484,39.20645],[140.65009,39.20648],[140.65143,39.20688],[140.65271,39.20694],[140.65533,39.2067],[140.65721,39.20592],[140.65933,39.20587],[140.66072,39.2061],[140.66209,39.20844],[140.66323,39.20915],[140.66499,39.20927],[140.66678,39.2086],[140.6676,39.20785],[140.66839,39.20663],[140.66987,39.20601],[140.67028,39.2053],[140.6715,39.20475],[140.67288,39.2036],[140.67499,39.20228],[140.67562,39.20204],[140.6773,39.20216],[140.67843,39.20206],[140.67855,39.20129],[140.67775,39.1991],[140.67778,39.19874],[140.67946,39.19688],[140.68093,39.19574],[140.68349,39.19488],[140.68413,39.19382],[140.68656,39.19337],[140.6865,39.19265],[140.68721,39.19217],[140.6879,39.19122],[140.68883,39.19051],[140.69114,39.18975],[140.6916,39.18816],[140.69484,39.18798],[140.69633,39.1882],[140.69687,39.18854],[140.69777,39.18798],[140.69803,39.18716],[140.69875,39.18676],[140.69982,39.1872],[140.70203,39.18753],[140.70504,39.18742],[140.70648,39.18777],[140.70842,39.1875],[140.70929,39.18771],[140.71132,39.1893],[140.71182,39.18947],[140.7128,39.19054],[140.71417,39.19119],[140.7158,39.19114],[140.71776,39.19064],[140.71882,39.19133],[140.7192,39.19202],[140.72003,39.19251],[140.72081,39.19339],[140.72145,39.19465],[140.72159,39.19611],[140.72221,39.1969],[140.72357,39.19678],[140.72432,39.19695],[140.72585,39.19684],[140.7272,39.19794],[140.72822,39.19948],[140.72957,39.19852],[140.73048,39.19827],[140.73171,39.19751],[140.73373,39.19744],[140.73435,39.19698],[140.73664,39.19581],[140.7382,39.19563],[140.74022,39.19609],[140.74181,39.19601],[140.74316,39.19632],[140.74364,39.19683],[140.74646,39.19701],[140.74709,39.19739],[140.74878,39.19762],[140.7504,39.19765],[140.7532,39.19833],[140.75513,39.20019],[140.75666,39.20071],[140.75832,39.20108],[140.75977,39.20199],[140.7601,39.20249],[140.76004,39.20363],[140.76081,39.20501],[140.76079,39.20589],[140.76385,39.20756],[140.76662,39.20853],[140.76573,39.20915],[140.76537,39.21026],[140.76467,39.21102],[140.76372,39.21148],[140.76301,39.21262],[140.76305,39.21323],[140.76418,39.21449],[140.76499,39.21488],[140.76583,39.21587],[140.76624,39.21716],[140.76623,39.21838],[140.76655,39.21879],[140.76827,39.21884],[140.76935,39.21946],[140.76963,39.22109],[140.76949,39.22207],[140.77003,39.22322],[140.77047,39.22346],[140.77446,39.22315],[140.77552,39.22343],[140.77707,39.22343],[140.77914,39.22403],[140.78029,39.22411],[140.78164,39.22477],[140.78324,39.22526],[140.78484,39.22534],[140.7862,39.22636],[140.78762,39.22679],[140.78764,39.22792],[140.7871,39.22943],[140.78618,39.23063],[140.78634,39.23278],[140.78652,39.23332],[140.78602,39.23422],[140.78646,39.23456],[140.78712,39.23627],[140.78824,39.23728],[140.78866,39.23843],[140.78753,39.23877],[140.78494,39.23904],[140.78124,39.23998],[140.78002,39.24048],[140.77904,39.2412],[140.77717,39.24157],[140.77665,39.24226],[140.77611,39.24407],[140.77472,39.24537],[140.77253,39.24656],[140.7719,39.24713],[140.77103,39.24853],[140.77042,39.24898],[140.76943,39.25093],[140.76892,39.25246],[140.76736,39.2517],[140.76672,39.2512],[140.76598,39.25125],[140.76499,39.25256],[140.76485,39.25312],[140.76396,39.25357],[140.76264,39.25363],[140.76145,39.25475],[140.75908,39.25431],[140.75785,39.25446],[140.75692,39.25504],[140.75575,39.25691],[140.75425,39.25738],[140.75323,39.25808],[140.75317,39.259],[140.75136,39.26079],[140.75112,39.26158],[140.75135,39.26281],[140.75003,39.26285],[140.74879,39.26263],[140.74745,39.2628],[140.74656,39.26188],[140.74589,39.2615],[140.74479,39.26196],[140.74371,39.26175],[140.74292,39.26233],[140.74031,39.26315],[140.7391,39.26381],[140.7383,39.26452],[140.7374,39.26593],[140.73627,39.26677],[140.7352,39.26633],[140.73306,39.26641],[140.73258,39.26718],[140.73128,39.26757],[140.72986,39.26831],[140.72935,39.26879],[140.72792,39.26934],[140.72777,39.27029],[140.72543,39.27017],[140.72426,39.27051],[140.72303,39.27217],[140.72131,39.27197],[140.71973,39.27195],[140.71783,39.27261],[140.71767,39.27298],[140.71839,39.27422],[140.71783,39.27542],[140.71814,39.27677],[140.71682,39.27753],[140.71687,39.27832],[140.71765,39.28008],[140.71764,39.28079],[140.71697,39.28183],[140.71767,39.28305],[140.71773,39.28502],[140.71727,39.28549],[140.71721,39.28643],[140.71754,39.28688],[140.7171,39.28754],[140.71698,39.28898],[140.71643,39.28948],[140.7174,39.29076],[140.71856,39.29136],[140.71856,39.29343],[140.71882,39.29417],[140.71856,39.29524],[140.71733,39.29651],[140.71548,39.29583],[140.71521,39.29642],[140.71459,39.2966],[140.71202,39.29666],[140.7108,39.2958],[140.71019,39.29634],[140.70849,39.29694],[140.70798,39.29837],[140.70543,39.29996],[140.70496,39.30043],[140.70434,39.30167],[140.70378,39.30183],[140.70235,39.30013],[140.70143,39.29985],[140.70013,39.30016],[140.69845,39.29969],[140.69709,39.30014],[140.69599,39.30016],[140.69359,39.29959],[140.69328,39.30166],[140.69289,39.30305],[140.69334,39.30439],[140.69394,39.30485],[140.69392,39.30542],[140.69473,39.3059],[140.69521,39.30671],[140.69621,39.30767],[140.69649,39.30881],[140.69723,39.31029],[140.69648,39.31151],[140.69519,39.31279],[140.69287,39.31344],[140.69257,39.3143],[140.69271,39.31572],[140.69335,39.31638],[140.69419,39.3177],[140.69438,39.31832],[140.69404,39.31976],[140.69543,39.32039],[140.69752,39.32176],[140.69819,39.32358],[140.69775,39.32423],[140.69775,39.32506],[140.69881,39.32632],[140.69897,39.32752],[140.69859,39.32843],[140.70034,39.32882],[140.70349,39.3286],[140.70425,39.32873],[140.70559,39.32947],[140.70918,39.32988],[140.70937,39.33012],[140.7085,39.33267],[140.7083,39.3342],[140.708,39.33458],[140.70675,39.33477],[140.70568,39.33704],[140.70607,39.33832],[140.70596,39.33886],[140.70499,39.34014],[140.70363,39.34032],[140.7035,39.34077],[140.70392,39.34257],[140.70324,39.34359],[140.70195,39.34384],[140.70018,39.34348],[140.69903,39.34387],[140.697,39.34511],[140.69571,39.34539],[140.69402,39.34462],[140.6927,39.3445],[140.69213,39.34473],[140.68991,39.34648],[140.68932,39.34716],[140.68845,39.34752],[140.68822,39.34818],[140.68844,39.35014],[140.68798,39.35118],[140.68943,39.35202],[140.68962,39.35285],[140.69041,39.35364],[140.69051,39.35491],[140.69159,39.35638],[140.69207,39.35676],[140.69295,39.35812],[140.69255,39.35877],[140.6915,39.35869],[140.68957,39.35924],[140.68841,39.35933],[140.68713,39.36009],[140.68539,39.36155],[140.68258,39.36204],[140.68187,39.36411],[140.6799,39.3651],[140.67898,39.36631],[140.67752,39.36637],[140.67686,39.36717],[140.67654,39.36832],[140.67564,39.36834],[140.67605,39.3711],[140.67706,39.37172],[140.6781,39.37308],[140.67878,39.37338],[140.67806,39.3743],[140.67808,39.37545],[140.67837,39.37622],[140.67915,39.37714],[140.67934,39.37799],[140.67872,39.37868],[140.67906,39.38001],[140.67964,39.38117],[140.67904,39.38225],[140.67897,39.38318],[140.67779,39.38361],[140.67665,39.38447],[140.67543,39.3858],[140.67446,39.38583],[140.67242,39.38515],[140.6707,39.38533],[140.67019,39.38507],[140.66959,39.38419],[140.66898,39.38395],[140.66735,39.38395],[140.6655,39.3843],[140.66496,39.38538],[140.66278,39.38608],[140.66101,39.38596],[140.66013,39.38642],[140.65946,39.38714],[140.65843,39.38765],[140.65776,39.38859],[140.65617,39.38915],[140.65552,39.38895],[140.65407,39.387],[140.65345,39.38588],[140.65248,39.38552],[140.65081,39.38573],[140.64876,39.38518],[140.64763,39.38388],[140.64649,39.38352],[140.64431,39.3837],[140.64405,39.38254],[140.64333,39.38163],[140.64092,39.38059],[140.63875,39.38027],[140.6374,39.38026],[140.6364,39.3798],[140.63608,39.37922],[140.6363,39.37831],[140.63485,39.37792],[140.63209,39.37862],[140.63102,39.37761],[140.63083,39.37692],[140.63237,39.37572],[140.63155,39.37421],[140.63055,39.37375],[140.63041,39.3726],[140.62869,39.37195],[140.62726,39.37106],[140.62552,39.37072],[140.62271,39.37044],[140.62092,39.36964],[140.62001,39.37031],[140.62031,39.37068],[140.62189,39.37149],[140.62277,39.37218],[140.62156,39.37321],[140.62015,39.37391],[140.61751,39.37442],[140.61681,39.37572],[140.61641,39.37784],[140.61663,39.37895],[140.61629,39.37964],[140.61567,39.38004],[140.61267,39.38083],[140.61155,39.38158],[140.61134,39.3812],[140.60901,39.38005],[140.60789,39.37887],[140.6073,39.37854],[140.60573,39.37823],[140.60464,39.37764],[140.60312,39.37753],[140.60216,39.37727],[140.60179,39.37673],[140.59968,39.37572],[140.5974,39.37626],[140.59635,39.37699],[140.59528,39.37821],[140.59166,39.37886],[140.58708,39.37903],[140.58549,39.37881],[140.58422,39.37926],[140.58267,39.37956],[140.5807,39.37943],[140.57796,39.3804],[140.57691,39.38016],[140.57541,39.3804],[140.57556,39.38127],[140.5745,39.3813],[140.57336,39.38056],[140.57229,39.38031],[140.57199,39.37942],[140.57185,39.3778],[140.57102,39.37773],[140.57047,39.37671],[140.5693,39.37695],[140.56699,39.37673],[140.5641,39.37713],[140.56045,39.37693],[140.55909,39.37655],[140.55654,39.37632],[140.55499,39.37604],[140.55292,39.37529],[140.55155,39.37459],[140.54898,39.37394],[140.54786,39.37305],[140.54912,39.37235],[140.5509,39.37216],[140.55139,39.3715],[140.55094,39.3693],[140.55136,39.36829],[140.551,39.36739],[140.55068,39.36454],[140.54985,39.36347],[140.55031,39.36148],[140.55024,39.36062],[140.54924,39.35878],[140.54817,39.35836],[140.54846,39.3578],[140.54826,39.35698],[140.54707,39.35631],[140.54673,39.3552],[140.54593,39.35584],[140.54442,39.35636],[140.54341,39.35853],[140.54381,39.35967],[140.54273,39.3606],[140.54205,39.36218],[140.54165,39.3625],[140.54047,39.36264],[140.53972,39.36373],[140.5382,39.36372],[140.53066,39.36289],[140.53046,39.36192],[140.53134,39.36029],[140.53277,39.35807],[140.53333,39.35648],[140.53427,39.35588],[140.53575,39.35564],[140.53695,39.35499],[140.5384,39.35517],[140.54009,39.35454],[140.5399,39.35378],[140.54092,39.35239],[140.54007,39.35135],[140.53787,39.35216],[140.53519,39.35282],[140.53398,39.35298],[140.53142,39.35289],[140.53018,39.35326],[140.52912,39.35428],[140.5283,39.35545],[140.52693,39.35691],[140.52613,39.35757],[140.52514,39.35789],[140.52274,39.35796],[140.52112,39.3584],[140.52025,39.35933],[140.51881,39.36026],[140.5163,39.36053],[140.51413,39.36138],[140.51258,39.3625],[140.51106,39.364],[140.50932,39.36594],[140.50857,39.36714],[140.50784,39.36952],[140.50687,39.37045],[140.50595,39.37104],[140.50382,39.37194],[140.50275,39.37226],[140.50139,39.37295],[140.5,39.37412],[140.49954,39.3749],[140.49908,39.37735],[140.49873,39.37796],[140.4979,39.3783],[140.49462,39.37867],[140.49196,39.37884],[140.49026,39.37986],[140.48965,39.38062],[140.48902,39.38229],[140.48938,39.38345],[140.48886,39.38342],[140.48844,39.38471],[140.48673,39.38451],[140.48698,39.3836],[140.48664,39.38216],[140.48514,39.3804],[140.48457,39.38027],[140.48333,39.37824],[140.48266,39.37797],[140.4812,39.37798],[140.48102,39.37662],[140.48108,39.37546],[140.47816,39.3752],[140.47479,39.3759],[140.47362,39.37656],[140.4723,39.3763],[140.47338,39.37447],[140.47323,39.37392],[140.474,39.37345],[140.47373,39.37278],[140.47302,39.37201],[140.47216,39.36999],[140.47249,39.36903],[140.47154,39.36904],[140.47105,39.36806],[140.47096,39.36714],[140.46905,39.36558],[140.46826,39.36514],[140.46452,39.36667],[140.4642,39.36565],[140.46098,39.36571],[140.46211,39.37133],[140.46245,39.3772],[140.46239,39.37864],[140.46199,39.38199],[140.46165,39.38573],[140.46183,39.38847],[140.46223,39.39102],[140.46261,39.39232],[140.46386,39.39552],[140.46509,39.39893],[140.46681,39.40194],[140.46441,39.40241],[140.46305,39.40241],[140.46232,39.40213],[140.46231,39.40309],[140.46262,39.40373],[140.46104,39.40419],[140.46309,39.40866],[140.46122,39.40917],[140.45903,39.40884],[140.45717,39.40843],[140.45645,39.40754],[140.45539,39.40756],[140.4514,39.40637],[140.44957,39.40596],[140.44886,39.40634],[140.44879,39.40738],[140.44778,39.40894],[140.44509,39.40974],[140.44293,39.40894],[140.44231,39.40906],[140.44001,39.40901],[140.43966,39.40823],[140.43794,39.40707],[140.43728,39.40714],[140.43619,39.40806],[140.43494,39.4073],[140.43379,39.40718],[140.43303,39.40679],[140.43143,39.40694],[140.43023,39.40671],[140.42979,39.40631],[140.42966,39.40508],[140.4293,39.40409],[140.42885,39.40381],[140.42882,39.4031],[140.42808,39.40291],[140.4266,39.40305],[140.42602,39.40202],[140.42448,39.40199],[140.42389,39.40075],[140.42377,39.40002],[140.42188,39.39977],[140.41984,39.40007],[140.41884,39.40051],[140.41805,39.39933],[140.41593,39.39892],[140.41397,39.39987],[140.41337,39.39981],[140.41319,39.39839],[140.4114,39.39757],[140.41079,39.39772],[140.40975,39.39872],[140.40913,39.39771],[140.40796,39.39758],[140.40758,39.39694],[140.40646,39.39676],[140.40437,39.39725],[140.40392,39.39686],[140.40284,39.39688],[140.40212,39.39637],[140.4013,39.39629],[140.40072,39.397],[140.39993,39.39714],[140.39927,39.39662],[140.39598,39.397],[140.39501,39.39725],[140.39395,39.39791],[140.39212,39.39799],[140.39107,39.39847],[140.39009,39.39864],[140.38712,39.39842],[140.3862,39.39868],[140.38579,39.39913],[140.38478,39.39809],[140.38443,39.39707],[140.38333,39.39508],[140.38283,39.3946],[140.38379,39.3931],[140.38548,39.39238],[140.38688,39.39127],[140.38703,39.39049],[140.3883,39.38933],[140.38805,39.38831],[140.38885,39.38775],[140.38957,39.38635],[140.38846,39.38488],[140.38844,39.38433],[140.38748,39.38429],[140.3866,39.38465],[140.38509,39.38495],[140.38411,39.38494],[140.3831,39.38596],[140.38193,39.38539],[140.3812,39.38531],[140.37967,39.38553],[140.37864,39.38624],[140.37792,39.38588],[140.37659,39.38578],[140.37512,39.38607],[140.37419,39.38585],[140.37282,39.38587],[140.37189,39.38562],[140.3696,39.38548],[140.36742,39.38674],[140.3664,39.38802],[140.36574,39.38966],[140.36507,39.39019],[140.3648,39.39099],[140.36501,39.39159],[140.36525,39.39372],[140.36484,39.39513],[140.36378,39.39615],[140.36289,39.39589],[140.36064,39.39484],[140.35917,39.39479],[140.35812,39.39552],[140.35661,39.39559],[140.35548,39.39489],[140.35458,39.39369],[140.35347,39.39328],[140.3514,39.39218],[140.34865,39.39158],[140.34743,39.39092],[140.34665,39.39078],[140.34573,39.38996],[140.34517,39.38906],[140.34481,39.38797],[140.34488,39.38671],[140.34416,39.38613],[140.34336,39.38503],[140.34374,39.38364],[140.34338,39.38273],[140.34345,39.38128],[140.34233,39.37976],[140.34158,39.37929],[140.34004,39.37778],[140.33789,39.37761],[140.33638,39.37658],[140.33497,39.37639],[140.33402,39.37588],[140.33202,39.37557],[140.32989,39.37586],[140.32887,39.37555],[140.32766,39.37553],[140.32647,39.37668],[140.32669,39.37753],[140.32564,39.37778],[140.32474,39.3777],[140.32404,39.37837],[140.32442,39.3789],[140.32432,39.38033],[140.32313,39.38103],[140.32314,39.3821],[140.32019,39.38259],[140.31839,39.38166],[140.31749,39.38145],[140.31523,39.38042],[140.3151,39.37963],[140.31341,39.37939],[140.31194,39.37873],[140.3103,39.37961],[140.30862,39.37952],[140.30746,39.38012],[140.30455,39.37934],[140.30327,39.37843],[140.302,39.37817],[140.30082,39.37815],[140.30138,39.37706],[140.30084,39.3766],[140.30071,39.37506],[140.30015,39.37452],[140.29973,39.37602],[140.29992,39.37723],[140.2997,39.37785],[140.29864,39.37848],[140.29737,39.37893],[140.29667,39.37879],[140.29586,39.37819],[140.29407,39.37853],[140.29359,39.37756],[140.29407,39.37743],[140.29598,39.37749],[140.29512,39.37656],[140.29516,39.37615],[140.2944,39.37467],[140.2932,39.37628],[140.2922,39.37595],[140.29213,39.37674],[140.29078,39.37663],[140.28997,39.37613],[140.28845,39.37578],[140.28876,39.37439],[140.28707,39.37344],[140.28696,39.37305],[140.28588,39.37295],[140.28502,39.37418],[140.28353,39.37521],[140.2823,39.37429],[140.28104,39.37364],[140.28091,39.37423],[140.28001,39.37474],[140.27931,39.37554],[140.27828,39.37548],[140.27645,39.37494],[140.27576,39.37548],[140.27341,39.37619],[140.27175,39.3762],[140.27015,39.37668],[140.26861,39.37622],[140.26696,39.37634],[140.26656,39.3771],[140.26506,39.37843],[140.2641,39.37885],[140.2619,39.37799],[140.26269,39.3769],[140.26265,39.37591],[140.26366,39.37473],[140.26417,39.37364],[140.26606,39.3727],[140.26624,39.37136],[140.26727,39.37082],[140.2675,39.37031],[140.26674,39.36803],[140.26772,39.3667],[140.26816,39.36553],[140.27156,39.36388],[140.27291,39.36282],[140.27163,39.36192],[140.27005,39.36114],[140.27026,39.3603],[140.26923,39.35921],[140.26948,39.35798],[140.26886,39.35596],[140.26937,39.35523],[140.27125,39.35469],[140.27293,39.35547],[140.27513,39.35578],[140.2759,39.3549],[140.27602,39.35412],[140.27725,39.35363],[140.2784,39.3546],[140.27901,39.35487],[140.27937,39.35595],[140.28085,39.35767],[140.28299,39.35591],[140.28383,39.3556],[140.28419,39.35483],[140.28534,39.35514],[140.28631,39.35434],[140.28771,39.35507],[140.28845,39.35462],[140.28972,39.35476],[140.29146,39.35457],[140.29211,39.35323],[140.29294,39.3532],[140.29444,39.35348],[140.29573,39.35459],[140.29669,39.35412],[140.29803,39.35473],[140.29849,39.35464],[140.29933,39.35299],[140.29934,39.35175],[140.3,39.35038],[140.30033,39.34863],[140.30129,39.3479],[140.30165,39.34676],[140.30241,39.34665],[140.30339,39.3469],[140.30362,39.34756],[140.30485,39.34808],[140.30552,39.34775],[140.30713,39.34775],[140.3085,39.34806],[140.31064,39.34757],[140.31173,39.34864],[140.31297,39.3492],[140.3153,39.34946],[140.31591,39.34971],[140.31812,39.34861],[140.3197,39.34875],[140.32036,39.34812],[140.32032,39.34748],[140.31891,39.34602],[140.31958,39.34533],[140.32087,39.3445],[140.32169,39.34455],[140.32288,39.34358],[140.32409,39.34331],[140.32561,39.34212],[140.32716,39.34189],[140.32812,39.34139],[140.32884,39.34012],[140.32971,39.33948],[140.32966,39.33731],[140.33024,39.33646],[140.33007,39.33578],[140.32831,39.33482],[140.32736,39.33373],[140.32662,39.33233],[140.32712,39.33216],[140.32832,39.33091],[140.32947,39.33043],[140.3299,39.32977],[140.32949,39.32893],[140.32826,39.3278],[140.32793,39.32701],[140.32801,39.3255],[140.33095,39.32479],[140.33181,39.32514],[140.33227,39.32495],[140.33381,39.32501],[140.33538,39.3261],[140.33568,39.32709],[140.33747,39.32764],[140.33933,39.32731],[140.3405,39.32745],[140.3421,39.32678],[140.34217,39.32572],[140.34096,39.32442],[140.34098,39.32399],[140.34006,39.32288],[140.34042,39.32129],[140.34106,39.32013],[140.34109,39.31862],[140.34192,39.31848],[140.34204,39.31745],[140.34036,39.31655],[140.34039,39.31578],[140.34101,39.31542],[140.3403,39.31431],[140.34086,39.31292],[140.34056,39.31245],[140.34162,39.31156],[140.34222,39.31143],[140.34251,39.31044],[140.3439,39.30979],[140.3453,39.30884],[140.34723,39.30818],[140.34811,39.3073],[140.34927,39.30698],[140.35014,39.30563],[140.35206,39.30559],[140.35246,39.30541],[140.35267,39.30442],[140.35223,39.30339],[140.35286,39.30194],[140.3534,39.30184],[140.35409,39.30116],[140.35355,39.30029],[140.35417,39.29984],[140.35431,39.29927],[140.3554,39.2988],[140.35593,39.2976],[140.35555,39.29685],[140.35439,39.29645],[140.35409,39.2956],[140.3526,39.29546],[140.35217,39.29606],[140.35127,39.29639],[140.34952,39.29661],[140.34802,39.29638],[140.34668,39.29596],[140.34431,39.29578],[140.34231,39.29517],[140.34225,39.2934],[140.34172,39.29283],[140.33948,39.29142],[140.3391,39.29089],[140.34027,39.29019],[140.3403,39.28926],[140.33945,39.28839],[140.34007,39.28749],[140.3397,39.28693],[140.34,39.28558],[140.33994,39.2849],[140.3386,39.28448],[140.33862,39.28378],[140.33827,39.28236],[140.33969,39.28104],[140.33952,39.28038],[140.33894,39.27967],[140.33786,39.27922],[140.33718,39.27804],[140.33673,39.27652],[140.33533,39.27545],[140.33426,39.27487],[140.33311,39.27374],[140.33152,39.27387],[140.33048,39.27355],[140.33098,39.27249],[140.33108,39.27111],[140.33179,39.27018],[140.33154,39.26827],[140.33094,39.26784],[140.32945,39.26503],[140.32984,39.26406],[140.32987,39.26148],[140.33075,39.26137],[140.33108,39.26097],[140.33353,39.25971],[140.33464,39.25976],[140.33569,39.25941],[140.33649,39.25958],[140.33747,39.25919],[140.33839,39.25912],[140.33926,39.25951],[140.3402,39.25919],[140.34084,39.25823],[140.34171,39.25779],[140.34238,39.25704],[140.3423,39.25566],[140.34134,39.25504],[140.34158,39.25424],[140.3432,39.25378],[140.34344,39.25284],[140.34334,39.25181],[140.34375,39.25121],[140.34473,39.25113],[140.34525,39.2515],[140.34637,39.25127],[140.34676,39.25049],[140.34818,39.25146],[140.35014,39.25339],[140.35139,39.2542],[140.35247,39.25467],[140.35268,39.25519],[140.35394,39.25596],[140.35539,39.25564],[140.35684,39.25596],[140.35812,39.25718],[140.35904,39.25718],[140.36022,39.25778],[140.36105,39.25934],[140.36188,39.26039],[140.36277,39.26096],[140.36379,39.26035],[140.36646,39.26156],[140.3691,39.26161],[140.37047,39.26187],[140.37262,39.26173],[140.37405,39.26209],[140.3758,39.26133],[140.37644,39.26131],[140.37696,39.26074],[140.37755,39.26072],[140.37847,39.25997],[140.3795,39.25946],[140.38028,39.25979],[140.38195,39.26103],[140.38239,39.26087],[140.38489,39.26072],[140.38617,39.25952],[140.3872,39.25973],[140.38778,39.25933],[140.39035,39.26008],[140.39114,39.26007],[140.39305,39.25967],[140.39346,39.2603],[140.39408,39.26021],[140.39631,39.25931],[140.39758,39.25914],[140.39896,39.25959],[140.39811,39.26307],[140.39809,39.26365],[140.39988,39.26379],[140.40018,39.2634],[140.4017,39.26014],[140.40196,39.25876],[140.40163,39.25687],[140.40179,39.25618],[140.40319,39.25543],[140.40722,39.25302],[140.40821,39.25234],[140.41006,39.25151],[140.40948,39.25036],[140.40825,39.24747],[140.40983,39.24801],[140.41106,39.24806],[140.41203,39.24783],[140.41416,39.24696],[140.416,39.24575],[140.41761,39.24653],[140.42159,39.24429],[140.42529,39.24256],[140.42468,39.24218],[140.42355,39.24224],[140.42312,39.24199],[140.42187,39.24006],[140.42144,39.23962],[140.42429,39.23606],[140.42152,39.23479],[140.42179,39.23382],[140.42139,39.23274],[140.42174,39.23223],[140.42203,39.23035],[140.42284,39.22993],[140.4236,39.22897],[140.42623,39.23024],[140.43016,39.2252],[140.43234,39.2262],[140.43338,39.22492],[140.43447,39.22545],[140.43509,39.22468],[140.43632,39.22545],[140.43617,39.226],[140.43871,39.22596],[140.4418,39.22575],[140.44217,39.22509],[140.44208,39.22408],[140.44223,39.21954],[140.44327,39.2187],[140.44392,39.21785],[140.44513,39.21721],[140.4456,39.21632]]]]}},
  {"type":"Feature","properties":{"name":"大館市","code":"05204"},"geometry":{"type":"MultiPolygon","coordinates":[[[[140.35315,40.35489],[140.35416,40.35442],[140.35572,40.35452],[140.35671,40.35435],[140.3586,40.35226],[140.35911,40.35194],[140.36129,40.35147],[140.36174,40.35166],[140.36403,40.3515],[140.36503,40.35205],[140.36692,40.35162],[140.36754,40.35039],[140.36761,40.34852],[140.36712,40.34833],[140.36673,40.3475],[140.36823,40.34692],[140.36963,40.34694],[140.37005,40.34656],[140.36992,40.34505],[140.37059,40.34502],[140.37193,40.34575],[140.37298,40.34543],[140.374,40.34472],[140.37407,40.34431],[140.37535,40.34393],[140.37608,40.34248],[140.37582,40.34076],[140.37536,40.33973],[140.37622,40.33873],[140.37576,40.33738],[140.3749,40.33574],[140.37503,40.33393],[140.37605,40.33328],[140.37574,40.33166],[140.37639,40.33026],[140.37568,40.3287],[140.37672,40.32816],[140.37656,40.32641],[140.37788,40.32609],[140.37584,40.32488],[140.37723,40.32435],[140.37775,40.32358],[140.37848,40.32305],[140.37761,40.32222],[140.37768,40.32181],[140.37679,40.32067],[140.37736,40.3198],[140.37797,40.31982],[140.3804,40.31913],[140.38008,40.3179],[140.38114,40.31665],[140.38141,40.31547],[140.38408,40.31397],[140.38367,40.31271],[140.3841,40.31238],[140.38382,40.31056],[140.384,40.30958],[140.38325,40.30893],[140.38441,40.30785],[140.38454,40.30692],[140.38638,40.30564],[140.38731,40.3056],[140.38901,40.30592],[140.3886,40.30504],[140.38854,40.30406],[140.3889,40.30346],[140.38978,40.30318],[140.39066,40.30171],[140.39203,40.30115],[140.39223,40.30037],[140.3933,40.29956],[140.39302,40.29796],[140.39339,40.29732],[140.39345,40.29638],[140.39441,40.29576],[140.39377,40.29514],[140.39495,40.29397],[140.39623,40.29376],[140.39667,40.293],[140.39646,40.29157],[140.39702,40.29111],[140.39839,40.29124],[140.3991,40.29033],[140.4008,40.28905],[140.40174,40.28779],[140.40102,40.28725],[140.40071,40.28574],[140.40175,40.28512],[140.40173,40.28418],[140.40221,40.28344],[140.40335,40.28259],[140.40374,40.28202],[140.40538,40.2819],[140.40468,40.28054],[140.40538,40.27988],[140.40641,40.27987],[140.40688,40.27894],[140.40778,40.27931],[140.40881,40.27891],[140.40927,40.27755],[140.41186,40.27691],[140.41269,40.27552],[140.4134,40.27494],[140.41425,40.27475],[140.41548,40.27484],[140.4162,40.27433],[140.41597,40.27245],[140.41615,40.27156],[140.41463,40.27044],[140.41328,40.26907],[140.41283,40.26888],[140.41099,40.26724],[140.41055,40.26705],[140.41043,40.26572],[140.40973,40.26471],[140.40857,40.26385],[140.40737,40.2633],[140.40801,40.26214],[140.40844,40.26181],[140.40687,40.26073],[140.40778,40.26067],[140.40977,40.26196],[140.41065,40.26237],[140.41245,40.26265],[140.41222,40.26102],[140.41233,40.25682],[140.41447,40.25752],[140.41499,40.25704],[140.41578,40.25726],[140.41621,40.25641],[140.4153,40.25636],[140.41512,40.25592],[140.41842,40.25559],[140.42044,40.25433],[140.42196,40.25402],[140.42241,40.25421],[140.42419,40.25419],[140.42448,40.25392],[140.42605,40.25396],[140.42695,40.25452],[140.42781,40.25468],[140.42936,40.25576],[140.43108,40.25548],[140.43279,40.25607],[140.43479,40.25631],[140.43569,40.25719],[140.4366,40.25749],[140.4374,40.25698],[140.43929,40.25667],[140.44053,40.25724],[140.44243,40.25724],[140.44384,40.25745],[140.44449,40.25688],[140.44666,40.25648],[140.44733,40.25516],[140.44727,40.25371],[140.44887,40.25387],[140.4498,40.25239],[140.4496,40.25165],[140.44843,40.25112],[140.44861,40.25001],[140.44807,40.24939],[140.44767,40.2484],[140.44821,40.24776],[140.44966,40.24778],[140.45062,40.24749],[140.45152,40.24757],[140.45199,40.2465],[140.45183,40.24567],[140.45221,40.24516],[140.45409,40.24489],[140.45552,40.24489],[140.4572,40.24433],[140.45848,40.243],[140.45916,40.24202],[140.46027,40.24167],[140.46171,40.24202],[140.4636,40.24208],[140.46478,40.24172],[140.46538,40.24116],[140.46722,40.24065],[140.46959,40.24161],[140.47074,40.2416],[140.47152,40.24108],[140.47143,40.23802],[140.47183,40.23726],[140.47119,40.23641],[140.47199,40.23554],[140.47187,40.23422],[140.47225,40.23303],[140.47155,40.23257],[140.47054,40.23126],[140.46919,40.22889],[140.46914,40.22784],[140.46869,40.22633],[140.46932,40.22527],[140.46913,40.22457],[140.46929,40.22334],[140.4684,40.22254],[140.47035,40.22153],[140.47094,40.22053],[140.47223,40.22014],[140.47254,40.21912],[140.47404,40.21826],[140.4759,40.21825],[140.47851,40.2171],[140.47974,40.21701],[140.47981,40.21592],[140.48038,40.21516],[140.48149,40.21429],[140.4823,40.21406],[140.48491,40.21389],[140.48544,40.21314],[140.48527,40.21224],[140.48581,40.21081],[140.48492,40.21013],[140.48519,40.20929],[140.48499,40.20851],[140.48517,40.2073],[140.48597,40.20641],[140.48585,40.20582],[140.48637,40.20359],[140.48713,40.20191],[140.4868,40.20137],[140.48527,40.20012],[140.48392,40.19968],[140.48381,40.19789],[140.48357,40.19731],[140.48238,40.19633],[140.48026,40.19611],[140.47976,40.19621],[140.48002,40.19474],[140.47976,40.1935],[140.4792,40.19256],[140.4795,40.19158],[140.481,40.19108],[140.4831,40.18882],[140.48459,40.18764],[140.48453,40.18677],[140.48396,40.1861],[140.48475,40.18506],[140.48531,40.1834],[140.48631,40.18296],[140.48699,40.18218],[140.48694,40.18081],[140.48752,40.18028],[140.48718,40.17957],[140.48814,40.17849],[140.48942,40.17817],[140.49085,40.17838],[140.49256,40.17794],[140.49319,40.17673],[140.49468,40.17587],[140.49502,40.17517],[140.49513,40.17402],[140.49376,40.17297],[140.49226,40.17267],[140.49133,40.17189],[140.49129,40.17046],[140.49024,40.1694],[140.48968,40.16785],[140.49046,40.16741],[140.49145,40.16722],[140.492,40.16662],[140.49371,40.16654],[140.49426,40.16613],[140.49493,40.16658],[140.49673,40.16644],[140.49763,40.16591],[140.49789,40.16491],[140.4987,40.16465],[140.49983,40.16508],[140.50202,40.1645],[140.5022,40.16354],[140.5012,40.16217],[140.50202,40.16159],[140.50161,40.16034],[140.50034,40.15988],[140.5001,40.1592],[140.49949,40.15866],[140.4986,40.15844],[140.49844,40.15717],[140.49785,40.15662],[140.49575,40.15576],[140.49623,40.15389],[140.49813,40.15379],[140.49884,40.15354],[140.49987,40.154],[140.50228,40.15428],[140.50282,40.15468],[140.50486,40.15481],[140.50679,40.15616],[140.50727,40.15576],[140.50766,40.15484],[140.50944,40.1536],[140.50991,40.15348],[140.51093,40.15242],[140.51193,40.1519],[140.51432,40.15237],[140.51446,40.15179],[140.5156,40.15081],[140.51685,40.15087],[140.51732,40.15038],[140.51769,40.14934],[140.51877,40.14862],[140.51925,40.14744],[140.52036,40.14729],[140.52262,40.14842],[140.52318,40.14927],[140.52561,40.14989],[140.52578,40.15044],[140.52684,40.15058],[140.52852,40.15136],[140.53003,40.1513],[140.53072,40.15185],[140.53181,40.15401],[140.53213,40.15518],[140.53336,40.15558],[140.53343,40.1564],[140.53447,40.15694],[140.53511,40.15836],[140.5362,40.15837],[140.53853,40.15939],[140.54024,40.15815],[140.54109,40.15674],[140.54152,40.15648],[140.54349,40.15613],[140.54497,40.1536],[140.54478,40.15278],[140.54389,40.15188],[140.54319,40.15042],[140.54292,40.1482],[140.5433,40.14755],[140.54322,40.14547],[140.54358,40.14414],[140.54348,40.14296],[140.54531,40.14293],[140.54656,40.14245],[140.54829,40.14206],[140.54935,40.14202],[140.55071,40.1398],[140.55079,40.13873],[140.55157,40.13833],[140.55279,40.1363],[140.55296,40.13495],[140.55381,40.1347],[140.55589,40.13484],[140.55718,40.13428],[140.55894,40.13496],[140.56093,40.13487],[140.56263,40.13443],[140.56344,40.134],[140.56545,40.13348],[140.56877,40.13291],[140.5697,40.1326],[140.57071,40.13261],[140.57172,40.13189],[140.57231,40.13178],[140.57455,40.13209],[140.57576,40.13189],[140.57777,40.13042],[140.58115,40.13023],[140.5825,40.13],[140.58341,40.13063],[140.58448,40.13084],[140.58624,40.13038],[140.58819,40.13028],[140.59022,40.12959],[140.59087,40.1284],[140.59183,40.12764],[140.59342,40.12701],[140.59474,40.12606],[140.5954,40.12505],[140.59746,40.12291],[140.59822,40.12249],[140.59956,40.12213],[140.60107,40.12204],[140.60143,40.1201],[140.60132,40.11864],[140.60097,40.11806],[140.60144,40.11736],[140.60105,40.11574],[140.60114,40.11526],[140.60269,40.11281],[140.60271,40.11256],[140.60149,40.11152],[140.60103,40.10966],[140.60016,40.10797],[140.59937,40.10542],[140.59935,40.10467],[140.59973,40.104],[140.5989,40.1021],[140.59881,40.10003],[140.60007,40.09814],[140.60072,40.09752],[140.6015,40.09638],[140.60118,40.09452],[140.60026,40.09341],[140.6003,40.09307],[140.60179,40.09155],[140.60131,40.08965],[140.60035,40.08897],[140.5997,40.08808],[140.60006,40.08736],[140.6029,40.08715],[140.60529,40.0872],[140.60617,40.08711],[140.60681,40.08608],[140.6079,40.08494],[140.61066,40.08358],[140.61159,40.083],[140.61219,40.08228],[140.61217,40.08181],[140.61304,40.08123],[140.61468,40.08043],[140.61651,40.08036],[140.61767,40.08062],[140.61889,40.08121],[140.62101,40.08263],[140.62132,40.0838],[140.62264,40.08444],[140.6231,40.08497],[140.6249,40.08577],[140.62519,40.08643],[140.62787,40.08788],[140.62995,40.08822],[140.63168,40.08959],[140.63424,40.09034],[140.63484,40.09084],[140.63623,40.09115],[140.63732,40.09121],[140.63832,40.08975],[140.63845,40.08837],[140.63924,40.08645],[140.63922,40.08565],[140.63961,40.08499],[140.64242,40.08522],[140.64436,40.08618],[140.64558,40.08634],[140.64669,40.08684],[140.64955,40.08758],[140.65199,40.0866],[140.65283,40.08594],[140.65395,40.08573],[140.65493,40.0851],[140.65643,40.08513],[140.65689,40.08476],[140.65832,40.08439],[140.65982,40.08447],[140.66175,40.08287],[140.66156,40.08164],[140.66088,40.08094],[140.66103,40.0799],[140.66079,40.07793],[140.66146,40.0778],[140.66381,40.07842],[140.66424,40.07718],[140.66497,40.07675],[140.66547,40.07556],[140.66624,40.07459],[140.66723,40.07456],[140.66912,40.0752],[140.67069,40.07547],[140.67164,40.07444],[140.67259,40.074],[140.67378,40.07403],[140.67471,40.07377],[140.67605,40.07462],[140.67627,40.07539],[140.67751,40.07634],[140.67769,40.07779],[140.67919,40.07827],[140.68003,40.07796],[140.6795,40.07704],[140.67945,40.07569],[140.67966,40.07493],[140.68058,40.07465],[140.68123,40.07411],[140.68276,40.0739],[140.68342,40.07338],[140.68462,40.07358],[140.68502,40.07336],[140.68572,40.0723],[140.68724,40.07224],[140.68755,40.0713],[140.68871,40.07059],[140.68987,40.07025],[140.68945,40.06904],[140.68859,40.06767],[140.68888,40.06746],[140.69021,40.06758],[140.69071,40.06707],[140.69001,40.06592],[140.69033,40.06522],[140.69212,40.06479],[140.69264,40.06363],[140.69093,40.06286],[140.69078,40.06147],[140.69001,40.06106],[140.68962,40.05932],[140.68978,40.05878],[140.69064,40.05841],[140.6904,40.05712],[140.69059,40.05627],[140.69236,40.05508],[140.69238,40.05439],[140.69322,40.05334],[140.69326,40.05239],[140.69379,40.05146],[140.69488,40.05025],[140.69603,40.04997],[140.69596,40.04888],[140.69712,40.04838],[140.69748,40.04898],[140.69866,40.04985],[140.69888,40.05063],[140.69838,40.05148],[140.69823,40.05289],[140.70006,40.05454],[140.70046,40.05535],[140.70122,40.0557],[140.70245,40.05677],[140.70351,40.05733],[140.70461,40.05829],[140.70582,40.05967],[140.70601,40.06028],[140.70593,40.06156],[140.70622,40.0634],[140.70665,40.06401],[140.70803,40.06491],[140.70956,40.06622],[140.7102,40.06788],[140.71113,40.06821],[140.71106,40.06907],[140.71142,40.07032],[140.71068,40.07134],[140.71145,40.0731],[140.71165,40.07441],[140.71322,40.07565],[140.71437,40.07604],[140.71449,40.0775],[140.71514,40.07786],[140.7163,40.07801],[140.71686,40.07833],[140.71675,40.07965],[140.7173,40.08018],[140.7169,40.08128],[140.71563,40.08304],[140.71497,40.08471],[140.71498,40.08551],[140.71455,40.08683],[140.71526,40.08919],[140.71671,40.09155],[140.71644,40.09255],[140.71686,40.09379],[140.7168,40.09444],[140.71565,40.09526],[140.71526,40.09612],[140.71562,40.0974],[140.71561,40.09946],[140.71619,40.1015],[140.71582,40.10272],[140.71539,40.10329],[140.71529,40.10429],[140.71603,40.10548],[140.71663,40.106],[140.71697,40.1073],[140.71606,40.1098],[140.71645,40.11167],[140.7179,40.11245],[140.71927,40.11342],[140.72008,40.11363],[140.71966,40.11435],[140.72052,40.11627],[140.72063,40.11761],[140.72248,40.11815],[140.72308,40.11888],[140.72377,40.11918],[140.723,40.12128],[140.72199,40.12246],[140.72237,40.12445],[140.72193,40.12545],[140.72134,40.12771],[140.72289,40.12969],[140.72497,40.13002],[140.72775,40.12979],[140.72888,40.13086],[140.73025,40.13101],[140.73254,40.13179],[140.73437,40.13208],[140.73607,40.13276],[140.7364,40.1336],[140.737,40.13651],[140.73662,40.13776],[140.73904,40.13981],[140.73943,40.14032],[140.73885,40.14098],[140.73934,40.14216],[140.7404,40.14304],[140.74111,40.14475],[140.74292,40.14574],[140.74358,40.14704],[140.74325,40.14823],[140.74336,40.15032],[140.7442,40.15136],[140.74339,40.15151],[140.74234,40.15215],[140.74068,40.15236],[140.73895,40.15307],[140.73802,40.15371],[140.73576,40.15369],[140.73418,40.15308],[140.7328,40.15302],[140.73201,40.15337],[140.72935,40.15319],[140.72893,40.15361],[140.7276,40.15318],[140.72588,40.15405],[140.72513,40.15493],[140.72501,40.15624],[140.72389,40.15614],[140.72335,40.15672],[140.72224,40.15622],[140.72151,40.15618],[140.72024,40.15524],[140.71798,40.15504],[140.71581,40.15529],[140.715,40.15485],[140.71313,40.1551],[140.71263,40.15621],[140.7126,40.15681],[140.71209,40.15736],[140.71158,40.15855],[140.71206,40.15954],[140.71132,40.15992],[140.71023,40.16123],[140.70915,40.16177],[140.70785,40.1616],[140.70657,40.1605],[140.70499,40.16058],[140.70417,40.16104],[140.7033,40.16381],[140.70386,40.16529],[140.70407,40.16721],[140.70379,40.16805],[140.70373,40.16941],[140.70316,40.17084],[140.702,40.17214],[140.70122,40.17443],[140.69974,40.17611],[140.69963,40.177],[140.69905,40.17809],[140.69905,40.17864],[140.6996,40.1809],[140.69928,40.18167],[140.69952,40.18384],[140.69925,40.18435],[140.70014,40.18552],[140.69988,40.18623],[140.69995,40.18822],[140.70097,40.18969],[140.70084,40.1907],[140.70112,40.19412],[140.7026,40.19466],[140.70434,40.19453],[140.70512,40.19413],[140.70678,40.19406],[140.7091,40.19339],[140.71047,40.19333],[140.7116,40.19361],[140.71367,40.19449],[140.7156,40.19443],[140.71671,40.19343],[140.71671,40.19273],[140.71881,40.19166],[140.71977,40.19168],[140.72145,40.19126],[140.72327,40.19001],[140.72501,40.18976],[140.72601,40.18928],[140.72773,40.18995],[140.72927,40.19009],[140.7292,40.19128],[140.72882,40.19262],[140.72912,40.19385],[140.72888,40.19469],[140.72803,40.19627],[140.72768,40.19724],[140.72766,40.1985],[140.72719,40.19913],[140.72633,40.201],[140.72623,40.20198],[140.72531,40.20351],[140.72465,40.20383],[140.72418,40.20499],[140.72248,40.20579],[140.72222,40.20641],[140.72279,40.20707],[140.7229,40.20788],[140.72229,40.20835],[140.7207,40.20904],[140.71991,40.20968],[140.72009,40.2103],[140.71957,40.21176],[140.71825,40.21208],[140.71802,40.21243],[140.71798,40.21373],[140.71535,40.21479],[140.71472,40.21629],[140.71388,40.21724],[140.71439,40.21954],[140.71169,40.22026],[140.7107,40.22081],[140.7104,40.22143],[140.71033,40.22259],[140.71062,40.22366],[140.71043,40.22445],[140.71056,40.22547],[140.7135,40.22539],[140.71553,40.22503],[140.71726,40.22486],[140.72065,40.22482],[140.72182,40.22496],[140.72424,40.22568],[140.72547,40.22644],[140.7267,40.22752],[140.72746,40.2287],[140.72801,40.23013],[140.72514,40.23028],[140.72461,40.23072],[140.72481,40.23254],[140.72511,40.23387],[140.7247,40.23485],[140.72539,40.23576],[140.72536,40.23853],[140.72451,40.2392],[140.72519,40.24065],[140.72576,40.2411],[140.72554,40.24169],[140.72452,40.24283],[140.72467,40.24363],[140.72546,40.24452],[140.72543,40.24627],[140.72557,40.24734],[140.726,40.24802],[140.72574,40.24854],[140.72487,40.24895],[140.72399,40.24982],[140.72268,40.25073],[140.72212,40.25146],[140.72128,40.25174],[140.72094,40.25222],[140.72541,40.25305],[140.72629,40.25382],[140.72684,40.25533],[140.72655,40.2562],[140.7244,40.2568],[140.72381,40.25762],[140.72208,40.2595],[140.72172,40.26137],[140.72233,40.26244],[140.72236,40.26354],[140.72276,40.26555],[140.72408,40.26664],[140.72536,40.26726],[140.72461,40.26926],[140.72527,40.26989],[140.72581,40.27131],[140.72515,40.27257],[140.72425,40.27303],[140.72416,40.27379],[140.72244,40.27514],[140.72234,40.27592],[140.72258,40.27685],[140.72178,40.27724],[140.72158,40.27794],[140.71975,40.2789],[140.7189,40.27952],[140.7209,40.28279],[140.72094,40.28424],[140.72152,40.28524],[140.72256,40.28769],[140.72303,40.2882],[140.72475,40.28896],[140.72549,40.28882],[140.72555,40.28992],[140.72497,40.29137],[140.72435,40.29224],[140.72478,40.29352],[140.7249,40.29488],[140.72448,40.29544],[140.72278,40.29565],[140.722,40.29653],[140.72178,40.29818],[140.72112,40.29887],[140.72045,40.30028],[140.71949,40.30137],[140.71936,40.30247],[140.7185,40.30342],[140.72041,40.30436],[140.72059,40.30467],[140.71926,40.30587],[140.71803,40.30619],[140.71712,40.30677],[140.71361,40.30838],[140.71352,40.30901],[140.71395,40.31048],[140.71366,40.31095],[140.71389,40.31199],[140.7122,40.31349],[140.7135,40.3154],[140.71358,40.31618],[140.71302,40.31655],[140.71188,40.31814],[140.71184,40.31885],[140.71125,40.3198],[140.71141,40.32083],[140.71224,40.32141],[140.71338,40.32178],[140.71388,40.32247],[140.71472,40.32283],[140.71496,40.32334],[140.71654,40.32394],[140.71768,40.32366],[140.71873,40.32432],[140.71978,40.32456],[140.72023,40.32538],[140.72006,40.32625],[140.72069,40.32673],[140.72024,40.32818],[140.72033,40.32939],[140.72193,40.32972],[140.72237,40.33069],[140.72081,40.33148],[140.71942,40.33145],[140.71703,40.3317],[140.71554,40.33232],[140.71482,40.3332],[140.71489,40.33379],[140.71646,40.33479],[140.71675,40.33535],[140.71803,40.33633],[140.718,40.33703],[140.71699,40.33719],[140.71596,40.33763],[140.71588,40.33853],[140.71524,40.34011],[140.7135,40.34],[140.71199,40.34028],[140.71154,40.341],[140.71179,40.3421],[140.71172,40.34308],[140.71129,40.3441],[140.71146,40.34547],[140.71017,40.34665],[140.71008,40.34865],[140.70904,40.34945],[140.707,40.34896],[140.70461,40.34891],[140.70406,40.34946],[140.70276,40.34963],[140.70173,40.35049],[140.70293,40.35149],[140.7031,40.35261],[140.70388,40.35344],[140.7039,40.35427],[140.70446,40.35448],[140.70541,40.354],[140.70626,40.35402],[140.7062,40.35514],[140.70434,40.35705],[140.70385,40.35818],[140.70295,40.35859],[140.70275,40.36037],[140.70191,40.36052],[140.70127,40.36133],[140.69781,40.36283],[140.69771,40.36343],[140.69707,40.36414],[140.69722,40.36515],[140.69535,40.36781],[140.69397,40.36831],[140.69302,40.36926],[140.69266,40.37026],[140.69099,40.37099],[140.69019,40.37111],[140.68926,40.37161],[140.6871,40.37145],[140.68564,40.37208],[140.68353,40.3726],[140.68309,40.37287],[140.68257,40.37392],[140.68267,40.37501],[140.68231,40.3757],[140.68289,40.37653],[140.68299,40.3773],[140.68268,40.37805],[140.68247,40.37985],[140.68282,40.38106],[140.68256,40.38252],[140.68187,40.38307],[140.68132,40.38393],[140.67968,40.38429],[140.67834,40.38525],[140.67805,40.38599],[140.67715,40.38652],[140.67769,40.38761],[140.67716,40.3889],[140.67741,40.39042],[140.67784,40.39123],[140.6773,40.39195],[140.67722,40.39293],[140.67654,40.39342],[140.67619,40.39411],[140.67634,40.39637],[140.6758,40.39707],[140.67591,40.39832],[140.67546,40.39927],[140.6754,40.40057],[140.67591,40.4013],[140.6759,40.40234],[140.67617,40.40353],[140.67562,40.40447],[140.67609,40.40596],[140.67589,40.40713],[140.67656,40.40838],[140.6769,40.41037],[140.67731,40.4115],[140.67698,40.4123],[140.67587,40.41288],[140.67544,40.4121],[140.6737,40.41194],[140.67324,40.41149],[140.67075,40.4119],[140.67007,40.41164],[140.66837,40.41169],[140.66645,40.41159],[140.66599,40.41131],[140.66628,40.40976],[140.66506,40.40848],[140.66429,40.40687],[140.66321,40.40623],[140.66246,40.4052],[140.66148,40.40445],[140.6598,40.40525],[140.65888,40.40491],[140.65638,40.40448],[140.65542,40.4048],[140.65369,40.4036],[140.65265,40.40335],[140.65145,40.40384],[140.64967,40.40372],[140.64864,40.40403],[140.64765,40.40362],[140.64523,40.40309],[140.64372,40.40357],[140.64104,40.40518],[140.64014,40.40465],[140.63797,40.40383],[140.63645,40.40354],[140.63405,40.40234],[140.63248,40.40386],[140.63272,40.40452],[140.63371,40.40588],[140.63515,40.40641],[140.63629,40.40948],[140.63508,40.4098],[140.63429,40.41037],[140.63393,40.41098],[140.63364,40.41573],[140.63291,40.41682],[140.63293,40.41771],[140.63181,40.41804],[140.63046,40.41938],[140.6286,40.4201],[140.62635,40.42118],[140.62548,40.42174],[140.62618,40.42306],[140.62557,40.4241],[140.62466,40.42412],[140.62361,40.42452],[140.62266,40.42406],[140.62151,40.42409],[140.62017,40.42357],[140.61809,40.42329],[140.61688,40.42364],[140.6159,40.42366],[140.61518,40.42402],[140.61204,40.42368],[140.61059,40.4242],[140.60983,40.42483],[140.609,40.42483],[140.60845,40.42548],[140.60662,40.42569],[140.60589,40.426],[140.60503,40.427],[140.60388,40.42757],[140.60359,40.42992],[140.6027,40.43092],[140.60082,40.43167],[140.5992,40.43298],[140.59706,40.43366],[140.59573,40.43457],[140.59446,40.4351],[140.59223,40.43563],[140.58973,40.43611],[140.59004,40.43366],[140.58871,40.4302],[140.58722,40.42929],[140.58529,40.42901],[140.58338,40.42982],[140.58189,40.42984],[140.58,40.42953],[140.57845,40.42888],[140.57724,40.42928],[140.57561,40.42892],[140.5741,40.42614],[140.57145,40.42616],[140.57032,40.42602],[140.56838,40.42614],[140.56619,40.42595],[140.56479,40.42569],[140.56295,40.42608],[140.56216,40.42702],[140.56091,40.42606],[140.5588,40.42572],[140.55764,40.42569],[140.55701,40.42461],[140.55566,40.42307],[140.55485,40.42245],[140.55479,40.42162],[140.55337,40.42056],[140.55321,40.41998],[140.55477,40.4192],[140.55557,40.41749],[140.55638,40.41632],[140.55625,40.41516],[140.5569,40.41444],[140.55791,40.41407],[140.55856,40.41339],[140.55936,40.41134],[140.56105,40.41018],[140.5627,40.40981],[140.56357,40.40854],[140.56469,40.40809],[140.56597,40.40647],[140.5662,40.40484],[140.56571,40.40369],[140.56658,40.40305],[140.56796,40.40138],[140.56879,40.40092],[140.56874,40.4004],[140.56707,40.39864],[140.56544,40.39804],[140.56419,40.3983],[140.56317,40.39822],[140.56177,40.39761],[140.56068,40.39769],[140.55915,40.39706],[140.55828,40.39737],[140.55728,40.39856],[140.55634,40.39919],[140.55479,40.3999],[140.55308,40.40028],[140.55253,40.40062],[140.55055,40.40094],[140.54994,40.40223],[140.54839,40.40291],[140.54795,40.40388],[140.54735,40.40391],[140.54492,40.40272],[140.54385,40.40275],[140.54289,40.40326],[140.54078,40.40268],[140.54014,40.40297],[140.53938,40.40406],[140.53814,40.4046],[140.53779,40.40503],[140.53729,40.40767],[140.53629,40.40857],[140.53589,40.40952],[140.53383,40.41026],[140.53218,40.41128],[140.53019,40.41136],[140.52897,40.41086],[140.52683,40.41058],[140.52606,40.41034],[140.52381,40.41021],[140.52366,40.41087],[140.52446,40.4116],[140.52514,40.41327],[140.5249,40.41457],[140.524,40.41666],[140.52439,40.41895],[140.52427,40.41967],[140.52563,40.41953],[140.52981,40.42026],[140.52936,40.42325],[140.53019,40.42499],[140.53081,40.42671],[140.53058,40.42792],[140.52993,40.42837],[140.52991,40.43026],[140.52965,40.43054],[140.52788,40.43133],[140.52636,40.43087],[140.52468,40.43077],[140.5233,40.43092],[140.52146,40.4304],[140.51883,40.43079],[140.51728,40.43032],[140.51368,40.42854],[140.51232,40.4293],[140.51112,40.42906],[140.51053,40.42868],[140.50845,40.42853],[140.50757,40.42927],[140.50528,40.43013],[140.50257,40.43145],[140.50179,40.4327],[140.50132,40.43429],[140.49997,40.43503],[140.49801,40.43645],[140.49652,40.43653],[140.49505,40.43692],[140.49259,40.43803],[140.49151,40.43796],[140.48971,40.43848],[140.48801,40.43932],[140.48627,40.44038],[140.48516,40.44087],[140.48138,40.44176],[140.48167,40.44215],[140.48318,40.44278],[140.48373,40.44348],[140.48386,40.44467],[140.48432,40.44622],[140.48378,40.4474],[140.48167,40.44927],[140.48097,40.4505],[140.48101,40.45164],[140.47937,40.45226],[140.47857,40.45236],[140.47765,40.45307],[140.47666,40.45291],[140.47532,40.45343],[140.47334,40.45339],[140.47196,40.45369],[140.47064,40.45342],[140.46779,40.45384],[140.46589,40.45398],[140.46565,40.45519],[140.46473,40.45618],[140.46422,40.45643],[140.46317,40.45592],[140.46075,40.45605],[140.45941,40.45645],[140.4577,40.45537],[140.45628,40.45494],[140.45544,40.45487],[140.45343,40.45437],[140.45249,40.45346],[140.45153,40.45351],[140.45007,40.45406],[140.44866,40.45396],[140.44718,40.45258],[140.44526,40.45224],[140.44382,40.45063],[140.44257,40.45013],[140.44159,40.44996],[140.43995,40.45008],[140.4397,40.45041],[140.44032,40.45249],[140.43937,40.45295],[140.43883,40.45394],[140.43755,40.45527],[140.43747,40.45606],[140.43792,40.45783],[140.43781,40.45885],[140.43671,40.45949],[140.43682,40.46052],[140.43739,40.46221],[140.43735,40.46436],[140.43702,40.46547],[140.43563,40.46657],[140.43346,40.4677],[140.43351,40.46936],[140.43317,40.46988],[140.43354,40.47147],[140.43321,40.47185],[140.43385,40.47273],[140.43521,40.47378],[140.43506,40.47471],[140.4362,40.47625],[140.43646,40.47729],[140.43727,40.47845],[140.43574,40.47997],[140.43412,40.48061],[140.43212,40.48059],[140.43119,40.48171],[140.42902,40.4817],[140.42774,40.48244],[140.42708,40.48259],[140.42366,40.48156],[140.4213,40.48135],[140.42024,40.48062],[140.4175,40.47995],[140.41618,40.47888],[140.41392,40.47763],[140.41216,40.47652],[140.41091,40.47644],[140.40932,40.4753],[140.40725,40.47468],[140.40612,40.47464],[140.4045,40.47544],[140.40273,40.47494],[140.40213,40.47504],[140.40166,40.47727],[140.4013,40.47758],[140.39846,40.47774],[140.39672,40.47823],[140.39693,40.47953],[140.39592,40.48084],[140.39567,40.48204],[140.3941,40.48277],[140.39413,40.48502],[140.39353,40.48521],[140.3922,40.48475],[140.39116,40.48528],[140.38971,40.48557],[140.38828,40.48702],[140.38696,40.48706],[140.38612,40.48643],[140.38375,40.48513],[140.38348,40.48404],[140.38211,40.48197],[140.38181,40.48037],[140.38131,40.47933],[140.38058,40.47876],[140.37862,40.47813],[140.37795,40.47654],[140.37537,40.47631],[140.37258,40.47619],[140.37153,40.47647],[140.3702,40.47648],[140.36937,40.47711],[140.36862,40.47724],[140.36719,40.47702],[140.36481,40.47854],[140.36408,40.47835],[140.3613,40.47839],[140.3599,40.47724],[140.3599,40.47592],[140.35782,40.47472],[140.35673,40.47459],[140.35497,40.47327],[140.3539,40.47229],[140.35331,40.46988],[140.35216,40.46871],[140.34949,40.46842],[140.34781,40.46755],[140.34811,40.46697],[140.34801,40.46566],[140.34839,40.4648],[140.34793,40.46249],[140.34702,40.46156],[140.3448,40.4618],[140.34337,40.46166],[140.34289,40.4603],[140.34365,40.45766],[140.34342,40.45729],[140.34389,40.45649],[140.3427,40.45469],[140.34363,40.45316],[140.34378,40.4522],[140.34261,40.45145],[140.34222,40.45081],[140.34133,40.4504],[140.34113,40.44971],[140.34178,40.44689],[140.3406,40.44608],[140.34071,40.44533],[140.33982,40.44426],[140.34067,40.44323],[140.33924,40.4422],[140.33915,40.44114],[140.33704,40.44063],[140.33522,40.43938],[140.3353,40.43874],[140.33493,40.43729],[140.33515,40.43632],[140.33559,40.43583],[140.3354,40.43455],[140.33571,40.43333],[140.33511,40.43244],[140.33444,40.43082],[140.33487,40.42952],[140.33368,40.42819],[140.3334,40.42732],[140.33413,40.42594],[140.33596,40.42551],[140.33638,40.42498],[140.33641,40.4242],[140.33554,40.42302],[140.33614,40.4223],[140.33551,40.42211],[140.33372,40.42083],[140.33268,40.41968],[140.33313,40.41909],[140.33451,40.4159],[140.33547,40.4155],[140.33557,40.41442],[140.33537,40.41351],[140.33654,40.41173],[140.33645,40.41],[140.337,40.40786],[140.33628,40.40677],[140.33651,40.40572],[140.33316,40.4032],[140.33336,40.4022],[140.33304,40.40173],[140.33362,40.4009],[140.33436,40.40045],[140.33325,40.39876],[140.33327,40.3976],[140.33303,40.39647],[140.33481,40.39311],[140.33435,40.39178],[140.33453,40.38935],[140.33379,40.3888],[140.33343,40.38796],[140.3341,40.3869],[140.33442,40.38576],[140.33612,40.38415],[140.33776,40.38341],[140.3375,40.38289],[140.33748,40.38175],[140.33771,40.38003],[140.33812,40.37945],[140.33828,40.37846],[140.33967,40.3776],[140.34036,40.37668],[140.34212,40.37556],[140.34304,40.37513],[140.34417,40.37496],[140.34627,40.37587],[140.34683,40.37565],[140.34728,40.37471],[140.34816,40.37409],[140.34889,40.37399],[140.35028,40.3734],[140.35002,40.3724],[140.35025,40.37191],[140.35224,40.37054],[140.35385,40.36974],[140.35475,40.36801],[140.35643,40.36656],[140.35593,40.36595],[140.35569,40.36399],[140.35493,40.3628],[140.35348,40.36124],[140.35323,40.36023],[140.3538,40.35948],[140.35228,40.35658],[140.35316,40.35535],[140.35315,40.35489]]]]}},
  {"type":"Feature","properties":{"name":"男鹿市","code":"05206"},"geometry":{"type":"MultiPolygon","coordinates":[[[[139.94537,40.07303],[139.94378,40.07105],[139.9436,40.07054],[139.94218,40.06845],[139.94136,40.06688],[139.94054,40.06593],[139.9403,40.06496],[139.93925,40.06381],[139.93688,40.06007],[139.93488,40.05727],[139.9329,40.05431],[139.9321,40.05279],[139.93103,40.0516],[139.92672,40.04562],[139.92601,40.04482],[139.92523,40.04333],[139.92453,40.04253],[139.92377,40.0411],[139.92233,40.03978],[139.92066,40.03771],[139.919,40.03638],[139.91826,40.03494],[139.91563,40.0322],[139.91536,40.03154],[139.91427,40.03034],[139.91303,40.02923],[139.91125,40.02689],[139.9099,40.0246],[139.90785,40.0226],[139.90747,40.02191],[139.90363,40.01788],[139.90183,40.01584],[139.89878,40.01288],[139.89726,40.01122],[139.8954,40.00964],[139.89387,40.00794],[139.8923,40.00641],[139.89095,40.00529],[139.89051,40.00464],[139.88933,40.00358],[139.8852,39.99949],[139.88428,39.9989],[139.88233,39.99693],[139.87906,39.99444],[139.87826,39.99356],[139.87513,39.99085],[139.87315,39.98943],[139.87274,39.98877],[139.86981,39.98742],[139.8679,39.98561],[139.86678,39.98495],[139.86358,39.98243],[139.8618,39.98143],[139.86141,39.981],[139.85862,39.97916],[139.85741,39.97855],[139.85589,39.9774],[139.85385,39.97625],[139.85307,39.97567],[139.84995,39.97385],[139.8497,39.97355],[139.84717,39.97245],[139.84696,39.97216],[139.84515,39.97094],[139.84185,39.96958],[139.83692,39.96706],[139.83581,39.9667],[139.83417,39.96584],[139.83214,39.96517],[139.83145,39.96471],[139.82894,39.96392],[139.82778,39.96402],[139.82676,39.96344],[139.82536,39.96296],[139.82429,39.96285],[139.82362,39.96225],[139.82282,39.96225],[139.82229,39.96159],[139.82115,39.9615],[139.82049,39.96098],[139.81955,39.96096],[139.81876,39.96028],[139.81598,39.95941],[139.80945,39.95783],[139.80725,39.95769],[139.80495,39.95727],[139.80272,39.95716],[139.80049,39.9567],[139.79774,39.9568],[139.79509,39.95778],[139.79368,39.9577],[139.79383,39.95865],[139.78601,39.96085],[139.78503,39.96251],[139.78508,39.96338],[139.78448,39.96407],[139.78469,39.96444],[139.78347,39.96569],[139.783,39.96713],[139.78165,39.96827],[139.77979,39.96889],[139.77773,39.96907],[139.77572,39.96937],[139.77411,39.96989],[139.77339,39.96982],[139.77107,39.97019],[139.77036,39.9707],[139.76969,39.97166],[139.76954,39.97276],[139.76854,39.97346],[139.76572,39.97487],[139.76137,39.97566],[139.75745,39.97647],[139.75586,39.97699],[139.75473,39.97714],[139.7517,39.97678],[139.74887,39.97774],[139.74556,39.97788],[139.74374,39.97807],[139.74176,39.97855],[139.74068,39.97904],[139.738,39.9807],[139.73804,39.981],[139.73763,39.98132],[139.73741,39.98188],[139.73642,39.98266],[139.73566,39.98266],[139.73536,39.98331],[139.73485,39.98354],[139.73462,39.98358],[139.73458,39.98375],[139.73429,39.98387],[139.73347,39.98368],[139.73338,39.98299],[139.73285,39.98205],[139.73217,39.98226],[139.73111,39.98191],[139.73033,39.98207],[139.72949,39.98142],[139.72815,39.98112],[139.72589,39.98121],[139.72516,39.98195],[139.72347,39.98163],[139.72271,39.98208],[139.72091,39.98422],[139.71996,39.98459],[139.71872,39.98562],[139.71828,39.98648],[139.71785,39.98674],[139.71754,39.98664],[139.71755,39.98696],[139.71629,39.98728],[139.71517,39.98869],[139.7152,39.98934],[139.71478,39.99036],[139.71371,39.99168],[139.71307,39.99299],[139.71254,39.99367],[139.7126,39.99515],[139.71212,39.99535],[139.71166,39.99591],[139.71163,39.99648],[139.71146,39.99669],[139.71115,39.99667],[139.71123,39.99689],[139.71061,39.9971],[139.71044,39.99718],[139.71048,39.9973],[139.71023,39.99734],[139.70995,39.99734],[139.71004,39.99743],[139.70737,39.99994],[139.70734,40.00076],[139.7085,40.00079],[139.70866,40.00143],[139.70711,40.00145],[139.70671,40.00233],[139.70521,40.00402],[139.70506,40.00407],[139.70499,40.00418],[139.70468,40.00434],[139.70412,40.00479],[139.70379,40.00494],[139.7035,40.0053],[139.70177,40.0068],[139.70095,40.00698],[139.69997,40.00628],[139.69965,40.00552],[139.69884,40.00483],[139.69911,40.00392],[139.69895,40.00271],[139.69831,40.0025],[139.69811,40.00173],[139.69697,40.00097],[139.69669,40.00022],[139.6962,39.99968],[139.6962,39.99959],[139.69593,39.99952],[139.69572,39.99934],[139.69595,39.99835],[139.69673,39.99745],[139.69636,39.99706],[139.69775,39.99636],[139.69725,39.99576],[139.695,39.99551],[139.6941,39.99635],[139.69324,39.99563],[139.69414,39.99425],[139.69578,39.99463],[139.69639,39.99414],[139.69539,39.9931],[139.69588,39.99252],[139.69584,39.99186],[139.69474,39.99181],[139.69464,39.98985],[139.69429,39.98907],[139.69519,39.98866],[139.69514,39.98832],[139.69542,39.98796],[139.69605,39.98803],[139.69611,39.98747],[139.69734,39.98676],[139.69737,39.9861],[139.69692,39.98554],[139.69797,39.98452],[139.69755,39.98401],[139.69731,39.98401],[139.69689,39.98433],[139.69593,39.98431],[139.69574,39.98383],[139.69637,39.98305],[139.69539,39.98258],[139.69492,39.98229],[139.69466,39.98194],[139.69521,39.9814],[139.69482,39.98091],[139.69472,39.98084],[139.69484,39.98069],[139.69463,39.98067],[139.69447,39.98056],[139.69476,39.98021],[139.69422,39.97962],[139.69516,39.97953],[139.69555,39.97866],[139.69665,39.97877],[139.69647,39.97817],[139.69678,39.97812],[139.69678,39.97808],[139.69674,39.97744],[139.69832,39.9775],[139.69849,39.97676],[139.69927,39.97636],[139.69972,39.97684],[139.70095,39.9767],[139.70154,39.97609],[139.70188,39.97605],[139.70199,39.97545],[139.70154,39.97497],[139.7015,39.97457],[139.70134,39.9745],[139.70112,39.97454],[139.70144,39.97372],[139.70135,39.97344],[139.70102,39.97328],[139.70096,39.97318],[139.70086,39.97318],[139.70076,39.97267],[139.70162,39.9721],[139.7018,39.9721],[139.70177,39.97202],[139.70199,39.97192],[139.70225,39.97191],[139.7025,39.97124],[139.70227,39.97095],[139.70158,39.97087],[139.70158,39.97044],[139.7013,39.97031],[139.70085,39.9704],[139.70094,39.96972],[139.70077,39.9685],[139.70027,39.96797],[139.7011,39.96766],[139.70208,39.96618],[139.7028,39.96573],[139.7028,39.9646],[139.70221,39.96393],[139.70231,39.96348],[139.70218,39.96323],[139.70229,39.96287],[139.70177,39.96226],[139.70182,39.96153],[139.70167,39.961],[139.70242,39.96037],[139.70428,39.96088],[139.70506,39.96084],[139.70616,39.95947],[139.70622,39.95871],[139.70647,39.95832],[139.70632,39.95802],[139.70668,39.95772],[139.70632,39.9568],[139.70738,39.95643],[139.70887,39.95647],[139.70942,39.95733],[139.71063,39.95771],[139.71258,39.9595],[139.71168,39.95969],[139.71098,39.95908],[139.71049,39.95916],[139.71142,39.96062],[139.71442,39.96044],[139.71548,39.96011],[139.71572,39.95958],[139.71663,39.95964],[139.71791,39.95864],[139.7186,39.95874],[139.72041,39.9568],[139.72086,39.95578],[139.72117,39.95427],[139.72113,39.95218],[139.72128,39.95118],[139.72107,39.94913],[139.72041,39.94792],[139.71907,39.94615],[139.71747,39.94553],[139.7162,39.94604],[139.71502,39.94596],[139.71453,39.94567],[139.71308,39.94588],[139.71224,39.94655],[139.71196,39.94649],[139.71174,39.94638],[139.71167,39.94652],[139.71146,39.94663],[139.71128,39.94651],[139.71121,39.94662],[139.71096,39.94665],[139.71093,39.94648],[139.71071,39.94664],[139.71055,39.94662],[139.70988,39.94675],[139.70938,39.94664],[139.70899,39.94585],[139.70769,39.94503],[139.70724,39.94514],[139.70497,39.94457],[139.70398,39.94518],[139.70307,39.94335],[139.70373,39.94331],[139.70409,39.94346],[139.7043,39.94324],[139.70408,39.94301],[139.70402,39.94297],[139.70392,39.94291],[139.70369,39.94282],[139.70343,39.94286],[139.70328,39.94263],[139.70172,39.94225],[139.70265,39.94176],[139.70364,39.94215],[139.70435,39.94187],[139.70445,39.94181],[139.70465,39.94154],[139.70487,39.94164],[139.70476,39.94142],[139.70528,39.9413],[139.70532,39.94086],[139.70477,39.94059],[139.70501,39.94047],[139.70522,39.94048],[139.70535,39.9404],[139.70537,39.9402],[139.70544,39.94011],[139.70567,39.94012],[139.70537,39.93978],[139.7054,39.93958],[139.70578,39.93951],[139.70612,39.93962],[139.70612,39.9394],[139.70598,39.93926],[139.70628,39.9388],[139.70453,39.93819],[139.70526,39.93748],[139.70522,39.93727],[139.70533,39.93707],[139.70521,39.93704],[139.70478,39.93663],[139.70384,39.93632],[139.70606,39.93552],[139.70608,39.93542],[139.70597,39.93535],[139.7058,39.93504],[139.70526,39.93483],[139.70476,39.93406],[139.7058,39.93372],[139.70569,39.93346],[139.70594,39.93356],[139.7062,39.93335],[139.70656,39.9332],[139.70703,39.93276],[139.70708,39.93239],[139.70658,39.93197],[139.70741,39.9314],[139.70754,39.93126],[139.70736,39.93108],[139.70752,39.93098],[139.70733,39.93087],[139.70751,39.93065],[139.70738,39.93057],[139.70633,39.93062],[139.70636,39.9301],[139.70568,39.92989],[139.70591,39.92919],[139.70565,39.92827],[139.70616,39.92817],[139.70726,39.92832],[139.70757,39.92849],[139.70764,39.92823],[139.70833,39.92783],[139.70874,39.92802],[139.70861,39.92767],[139.7091,39.92751],[139.70971,39.92756],[139.70982,39.92755],[139.70992,39.92751],[139.71012,39.92731],[139.71062,39.92725],[139.71126,39.92628],[139.71096,39.92578],[139.71025,39.92514],[139.70999,39.92523],[139.7098,39.92482],[139.70898,39.92456],[139.70876,39.92374],[139.70946,39.92292],[139.71071,39.9233],[139.71148,39.92294],[139.71141,39.92231],[139.71104,39.92141],[139.71196,39.92127],[139.71242,39.92145],[139.71292,39.92143],[139.71255,39.92093],[139.71278,39.9207],[139.71298,39.92107],[139.71317,39.92093],[139.71305,39.92079],[139.71363,39.92055],[139.71254,39.91856],[139.71346,39.91861],[139.71399,39.91794],[139.71434,39.91671],[139.71484,39.91707],[139.71654,39.91621],[139.71707,39.91545],[139.71675,39.91476],[139.71583,39.91395],[139.71718,39.91335],[139.71783,39.91327],[139.71864,39.91293],[139.71741,39.91161],[139.71657,39.90996],[139.71763,39.9095],[139.71883,39.90978],[139.71948,39.90882],[139.72029,39.90884],[139.72144,39.90843],[139.72245,39.90878],[139.72354,39.90885],[139.72379,39.90846],[139.72364,39.90793],[139.72469,39.90791],[139.72534,39.90762],[139.72607,39.90881],[139.72762,39.90982],[139.72837,39.91002],[139.72947,39.9095],[139.72981,39.90974],[139.73101,39.90876],[139.73115,39.90883],[139.73179,39.90874],[139.73259,39.9078],[139.73298,39.90773],[139.73296,39.90754],[139.73328,39.90726],[139.7332,39.90707],[139.73375,39.90684],[139.73383,39.90587],[139.73492,39.90535],[139.73521,39.90408],[139.73436,39.90311],[139.73534,39.90279],[139.73555,39.90203],[139.73528,39.90183],[139.73517,39.90076],[139.73472,39.90026],[139.73508,39.8994],[139.73463,39.89867],[139.73455,39.89756],[139.73409,39.89657],[139.73441,39.8962],[139.73471,39.89547],[139.73441,39.895],[139.735,39.89444],[139.73612,39.89388],[139.73626,39.89339],[139.73597,39.89201],[139.73621,39.89094],[139.73603,39.8906],[139.73621,39.89039],[139.73642,39.89031],[139.73638,39.8902],[139.73678,39.88979],[139.73623,39.88864],[139.73689,39.88646],[139.73742,39.88642],[139.7372,39.88616],[139.73773,39.88587],[139.7382,39.88586],[139.73893,39.88529],[139.739,39.88479],[139.73833,39.88406],[139.73718,39.88421],[139.73635,39.88371],[139.73712,39.88285],[139.73701,39.88186],[139.73776,39.88169],[139.73767,39.88097],[139.73698,39.8806],[139.7374,39.87983],[139.73786,39.87979],[139.73802,39.88001],[139.73842,39.88007],[139.73836,39.87983],[139.73801,39.87926],[139.73854,39.87872],[139.73781,39.87815],[139.73871,39.87787],[139.73943,39.87803],[139.7396,39.87788],[139.73959,39.87739],[139.74099,39.87687],[139.74104,39.87448],[139.74131,39.87396],[139.7401,39.87253],[139.74061,39.87136],[139.74188,39.87093],[139.74275,39.87106],[139.7435,39.87048],[139.74338,39.8697],[139.74325,39.86937],[139.74269,39.86916],[139.74203,39.86911],[139.74256,39.86798],[139.7446,39.86789],[139.74546,39.86685],[139.74681,39.86624],[139.7469,39.86553],[139.74933,39.8653],[139.75059,39.86432],[139.7513,39.86421],[139.75176,39.86433],[139.75185,39.86289],[139.75207,39.86301],[139.75194,39.864],[139.75492,39.86353],[139.75517,39.86321],[139.75477,39.8619],[139.75409,39.86047],[139.75311,39.85998],[139.75382,39.85909],[139.75484,39.85951],[139.75551,39.85942],[139.75573,39.85893],[139.75571,39.85852],[139.75413,39.8577],[139.75464,39.85768],[139.75496,39.85777],[139.75503,39.85762],[139.75533,39.85763],[139.75619,39.85738],[139.75658,39.85773],[139.75699,39.85827],[139.75806,39.85904],[139.75908,39.85949],[139.7594,39.85909],[139.75934,39.8586],[139.76007,39.85849],[139.75994,39.85937],[139.75943,39.85964],[139.76084,39.86045],[139.76116,39.86097],[139.7611,39.86173],[139.76147,39.86219],[139.76287,39.86257],[139.76407,39.86258],[139.7646,39.86242],[139.76575,39.86266],[139.76664,39.86331],[139.76899,39.86365],[139.76956,39.86395],[139.76974,39.86403],[139.76971,39.86408],[139.76976,39.8641],[139.7698,39.86406],[139.77002,39.86416],[139.77097,39.86459],[139.77261,39.86462],[139.77355,39.86407],[139.77336,39.86384],[139.77412,39.8629],[139.773,39.86232],[139.77257,39.86112],[139.7718,39.86112],[139.77149,39.86012],[139.77259,39.86021],[139.77206,39.85963],[139.77268,39.85913],[139.7738,39.85857],[139.77468,39.86085],[139.78087,39.86002],[139.7811,39.86062],[139.77923,39.8609],[139.7786,39.86128],[139.78029,39.86309],[139.77974,39.86351],[139.77895,39.86284],[139.77818,39.86317],[139.77919,39.86456],[139.78138,39.86584],[139.78205,39.86523],[139.78252,39.86567],[139.78417,39.86556],[139.78492,39.86483],[139.78486,39.86393],[139.78514,39.86343],[139.78639,39.86272],[139.78692,39.86212],[139.78769,39.86283],[139.78827,39.86381],[139.78947,39.86454],[139.78946,39.86544],[139.7898,39.86688],[139.79032,39.86731],[139.79283,39.86769],[139.79485,39.86752],[139.79655,39.86674],[139.7973,39.86622],[139.79788,39.86546],[139.79869,39.86587],[139.80055,39.86523],[139.80314,39.86339],[139.8036,39.86284],[139.80597,39.86092],[139.80862,39.8586],[139.811,39.85774],[139.81261,39.85746],[139.81482,39.85734],[139.81847,39.85762],[139.82003,39.85804],[139.82117,39.85874],[139.82191,39.86053],[139.82122,39.86074],[139.82111,39.86131],[139.82161,39.86365],[139.82262,39.86458],[139.82407,39.86545],[139.82504,39.86695],[139.82617,39.86758],[139.82862,39.86811],[139.83,39.86885],[139.83077,39.86893],[139.83224,39.86845],[139.83482,39.86798],[139.83723,39.86712],[139.83788,39.86664],[139.83795,39.86296],[139.84669,39.86318],[139.84663,39.86688],[139.84756,39.86837],[139.84883,39.86838],[139.84938,39.86708],[139.84823,39.8668],[139.84965,39.86342],[139.85609,39.86507],[139.86125,39.86633],[139.85875,39.87231],[139.85158,39.87062],[139.85048,39.87337],[139.85805,39.87526],[139.85753,39.87653],[139.85128,39.87502],[139.84932,39.87485],[139.84796,39.87615],[139.84721,39.87748],[139.84699,39.87902],[139.84808,39.87883],[139.84958,39.87936],[139.85218,39.87889],[139.85273,39.87755],[139.8544,39.87799],[139.85434,39.87833],[139.8564,39.87882],[139.85613,39.87979],[139.85406,39.8793],[139.85331,39.88056],[139.84913,39.88132],[139.84939,39.88221],[139.85331,39.88151],[139.8549,39.88194],[139.85452,39.88285],[139.85675,39.88341],[139.8572,39.88245],[139.85949,39.88535],[139.85692,39.88661],[139.85468,39.88607],[139.85078,39.88677],[139.85113,39.88743],[139.85314,39.88705],[139.85414,39.88906],[139.85971,39.89451],[139.85898,39.89557],[139.85929,39.89589],[139.86192,39.89675],[139.86169,39.89713],[139.86277,39.89744],[139.86365,39.89719],[139.86607,39.89761],[139.86869,39.89757],[139.87084,39.89814],[139.87352,39.89824],[139.87545,39.89881],[139.87928,39.89921],[139.88316,39.8995],[139.88679,39.89918],[139.89152,39.89895],[139.89198,39.8992],[139.8925,39.90092],[139.89314,39.90137],[139.89462,39.90194],[139.89752,39.9023],[139.9007,39.90225],[139.90565,39.90204],[139.90641,39.9022],[139.91,39.90203],[139.91088,39.90176],[139.91179,39.90187],[139.91323,39.90174],[139.91543,39.90131],[139.91789,39.901],[139.92492,39.8995],[139.93042,39.89776],[139.93372,39.89639],[139.93836,39.89467],[139.9412,39.89343],[139.94305,39.89244],[139.94461,39.89127],[139.94892,39.88996],[139.9504,39.88981],[139.95352,39.88832],[139.95833,39.88586],[139.96243,39.88337],[139.96346,39.8829],[139.96789,39.88],[139.96908,39.88041],[139.9703,39.88121],[139.97133,39.88158],[139.97189,39.88224],[139.97338,39.88265],[139.97357,39.88331],[139.97295,39.88428],[139.97189,39.88499],[139.96985,39.8852],[139.96799,39.88461],[139.96698,39.88502],[139.96616,39.88654],[139.96298,39.8894],[139.96046,39.89126],[139.95981,39.89195],[139.95825,39.89297],[139.95513,39.89643],[139.95368,39.89789],[139.95533,39.89945],[139.9608,39.90503],[139.96288,39.90911],[139.96312,39.92106],[139.96667,39.92292],[139.97633,39.92781],[139.96667,39.9326],[139.95549,39.93809],[139.94945,39.94112],[139.94747,39.94219],[139.94691,39.94294],[139.94478,39.94388],[139.9414,39.94602],[139.93795,39.94766],[139.92621,39.95299],[139.92262,39.95794],[139.92244,39.9588],[139.92472,39.96443],[139.92564,39.96688],[139.92835,39.97453],[139.93123,39.98346],[139.93347,39.99024],[139.93623,39.99514],[139.94219,40.00065],[139.94302,40.00152],[139.94358,40.00422],[139.9436,40.00523],[139.94262,40.00691],[139.94183,40.00786],[139.93767,40.00981],[139.93658,40.01039],[139.9361,40.01095],[139.93415,40.0165],[139.93281,40.01773],[139.93197,40.01944],[139.93033,40.0233],[139.93192,40.0242],[139.93386,40.02972],[139.93423,40.03034],[139.93583,40.03098],[139.9507,40.03627],[139.95238,40.03707],[139.95311,40.0385],[139.95319,40.0421],[139.95365,40.04334],[139.95611,40.04589],[139.9577,40.04787],[139.95801,40.04918],[139.95921,40.05031],[139.96017,40.05244],[139.96094,40.0547],[139.96204,40.05752],[139.95848,40.05861],[139.95704,40.05947],[139.95589,40.05953],[139.9546,40.06037],[139.95429,40.06102],[139.95318,40.0616],[139.95302,40.06237],[139.95234,40.06335],[139.95195,40.06432],[139.95409,40.06383],[139.95413,40.0649],[139.95554,40.06434],[139.95652,40.06458],[139.9569,40.06508],[139.95508,40.06605],[139.95241,40.0673],[139.95296,40.06758],[139.95471,40.06707],[139.95803,40.0663],[139.95866,40.06674],[139.95743,40.06724],[139.95725,40.06791],[139.95571,40.06798],[139.95575,40.06832],[139.95738,40.06832],[139.95775,40.06901],[139.95654,40.06959],[139.95732,40.07002],[139.95422,40.07095],[139.95329,40.07092],[139.9509,40.07142],[139.94537,40.07303]],[[139.80582,39.85839],[139.80584,39.85837],[139.80581,39.8584],[139.80582,39.85839]]],[[[139.69974,40.01237],[139.70007,40.01315],[139.70116,40.013],[139.7005,40.01427],[139.69949,40.01543],[139.69966,40.0159],[139.69782,40.01629],[139.69711,40.01501],[139.69745,40.01451],[139.69698,40.01443],[139.69718,40.01424],[139.69787,40.01396],[139.69766,40.01391],[139.69769,40.01364],[139.69816,40.01358],[139.69844,40.01369],[139.69857,40.01354],[139.69824,40.01349],[139.69811,40.01343],[139.69795,40.01343],[139.69793,40.0131],[139.69974,40.01237]]],[[[139.84839,39.87827],[139.848,39.878],[139.84979,39.87626],[139.85057,39.87673],[139.84876,39.87849],[139.84839,39.87827]]]]}},
  {"type":"Feature","properties":{"name":"湯沢市","code":"05207"},"geometry":{"type":"MultiPolygon","coordinates":[[[[140.4456,39.21632],[140.44668,39.21526],[140.4464,39.21357],[140.44364,39.21531],[140.44284,39.21535],[140.44482,39.21285],[140.44522,39.21249],[140.44265,39.21119],[140.4424,39.21092],[140.44295,39.20989],[140.44442,39.20881],[140.44495,39.20784],[140.44376,39.20737],[140.44358,39.20612],[140.44404,39.20492],[140.44358,39.20386],[140.44339,39.20285],[140.44417,39.202],[140.44514,39.20175],[140.44545,39.20111],[140.4465,39.20072],[140.44696,39.19981],[140.44741,39.19966],[140.4479,39.19836],[140.4478,39.19671],[140.44872,39.19608],[140.45027,39.19443],[140.45037,39.19381],[140.44966,39.19154],[140.44997,39.19064],[140.45086,39.18956],[140.45161,39.18833],[140.4546,39.18454],[140.45525,39.1832],[140.45742,39.18134],[140.45808,39.18037],[140.45896,39.17986],[140.45684,39.17791],[140.4602,39.17551],[140.45313,39.16951],[140.44942,39.16642],[140.44619,39.1636],[140.43816,39.16939],[140.43737,39.16798],[140.43646,39.16704],[140.43533,39.16648],[140.43392,39.16664],[140.43346,39.16461],[140.43246,39.16359],[140.43106,39.1636],[140.43022,39.16236],[140.43031,39.16165],[140.42978,39.16029],[140.43023,39.1589],[140.43016,39.15828],[140.42956,39.15748],[140.42922,39.15581],[140.4293,39.15478],[140.42874,39.15435],[140.42871,39.15354],[140.42789,39.15328],[140.4268,39.15197],[140.42734,39.14991],[140.42688,39.14849],[140.42713,39.14786],[140.4278,39.14747],[140.42737,39.14676],[140.42748,39.14617],[140.42617,39.14553],[140.42531,39.14536],[140.42469,39.14377],[140.42437,39.14213],[140.42358,39.14097],[140.42152,39.14024],[140.42104,39.13978],[140.41981,39.13933],[140.41922,39.13833],[140.41983,39.13759],[140.41972,39.1366],[140.41938,39.13622],[140.41849,39.13663],[140.41533,39.13703],[140.41268,39.13684],[140.41066,39.13705],[140.40926,39.13574],[140.40827,39.13515],[140.40819,39.13459],[140.40688,39.1338],[140.40662,39.13263],[140.4071,39.13125],[140.40769,39.13055],[140.40722,39.12995],[140.40747,39.12935],[140.4074,39.12835],[140.40606,39.12722],[140.40608,39.12651],[140.40696,39.1257],[140.40744,39.12444],[140.40737,39.12262],[140.40542,39.12127],[140.40418,39.1211],[140.40313,39.11949],[140.40322,39.11878],[140.40056,39.11535],[140.40092,39.1143],[140.40058,39.11302],[140.39927,39.11176],[140.39835,39.11164],[140.39797,39.11093],[140.39666,39.1104],[140.39666,39.10937],[140.39602,39.10827],[140.39524,39.10759],[140.39369,39.10708],[140.39297,39.10607],[140.39268,39.10503],[140.39138,39.10478],[140.39044,39.10379],[140.3897,39.10381],[140.38896,39.10293],[140.38771,39.10316],[140.38667,39.10313],[140.38578,39.10197],[140.38478,39.10164],[140.38333,39.10245],[140.38222,39.10235],[140.38146,39.10165],[140.38032,39.10168],[140.37822,39.10023],[140.37607,39.10022],[140.37528,39.10046],[140.37469,39.10109],[140.37351,39.10027],[140.37253,39.10032],[140.37074,39.10004],[140.36989,39.09954],[140.36861,39.09964],[140.36774,39.09913],[140.36612,39.09849],[140.366,39.09735],[140.36553,39.0962],[140.36526,39.09493],[140.36528,39.09353],[140.36173,39.09297],[140.35979,39.09333],[140.3577,39.09282],[140.35645,39.09342],[140.35627,39.09266],[140.35653,39.09213],[140.35662,39.09083],[140.35611,39.09033],[140.35489,39.08863],[140.35495,39.08699],[140.35464,39.08585],[140.35391,39.08486],[140.35226,39.08429],[140.35155,39.08421],[140.34764,39.08311],[140.34604,39.08226],[140.34501,39.08236],[140.34326,39.08324],[140.34194,39.0836],[140.34174,39.08257],[140.34191,39.08162],[140.34125,39.08035],[140.34127,39.0796],[140.34233,39.07906],[140.34234,39.07805],[140.34352,39.07606],[140.34363,39.07526],[140.34327,39.07387],[140.34249,39.07338],[140.34146,39.07228],[140.34066,39.07178],[140.33946,39.07036],[140.3386,39.06899],[140.33838,39.06822],[140.3374,39.06779],[140.33642,39.06685],[140.33615,39.06607],[140.33557,39.06557],[140.33373,39.0645],[140.33341,39.06351],[140.33348,39.06185],[140.33304,39.06049],[140.33185,39.05964],[140.33148,39.0591],[140.33196,39.05821],[140.33294,39.05833],[140.33397,39.05758],[140.33478,39.05628],[140.33518,39.05523],[140.33609,39.05431],[140.33774,39.05339],[140.33894,39.05181],[140.34135,39.05074],[140.34136,39.04938],[140.34226,39.04719],[140.34272,39.04562],[140.34078,39.04497],[140.34019,39.04449],[140.33911,39.04445],[140.33789,39.04341],[140.33749,39.04266],[140.33524,39.04182],[140.33204,39.04026],[140.33095,39.03843],[140.33038,39.0381],[140.32943,39.03661],[140.3291,39.0348],[140.32928,39.03394],[140.33061,39.03304],[140.33111,39.03225],[140.33135,39.03118],[140.33206,39.03059],[140.33397,39.03057],[140.33589,39.03023],[140.33774,39.02961],[140.33862,39.02882],[140.33938,39.02891],[140.3416,39.02758],[140.34305,39.02642],[140.34425,39.02582],[140.34504,39.02598],[140.34638,39.0254],[140.34882,39.02475],[140.34978,39.02481],[140.35165,39.0245],[140.35417,39.02385],[140.35514,39.02399],[140.35784,39.02533],[140.36023,39.02557],[140.36142,39.02597],[140.36238,39.0258],[140.36143,39.02438],[140.3615,39.023],[140.36096,39.02219],[140.36123,39.02082],[140.36073,39.0199],[140.36143,39.01883],[140.3626,39.01821],[140.36288,39.01715],[140.36266,39.01349],[140.36406,39.01279],[140.36382,39.01169],[140.36403,39.0095],[140.36508,39.0087],[140.36568,39.00769],[140.36577,39.00685],[140.36665,39.00617],[140.36701,39.00541],[140.36883,39.00515],[140.36953,39.00465],[140.37052,39.00432],[140.37122,39.00305],[140.37284,39.0012],[140.37325,38.99981],[140.37406,38.99874],[140.37474,38.99824],[140.37415,38.99751],[140.37458,38.99571],[140.37623,38.99446],[140.37836,38.99535],[140.3792,38.99534],[140.38057,38.99467],[140.38308,38.99401],[140.38577,38.99406],[140.38696,38.99441],[140.38835,38.99315],[140.3897,38.99221],[140.39063,38.99198],[140.39249,38.99191],[140.39409,38.99128],[140.39554,38.99125],[140.3977,38.99142],[140.40099,38.99201],[140.40191,38.99237],[140.40404,38.99189],[140.40532,38.99174],[140.40632,38.99191],[140.40698,38.99262],[140.4085,38.99289],[140.40982,38.9937],[140.41084,38.99385],[140.41173,38.99222],[140.41296,38.99035],[140.41387,38.99004],[140.41534,38.99053],[140.41663,38.99116],[140.41873,38.9918],[140.41984,38.99186],[140.42058,38.99234],[140.42389,38.99245],[140.42567,38.99214],[140.42901,38.99171],[140.43186,38.9919],[140.43244,38.98939],[140.43398,38.98898],[140.43466,38.9885],[140.43528,38.98761],[140.43646,38.98638],[140.4369,38.98417],[140.43774,38.98209],[140.4391,38.98148],[140.44229,38.98144],[140.44321,38.981],[140.44454,38.9808],[140.44553,38.98041],[140.4463,38.97959],[140.44651,38.979],[140.44602,38.9781],[140.4463,38.97667],[140.44629,38.97391],[140.44644,38.97311],[140.44933,38.9729],[140.45109,38.97215],[140.45123,38.97177],[140.45055,38.96871],[140.44983,38.96806],[140.45066,38.96624],[140.45091,38.96524],[140.45065,38.9644],[140.44983,38.96332],[140.45029,38.96273],[140.45178,38.96177],[140.45262,38.9596],[140.4535,38.95904],[140.45369,38.95859],[140.45303,38.95675],[140.45336,38.95488],[140.45321,38.95398],[140.45372,38.95252],[140.45355,38.95181],[140.45284,38.95106],[140.45224,38.95004],[140.45195,38.94894],[140.45126,38.94732],[140.44958,38.9456],[140.45106,38.94461],[140.45151,38.9436],[140.45116,38.94078],[140.45153,38.93942],[140.45146,38.93788],[140.45172,38.9375],[140.45466,38.93654],[140.45576,38.93594],[140.45831,38.93388],[140.45814,38.93181],[140.45823,38.93088],[140.45875,38.93009],[140.45936,38.92801],[140.4599,38.92731],[140.46197,38.92538],[140.46222,38.92444],[140.46228,38.92233],[140.46247,38.92203],[140.46184,38.92115],[140.46171,38.92036],[140.46212,38.91943],[140.46382,38.9187],[140.46423,38.91771],[140.46512,38.91709],[140.4658,38.91695],[140.46664,38.91636],[140.46953,38.91541],[140.47163,38.91486],[140.47257,38.91495],[140.47356,38.91586],[140.47756,38.91536],[140.47985,38.91468],[140.48179,38.91636],[140.48244,38.91655],[140.483,38.91565],[140.48337,38.91388],[140.48423,38.91217],[140.48515,38.9114],[140.48741,38.91045],[140.48827,38.90987],[140.48892,38.90887],[140.48993,38.90792],[140.49147,38.90732],[140.49226,38.90649],[140.49198,38.90502],[140.49229,38.90221],[140.49286,38.90204],[140.49392,38.90106],[140.49419,38.89917],[140.49445,38.89883],[140.49745,38.89717],[140.49978,38.89506],[140.50092,38.89473],[140.50225,38.89487],[140.50341,38.89459],[140.50521,38.89494],[140.50789,38.89702],[140.50922,38.89784],[140.51107,38.89854],[140.51142,38.89898],[140.5151,38.89985],[140.51582,38.90036],[140.52027,38.89968],[140.52424,38.89963],[140.52527,38.89934],[140.52571,38.89885],[140.526,38.89745],[140.52695,38.89775],[140.52784,38.8984],[140.52949,38.89921],[140.53088,38.89935],[140.53253,38.89985],[140.5341,38.90051],[140.5355,38.90072],[140.53795,38.90037],[140.5384,38.90002],[140.53915,38.8988],[140.54118,38.89598],[140.54233,38.89475],[140.54334,38.89407],[140.54456,38.89285],[140.54518,38.89275],[140.54747,38.89107],[140.54768,38.8899],[140.54712,38.88921],[140.54969,38.88611],[140.55167,38.88427],[140.55306,38.88281],[140.55358,38.88081],[140.55393,38.87882],[140.5536,38.87831],[140.55365,38.87734],[140.55426,38.87621],[140.55518,38.87591],[140.55767,38.87586],[140.5588,38.87504],[140.56078,38.87451],[140.56217,38.87316],[140.56279,38.87399],[140.56412,38.87457],[140.56678,38.87498],[140.56811,38.87467],[140.56979,38.87478],[140.57038,38.87584],[140.57144,38.87682],[140.57287,38.87844],[140.57416,38.87852],[140.57592,38.8793],[140.57855,38.8809],[140.57991,38.88135],[140.58075,38.88142],[140.58366,38.88075],[140.58553,38.88003],[140.58586,38.88271],[140.58634,38.88411],[140.58743,38.88461],[140.58823,38.88551],[140.58904,38.88574],[140.58966,38.88635],[140.5905,38.88916],[140.59178,38.88849],[140.59315,38.887],[140.59659,38.88531],[140.59782,38.88506],[140.59868,38.88517],[140.60058,38.88583],[140.60212,38.88576],[140.60441,38.88644],[140.60714,38.8866],[140.60754,38.88684],[140.6078,38.88774],[140.60847,38.88896],[140.6088,38.89053],[140.60955,38.89243],[140.6117,38.89302],[140.61359,38.89391],[140.61456,38.89398],[140.61564,38.8937],[140.61673,38.89305],[140.62036,38.89039],[140.62159,38.89022],[140.62293,38.89055],[140.62479,38.89047],[140.62606,38.88951],[140.62771,38.88902],[140.62862,38.88892],[140.63,38.88928],[140.63115,38.8878],[140.63252,38.88721],[140.63352,38.88725],[140.6355,38.88629],[140.63613,38.88536],[140.63691,38.88347],[140.63797,38.88306],[140.63916,38.88323],[140.64034,38.8839],[140.64144,38.88616],[140.64193,38.88673],[140.64408,38.88795],[140.64501,38.88863],[140.6472,38.88856],[140.64875,38.88889],[140.65032,38.88841],[140.65243,38.88863],[140.65457,38.88927],[140.65461,38.8899],[140.6533,38.89113],[140.65334,38.8916],[140.65479,38.89205],[140.65608,38.89214],[140.65715,38.89272],[140.6595,38.89361],[140.66047,38.89422],[140.66183,38.89422],[140.66553,38.89483],[140.66687,38.89484],[140.66905,38.89611],[140.66969,38.89664],[140.67111,38.89713],[140.6719,38.8985],[140.6722,38.90032],[140.67302,38.90361],[140.67449,38.90464],[140.67718,38.9057],[140.67908,38.9082],[140.67957,38.90985],[140.67962,38.91154],[140.68018,38.91333],[140.68056,38.91371],[140.68193,38.91394],[140.68333,38.91476],[140.68437,38.91654],[140.68565,38.9176],[140.68917,38.91841],[140.69022,38.91839],[140.69161,38.91883],[140.69323,38.91911],[140.69416,38.91955],[140.6947,38.92113],[140.69605,38.92189],[140.69899,38.92289],[140.70039,38.92382],[140.70255,38.92322],[140.70323,38.92256],[140.70323,38.92084],[140.70363,38.92055],[140.70509,38.92056],[140.70706,38.92027],[140.70801,38.92089],[140.70872,38.9229],[140.70919,38.9232],[140.71159,38.92324],[140.71213,38.92513],[140.71182,38.92688],[140.71377,38.92731],[140.71591,38.92704],[140.71763,38.92794],[140.71852,38.93005],[140.7188,38.93037],[140.72062,38.93129],[140.72245,38.93295],[140.72334,38.93437],[140.7232,38.93564],[140.72345,38.93634],[140.72322,38.93752],[140.7248,38.93796],[140.72552,38.93854],[140.72573,38.9397],[140.7273,38.94029],[140.72735,38.94141],[140.72648,38.94291],[140.72708,38.94424],[140.72775,38.94507],[140.72951,38.94539],[140.73027,38.94765],[140.73089,38.94845],[140.73209,38.94927],[140.73346,38.94962],[140.73439,38.95018],[140.73541,38.95031],[140.73678,38.95084],[140.73987,38.95234],[140.74105,38.95309],[140.74331,38.95368],[140.74378,38.95422],[140.74432,38.95562],[140.74525,38.95637],[140.74592,38.95642],[140.74974,38.9573],[140.7546,38.95782],[140.75563,38.95821],[140.75509,38.95905],[140.75335,38.9605],[140.7521,38.96217],[140.75178,38.963],[140.7509,38.96404],[140.7499,38.96603],[140.74867,38.96701],[140.74664,38.96906],[140.74425,38.97062],[140.7434,38.97151],[140.74188,38.97259],[140.73981,38.97432],[140.73845,38.97499],[140.73606,38.97638],[140.73529,38.97703],[140.73282,38.98],[140.7308,38.98045],[140.72948,38.98118],[140.72954,38.98237],[140.72917,38.98377],[140.72815,38.98522],[140.72681,38.98585],[140.72446,38.98588],[140.72339,38.98634],[140.72292,38.98842],[140.72232,38.98851],[140.71971,38.99139],[140.71786,38.99228],[140.71709,38.99301],[140.71567,38.99559],[140.71641,38.99683],[140.71626,38.99813],[140.71651,38.99866],[140.71794,38.9998],[140.71754,39.00145],[140.71804,39.00227],[140.71783,39.00397],[140.71872,39.00551],[140.71716,39.00657],[140.71505,39.00761],[140.7126,39.00901],[140.7116,39.01023],[140.70921,39.01197],[140.70649,39.01251],[140.7029,39.01253],[140.70253,39.01336],[140.70234,39.01479],[140.70277,39.01594],[140.70318,39.01629],[140.70236,39.01678],[140.702,39.01734],[140.70071,39.01792],[140.70195,39.01853],[140.70306,39.01945],[140.70502,39.02054],[140.7053,39.0214],[140.70707,39.02362],[140.70749,39.02533],[140.70723,39.02562],[140.70384,39.02631],[140.70263,39.02713],[140.70329,39.02877],[140.7044,39.03008],[140.70532,39.03069],[140.70645,39.03175],[140.7069,39.03286],[140.70768,39.0337],[140.70715,39.03614],[140.70818,39.03742],[140.70838,39.03905],[140.70808,39.03967],[140.7069,39.04028],[140.70631,39.04158],[140.70688,39.04358],[140.70674,39.04467],[140.70688,39.04565],[140.70556,39.04634],[140.70503,39.04726],[140.70534,39.04794],[140.70498,39.04911],[140.70569,39.05004],[140.70417,39.05099],[140.70337,39.05184],[140.70197,39.0526],[140.70109,39.05353],[140.69901,39.05392],[140.69602,39.05578],[140.69466,39.05615],[140.69351,39.0572],[140.69279,39.05871],[140.69175,39.05989],[140.69166,39.06056],[140.69114,39.06104],[140.69117,39.06159],[140.69047,39.0623],[140.69011,39.06332],[140.68926,39.06347],[140.6887,39.06405],[140.68711,39.06431],[140.68532,39.065],[140.68357,39.06528],[140.68329,39.06712],[140.68344,39.06757],[140.68453,39.0685],[140.68505,39.06962],[140.68412,39.07174],[140.68491,39.07343],[140.68473,39.07431],[140.68526,39.07569],[140.68539,39.07652],[140.68594,39.07721],[140.68581,39.0781],[140.68662,39.07974],[140.68622,39.08049],[140.68675,39.08155],[140.68676,39.08271],[140.68798,39.08299],[140.68811,39.08353],[140.68698,39.08488],[140.68658,39.08645],[140.68565,39.08772],[140.68475,39.08958],[140.68402,39.09035],[140.68359,39.0916],[140.68213,39.09246],[140.68015,39.0925],[140.67907,39.09295],[140.67632,39.09337],[140.67522,39.09418],[140.67369,39.09428],[140.6722,39.09503],[140.67046,39.09503],[140.67034,39.09617],[140.66884,39.09596],[140.66798,39.09609],[140.66757,39.09718],[140.66612,39.09678],[140.66536,39.09766],[140.66435,39.09756],[140.66306,39.09828],[140.66292,39.09964],[140.66228,39.09952],[140.66095,39.09881],[140.66019,39.09812],[140.65955,39.09806],[140.65703,39.09866],[140.65606,39.09936],[140.65441,39.09933],[140.65348,39.09953],[140.65123,39.09929],[140.65032,39.09995],[140.64952,39.10116],[140.64843,39.10213],[140.64817,39.10335],[140.64753,39.10406],[140.64753,39.10452],[140.64641,39.10526],[140.64499,39.10665],[140.64384,39.10666],[140.64206,39.10627],[140.64083,39.10682],[140.63908,39.10711],[140.63828,39.10676],[140.63653,39.10699],[140.63581,39.10734],[140.63323,39.10663],[140.63199,39.1058],[140.63066,39.10525],[140.62924,39.10502],[140.62867,39.10519],[140.62924,39.1064],[140.62874,39.1083],[140.62793,39.10894],[140.62774,39.10956],[140.62707,39.11011],[140.62685,39.1115],[140.62526,39.11218],[140.62528,39.11354],[140.62475,39.11446],[140.62449,39.11701],[140.62382,39.11793],[140.62229,39.11928],[140.62171,39.12124],[140.61891,39.12148],[140.61807,39.12173],[140.61627,39.12151],[140.61548,39.1218],[140.61493,39.12272],[140.61378,39.12366],[140.61178,39.124],[140.61163,39.1263],[140.6123,39.12799],[140.61227,39.12912],[140.61304,39.13153],[140.61321,39.13291],[140.61621,39.13446],[140.61676,39.13589],[140.61705,39.13813],[140.61652,39.13952],[140.61551,39.14017],[140.61451,39.14011],[140.61235,39.14047],[140.61159,39.14118],[140.61174,39.14202],[140.6111,39.14341],[140.61095,39.14469],[140.61107,39.14569],[140.61082,39.1467],[140.61017,39.14734],[140.60974,39.14895],[140.61013,39.14977],[140.61212,39.15041],[140.61285,39.15039],[140.61415,39.15102],[140.6159,39.1528],[140.61605,39.15344],[140.61578,39.15415],[140.61613,39.15467],[140.61575,39.15716],[140.61541,39.15769],[140.61438,39.16024],[140.61336,39.16051],[140.61184,39.16029],[140.61093,39.16155],[140.60882,39.16305],[140.60849,39.16391],[140.60789,39.16437],[140.60745,39.16575],[140.60745,39.16639],[140.60638,39.16777],[140.60669,39.16876],[140.60647,39.16919],[140.60668,39.17037],[140.60709,39.17098],[140.60719,39.17182],[140.60687,39.17374],[140.60643,39.17464],[140.60562,39.17557],[140.60641,39.17588],[140.6077,39.1769],[140.60627,39.1785],[140.60512,39.17876],[140.60379,39.17975],[140.60363,39.18049],[140.60201,39.18267],[140.60077,39.18336],[140.60033,39.18399],[140.59781,39.18415],[140.59714,39.1844],[140.59531,39.18425],[140.59413,39.18352],[140.59199,39.18509],[140.59051,39.18538],[140.58965,39.18534],[140.58934,39.18629],[140.58837,39.18738],[140.58638,39.18795],[140.58562,39.18837],[140.58467,39.18829],[140.58313,39.18869],[140.58224,39.18819],[140.58124,39.18894],[140.58065,39.18977],[140.57946,39.19025],[140.57866,39.1909],[140.57771,39.1909],[140.57713,39.19172],[140.57627,39.19155],[140.57468,39.19247],[140.57278,39.19248],[140.57115,39.19281],[140.57001,39.19349],[140.56804,39.19353],[140.5674,39.19274],[140.56645,39.19241],[140.56537,39.19138],[140.56465,39.1915],[140.56302,39.19117],[140.5625,39.19229],[140.56163,39.19159],[140.5605,39.19119],[140.56078,39.18994],[140.55995,39.1896],[140.55166,39.18918],[140.55128,39.18816],[140.55012,39.1882],[140.5495,39.18797],[140.54959,39.18741],[140.5479,39.18713],[140.54704,39.18989],[140.54516,39.18996],[140.54294,39.18944],[140.54296,39.18726],[140.54309,39.18647],[140.54286,39.18562],[140.54321,39.18401],[140.54382,39.18314],[140.54452,39.18282],[140.54655,39.18248],[140.54765,39.18159],[140.54861,39.18011],[140.54861,39.17789],[140.54797,39.17669],[140.54804,39.1746],[140.54651,39.17464],[140.54654,39.17656],[140.54586,39.17839],[140.5449,39.18034],[140.5443,39.18063],[140.54326,39.18228],[140.54275,39.18266],[140.54073,39.18191],[140.54169,39.18019],[140.54236,39.17935],[140.54337,39.17896],[140.54454,39.1781],[140.54524,39.17727],[140.54568,39.1759],[140.54508,39.176],[140.54379,39.17783],[140.54186,39.17882],[140.54093,39.17809],[140.54,39.1779],[140.53914,39.17718],[140.53859,39.1764],[140.53826,39.17519],[140.53928,39.17463],[140.53939,39.17253],[140.53798,39.17279],[140.5371,39.17245],[140.53551,39.17296],[140.53398,39.17469],[140.53389,39.17548],[140.53272,39.17578],[140.53106,39.17562],[140.53042,39.17576],[140.52857,39.1772],[140.52703,39.17753],[140.52571,39.17839],[140.52623,39.17959],[140.5249,39.18083],[140.52545,39.1822],[140.52488,39.18265],[140.52329,39.18313],[140.52289,39.18352],[140.52311,39.18529],[140.52257,39.18623],[140.5217,39.18718],[140.52138,39.18853],[140.5225,39.1897],[140.52287,39.19111],[140.52359,39.19231],[140.52306,39.1939],[140.52215,39.19452],[140.52225,39.19485],[140.52372,39.19566],[140.5261,39.19637],[140.52879,39.19741],[140.52814,39.19856],[140.52574,39.20196],[140.52424,39.20297],[140.52056,39.20441],[140.5196,39.2047],[140.51629,39.2065],[140.51012,39.21004],[140.50872,39.21059],[140.50505,39.21092],[140.50318,39.21095],[140.49857,39.21069],[140.49659,39.21066],[140.49325,39.21011],[140.49208,39.21007],[140.48959,39.21049],[140.48829,39.21087],[140.4862,39.21183],[140.4819,39.21363],[140.47783,39.21486],[140.47334,39.21591],[140.46761,39.21764],[140.46285,39.21765],[140.45968,39.21824],[140.45726,39.2184],[140.45508,39.21765],[140.45278,39.21762],[140.45155,39.2173],[140.44995,39.2172],[140.44862,39.2173],[140.44697,39.21808],[140.44635,39.21774],[140.4469,39.21657],[140.4456,39.21632]]]]}},
  {"type":"Feature","properties":{"name":"鹿角市","code":"05209"},"geometry":{"type":"MultiPolygon","coordinates":[[[[140.69712,40.04838],[140.69705,40.04772],[140.69805,40.0463],[140.69794,40.043],[140.69847,40.04096],[140.69934,40.03982],[140.69893,40.03915],[140.69934,40.03836],[140.69926,40.03722],[140.70027,40.03608],[140.70079,40.03516],[140.70089,40.03355],[140.70013,40.03266],[140.70098,40.03136],[140.70332,40.02954],[140.70467,40.02879],[140.70644,40.02833],[140.70691,40.02748],[140.70677,40.0253],[140.70782,40.02504],[140.7102,40.02313],[140.71194,40.02257],[140.71338,40.02232],[140.71333,40.02086],[140.71414,40.02014],[140.71438,40.01932],[140.71548,40.01822],[140.71783,40.01748],[140.71973,40.01762],[140.72106,40.01695],[140.72167,40.0158],[140.72313,40.0148],[140.7236,40.01261],[140.72424,40.01202],[140.7293,40.01071],[140.73144,40.01044],[140.73258,40.00939],[140.73199,40.00797],[140.7321,40.00697],[140.73152,40.00598],[140.73155,40.00439],[140.73118,40.00381],[140.73129,40.00251],[140.73244,40.00064],[140.73216,39.99981],[140.73304,39.99957],[140.73459,39.99839],[140.73489,39.99754],[140.73712,39.99673],[140.73851,39.99719],[140.73955,39.99621],[140.7398,39.99512],[140.74063,39.99406],[140.7422,39.99295],[140.74235,39.99181],[140.74306,39.99112],[140.74382,39.99083],[140.74405,39.98975],[140.7446,39.98896],[140.7455,39.98816],[140.74652,39.98793],[140.74797,39.98824],[140.7495,39.98811],[140.75128,39.98691],[140.75237,39.98558],[140.75371,39.98484],[140.75402,39.98406],[140.75395,39.9833],[140.75508,39.98133],[140.75472,39.98061],[140.75152,39.97875],[140.75065,39.97775],[140.74954,39.97435],[140.75003,39.97288],[140.7512,39.97171],[140.75319,39.97057],[140.75472,39.96983],[140.7561,39.9698],[140.75682,39.96958],[140.75738,39.9684],[140.75804,39.96746],[140.75703,39.96617],[140.75726,39.96515],[140.75672,39.96403],[140.75756,39.96365],[140.75881,39.96352],[140.75977,39.963],[140.7604,39.96301],[140.76352,39.9623],[140.76788,39.96331],[140.76797,39.96413],[140.77033,39.96496],[140.77096,39.96501],[140.77146,39.96424],[140.77293,39.96358],[140.7752,39.96396],[140.77603,39.96372],[140.7774,39.96405],[140.7786,39.96368],[140.78047,39.96405],[140.78133,39.96407],[140.78347,39.96494],[140.78517,39.9653],[140.78844,39.96737],[140.79007,39.96816],[140.79254,39.97067],[140.79423,39.9708],[140.79518,39.97058],[140.79653,39.97068],[140.79975,39.97028],[140.80075,39.96956],[140.80137,39.96961],[140.80184,39.9708],[140.80302,39.97153],[140.80336,39.97334],[140.80498,39.9736],[140.80702,39.97425],[140.81008,39.97537],[140.81177,39.97578],[140.81361,39.97587],[140.81417,39.97573],[140.8151,39.97476],[140.81615,39.97467],[140.81702,39.97419],[140.81801,39.97396],[140.81911,39.97288],[140.81977,39.97173],[140.82197,39.97142],[140.82358,39.97073],[140.82653,39.97005],[140.82732,39.96959],[140.83136,39.96663],[140.832,39.96603],[140.83343,39.96572],[140.83436,39.96571],[140.8363,39.9652],[140.83752,39.96551],[140.83805,39.96541],[140.8398,39.96422],[140.84139,39.96364],[140.84266,39.96243],[140.84408,39.96218],[140.84472,39.96109],[140.84636,39.96011],[140.84794,39.95933],[140.84879,39.96194],[140.84841,39.96331],[140.84715,39.9656],[140.84721,39.9681],[140.84771,39.96947],[140.84615,39.97213],[140.84626,39.97375],[140.84533,39.9751],[140.84648,39.97553],[140.84688,39.97617],[140.84738,39.97954],[140.84783,39.98092],[140.84789,39.98376],[140.84836,39.98648],[140.84815,39.98781],[140.84948,39.98927],[140.85081,39.99375],[140.85055,39.99584],[140.85098,39.99883],[140.85092,39.99956],[140.84948,40.00254],[140.84889,40.00276],[140.84849,40.00388],[140.84917,40.0055],[140.84892,40.00708],[140.849,40.00807],[140.84976,40.00938],[140.85092,40.01051],[140.85169,40.01186],[140.85378,40.01256],[140.85402,40.01337],[140.85547,40.01392],[140.85579,40.01584],[140.85479,40.01628],[140.85356,40.01769],[140.85316,40.01841],[140.85344,40.01937],[140.8531,40.02015],[140.85386,40.02094],[140.85542,40.02169],[140.8556,40.02219],[140.85513,40.02284],[140.85462,40.0242],[140.85268,40.02491],[140.85169,40.02573],[140.85233,40.02671],[140.85143,40.02749],[140.85076,40.02867],[140.85178,40.02949],[140.85041,40.03171],[140.8512,40.03292],[140.85205,40.03349],[140.85229,40.03446],[140.85462,40.03622],[140.85522,40.03714],[140.85532,40.03856],[140.85464,40.04013],[140.85473,40.04138],[140.85442,40.04228],[140.85504,40.04348],[140.85562,40.04393],[140.85536,40.04565],[140.85537,40.0467],[140.85383,40.04915],[140.85362,40.04981],[140.85257,40.05059],[140.8523,40.05109],[140.85233,40.05216],[140.85114,40.05342],[140.85111,40.05522],[140.85133,40.05653],[140.85054,40.05747],[140.85018,40.05836],[140.85078,40.05953],[140.85097,40.0615],[140.84985,40.06241],[140.84877,40.06297],[140.84723,40.0652],[140.84713,40.06635],[140.84628,40.06745],[140.84612,40.06919],[140.84525,40.07032],[140.84514,40.0715],[140.84441,40.07311],[140.84448,40.07459],[140.84577,40.07544],[140.84686,40.07538],[140.84774,40.07614],[140.84931,40.0771],[140.85132,40.07785],[140.85177,40.07988],[140.85164,40.08128],[140.85358,40.08163],[140.85426,40.08253],[140.8541,40.08438],[140.85492,40.08516],[140.85753,40.0862],[140.85897,40.08609],[140.86148,40.08472],[140.86207,40.08459],[140.86331,40.08495],[140.86654,40.08735],[140.86749,40.08902],[140.86831,40.08975],[140.86942,40.09034],[140.87151,40.09079],[140.87209,40.09117],[140.87303,40.09253],[140.87375,40.09392],[140.87534,40.09457],[140.87566,40.09642],[140.8767,40.09764],[140.87733,40.09809],[140.87703,40.09962],[140.87737,40.10064],[140.87693,40.10249],[140.87749,40.10533],[140.87857,40.10539],[140.87938,40.10572],[140.87965,40.1071],[140.87935,40.10833],[140.87922,40.11111],[140.8805,40.11222],[140.88087,40.11287],[140.88096,40.11393],[140.87867,40.11503],[140.87723,40.11535],[140.87522,40.11533],[140.8715,40.11581],[140.87113,40.11606],[140.87082,40.11759],[140.8715,40.11888],[140.87263,40.12028],[140.87404,40.12239],[140.87355,40.12287],[140.87281,40.12421],[140.8715,40.12553],[140.87096,40.12637],[140.8699,40.12731],[140.86886,40.12897],[140.8672,40.13063],[140.86699,40.13237],[140.86894,40.13423],[140.86917,40.13487],[140.8708,40.13702],[140.8715,40.13763],[140.87463,40.13951],[140.87428,40.13992],[140.87454,40.1431],[140.87639,40.14449],[140.87686,40.14499],[140.87719,40.14622],[140.87949,40.14902],[140.88052,40.14953],[140.88237,40.15085],[140.88315,40.15358],[140.88284,40.15502],[140.88227,40.15592],[140.88271,40.15678],[140.88361,40.15732],[140.8824,40.159],[140.881,40.15998],[140.88003,40.15982],[140.87731,40.16024],[140.87548,40.16078],[140.87294,40.16014],[140.8721,40.16008],[140.86911,40.15948],[140.86788,40.16052],[140.86694,40.16224],[140.86568,40.16312],[140.86378,40.16375],[140.8628,40.16484],[140.8615,40.16591],[140.8615,40.16733],[140.86115,40.16791],[140.85999,40.16879],[140.8597,40.17022],[140.85917,40.17117],[140.85926,40.17158],[140.86031,40.17327],[140.86207,40.17424],[140.86398,40.17513],[140.86707,40.17718],[140.8685,40.17783],[140.87026,40.1781],[140.87251,40.17828],[140.87323,40.17896],[140.87544,40.17961],[140.8761,40.18052],[140.87735,40.18086],[140.87794,40.18141],[140.8787,40.1827],[140.87993,40.18315],[140.88447,40.18654],[140.89236,40.19228],[140.89189,40.1931],[140.89203,40.19386],[140.89152,40.1949],[140.89125,40.19695],[140.89018,40.19789],[140.88933,40.19974],[140.88953,40.20054],[140.89059,40.20109],[140.89093,40.20157],[140.89205,40.20221],[140.89306,40.20353],[140.89409,40.20447],[140.89579,40.20564],[140.8962,40.20675],[140.8976,40.20777],[140.89862,40.20801],[140.8983,40.20899],[140.89861,40.21054],[140.8992,40.21211],[140.89911,40.21239],[140.89739,40.21285],[140.89579,40.21365],[140.8965,40.21435],[140.89854,40.21562],[140.90016,40.21609],[140.90188,40.21631],[140.90256,40.21672],[140.90426,40.21815],[140.90479,40.22095],[140.90548,40.22214],[140.90963,40.22351],[140.91072,40.22308],[140.91399,40.22351],[140.91559,40.22381],[140.91776,40.22343],[140.91911,40.2237],[140.92115,40.22487],[140.92423,40.22587],[140.92597,40.22612],[140.9278,40.2261],[140.93095,40.22649],[140.93411,40.22607],[140.93624,40.22703],[140.93797,40.22733],[140.94096,40.2269],[140.94173,40.22768],[140.94221,40.22869],[140.94212,40.23042],[140.94085,40.23234],[140.94089,40.23314],[140.94138,40.23556],[140.94129,40.23709],[140.94009,40.24024],[140.94154,40.24153],[140.94199,40.24214],[140.94314,40.24303],[140.94344,40.24352],[140.94362,40.24513],[140.94389,40.2456],[140.94495,40.24638],[140.94677,40.24695],[140.94849,40.247],[140.9496,40.24679],[140.95173,40.24695],[140.95507,40.24763],[140.95424,40.25055],[140.95259,40.25133],[140.95144,40.25224],[140.95041,40.25233],[140.94933,40.25304],[140.94895,40.25378],[140.94895,40.25498],[140.94803,40.25542],[140.94703,40.25641],[140.9464,40.25759],[140.94571,40.25807],[140.94633,40.25893],[140.9468,40.26075],[140.94727,40.26175],[140.94727,40.26445],[140.94825,40.26606],[140.9493,40.26701],[140.94974,40.26774],[140.94984,40.26908],[140.95108,40.27022],[140.95278,40.27125],[140.95295,40.27309],[140.9527,40.27345],[140.95271,40.27563],[140.9532,40.27605],[140.9537,40.27798],[140.95428,40.27974],[140.956,40.28061],[140.95758,40.28204],[140.95727,40.2832],[140.95672,40.28403],[140.95679,40.28473],[140.95426,40.28476],[140.95377,40.28526],[140.95239,40.28742],[140.94958,40.28708],[140.94631,40.2874],[140.9446,40.28814],[140.94464,40.2889],[140.94434,40.28998],[140.94452,40.29114],[140.94421,40.29248],[140.94511,40.29389],[140.94517,40.29475],[140.94397,40.29626],[140.94495,40.29804],[140.9463,40.29913],[140.94827,40.29938],[140.94981,40.30014],[140.95122,40.30035],[140.95342,40.30105],[140.95391,40.30135],[140.9549,40.3026],[140.9559,40.30338],[140.9569,40.30472],[140.95758,40.30651],[140.95697,40.30909],[140.9569,40.3101],[140.95733,40.31203],[140.9571,40.31322],[140.95729,40.31506],[140.95789,40.31716],[140.9589,40.31885],[140.95891,40.32162],[140.95768,40.32243],[140.95734,40.32452],[140.95879,40.32437],[140.95936,40.32544],[140.95988,40.32528],[140.96018,40.32408],[140.96143,40.32346],[140.96129,40.32276],[140.96258,40.32316],[140.96258,40.32385],[140.963,40.3244],[140.96274,40.32584],[140.9629,40.32723],[140.96255,40.32817],[140.9643,40.3294],[140.96552,40.33103],[140.9656,40.33203],[140.96742,40.33366],[140.96713,40.33421],[140.96712,40.33523],[140.96856,40.33749],[140.96817,40.33872],[140.96658,40.34057],[140.96626,40.34192],[140.96517,40.34273],[140.96457,40.34429],[140.96415,40.34465],[140.96295,40.34669],[140.96208,40.34713],[140.9634,40.34808],[140.96458,40.34921],[140.96539,40.35029],[140.96741,40.3508],[140.96884,40.35003],[140.96999,40.34664],[140.97093,40.34594],[140.97216,40.34555],[140.97226,40.34495],[140.97172,40.34417],[140.97206,40.3436],[140.97393,40.34414],[140.97469,40.3433],[140.97561,40.34327],[140.97656,40.34367],[140.97735,40.34313],[140.9782,40.34385],[140.97874,40.34344],[140.98122,40.34337],[140.98201,40.34402],[140.98123,40.34433],[140.98173,40.34489],[140.98311,40.34533],[140.98383,40.34626],[140.98478,40.34643],[140.98521,40.3469],[140.98738,40.34781],[140.98811,40.34896],[140.99077,40.35033],[140.99184,40.34996],[140.99381,40.35079],[140.99316,40.35229],[140.99428,40.3525],[140.99543,40.35337],[140.99451,40.35425],[140.99443,40.35491],[140.99524,40.35524],[140.99496,40.35595],[140.99403,40.35624],[140.99387,40.35686],[140.99297,40.35769],[140.99322,40.35809],[140.99322,40.36045],[140.99214,40.3611],[140.99118,40.36106],[140.99242,40.36287],[140.99173,40.3638],[140.99143,40.36505],[140.9917,40.36552],[140.99117,40.36734],[140.99298,40.3672],[140.99421,40.36829],[140.99382,40.36867],[140.99403,40.36939],[140.99501,40.37017],[140.99491,40.37088],[140.99521,40.37202],[140.99497,40.37291],[140.99392,40.37409],[140.99404,40.37451],[140.99344,40.37512],[140.99346,40.37582],[140.9941,40.37641],[140.9936,40.37697],[140.99045,40.37821],[140.98963,40.37923],[140.98913,40.38026],[140.98845,40.38074],[140.98779,40.38168],[140.98619,40.38501],[140.98531,40.38722],[140.98553,40.38739],[140.98441,40.38843],[140.98478,40.39035],[140.98572,40.39151],[140.98562,40.39323],[140.98613,40.39423],[140.98718,40.3947],[140.98731,40.39603],[140.98729,40.39837],[140.98605,40.39918],[140.98666,40.40004],[140.98536,40.40096],[140.98548,40.40158],[140.98509,40.40237],[140.98576,40.40319],[140.98511,40.4039],[140.98418,40.40444],[140.98241,40.40467],[140.9814,40.40565],[140.98232,40.40883],[140.98202,40.40973],[140.98193,40.41118],[140.98254,40.41204],[140.98274,40.41351],[140.98155,40.41543],[140.98015,40.41554],[140.97923,40.41517],[140.97876,40.41598],[140.97911,40.41715],[140.9797,40.41771],[140.98219,40.41872],[140.9834,40.41996],[140.98484,40.4209],[140.98555,40.42171],[140.98528,40.42367],[140.98515,40.42722],[140.98423,40.42818],[140.98326,40.42832],[140.9799,40.42847],[140.9788,40.42895],[140.97717,40.4291],[140.97442,40.43016],[140.97351,40.43025],[140.97295,40.43074],[140.97221,40.43085],[140.97075,40.42996],[140.97003,40.42971],[140.9677,40.42929],[140.9665,40.42871],[140.96476,40.42845],[140.96411,40.42738],[140.96348,40.42708],[140.96188,40.42693],[140.96088,40.42719],[140.9589,40.42668],[140.95714,40.4267],[140.95521,40.42647],[140.95362,40.42718],[140.95126,40.42631],[140.94972,40.42711],[140.94919,40.42761],[140.94741,40.42793],[140.94593,40.42801],[140.94566,40.42866],[140.9446,40.42915],[140.94267,40.42925],[140.94195,40.4302],[140.94119,40.42984],[140.93747,40.42759],[140.93765,40.42707],[140.93735,40.42543],[140.93547,40.42284],[140.93452,40.42239],[140.93296,40.42127],[140.93198,40.42138],[140.9308,40.42118],[140.92906,40.42135],[140.92799,40.42107],[140.92677,40.42111],[140.92621,40.42065],[140.92516,40.42036],[140.92454,40.42064],[140.92317,40.42075],[140.9224,40.42032],[140.92148,40.42019],[140.92116,40.41968],[140.92144,40.41875],[140.92088,40.41784],[140.92101,40.41671],[140.92077,40.41606],[140.91968,40.41588],[140.91785,40.41487],[140.91681,40.41499],[140.91537,40.41474],[140.91476,40.41443],[140.91301,40.41499],[140.91169,40.41524],[140.91024,40.41499],[140.90985,40.41431],[140.9083,40.41366],[140.90385,40.41331],[140.90299,40.41347],[140.90033,40.41506],[140.8987,40.41503],[140.8968,40.41393],[140.89616,40.41374],[140.89582,40.41315],[140.89329,40.41237],[140.89179,40.41148],[140.89041,40.40938],[140.88896,40.40849],[140.88725,40.40827],[140.88609,40.40785],[140.88436,40.40778],[140.88303,40.40745],[140.87918,40.40782],[140.87748,40.40775],[140.8768,40.40756],[140.87538,40.40765],[140.87445,40.40898],[140.87341,40.40953],[140.87204,40.40921],[140.86976,40.40792],[140.86891,40.40765],[140.86803,40.40645],[140.86558,40.40654],[140.86388,40.40624],[140.86197,40.40661],[140.86098,40.40706],[140.85987,40.40829],[140.85728,40.4079],[140.85574,40.40874],[140.85401,40.40901],[140.85206,40.40975],[140.85184,40.41082],[140.85108,40.41142],[140.85072,40.41299],[140.85009,40.41313],[140.84962,40.41379],[140.84874,40.41444],[140.84851,40.41544],[140.84882,40.41613],[140.84826,40.41748],[140.84841,40.41806],[140.84734,40.41938],[140.84641,40.42193],[140.84498,40.42313],[140.84369,40.42318],[140.84326,40.42348],[140.84191,40.42562],[140.83939,40.42605],[140.83892,40.42509],[140.83824,40.42466],[140.83733,40.4245],[140.8356,40.42501],[140.83371,40.42533],[140.83297,40.42516],[140.83246,40.42312],[140.83217,40.42285],[140.82999,40.42207],[140.82848,40.42121],[140.82826,40.42089],[140.82858,40.41975],[140.82766,40.41853],[140.82749,40.41731],[140.82643,40.41639],[140.82677,40.41472],[140.82725,40.41375],[140.82677,40.41187],[140.82676,40.41078],[140.82539,40.4092],[140.82266,40.40754],[140.82126,40.40604],[140.8197,40.40585],[140.81914,40.40509],[140.81904,40.40416],[140.81839,40.40344],[140.81848,40.40252],[140.81769,40.4012],[140.81796,40.40005],[140.81882,40.39939],[140.81881,40.39863],[140.82036,40.39717],[140.82084,40.39693],[140.82138,40.39574],[140.82085,40.39489],[140.82123,40.39287],[140.82076,40.39249],[140.82061,40.39163],[140.82194,40.39037],[140.82157,40.3883],[140.82313,40.38679],[140.82343,40.38556],[140.82376,40.3851],[140.82363,40.38436],[140.82283,40.3837],[140.82092,40.38315],[140.81891,40.38161],[140.81777,40.38036],[140.81813,40.37904],[140.81807,40.37831],[140.81729,40.37749],[140.81589,40.37688],[140.81606,40.37572],[140.81535,40.3749],[140.81526,40.37434],[140.81447,40.3732],[140.81285,40.37234],[140.81217,40.37116],[140.81045,40.37014],[140.8101,40.36938],[140.81023,40.36837],[140.80999,40.36713],[140.81063,40.36576],[140.81119,40.36547],[140.81022,40.36472],[140.8089,40.36316],[140.80603,40.36141],[140.80556,40.36052],[140.80422,40.35954],[140.80322,40.35968],[140.80186,40.35955],[140.80119,40.35908],[140.79928,40.35905],[140.79756,40.35778],[140.7949,40.35696],[140.79413,40.35732],[140.79343,40.35699],[140.79232,40.35691],[140.79199,40.35745],[140.79082,40.35826],[140.7902,40.35749],[140.78968,40.35582],[140.78881,40.35596],[140.78694,40.3552],[140.78565,40.35424],[140.7856,40.35516],[140.78494,40.35551],[140.7849,40.35641],[140.78351,40.35639],[140.78407,40.35584],[140.78263,40.35456],[140.78398,40.3541],[140.78353,40.35243],[140.78277,40.35101],[140.78285,40.35006],[140.78385,40.35027],[140.78456,40.35144],[140.78528,40.35184],[140.78603,40.35149],[140.78908,40.35207],[140.78984,40.35178],[140.79147,40.35173],[140.79185,40.35112],[140.79264,40.35061],[140.79192,40.34965],[140.79172,40.34885],[140.79192,40.34685],[140.79147,40.34665],[140.79089,40.345],[140.79147,40.34385],[140.78994,40.34324],[140.78924,40.34215],[140.78818,40.34125],[140.78804,40.34002],[140.78849,40.33908],[140.78817,40.33846],[140.78949,40.33682],[140.78934,40.33587],[140.78865,40.3343],[140.78784,40.33383],[140.78614,40.33354],[140.78577,40.33313],[140.78652,40.33221],[140.78732,40.33064],[140.78733,40.32972],[140.78953,40.3286],[140.79023,40.32795],[140.78971,40.32659],[140.79059,40.32601],[140.79137,40.32599],[140.79261,40.32517],[140.79302,40.32422],[140.79175,40.32274],[140.79143,40.32196],[140.79081,40.32175],[140.78885,40.32176],[140.78839,40.32159],[140.78851,40.32043],[140.78786,40.31991],[140.78777,40.3191],[140.78726,40.31859],[140.78589,40.31817],[140.78488,40.31822],[140.78336,40.31772],[140.78256,40.31541],[140.78168,40.31574],[140.77889,40.3163],[140.77869,40.31721],[140.77927,40.3189],[140.77974,40.31979],[140.77973,40.32125],[140.78039,40.32295],[140.77942,40.32309],[140.77845,40.32378],[140.7773,40.32379],[140.77468,40.32317],[140.7745,40.32232],[140.77348,40.32078],[140.77364,40.32016],[140.77237,40.31855],[140.77232,40.31697],[140.77334,40.31606],[140.77399,40.31599],[140.77458,40.31479],[140.77479,40.31343],[140.77571,40.31257],[140.77495,40.31084],[140.77426,40.31041],[140.77416,40.30912],[140.77388,40.30859],[140.77265,40.30755],[140.77257,40.30665],[140.77196,40.30608],[140.77255,40.30487],[140.77151,40.30439],[140.77031,40.30341],[140.76927,40.30295],[140.76949,40.30228],[140.7704,40.30225],[140.77085,40.30174],[140.77077,40.30115],[140.77164,40.30053],[140.77166,40.29955],[140.77068,40.29955],[140.77034,40.29908],[140.77139,40.29877],[140.77194,40.2983],[140.77303,40.29794],[140.77331,40.29724],[140.77191,40.29631],[140.77167,40.29555],[140.77092,40.29458],[140.77108,40.29324],[140.77151,40.29228],[140.77026,40.29083],[140.76866,40.29041],[140.76779,40.29199],[140.76774,40.29291],[140.76738,40.29363],[140.76802,40.29429],[140.76724,40.29495],[140.76677,40.2935],[140.76725,40.29293],[140.76722,40.29212],[140.76801,40.29077],[140.76845,40.28938],[140.76777,40.28811],[140.76808,40.28683],[140.76748,40.28653],[140.76772,40.2852],[140.76718,40.28427],[140.76646,40.28461],[140.76613,40.28394],[140.76433,40.28326],[140.76307,40.28369],[140.76209,40.28327],[140.76089,40.28397],[140.75904,40.28379],[140.75759,40.28484],[140.75734,40.28603],[140.75651,40.28623],[140.75589,40.28852],[140.75453,40.28981],[140.75461,40.29102],[140.75397,40.29188],[140.75157,40.29285],[140.74964,40.29344],[140.74922,40.29291],[140.74952,40.29178],[140.7497,40.28984],[140.75006,40.28885],[140.74977,40.28714],[140.74992,40.28628],[140.75075,40.28546],[140.75098,40.28405],[140.75009,40.28375],[140.74891,40.28411],[140.74723,40.28302],[140.74595,40.28236],[140.74527,40.28226],[140.74389,40.28327],[140.74232,40.28333],[140.74157,40.28372],[140.73955,40.28409],[140.73769,40.28474],[140.73595,40.28551],[140.73564,40.28619],[140.73495,40.28655],[140.73353,40.28684],[140.73296,40.28755],[140.73091,40.28837],[140.72946,40.288],[140.72693,40.28805],[140.72549,40.28882],[140.72475,40.28896],[140.72303,40.2882],[140.72256,40.28769],[140.72152,40.28524],[140.72094,40.28424],[140.7209,40.28279],[140.7189,40.27952],[140.71975,40.2789],[140.72158,40.27794],[140.72178,40.27724],[140.72258,40.27685],[140.72234,40.27592],[140.72244,40.27514],[140.72416,40.27379],[140.72425,40.27303],[140.72515,40.27257],[140.72581,40.27131],[140.72527,40.26989],[140.72461,40.26926],[140.72536,40.26726],[140.72408,40.26664],[140.72276,40.26555],[140.72236,40.26354],[140.72233,40.26244],[140.72172,40.26137],[140.72208,40.2595],[140.72381,40.25762],[140.7244,40.2568],[140.72655,40.2562],[140.72684,40.25533],[140.72629,40.25382],[140.72541,40.25305],[140.72094,40.25222],[140.72128,40.25174],[140.72212,40.25146],[140.72268,40.25073],[140.72399,40.24982],[140.72487,40.24895],[140.72574,40.24854],[140.726,40.24802],[140.72557,40.24734],[140.72543,40.24627],[140.72546,40.24452],[140.72467,40.24363],[140.72452,40.24283],[140.72554,40.24169],[140.72576,40.2411],[140.72519,40.24065],[140.72451,40.2392],[140.72536,40.23853],[140.72539,40.23576],[140.7247,40.23485],[140.72511,40.23387],[140.72481,40.23254],[140.72461,40.23072],[140.72514,40.23028],[140.72801,40.23013],[140.72746,40.2287],[140.7267,40.22752],[140.72547,40.22644],[140.72424,40.22568],[140.72182,40.22496],[140.72065,40.22482],[140.71726,40.22486],[140.71553,40.22503],[140.7135,40.22539],[140.71056,40.22547],[140.71043,40.22445],[140.71062,40.22366],[140.71033,40.22259],[140.7104,40.22143],[140.7107,40.22081],[140.71169,40.22026],[140.71439,40.21954],[140.71388,40.21724],[140.71472,40.21629],[140.71535,40.21479],[140.71798,40.21373],[140.71802,40.21243],[140.71825,40.21208],[140.71957,40.21176],[140.72009,40.2103],[140.71991,40.20968],[140.7207,40.20904],[140.72229,40.20835],[140.7229,40.20788],[140.72279,40.20707],[140.72222,40.20641],[140.72248,40.20579],[140.72418,40.20499],[140.72465,40.20383],[140.72531,40.20351],[140.72623,40.20198],[140.72633,40.201],[140.72719,40.19913],[140.72766,40.1985],[140.72768,40.19724],[140.72803,40.19627],[140.72888,40.19469],[140.72912,40.19385],[140.72882,40.19262],[140.7292,40.19128],[140.72927,40.19009],[140.72773,40.18995],[140.72601,40.18928],[140.72501,40.18976],[140.72327,40.19001],[140.72145,40.19126],[140.71977,40.19168],[140.71881,40.19166],[140.71671,40.19273],[140.71671,40.19343],[140.7156,40.19443],[140.71367,40.19449],[140.7116,40.19361],[140.71047,40.19333],[140.7091,40.19339],[140.70678,40.19406],[140.70512,40.19413],[140.70434,40.19453],[140.7026,40.19466],[140.70112,40.19412],[140.70084,40.1907],[140.70097,40.18969],[140.69995,40.18822],[140.69988,40.18623],[140.70014,40.18552],[140.69925,40.18435],[140.69952,40.18384],[140.69928,40.18167],[140.6996,40.1809],[140.69905,40.17864],[140.69905,40.17809],[140.69963,40.177],[140.69974,40.17611],[140.70122,40.17443],[140.702,40.17214],[140.70316,40.17084],[140.70373,40.16941],[140.70379,40.16805],[140.70407,40.16721],[140.70386,40.16529],[140.7033,40.16381],[140.70417,40.16104],[140.70499,40.16058],[140.70657,40.1605],[140.70785,40.1616],[140.70915,40.16177],[140.71023,40.16123],[140.71132,40.15992],[140.71206,40.15954],[140.71158,40.15855],[140.71209,40.15736],[140.7126,40.15681],[140.71263,40.15621],[140.71313,40.1551],[140.715,40.15485],[140.71581,40.15529],[140.71798,40.15504],[140.72024,40.15524],[140.72151,40.15618],[140.72224,40.15622],[140.72335,40.15672],[140.72389,40.15614],[140.72501,40.15624],[140.72513,40.15493],[140.72588,40.15405],[140.7276,40.15318],[140.72893,40.15361],[140.72935,40.15319],[140.73201,40.15337],[140.7328,40.15302],[140.73418,40.15308],[140.73576,40.15369],[140.73802,40.15371],[140.73895,40.15307],[140.74068,40.15236],[140.74234,40.15215],[140.74339,40.15151],[140.7442,40.15136],[140.74336,40.15032],[140.74325,40.14823],[140.74358,40.14704],[140.74292,40.14574],[140.74111,40.14475],[140.7404,40.14304],[140.73934,40.14216],[140.73885,40.14098],[140.73943,40.14032],[140.73904,40.13981],[140.73662,40.13776],[140.737,40.13651],[140.7364,40.1336],[140.73607,40.13276],[140.73437,40.13208],[140.73254,40.13179],[140.73025,40.13101],[140.72888,40.13086],[140.72775,40.12979],[140.72497,40.13002],[140.72289,40.12969],[140.72134,40.12771],[140.72193,40.12545],[140.72237,40.12445],[140.72199,40.12246],[140.723,40.12128],[140.72377,40.11918],[140.72308,40.11888],[140.72248,40.11815],[140.72063,40.11761],[140.72052,40.11627],[140.71966,40.11435],[140.72008,40.11363],[140.71927,40.11342],[140.7179,40.11245],[140.71645,40.11167],[140.71606,40.1098],[140.71697,40.1073],[140.71663,40.106],[140.71603,40.10548],[140.71529,40.10429],[140.71539,40.10329],[140.71582,40.10272],[140.71619,40.1015],[140.71561,40.09946],[140.71562,40.0974],[140.71526,40.09612],[140.71565,40.09526],[140.7168,40.09444],[140.71686,40.09379],[140.71644,40.09255],[140.71671,40.09155],[140.71526,40.08919],[140.71455,40.08683],[140.71498,40.08551],[140.71497,40.08471],[140.71563,40.08304],[140.7169,40.08128],[140.7173,40.08018],[140.71675,40.07965],[140.71686,40.07833],[140.7163,40.07801],[140.71514,40.07786],[140.71449,40.0775],[140.71437,40.07604],[140.71322,40.07565],[140.71165,40.07441],[140.71145,40.0731],[140.71068,40.07134],[140.71142,40.07032],[140.71106,40.06907],[140.71113,40.06821],[140.7102,40.06788],[140.70956,40.06622],[140.70803,40.06491],[140.70665,40.06401],[140.70622,40.0634],[140.70593,40.06156],[140.70601,40.06028],[140.70582,40.05967],[140.70461,40.05829],[140.70351,40.05733],[140.70245,40.05677],[140.70122,40.0557],[140.70046,40.05535],[140.70006,40.05454],[140.69823,40.05289],[140.69838,40.05148],[140.69888,40.05063],[140.69866,40.04985],[140.69748,40.04898],[140.69712,40.04838]]]]}},
  {"type":"Feature","properties":{"name":"由利本荘市","code":"05210"},"geometry":{"type":"MultiPolygon","coordinates":[[[[140.05966,39.59779],[140.05965,39.5958],[140.05929,39.59467],[140.05888,39.59163],[140.05894,39.59022],[140.0588,39.5885],[140.05839,39.58741],[140.058,39.58383],[140.05772,39.58311],[140.05781,39.58183],[140.05722,39.57962],[140.05716,39.57634],[140.05681,39.57378],[140.05637,39.56945],[140.05642,39.56876],[140.05608,39.56786],[140.05613,39.56622],[140.0556,39.56382],[140.05503,39.56247],[140.0551,39.56175],[140.05353,39.55932],[140.0535,39.55679],[140.0531,39.55624],[140.05358,39.55585],[140.05347,39.55518],[140.05386,39.55374],[140.05371,39.55303],[140.05299,39.55206],[140.0531,39.55139],[140.05259,39.55062],[140.05282,39.54984],[140.05195,39.54781],[140.05236,39.54739],[140.0515,39.54658],[140.05197,39.54559],[140.05131,39.5451],[140.05161,39.54418],[140.05035,39.5424],[140.04979,39.54195],[140.05019,39.54104],[140.05118,39.53956],[140.05136,39.53773],[140.05075,39.53393],[140.05077,39.53237],[140.05009,39.52907],[140.04979,39.52722],[140.04938,39.52623],[140.04931,39.52479],[140.0487,39.5221],[140.04817,39.51871],[140.04791,39.51803],[140.04748,39.51484],[140.04714,39.51391],[140.04696,39.51206],[140.04636,39.50883],[140.04589,39.50726],[140.04545,39.5069],[140.04514,39.50522],[140.04535,39.50449],[140.04505,39.50327],[140.04494,39.50135],[140.04525,39.50108],[140.04503,39.4987],[140.04401,39.49756],[140.04377,39.49662],[140.04302,39.49502],[140.04302,39.49401],[140.04258,39.49356],[140.04277,39.49246],[140.0424,39.49169],[140.04237,39.49048],[140.04261,39.48971],[140.04221,39.48787],[140.04175,39.48716],[140.04142,39.4843],[140.04002,39.47879],[140.04002,39.47741],[140.03939,39.47573],[140.03857,39.472],[140.03817,39.4705],[140.03797,39.46868],[140.03737,39.46784],[140.03628,39.46764],[140.03673,39.46694],[140.03609,39.466],[140.03655,39.4652],[140.03584,39.46476],[140.03642,39.46418],[140.03587,39.46259],[140.03512,39.46237],[140.03562,39.46133],[140.03497,39.46069],[140.03543,39.46015],[140.03519,39.45943],[140.03524,39.45836],[140.03447,39.45746],[140.03451,39.45639],[140.03386,39.45334],[140.0336,39.45133],[140.03282,39.4493],[140.03283,39.44863],[140.03243,39.44691],[140.03208,39.44633],[140.03178,39.444],[140.03071,39.44327],[140.03088,39.44268],[140.03055,39.44164],[140.03116,39.44108],[140.03067,39.4399],[140.03004,39.43706],[140.02935,39.43444],[140.02771,39.42889],[140.02686,39.42579],[140.02648,39.4241],[140.02658,39.42324],[140.02597,39.42209],[140.02525,39.41917],[140.0248,39.41812],[140.02486,39.41761],[140.02438,39.41526],[140.02361,39.41313],[140.02152,39.40563],[140.0208,39.40375],[140.02006,39.40256],[140.01835,39.40135],[140.01808,39.39963],[140.0178,39.39896],[140.01669,39.39774],[140.01652,39.39651],[140.01582,39.3958],[140.01454,39.39498],[140.01145,39.39564],[140.01061,39.39525],[140.01038,39.39429],[140.01222,39.39394],[140.01293,39.39496],[140.01602,39.3944],[140.01507,39.39171],[140.01412,39.3919],[140.01392,39.39149],[140.01402,39.38969],[140.01482,39.38738],[140.01465,39.38588],[140.01436,39.38548],[140.01384,39.38355],[140.01374,39.38254],[140.01313,39.38114],[140.01145,39.38005],[140.01131,39.37906],[140.01081,39.37832],[140.0113,39.37676],[140.01116,39.37542],[140.01074,39.37475],[140.01045,39.37345],[140.00964,39.37139],[140.00933,39.37109],[140.00849,39.36866],[140.00785,39.36738],[140.00711,39.36541],[140.00586,39.36424],[140.00586,39.36342],[140.00538,39.36299],[140.00535,39.362],[140.0049,39.36158],[140.00497,39.35995],[140.0037,39.35785],[140.00317,39.35609],[140.00204,39.35496],[140.00192,39.35405],[140.00137,39.3534],[140.00152,39.35257],[140.00083,39.3505],[139.99933,39.34766],[139.99855,39.34714],[139.99823,39.34641],[139.99822,39.34499],[139.99681,39.34221],[139.9949,39.34081],[139.99444,39.33955],[139.99487,39.33929],[139.99384,39.33793],[139.9929,39.33698],[139.99285,39.33648],[139.99179,39.33498],[139.99166,39.33428],[139.99118,39.33386],[139.99098,39.33283],[139.99049,39.33242],[139.99024,39.33162],[139.98926,39.33087],[139.98923,39.33008],[139.9884,39.32966],[139.98881,39.32857],[139.98867,39.32798],[139.98756,39.32615],[139.98689,39.32444],[139.98619,39.32341],[139.98576,39.32201],[139.98497,39.32062],[139.98308,39.3178],[139.983,39.31722],[139.98183,39.31568],[139.98131,39.31451],[139.98012,39.31309],[139.98324,39.31169],[139.98551,39.31033],[139.98716,39.30956],[139.98786,39.30883],[139.98815,39.30795],[139.98862,39.30755],[139.99032,39.30681],[139.99045,39.30543],[139.98992,39.30364],[139.99032,39.30247],[139.99145,39.3018],[139.99219,39.30096],[139.99255,39.30015],[139.99351,39.29905],[139.99353,39.29803],[139.99604,39.29623],[139.99867,39.29638],[140.00054,39.29576],[140.00126,39.29483],[140.00276,39.29429],[139.99961,39.29359],[139.99742,39.29303],[139.99589,39.29187],[139.99632,39.29077],[139.9962,39.28962],[139.99571,39.28913],[139.99361,39.2896],[139.99291,39.28919],[139.99287,39.28764],[139.99235,39.2866],[139.99278,39.28592],[139.99466,39.28533],[139.99556,39.28476],[139.99629,39.28488],[139.997,39.28412],[139.99859,39.28421],[139.9994,39.2834],[139.99924,39.28259],[139.99994,39.28168],[140.00063,39.28125],[140.00165,39.27749],[140.00278,39.27657],[140.00343,39.27576],[140.00434,39.27366],[140.00581,39.27393],[140.00776,39.27284],[140.00897,39.272],[140.00976,39.27091],[140.01014,39.26936],[140.0113,39.26871],[140.01156,39.26768],[140.01204,39.26735],[140.0139,39.26696],[140.01463,39.26707],[140.01576,39.26768],[140.01688,39.26799],[140.01846,39.26811],[140.02001,39.26847],[140.02184,39.2692],[140.0297,39.2645],[140.03058,39.26376],[140.03125,39.26352],[140.03796,39.25953],[140.03347,39.2523],[140.03383,39.25099],[140.0329,39.24952],[140.03326,39.24882],[140.03436,39.24854],[140.03494,39.24772],[140.03489,39.24695],[140.03638,39.247],[140.03783,39.24544],[140.03831,39.24535],[140.03895,39.2443],[140.04073,39.24388],[140.04154,39.24191],[140.04121,39.24164],[140.042,39.23911],[140.044,39.23897],[140.0453,39.23822],[140.04595,39.23636],[140.04838,39.23622],[140.04999,39.23544],[140.05084,39.23461],[140.05234,39.23388],[140.05481,39.23153],[140.05836,39.2266],[140.05776,39.22418],[140.05717,39.22261],[140.0562,39.21861],[140.05561,39.21686],[140.05518,39.21511],[140.05407,39.21193],[140.05369,39.20822],[140.05317,39.20231],[140.05288,39.19843],[140.05365,39.19462],[140.05394,39.1938],[140.05335,39.19251],[140.0521,39.19095],[140.05167,39.19064],[140.04992,39.19019],[140.04886,39.18897],[140.0477,39.18823],[140.04666,39.18632],[140.04563,39.18494],[140.04599,39.1835],[140.04589,39.18292],[140.04479,39.1811],[140.04473,39.17978],[140.04259,39.17762],[140.04217,39.17626],[140.04219,39.17558],[140.04263,39.17452],[140.04331,39.17406],[140.04464,39.17263],[140.04529,39.17236],[140.04602,39.17154],[140.04757,39.17031],[140.05017,39.16995],[140.05125,39.16956],[140.0534,39.16828],[140.05635,39.16829],[140.05672,39.16798],[140.05654,39.16634],[140.05811,39.16447],[140.06041,39.16247],[140.06128,39.16213],[140.06388,39.16159],[140.06411,39.16132],[140.0635,39.16012],[140.06413,39.15843],[140.0643,39.15611],[140.06404,39.15373],[140.06336,39.15135],[140.06346,39.1503],[140.06524,39.1464],[140.06595,39.14372],[140.06571,39.14086],[140.06512,39.13869],[140.06244,39.1335],[140.06222,39.13091],[140.06177,39.12226],[140.06146,39.11339],[140.06164,39.11107],[140.06209,39.10911],[140.06287,39.10694],[140.06431,39.10419],[140.06714,39.09979],[140.06719,39.09845],[140.06694,39.09771],[140.06537,39.09583],[140.06246,39.09289],[140.06397,39.09146],[140.06618,39.09062],[140.06773,39.08969],[140.07052,39.08828],[140.07351,39.08687],[140.0761,39.0861],[140.0781,39.08601],[140.08072,39.08573],[140.08353,39.08511],[140.08844,39.08503],[140.09397,39.08471],[140.09622,39.08489],[140.09852,39.08386],[140.10047,39.08378],[140.10272,39.0831],[140.10341,39.08231],[140.10476,39.08206],[140.10617,39.08156],[140.10731,39.08081],[140.11135,39.07902],[140.11262,39.07864],[140.11423,39.07842],[140.1149,39.07778],[140.11488,39.07517],[140.11655,39.07303],[140.11674,39.07185],[140.11648,39.0707],[140.11686,39.06823],[140.11872,39.06826],[140.12008,39.06803],[140.12096,39.06666],[140.12183,39.06632],[140.12398,39.06434],[140.12479,39.06384],[140.12763,39.06305],[140.12984,39.063],[140.13081,39.06322],[140.13236,39.06385],[140.13319,39.06325],[140.13442,39.06439],[140.1354,39.0648],[140.13658,39.06499],[140.13743,39.06549],[140.13804,39.06419],[140.14008,39.06302],[140.14085,39.06281],[140.14122,39.06228],[140.14389,39.06134],[140.14361,39.05959],[140.14462,39.05817],[140.14586,39.05734],[140.14614,39.05608],[140.14752,39.05553],[140.14798,39.05512],[140.14777,39.05402],[140.14792,39.0534],[140.14856,39.05305],[140.14947,39.05136],[140.15075,39.0497],[140.1508,39.04918],[140.15186,39.0484],[140.15247,39.04826],[140.15466,39.04851],[140.15507,39.04873],[140.1575,39.0491],[140.15823,39.05055],[140.15988,39.05278],[140.16076,39.05356],[140.1625,39.05426],[140.16459,39.05365],[140.16563,39.0527],[140.16844,39.05167],[140.16969,39.0515],[140.17116,39.05103],[140.17142,39.05214],[140.17237,39.053],[140.17305,39.05405],[140.17343,39.05518],[140.17421,39.05663],[140.17492,39.05731],[140.17686,39.05756],[140.17817,39.05794],[140.17969,39.0581],[140.18112,39.05794],[140.18202,39.05837],[140.18408,39.05872],[140.18564,39.05873],[140.18722,39.05847],[140.18792,39.05857],[140.1886,39.06061],[140.18877,39.06149],[140.19087,39.06137],[140.19173,39.06119],[140.19382,39.06034],[140.19576,39.06099],[140.19811,39.06126],[140.19951,39.06039],[140.20115,39.05968],[140.20148,39.05926],[140.20192,39.05778],[140.20164,39.0568],[140.20179,39.05621],[140.20356,39.05495],[140.2038,39.05431],[140.20477,39.0535],[140.20409,39.0519],[140.20434,39.05107],[140.20327,39.0486],[140.20167,39.04717],[140.203,39.04553],[140.20237,39.04289],[140.20248,39.04162],[140.20358,39.03972],[140.20363,39.03935],[140.20265,39.03776],[140.20091,39.03614],[140.2006,39.0357],[140.20155,39.03503],[140.20226,39.03482],[140.20484,39.03481],[140.20822,39.03446],[140.21006,39.03342],[140.21282,39.03264],[140.21406,39.03252],[140.21684,39.03308],[140.21752,39.03309],[140.21867,39.03269],[140.21957,39.03191],[140.22111,39.03157],[140.22193,39.03105],[140.22225,39.02963],[140.22364,39.02846],[140.2254,39.02824],[140.22608,39.02751],[140.2275,39.02706],[140.2297,39.02726],[140.23137,39.02697],[140.2329,39.02701],[140.23396,39.02744],[140.23559,39.0274],[140.23686,39.02757],[140.2386,39.02853],[140.24002,39.02973],[140.24116,39.02988],[140.24247,39.03045],[140.24426,39.03056],[140.24544,39.0309],[140.24586,39.03077],[140.24719,39.02928],[140.24875,39.02817],[140.25064,39.02764],[140.25288,39.02823],[140.2532,39.02904],[140.25458,39.03102],[140.25606,39.03213],[140.25717,39.03319],[140.25805,39.03354],[140.25914,39.03366],[140.26056,39.03524],[140.26211,39.03473],[140.26344,39.03337],[140.26621,39.03129],[140.26752,39.03133],[140.26908,39.03212],[140.27029,39.03254],[140.2713,39.03239],[140.27292,39.03138],[140.27422,39.03075],[140.2757,39.03095],[140.27817,39.03011],[140.28101,39.0294],[140.28126,39.02897],[140.28452,39.02809],[140.28663,39.02809],[140.2885,39.0267],[140.28921,39.02597],[140.29039,39.02569],[140.29143,39.02417],[140.29206,39.0239],[140.29276,39.02245],[140.29295,39.02136],[140.29398,39.01941],[140.29373,39.01842],[140.29439,39.01811],[140.29713,39.01844],[140.29863,39.01761],[140.30009,39.018],[140.30216,39.0171],[140.30328,39.01535],[140.30382,39.01506],[140.30632,39.01448],[140.30891,39.01416],[140.31072,39.01359],[140.3119,39.01511],[140.31205,39.01579],[140.31314,39.0175],[140.31484,39.01949],[140.31658,39.0218],[140.31719,39.02218],[140.31768,39.02389],[140.31818,39.02473],[140.31868,39.02503],[140.31864,39.02635],[140.31821,39.02732],[140.31737,39.02812],[140.31843,39.02924],[140.3188,39.03126],[140.32048,39.03095],[140.32091,39.03187],[140.32186,39.03237],[140.32355,39.03283],[140.32412,39.03316],[140.3251,39.03317],[140.32668,39.03376],[140.32785,39.03463],[140.3291,39.0348],[140.32943,39.03661],[140.33038,39.0381],[140.33095,39.03843],[140.33204,39.04026],[140.33524,39.04182],[140.33749,39.04266],[140.33789,39.04341],[140.33911,39.04445],[140.34019,39.04449],[140.34078,39.04497],[140.34272,39.04562],[140.34226,39.04719],[140.34136,39.04938],[140.34135,39.05074],[140.33894,39.05181],[140.33774,39.05339],[140.33609,39.05431],[140.33518,39.05523],[140.33478,39.05628],[140.33397,39.05758],[140.33294,39.05833],[140.33196,39.05821],[140.33148,39.0591],[140.33185,39.05964],[140.33304,39.06049],[140.33348,39.06185],[140.33341,39.06351],[140.33373,39.0645],[140.33557,39.06557],[140.33615,39.06607],[140.33642,39.06685],[140.3374,39.06779],[140.33838,39.06822],[140.3386,39.06899],[140.33946,39.07036],[140.34066,39.07178],[140.34146,39.07228],[140.34249,39.07338],[140.34327,39.07387],[140.34363,39.07526],[140.34352,39.07606],[140.34234,39.07805],[140.34233,39.07906],[140.34127,39.0796],[140.34125,39.08035],[140.34191,39.08162],[140.34174,39.08257],[140.34194,39.0836],[140.34146,39.08424],[140.34113,39.08619],[140.34169,39.08793],[140.34097,39.08933],[140.33868,39.09138],[140.33745,39.09303],[140.33636,39.09381],[140.33564,39.09543],[140.33489,39.09635],[140.33358,39.09752],[140.3323,39.0983],[140.33108,39.10006],[140.33034,39.10052],[140.32799,39.10083],[140.3267,39.10052],[140.32484,39.10089],[140.32178,39.09995],[140.32133,39.10005],[140.32043,39.10096],[140.3198,39.10118],[140.31771,39.10121],[140.31698,39.10148],[140.31692,39.10308],[140.3165,39.10402],[140.31683,39.10471],[140.31561,39.10694],[140.31551,39.10822],[140.31602,39.10912],[140.31587,39.10971],[140.31496,39.11001],[140.31492,39.11063],[140.31406,39.11186],[140.31433,39.11284],[140.31241,39.11371],[140.31201,39.11414],[140.31184,39.11515],[140.31268,39.11631],[140.31153,39.11688],[140.31122,39.11791],[140.30995,39.11905],[140.30941,39.11981],[140.30827,39.12039],[140.30743,39.12037],[140.30706,39.12108],[140.3057,39.12225],[140.30404,39.12229],[140.3045,39.1235],[140.30309,39.12683],[140.30338,39.12783],[140.3038,39.12823],[140.30365,39.12983],[140.30397,39.13107],[140.30328,39.13215],[140.30305,39.13356],[140.30202,39.13428],[140.30118,39.1346],[140.30028,39.13539],[140.29904,39.13693],[140.2983,39.13709],[140.29628,39.13858],[140.29661,39.13933],[140.29625,39.14056],[140.29636,39.14102],[140.29499,39.14149],[140.29366,39.14246],[140.29302,39.14425],[140.29242,39.14447],[140.29204,39.14553],[140.28989,39.14596],[140.28906,39.14596],[140.28719,39.1471],[140.2869,39.1484],[140.28578,39.14911],[140.28416,39.14972],[140.28328,39.14955],[140.28164,39.151],[140.28171,39.1518],[140.28225,39.15292],[140.28126,39.15433],[140.28096,39.15525],[140.28105,39.15662],[140.28023,39.15855],[140.28008,39.16127],[140.27968,39.1634],[140.27818,39.16551],[140.27558,39.16831],[140.27502,39.16869],[140.27436,39.17013],[140.27384,39.17061],[140.27375,39.17149],[140.27318,39.17195],[140.27143,39.17158],[140.27066,39.17214],[140.26806,39.17319],[140.26626,39.17325],[140.2653,39.17434],[140.26457,39.1745],[140.2636,39.17518],[140.26371,39.17564],[140.26292,39.17713],[140.26266,39.17809],[140.26026,39.18101],[140.25891,39.18107],[140.25724,39.1819],[140.25678,39.18308],[140.25725,39.1845],[140.2573,39.18601],[140.25672,39.18693],[140.25782,39.18811],[140.25768,39.1887],[140.25703,39.18916],[140.25733,39.19005],[140.25611,39.19056],[140.25586,39.19124],[140.25508,39.19161],[140.25405,39.19263],[140.25217,39.19359],[140.24986,39.19538],[140.24892,39.19683],[140.24803,39.19716],[140.24739,39.19697],[140.24527,39.19691],[140.2446,39.19643],[140.2441,39.19543],[140.24322,39.19479],[140.24175,39.19426],[140.24114,39.19424],[140.23912,39.19363],[140.2379,39.19465],[140.23676,39.19518],[140.23628,39.19621],[140.23611,39.1973],[140.23449,39.19748],[140.23369,39.1981],[140.23351,39.19871],[140.23248,39.20051],[140.23123,39.20144],[140.23101,39.20317],[140.23005,39.20368],[140.23017,39.20554],[140.22931,39.20686],[140.22992,39.20819],[140.22925,39.20988],[140.22974,39.21103],[140.22895,39.21125],[140.22807,39.21216],[140.22722,39.21229],[140.22713,39.21555],[140.22556,39.21663],[140.22333,39.21684],[140.22179,39.21813],[140.22156,39.21904],[140.22192,39.22007],[140.22053,39.22086],[140.2208,39.22204],[140.22301,39.22192],[140.22361,39.22264],[140.22315,39.2238],[140.22264,39.22443],[140.22255,39.22543],[140.22288,39.226],[140.22271,39.22688],[140.22425,39.22794],[140.2258,39.22874],[140.22636,39.22944],[140.22847,39.22972],[140.22968,39.22908],[140.23053,39.22769],[140.23184,39.22603],[140.23291,39.2255],[140.23392,39.22566],[140.23658,39.22655],[140.23775,39.22729],[140.24048,39.22543],[140.24169,39.22491],[140.24372,39.2248],[140.24456,39.22456],[140.24604,39.22478],[140.247,39.22447],[140.2484,39.22456],[140.24905,39.22494],[140.24972,39.22598],[140.25031,39.22638],[140.2512,39.22748],[140.25245,39.22828],[140.25265,39.22867],[140.25217,39.23012],[140.25262,39.23096],[140.25492,39.2313],[140.25584,39.23192],[140.25646,39.23264],[140.25847,39.23312],[140.259,39.23374],[140.26062,39.23479],[140.26105,39.23551],[140.26108,39.23672],[140.26203,39.23726],[140.26254,39.23787],[140.26313,39.23797],[140.2646,39.23762],[140.26588,39.23633],[140.26753,39.23714],[140.26848,39.23718],[140.26961,39.23757],[140.2704,39.2375],[140.27043,39.23894],[140.27014,39.23937],[140.27044,39.24019],[140.27235,39.24045],[140.27324,39.23997],[140.27411,39.23987],[140.27557,39.24084],[140.27769,39.2411],[140.27823,39.24082],[140.28033,39.24057],[140.28079,39.24018],[140.28191,39.2403],[140.28163,39.2414],[140.28413,39.24334],[140.28521,39.24335],[140.28646,39.24392],[140.2878,39.24378],[140.28899,39.24401],[140.29081,39.24386],[140.29335,39.24419],[140.29515,39.24492],[140.29624,39.24497],[140.29678,39.24457],[140.29847,39.24443],[140.29893,39.24399],[140.29996,39.24396],[140.3001,39.24437],[140.30157,39.24458],[140.30171,39.24538],[140.30254,39.24557],[140.30397,39.24545],[140.3056,39.24697],[140.30746,39.24669],[140.30798,39.24714],[140.30967,39.24807],[140.3109,39.2481],[140.31112,39.24743],[140.31261,39.2468],[140.31338,39.24731],[140.31429,39.24744],[140.31673,39.24711],[140.31886,39.2479],[140.3203,39.24737],[140.32313,39.24772],[140.32422,39.24812],[140.32558,39.24801],[140.326,39.24743],[140.32673,39.24579],[140.32779,39.24602],[140.33104,39.24602],[140.33146,39.24612],[140.33245,39.24727],[140.33238,39.24805],[140.3339,39.24813],[140.33473,39.24913],[140.33697,39.24888],[140.33728,39.24789],[140.33821,39.24708],[140.33742,39.24559],[140.33802,39.24508],[140.33929,39.24555],[140.34118,39.24449],[140.34234,39.24489],[140.34235,39.24578],[140.34311,39.246],[140.34374,39.24666],[140.34488,39.24707],[140.34662,39.24679],[140.34796,39.2469],[140.34883,39.24817],[140.3484,39.24852],[140.34676,39.25049],[140.34637,39.25127],[140.34525,39.2515],[140.34473,39.25113],[140.34375,39.25121],[140.34334,39.25181],[140.34344,39.25284],[140.3432,39.25378],[140.34158,39.25424],[140.34134,39.25504],[140.3423,39.25566],[140.34238,39.25704],[140.34171,39.25779],[140.34084,39.25823],[140.3402,39.25919],[140.33926,39.25951],[140.33839,39.25912],[140.33747,39.25919],[140.33649,39.25958],[140.33569,39.25941],[140.33464,39.25976],[140.33353,39.25971],[140.33108,39.26097],[140.33075,39.26137],[140.32987,39.26148],[140.32984,39.26406],[140.32945,39.26503],[140.33094,39.26784],[140.33154,39.26827],[140.33179,39.27018],[140.33108,39.27111],[140.33098,39.27249],[140.33048,39.27355],[140.33152,39.27387],[140.33311,39.27374],[140.33426,39.27487],[140.33533,39.27545],[140.33673,39.27652],[140.33718,39.27804],[140.33786,39.27922],[140.33894,39.27967],[140.33952,39.28038],[140.33969,39.28104],[140.33827,39.28236],[140.33862,39.28378],[140.3386,39.28448],[140.33994,39.2849],[140.34,39.28558],[140.3397,39.28693],[140.34007,39.28749],[140.33945,39.28839],[140.3403,39.28926],[140.34027,39.29019],[140.3391,39.29089],[140.33948,39.29142],[140.34172,39.29283],[140.34225,39.2934],[140.34231,39.29517],[140.34431,39.29578],[140.34668,39.29596],[140.34802,39.29638],[140.34952,39.29661],[140.35127,39.29639],[140.35217,39.29606],[140.3526,39.29546],[140.35409,39.2956],[140.35439,39.29645],[140.35555,39.29685],[140.35593,39.2976],[140.3554,39.2988],[140.35431,39.29927],[140.35417,39.29984],[140.35355,39.30029],[140.35409,39.30116],[140.3534,39.30184],[140.35286,39.30194],[140.35223,39.30339],[140.35267,39.30442],[140.35246,39.30541],[140.35206,39.30559],[140.35014,39.30563],[140.34927,39.30698],[140.34811,39.3073],[140.34723,39.30818],[140.3453,39.30884],[140.3439,39.30979],[140.34251,39.31044],[140.34222,39.31143],[140.34162,39.31156],[140.34056,39.31245],[140.34086,39.31292],[140.3403,39.31431],[140.34101,39.31542],[140.34039,39.31578],[140.34036,39.31655],[140.34204,39.31745],[140.34192,39.31848],[140.34109,39.31862],[140.34106,39.32013],[140.34042,39.32129],[140.34006,39.32288],[140.34098,39.32399],[140.34096,39.32442],[140.34217,39.32572],[140.3421,39.32678],[140.3405,39.32745],[140.33933,39.32731],[140.33747,39.32764],[140.33568,39.32709],[140.33538,39.3261],[140.33381,39.32501],[140.33227,39.32495],[140.33181,39.32514],[140.33095,39.32479],[140.32801,39.3255],[140.32793,39.32701],[140.32826,39.3278],[140.32949,39.32893],[140.3299,39.32977],[140.32947,39.33043],[140.32832,39.33091],[140.32712,39.33216],[140.32662,39.33233],[140.32736,39.33373],[140.32831,39.33482],[140.33007,39.33578],[140.33024,39.33646],[140.32966,39.33731],[140.32971,39.33948],[140.32884,39.34012],[140.32812,39.34139],[140.32716,39.34189],[140.32561,39.34212],[140.32409,39.34331],[140.32288,39.34358],[140.32169,39.34455],[140.32087,39.3445],[140.31958,39.34533],[140.31891,39.34602],[140.32032,39.34748],[140.32036,39.34812],[140.3197,39.34875],[140.31812,39.34861],[140.31591,39.34971],[140.3153,39.34946],[140.31297,39.3492],[140.31173,39.34864],[140.31064,39.34757],[140.3085,39.34806],[140.30713,39.34775],[140.30552,39.34775],[140.30485,39.34808],[140.30362,39.34756],[140.30339,39.3469],[140.30241,39.34665],[140.30165,39.34676],[140.30129,39.3479],[140.30033,39.34863],[140.3,39.35038],[140.29934,39.35175],[140.29933,39.35299],[140.29849,39.35464],[140.29803,39.35473],[140.29669,39.35412],[140.29573,39.35459],[140.29444,39.35348],[140.29294,39.3532],[140.29211,39.35323],[140.29146,39.35457],[140.28972,39.35476],[140.28845,39.35462],[140.28771,39.35507],[140.28631,39.35434],[140.28534,39.35514],[140.28419,39.35483],[140.28383,39.3556],[140.28299,39.35591],[140.28085,39.35767],[140.27937,39.35595],[140.27901,39.35487],[140.2784,39.3546],[140.27725,39.35363],[140.27602,39.35412],[140.2759,39.3549],[140.27513,39.35578],[140.27293,39.35547],[140.27125,39.35469],[140.26937,39.35523],[140.26886,39.35596],[140.26948,39.35798],[140.26923,39.35921],[140.27026,39.3603],[140.27005,39.36114],[140.27163,39.36192],[140.27291,39.36282],[140.27156,39.36388],[140.26816,39.36553],[140.26772,39.3667],[140.26674,39.36803],[140.2675,39.37031],[140.26727,39.37082],[140.26624,39.37136],[140.26606,39.3727],[140.26417,39.37364],[140.26366,39.37473],[140.26265,39.37591],[140.26269,39.3769],[140.2619,39.37799],[140.2641,39.37885],[140.26506,39.37843],[140.26656,39.3771],[140.26696,39.37634],[140.26861,39.37622],[140.27015,39.37668],[140.27175,39.3762],[140.27341,39.37619],[140.27576,39.37548],[140.27645,39.37494],[140.27828,39.37548],[140.27931,39.37554],[140.28001,39.37474],[140.28091,39.37423],[140.28104,39.37364],[140.2823,39.37429],[140.28353,39.37521],[140.28502,39.37418],[140.28588,39.37295],[140.28696,39.37305],[140.28707,39.37344],[140.28876,39.37439],[140.28845,39.37578],[140.28997,39.37613],[140.29078,39.37663],[140.29213,39.37674],[140.2922,39.37595],[140.2932,39.37628],[140.2944,39.37467],[140.29516,39.37615],[140.29512,39.37656],[140.29598,39.37749],[140.29407,39.37743],[140.29359,39.37756],[140.29407,39.37853],[140.29586,39.37819],[140.29667,39.37879],[140.29737,39.37893],[140.29864,39.37848],[140.2997,39.37785],[140.29992,39.37723],[140.29973,39.37602],[140.30015,39.37452],[140.30071,39.37506],[140.30084,39.3766],[140.30138,39.37706],[140.30082,39.37815],[140.302,39.37817],[140.30327,39.37843],[140.30455,39.37934],[140.30746,39.38012],[140.30862,39.37952],[140.3103,39.37961],[140.31194,39.37873],[140.31341,39.37939],[140.3151,39.37963],[140.31523,39.38042],[140.31749,39.38145],[140.31839,39.38166],[140.32019,39.38259],[140.31946,39.38335],[140.31964,39.38385],[140.31869,39.38453],[140.31857,39.38606],[140.31742,39.38629],[140.31716,39.38664],[140.31734,39.38757],[140.31792,39.38834],[140.31656,39.38904],[140.31584,39.39041],[140.31429,39.39051],[140.31312,39.39038],[140.31248,39.39066],[140.31186,39.39143],[140.31051,39.39113],[140.3097,39.3915],[140.30864,39.39128],[140.30753,39.39052],[140.30668,39.39156],[140.30506,39.39174],[140.30469,39.39087],[140.30221,39.39021],[140.30119,39.39116],[140.29971,39.39209],[140.29935,39.39308],[140.29785,39.39357],[140.29673,39.39307],[140.29596,39.39355],[140.29318,39.39377],[140.29194,39.39488],[140.29054,39.39513],[140.28902,39.39403],[140.28823,39.39406],[140.28734,39.39524],[140.28604,39.39569],[140.28519,39.39677],[140.28532,39.39768],[140.28707,39.39858],[140.28824,39.39979],[140.28887,39.39982],[140.29114,39.39945],[140.29263,39.39938],[140.29343,39.40074],[140.29479,39.40079],[140.29564,39.40032],[140.29684,39.40039],[140.29812,39.40109],[140.29907,39.40354],[140.30019,39.40363],[140.30147,39.40331],[140.30223,39.40382],[140.30315,39.40489],[140.30273,39.40557],[140.30383,39.40654],[140.30475,39.40693],[140.30398,39.40847],[140.30404,39.4092],[140.30315,39.41043],[140.30463,39.41169],[140.30544,39.41208],[140.30507,39.41316],[140.30545,39.4149],[140.30659,39.41554],[140.30642,39.41664],[140.30368,39.41754],[140.30238,39.41845],[140.30213,39.41889],[140.3002,39.41948],[140.29886,39.42082],[140.29654,39.42056],[140.29593,39.42088],[140.29412,39.41981],[140.29379,39.41981],[140.2919,39.42088],[140.29142,39.42041],[140.2905,39.42072],[140.28923,39.42082],[140.28902,39.42129],[140.2878,39.42182],[140.28726,39.42176],[140.28625,39.4222],[140.28545,39.42374],[140.2847,39.424],[140.28356,39.42318],[140.2819,39.4232],[140.28091,39.42409],[140.27987,39.42414],[140.27932,39.42443],[140.2785,39.42423],[140.27769,39.42469],[140.27686,39.42567],[140.27699,39.42706],[140.27563,39.42821],[140.27515,39.42887],[140.27425,39.42956],[140.27254,39.42987],[140.27158,39.43151],[140.27046,39.43262],[140.27065,39.43307],[140.27021,39.43397],[140.26964,39.43446],[140.26963,39.43552],[140.27127,39.43606],[140.27133,39.43716],[140.27176,39.43797],[140.27098,39.43836],[140.2701,39.4395],[140.26916,39.43993],[140.26846,39.44064],[140.26859,39.44112],[140.27038,39.44215],[140.27088,39.44287],[140.27092,39.44356],[140.27152,39.44403],[140.27084,39.44468],[140.27062,39.44602],[140.26966,39.4465],[140.26954,39.44833],[140.26897,39.44957],[140.26737,39.45096],[140.2674,39.45156],[140.26654,39.45215],[140.2649,39.45086],[140.26437,39.45062],[140.26385,39.45155],[140.26191,39.45178],[140.2601,39.44989],[140.25998,39.44931],[140.25881,39.44888],[140.25762,39.44917],[140.25699,39.44904],[140.25598,39.4497],[140.25519,39.44981],[140.25438,39.45064],[140.2533,39.4509],[140.25209,39.45231],[140.2512,39.45218],[140.24995,39.45369],[140.24983,39.45421],[140.24793,39.4543],[140.24731,39.45409],[140.24634,39.45483],[140.24506,39.45543],[140.24383,39.45443],[140.24256,39.45483],[140.24154,39.4546],[140.24055,39.45467],[140.23912,39.45549],[140.23741,39.45706],[140.23624,39.45762],[140.23442,39.46003],[140.23455,39.46048],[140.23585,39.46121],[140.23643,39.46272],[140.2375,39.46317],[140.23866,39.46431],[140.23864,39.4649],[140.23935,39.46569],[140.2392,39.46695],[140.23891,39.4673],[140.23788,39.46745],[140.23703,39.46812],[140.23577,39.46877],[140.23401,39.46914],[140.23242,39.47001],[140.23235,39.47117],[140.23161,39.47201],[140.22978,39.47101],[140.22854,39.47052],[140.22861,39.46988],[140.22798,39.4688],[140.22698,39.46882],[140.22584,39.46838],[140.22534,39.4675],[140.22374,39.46717],[140.223,39.46754],[140.22252,39.46871],[140.22241,39.46953],[140.22331,39.47122],[140.22277,39.4723],[140.22175,39.47244],[140.22233,39.47325],[140.22235,39.47378],[140.22291,39.4743],[140.22266,39.47497],[140.22153,39.47546],[140.22148,39.47704],[140.22226,39.47811],[140.22336,39.47815],[140.22387,39.47875],[140.22375,39.48004],[140.22391,39.48066],[140.22264,39.48095],[140.22079,39.4816],[140.22078,39.48182],[140.2225,39.48329],[140.22309,39.48536],[140.2228,39.48653],[140.22231,39.48733],[140.22373,39.48785],[140.22409,39.4883],[140.22561,39.48897],[140.22619,39.49009],[140.22775,39.49055],[140.22887,39.49056],[140.22926,39.48996],[140.22896,39.48923],[140.22963,39.48911],[140.23189,39.48959],[140.23282,39.48911],[140.23361,39.48909],[140.23539,39.49023],[140.23567,39.49228],[140.23447,39.49262],[140.2337,39.49238],[140.2326,39.49254],[140.23159,39.49192],[140.23023,39.49188],[140.22946,39.49248],[140.22909,39.4935],[140.22818,39.49416],[140.22661,39.49371],[140.22586,39.49307],[140.22505,39.49297],[140.22441,39.49252],[140.22335,39.49245],[140.22252,39.49272],[140.22143,39.49221],[140.21981,39.49232],[140.21979,39.49382],[140.21922,39.49462],[140.21838,39.49492],[140.21699,39.49647],[140.2167,39.4972],[140.21571,39.49798],[140.21488,39.49726],[140.21142,39.49571],[140.20893,39.49654],[140.20784,39.49597],[140.20702,39.49623],[140.20649,39.49702],[140.20447,39.49723],[140.20394,39.49692],[140.20192,39.49664],[140.20093,39.49692],[140.20005,39.49745],[140.19823,39.49744],[140.1975,39.49775],[140.19654,39.49868],[140.19598,39.50098],[140.19515,39.50161],[140.19423,39.50156],[140.19192,39.5006],[140.18893,39.5014],[140.18872,39.50201],[140.1875,39.50266],[140.18701,39.50324],[140.18618,39.50309],[140.18542,39.50371],[140.18462,39.50383],[140.18316,39.50348],[140.18177,39.50347],[140.181,39.50365],[140.18027,39.50428],[140.17966,39.50596],[140.17966,39.50665],[140.18059,39.50868],[140.18019,39.51015],[140.17975,39.51091],[140.17811,39.51244],[140.17846,39.5133],[140.17915,39.51426],[140.18022,39.51488],[140.18098,39.51574],[140.18054,39.51691],[140.17988,39.51737],[140.17909,39.51895],[140.17948,39.52022],[140.18109,39.52097],[140.18256,39.52078],[140.18403,39.52139],[140.18427,39.52183],[140.18416,39.52293],[140.18468,39.52355],[140.18487,39.52447],[140.18449,39.52569],[140.18484,39.5266],[140.18489,39.52754],[140.18524,39.52841],[140.18481,39.53007],[140.18494,39.53033],[140.18641,39.53084],[140.18708,39.53179],[140.1879,39.53247],[140.18861,39.53406],[140.18768,39.53619],[140.18701,39.53666],[140.18573,39.53707],[140.18586,39.53842],[140.18525,39.53896],[140.18415,39.53867],[140.18325,39.53891],[140.18199,39.53889],[140.18155,39.5382],[140.1802,39.53719],[140.17967,39.5364],[140.17889,39.53609],[140.17738,39.53613],[140.17447,39.53564],[140.17226,39.53482],[140.17121,39.53483],[140.17079,39.53403],[140.16991,39.53372],[140.16968,39.53309],[140.16826,39.53265],[140.16673,39.53329],[140.16564,39.53341],[140.16466,39.53521],[140.16264,39.53522],[140.16085,39.53489],[140.15993,39.53608],[140.15833,39.53696],[140.15613,39.5378],[140.15956,39.53993],[140.16179,39.54052],[140.16421,39.54173],[140.16495,39.54256],[140.16493,39.54457],[140.16514,39.5452],[140.1662,39.54672],[140.16739,39.54799],[140.16609,39.549],[140.16449,39.54943],[140.16265,39.55015],[140.16096,39.55178],[140.16066,39.55242],[140.16094,39.55321],[140.16012,39.55437],[140.16044,39.55569],[140.15949,39.55859],[140.16005,39.55947],[140.15887,39.56018],[140.15854,39.56086],[140.15721,39.56187],[140.15516,39.5624],[140.15399,39.56292],[140.15306,39.56382],[140.15303,39.56508],[140.15356,39.56573],[140.152,39.56817],[140.1512,39.56867],[140.1511,39.56921],[140.14857,39.57037],[140.14793,39.57032],[140.14689,39.56976],[140.14496,39.56986],[140.14159,39.56926],[140.13982,39.56863],[140.13809,39.56858],[140.13717,39.56943],[140.13637,39.56954],[140.13547,39.56893],[140.1348,39.56883],[140.13231,39.56924],[140.13174,39.56976],[140.13093,39.56989],[140.12848,39.56951],[140.1269,39.56993],[140.12545,39.56991],[140.1241,39.57029],[140.12263,39.57033],[140.12117,39.57158],[140.12193,39.57255],[140.11939,39.5733],[140.12028,39.57401],[140.12211,39.57439],[140.12236,39.57536],[140.12204,39.57607],[140.12032,39.57591],[140.11948,39.57628],[140.1189,39.57612],[140.11758,39.57635],[140.11697,39.57673],[140.11571,39.57674],[140.11512,39.57712],[140.11275,39.57727],[140.11236,39.57809],[140.11142,39.5787],[140.11058,39.58009],[140.10963,39.58062],[140.10837,39.58083],[140.10794,39.58201],[140.10865,39.58317],[140.10906,39.5844],[140.1081,39.58466],[140.10735,39.58439],[140.10616,39.5846],[140.10597,39.58494],[140.1049,39.58495],[140.10393,39.58528],[140.1015,39.5851],[140.10031,39.58576],[140.09921,39.58599],[140.09883,39.58564],[140.09889,39.58489],[140.09839,39.58382],[140.09792,39.58364],[140.09631,39.5839],[140.09303,39.58236],[140.08981,39.58317],[140.08907,39.5821],[140.08815,39.5821],[140.08764,39.58083],[140.08667,39.57995],[140.08596,39.57974],[140.08575,39.58042],[140.085,39.58069],[140.0842,39.58139],[140.08336,39.58174],[140.08328,39.58241],[140.08237,39.58334],[140.08222,39.5839],[140.08033,39.5837],[140.07894,39.58273],[140.07612,39.58387],[140.07352,39.5848],[140.07472,39.58569],[140.07558,39.58599],[140.07652,39.58664],[140.07765,39.58802],[140.07715,39.58884],[140.07603,39.58943],[140.07581,39.59043],[140.07603,39.59149],[140.07703,39.5922],[140.07664,39.59326],[140.07565,39.59479],[140.07429,39.59508],[140.0738,39.59539],[140.0723,39.59701],[140.07038,39.59728],[140.06888,39.59832],[140.0681,39.5983],[140.06631,39.59714],[140.06545,39.59708],[140.06473,39.59745],[140.05966,39.59779]]]]}},
  {"type":"Feature","properties":{"name":"潟上市","code":"05211"},"geometry":{"type":"MultiPolygon","coordinates":[[[[140.19778,39.85979],[140.19715,39.85929],[140.19374,39.85795],[140.19246,39.85719],[140.19054,39.8566],[140.18709,39.85577],[140.18603,39.85438],[140.18424,39.85411],[140.18256,39.85456],[140.18151,39.85439],[140.17944,39.85465],[140.17803,39.85436],[140.17734,39.85456],[140.17358,39.85465],[140.17223,39.85488],[140.17039,39.8549],[140.16955,39.85513],[140.16865,39.85645],[140.16679,39.85739],[140.16676,39.85858],[140.16584,39.8582],[140.16413,39.85803],[140.16346,39.85779],[140.16214,39.85933],[140.1616,39.8594],[140.16128,39.86054],[140.16013,39.86098],[140.15987,39.8617],[140.1586,39.86189],[140.15811,39.86218],[140.15782,39.86312],[140.15688,39.86346],[140.15716,39.86423],[140.15679,39.86496],[140.15567,39.86501],[140.15528,39.86638],[140.15448,39.8664],[140.15407,39.86718],[140.15261,39.86585],[140.15173,39.86588],[140.15087,39.8647],[140.1492,39.8641],[140.14838,39.8645],[140.14756,39.86617],[140.147,39.86636],[140.14617,39.86601],[140.1454,39.86672],[140.14564,39.86787],[140.1453,39.86812],[140.14423,39.86792],[140.14287,39.86859],[140.14153,39.86788],[140.14026,39.86805],[140.13942,39.86773],[140.13943,39.86721],[140.13885,39.86676],[140.13756,39.86682],[140.13559,39.8665],[140.13447,39.86576],[140.13302,39.86584],[140.13234,39.8664],[140.13045,39.86678],[140.12997,39.86838],[140.12925,39.86916],[140.12943,39.86969],[140.12919,39.87066],[140.12987,39.87138],[140.12908,39.87228],[140.1283,39.87272],[140.12786,39.87343],[140.12655,39.87315],[140.12531,39.87317],[140.12403,39.87373],[140.12287,39.87388],[140.12142,39.87339],[140.12097,39.874],[140.12116,39.87462],[140.12026,39.87527],[140.1184,39.87549],[140.11563,39.87647],[140.11591,39.877],[140.11583,39.87801],[140.11455,39.87994],[140.11353,39.88005],[140.11326,39.88055],[140.1137,39.88196],[140.11416,39.88245],[140.1133,39.88342],[140.11229,39.88356],[140.11051,39.88511],[140.10869,39.88528],[140.1073,39.88571],[140.10643,39.88574],[140.10558,39.8875],[140.10455,39.88861],[140.10453,39.88953],[140.10341,39.89041],[140.10218,39.89044],[140.10151,39.89118],[140.10203,39.89196],[140.10078,39.89289],[140.0986,39.89346],[140.09934,39.89435],[140.10005,39.89464],[140.10014,39.89515],[140.09882,39.89594],[140.09782,39.89706],[140.09708,39.89725],[140.09656,39.8986],[140.09563,39.89939],[140.09437,39.90074],[140.09227,39.9019],[140.09191,39.90339],[140.09207,39.90429],[140.09028,39.90464],[140.09,39.90485],[140.08736,39.90538],[140.08545,39.90492],[140.08437,39.90531],[140.08176,39.9045],[140.07926,39.90428],[140.07908,39.90518],[140.07746,39.90534],[140.07498,39.90496],[140.07483,39.90416],[140.07393,39.90421],[140.07396,39.90529],[140.0698,39.90542],[140.06976,39.90444],[140.06721,39.90461],[140.06409,39.90451],[140.06252,39.90465],[140.05923,39.90476],[140.05823,39.90463],[140.05416,39.90496],[140.03354,39.90559],[140.01639,39.91942],[140.016,39.91985],[140.01547,39.91979],[140.01149,39.92035],[140.00562,39.92154],[139.99659,39.92343],[139.97633,39.92781],[139.96667,39.92292],[139.96312,39.92106],[139.96288,39.90911],[139.9608,39.90503],[139.95533,39.89945],[139.95368,39.89789],[139.95513,39.89643],[139.95825,39.89297],[139.95981,39.89195],[139.96046,39.89126],[139.96298,39.8894],[139.96616,39.88654],[139.96698,39.88502],[139.96799,39.88461],[139.96985,39.8852],[139.97189,39.88499],[139.97295,39.88428],[139.97357,39.88331],[139.97338,39.88265],[139.97189,39.88224],[139.97133,39.88158],[139.9703,39.88121],[139.96908,39.88041],[139.96789,39.88],[139.96883,39.87893],[139.96963,39.87863],[139.97151,39.87737],[139.97298,39.87618],[139.97949,39.87155],[139.98019,39.87088],[139.9832,39.86859],[139.98404,39.86808],[139.98518,39.86697],[139.98739,39.86524],[139.98983,39.86305],[139.99071,39.8624],[139.99206,39.86108],[139.99318,39.86021],[139.99691,39.85658],[140.00026,39.85319],[140.00203,39.8516],[140.00416,39.84933],[140.00713,39.8459],[140.00889,39.84376],[140.00963,39.84263],[140.01229,39.83953],[140.01295,39.83858],[140.01484,39.8366],[140.01593,39.83498],[140.01932,39.83061],[140.02163,39.82713],[140.0229,39.82499],[140.02448,39.82253],[140.02733,39.81779],[140.02864,39.8155],[140.02886,39.8155],[140.03196,39.80947],[140.03302,39.80723],[140.03338,39.80601],[140.03404,39.80449],[140.04334,39.80542],[140.04864,39.80583],[140.05203,39.80656],[140.05569,39.80704],[140.05583,39.80782],[140.05569,39.80914],[140.05556,39.81262],[140.05526,39.81566],[140.05554,39.81683],[140.05481,39.81905],[140.05538,39.81914],[140.05509,39.82003],[140.05521,39.82205],[140.05547,39.82353],[140.05536,39.82491],[140.05484,39.82706],[140.05493,39.82876],[140.05418,39.83104],[140.05263,39.83498],[140.05172,39.83792],[140.05109,39.83786],[140.05069,39.83945],[140.0496,39.84139],[140.0502,39.84199],[140.04968,39.84332],[140.04873,39.84459],[140.04931,39.84566],[140.04935,39.84644],[140.0498,39.84681],[140.0494,39.84746],[140.04855,39.84785],[140.04921,39.84914],[140.05289,39.84995],[140.0538,39.85039],[140.05511,39.85141],[140.05628,39.85158],[140.05946,39.8473],[140.0598,39.84711],[140.0619,39.84876],[140.06332,39.84922],[140.06498,39.85002],[140.06617,39.85041],[140.06601,39.85147],[140.06646,39.8534],[140.06634,39.85574],[140.0658,39.85713],[140.06478,39.85798],[140.06451,39.85889],[140.06609,39.85908],[140.06617,39.85954],[140.0679,39.85947],[140.06869,39.85841],[140.06928,39.85815],[140.07026,39.85835],[140.07091,39.85771],[140.07249,39.85751],[140.07316,39.85708],[140.07369,39.856],[140.07514,39.85543],[140.07687,39.85496],[140.07765,39.85386],[140.07793,39.85236],[140.07699,39.85263],[140.07605,39.85049],[140.07749,39.84981],[140.07697,39.84877],[140.07715,39.8479],[140.07834,39.8472],[140.08004,39.84787],[140.08034,39.84696],[140.08084,39.84646],[140.08088,39.8446],[140.08137,39.84373],[140.08258,39.84405],[140.08344,39.84521],[140.08501,39.84518],[140.08612,39.84547],[140.08705,39.84496],[140.088,39.84476],[140.08821,39.844],[140.08962,39.84411],[140.08959,39.84347],[140.09064,39.84257],[140.09092,39.84169],[140.09075,39.84084],[140.09003,39.84016],[140.09029,39.83926],[140.09091,39.83876],[140.09118,39.83757],[140.09238,39.83698],[140.09352,39.83529],[140.0951,39.83518],[140.09639,39.8359],[140.09621,39.83657],[140.0963,39.8378],[140.09782,39.83922],[140.09755,39.83971],[140.09826,39.83999],[140.09873,39.84113],[140.1001,39.84099],[140.10168,39.8418],[140.10264,39.84139],[140.10346,39.84186],[140.10464,39.84172],[140.10507,39.84141],[140.10611,39.84199],[140.1074,39.84142],[140.10797,39.84225],[140.10778,39.8439],[140.10933,39.84406],[140.10979,39.84381],[140.11131,39.8441],[140.11133,39.8448],[140.11208,39.84552],[140.11252,39.84537],[140.11378,39.84597],[140.11457,39.84732],[140.11436,39.84834],[140.11575,39.84915],[140.1166,39.84942],[140.11753,39.8507],[140.11954,39.8506],[140.12027,39.85168],[140.12269,39.85217],[140.124,39.85159],[140.12431,39.85018],[140.12418,39.84957],[140.12456,39.84908],[140.12567,39.84875],[140.12598,39.84833],[140.1269,39.84806],[140.12787,39.84704],[140.12944,39.84618],[140.1305,39.84608],[140.1329,39.8449],[140.13462,39.84557],[140.13898,39.84482],[140.1393,39.84536],[140.14055,39.84653],[140.1417,39.84649],[140.14306,39.84604],[140.14373,39.84523],[140.14442,39.84487],[140.14571,39.84587],[140.14663,39.84577],[140.14716,39.84469],[140.14895,39.84516],[140.14888,39.84565],[140.15022,39.84621],[140.15131,39.84612],[140.15246,39.84639],[140.154,39.84761],[140.15438,39.84878],[140.15525,39.84958],[140.15653,39.84927],[140.15747,39.84927],[140.15818,39.84893],[140.15894,39.84904],[140.16051,39.84804],[140.16089,39.84683],[140.16321,39.84692],[140.16404,39.84744],[140.16521,39.84736],[140.16624,39.84644],[140.16665,39.84469],[140.16712,39.84423],[140.16841,39.84404],[140.16954,39.84435],[140.17044,39.84494],[140.17166,39.84478],[140.1724,39.84502],[140.17392,39.845],[140.17519,39.84475],[140.1767,39.84559],[140.1772,39.84632],[140.17908,39.84657],[140.1799,39.84642],[140.18075,39.84661],[140.18308,39.84773],[140.18463,39.84777],[140.18629,39.8483],[140.18743,39.84805],[140.18891,39.84804],[140.19075,39.84766],[140.1926,39.8475],[140.19323,39.84826],[140.19295,39.84894],[140.19368,39.85066],[140.19314,39.85161],[140.19405,39.85232],[140.19487,39.85257],[140.19707,39.85368],[140.198,39.85393],[140.19904,39.85558],[140.19893,39.85714],[140.1982,39.85913],[140.19778,39.85979]]]]}},
  {"type":"Feature","properties":{"name":"大仙市","code":"05212"},"geometry":{"type":"MultiPolygon","coordinates":[[[[140.26897,39.44957],[140.26954,39.44833],[140.26966,39.4465],[140.27062,39.44602],[140.27084,39.44468],[140.27152,39.44403],[140.27092,39.44356],[140.27088,39.44287],[140.27038,39.44215],[140.26859,39.44112],[140.26846,39.44064],[140.26916,39.43993],[140.2701,39.4395],[140.27098,39.43836],[140.27176,39.43797],[140.27133,39.43716],[140.27127,39.43606],[140.26963,39.43552],[140.26964,39.43446],[140.27021,39.43397],[140.27065,39.43307],[140.27046,39.43262],[140.27158,39.43151],[140.27254,39.42987],[140.27425,39.42956],[140.27515,39.42887],[140.27563,39.42821],[140.27699,39.42706],[140.27686,39.42567],[140.27769,39.42469],[140.2785,39.42423],[140.27932,39.42443],[140.27987,39.42414],[140.28091,39.42409],[140.2819,39.4232],[140.28356,39.42318],[140.2847,39.424],[140.28545,39.42374],[140.28625,39.4222],[140.28726,39.42176],[140.2878,39.42182],[140.28902,39.42129],[140.28923,39.42082],[140.2905,39.42072],[140.29142,39.42041],[140.2919,39.42088],[140.29379,39.41981],[140.29412,39.41981],[140.29593,39.42088],[140.29654,39.42056],[140.29886,39.42082],[140.3002,39.41948],[140.30213,39.41889],[140.30238,39.41845],[140.30368,39.41754],[140.30642,39.41664],[140.30659,39.41554],[140.30545,39.4149],[140.30507,39.41316],[140.30544,39.41208],[140.30463,39.41169],[140.30315,39.41043],[140.30404,39.4092],[140.30398,39.40847],[140.30475,39.40693],[140.30383,39.40654],[140.30273,39.40557],[140.30315,39.40489],[140.30223,39.40382],[140.30147,39.40331],[140.30019,39.40363],[140.29907,39.40354],[140.29812,39.40109],[140.29684,39.40039],[140.29564,39.40032],[140.29479,39.40079],[140.29343,39.40074],[140.29263,39.39938],[140.29114,39.39945],[140.28887,39.39982],[140.28824,39.39979],[140.28707,39.39858],[140.28532,39.39768],[140.28519,39.39677],[140.28604,39.39569],[140.28734,39.39524],[140.28823,39.39406],[140.28902,39.39403],[140.29054,39.39513],[140.29194,39.39488],[140.29318,39.39377],[140.29596,39.39355],[140.29673,39.39307],[140.29785,39.39357],[140.29935,39.39308],[140.29971,39.39209],[140.30119,39.39116],[140.30221,39.39021],[140.30469,39.39087],[140.30506,39.39174],[140.30668,39.39156],[140.30753,39.39052],[140.30864,39.39128],[140.3097,39.3915],[140.31051,39.39113],[140.31186,39.39143],[140.31248,39.39066],[140.31312,39.39038],[140.31429,39.39051],[140.31584,39.39041],[140.31656,39.38904],[140.31792,39.38834],[140.31734,39.38757],[140.31716,39.38664],[140.31742,39.38629],[140.31857,39.38606],[140.31869,39.38453],[140.31964,39.38385],[140.31946,39.38335],[140.32019,39.38259],[140.32314,39.3821],[140.32313,39.38103],[140.32432,39.38033],[140.32442,39.3789],[140.32404,39.37837],[140.32474,39.3777],[140.32564,39.37778],[140.32669,39.37753],[140.32647,39.37668],[140.32766,39.37553],[140.32887,39.37555],[140.32989,39.37586],[140.33202,39.37557],[140.33402,39.37588],[140.33497,39.37639],[140.33638,39.37658],[140.33789,39.37761],[140.34004,39.37778],[140.34158,39.37929],[140.34233,39.37976],[140.34345,39.38128],[140.34338,39.38273],[140.34374,39.38364],[140.34336,39.38503],[140.34416,39.38613],[140.34488,39.38671],[140.34481,39.38797],[140.34517,39.38906],[140.34573,39.38996],[140.34665,39.39078],[140.34743,39.39092],[140.34865,39.39158],[140.3514,39.39218],[140.35347,39.39328],[140.35458,39.39369],[140.35548,39.39489],[140.35661,39.39559],[140.35812,39.39552],[140.35917,39.39479],[140.36064,39.39484],[140.36289,39.39589],[140.36378,39.39615],[140.36484,39.39513],[140.36525,39.39372],[140.36501,39.39159],[140.3648,39.39099],[140.36507,39.39019],[140.36574,39.38966],[140.3664,39.38802],[140.36742,39.38674],[140.3696,39.38548],[140.37189,39.38562],[140.37282,39.38587],[140.37419,39.38585],[140.37512,39.38607],[140.37659,39.38578],[140.37792,39.38588],[140.37864,39.38624],[140.37967,39.38553],[140.3812,39.38531],[140.38193,39.38539],[140.3831,39.38596],[140.38411,39.38494],[140.38509,39.38495],[140.3866,39.38465],[140.38748,39.38429],[140.38844,39.38433],[140.38846,39.38488],[140.38957,39.38635],[140.38885,39.38775],[140.38805,39.38831],[140.3883,39.38933],[140.38703,39.39049],[140.38688,39.39127],[140.38548,39.39238],[140.38379,39.3931],[140.38283,39.3946],[140.38333,39.39508],[140.38443,39.39707],[140.38478,39.39809],[140.38579,39.39913],[140.3862,39.39868],[140.38712,39.39842],[140.39009,39.39864],[140.39107,39.39847],[140.39212,39.39799],[140.39395,39.39791],[140.39501,39.39725],[140.39598,39.397],[140.39927,39.39662],[140.39993,39.39714],[140.40072,39.397],[140.4013,39.39629],[140.40212,39.39637],[140.40284,39.39688],[140.40392,39.39686],[140.40437,39.39725],[140.40646,39.39676],[140.40758,39.39694],[140.40796,39.39758],[140.40913,39.39771],[140.40975,39.39872],[140.41079,39.39772],[140.4114,39.39757],[140.41319,39.39839],[140.41337,39.39981],[140.41397,39.39987],[140.41593,39.39892],[140.41805,39.39933],[140.41884,39.40051],[140.41984,39.40007],[140.42188,39.39977],[140.42377,39.40002],[140.42389,39.40075],[140.42448,39.40199],[140.42602,39.40202],[140.4266,39.40305],[140.42808,39.40291],[140.42882,39.4031],[140.42885,39.40381],[140.4293,39.40409],[140.42966,39.40508],[140.42979,39.40631],[140.43023,39.40671],[140.43143,39.40694],[140.43303,39.40679],[140.43379,39.40718],[140.43494,39.4073],[140.43619,39.40806],[140.43728,39.40714],[140.43794,39.40707],[140.43966,39.40823],[140.44001,39.40901],[140.44231,39.40906],[140.44293,39.40894],[140.44509,39.40974],[140.44778,39.40894],[140.44879,39.40738],[140.44886,39.40634],[140.44957,39.40596],[140.4514,39.40637],[140.45539,39.40756],[140.45645,39.40754],[140.45717,39.40843],[140.45903,39.40884],[140.46122,39.40917],[140.46309,39.40866],[140.46104,39.40419],[140.46262,39.40373],[140.46231,39.40309],[140.46232,39.40213],[140.46305,39.40241],[140.46441,39.40241],[140.46681,39.40194],[140.46509,39.39893],[140.46386,39.39552],[140.46261,39.39232],[140.46223,39.39102],[140.46183,39.38847],[140.46165,39.38573],[140.46199,39.38199],[140.46239,39.37864],[140.46245,39.3772],[140.46211,39.37133],[140.46098,39.36571],[140.4642,39.36565],[140.46452,39.36667],[140.46826,39.36514],[140.46905,39.36558],[140.47096,39.36714],[140.47105,39.36806],[140.47154,39.36904],[140.47249,39.36903],[140.47216,39.36999],[140.47302,39.37201],[140.47373,39.37278],[140.474,39.37345],[140.47323,39.37392],[140.47338,39.37447],[140.4723,39.3763],[140.47362,39.37656],[140.47479,39.3759],[140.47816,39.3752],[140.48108,39.37546],[140.48102,39.37662],[140.4812,39.37798],[140.48266,39.37797],[140.48333,39.37824],[140.48457,39.38027],[140.48514,39.3804],[140.48664,39.38216],[140.48698,39.3836],[140.48673,39.38451],[140.48844,39.38471],[140.48886,39.38342],[140.48938,39.38345],[140.48978,39.38422],[140.49068,39.38492],[140.49096,39.38548],[140.49069,39.38619],[140.48929,39.38711],[140.48708,39.38836],[140.4863,39.38921],[140.48619,39.38986],[140.48803,39.39073],[140.48791,39.39157],[140.48838,39.39459],[140.48832,39.39536],[140.48562,39.39648],[140.48484,39.39732],[140.48444,39.39828],[140.48507,39.4003],[140.48644,39.40206],[140.4881,39.40201],[140.48837,39.40101],[140.48807,39.40002],[140.48985,39.40016],[140.4902,39.39741],[140.49236,39.39743],[140.4925,39.39809],[140.49362,39.39804],[140.49421,39.40138],[140.49564,39.40122],[140.49624,39.40427],[140.49682,39.40458],[140.49745,39.40409],[140.49812,39.40303],[140.49804,39.40217],[140.49983,39.40072],[140.50077,39.40063],[140.50067,39.39993],[140.50143,39.39914],[140.50214,39.39928],[140.50329,39.39841],[140.50332,39.39771],[140.50489,39.39728],[140.50505,39.39679],[140.50667,39.3967],[140.50737,39.39594],[140.5083,39.39579],[140.51071,39.39795],[140.51012,39.40012],[140.51042,39.4032],[140.50976,39.40332],[140.5101,39.4053],[140.50827,39.40657],[140.50635,39.41259],[140.5049,39.41196],[140.50325,39.41432],[140.50532,39.41504],[140.51004,39.41423],[140.51108,39.41443],[140.51369,39.41332],[140.51422,39.4133],[140.51462,39.41483],[140.51459,39.41589],[140.51611,39.41574],[140.51698,39.41652],[140.51747,39.41745],[140.5178,39.42146],[140.52004,39.42138],[140.52,39.4239],[140.51865,39.42401],[140.5186,39.42302],[140.51662,39.42443],[140.51582,39.42522],[140.51399,39.42745],[140.51452,39.42921],[140.51432,39.43041],[140.51289,39.43107],[140.51065,39.43186],[140.51298,39.43711],[140.51402,39.43684],[140.51419,39.43724],[140.51556,39.43677],[140.51583,39.43735],[140.51775,39.43638],[140.5186,39.43624],[140.519,39.43728],[140.52113,39.43679],[140.52192,39.43707],[140.52262,39.43963],[140.5211,39.4399],[140.52194,39.44064],[140.52346,39.44033],[140.52378,39.44121],[140.52667,39.44058],[140.52796,39.44408],[140.52985,39.44444],[140.53077,39.44479],[140.53238,39.44436],[140.53285,39.44546],[140.53323,39.44536],[140.53414,39.44756],[140.53617,39.44702],[140.53752,39.44714],[140.53783,39.44795],[140.53778,39.44933],[140.53744,39.44982],[140.5375,39.4507],[140.54018,39.4507],[140.54152,39.44919],[140.54261,39.44935],[140.543,39.45037],[140.54475,39.45058],[140.54582,39.45027],[140.54616,39.45103],[140.54515,39.45134],[140.54513,39.45268],[140.54839,39.45251],[140.55006,39.45277],[140.55176,39.45235],[140.55229,39.4513],[140.55309,39.45108],[140.55429,39.45125],[140.55631,39.45076],[140.55592,39.44984],[140.55834,39.44924],[140.55904,39.45021],[140.55936,39.45103],[140.55887,39.45144],[140.55718,39.45225],[140.55799,39.45377],[140.55513,39.45542],[140.55501,39.45709],[140.55422,39.45813],[140.55406,39.46051],[140.55491,39.46092],[140.55562,39.46385],[140.55443,39.46387],[140.55357,39.46466],[140.55515,39.46539],[140.55517,39.46798],[140.55775,39.46795],[140.55777,39.46877],[140.55627,39.46881],[140.55568,39.4692],[140.55471,39.46935],[140.55301,39.46933],[140.55278,39.47062],[140.5514,39.47083],[140.55107,39.47127],[140.54995,39.47103],[140.54738,39.46984],[140.54654,39.46987],[140.54599,39.47124],[140.54498,39.47113],[140.5449,39.47176],[140.54794,39.47268],[140.55227,39.47363],[140.55214,39.473],[140.55368,39.47312],[140.55463,39.47346],[140.55564,39.47438],[140.55749,39.4751],[140.55856,39.47584],[140.55904,39.47657],[140.55921,39.47788],[140.55994,39.47843],[140.55893,39.4793],[140.55905,39.47975],[140.55781,39.47994],[140.55746,39.48072],[140.55794,39.48195],[140.56033,39.4824],[140.56003,39.48346],[140.56454,39.48425],[140.56613,39.48485],[140.56588,39.48526],[140.56781,39.48599],[140.56852,39.48584],[140.56824,39.48351],[140.57556,39.48266],[140.57541,39.48188],[140.5748,39.48118],[140.57018,39.48172],[140.5702,39.48148],[140.57503,39.48093],[140.57551,39.47955],[140.57778,39.47977],[140.57766,39.48056],[140.58069,39.48001],[140.58123,39.48084],[140.58419,39.48053],[140.58452,39.48224],[140.58942,39.48169],[140.5905,39.48392],[140.59177,39.48678],[140.59254,39.4869],[140.59484,39.48807],[140.59544,39.48819],[140.59635,39.48889],[140.60068,39.48877],[140.60295,39.4889],[140.60376,39.48936],[140.60642,39.48947],[140.60783,39.48998],[140.61028,39.49214],[140.61115,39.49217],[140.61234,39.49372],[140.61308,39.49382],[140.61463,39.49227],[140.61588,39.4918],[140.61689,39.49191],[140.61822,39.49251],[140.61951,39.49248],[140.62191,39.4939],[140.62339,39.49457],[140.62383,39.49534],[140.62803,39.49576],[140.62884,39.49565],[140.63056,39.49649],[140.63142,39.49665],[140.6337,39.49631],[140.63618,39.49676],[140.63845,39.4968],[140.63908,39.49738],[140.63916,39.49814],[140.64071,39.49837],[140.64338,39.4984],[140.64489,39.49829],[140.64573,39.49795],[140.64769,39.49753],[140.64855,39.49597],[140.64942,39.4955],[140.65006,39.49408],[140.6506,39.4938],[140.65191,39.49413],[140.6534,39.49423],[140.6541,39.49452],[140.65767,39.49426],[140.65993,39.49458],[140.66097,39.49448],[140.66164,39.49293],[140.6628,39.49269],[140.66394,39.49178],[140.66461,39.49155],[140.6649,39.49034],[140.66711,39.48891],[140.66811,39.48897],[140.66972,39.48998],[140.67067,39.48964],[140.67111,39.48895],[140.67203,39.48878],[140.67338,39.48766],[140.67376,39.48637],[140.67534,39.48422],[140.67642,39.48335],[140.67668,39.4822],[140.67716,39.48167],[140.67834,39.48124],[140.68045,39.48125],[140.68183,39.48082],[140.6833,39.48068],[140.68491,39.48014],[140.68788,39.47935],[140.69011,39.47906],[140.69186,39.47786],[140.6934,39.4771],[140.69343,39.47559],[140.69382,39.47402],[140.69414,39.47354],[140.6952,39.47308],[140.69521,39.47199],[140.69575,39.47061],[140.69656,39.46982],[140.69755,39.46837],[140.69815,39.46778],[140.70086,39.46944],[140.70212,39.47041],[140.70358,39.47056],[140.70458,39.4715],[140.70582,39.47231],[140.70654,39.47401],[140.709,39.47525],[140.71179,39.47566],[140.71238,39.47606],[140.71273,39.47687],[140.71333,39.4772],[140.71509,39.4775],[140.71646,39.47854],[140.71918,39.47888],[140.72091,39.47858],[140.72162,39.47869],[140.7244,39.48053],[140.72435,39.48085],[140.72309,39.48219],[140.7227,39.48304],[140.7216,39.48338],[140.72089,39.48398],[140.7189,39.48499],[140.71882,39.4868],[140.71824,39.48792],[140.71693,39.48886],[140.71604,39.49134],[140.71531,39.49251],[140.71327,39.49406],[140.71321,39.49452],[140.71376,39.49529],[140.71388,39.49628],[140.71368,39.4992],[140.71716,39.50143],[140.71851,39.50307],[140.71978,39.5048],[140.72089,39.50472],[140.7228,39.50407],[140.72397,39.50442],[140.72341,39.50554],[140.72371,39.5061],[140.72377,39.50812],[140.72347,39.50906],[140.72427,39.51059],[140.72434,39.51118],[140.72268,39.51256],[140.72242,39.513],[140.72113,39.51406],[140.72264,39.51411],[140.7232,39.51432],[140.72372,39.51503],[140.72387,39.51608],[140.72463,39.51687],[140.72484,39.51759],[140.72465,39.51846],[140.72564,39.51917],[140.72622,39.51998],[140.72745,39.52007],[140.73088,39.52178],[140.73132,39.52223],[140.73217,39.52239],[140.73331,39.52164],[140.73446,39.52146],[140.73656,39.52144],[140.73775,39.52229],[140.73822,39.52305],[140.73791,39.52414],[140.73812,39.52508],[140.73802,39.52638],[140.73883,39.53016],[140.73867,39.53199],[140.73919,39.53349],[140.74009,39.53389],[140.74077,39.53461],[140.74136,39.53619],[140.74069,39.53872],[140.73955,39.54053],[140.73982,39.54231],[140.73929,39.54319],[140.73933,39.54402],[140.74024,39.54461],[140.74029,39.54524],[140.73952,39.54685],[140.73753,39.54796],[140.73635,39.5491],[140.7332,39.55048],[140.73088,39.55204],[140.72915,39.55298],[140.72948,39.55408],[140.72818,39.55492],[140.72748,39.55595],[140.72727,39.55897],[140.72797,39.55996],[140.72834,39.56146],[140.72893,39.56244],[140.72962,39.56513],[140.73036,39.56584],[140.72835,39.5678],[140.7281,39.56893],[140.72821,39.56948],[140.7274,39.57106],[140.72753,39.57146],[140.7274,39.57359],[140.7275,39.57537],[140.72566,39.57611],[140.72457,39.57713],[140.7235,39.57759],[140.7214,39.57775],[140.71986,39.57843],[140.719,39.5799],[140.71726,39.58088],[140.71615,39.58176],[140.71548,39.58265],[140.7134,39.58229],[140.71209,39.58152],[140.71059,39.58117],[140.70964,39.5812],[140.70801,39.58095],[140.70525,39.58226],[140.704,39.58308],[140.70261,39.5832],[140.70178,39.58357],[140.70107,39.58503],[140.70036,39.58555],[140.70022,39.58614],[140.69948,39.58662],[140.69813,39.58667],[140.69727,39.58706],[140.69607,39.58863],[140.69519,39.58909],[140.69212,39.58659],[140.6905,39.58449],[140.69023,39.58377],[140.69028,39.58267],[140.6898,39.58201],[140.68891,39.58151],[140.6883,39.58058],[140.68736,39.58005],[140.68726,39.57876],[140.68661,39.57781],[140.68195,39.57743],[140.67988,39.57741],[140.67797,39.57792],[140.67348,39.57824],[140.67235,39.57916],[140.6699,39.5809],[140.66766,39.58119],[140.66713,39.58238],[140.66441,39.58298],[140.66241,39.58253],[140.66136,39.58159],[140.65982,39.5812],[140.65878,39.58066],[140.65759,39.57943],[140.65502,39.579],[140.65375,39.57935],[140.65257,39.57927],[140.65119,39.57979],[140.65097,39.58011],[140.64975,39.57965],[140.6488,39.57953],[140.6471,39.5783],[140.6461,39.57651],[140.6452,39.57577],[140.64508,39.57535],[140.64404,39.57501],[140.64311,39.57499],[140.64177,39.57318],[140.64075,39.5712],[140.63932,39.57091],[140.63876,39.57034],[140.638,39.57025],[140.63673,39.56959],[140.63603,39.56949],[140.63445,39.56983],[140.63443,39.57038],[140.63299,39.57055],[140.63111,39.57121],[140.63014,39.57226],[140.63073,39.57293],[140.62901,39.57346],[140.62836,39.57442],[140.62805,39.57574],[140.627,39.57623],[140.62674,39.57678],[140.62604,39.57714],[140.62345,39.57796],[140.62279,39.5785],[140.62035,39.57903],[140.61925,39.58011],[140.61828,39.58023],[140.61684,39.58075],[140.61583,39.58148],[140.61447,39.58199],[140.61158,39.58269],[140.60907,39.5841],[140.60487,39.58478],[140.60143,39.58611],[140.60003,39.58497],[140.59984,39.58235],[140.59928,39.57953],[140.59785,39.57897],[140.59681,39.57828],[140.59677,39.57655],[140.59715,39.57593],[140.5952,39.57564],[140.59571,39.57479],[140.5954,39.57345],[140.59383,39.57291],[140.59338,39.57327],[140.59013,39.57367],[140.58968,39.57422],[140.5887,39.57408],[140.5879,39.57447],[140.58462,39.57506],[140.58316,39.57555],[140.58231,39.57505],[140.58137,39.57389],[140.58057,39.5737],[140.57951,39.57415],[140.57945,39.57517],[140.57633,39.5749],[140.57429,39.57661],[140.57117,39.57704],[140.5698,39.57767],[140.56812,39.5789],[140.566,39.58016],[140.56404,39.58228],[140.5631,39.58224],[140.56076,39.58283],[140.56023,39.58316],[140.55977,39.58417],[140.55652,39.58418],[140.55493,39.58446],[140.55317,39.58459],[140.55273,39.58424],[140.55203,39.58297],[140.55157,39.58129],[140.55158,39.58027],[140.55197,39.57913],[140.55333,39.57687],[140.55349,39.57616],[140.55317,39.57465],[140.55303,39.57277],[140.55248,39.57152],[140.55123,39.56999],[140.54953,39.56894],[140.54717,39.56828],[140.54553,39.56762],[140.54215,39.56579],[140.54045,39.56446],[140.53971,39.56367],[140.53961,39.56301],[140.54035,39.56217],[140.53981,39.56097],[140.54019,39.56043],[140.54043,39.55881],[140.54079,39.55802],[140.53659,39.55497],[140.53502,39.55272],[140.53428,39.55219],[140.53252,39.55156],[140.52944,39.55098],[140.52924,39.55203],[140.52837,39.55406],[140.52866,39.55571],[140.52806,39.55703],[140.52697,39.55763],[140.52437,39.55752],[140.52339,39.55715],[140.52206,39.55623],[140.52038,39.55618],[140.51964,39.55592],[140.51803,39.55611],[140.51739,39.55646],[140.51576,39.55676],[140.51331,39.55752],[140.51192,39.55859],[140.50891,39.55835],[140.50705,39.55898],[140.50737,39.56004],[140.50785,39.56044],[140.50871,39.56186],[140.50759,39.56284],[140.50596,39.56314],[140.50496,39.56279],[140.50414,39.56321],[140.50278,39.56309],[140.50244,39.56374],[140.50281,39.56436],[140.50182,39.56522],[140.50257,39.56607],[140.50106,39.56801],[140.50004,39.56849],[140.49977,39.56901],[140.50047,39.56937],[140.50075,39.56997],[140.50167,39.57038],[140.50219,39.57121],[140.50167,39.57187],[140.50199,39.57283],[140.50254,39.57344],[140.50214,39.5742],[140.50083,39.57572],[140.50014,39.57585],[140.49991,39.57644],[140.49882,39.57768],[140.49929,39.57852],[140.49908,39.57896],[140.49956,39.58039],[140.49922,39.5809],[140.49928,39.58234],[140.49862,39.58318],[140.49933,39.58445],[140.50013,39.58494],[140.4995,39.58558],[140.49793,39.58587],[140.49719,39.58717],[140.49608,39.58748],[140.49469,39.58869],[140.49462,39.58981],[140.49286,39.59211],[140.49186,39.5925],[140.49182,39.5929],[140.49251,39.59479],[140.48979,39.59476],[140.48837,39.59446],[140.48731,39.59479],[140.48579,39.5948],[140.48459,39.59442],[140.48338,39.59442],[140.48248,39.59491],[140.48185,39.59624],[140.48106,39.59717],[140.48002,39.59785],[140.47939,39.59782],[140.47817,39.59728],[140.47672,39.59704],[140.47561,39.59787],[140.47499,39.5987],[140.47427,39.59903],[140.47373,39.59983],[140.47224,39.60084],[140.47074,39.60116],[140.46972,39.60107],[140.46916,39.60234],[140.46962,39.60329],[140.46972,39.60421],[140.47034,39.60459],[140.47131,39.60656],[140.47104,39.60813],[140.47037,39.60872],[140.47044,39.60943],[140.46932,39.61018],[140.46818,39.61006],[140.46671,39.61067],[140.46629,39.61115],[140.46481,39.61421],[140.46415,39.61523],[140.46404,39.6171],[140.46542,39.61782],[140.46673,39.61818],[140.46771,39.61878],[140.46768,39.61969],[140.4693,39.62227],[140.46906,39.62356],[140.46869,39.6243],[140.46922,39.62485],[140.46862,39.62603],[140.4694,39.62741],[140.47066,39.62765],[140.47059,39.62904],[140.46933,39.63023],[140.46852,39.63192],[140.46903,39.63499],[140.46964,39.63722],[140.4717,39.63832],[140.47185,39.63904],[140.47169,39.64111],[140.47203,39.64226],[140.47305,39.6434],[140.47318,39.64481],[140.47352,39.64571],[140.47337,39.64761],[140.47537,39.65091],[140.47737,39.65308],[140.47798,39.65345],[140.4795,39.65393],[140.47915,39.65498],[140.47925,39.65608],[140.47963,39.65658],[140.48148,39.65697],[140.48334,39.65791],[140.48385,39.65875],[140.48352,39.65917],[140.48602,39.66004],[140.48746,39.66094],[140.48832,39.66114],[140.48869,39.66283],[140.48873,39.66421],[140.49028,39.66489],[140.49148,39.66518],[140.49204,39.66583],[140.49176,39.6671],[140.49237,39.66989],[140.49227,39.67071],[140.49271,39.67157],[140.49255,39.6724],[140.4931,39.67288],[140.4933,39.67392],[140.49378,39.67451],[140.49348,39.67559],[140.49399,39.67698],[140.49313,39.67791],[140.49397,39.67964],[140.49403,39.68063],[140.4948,39.68165],[140.49459,39.68275],[140.49489,39.68424],[140.49532,39.68499],[140.49535,39.68653],[140.49684,39.68898],[140.49744,39.6894],[140.4999,39.69022],[140.5015,39.69111],[140.50212,39.69114],[140.50455,39.69255],[140.50505,39.69378],[140.50458,39.69466],[140.50208,39.69649],[140.50175,39.69751],[140.50045,39.69764],[140.49963,39.70093],[140.49988,39.70185],[140.49936,39.70346],[140.49965,39.70403],[140.4987,39.7052],[140.49735,39.70629],[140.49669,39.70718],[140.49715,39.7094],[140.49691,39.71063],[140.49748,39.71159],[140.49592,39.7137],[140.49521,39.71398],[140.49529,39.71635],[140.49443,39.71786],[140.49544,39.71939],[140.49578,39.72075],[140.49561,39.72139],[140.49581,39.72231],[140.49649,39.72373],[140.49524,39.72355],[140.49228,39.72358],[140.49183,39.72349],[140.49133,39.72262],[140.48939,39.7215],[140.48771,39.72111],[140.48659,39.72026],[140.48623,39.71923],[140.48326,39.71754],[140.4813,39.71695],[140.48057,39.71706],[140.47672,39.71554],[140.47575,39.71648],[140.47478,39.7169],[140.47435,39.71624],[140.47323,39.71516],[140.47242,39.7149],[140.47109,39.71485],[140.47003,39.71426],[140.46583,39.71256],[140.4653,39.71199],[140.46396,39.71158],[140.46305,39.71098],[140.46091,39.71137],[140.45829,39.71013],[140.4574,39.70936],[140.45545,39.70893],[140.45479,39.70822],[140.45398,39.708],[140.45218,39.70807],[140.4514,39.70788],[140.45014,39.70714],[140.4493,39.70633],[140.44809,39.7058],[140.44712,39.70514],[140.4447,39.7045],[140.44376,39.70534],[140.44237,39.70565],[140.44,39.70558],[140.43806,39.70646],[140.43673,39.70616],[140.43497,39.70689],[140.43431,39.70693],[140.43229,39.70748],[140.43236,39.70834],[140.4316,39.70894],[140.4318,39.70961],[140.4309,39.71047],[140.42908,39.71091],[140.42849,39.71126],[140.42721,39.71154],[140.42695,39.71255],[140.42538,39.71345],[140.42378,39.71351],[140.42301,39.71376],[140.42255,39.71435],[140.42133,39.71442],[140.42052,39.715],[140.41928,39.71506],[140.41805,39.71444],[140.41646,39.71431],[140.41484,39.71472],[140.41417,39.71451],[140.41263,39.71195],[140.41146,39.71161],[140.40957,39.71036],[140.4089,39.70966],[140.40817,39.70782],[140.40699,39.70686],[140.40458,39.70585],[140.40348,39.70579],[140.40232,39.70516],[140.40124,39.70559],[140.40061,39.70609],[140.39923,39.70636],[140.39861,39.70573],[140.39765,39.70545],[140.39622,39.70594],[140.39533,39.70441],[140.39542,39.70218],[140.39497,39.70122],[140.39361,39.70103],[140.39242,39.69992],[140.39114,39.70013],[140.38955,39.7007],[140.38757,39.69918],[140.38544,39.69917],[140.38475,39.69812],[140.3835,39.69722],[140.38294,39.69628],[140.38164,39.69632],[140.37921,39.69588],[140.3754,39.69465],[140.37322,39.69314],[140.37235,39.69291],[140.3705,39.69374],[140.36775,39.69361],[140.36603,39.69424],[140.36401,39.69515],[140.36301,39.69539],[140.36148,39.69536],[140.36077,39.69467],[140.35897,39.69457],[140.35757,39.69345],[140.35717,39.69218],[140.35587,39.69239],[140.35478,39.69214],[140.35341,39.69091],[140.35273,39.69079],[140.35174,39.69189],[140.35119,39.69202],[140.35066,39.69144],[140.34771,39.69129],[140.34767,39.69066],[140.34707,39.68962],[140.34712,39.68829],[140.34614,39.68742],[140.34606,39.68671],[140.34491,39.68599],[140.34335,39.68588],[140.34309,39.68441],[140.34215,39.68365],[140.34242,39.68253],[140.34225,39.68139],[140.34299,39.68033],[140.34272,39.67962],[140.34318,39.67862],[140.34316,39.67763],[140.34347,39.67674],[140.3428,39.67576],[140.34179,39.67503],[140.34001,39.67566],[140.33932,39.67638],[140.33826,39.67645],[140.33761,39.67763],[140.33574,39.67935],[140.33494,39.67977],[140.33457,39.68033],[140.33264,39.67937],[140.33197,39.67923],[140.331,39.67968],[140.32986,39.67959],[140.32977,39.68037],[140.32738,39.68009],[140.32639,39.67936],[140.32553,39.6806],[140.32342,39.67842],[140.32315,39.67752],[140.3223,39.67634],[140.32154,39.67607],[140.3206,39.67687],[140.31953,39.67602],[140.31942,39.67468],[140.31811,39.67459],[140.31725,39.67481],[140.31641,39.6737],[140.31495,39.67363],[140.31456,39.67267],[140.31278,39.67294],[140.31237,39.6733],[140.31119,39.67287],[140.31091,39.67128],[140.30995,39.67019],[140.30929,39.66997],[140.3082,39.67015],[140.30778,39.66988],[140.30727,39.66862],[140.30668,39.66824],[140.30661,39.66741],[140.30881,39.6662],[140.30837,39.66484],[140.30788,39.66463],[140.30749,39.66323],[140.30787,39.66203],[140.30873,39.66047],[140.30779,39.65957],[140.30789,39.65885],[140.30932,39.65684],[140.31033,39.65563],[140.30995,39.65429],[140.31004,39.65313],[140.31053,39.65259],[140.31065,39.6511],[140.31044,39.64973],[140.30965,39.64909],[140.30905,39.6476],[140.30713,39.64801],[140.30518,39.648],[140.30363,39.64856],[140.30211,39.64866],[140.30133,39.64745],[140.30051,39.64739],[140.29995,39.64784],[140.29899,39.6478],[140.29719,39.64844],[140.29529,39.64881],[140.29488,39.64911],[140.295,39.64995],[140.29439,39.65145],[140.29379,39.65248],[140.29412,39.65296],[140.29283,39.65496],[140.2922,39.65544],[140.29008,39.65477],[140.289,39.65493],[140.28858,39.65466],[140.28606,39.65401],[140.28535,39.65419],[140.28358,39.65416],[140.28265,39.6538],[140.28153,39.65391],[140.28064,39.65313],[140.27911,39.65357],[140.27805,39.65347],[140.2768,39.65421],[140.27399,39.65406],[140.27295,39.65378],[140.27083,39.65351],[140.2709,39.65271],[140.26987,39.65153],[140.26703,39.65163],[140.26588,39.65236],[140.26525,39.65165],[140.26636,39.65074],[140.26789,39.65001],[140.26857,39.64933],[140.2692,39.64784],[140.26991,39.64676],[140.27001,39.64618],[140.26906,39.6449],[140.26726,39.64443],[140.26737,39.64363],[140.26833,39.64332],[140.26905,39.64193],[140.27043,39.64115],[140.27131,39.6403],[140.27153,39.63976],[140.27133,39.63829],[140.27298,39.63853],[140.27443,39.63814],[140.27519,39.63908],[140.27655,39.63847],[140.27741,39.6386],[140.27829,39.64011],[140.278,39.64114],[140.27842,39.6416],[140.27969,39.64178],[140.28001,39.64124],[140.28174,39.6404],[140.28437,39.64054],[140.28502,39.63941],[140.28477,39.63829],[140.2857,39.63714],[140.28561,39.6358],[140.28517,39.63493],[140.28549,39.63436],[140.28521,39.63332],[140.28504,39.63108],[140.28409,39.63042],[140.28409,39.62967],[140.28343,39.62903],[140.28342,39.62838],[140.28282,39.62659],[140.28315,39.62603],[140.28418,39.62515],[140.28218,39.62412],[140.28153,39.62322],[140.28079,39.6231],[140.28009,39.62367],[140.27867,39.62434],[140.27751,39.62451],[140.27605,39.62414],[140.27635,39.62284],[140.27749,39.62195],[140.27774,39.62068],[140.27747,39.6198],[140.27767,39.61919],[140.27711,39.61813],[140.27693,39.61572],[140.27551,39.61503],[140.27428,39.61382],[140.27309,39.613],[140.27177,39.61239],[140.27037,39.61031],[140.26822,39.61035],[140.26756,39.60985],[140.26662,39.60843],[140.26616,39.60729],[140.26654,39.60654],[140.26698,39.6036],[140.26749,39.60322],[140.26815,39.60155],[140.26689,39.60097],[140.26549,39.59991],[140.26604,39.59934],[140.26628,39.59806],[140.26471,39.59738],[140.26446,39.59642],[140.26279,39.59544],[140.26258,39.59458],[140.26197,39.59413],[140.26068,39.59398],[140.25996,39.59355],[140.25804,39.59342],[140.25739,39.59284],[140.25725,39.59195],[140.25622,39.59121],[140.25623,39.59004],[140.25577,39.58894],[140.25463,39.58841],[140.25476,39.5878],[140.25435,39.58699],[140.25471,39.58613],[140.25583,39.58536],[140.25483,39.58337],[140.25542,39.5826],[140.25497,39.58193],[140.25539,39.58042],[140.25614,39.57917],[140.25618,39.57801],[140.25488,39.57683],[140.25438,39.57543],[140.25375,39.57506],[140.25248,39.57553],[140.25089,39.5756],[140.24951,39.57506],[140.24898,39.57356],[140.24716,39.57307],[140.24631,39.57304],[140.24489,39.57367],[140.24349,39.57315],[140.24281,39.57241],[140.24232,39.57147],[140.24108,39.57056],[140.24139,39.56928],[140.24133,39.56865],[140.24191,39.56786],[140.24134,39.56722],[140.23974,39.5666],[140.24008,39.56571],[140.23996,39.56505],[140.24064,39.56419],[140.23983,39.56374],[140.23944,39.56259],[140.23825,39.56226],[140.23759,39.56143],[140.23535,39.5605],[140.23297,39.55999],[140.23312,39.55892],[140.23278,39.5581],[140.23276,39.55658],[140.23439,39.55613],[140.23498,39.55575],[140.2347,39.55494],[140.2334,39.55412],[140.23331,39.55378],[140.23484,39.55299],[140.23537,39.55187],[140.23498,39.55143],[140.23274,39.5509],[140.23127,39.54983],[140.22941,39.54882],[140.22731,39.54793],[140.22757,39.54622],[140.2282,39.54349],[140.23115,39.54376],[140.23698,39.54402],[140.24015,39.54401],[140.24149,39.54389],[140.24269,39.5425],[140.24447,39.54202],[140.24586,39.54051],[140.24673,39.53845],[140.24682,39.53656],[140.24678,39.53339],[140.24699,39.52956],[140.24746,39.52718],[140.24802,39.52296],[140.24833,39.52132],[140.24886,39.51943],[140.2499,39.51703],[140.2509,39.51496],[140.25155,39.51394],[140.25224,39.51326],[140.25335,39.51266],[140.25558,39.51217],[140.25717,39.512],[140.25971,39.5119],[140.26312,39.51208],[140.26349,39.5097],[140.26408,39.509],[140.26515,39.50874],[140.26503,39.50816],[140.26535,39.5073],[140.26681,39.50622],[140.2681,39.50633],[140.26855,39.50601],[140.26906,39.50485],[140.27029,39.50407],[140.27046,39.50371],[140.2698,39.50281],[140.2696,39.50132],[140.26899,39.50073],[140.26847,39.49909],[140.26947,39.49812],[140.26918,39.4966],[140.27039,39.49625],[140.27071,39.49549],[140.27064,39.49448],[140.27223,39.49376],[140.27286,39.49258],[140.27441,39.49229],[140.27539,39.49186],[140.27533,39.49048],[140.27577,39.4895],[140.27407,39.48854],[140.27167,39.48873],[140.27092,39.48857],[140.27023,39.48801],[140.26901,39.4876],[140.26788,39.48647],[140.26654,39.48596],[140.26609,39.48555],[140.26553,39.4838],[140.2664,39.48228],[140.26783,39.48237],[140.27008,39.48182],[140.2704,39.48111],[140.27132,39.48041],[140.27107,39.47958],[140.27113,39.47869],[140.27203,39.47804],[140.27298,39.47826],[140.27406,39.47709],[140.27441,39.47711],[140.27519,39.47502],[140.2764,39.47488],[140.27696,39.47312],[140.27668,39.4719],[140.27794,39.47094],[140.2781,39.47041],[140.27921,39.4697],[140.28044,39.46955],[140.28101,39.46872],[140.28142,39.46765],[140.28095,39.4661],[140.28205,39.46555],[140.28248,39.46454],[140.28232,39.46347],[140.28264,39.46243],[140.28316,39.46214],[140.28377,39.46126],[140.28353,39.46046],[140.28379,39.45884],[140.28239,39.45941],[140.28126,39.45889],[140.28058,39.45897],[140.27953,39.45854],[140.27942,39.45751],[140.28127,39.4558],[140.28181,39.45546],[140.28115,39.45467],[140.2796,39.45383],[140.27936,39.45209],[140.2789,39.451],[140.27793,39.45069],[140.27587,39.45148],[140.27453,39.45051],[140.27426,39.44974],[140.27316,39.44948],[140.27291,39.45053],[140.27157,39.45038],[140.26996,39.45046],[140.26897,39.44957]]]]}},
  {"type":"Feature","properties":{"name":"北秋田市","code":"05213"},"geometry":{"type":"MultiPolygon","coordinates":[[[[140.48037,39.79653],[140.48176,39.79703],[140.48253,39.79813],[140.48244,39.79859],[140.48317,39.79902],[140.48365,39.80031],[140.48423,39.80069],[140.48478,39.80155],[140.48621,39.80217],[140.4869,39.80295],[140.48628,39.80381],[140.4865,39.80429],[140.48837,39.80529],[140.48985,39.8052],[140.49111,39.80478],[140.49153,39.8044],[140.49439,39.80485],[140.49595,39.80598],[140.49656,39.80617],[140.49863,39.80593],[140.50099,39.80708],[140.50276,39.80663],[140.50406,39.80681],[140.50515,39.80787],[140.50623,39.80798],[140.50711,39.80838],[140.50824,39.80977],[140.51268,39.81009],[140.51347,39.81043],[140.51432,39.81152],[140.51424,39.81278],[140.51522,39.8132],[140.51583,39.81386],[140.51591,39.8155],[140.51711,39.81656],[140.51703,39.8171],[140.51725,39.81946],[140.51676,39.81984],[140.51547,39.82005],[140.51481,39.82232],[140.51482,39.82309],[140.51525,39.82408],[140.51526,39.82617],[140.51353,39.82752],[140.51414,39.82864],[140.51367,39.82937],[140.51376,39.83021],[140.51252,39.83118],[140.51143,39.83266],[140.51104,39.83385],[140.5101,39.83436],[140.51013,39.83484],[140.51115,39.83585],[140.51159,39.83792],[140.51079,39.83821],[140.50977,39.8395],[140.5096,39.83998],[140.50993,39.84093],[140.51076,39.8419],[140.51202,39.84422],[140.51317,39.84521],[140.51414,39.84657],[140.51474,39.84692],[140.51632,39.84725],[140.51702,39.84769],[140.5184,39.84712],[140.52,39.84755],[140.52124,39.84728],[140.5236,39.8478],[140.52625,39.8497],[140.52723,39.84997],[140.52782,39.85042],[140.5281,39.85196],[140.52985,39.8532],[140.52865,39.85383],[140.52844,39.85423],[140.52847,39.85594],[140.52882,39.8563],[140.5319,39.85679],[140.53215,39.85717],[140.53132,39.85885],[140.53182,39.85947],[140.53303,39.85928],[140.53389,39.8601],[140.53515,39.86062],[140.53597,39.86058],[140.53693,39.86111],[140.53644,39.86248],[140.5377,39.86328],[140.53773,39.86361],[140.53684,39.8648],[140.53641,39.86591],[140.53512,39.86659],[140.535,39.86749],[140.53331,39.86796],[140.53281,39.86912],[140.53352,39.86975],[140.53458,39.8713],[140.53583,39.87156],[140.53615,39.87376],[140.53539,39.87462],[140.53682,39.87576],[140.53783,39.87692],[140.53765,39.87868],[140.53781,39.88113],[140.53909,39.88222],[140.5401,39.88344],[140.54236,39.88299],[140.54388,39.88322],[140.54441,39.88216],[140.54513,39.88213],[140.54561,39.88153],[140.5464,39.88114],[140.5476,39.88096],[140.54844,39.88204],[140.5492,39.88221],[140.55047,39.88209],[140.55211,39.88349],[140.55421,39.88423],[140.55533,39.8839],[140.55711,39.88401],[140.55812,39.885],[140.55822,39.88591],[140.55902,39.8863],[140.56052,39.88744],[140.56113,39.88889],[140.56246,39.88944],[140.56517,39.89022],[140.56628,39.89037],[140.56803,39.89152],[140.56845,39.89262],[140.56937,39.89367],[140.56996,39.89406],[140.5716,39.89451],[140.57336,39.89434],[140.57515,39.89449],[140.57632,39.89501],[140.57888,39.89496],[140.57981,39.89458],[140.58263,39.89463],[140.58342,39.89343],[140.5838,39.89238],[140.58456,39.89142],[140.58523,39.89116],[140.58561,39.8905],[140.58701,39.88969],[140.58811,39.88954],[140.58882,39.88904],[140.59071,39.8889],[140.59103,39.88692],[140.59254,39.88661],[140.59313,39.88611],[140.59419,39.88463],[140.59606,39.8846],[140.59684,39.8852],[140.59925,39.88614],[140.60067,39.88627],[140.60335,39.88608],[140.60466,39.88626],[140.6066,39.88554],[140.60745,39.88574],[140.60949,39.88448],[140.61086,39.88383],[140.61178,39.88205],[140.61334,39.88226],[140.61305,39.88329],[140.61337,39.88426],[140.61581,39.88492],[140.61628,39.88459],[140.6171,39.88467],[140.61875,39.88577],[140.61767,39.88613],[140.61776,39.8865],[140.61883,39.88696],[140.61924,39.8879],[140.61935,39.88888],[140.62029,39.8894],[140.62249,39.89016],[140.62318,39.89064],[140.62452,39.89042],[140.62535,39.88991],[140.6262,39.89023],[140.62701,39.89164],[140.6282,39.89254],[140.62836,39.89291],[140.62734,39.89329],[140.62736,39.89438],[140.62934,39.89489],[140.63028,39.89541],[140.62961,39.896],[140.63047,39.89645],[140.62977,39.89767],[140.63123,39.89807],[140.63296,39.89878],[140.63399,39.89981],[140.63359,39.90075],[140.63398,39.90149],[140.63344,39.90206],[140.63345,39.90338],[140.63232,39.90392],[140.63347,39.90479],[140.6347,39.90498],[140.63597,39.9055],[140.635,39.90626],[140.63579,39.90651],[140.63588,39.90699],[140.6346,39.9075],[140.63574,39.90804],[140.6357,39.90851],[140.63464,39.9092],[140.63331,39.90909],[140.63335,39.90982],[140.63457,39.91031],[140.63497,39.91073],[140.63438,39.91252],[140.63531,39.9127],[140.63483,39.91388],[140.63315,39.915],[140.63498,39.91652],[140.63571,39.9177],[140.63568,39.91871],[140.63472,39.91907],[140.63294,39.91896],[140.63293,39.92066],[140.63184,39.92051],[140.63124,39.92105],[140.63169,39.92181],[140.63109,39.92332],[140.62901,39.92347],[140.62909,39.92449],[140.62954,39.9256],[140.63014,39.92603],[140.62978,39.92752],[140.63243,39.92809],[140.63394,39.92826],[140.63437,39.92961],[140.63406,39.93124],[140.63441,39.93225],[140.63602,39.93377],[140.63798,39.93388],[140.63848,39.93294],[140.6399,39.93197],[140.6408,39.93204],[140.64254,39.93298],[140.64338,39.93229],[140.64701,39.93316],[140.64786,39.93403],[140.64883,39.93442],[140.64985,39.93581],[140.65124,39.93612],[140.65136,39.93675],[140.6527,39.93744],[140.65367,39.93734],[140.65403,39.93778],[140.6563,39.93844],[140.65656,39.93915],[140.65796,39.93967],[140.65846,39.94046],[140.65939,39.9408],[140.65965,39.94164],[140.65913,39.94287],[140.6597,39.94398],[140.65954,39.94462],[140.66076,39.94528],[140.66076,39.94596],[140.66124,39.94638],[140.66123,39.94718],[140.66195,39.94827],[140.66364,39.94894],[140.66413,39.94959],[140.66401,39.95041],[140.66457,39.95111],[140.66467,39.95239],[140.66494,39.95266],[140.66635,39.9529],[140.66786,39.95384],[140.66753,39.95513],[140.66881,39.95545],[140.67052,39.95551],[140.67293,39.95535],[140.67348,39.95561],[140.67355,39.95647],[140.67405,39.95672],[140.6743,39.9577],[140.67563,39.95761],[140.67623,39.95822],[140.67698,39.9585],[140.678,39.95849],[140.6773,39.95933],[140.67559,39.95952],[140.67315,39.96049],[140.67312,39.96077],[140.6743,39.96158],[140.67404,39.96228],[140.67319,39.96278],[140.67302,39.96347],[140.6744,39.964],[140.67448,39.96537],[140.67577,39.96558],[140.6768,39.96498],[140.67755,39.96492],[140.67912,39.96539],[140.67985,39.96521],[140.68269,39.96603],[140.68412,39.96549],[140.68484,39.96549],[140.68561,39.96603],[140.68609,39.96684],[140.6866,39.96705],[140.68858,39.96718],[140.68947,39.96706],[140.69152,39.96737],[140.69309,39.96972],[140.69545,39.97129],[140.69582,39.97184],[140.69583,39.97293],[140.69424,39.97333],[140.69387,39.97371],[140.69408,39.97554],[140.69627,39.97673],[140.69657,39.97719],[140.69678,39.97842],[140.69626,39.97939],[140.69724,39.98162],[140.69989,39.98445],[140.70109,39.98496],[140.70297,39.98534],[140.70415,39.98581],[140.70586,39.98576],[140.70783,39.98689],[140.71029,39.98764],[140.71201,39.98871],[140.71398,39.98933],[140.7147,39.98998],[140.71537,39.99152],[140.71561,39.99261],[140.71561,39.99371],[140.71399,39.99515],[140.7138,39.99568],[140.71462,39.99731],[140.71675,39.99751],[140.71823,39.99796],[140.71997,39.99778],[140.7214,39.99681],[140.72257,39.99642],[140.72335,39.99672],[140.72472,39.99787],[140.72522,39.99797],[140.72621,39.9976],[140.72745,39.99753],[140.7307,39.99956],[140.73216,39.99981],[140.73244,40.00064],[140.73129,40.00251],[140.73118,40.00381],[140.73155,40.00439],[140.73152,40.00598],[140.7321,40.00697],[140.73199,40.00797],[140.73258,40.00939],[140.73144,40.01044],[140.7293,40.01071],[140.72424,40.01202],[140.7236,40.01261],[140.72313,40.0148],[140.72167,40.0158],[140.72106,40.01695],[140.71973,40.01762],[140.71783,40.01748],[140.71548,40.01822],[140.71438,40.01932],[140.71414,40.02014],[140.71333,40.02086],[140.71338,40.02232],[140.71194,40.02257],[140.7102,40.02313],[140.70782,40.02504],[140.70677,40.0253],[140.70691,40.02748],[140.70644,40.02833],[140.70467,40.02879],[140.70332,40.02954],[140.70098,40.03136],[140.70013,40.03266],[140.70089,40.03355],[140.70079,40.03516],[140.70027,40.03608],[140.69926,40.03722],[140.69934,40.03836],[140.69893,40.03915],[140.69934,40.03982],[140.69847,40.04096],[140.69794,40.043],[140.69805,40.0463],[140.69705,40.04772],[140.69712,40.04838],[140.69596,40.04888],[140.69603,40.04997],[140.69488,40.05025],[140.69379,40.05146],[140.69326,40.05239],[140.69322,40.05334],[140.69238,40.05439],[140.69236,40.05508],[140.69059,40.05627],[140.6904,40.05712],[140.69064,40.05841],[140.68978,40.05878],[140.68962,40.05932],[140.69001,40.06106],[140.69078,40.06147],[140.69093,40.06286],[140.69264,40.06363],[140.69212,40.06479],[140.69033,40.06522],[140.69001,40.06592],[140.69071,40.06707],[140.69021,40.06758],[140.68888,40.06746],[140.68859,40.06767],[140.68945,40.06904],[140.68987,40.07025],[140.68871,40.07059],[140.68755,40.0713],[140.68724,40.07224],[140.68572,40.0723],[140.68502,40.07336],[140.68462,40.07358],[140.68342,40.07338],[140.68276,40.0739],[140.68123,40.07411],[140.68058,40.07465],[140.67966,40.07493],[140.67945,40.07569],[140.6795,40.07704],[140.68003,40.07796],[140.67919,40.07827],[140.67769,40.07779],[140.67751,40.07634],[140.67627,40.07539],[140.67605,40.07462],[140.67471,40.07377],[140.67378,40.07403],[140.67259,40.074],[140.67164,40.07444],[140.67069,40.07547],[140.66912,40.0752],[140.66723,40.07456],[140.66624,40.07459],[140.66547,40.07556],[140.66497,40.07675],[140.66424,40.07718],[140.66381,40.07842],[140.66146,40.0778],[140.66079,40.07793],[140.66103,40.0799],[140.66088,40.08094],[140.66156,40.08164],[140.66175,40.08287],[140.65982,40.08447],[140.65832,40.08439],[140.65689,40.08476],[140.65643,40.08513],[140.65493,40.0851],[140.65395,40.08573],[140.65283,40.08594],[140.65199,40.0866],[140.64955,40.08758],[140.64669,40.08684],[140.64558,40.08634],[140.64436,40.08618],[140.64242,40.08522],[140.63961,40.08499],[140.63922,40.08565],[140.63924,40.08645],[140.63845,40.08837],[140.63832,40.08975],[140.63732,40.09121],[140.63623,40.09115],[140.63484,40.09084],[140.63424,40.09034],[140.63168,40.08959],[140.62995,40.08822],[140.62787,40.08788],[140.62519,40.08643],[140.6249,40.08577],[140.6231,40.08497],[140.62264,40.08444],[140.62132,40.0838],[140.62101,40.08263],[140.61889,40.08121],[140.61767,40.08062],[140.61651,40.08036],[140.61468,40.08043],[140.61304,40.08123],[140.61217,40.08181],[140.61219,40.08228],[140.61159,40.083],[140.61066,40.08358],[140.6079,40.08494],[140.60681,40.08608],[140.60617,40.08711],[140.60529,40.0872],[140.6029,40.08715],[140.60006,40.08736],[140.5997,40.08808],[140.60035,40.08897],[140.60131,40.08965],[140.60179,40.09155],[140.6003,40.09307],[140.60026,40.09341],[140.60118,40.09452],[140.6015,40.09638],[140.60072,40.09752],[140.60007,40.09814],[140.59881,40.10003],[140.5989,40.1021],[140.59973,40.104],[140.59935,40.10467],[140.59937,40.10542],[140.60016,40.10797],[140.60103,40.10966],[140.60149,40.11152],[140.60271,40.11256],[140.60269,40.11281],[140.60114,40.11526],[140.60105,40.11574],[140.60144,40.11736],[140.60097,40.11806],[140.60132,40.11864],[140.60143,40.1201],[140.60107,40.12204],[140.59956,40.12213],[140.59822,40.12249],[140.59746,40.12291],[140.5954,40.12505],[140.59474,40.12606],[140.59342,40.12701],[140.59183,40.12764],[140.59087,40.1284],[140.59022,40.12959],[140.58819,40.13028],[140.58624,40.13038],[140.58448,40.13084],[140.58341,40.13063],[140.5825,40.13],[140.58115,40.13023],[140.57777,40.13042],[140.57576,40.13189],[140.57455,40.13209],[140.57231,40.13178],[140.57172,40.13189],[140.57071,40.13261],[140.5697,40.1326],[140.56877,40.13291],[140.56545,40.13348],[140.56344,40.134],[140.56263,40.13443],[140.56093,40.13487],[140.55894,40.13496],[140.55718,40.13428],[140.55589,40.13484],[140.55381,40.1347],[140.55296,40.13495],[140.55279,40.1363],[140.55157,40.13833],[140.55079,40.13873],[140.55071,40.1398],[140.54935,40.14202],[140.54829,40.14206],[140.54656,40.14245],[140.54531,40.14293],[140.54348,40.14296],[140.54358,40.14414],[140.54322,40.14547],[140.5433,40.14755],[140.54292,40.1482],[140.54319,40.15042],[140.54389,40.15188],[140.54478,40.15278],[140.54497,40.1536],[140.54349,40.15613],[140.54152,40.15648],[140.54109,40.15674],[140.54024,40.15815],[140.53853,40.15939],[140.5362,40.15837],[140.53511,40.15836],[140.53447,40.15694],[140.53343,40.1564],[140.53336,40.15558],[140.53213,40.15518],[140.53181,40.15401],[140.53072,40.15185],[140.53003,40.1513],[140.52852,40.15136],[140.52684,40.15058],[140.52578,40.15044],[140.52561,40.14989],[140.52318,40.14927],[140.52262,40.14842],[140.52036,40.14729],[140.51925,40.14744],[140.51877,40.14862],[140.51769,40.14934],[140.51732,40.15038],[140.51685,40.15087],[140.5156,40.15081],[140.51446,40.15179],[140.51432,40.15237],[140.51193,40.1519],[140.51093,40.15242],[140.50991,40.15348],[140.50944,40.1536],[140.50766,40.15484],[140.50727,40.15576],[140.50679,40.15616],[140.50486,40.15481],[140.50282,40.15468],[140.50228,40.15428],[140.49987,40.154],[140.49884,40.15354],[140.49813,40.15379],[140.49623,40.15389],[140.49575,40.15576],[140.49785,40.15662],[140.49844,40.15717],[140.4986,40.15844],[140.49949,40.15866],[140.5001,40.1592],[140.50034,40.15988],[140.50161,40.16034],[140.50202,40.16159],[140.5012,40.16217],[140.5022,40.16354],[140.50202,40.1645],[140.49983,40.16508],[140.4987,40.16465],[140.49789,40.16491],[140.49763,40.16591],[140.49673,40.16644],[140.49493,40.16658],[140.49426,40.16613],[140.49371,40.16654],[140.492,40.16662],[140.49145,40.16722],[140.49046,40.16741],[140.48968,40.16785],[140.49024,40.1694],[140.49129,40.17046],[140.49133,40.17189],[140.49226,40.17267],[140.49376,40.17297],[140.49513,40.17402],[140.49502,40.17517],[140.49468,40.17587],[140.49319,40.17673],[140.49256,40.17794],[140.49085,40.17838],[140.48942,40.17817],[140.48814,40.17849],[140.48718,40.17957],[140.48752,40.18028],[140.48694,40.18081],[140.48699,40.18218],[140.48631,40.18296],[140.48531,40.1834],[140.48475,40.18506],[140.48396,40.1861],[140.48453,40.18677],[140.48459,40.18764],[140.4831,40.18882],[140.481,40.19108],[140.4795,40.19158],[140.4792,40.19256],[140.47976,40.1935],[140.48002,40.19474],[140.47976,40.19621],[140.48026,40.19611],[140.48238,40.19633],[140.48357,40.19731],[140.48381,40.19789],[140.48392,40.19968],[140.48527,40.20012],[140.4868,40.20137],[140.48713,40.20191],[140.48637,40.20359],[140.48585,40.20582],[140.48597,40.20641],[140.48517,40.2073],[140.48499,40.20851],[140.48519,40.20929],[140.48492,40.21013],[140.48581,40.21081],[140.48527,40.21224],[140.48544,40.21314],[140.48491,40.21389],[140.4823,40.21406],[140.48149,40.21429],[140.48038,40.21516],[140.47981,40.21592],[140.47974,40.21701],[140.47851,40.2171],[140.4759,40.21825],[140.47404,40.21826],[140.47254,40.21912],[140.47223,40.22014],[140.47094,40.22053],[140.47035,40.22153],[140.4684,40.22254],[140.46929,40.22334],[140.46913,40.22457],[140.46932,40.22527],[140.46869,40.22633],[140.46914,40.22784],[140.46919,40.22889],[140.47054,40.23126],[140.47155,40.23257],[140.47225,40.23303],[140.47187,40.23422],[140.47199,40.23554],[140.47119,40.23641],[140.47183,40.23726],[140.47143,40.23802],[140.47152,40.24108],[140.47074,40.2416],[140.46959,40.24161],[140.46722,40.24065],[140.46538,40.24116],[140.46478,40.24172],[140.4636,40.24208],[140.46171,40.24202],[140.46027,40.24167],[140.45916,40.24202],[140.45848,40.243],[140.4572,40.24433],[140.45552,40.24489],[140.45409,40.24489],[140.45221,40.24516],[140.45183,40.24567],[140.45199,40.2465],[140.45152,40.24757],[140.45062,40.24749],[140.44966,40.24778],[140.44821,40.24776],[140.44767,40.2484],[140.44807,40.24939],[140.44861,40.25001],[140.44843,40.25112],[140.4496,40.25165],[140.4498,40.25239],[140.44887,40.25387],[140.44727,40.25371],[140.44733,40.25516],[140.44666,40.25648],[140.44449,40.25688],[140.44384,40.25745],[140.44243,40.25724],[140.44053,40.25724],[140.43929,40.25667],[140.4374,40.25698],[140.4366,40.25749],[140.43569,40.25719],[140.43479,40.25631],[140.43279,40.25607],[140.43108,40.25548],[140.42936,40.25576],[140.42781,40.25468],[140.42695,40.25452],[140.42605,40.25396],[140.42448,40.25392],[140.42419,40.25419],[140.42241,40.25421],[140.42196,40.25402],[140.42044,40.25433],[140.41842,40.25559],[140.41512,40.25592],[140.4153,40.25636],[140.41621,40.25641],[140.41578,40.25726],[140.41499,40.25704],[140.41447,40.25752],[140.41233,40.25682],[140.41222,40.26102],[140.41245,40.26265],[140.41065,40.26237],[140.40977,40.26196],[140.40778,40.26067],[140.40687,40.26073],[140.40844,40.26181],[140.40801,40.26214],[140.40737,40.2633],[140.40857,40.26385],[140.40973,40.26471],[140.41043,40.26572],[140.41055,40.26705],[140.41099,40.26724],[140.41283,40.26888],[140.41328,40.26907],[140.41463,40.27044],[140.41615,40.27156],[140.41597,40.27245],[140.4162,40.27433],[140.41548,40.27484],[140.41425,40.27475],[140.4134,40.27494],[140.41269,40.27552],[140.41186,40.27691],[140.40927,40.27755],[140.40881,40.27891],[140.40778,40.27931],[140.40688,40.27894],[140.40641,40.27987],[140.40538,40.27988],[140.40468,40.28054],[140.40538,40.2819],[140.40374,40.28202],[140.40335,40.28259],[140.40221,40.28344],[140.40173,40.28418],[140.40175,40.28512],[140.40071,40.28574],[140.40102,40.28725],[140.40174,40.28779],[140.4008,40.28905],[140.3991,40.29033],[140.39839,40.29124],[140.39702,40.29111],[140.39646,40.29157],[140.39667,40.293],[140.39623,40.29376],[140.39495,40.29397],[140.39377,40.29514],[140.39441,40.29576],[140.39345,40.29638],[140.39339,40.29732],[140.39302,40.29796],[140.3933,40.29956],[140.39223,40.30037],[140.39203,40.30115],[140.39066,40.30171],[140.38978,40.30318],[140.3889,40.30346],[140.38854,40.30406],[140.3886,40.30504],[140.38901,40.30592],[140.38731,40.3056],[140.38638,40.30564],[140.38454,40.30692],[140.38441,40.30785],[140.38325,40.30893],[140.384,40.30958],[140.38382,40.31056],[140.3841,40.31238],[140.38367,40.31271],[140.38408,40.31397],[140.38141,40.31547],[140.38114,40.31665],[140.38008,40.3179],[140.3804,40.31913],[140.37797,40.31982],[140.37736,40.3198],[140.37679,40.32067],[140.37768,40.32181],[140.37761,40.32222],[140.37848,40.32305],[140.37775,40.32358],[140.37723,40.32435],[140.37584,40.32488],[140.37788,40.32609],[140.37656,40.32641],[140.37672,40.32816],[140.37568,40.3287],[140.37639,40.33026],[140.37574,40.33166],[140.37605,40.33328],[140.37503,40.33393],[140.3749,40.33574],[140.37576,40.33738],[140.37622,40.33873],[140.37536,40.33973],[140.37582,40.34076],[140.37608,40.34248],[140.37535,40.34393],[140.37407,40.34431],[140.374,40.34472],[140.37298,40.34543],[140.37193,40.34575],[140.37059,40.34502],[140.36992,40.34505],[140.37005,40.34656],[140.36963,40.34694],[140.36823,40.34692],[140.36673,40.3475],[140.36712,40.34833],[140.36761,40.34852],[140.36754,40.35039],[140.36692,40.35162],[140.36503,40.35205],[140.36403,40.3515],[140.36174,40.35166],[140.36129,40.35147],[140.35911,40.35194],[140.3586,40.35226],[140.35671,40.35435],[140.35572,40.35452],[140.35416,40.35442],[140.35315,40.35489],[140.35311,40.35468],[140.35084,40.35243],[140.35093,40.34965],[140.35014,40.34847],[140.34904,40.34747],[140.34683,40.3448],[140.34687,40.34391],[140.34608,40.34332],[140.34442,40.34169],[140.34293,40.33984],[140.34194,40.33775],[140.33977,40.3369],[140.33851,40.33604],[140.33797,40.33496],[140.33678,40.33379],[140.33636,40.33257],[140.3355,40.33172],[140.33605,40.32978],[140.33649,40.32951],[140.33656,40.32864],[140.33633,40.32683],[140.33672,40.32638],[140.3362,40.32488],[140.33477,40.32378],[140.33454,40.32333],[140.33289,40.32276],[140.33383,40.32055],[140.33218,40.31966],[140.33246,40.31781],[140.33337,40.31616],[140.33344,40.31498],[140.33302,40.31441],[140.33112,40.31468],[140.33012,40.31459],[140.32912,40.31324],[140.329,40.31272],[140.32791,40.31204],[140.32703,40.31209],[140.32537,40.31166],[140.32572,40.31015],[140.32541,40.30874],[140.32527,40.30621],[140.32423,40.30496],[140.32432,40.30447],[140.32314,40.30275],[140.32276,40.30191],[140.32323,40.30101],[140.32309,40.30036],[140.32343,40.29936],[140.32406,40.29834],[140.32402,40.29694],[140.32482,40.2957],[140.32503,40.29463],[140.32566,40.29411],[140.32625,40.29297],[140.32702,40.29229],[140.32708,40.2902],[140.32742,40.28948],[140.32695,40.28817],[140.32658,40.28778],[140.32623,40.28659],[140.32629,40.28419],[140.32526,40.28353],[140.32615,40.28194],[140.32628,40.28028],[140.32577,40.27999],[140.32467,40.28009],[140.32352,40.28053],[140.32319,40.27908],[140.32258,40.27841],[140.32234,40.27764],[140.32342,40.27696],[140.32351,40.27549],[140.32384,40.27476],[140.3231,40.27232],[140.32242,40.27221],[140.32088,40.27247],[140.31903,40.27114],[140.31933,40.2707],[140.31819,40.27],[140.31715,40.27014],[140.31646,40.2696],[140.31466,40.2686],[140.31456,40.26755],[140.31408,40.26663],[140.31302,40.26586],[140.31219,40.26483],[140.31106,40.26448],[140.31073,40.26262],[140.31109,40.2619],[140.31089,40.26042],[140.3103,40.25956],[140.30964,40.25803],[140.30969,40.25729],[140.31041,40.25707],[140.31038,40.25628],[140.30989,40.25577],[140.30989,40.25517],[140.30915,40.25453],[140.30779,40.25262],[140.30614,40.25221],[140.30477,40.25286],[140.30383,40.25299],[140.3032,40.25354],[140.30249,40.25344],[140.30102,40.25253],[140.30031,40.253],[140.29637,40.25293],[140.29538,40.25253],[140.29337,40.25207],[140.29191,40.25225],[140.29049,40.25214],[140.28947,40.25272],[140.28836,40.25365],[140.28756,40.25358],[140.28638,40.25272],[140.28487,40.25117],[140.28429,40.25017],[140.283,40.24918],[140.28259,40.2485],[140.28239,40.24746],[140.28189,40.24683],[140.27808,40.24392],[140.2775,40.24364],[140.27696,40.24259],[140.27636,40.24236],[140.27601,40.24171],[140.2757,40.24117],[140.27662,40.24009],[140.27534,40.23786],[140.27462,40.23718],[140.27356,40.23662],[140.27353,40.23599],[140.27486,40.23369],[140.27572,40.23285],[140.27641,40.23125],[140.27972,40.22907],[140.28023,40.22842],[140.2799,40.22762],[140.28024,40.22715],[140.28171,40.22614],[140.28204,40.22512],[140.28286,40.22458],[140.28192,40.22291],[140.28182,40.22128],[140.28087,40.2198],[140.27971,40.21925],[140.27964,40.2183],[140.28022,40.21715],[140.2786,40.21478],[140.27702,40.21386],[140.2757,40.21349],[140.27453,40.21291],[140.27315,40.21174],[140.27367,40.21078],[140.27456,40.2105],[140.27594,40.21058],[140.27757,40.21094],[140.27828,40.2109],[140.27921,40.21036],[140.2822,40.21079],[140.28497,40.21067],[140.28634,40.21042],[140.28754,40.20993],[140.28847,40.20932],[140.29045,40.20743],[140.29195,40.20629],[140.2948,40.20497],[140.296,40.20474],[140.29786,40.20489],[140.29937,40.20524],[140.29979,40.20408],[140.29977,40.20253],[140.2994,40.20119],[140.29794,40.20011],[140.29645,40.19929],[140.29595,40.1985],[140.29487,40.19801],[140.29166,40.19792],[140.29076,40.19843],[140.28952,40.19814],[140.28723,40.1962],[140.28544,40.19546],[140.28303,40.19522],[140.28051,40.19538],[140.27625,40.1958],[140.27537,40.19607],[140.27468,40.19691],[140.2735,40.19633],[140.27285,40.19543],[140.27232,40.19414],[140.27247,40.19313],[140.27181,40.19165],[140.27173,40.19057],[140.27095,40.18878],[140.27182,40.18775],[140.27034,40.1868],[140.26979,40.18618],[140.26913,40.18607],[140.26745,40.18453],[140.26582,40.18349],[140.26444,40.18341],[140.26396,40.1836],[140.26263,40.18478],[140.26091,40.18469],[140.25941,40.18402],[140.2575,40.18351],[140.257,40.18319],[140.2549,40.18289],[140.2543,40.18181],[140.25423,40.18115],[140.25492,40.18012],[140.25413,40.17926],[140.25379,40.17728],[140.25376,40.17517],[140.25404,40.17471],[140.25407,40.17207],[140.25363,40.17083],[140.25363,40.16984],[140.25302,40.16881],[140.2532,40.16749],[140.2538,40.16644],[140.25431,40.16609],[140.2534,40.16455],[140.25347,40.1636],[140.25429,40.16227],[140.25422,40.16159],[140.25454,40.16056],[140.25518,40.16003],[140.25804,40.15869],[140.25731,40.15777],[140.25694,40.1557],[140.25706,40.15429],[140.25665,40.15336],[140.25654,40.15212],[140.25497,40.15118],[140.2547,40.1486],[140.25435,40.14752],[140.25432,40.14639],[140.25342,40.14522],[140.25246,40.14296],[140.24979,40.14253],[140.24942,40.14012],[140.24903,40.13912],[140.24811,40.13772],[140.24824,40.13654],[140.24796,40.13472],[140.24827,40.13441],[140.24925,40.13238],[140.24935,40.13178],[140.25027,40.13156],[140.25029,40.13069],[140.24993,40.12947],[140.24909,40.12922],[140.24841,40.12844],[140.24795,40.12727],[140.24704,40.12631],[140.24739,40.12559],[140.24726,40.1238],[140.24796,40.12227],[140.248,40.12124],[140.2477,40.1205],[140.24692,40.12003],[140.24696,40.11944],[140.24775,40.11899],[140.24769,40.11741],[140.24737,40.11702],[140.24599,40.1162],[140.2455,40.11526],[140.24555,40.11454],[140.24383,40.1136],[140.24293,40.11187],[140.24322,40.11067],[140.24428,40.10977],[140.24505,40.10799],[140.24621,40.10666],[140.24726,40.10587],[140.24713,40.10408],[140.24742,40.1034],[140.24854,40.10238],[140.24883,40.10115],[140.24969,40.10026],[140.25012,40.09921],[140.25223,40.09801],[140.25297,40.09705],[140.25211,40.09632],[140.25203,40.0951],[140.25096,40.09428],[140.24979,40.09457],[140.24947,40.09436],[140.24938,40.09284],[140.24777,40.09282],[140.24727,40.09091],[140.24756,40.09041],[140.24683,40.08966],[140.24685,40.08869],[140.24779,40.0885],[140.24872,40.08867],[140.25002,40.08667],[140.25135,40.08641],[140.25456,40.08617],[140.25548,40.08568],[140.2556,40.08481],[140.25449,40.08411],[140.25363,40.08275],[140.25479,40.08154],[140.2544,40.0805],[140.25305,40.08015],[140.25163,40.07899],[140.25219,40.07824],[140.25242,40.0768],[140.25196,40.07574],[140.25203,40.0748],[140.2512,40.07389],[140.25116,40.0726],[140.25347,40.0713],[140.25423,40.07135],[140.25487,40.07142],[140.2563,40.07228],[140.25769,40.07242],[140.25861,40.07224],[140.26054,40.07153],[140.26242,40.0712],[140.26473,40.07061],[140.26583,40.06988],[140.26712,40.0695],[140.26921,40.06975],[140.27017,40.06894],[140.27186,40.06891],[140.27329,40.06921],[140.27393,40.06968],[140.27541,40.06981],[140.27593,40.06961],[140.27737,40.06962],[140.27842,40.06985],[140.28066,40.06983],[140.28219,40.06948],[140.28422,40.06981],[140.28483,40.0703],[140.2874,40.07019],[140.28884,40.07027],[140.29097,40.07238],[140.29123,40.07348],[140.29297,40.07491],[140.29367,40.07633],[140.29628,40.07698],[140.29765,40.07824],[140.29754,40.07986],[140.29809,40.08023],[140.29836,40.08129],[140.29958,40.08173],[140.29996,40.08226],[140.30121,40.08324],[140.30299,40.08315],[140.30387,40.0823],[140.3049,40.08222],[140.30711,40.08173],[140.30817,40.08184],[140.3092,40.08225],[140.31026,40.08333],[140.31281,40.08304],[140.31508,40.08389],[140.31565,40.08456],[140.31636,40.08465],[140.31643,40.08537],[140.31619,40.08705],[140.31702,40.08844],[140.31694,40.08928],[140.31644,40.09024],[140.31861,40.09126],[140.31939,40.0901],[140.31958,40.0888],[140.32136,40.08745],[140.32164,40.08685],[140.32349,40.08511],[140.32422,40.08378],[140.32537,40.08311],[140.3262,40.08174],[140.32685,40.0817],[140.32779,40.0821],[140.32849,40.08183],[140.33157,40.08355],[140.33379,40.08415],[140.33476,40.08471],[140.33647,40.08461],[140.33721,40.08514],[140.33839,40.08515],[140.33952,40.08594],[140.33974,40.0878],[140.34055,40.08934],[140.34128,40.08911],[140.3424,40.08927],[140.34333,40.08901],[140.34414,40.08908],[140.34566,40.09018],[140.34633,40.09084],[140.34801,40.09138],[140.34895,40.09067],[140.35031,40.09051],[140.35093,40.08987],[140.35331,40.09015],[140.35444,40.09098],[140.35578,40.09131],[140.35766,40.0908],[140.35851,40.09024],[140.36147,40.08987],[140.362,40.08967],[140.36319,40.08995],[140.36476,40.08937],[140.36608,40.09036],[140.36679,40.09018],[140.36794,40.08943],[140.36873,40.08927],[140.36956,40.08946],[140.37099,40.09057],[140.37404,40.09004],[140.37563,40.08839],[140.37565,40.08767],[140.37314,40.0869],[140.37236,40.0871],[140.37155,40.08607],[140.37125,40.08392],[140.3715,40.08265],[140.37192,40.08182],[140.37217,40.0804],[140.37188,40.07891],[140.37201,40.07807],[140.37293,40.07718],[140.37252,40.07637],[140.37314,40.07546],[140.37323,40.07419],[140.37412,40.0733],[140.37478,40.07069],[140.37546,40.06978],[140.37564,40.06896],[140.37639,40.06834],[140.37663,40.06729],[140.37773,40.06554],[140.37876,40.06472],[140.37697,40.06392],[140.37611,40.06324],[140.37559,40.06213],[140.37478,40.06198],[140.37433,40.0613],[140.37433,40.05927],[140.37383,40.05808],[140.37389,40.05701],[140.3754,40.05691],[140.37671,40.05642],[140.37704,40.05563],[140.37655,40.05438],[140.37537,40.05342],[140.37514,40.05268],[140.37571,40.05218],[140.37791,40.05217],[140.37854,40.05147],[140.37853,40.05021],[140.37943,40.04965],[140.37943,40.0491],[140.37815,40.04917],[140.37743,40.0483],[140.37623,40.04756],[140.37582,40.04634],[140.37538,40.04593],[140.37517,40.04443],[140.37366,40.04312],[140.37156,40.04311],[140.37068,40.04397],[140.36981,40.04277],[140.3683,40.04209],[140.36826,40.04124],[140.36893,40.04014],[140.36925,40.03893],[140.36892,40.03809],[140.36718,40.03748],[140.36633,40.03666],[140.36699,40.03576],[140.367,40.03522],[140.36623,40.03475],[140.36532,40.03337],[140.36528,40.0327],[140.36445,40.03156],[140.36437,40.03089],[140.36337,40.0301],[140.36213,40.03],[140.36117,40.0297],[140.36068,40.02903],[140.35926,40.02783],[140.35872,40.0271],[140.35723,40.02626],[140.35711,40.02572],[140.35554,40.02499],[140.35453,40.02493],[140.35406,40.02437],[140.354,40.0236],[140.35356,40.02279],[140.35218,40.02151],[140.35178,40.0207],[140.35191,40.01996],[140.35333,40.0191],[140.35468,40.0189],[140.35543,40.01855],[140.35739,40.01824],[140.35784,40.01785],[140.35804,40.01553],[140.3579,40.01431],[140.3571,40.01345],[140.35732,40.01222],[140.35834,40.01103],[140.35904,40.01067],[140.35914,40.00975],[140.36017,40.00829],[140.36092,40.00769],[140.36317,40.00727],[140.36462,40.00645],[140.36451,40.00557],[140.36522,40.00526],[140.36679,40.00327],[140.36818,40.00216],[140.36814,40.00144],[140.3691,40.00097],[140.36978,40.001],[140.37213,40.00026],[140.37196,39.99946],[140.37324,39.99858],[140.37363,39.99705],[140.3732,39.99667],[140.37333,39.9957],[140.37301,39.99501],[140.37313,39.99376],[140.37426,39.99095],[140.3751,39.99039],[140.37594,39.98938],[140.37566,39.98885],[140.37451,39.98842],[140.37368,39.98721],[140.36998,39.98568],[140.36862,39.98354],[140.36846,39.98271],[140.36745,39.98112],[140.36654,39.9813],[140.36457,39.98133],[140.36324,39.98113],[140.36208,39.98008],[140.36154,39.98011],[140.35924,39.97854],[140.35836,39.97848],[140.35784,39.97782],[140.35609,39.97625],[140.3553,39.97492],[140.35449,39.97425],[140.35325,39.9721],[140.35279,39.97193],[140.35252,39.97076],[140.35327,39.97019],[140.35373,39.96903],[140.35359,39.96852],[140.35508,39.96724],[140.35554,39.96629],[140.35521,39.96538],[140.35653,39.96397],[140.35659,39.96316],[140.35765,39.96209],[140.35721,39.96078],[140.35706,39.95883],[140.35603,39.95706],[140.35704,39.95606],[140.35767,39.95592],[140.35851,39.95447],[140.36028,39.95394],[140.3586,39.95236],[140.35887,39.94988],[140.35835,39.94932],[140.35675,39.94869],[140.35634,39.94714],[140.35561,39.94621],[140.35539,39.94547],[140.35542,39.94429],[140.35588,39.94346],[140.35586,39.94278],[140.35631,39.94178],[140.35708,39.9408],[140.35794,39.94011],[140.36133,39.93925],[140.36188,39.93858],[140.36161,39.93643],[140.36094,39.93481],[140.35981,39.9337],[140.35979,39.93211],[140.36024,39.93004],[140.35943,39.92914],[140.35965,39.92858],[140.36043,39.92833],[140.36284,39.92811],[140.36571,39.92749],[140.36674,39.92617],[140.36734,39.9257],[140.36886,39.9251],[140.36886,39.92464],[140.37034,39.92353],[140.37183,39.92393],[140.3723,39.92368],[140.37264,39.92278],[140.37248,39.92219],[140.37156,39.92099],[140.3712,39.91982],[140.37109,39.91843],[140.37176,39.91713],[140.37072,39.91581],[140.3711,39.91521],[140.3722,39.91517],[140.3736,39.91435],[140.37436,39.91269],[140.37571,39.91129],[140.37568,39.91012],[140.37698,39.90784],[140.37688,39.9069],[140.37565,39.90576],[140.37515,39.9048],[140.37594,39.90306],[140.37471,39.90054],[140.37358,39.89899],[140.37358,39.89815],[140.37301,39.89703],[140.37283,39.89596],[140.373,39.89508],[140.37284,39.89387],[140.37236,39.89307],[140.37293,39.8926],[140.37324,39.89154],[140.37428,39.89079],[140.37434,39.88908],[140.37573,39.88897],[140.37687,39.8886],[140.37743,39.88792],[140.37798,39.88664],[140.37813,39.88513],[140.37886,39.88433],[140.37857,39.88212],[140.37875,39.88164],[140.38072,39.88011],[140.38263,39.87961],[140.38293,39.87939],[140.38373,39.87711],[140.38488,39.87674],[140.38506,39.87606],[140.38617,39.8755],[140.3842,39.8734],[140.38296,39.87132],[140.38495,39.86974],[140.38643,39.86949],[140.38705,39.86774],[140.38793,39.86692],[140.38791,39.86525],[140.38922,39.86297],[140.38974,39.86266],[140.38915,39.86033],[140.38897,39.85867],[140.38929,39.85811],[140.39019,39.8576],[140.39096,39.85607],[140.391,39.85549],[140.39034,39.85488],[140.39021,39.85399],[140.39047,39.85296],[140.3898,39.85198],[140.38928,39.85068],[140.38965,39.8495],[140.38961,39.84834],[140.39005,39.84723],[140.39137,39.84478],[140.39376,39.84286],[140.39558,39.84241],[140.39672,39.84194],[140.39751,39.84097],[140.39883,39.84008],[140.39963,39.83985],[140.40079,39.83858],[140.40141,39.83666],[140.40078,39.83485],[140.40176,39.83376],[140.40153,39.83243],[140.40258,39.83046],[140.40399,39.82912],[140.40579,39.82874],[140.40889,39.82842],[140.41043,39.82792],[140.41119,39.82818],[140.41498,39.82838],[140.41663,39.8287],[140.41828,39.82719],[140.41898,39.82681],[140.42041,39.82654],[140.42134,39.82592],[140.42443,39.82502],[140.42652,39.82503],[140.42745,39.82521],[140.42887,39.8246],[140.43002,39.82458],[140.43079,39.82409],[140.43098,39.82264],[140.43193,39.82188],[140.43123,39.82027],[140.43176,39.81973],[140.43368,39.82002],[140.43454,39.82073],[140.43975,39.82199],[140.44201,39.82202],[140.44305,39.82229],[140.4446,39.82214],[140.44638,39.82281],[140.44845,39.82302],[140.44918,39.82378],[140.45134,39.82402],[140.45236,39.82447],[140.45312,39.82419],[140.45519,39.82378],[140.4562,39.82342],[140.45796,39.82395],[140.45948,39.82356],[140.45987,39.82246],[140.45891,39.82074],[140.45894,39.81999],[140.45987,39.8176],[140.46051,39.81642],[140.46079,39.81518],[140.46225,39.81438],[140.46425,39.81286],[140.4653,39.81235],[140.46626,39.81098],[140.46724,39.8103],[140.4675,39.80888],[140.46748,39.80791],[140.46851,39.8077],[140.46918,39.80688],[140.47098,39.80536],[140.47118,39.80386],[140.47186,39.8021],[140.47155,39.80101],[140.47254,39.80046],[140.47314,39.79928],[140.47414,39.79885],[140.47458,39.79827],[140.47468,39.79718],[140.47446,39.79636],[140.47535,39.79565],[140.47665,39.79597],[140.47791,39.79567],[140.47943,39.79606],[140.48037,39.79653]]]]}},
  {"type":"Feature","properties":{"name":"にかほ市","code":"05214"},"geometry":{"type":"MultiPolygon","coordinates":[[[[139.98012,39.31309],[139.97938,39.31197],[139.97878,39.31069],[139.97763,39.30926],[139.97684,39.3078],[139.9756,39.30622],[139.97462,39.30462],[139.97383,39.30365],[139.97259,39.30261],[139.97212,39.30153],[139.97151,39.30076],[139.9705,39.30036],[139.97006,39.29949],[139.96942,39.29905],[139.96905,39.29831],[139.96829,39.29765],[139.96815,39.29706],[139.96645,39.29579],[139.96604,39.29511],[139.96224,39.29409],[139.96134,39.29332],[139.95956,39.2926],[139.95803,39.29254],[139.95801,39.29305],[139.95692,39.29304],[139.95623,39.29178],[139.95414,39.29158],[139.95344,39.29103],[139.95159,39.29089],[139.95117,39.29041],[139.94997,39.29003],[139.94802,39.28994],[139.94779,39.29029],[139.94667,39.28937],[139.94499,39.28936],[139.94379,39.29004],[139.94131,39.28927],[139.93954,39.28887],[139.93847,39.28884],[139.93744,39.28961],[139.93461,39.28932],[139.93285,39.28902],[139.93061,39.28919],[139.92823,39.2882],[139.92892,39.28763],[139.92882,39.28699],[139.92785,39.28594],[139.92607,39.28572],[139.92504,39.28453],[139.92446,39.28428],[139.92335,39.28295],[139.92259,39.28179],[139.92159,39.28158],[139.91954,39.28085],[139.91922,39.2804],[139.91909,39.27922],[139.91814,39.27844],[139.91802,39.27802],[139.9169,39.2767],[139.91634,39.27568],[139.91575,39.27559],[139.91539,39.27472],[139.91556,39.27236],[139.9145,39.27119],[139.91404,39.26913],[139.91354,39.2684],[139.91325,39.26742],[139.91258,39.26644],[139.91131,39.26618],[139.9111,39.26526],[139.9115,39.2633],[139.91226,39.26264],[139.9119,39.26143],[139.91097,39.26167],[139.90982,39.25911],[139.91043,39.25711],[139.91088,39.25626],[139.91241,39.25586],[139.91217,39.25519],[139.91289,39.25307],[139.91264,39.25238],[139.91389,39.25012],[139.91494,39.24964],[139.91474,39.24864],[139.91354,39.24786],[139.91335,39.24614],[139.91272,39.24551],[139.91166,39.24527],[139.91267,39.24397],[139.91196,39.24305],[139.91108,39.24086],[139.9102,39.23932],[139.90867,39.23757],[139.90803,39.23624],[139.90616,39.23354],[139.90596,39.2319],[139.90567,39.23105],[139.9051,39.23033],[139.90482,39.22898],[139.90426,39.2275],[139.90367,39.22713],[139.90374,39.22654],[139.90335,39.22497],[139.9029,39.22416],[139.90214,39.22391],[139.90204,39.22274],[139.90095,39.22211],[139.90065,39.22117],[139.89915,39.22089],[139.89886,39.22005],[139.89827,39.21957],[139.89883,39.21881],[139.89783,39.21804],[139.89748,39.21744],[139.89618,39.21636],[139.89692,39.21536],[139.89652,39.21456],[139.89569,39.21424],[139.8948,39.2146],[139.89408,39.21447],[139.89302,39.2128],[139.89415,39.21288],[139.89468,39.21243],[139.89398,39.21196],[139.8935,39.21083],[139.89331,39.20967],[139.89258,39.20939],[139.89258,39.20875],[139.89369,39.20805],[139.8942,39.20704],[139.89391,39.20558],[139.89253,39.20444],[139.8927,39.20267],[139.89323,39.20215],[139.89586,39.2013],[139.89674,39.20155],[139.89678,39.2026],[139.89585,39.20274],[139.89501,39.20234],[139.89386,39.20253],[139.89416,39.20359],[139.8973,39.20312],[139.89704,39.20154],[139.89957,39.20153],[139.90079,39.20109],[139.90047,39.2003],[139.90198,39.19964],[139.9028,39.20011],[139.90361,39.19966],[139.90453,39.19841],[139.90527,39.19661],[139.90528,39.19571],[139.90578,39.19423],[139.90616,39.19175],[139.90592,39.18927],[139.90541,39.18775],[139.90448,39.18612],[139.90477,39.18552],[139.90472,39.18414],[139.90503,39.18328],[139.90495,39.18152],[139.90423,39.17916],[139.90378,39.17814],[139.90355,39.17681],[139.90294,39.17538],[139.90134,39.17064],[139.90121,39.16993],[139.90026,39.16813],[139.89949,39.16631],[139.8991,39.16501],[139.89816,39.16282],[139.89733,39.16144],[139.89679,39.15982],[139.89529,39.15671],[139.89416,39.15505],[139.89217,39.15356],[139.89166,39.15271],[139.89037,39.15244],[139.89027,39.15186],[139.88925,39.15126],[139.88898,39.15055],[139.88625,39.14906],[139.8857,39.14896],[139.88553,39.14786],[139.88505,39.14764],[139.88479,39.14648],[139.88389,39.14533],[139.88338,39.14528],[139.88325,39.14362],[139.8828,39.1432],[139.88305,39.14224],[139.88259,39.14148],[139.88182,39.14109],[139.88266,39.13953],[139.8815,39.13903],[139.88275,39.1386],[139.88284,39.13738],[139.88312,39.13688],[139.88395,39.13653],[139.88355,39.1351],[139.88408,39.13428],[139.88508,39.13351],[139.88464,39.13258],[139.88318,39.1322],[139.88267,39.13125],[139.88261,39.13013],[139.88091,39.12866],[139.88109,39.12747],[139.88088,39.1268],[139.88,39.1268],[139.87821,39.1254],[139.87731,39.12511],[139.87699,39.12459],[139.87786,39.12368],[139.87863,39.12358],[139.87918,39.12284],[139.87856,39.12227],[139.87798,39.12108],[139.87707,39.12063],[139.87552,39.12051],[139.87444,39.12072],[139.87292,39.1213],[139.87224,39.12135],[139.87107,39.12055],[139.87042,39.11867],[139.86959,39.11826],[139.88655,39.11847],[139.90604,39.11883],[139.93482,39.11445],[139.94565,39.11283],[139.94805,39.11717],[139.97516,39.11034],[139.9826,39.1084],[139.99445,39.10552],[139.99663,39.11228],[139.99764,39.11584],[140.00777,39.12304],[140.01355,39.12411],[140.04145,39.12941],[140.04692,39.13047],[140.05309,39.13162],[140.06213,39.13335],[140.06244,39.1335],[140.06512,39.13869],[140.06571,39.14086],[140.06595,39.14372],[140.06524,39.1464],[140.06346,39.1503],[140.06336,39.15135],[140.06404,39.15373],[140.0643,39.15611],[140.06413,39.15843],[140.0635,39.16012],[140.06411,39.16132],[140.06388,39.16159],[140.06128,39.16213],[140.06041,39.16247],[140.05811,39.16447],[140.05654,39.16634],[140.05672,39.16798],[140.05635,39.16829],[140.0534,39.16828],[140.05125,39.16956],[140.05017,39.16995],[140.04757,39.17031],[140.04602,39.17154],[140.04529,39.17236],[140.04464,39.17263],[140.04331,39.17406],[140.04263,39.17452],[140.04219,39.17558],[140.04217,39.17626],[140.04259,39.17762],[140.04473,39.17978],[140.04479,39.1811],[140.04589,39.18292],[140.04599,39.1835],[140.04563,39.18494],[140.04666,39.18632],[140.0477,39.18823],[140.04886,39.18897],[140.04992,39.19019],[140.05167,39.19064],[140.0521,39.19095],[140.05335,39.19251],[140.05394,39.1938],[140.05365,39.19462],[140.05288,39.19843],[140.05317,39.20231],[140.05369,39.20822],[140.05407,39.21193],[140.05518,39.21511],[140.05561,39.21686],[140.0562,39.21861],[140.05717,39.22261],[140.05776,39.22418],[140.05836,39.2266],[140.05481,39.23153],[140.05234,39.23388],[140.05084,39.23461],[140.04999,39.23544],[140.04838,39.23622],[140.04595,39.23636],[140.0453,39.23822],[140.044,39.23897],[140.042,39.23911],[140.04121,39.24164],[140.04154,39.24191],[140.04073,39.24388],[140.03895,39.2443],[140.03831,39.24535],[140.03783,39.24544],[140.03638,39.247],[140.03489,39.24695],[140.03494,39.24772],[140.03436,39.24854],[140.03326,39.24882],[140.0329,39.24952],[140.03383,39.25099],[140.03347,39.2523],[140.03796,39.25953],[140.03125,39.26352],[140.03058,39.26376],[140.0297,39.2645],[140.02184,39.2692],[140.02001,39.26847],[140.01846,39.26811],[140.01688,39.26799],[140.01576,39.26768],[140.01463,39.26707],[140.0139,39.26696],[140.01204,39.26735],[140.01156,39.26768],[140.0113,39.26871],[140.01014,39.26936],[140.00976,39.27091],[140.00897,39.272],[140.00776,39.27284],[140.00581,39.27393],[140.00434,39.27366],[140.00343,39.27576],[140.00278,39.27657],[140.00165,39.27749],[140.00063,39.28125],[139.99994,39.28168],[139.99924,39.28259],[139.9994,39.2834],[139.99859,39.28421],[139.997,39.28412],[139.99629,39.28488],[139.99556,39.28476],[139.99466,39.28533],[139.99278,39.28592],[139.99235,39.2866],[139.99287,39.28764],[139.99291,39.28919],[139.99361,39.2896],[139.99571,39.28913],[139.9962,39.28962],[139.99632,39.29077],[139.99589,39.29187],[139.99742,39.29303],[139.99961,39.29359],[140.00276,39.29429],[140.00126,39.29483],[140.00054,39.29576],[139.99867,39.29638],[139.99604,39.29623],[139.99353,39.29803],[139.99351,39.29905],[139.99255,39.30015],[139.99219,39.30096],[139.99145,39.3018],[139.99032,39.30247],[139.98992,39.30364],[139.99045,39.30543],[139.99032,39.30681],[139.98862,39.30755],[139.98815,39.30795],[139.98786,39.30883],[139.98716,39.30956],[139.98551,39.31033],[139.98324,39.31169],[139.98012,39.31309]]]]}},
  {"type":"Feature","properties":{"name":"仙北市","code":"05215"},"geometry":{"type":"MultiPolygon","coordinates":[[[[140.49649,39.72373],[140.49581,39.72231],[140.49561,39.72139],[140.49578,39.72075],[140.49544,39.71939],[140.49443,39.71786],[140.49529,39.71635],[140.49521,39.71398],[140.49592,39.7137],[140.49748,39.71159],[140.49691,39.71063],[140.49715,39.7094],[140.49669,39.70718],[140.49735,39.70629],[140.4987,39.7052],[140.49965,39.70403],[140.49936,39.70346],[140.49988,39.70185],[140.49963,39.70093],[140.50045,39.69764],[140.50175,39.69751],[140.50208,39.69649],[140.50458,39.69466],[140.50505,39.69378],[140.50455,39.69255],[140.50212,39.69114],[140.5015,39.69111],[140.4999,39.69022],[140.49744,39.6894],[140.49684,39.68898],[140.49535,39.68653],[140.49532,39.68499],[140.49489,39.68424],[140.49459,39.68275],[140.4948,39.68165],[140.49403,39.68063],[140.49397,39.67964],[140.49313,39.67791],[140.49399,39.67698],[140.49348,39.67559],[140.49378,39.67451],[140.4933,39.67392],[140.4931,39.67288],[140.49255,39.6724],[140.49271,39.67157],[140.49227,39.67071],[140.49237,39.66989],[140.49176,39.6671],[140.49204,39.66583],[140.49148,39.66518],[140.49028,39.66489],[140.48873,39.66421],[140.48869,39.66283],[140.48832,39.66114],[140.48746,39.66094],[140.48602,39.66004],[140.48352,39.65917],[140.48385,39.65875],[140.48334,39.65791],[140.48148,39.65697],[140.47963,39.65658],[140.47925,39.65608],[140.47915,39.65498],[140.4795,39.65393],[140.47798,39.65345],[140.47737,39.65308],[140.47537,39.65091],[140.47337,39.64761],[140.47352,39.64571],[140.47318,39.64481],[140.47305,39.6434],[140.47203,39.64226],[140.47169,39.64111],[140.47185,39.63904],[140.4717,39.63832],[140.46964,39.63722],[140.46903,39.63499],[140.46852,39.63192],[140.46933,39.63023],[140.47059,39.62904],[140.47066,39.62765],[140.4694,39.62741],[140.46862,39.62603],[140.46922,39.62485],[140.46869,39.6243],[140.46906,39.62356],[140.4693,39.62227],[140.46768,39.61969],[140.46771,39.61878],[140.46673,39.61818],[140.46542,39.61782],[140.46404,39.6171],[140.46415,39.61523],[140.46481,39.61421],[140.46629,39.61115],[140.46671,39.61067],[140.46818,39.61006],[140.46932,39.61018],[140.47044,39.60943],[140.47037,39.60872],[140.47104,39.60813],[140.47131,39.60656],[140.47034,39.60459],[140.46972,39.60421],[140.46962,39.60329],[140.46916,39.60234],[140.46972,39.60107],[140.47074,39.60116],[140.47224,39.60084],[140.47373,39.59983],[140.47427,39.59903],[140.47499,39.5987],[140.47561,39.59787],[140.47672,39.59704],[140.47817,39.59728],[140.47939,39.59782],[140.48002,39.59785],[140.48106,39.59717],[140.48185,39.59624],[140.48248,39.59491],[140.48338,39.59442],[140.48459,39.59442],[140.48579,39.5948],[140.48731,39.59479],[140.48837,39.59446],[140.48979,39.59476],[140.49251,39.59479],[140.49182,39.5929],[140.49186,39.5925],[140.49286,39.59211],[140.49462,39.58981],[140.49469,39.58869],[140.49608,39.58748],[140.49719,39.58717],[140.49793,39.58587],[140.4995,39.58558],[140.50013,39.58494],[140.49933,39.58445],[140.49862,39.58318],[140.49928,39.58234],[140.49922,39.5809],[140.49956,39.58039],[140.49908,39.57896],[140.49929,39.57852],[140.49882,39.57768],[140.49991,39.57644],[140.50014,39.57585],[140.50083,39.57572],[140.50214,39.5742],[140.50254,39.57344],[140.50199,39.57283],[140.50167,39.57187],[140.50219,39.57121],[140.50167,39.57038],[140.50075,39.56997],[140.50047,39.56937],[140.49977,39.56901],[140.50004,39.56849],[140.50106,39.56801],[140.50257,39.56607],[140.50182,39.56522],[140.50281,39.56436],[140.50244,39.56374],[140.50278,39.56309],[140.50414,39.56321],[140.50496,39.56279],[140.50596,39.56314],[140.50759,39.56284],[140.50871,39.56186],[140.50785,39.56044],[140.50737,39.56004],[140.50705,39.55898],[140.50891,39.55835],[140.51192,39.55859],[140.51331,39.55752],[140.51576,39.55676],[140.51739,39.55646],[140.51803,39.55611],[140.51964,39.55592],[140.52038,39.55618],[140.52206,39.55623],[140.52339,39.55715],[140.52437,39.55752],[140.52697,39.55763],[140.52806,39.55703],[140.52866,39.55571],[140.52837,39.55406],[140.52924,39.55203],[140.52944,39.55098],[140.53252,39.55156],[140.53428,39.55219],[140.53502,39.55272],[140.53659,39.55497],[140.54079,39.55802],[140.54043,39.55881],[140.54019,39.56043],[140.53981,39.56097],[140.54035,39.56217],[140.53961,39.56301],[140.53971,39.56367],[140.54045,39.56446],[140.54215,39.56579],[140.54553,39.56762],[140.54717,39.56828],[140.54953,39.56894],[140.55123,39.56999],[140.55248,39.57152],[140.55303,39.57277],[140.55317,39.57465],[140.55349,39.57616],[140.55333,39.57687],[140.55197,39.57913],[140.55158,39.58027],[140.55157,39.58129],[140.55203,39.58297],[140.55273,39.58424],[140.55317,39.58459],[140.55493,39.58446],[140.55652,39.58418],[140.55977,39.58417],[140.56023,39.58316],[140.56076,39.58283],[140.5631,39.58224],[140.56404,39.58228],[140.566,39.58016],[140.56812,39.5789],[140.5698,39.57767],[140.57117,39.57704],[140.57429,39.57661],[140.57633,39.5749],[140.57945,39.57517],[140.57951,39.57415],[140.58057,39.5737],[140.58137,39.57389],[140.58231,39.57505],[140.58316,39.57555],[140.58462,39.57506],[140.5879,39.57447],[140.5887,39.57408],[140.58968,39.57422],[140.59013,39.57367],[140.59338,39.57327],[140.59383,39.57291],[140.5954,39.57345],[140.59571,39.57479],[140.5952,39.57564],[140.59715,39.57593],[140.59677,39.57655],[140.59681,39.57828],[140.59785,39.57897],[140.59928,39.57953],[140.59984,39.58235],[140.60003,39.58497],[140.60143,39.58611],[140.60487,39.58478],[140.60907,39.5841],[140.61158,39.58269],[140.61447,39.58199],[140.61583,39.58148],[140.61684,39.58075],[140.61828,39.58023],[140.61925,39.58011],[140.62035,39.57903],[140.62279,39.5785],[140.62345,39.57796],[140.62604,39.57714],[140.62674,39.57678],[140.627,39.57623],[140.62805,39.57574],[140.62836,39.57442],[140.62901,39.57346],[140.63073,39.57293],[140.63014,39.57226],[140.63111,39.57121],[140.63299,39.57055],[140.63443,39.57038],[140.63445,39.56983],[140.63603,39.56949],[140.63673,39.56959],[140.638,39.57025],[140.63876,39.57034],[140.63932,39.57091],[140.64075,39.5712],[140.64177,39.57318],[140.64311,39.57499],[140.64404,39.57501],[140.64508,39.57535],[140.6452,39.57577],[140.6461,39.57651],[140.6471,39.5783],[140.6488,39.57953],[140.64975,39.57965],[140.65097,39.58011],[140.65119,39.57979],[140.65257,39.57927],[140.65375,39.57935],[140.65502,39.579],[140.65759,39.57943],[140.65878,39.58066],[140.65982,39.5812],[140.66136,39.58159],[140.66241,39.58253],[140.66441,39.58298],[140.66713,39.58238],[140.66766,39.58119],[140.6699,39.5809],[140.67235,39.57916],[140.67348,39.57824],[140.67797,39.57792],[140.67988,39.57741],[140.68195,39.57743],[140.68661,39.57781],[140.68726,39.57876],[140.68736,39.58005],[140.6883,39.58058],[140.68891,39.58151],[140.6898,39.58201],[140.69028,39.58267],[140.69023,39.58377],[140.6905,39.58449],[140.69212,39.58659],[140.69519,39.58909],[140.69607,39.58863],[140.69727,39.58706],[140.69813,39.58667],[140.69948,39.58662],[140.70022,39.58614],[140.70036,39.58555],[140.70107,39.58503],[140.70178,39.58357],[140.70261,39.5832],[140.704,39.58308],[140.70525,39.58226],[140.70801,39.58095],[140.70964,39.5812],[140.71059,39.58117],[140.71209,39.58152],[140.7134,39.58229],[140.71548,39.58265],[140.71615,39.58176],[140.71726,39.58088],[140.719,39.5799],[140.71986,39.57843],[140.7214,39.57775],[140.7235,39.57759],[140.72457,39.57713],[140.72566,39.57611],[140.7275,39.57537],[140.7274,39.57359],[140.72753,39.57146],[140.7274,39.57106],[140.72821,39.56948],[140.7281,39.56893],[140.72835,39.5678],[140.73036,39.56584],[140.73223,39.56574],[140.73403,39.56533],[140.73667,39.56498],[140.73793,39.56498],[140.73854,39.56529],[140.74026,39.56534],[140.74103,39.56555],[140.74176,39.56611],[140.74415,39.5669],[140.74561,39.56817],[140.74688,39.56885],[140.75115,39.57041],[140.75361,39.57052],[140.7543,39.57072],[140.75444,39.5717],[140.75524,39.57231],[140.75601,39.57403],[140.75633,39.5756],[140.7567,39.57612],[140.75807,39.57678],[140.75857,39.57776],[140.76011,39.57959],[140.76084,39.58141],[140.76218,39.58262],[140.76242,39.58371],[140.76216,39.58472],[140.76353,39.58716],[140.76427,39.58785],[140.7665,39.5885],[140.77007,39.5885],[140.7719,39.59019],[140.77364,39.59081],[140.77533,39.591],[140.77667,39.59078],[140.77814,39.59021],[140.78026,39.59016],[140.78073,39.59058],[140.78056,39.59174],[140.7793,39.59344],[140.77918,39.59493],[140.77867,39.59557],[140.77879,39.59855],[140.77936,39.60001],[140.78156,39.60172],[140.78196,39.60224],[140.78221,39.60366],[140.78248,39.60409],[140.7838,39.60386],[140.78575,39.60373],[140.78749,39.60318],[140.78968,39.60339],[140.79252,39.60329],[140.79425,39.60271],[140.7963,39.60315],[140.79763,39.60423],[140.79798,39.60538],[140.79993,39.60629],[140.80373,39.61044],[140.80346,39.61125],[140.80487,39.61201],[140.80501,39.61281],[140.80375,39.61695],[140.80271,39.61834],[140.80257,39.61885],[140.8046,39.62103],[140.80594,39.62315],[140.80646,39.62353],[140.80747,39.62358],[140.80839,39.62426],[140.80814,39.62561],[140.8086,39.62744],[140.8079,39.62919],[140.80732,39.62995],[140.80701,39.63134],[140.80711,39.6322],[140.80752,39.63266],[140.80941,39.63389],[140.8103,39.6348],[140.81172,39.6367],[140.81186,39.63749],[140.8124,39.63835],[140.8127,39.63939],[140.81352,39.64047],[140.8135,39.64115],[140.81387,39.64198],[140.81506,39.64327],[140.81568,39.64419],[140.81535,39.64612],[140.8184,39.64695],[140.81981,39.64854],[140.82153,39.64928],[140.82226,39.6503],[140.82124,39.6517],[140.82022,39.65276],[140.82024,39.65337],[140.82081,39.65434],[140.82097,39.65608],[140.82078,39.65807],[140.82146,39.65916],[140.82147,39.66098],[140.82198,39.66254],[140.82193,39.66395],[140.82298,39.66545],[140.82228,39.66775],[140.82257,39.66913],[140.82217,39.66997],[140.82168,39.67023],[140.82143,39.67201],[140.82191,39.6731],[140.82051,39.67448],[140.81996,39.67461],[140.81949,39.67536],[140.82034,39.67724],[140.81962,39.67827],[140.81966,39.67916],[140.81863,39.67967],[140.81841,39.6801],[140.81921,39.68206],[140.81905,39.68313],[140.81921,39.68404],[140.82126,39.68563],[140.8223,39.68693],[140.82259,39.68788],[140.8211,39.6879],[140.82025,39.68892],[140.81708,39.69048],[140.81571,39.69097],[140.81561,39.69238],[140.81456,39.69314],[140.81288,39.69382],[140.81215,39.69483],[140.81135,39.69554],[140.81126,39.69701],[140.81075,39.69787],[140.80989,39.69844],[140.81019,39.69967],[140.80992,39.7014],[140.80912,39.70173],[140.80915,39.70347],[140.81035,39.70538],[140.81019,39.70747],[140.8099,39.70802],[140.80802,39.70898],[140.80762,39.70954],[140.80639,39.71043],[140.8053,39.7108],[140.80077,39.71046],[140.79994,39.71082],[140.79913,39.71082],[140.79683,39.71043],[140.79512,39.7096],[140.79446,39.7096],[140.79361,39.71187],[140.79333,39.71323],[140.79232,39.7139],[140.79192,39.71553],[140.79011,39.71604],[140.78982,39.71739],[140.78945,39.71773],[140.78928,39.71925],[140.7883,39.71969],[140.78782,39.72142],[140.78873,39.72268],[140.78823,39.72335],[140.78714,39.72349],[140.7855,39.72513],[140.78347,39.72545],[140.7833,39.72713],[140.784,39.72908],[140.7827,39.73014],[140.78195,39.7313],[140.7809,39.73157],[140.7785,39.73282],[140.77683,39.73296],[140.77562,39.73283],[140.77502,39.73301],[140.77482,39.73455],[140.77572,39.73499],[140.77929,39.73638],[140.78062,39.7374],[140.78082,39.73799],[140.78322,39.73822],[140.78569,39.73789],[140.78828,39.73824],[140.79065,39.73906],[140.79353,39.73984],[140.79752,39.74118],[140.7983,39.74178],[140.79968,39.74232],[140.80186,39.74395],[140.80373,39.74475],[140.80532,39.74635],[140.80607,39.74761],[140.80608,39.74905],[140.8067,39.75089],[140.80684,39.75377],[140.80535,39.75629],[140.80533,39.75665],[140.80689,39.75817],[140.80847,39.75937],[140.81047,39.75947],[140.81121,39.75968],[140.81343,39.76139],[140.8146,39.76183],[140.81577,39.76253],[140.81659,39.76363],[140.81673,39.76418],[140.81613,39.76549],[140.81738,39.76677],[140.81795,39.76763],[140.81907,39.77026],[140.81953,39.77185],[140.82129,39.77349],[140.82221,39.77454],[140.82387,39.77454],[140.82558,39.77433],[140.82656,39.7753],[140.82803,39.77624],[140.83039,39.77875],[140.8335,39.78044],[140.83463,39.78088],[140.83504,39.78215],[140.83692,39.78359],[140.83687,39.78417],[140.838,39.78589],[140.83867,39.78634],[140.83913,39.78757],[140.84004,39.78851],[140.84397,39.7914],[140.84587,39.79178],[140.8465,39.79266],[140.84735,39.79258],[140.84827,39.79325],[140.84751,39.7939],[140.8472,39.7946],[140.84753,39.79543],[140.84714,39.79689],[140.84746,39.7976],[140.8472,39.79826],[140.84576,39.79999],[140.84406,39.80061],[140.84352,39.80136],[140.84331,39.80238],[140.84288,39.80261],[140.84214,39.80375],[140.84165,39.80492],[140.84041,39.80552],[140.83971,39.80557],[140.83821,39.80501],[140.83488,39.80661],[140.83251,39.80693],[140.8319,39.80718],[140.82924,39.80926],[140.82862,39.81001],[140.82668,39.80951],[140.82503,39.80974],[140.82461,39.81007],[140.82303,39.81417],[140.82252,39.81478],[140.81941,39.81626],[140.81803,39.81659],[140.81609,39.81596],[140.81499,39.81634],[140.81309,39.81785],[140.81202,39.81829],[140.81056,39.8182],[140.80911,39.8174],[140.80873,39.81675],[140.80721,39.81623],[140.80558,39.81598],[140.80487,39.81525],[140.80339,39.81527],[140.80196,39.81631],[140.80116,39.81664],[140.79969,39.81668],[140.79887,39.81734],[140.79873,39.81849],[140.79778,39.81946],[140.79649,39.8198],[140.79497,39.821],[140.79437,39.82126],[140.7919,39.82167],[140.78896,39.82311],[140.78677,39.82335],[140.78675,39.82409],[140.78738,39.82558],[140.78826,39.82641],[140.78502,39.82741],[140.78394,39.82789],[140.78321,39.82886],[140.78302,39.83124],[140.78393,39.83221],[140.78466,39.83334],[140.78575,39.83419],[140.78617,39.83516],[140.78586,39.83697],[140.78592,39.83794],[140.78628,39.83869],[140.78622,39.84037],[140.78501,39.84227],[140.78617,39.84304],[140.78692,39.84415],[140.78759,39.84652],[140.78919,39.84915],[140.7891,39.85018],[140.78871,39.85093],[140.78859,39.85234],[140.78697,39.85346],[140.78604,39.8546],[140.78409,39.85593],[140.78394,39.85647],[140.78581,39.8575],[140.78744,39.8586],[140.78742,39.85929],[140.78483,39.86031],[140.78339,39.86041],[140.78302,39.86088],[140.78334,39.86176],[140.78279,39.86294],[140.78263,39.86436],[140.78274,39.86581],[140.78222,39.86736],[140.78224,39.86785],[140.78406,39.86917],[140.78459,39.8714],[140.78618,39.87192],[140.78622,39.87286],[140.78809,39.8742],[140.78969,39.87446],[140.79132,39.87428],[140.79242,39.87475],[140.79388,39.87606],[140.79557,39.87729],[140.79653,39.87779],[140.79656,39.87843],[140.79733,39.88046],[140.79777,39.88102],[140.7984,39.88106],[140.79951,39.88168],[140.80247,39.88071],[140.80659,39.87945],[140.80773,39.87926],[140.81124,39.87909],[140.81398,39.8791],[140.81565,39.87935],[140.81617,39.87976],[140.81593,39.88078],[140.81623,39.8818],[140.81682,39.8825],[140.81804,39.88206],[140.81931,39.88223],[140.81955,39.8825],[140.82215,39.88271],[140.82337,39.8835],[140.82386,39.88572],[140.82506,39.88614],[140.82624,39.88614],[140.82731,39.88529],[140.82851,39.8848],[140.82872,39.88312],[140.82947,39.88217],[140.83026,39.88202],[140.83249,39.88242],[140.83403,39.88121],[140.83505,39.87933],[140.83489,39.87866],[140.83405,39.87762],[140.83285,39.87677],[140.83215,39.87556],[140.83249,39.87514],[140.83404,39.87485],[140.83565,39.87481],[140.83755,39.87571],[140.83939,39.87533],[140.84004,39.87492],[140.84207,39.87451],[140.84424,39.87357],[140.84478,39.873],[140.84452,39.87249],[140.84309,39.87148],[140.84504,39.8702],[140.84525,39.86946],[140.84799,39.86773],[140.84912,39.86746],[140.85292,39.86579],[140.85352,39.86579],[140.855,39.86671],[140.85628,39.86729],[140.85669,39.86865],[140.85734,39.86961],[140.85847,39.87033],[140.85912,39.87028],[140.86192,39.8711],[140.86335,39.87139],[140.86627,39.87159],[140.86809,39.87107],[140.87015,39.87101],[140.87152,39.87148],[140.87377,39.87312],[140.8757,39.87352],[140.87799,39.87436],[140.87825,39.87492],[140.87856,39.87687],[140.87935,39.87823],[140.87932,39.87938],[140.87975,39.88128],[140.87963,39.88332],[140.87935,39.88452],[140.8787,39.88622],[140.87733,39.88887],[140.87694,39.89],[140.87617,39.89128],[140.87487,39.89278],[140.87451,39.8935],[140.87483,39.89411],[140.87283,39.8962],[140.87186,39.89655],[140.87007,39.89808],[140.86765,39.89964],[140.86701,39.90083],[140.86716,39.90133],[140.86802,39.90212],[140.86785,39.90341],[140.868,39.9039],[140.86834,39.90778],[140.86794,39.90961],[140.8682,39.91043],[140.86805,39.91166],[140.86687,39.91304],[140.86571,39.91509],[140.8653,39.91624],[140.8647,39.9168],[140.86262,39.91766],[140.85998,39.91944],[140.85861,39.92024],[140.85469,39.92329],[140.85608,39.92444],[140.85583,39.92569],[140.85746,39.9282],[140.85757,39.93008],[140.85707,39.93107],[140.85435,39.93339],[140.85335,39.93414],[140.85236,39.93553],[140.85227,39.9364],[140.85287,39.93732],[140.85309,39.93827],[140.85286,39.93925],[140.85328,39.94028],[140.85316,39.94164],[140.85545,39.94272],[140.85692,39.9442],[140.85697,39.94496],[140.85649,39.94582],[140.85603,39.94782],[140.85655,39.94975],[140.85578,39.95101],[140.85602,39.95156],[140.85724,39.95233],[140.85721,39.95303],[140.85485,39.95491],[140.85453,39.95641],[140.85396,39.95703],[140.85248,39.95754],[140.85148,39.95744],[140.85025,39.95812],[140.84831,39.95824],[140.84794,39.95933],[140.84636,39.96011],[140.84472,39.96109],[140.84408,39.96218],[140.84266,39.96243],[140.84139,39.96364],[140.8398,39.96422],[140.83805,39.96541],[140.83752,39.96551],[140.8363,39.9652],[140.83436,39.96571],[140.83343,39.96572],[140.832,39.96603],[140.83136,39.96663],[140.82732,39.96959],[140.82653,39.97005],[140.82358,39.97073],[140.82197,39.97142],[140.81977,39.97173],[140.81911,39.97288],[140.81801,39.97396],[140.81702,39.97419],[140.81615,39.97467],[140.8151,39.97476],[140.81417,39.97573],[140.81361,39.97587],[140.81177,39.97578],[140.81008,39.97537],[140.80702,39.97425],[140.80498,39.9736],[140.80336,39.97334],[140.80302,39.97153],[140.80184,39.9708],[140.80137,39.96961],[140.80075,39.96956],[140.79975,39.97028],[140.79653,39.97068],[140.79518,39.97058],[140.79423,39.9708],[140.79254,39.97067],[140.79007,39.96816],[140.78844,39.96737],[140.78517,39.9653],[140.78347,39.96494],[140.78133,39.96407],[140.78047,39.96405],[140.7786,39.96368],[140.7774,39.96405],[140.77603,39.96372],[140.7752,39.96396],[140.77293,39.96358],[140.77146,39.96424],[140.77096,39.96501],[140.77033,39.96496],[140.76797,39.96413],[140.76788,39.96331],[140.76352,39.9623],[140.7604,39.96301],[140.75977,39.963],[140.75881,39.96352],[140.75756,39.96365],[140.75672,39.96403],[140.75726,39.96515],[140.75703,39.96617],[140.75804,39.96746],[140.75738,39.9684],[140.75682,39.96958],[140.7561,39.9698],[140.75472,39.96983],[140.75319,39.97057],[140.7512,39.97171],[140.75003,39.97288],[140.74954,39.97435],[140.75065,39.97775],[140.75152,39.97875],[140.75472,39.98061],[140.75508,39.98133],[140.75395,39.9833],[140.75402,39.98406],[140.75371,39.98484],[140.75237,39.98558],[140.75128,39.98691],[140.7495,39.98811],[140.74797,39.98824],[140.74652,39.98793],[140.7455,39.98816],[140.7446,39.98896],[140.74405,39.98975],[140.74382,39.99083],[140.74306,39.99112],[140.74235,39.99181],[140.7422,39.99295],[140.74063,39.99406],[140.7398,39.99512],[140.73955,39.99621],[140.73851,39.99719],[140.73712,39.99673],[140.73489,39.99754],[140.73459,39.99839],[140.73304,39.99957],[140.73216,39.99981],[140.7307,39.99956],[140.72745,39.99753],[140.72621,39.9976],[140.72522,39.99797],[140.72472,39.99787],[140.72335,39.99672],[140.72257,39.99642],[140.7214,39.99681],[140.71997,39.99778],[140.71823,39.99796],[140.71675,39.99751],[140.71462,39.99731],[140.7138,39.99568],[140.71399,39.99515],[140.71561,39.99371],[140.71561,39.99261],[140.71537,39.99152],[140.7147,39.98998],[140.71398,39.98933],[140.71201,39.98871],[140.71029,39.98764],[140.70783,39.98689],[140.70586,39.98576],[140.70415,39.98581],[140.70297,39.98534],[140.70109,39.98496],[140.69989,39.98445],[140.69724,39.98162],[140.69626,39.97939],[140.69678,39.97842],[140.69657,39.97719],[140.69627,39.97673],[140.69408,39.97554],[140.69387,39.97371],[140.69424,39.97333],[140.69583,39.97293],[140.69582,39.97184],[140.69545,39.97129],[140.69309,39.96972],[140.69152,39.96737],[140.68947,39.96706],[140.68858,39.96718],[140.6866,39.96705],[140.68609,39.96684],[140.68561,39.96603],[140.68484,39.96549],[140.68412,39.96549],[140.68269,39.96603],[140.67985,39.96521],[140.67912,39.96539],[140.67755,39.96492],[140.6768,39.96498],[140.67577,39.96558],[140.67448,39.96537],[140.6744,39.964],[140.67302,39.96347],[140.67319,39.96278],[140.67404,39.96228],[140.6743,39.96158],[140.67312,39.96077],[140.67315,39.96049],[140.67559,39.95952],[140.6773,39.95933],[140.678,39.95849],[140.67698,39.9585],[140.67623,39.95822],[140.67563,39.95761],[140.6743,39.9577],[140.67405,39.95672],[140.67355,39.95647],[140.67348,39.95561],[140.67293,39.95535],[140.67052,39.95551],[140.66881,39.95545],[140.66753,39.95513],[140.66786,39.95384],[140.66635,39.9529],[140.66494,39.95266],[140.66467,39.95239],[140.66457,39.95111],[140.66401,39.95041],[140.66413,39.94959],[140.66364,39.94894],[140.66195,39.94827],[140.66123,39.94718],[140.66124,39.94638],[140.66076,39.94596],[140.66076,39.94528],[140.65954,39.94462],[140.6597,39.94398],[140.65913,39.94287],[140.65965,39.94164],[140.65939,39.9408],[140.65846,39.94046],[140.65796,39.93967],[140.65656,39.93915],[140.6563,39.93844],[140.65403,39.93778],[140.65367,39.93734],[140.6527,39.93744],[140.65136,39.93675],[140.65124,39.93612],[140.64985,39.93581],[140.64883,39.93442],[140.64786,39.93403],[140.64701,39.93316],[140.64338,39.93229],[140.64254,39.93298],[140.6408,39.93204],[140.6399,39.93197],[140.63848,39.93294],[140.63798,39.93388],[140.63602,39.93377],[140.63441,39.93225],[140.63406,39.93124],[140.63437,39.92961],[140.63394,39.92826],[140.63243,39.92809],[140.62978,39.92752],[140.63014,39.92603],[140.62954,39.9256],[140.62909,39.92449],[140.62901,39.92347],[140.63109,39.92332],[140.63169,39.92181],[140.63124,39.92105],[140.63184,39.92051],[140.63293,39.92066],[140.63294,39.91896],[140.63472,39.91907],[140.63568,39.91871],[140.63571,39.9177],[140.63498,39.91652],[140.63315,39.915],[140.63483,39.91388],[140.63531,39.9127],[140.63438,39.91252],[140.63497,39.91073],[140.63457,39.91031],[140.63335,39.90982],[140.63331,39.90909],[140.63464,39.9092],[140.6357,39.90851],[140.63574,39.90804],[140.6346,39.9075],[140.63588,39.90699],[140.63579,39.90651],[140.635,39.90626],[140.63597,39.9055],[140.6347,39.90498],[140.63347,39.90479],[140.63232,39.90392],[140.63345,39.90338],[140.63344,39.90206],[140.63398,39.90149],[140.63359,39.90075],[140.63399,39.89981],[140.63296,39.89878],[140.63123,39.89807],[140.62977,39.89767],[140.63047,39.89645],[140.62961,39.896],[140.63028,39.89541],[140.62934,39.89489],[140.62736,39.89438],[140.62734,39.89329],[140.62836,39.89291],[140.6282,39.89254],[140.62701,39.89164],[140.6262,39.89023],[140.62535,39.88991],[140.62452,39.89042],[140.62318,39.89064],[140.62249,39.89016],[140.62029,39.8894],[140.61935,39.88888],[140.61924,39.8879],[140.61883,39.88696],[140.61776,39.8865],[140.61767,39.88613],[140.61875,39.88577],[140.6171,39.88467],[140.61628,39.88459],[140.61581,39.88492],[140.61337,39.88426],[140.61305,39.88329],[140.61334,39.88226],[140.61178,39.88205],[140.61086,39.88383],[140.60949,39.88448],[140.60745,39.88574],[140.6066,39.88554],[140.60466,39.88626],[140.60335,39.88608],[140.60067,39.88627],[140.59925,39.88614],[140.59684,39.8852],[140.59606,39.8846],[140.59419,39.88463],[140.59313,39.88611],[140.59254,39.88661],[140.59103,39.88692],[140.59071,39.8889],[140.58882,39.88904],[140.58811,39.88954],[140.58701,39.88969],[140.58561,39.8905],[140.58523,39.89116],[140.58456,39.89142],[140.5838,39.89238],[140.58342,39.89343],[140.58263,39.89463],[140.57981,39.89458],[140.57888,39.89496],[140.57632,39.89501],[140.57515,39.89449],[140.57336,39.89434],[140.5716,39.89451],[140.56996,39.89406],[140.56937,39.89367],[140.56845,39.89262],[140.56803,39.89152],[140.56628,39.89037],[140.56517,39.89022],[140.56246,39.88944],[140.56113,39.88889],[140.56052,39.88744],[140.55902,39.8863],[140.55822,39.88591],[140.55812,39.885],[140.55711,39.88401],[140.55533,39.8839],[140.55421,39.88423],[140.55211,39.88349],[140.55047,39.88209],[140.5492,39.88221],[140.54844,39.88204],[140.5476,39.88096],[140.5464,39.88114],[140.54561,39.88153],[140.54513,39.88213],[140.54441,39.88216],[140.54388,39.88322],[140.54236,39.88299],[140.5401,39.88344],[140.53909,39.88222],[140.53781,39.88113],[140.53765,39.87868],[140.53783,39.87692],[140.53682,39.87576],[140.53539,39.87462],[140.53615,39.87376],[140.53583,39.87156],[140.53458,39.8713],[140.53352,39.86975],[140.53281,39.86912],[140.53331,39.86796],[140.535,39.86749],[140.53512,39.86659],[140.53641,39.86591],[140.53684,39.8648],[140.53773,39.86361],[140.5377,39.86328],[140.53644,39.86248],[140.53693,39.86111],[140.53597,39.86058],[140.53515,39.86062],[140.53389,39.8601],[140.53303,39.85928],[140.53182,39.85947],[140.53132,39.85885],[140.53215,39.85717],[140.5319,39.85679],[140.52882,39.8563],[140.52847,39.85594],[140.52844,39.85423],[140.52865,39.85383],[140.52985,39.8532],[140.5281,39.85196],[140.52782,39.85042],[140.52723,39.84997],[140.52625,39.8497],[140.5236,39.8478],[140.52124,39.84728],[140.52,39.84755],[140.5184,39.84712],[140.51702,39.84769],[140.51632,39.84725],[140.51474,39.84692],[140.51414,39.84657],[140.51317,39.84521],[140.51202,39.84422],[140.51076,39.8419],[140.50993,39.84093],[140.5096,39.83998],[140.50977,39.8395],[140.51079,39.83821],[140.51159,39.83792],[140.51115,39.83585],[140.51013,39.83484],[140.5101,39.83436],[140.51104,39.83385],[140.51143,39.83266],[140.51252,39.83118],[140.51376,39.83021],[140.51367,39.82937],[140.51414,39.82864],[140.51353,39.82752],[140.51526,39.82617],[140.51525,39.82408],[140.51482,39.82309],[140.51481,39.82232],[140.51547,39.82005],[140.51676,39.81984],[140.51725,39.81946],[140.51703,39.8171],[140.51711,39.81656],[140.51591,39.8155],[140.51583,39.81386],[140.51522,39.8132],[140.51424,39.81278],[140.51432,39.81152],[140.51347,39.81043],[140.51268,39.81009],[140.50824,39.80977],[140.50711,39.80838],[140.50623,39.80798],[140.50515,39.80787],[140.50406,39.80681],[140.50276,39.80663],[140.50099,39.80708],[140.49863,39.80593],[140.49656,39.80617],[140.49595,39.80598],[140.49439,39.80485],[140.49153,39.8044],[140.49111,39.80478],[140.48985,39.8052],[140.48837,39.80529],[140.4865,39.80429],[140.48628,39.80381],[140.4869,39.80295],[140.48621,39.80217],[140.48478,39.80155],[140.48423,39.80069],[140.48365,39.80031],[140.48317,39.79902],[140.48244,39.79859],[140.48253,39.79813],[140.48176,39.79703],[140.48037,39.79653],[140.48068,39.7955],[140.48196,39.7949],[140.48351,39.79441],[140.48416,39.79325],[140.48427,39.79188],[140.4841,39.79108],[140.48444,39.78992],[140.48576,39.78939],[140.48621,39.78861],[140.48685,39.78827],[140.48735,39.78682],[140.48722,39.78595],[140.48761,39.78508],[140.48981,39.78286],[140.49048,39.78177],[140.49007,39.78074],[140.49215,39.77883],[140.49322,39.77758],[140.49428,39.77741],[140.49542,39.77653],[140.49675,39.77642],[140.49689,39.77506],[140.49772,39.7739],[140.49956,39.77321],[140.50102,39.77235],[140.50193,39.77203],[140.50373,39.77174],[140.50403,39.77153],[140.50429,39.77035],[140.50489,39.76965],[140.5063,39.76897],[140.50628,39.76791],[140.50665,39.7674],[140.50676,39.76639],[140.50762,39.76416],[140.50721,39.7622],[140.50793,39.75956],[140.50867,39.75785],[140.50906,39.75737],[140.50946,39.75596],[140.51018,39.75467],[140.51203,39.75396],[140.51254,39.75344],[140.5128,39.75148],[140.5134,39.75067],[140.51517,39.74993],[140.51513,39.74942],[140.51561,39.74779],[140.51391,39.74591],[140.51266,39.74528],[140.51136,39.74434],[140.51093,39.74375],[140.51013,39.74179],[140.50957,39.74151],[140.5087,39.74043],[140.50873,39.73796],[140.50983,39.73675],[140.5101,39.73604],[140.50894,39.73447],[140.50913,39.73376],[140.50879,39.7325],[140.50809,39.73186],[140.508,39.7311],[140.50697,39.73026],[140.5071,39.72938],[140.50525,39.72891],[140.5043,39.728],[140.50418,39.72736],[140.50338,39.72671],[140.5032,39.72622],[140.50101,39.72568],[140.50055,39.72518],[140.49924,39.72461],[140.49753,39.72446],[140.49649,39.72373]]]]}},
  {"type":"Feature","properties":{"name":"小坂町","code":"05303"},"geometry":{"type":"MultiPolygon","coordinates":[[[[140.72549,40.28882],[140.72693,40.28805],[140.72946,40.288],[140.73091,40.28837],[140.73296,40.28755],[140.73353,40.28684],[140.73495,40.28655],[140.73564,40.28619],[140.73595,40.28551],[140.73769,40.28474],[140.73955,40.28409],[140.74157,40.28372],[140.74232,40.28333],[140.74389,40.28327],[140.74527,40.28226],[140.74595,40.28236],[140.74723,40.28302],[140.74891,40.28411],[140.75009,40.28375],[140.75098,40.28405],[140.75075,40.28546],[140.74992,40.28628],[140.74977,40.28714],[140.75006,40.28885],[140.7497,40.28984],[140.74952,40.29178],[140.74922,40.29291],[140.74964,40.29344],[140.75157,40.29285],[140.75397,40.29188],[140.75461,40.29102],[140.75453,40.28981],[140.75589,40.28852],[140.75651,40.28623],[140.75734,40.28603],[140.75759,40.28484],[140.75904,40.28379],[140.76089,40.28397],[140.76209,40.28327],[140.76307,40.28369],[140.76433,40.28326],[140.76613,40.28394],[140.76646,40.28461],[140.76718,40.28427],[140.76772,40.2852],[140.76748,40.28653],[140.76808,40.28683],[140.76777,40.28811],[140.76845,40.28938],[140.76801,40.29077],[140.76722,40.29212],[140.76725,40.29293],[140.76677,40.2935],[140.76724,40.29495],[140.76802,40.29429],[140.76738,40.29363],[140.76774,40.29291],[140.76779,40.29199],[140.76866,40.29041],[140.77026,40.29083],[140.77151,40.29228],[140.77108,40.29324],[140.77092,40.29458],[140.77167,40.29555],[140.77191,40.29631],[140.77331,40.29724],[140.77303,40.29794],[140.77194,40.2983],[140.77139,40.29877],[140.77034,40.29908],[140.77068,40.29955],[140.77166,40.29955],[140.77164,40.30053],[140.77077,40.30115],[140.77085,40.30174],[140.7704,40.30225],[140.76949,40.30228],[140.76927,40.30295],[140.77031,40.30341],[140.77151,40.30439],[140.77255,40.30487],[140.77196,40.30608],[140.77257,40.30665],[140.77265,40.30755],[140.77388,40.30859],[140.77416,40.30912],[140.77426,40.31041],[140.77495,40.31084],[140.77571,40.31257],[140.77479,40.31343],[140.77458,40.31479],[140.77399,40.31599],[140.77334,40.31606],[140.77232,40.31697],[140.77237,40.31855],[140.77364,40.32016],[140.77348,40.32078],[140.7745,40.32232],[140.77468,40.32317],[140.7773,40.32379],[140.77845,40.32378],[140.77942,40.32309],[140.78039,40.32295],[140.77973,40.32125],[140.77974,40.31979],[140.77927,40.3189],[140.77869,40.31721],[140.77889,40.3163],[140.78168,40.31574],[140.78256,40.31541],[140.78336,40.31772],[140.78488,40.31822],[140.78589,40.31817],[140.78726,40.31859],[140.78777,40.3191],[140.78786,40.31991],[140.78851,40.32043],[140.78839,40.32159],[140.78885,40.32176],[140.79081,40.32175],[140.79143,40.32196],[140.79175,40.32274],[140.79302,40.32422],[140.79261,40.32517],[140.79137,40.32599],[140.79059,40.32601],[140.78971,40.32659],[140.79023,40.32795],[140.78953,40.3286],[140.78733,40.32972],[140.78732,40.33064],[140.78652,40.33221],[140.78577,40.33313],[140.78614,40.33354],[140.78784,40.33383],[140.78865,40.3343],[140.78934,40.33587],[140.78949,40.33682],[140.78817,40.33846],[140.78849,40.33908],[140.78804,40.34002],[140.78818,40.34125],[140.78924,40.34215],[140.78994,40.34324],[140.79147,40.34385],[140.79089,40.345],[140.79147,40.34665],[140.79192,40.34685],[140.79172,40.34885],[140.79192,40.34965],[140.79264,40.35061],[140.79185,40.35112],[140.79147,40.35173],[140.78984,40.35178],[140.78908,40.35207],[140.78603,40.35149],[140.78528,40.35184],[140.78456,40.35144],[140.78385,40.35027],[140.78285,40.35006],[140.78277,40.35101],[140.78353,40.35243],[140.78398,40.3541],[140.78263,40.35456],[140.78407,40.35584],[140.78351,40.35639],[140.7849,40.35641],[140.78494,40.35551],[140.7856,40.35516],[140.78565,40.35424],[140.78694,40.3552],[140.78881,40.35596],[140.78968,40.35582],[140.7902,40.35749],[140.79082,40.35826],[140.79199,40.35745],[140.79232,40.35691],[140.79343,40.35699],[140.79413,40.35732],[140.7949,40.35696],[140.79756,40.35778],[140.79928,40.35905],[140.80119,40.35908],[140.80186,40.35955],[140.80322,40.35968],[140.80422,40.35954],[140.80556,40.36052],[140.80603,40.36141],[140.8089,40.36316],[140.81022,40.36472],[140.81119,40.36547],[140.81063,40.36576],[140.80999,40.36713],[140.81023,40.36837],[140.8101,40.36938],[140.81045,40.37014],[140.81217,40.37116],[140.81285,40.37234],[140.81447,40.3732],[140.81526,40.37434],[140.81535,40.3749],[140.81606,40.37572],[140.81589,40.37688],[140.81729,40.37749],[140.81807,40.37831],[140.81813,40.37904],[140.81777,40.38036],[140.81891,40.38161],[140.82092,40.38315],[140.82283,40.3837],[140.82363,40.38436],[140.82376,40.3851],[140.82343,40.38556],[140.82313,40.38679],[140.82157,40.3883],[140.82194,40.39037],[140.82061,40.39163],[140.82076,40.39249],[140.82123,40.39287],[140.82085,40.39489],[140.82138,40.39574],[140.82084,40.39693],[140.82036,40.39717],[140.81881,40.39863],[140.81882,40.39939],[140.81796,40.40005],[140.81769,40.4012],[140.81848,40.40252],[140.81839,40.40344],[140.81904,40.40416],[140.81914,40.40509],[140.8197,40.40585],[140.82126,40.40604],[140.82266,40.40754],[140.82539,40.4092],[140.82676,40.41078],[140.82677,40.41187],[140.82725,40.41375],[140.82677,40.41472],[140.82643,40.41639],[140.82749,40.41731],[140.82766,40.41853],[140.82858,40.41975],[140.82826,40.42089],[140.82848,40.42121],[140.82999,40.42207],[140.83217,40.42285],[140.83246,40.42312],[140.83297,40.42516],[140.83371,40.42533],[140.8356,40.42501],[140.83733,40.4245],[140.83824,40.42466],[140.83892,40.42509],[140.83939,40.42605],[140.84191,40.42562],[140.84326,40.42348],[140.84369,40.42318],[140.84498,40.42313],[140.84641,40.42193],[140.84734,40.41938],[140.84841,40.41806],[140.84826,40.41748],[140.84882,40.41613],[140.84851,40.41544],[140.84874,40.41444],[140.84962,40.41379],[140.85009,40.41313],[140.85072,40.41299],[140.85108,40.41142],[140.85184,40.41082],[140.85206,40.40975],[140.85401,40.40901],[140.85574,40.40874],[140.85728,40.4079],[140.85987,40.40829],[140.86098,40.40706],[140.86197,40.40661],[140.86388,40.40624],[140.86558,40.40654],[140.86803,40.40645],[140.86891,40.40765],[140.86976,40.40792],[140.87204,40.40921],[140.87341,40.40953],[140.87445,40.40898],[140.87538,40.40765],[140.8768,40.40756],[140.87748,40.40775],[140.87918,40.40782],[140.88303,40.40745],[140.88436,40.40778],[140.88609,40.40785],[140.88725,40.40827],[140.88896,40.40849],[140.89041,40.40938],[140.89179,40.41148],[140.89329,40.41237],[140.89582,40.41315],[140.89616,40.41374],[140.8968,40.41393],[140.8987,40.41503],[140.90033,40.41506],[140.90299,40.41347],[140.90385,40.41331],[140.9083,40.41366],[140.90985,40.41431],[140.91024,40.41499],[140.91169,40.41524],[140.91301,40.41499],[140.91476,40.41443],[140.91537,40.41474],[140.91681,40.41499],[140.91785,40.41487],[140.91968,40.41588],[140.92077,40.41606],[140.92101,40.41671],[140.92088,40.41784],[140.92144,40.41875],[140.92116,40.41968],[140.92148,40.42019],[140.9224,40.42032],[140.92317,40.42075],[140.92454,40.42064],[140.92516,40.42036],[140.92621,40.42065],[140.92677,40.42111],[140.92592,40.42155],[140.9249,40.42249],[140.9221,40.42544],[140.92113,40.42619],[140.92064,40.42697],[140.91922,40.42732],[140.91823,40.42696],[140.91677,40.42596],[140.91442,40.42512],[140.91371,40.42417],[140.91303,40.42374],[140.91095,40.4233],[140.9102,40.42378],[140.90672,40.42527],[140.90422,40.4251],[140.90165,40.42525],[140.89948,40.42495],[140.89779,40.42493],[140.89678,40.4252],[140.89292,40.4234],[140.89233,40.42335],[140.86132,40.44063],[140.87131,40.475],[140.87811,40.49842],[140.88006,40.51025],[140.87834,40.51103],[140.87679,40.51106],[140.87587,40.51047],[140.87416,40.50994],[140.87318,40.50945],[140.87096,40.50893],[140.86987,40.50896],[140.86811,40.50816],[140.86702,40.50826],[140.86537,40.50782],[140.86443,40.50775],[140.86322,40.50684],[140.86121,40.50639],[140.85866,40.50685],[140.85718,40.50643],[140.85458,40.50612],[140.85288,40.5053],[140.8523,40.50526],[140.84991,40.50638],[140.84866,40.50764],[140.84741,40.50771],[140.84635,40.50712],[140.84502,40.50736],[140.84458,40.50714],[140.84368,40.50592],[140.84254,40.50565],[140.84179,40.50507],[140.84231,40.50395],[140.84204,40.50354],[140.84105,40.5033],[140.84021,40.50409],[140.83893,40.50405],[140.83825,40.50371],[140.83654,40.50412],[140.83524,40.50322],[140.83541,40.50226],[140.83447,40.50134],[140.83351,40.50111],[140.83244,40.50123],[140.83115,40.50063],[140.82973,40.4987],[140.82971,40.49823],[140.82856,40.49758],[140.82776,40.4975],[140.82725,40.49623],[140.82639,40.49592],[140.82442,40.49664],[140.82348,40.49617],[140.82208,40.4963],[140.82129,40.49606],[140.82003,40.49533],[140.81885,40.49368],[140.81865,40.49254],[140.81735,40.492],[140.81632,40.49116],[140.81468,40.48844],[140.81341,40.48816],[140.81221,40.4881],[140.81107,40.48772],[140.81063,40.48713],[140.81085,40.48573],[140.8107,40.48314],[140.80968,40.48178],[140.80958,40.48118],[140.81002,40.48015],[140.81149,40.47856],[140.81133,40.4767],[140.81093,40.47581],[140.81006,40.47487],[140.80965,40.47409],[140.80974,40.47269],[140.80946,40.47165],[140.80891,40.47085],[140.80856,40.46979],[140.80883,40.46812],[140.80863,40.46632],[140.80893,40.46541],[140.80887,40.46407],[140.80766,40.46138],[140.8075,40.4591],[140.80772,40.45781],[140.80673,40.45586],[140.80612,40.45513],[140.80566,40.45404],[140.80561,40.45266],[140.80505,40.45102],[140.80512,40.44999],[140.80383,40.4491],[140.8034,40.44859],[140.80177,40.44878],[140.80014,40.44934],[140.79862,40.44948],[140.79635,40.44923],[140.79441,40.44966],[140.79354,40.44935],[140.79155,40.45129],[140.79103,40.45236],[140.79135,40.4536],[140.79101,40.45448],[140.78933,40.45659],[140.78899,40.45684],[140.78685,40.45723],[140.78518,40.45622],[140.78326,40.45559],[140.78101,40.4553],[140.77978,40.45428],[140.77542,40.45203],[140.77241,40.45123],[140.77171,40.4515],[140.77071,40.45324],[140.76938,40.45391],[140.7658,40.45223],[140.76271,40.45125],[140.76188,40.45044],[140.76145,40.44869],[140.76079,40.44742],[140.75925,40.44649],[140.75754,40.44605],[140.75685,40.44558],[140.7566,40.44498],[140.75642,40.44342],[140.75563,40.44265],[140.7527,40.43917],[140.75206,40.43876],[140.75111,40.43862],[140.74766,40.43926],[140.74606,40.4383],[140.74195,40.43786],[140.74129,40.43794],[140.73906,40.43925],[140.73807,40.43957],[140.73512,40.43988],[140.73409,40.43968],[140.73318,40.43847],[140.73274,40.43594],[140.73365,40.43537],[140.7344,40.43452],[140.73547,40.43408],[140.73445,40.43336],[140.73307,40.4331],[140.73145,40.43171],[140.7312,40.43111],[140.73162,40.4305],[140.73327,40.4297],[140.7343,40.42861],[140.73586,40.42786],[140.7356,40.42616],[140.73592,40.42531],[140.73431,40.4236],[140.73422,40.42307],[140.73492,40.42247],[140.73553,40.42152],[140.73512,40.42069],[140.73558,40.41938],[140.73546,40.41902],[140.73423,40.4178],[140.73396,40.41635],[140.73357,40.4158],[140.73244,40.41587],[140.73055,40.41567],[140.72862,40.41616],[140.72779,40.41612],[140.72706,40.41571],[140.72595,40.41576],[140.72448,40.41607],[140.72302,40.41661],[140.72264,40.41723],[140.72198,40.41913],[140.72154,40.4195],[140.71993,40.41973],[140.71934,40.42044],[140.71747,40.42111],[140.71747,40.42234],[140.71717,40.42464],[140.71756,40.42581],[140.71659,40.42666],[140.71607,40.42756],[140.71555,40.42788],[140.71436,40.42801],[140.71308,40.42853],[140.71256,40.42899],[140.71071,40.42956],[140.7096,40.42963],[140.70929,40.42926],[140.70909,40.42795],[140.7085,40.42781],[140.70575,40.42802],[140.70441,40.42777],[140.70265,40.42713],[140.70027,40.42759],[140.69981,40.42795],[140.69923,40.42942],[140.69575,40.42805],[140.69399,40.42804],[140.69329,40.42728],[140.6917,40.42685],[140.68867,40.42768],[140.68752,40.42702],[140.68664,40.42382],[140.68636,40.42244],[140.68656,40.42203],[140.68772,40.42165],[140.68787,40.42119],[140.68776,40.41965],[140.68726,40.41842],[140.68607,40.4177],[140.68472,40.41643],[140.68368,40.41662],[140.68234,40.41659],[140.67958,40.41568],[140.67861,40.41549],[140.67602,40.41386],[140.67587,40.41288],[140.67698,40.4123],[140.67731,40.4115],[140.6769,40.41037],[140.67656,40.40838],[140.67589,40.40713],[140.67609,40.40596],[140.67562,40.40447],[140.67617,40.40353],[140.6759,40.40234],[140.67591,40.4013],[140.6754,40.40057],[140.67546,40.39927],[140.67591,40.39832],[140.6758,40.39707],[140.67634,40.39637],[140.67619,40.39411],[140.67654,40.39342],[140.67722,40.39293],[140.6773,40.39195],[140.67784,40.39123],[140.67741,40.39042],[140.67716,40.3889],[140.67769,40.38761],[140.67715,40.38652],[140.67805,40.38599],[140.67834,40.38525],[140.67968,40.38429],[140.68132,40.38393],[140.68187,40.38307],[140.68256,40.38252],[140.68282,40.38106],[140.68247,40.37985],[140.68268,40.37805],[140.68299,40.3773],[140.68289,40.37653],[140.68231,40.3757],[140.68267,40.37501],[140.68257,40.37392],[140.68309,40.37287],[140.68353,40.3726],[140.68564,40.37208],[140.6871,40.37145],[140.68926,40.37161],[140.69019,40.37111],[140.69099,40.37099],[140.69266,40.37026],[140.69302,40.36926],[140.69397,40.36831],[140.69535,40.36781],[140.69722,40.36515],[140.69707,40.36414],[140.69771,40.36343],[140.69781,40.36283],[140.70127,40.36133],[140.70191,40.36052],[140.70275,40.36037],[140.70295,40.35859],[140.70385,40.35818],[140.70434,40.35705],[140.7062,40.35514],[140.70626,40.35402],[140.70541,40.354],[140.70446,40.35448],[140.7039,40.35427],[140.70388,40.35344],[140.7031,40.35261],[140.70293,40.35149],[140.70173,40.35049],[140.70276,40.34963],[140.70406,40.34946],[140.70461,40.34891],[140.707,40.34896],[140.70904,40.34945],[140.71008,40.34865],[140.71017,40.34665],[140.71146,40.34547],[140.71129,40.3441],[140.71172,40.34308],[140.71179,40.3421],[140.71154,40.341],[140.71199,40.34028],[140.7135,40.34],[140.71524,40.34011],[140.71588,40.33853],[140.71596,40.33763],[140.71699,40.33719],[140.718,40.33703],[140.71803,40.33633],[140.71675,40.33535],[140.71646,40.33479],[140.71489,40.33379],[140.71482,40.3332],[140.71554,40.33232],[140.71703,40.3317],[140.71942,40.33145],[140.72081,40.33148],[140.72237,40.33069],[140.72193,40.32972],[140.72033,40.32939],[140.72024,40.32818],[140.72069,40.32673],[140.72006,40.32625],[140.72023,40.32538],[140.71978,40.32456],[140.71873,40.32432],[140.71768,40.32366],[140.71654,40.32394],[140.71496,40.32334],[140.71472,40.32283],[140.71388,40.32247],[140.71338,40.32178],[140.71224,40.32141],[140.71141,40.32083],[140.71125,40.3198],[140.71184,40.31885],[140.71188,40.31814],[140.71302,40.31655],[140.71358,40.31618],[140.7135,40.3154],[140.7122,40.31349],[140.71389,40.31199],[140.71366,40.31095],[140.71395,40.31048],[140.71352,40.30901],[140.71361,40.30838],[140.71712,40.30677],[140.71803,40.30619],[140.71926,40.30587],[140.72059,40.30467],[140.72041,40.30436],[140.7185,40.30342],[140.71936,40.30247],[140.71949,40.30137],[140.72045,40.30028],[140.72112,40.29887],[140.72178,40.29818],[140.722,40.29653],[140.72278,40.29565],[140.72448,40.29544],[140.7249,40.29488],[140.72478,40.29352],[140.72435,40.29224],[140.72497,40.29137],[140.72555,40.28992],[140.72549,40.28882]]]]}},
  {"type":"Feature","properties":{"name":"上小阿仁村","code":"05327"},"geometry":{"type":"MultiPolygon","coordinates":[[[[140.40078,39.83485],[140.40141,39.83666],[140.40079,39.83858],[140.39963,39.83985],[140.39883,39.84008],[140.39751,39.84097],[140.39672,39.84194],[140.39558,39.84241],[140.39376,39.84286],[140.39137,39.84478],[140.39005,39.84723],[140.38961,39.84834],[140.38965,39.8495],[140.38928,39.85068],[140.3898,39.85198],[140.39047,39.85296],[140.39021,39.85399],[140.39034,39.85488],[140.391,39.85549],[140.39096,39.85607],[140.39019,39.8576],[140.38929,39.85811],[140.38897,39.85867],[140.38915,39.86033],[140.38974,39.86266],[140.38922,39.86297],[140.38791,39.86525],[140.38793,39.86692],[140.38705,39.86774],[140.38643,39.86949],[140.38495,39.86974],[140.38296,39.87132],[140.3842,39.8734],[140.38617,39.8755],[140.38506,39.87606],[140.38488,39.87674],[140.38373,39.87711],[140.38293,39.87939],[140.38263,39.87961],[140.38072,39.88011],[140.37875,39.88164],[140.37857,39.88212],[140.37886,39.88433],[140.37813,39.88513],[140.37798,39.88664],[140.37743,39.88792],[140.37687,39.8886],[140.37573,39.88897],[140.37434,39.88908],[140.37428,39.89079],[140.37324,39.89154],[140.37293,39.8926],[140.37236,39.89307],[140.37284,39.89387],[140.373,39.89508],[140.37283,39.89596],[140.37301,39.89703],[140.37358,39.89815],[140.37358,39.89899],[140.37471,39.90054],[140.37594,39.90306],[140.37515,39.9048],[140.37565,39.90576],[140.37688,39.9069],[140.37698,39.90784],[140.37568,39.91012],[140.37571,39.91129],[140.37436,39.91269],[140.3736,39.91435],[140.3722,39.91517],[140.3711,39.91521],[140.37072,39.91581],[140.37176,39.91713],[140.37109,39.91843],[140.3712,39.91982],[140.37156,39.92099],[140.37248,39.92219],[140.37264,39.92278],[140.3723,39.92368],[140.37183,39.92393],[140.37034,39.92353],[140.36886,39.92464],[140.36886,39.9251],[140.36734,39.9257],[140.36674,39.92617],[140.36571,39.92749],[140.36284,39.92811],[140.36043,39.92833],[140.35965,39.92858],[140.35943,39.92914],[140.36024,39.93004],[140.35979,39.93211],[140.35981,39.9337],[140.36094,39.93481],[140.36161,39.93643],[140.36188,39.93858],[140.36133,39.93925],[140.35794,39.94011],[140.35708,39.9408],[140.35631,39.94178],[140.35586,39.94278],[140.35588,39.94346],[140.35542,39.94429],[140.35539,39.94547],[140.35561,39.94621],[140.35634,39.94714],[140.35675,39.94869],[140.35835,39.94932],[140.35887,39.94988],[140.3586,39.95236],[140.36028,39.95394],[140.35851,39.95447],[140.35767,39.95592],[140.35704,39.95606],[140.35603,39.95706],[140.35706,39.95883],[140.35721,39.96078],[140.35765,39.96209],[140.35659,39.96316],[140.35653,39.96397],[140.35521,39.96538],[140.35554,39.96629],[140.35508,39.96724],[140.35359,39.96852],[140.35373,39.96903],[140.35327,39.97019],[140.35252,39.97076],[140.35279,39.97193],[140.35325,39.9721],[140.35449,39.97425],[140.3553,39.97492],[140.35609,39.97625],[140.35784,39.97782],[140.35836,39.97848],[140.35924,39.97854],[140.36154,39.98011],[140.36208,39.98008],[140.36324,39.98113],[140.36457,39.98133],[140.36654,39.9813],[140.36745,39.98112],[140.36846,39.98271],[140.36862,39.98354],[140.36998,39.98568],[140.37368,39.98721],[140.37451,39.98842],[140.37566,39.98885],[140.37594,39.98938],[140.3751,39.99039],[140.37426,39.99095],[140.37313,39.99376],[140.37301,39.99501],[140.37333,39.9957],[140.3732,39.99667],[140.37363,39.99705],[140.37324,39.99858],[140.37196,39.99946],[140.37213,40.00026],[140.36978,40.001],[140.3691,40.00097],[140.36814,40.00144],[140.36818,40.00216],[140.36679,40.00327],[140.36522,40.00526],[140.36451,40.00557],[140.36462,40.00645],[140.36317,40.00727],[140.36092,40.00769],[140.36017,40.00829],[140.35914,40.00975],[140.35904,40.01067],[140.35834,40.01103],[140.35732,40.01222],[140.3571,40.01345],[140.3579,40.01431],[140.35804,40.01553],[140.35784,40.01785],[140.35739,40.01824],[140.35543,40.01855],[140.35468,40.0189],[140.35333,40.0191],[140.35191,40.01996],[140.35178,40.0207],[140.35218,40.02151],[140.35356,40.02279],[140.354,40.0236],[140.35406,40.02437],[140.35453,40.02493],[140.35554,40.02499],[140.35711,40.02572],[140.35723,40.02626],[140.35872,40.0271],[140.35926,40.02783],[140.36068,40.02903],[140.36117,40.0297],[140.36213,40.03],[140.36337,40.0301],[140.36437,40.03089],[140.36445,40.03156],[140.36528,40.0327],[140.36532,40.03337],[140.36623,40.03475],[140.367,40.03522],[140.36699,40.03576],[140.36633,40.03666],[140.36718,40.03748],[140.36892,40.03809],[140.36925,40.03893],[140.36893,40.04014],[140.36826,40.04124],[140.3683,40.04209],[140.36981,40.04277],[140.37068,40.04397],[140.37156,40.04311],[140.37366,40.04312],[140.37517,40.04443],[140.37538,40.04593],[140.37582,40.04634],[140.37623,40.04756],[140.37743,40.0483],[140.37815,40.04917],[140.37943,40.0491],[140.37943,40.04965],[140.37853,40.05021],[140.37854,40.05147],[140.37791,40.05217],[140.37571,40.05218],[140.37514,40.05268],[140.37537,40.05342],[140.37655,40.05438],[140.37704,40.05563],[140.37671,40.05642],[140.3754,40.05691],[140.37389,40.05701],[140.37383,40.05808],[140.37433,40.05927],[140.37433,40.0613],[140.37478,40.06198],[140.37559,40.06213],[140.37611,40.06324],[140.37697,40.06392],[140.37876,40.06472],[140.37773,40.06554],[140.37663,40.06729],[140.37639,40.06834],[140.37564,40.06896],[140.37546,40.06978],[140.37478,40.07069],[140.37412,40.0733],[140.37323,40.07419],[140.37314,40.07546],[140.37252,40.07637],[140.37293,40.07718],[140.37201,40.07807],[140.37188,40.07891],[140.37217,40.0804],[140.37192,40.08182],[140.3715,40.08265],[140.37125,40.08392],[140.37155,40.08607],[140.37236,40.0871],[140.37314,40.0869],[140.37565,40.08767],[140.37563,40.08839],[140.37404,40.09004],[140.37099,40.09057],[140.36956,40.08946],[140.36873,40.08927],[140.36794,40.08943],[140.36679,40.09018],[140.36608,40.09036],[140.36476,40.08937],[140.36319,40.08995],[140.362,40.08967],[140.36147,40.08987],[140.35851,40.09024],[140.35766,40.0908],[140.35578,40.09131],[140.35444,40.09098],[140.35331,40.09015],[140.35093,40.08987],[140.35031,40.09051],[140.34895,40.09067],[140.34801,40.09138],[140.34633,40.09084],[140.34566,40.09018],[140.34414,40.08908],[140.34333,40.08901],[140.3424,40.08927],[140.34128,40.08911],[140.34055,40.08934],[140.33974,40.0878],[140.33952,40.08594],[140.33839,40.08515],[140.33721,40.08514],[140.33647,40.08461],[140.33476,40.08471],[140.33379,40.08415],[140.33157,40.08355],[140.32849,40.08183],[140.32779,40.0821],[140.32685,40.0817],[140.3262,40.08174],[140.32537,40.08311],[140.32422,40.08378],[140.32349,40.08511],[140.32164,40.08685],[140.32136,40.08745],[140.31958,40.0888],[140.31939,40.0901],[140.31861,40.09126],[140.31644,40.09024],[140.31694,40.08928],[140.31702,40.08844],[140.31619,40.08705],[140.31643,40.08537],[140.31636,40.08465],[140.31565,40.08456],[140.31508,40.08389],[140.31281,40.08304],[140.31026,40.08333],[140.3092,40.08225],[140.30817,40.08184],[140.30711,40.08173],[140.3049,40.08222],[140.30387,40.0823],[140.30299,40.08315],[140.30121,40.08324],[140.29996,40.08226],[140.29958,40.08173],[140.29836,40.08129],[140.29809,40.08023],[140.29754,40.07986],[140.29765,40.07824],[140.29628,40.07698],[140.29367,40.07633],[140.29297,40.07491],[140.29123,40.07348],[140.29097,40.07238],[140.28884,40.07027],[140.2874,40.07019],[140.28483,40.0703],[140.28422,40.06981],[140.28219,40.06948],[140.28066,40.06983],[140.27842,40.06985],[140.27737,40.06962],[140.27593,40.06961],[140.27541,40.06981],[140.27393,40.06968],[140.27329,40.06921],[140.27186,40.06891],[140.27017,40.06894],[140.26921,40.06975],[140.26712,40.0695],[140.26583,40.06988],[140.26473,40.07061],[140.26242,40.0712],[140.26054,40.07153],[140.25861,40.07224],[140.25769,40.07242],[140.2563,40.07228],[140.25487,40.07142],[140.25423,40.07135],[140.25382,40.07016],[140.25246,40.06938],[140.25227,40.06884],[140.25005,40.0688],[140.25026,40.06793],[140.24991,40.06705],[140.24996,40.06603],[140.24902,40.06559],[140.25002,40.0648],[140.2502,40.06345],[140.24893,40.06352],[140.24823,40.06298],[140.24741,40.06331],[140.24656,40.0631],[140.24562,40.06346],[140.24402,40.06274],[140.2436,40.06211],[140.24225,40.06231],[140.24038,40.06046],[140.24106,40.05829],[140.24201,40.05779],[140.24125,40.05701],[140.24008,40.05665],[140.23939,40.05533],[140.23962,40.05482],[140.24061,40.05436],[140.24101,40.05371],[140.24224,40.05287],[140.24241,40.05174],[140.24084,40.05024],[140.24002,40.04919],[140.23899,40.04857],[140.23809,40.04852],[140.23667,40.0475],[140.23613,40.04521],[140.2376,40.04353],[140.239,40.04322],[140.24078,40.04209],[140.24133,40.04087],[140.24159,40.03954],[140.24114,40.03903],[140.24178,40.03819],[140.24138,40.03639],[140.24079,40.03619],[140.24108,40.0344],[140.24043,40.03323],[140.24012,40.03165],[140.24102,40.0317],[140.24222,40.03098],[140.2429,40.03108],[140.24502,40.02937],[140.24521,40.02862],[140.24508,40.02746],[140.24468,40.02697],[140.24469,40.02611],[140.2426,40.02433],[140.24245,40.02333],[140.24191,40.02299],[140.24146,40.02144],[140.24178,40.02072],[140.24271,40.02053],[140.2433,40.01889],[140.24328,40.01768],[140.24389,40.01711],[140.24343,40.01617],[140.24244,40.01508],[140.24147,40.01449],[140.23985,40.01419],[140.23864,40.01362],[140.23842,40.01229],[140.23815,40.01203],[140.23612,40.01183],[140.23754,40.01022],[140.23699,40.00949],[140.23559,40.00867],[140.23538,40.00767],[140.23633,40.00646],[140.23624,40.00572],[140.23668,40.00534],[140.23646,40.0045],[140.23684,40.00369],[140.23659,40.00301],[140.23667,40.00076],[140.23645,40.00004],[140.23508,39.99861],[140.23437,39.99742],[140.23447,39.99609],[140.23407,39.99557],[140.23448,39.99469],[140.23409,39.99401],[140.23571,39.99288],[140.23556,39.99242],[140.23435,39.99182],[140.23437,39.99128],[140.23524,39.99115],[140.23524,39.99044],[140.23655,39.9901],[140.23652,39.98905],[140.23691,39.98868],[140.23805,39.98848],[140.23883,39.9886],[140.24039,39.98786],[140.24115,39.9878],[140.24201,39.98714],[140.24222,39.9866],[140.24319,39.98544],[140.24657,39.98488],[140.24691,39.98443],[140.24833,39.98435],[140.25043,39.98361],[140.2509,39.98267],[140.25019,39.9816],[140.25021,39.98087],[140.25093,39.97996],[140.25141,39.9779],[140.25149,39.97608],[140.25181,39.97578],[140.25203,39.97393],[140.25285,39.97371],[140.2529,39.97324],[140.2524,39.97219],[140.25268,39.97013],[140.25214,39.96841],[140.25125,39.96778],[140.25093,39.96652],[140.24978,39.9659],[140.24915,39.96504],[140.24918,39.9638],[140.24863,39.96256],[140.24905,39.96214],[140.24755,39.96015],[140.24786,39.95895],[140.24978,39.95847],[140.25127,39.95602],[140.25153,39.95474],[140.25336,39.95406],[140.25518,39.95378],[140.25628,39.95304],[140.25757,39.95268],[140.26019,39.95024],[140.26127,39.94972],[140.26246,39.94689],[140.26266,39.94607],[140.26328,39.945],[140.26516,39.94379],[140.26695,39.94176],[140.26689,39.94036],[140.26601,39.93861],[140.26582,39.9378],[140.26668,39.93681],[140.26784,39.93643],[140.26877,39.93534],[140.27008,39.93426],[140.27151,39.93427],[140.27306,39.93269],[140.27422,39.93198],[140.27496,39.93031],[140.2746,39.92859],[140.27535,39.92797],[140.27719,39.92782],[140.27817,39.92793],[140.27935,39.92847],[140.281,39.9289],[140.28172,39.92874],[140.28275,39.92941],[140.28558,39.92902],[140.28601,39.9286],[140.28558,39.92691],[140.28647,39.92613],[140.28781,39.92633],[140.28848,39.92707],[140.29039,39.92735],[140.29101,39.92794],[140.29243,39.92748],[140.29276,39.92687],[140.29251,39.92559],[140.29327,39.92392],[140.29293,39.923],[140.29389,39.92152],[140.29564,39.91988],[140.29576,39.91852],[140.29518,39.91782],[140.29492,39.91614],[140.29385,39.91424],[140.29355,39.91292],[140.2928,39.91192],[140.29389,39.90994],[140.29447,39.90942],[140.29482,39.90742],[140.29603,39.90612],[140.29573,39.90444],[140.29612,39.9037],[140.29729,39.90264],[140.29833,39.9027],[140.30011,39.90121],[140.29967,39.90064],[140.29786,39.899],[140.29738,39.89767],[140.29719,39.89644],[140.29656,39.89583],[140.29746,39.89443],[140.29705,39.89268],[140.29752,39.89089],[140.29755,39.8898],[140.29698,39.88943],[140.29678,39.88828],[140.29748,39.88743],[140.29741,39.88617],[140.298,39.88575],[140.29799,39.8845],[140.29909,39.88221],[140.30136,39.8817],[140.30277,39.88032],[140.30389,39.87961],[140.30283,39.87909],[140.30223,39.87803],[140.3024,39.87712],[140.30216,39.87651],[140.30129,39.87561],[140.30115,39.87333],[140.30031,39.87272],[140.30021,39.87053],[140.2999,39.86999],[140.29994,39.86913],[140.29942,39.86778],[140.29886,39.86722],[140.29827,39.86589],[140.29859,39.86476],[140.29934,39.86375],[140.30022,39.86298],[140.30305,39.86182],[140.305,39.86068],[140.30488,39.85957],[140.30516,39.85703],[140.30462,39.85589],[140.30465,39.85538],[140.30564,39.8542],[140.30552,39.85319],[140.30466,39.85197],[140.30519,39.851],[140.30569,39.84938],[140.3063,39.84839],[140.30648,39.8474],[140.30566,39.84545],[140.30549,39.8447],[140.30446,39.84425],[140.30426,39.84373],[140.30477,39.84331],[140.30417,39.84269],[140.30382,39.84179],[140.30247,39.83964],[140.30178,39.83787],[140.30016,39.83674],[140.2993,39.83587],[140.29863,39.83447],[140.29734,39.83334],[140.29646,39.83295],[140.29843,39.83304],[140.30001,39.83254],[140.30122,39.8316],[140.30327,39.83128],[140.30599,39.83037],[140.30673,39.82994],[140.30759,39.82848],[140.30772,39.82715],[140.30882,39.82654],[140.30962,39.82563],[140.30974,39.82509],[140.3092,39.82458],[140.30875,39.82339],[140.309,39.82285],[140.31024,39.8215],[140.31068,39.82031],[140.30886,39.81855],[140.30846,39.81756],[140.30864,39.81674],[140.3098,39.81626],[140.31126,39.81537],[140.31188,39.814],[140.31358,39.81317],[140.31339,39.81186],[140.31299,39.81073],[140.3132,39.80921],[140.31368,39.80819],[140.31439,39.80752],[140.3144,39.80645],[140.31367,39.80364],[140.31288,39.8027],[140.31256,39.80101],[140.31209,39.80057],[140.31072,39.79822],[140.31093,39.79718],[140.31263,39.79718],[140.31483,39.79685],[140.31639,39.79621],[140.31857,39.79615],[140.32056,39.79648],[140.32127,39.79682],[140.32165,39.79741],[140.32298,39.79817],[140.32539,39.79988],[140.32645,39.80024],[140.32821,39.8003],[140.33067,39.80101],[140.33315,39.8022],[140.33418,39.80319],[140.33625,39.80415],[140.33862,39.80406],[140.3404,39.80458],[140.34105,39.8056],[140.34292,39.80653],[140.34331,39.80703],[140.34453,39.80787],[140.34523,39.80856],[140.34665,39.80911],[140.34783,39.80981],[140.34914,39.81148],[140.34841,39.81281],[140.34866,39.81353],[140.34799,39.81416],[140.34779,39.8151],[140.34678,39.81589],[140.3467,39.81714],[140.34714,39.8176],[140.34778,39.819],[140.35018,39.82048],[140.35177,39.82135],[140.35217,39.8222],[140.3534,39.82404],[140.35466,39.82516],[140.35523,39.82544],[140.35568,39.82622],[140.35744,39.82689],[140.35993,39.82734],[140.36194,39.82726],[140.36358,39.82789],[140.36439,39.82901],[140.36688,39.83168],[140.36953,39.83262],[140.37067,39.83333],[140.37082,39.83419],[140.37221,39.83582],[140.3734,39.83603],[140.37546,39.83568],[140.37695,39.83486],[140.37768,39.83472],[140.37863,39.83397],[140.38001,39.83396],[140.38214,39.83482],[140.38401,39.83459],[140.38494,39.83465],[140.3861,39.83504],[140.3884,39.83461],[140.39069,39.83504],[140.39325,39.83409],[140.39395,39.83334],[140.39694,39.83392],[140.39892,39.83454],[140.39978,39.83446],[140.40078,39.83485]]]]}},
  {"type":"Feature","properties":{"name":"藤里町","code":"05346"},"geometry":{"type":"MultiPolygon","coordinates":[[[[140.27601,40.24171],[140.27636,40.24236],[140.27696,40.24259],[140.2775,40.24364],[140.27808,40.24392],[140.28189,40.24683],[140.28239,40.24746],[140.28259,40.2485],[140.283,40.24918],[140.28429,40.25017],[140.28487,40.25117],[140.28638,40.25272],[140.28756,40.25358],[140.28836,40.25365],[140.28947,40.25272],[140.29049,40.25214],[140.29191,40.25225],[140.29337,40.25207],[140.29538,40.25253],[140.29637,40.25293],[140.30031,40.253],[140.30102,40.25253],[140.30249,40.25344],[140.3032,40.25354],[140.30383,40.25299],[140.30477,40.25286],[140.30614,40.25221],[140.30779,40.25262],[140.30915,40.25453],[140.30989,40.25517],[140.30989,40.25577],[140.31038,40.25628],[140.31041,40.25707],[140.30969,40.25729],[140.30964,40.25803],[140.3103,40.25956],[140.31089,40.26042],[140.31109,40.2619],[140.31073,40.26262],[140.31106,40.26448],[140.31219,40.26483],[140.31302,40.26586],[140.31408,40.26663],[140.31456,40.26755],[140.31466,40.2686],[140.31646,40.2696],[140.31715,40.27014],[140.31819,40.27],[140.31933,40.2707],[140.31903,40.27114],[140.32088,40.27247],[140.32242,40.27221],[140.3231,40.27232],[140.32384,40.27476],[140.32351,40.27549],[140.32342,40.27696],[140.32234,40.27764],[140.32258,40.27841],[140.32319,40.27908],[140.32352,40.28053],[140.32467,40.28009],[140.32577,40.27999],[140.32628,40.28028],[140.32615,40.28194],[140.32526,40.28353],[140.32629,40.28419],[140.32623,40.28659],[140.32658,40.28778],[140.32695,40.28817],[140.32742,40.28948],[140.32708,40.2902],[140.32702,40.29229],[140.32625,40.29297],[140.32566,40.29411],[140.32503,40.29463],[140.32482,40.2957],[140.32402,40.29694],[140.32406,40.29834],[140.32343,40.29936],[140.32309,40.30036],[140.32323,40.30101],[140.32276,40.30191],[140.32314,40.30275],[140.32432,40.30447],[140.32423,40.30496],[140.32527,40.30621],[140.32541,40.30874],[140.32572,40.31015],[140.32537,40.31166],[140.32703,40.31209],[140.32791,40.31204],[140.329,40.31272],[140.32912,40.31324],[140.33012,40.31459],[140.33112,40.31468],[140.33302,40.31441],[140.33344,40.31498],[140.33337,40.31616],[140.33246,40.31781],[140.33218,40.31966],[140.33383,40.32055],[140.33289,40.32276],[140.33454,40.32333],[140.33477,40.32378],[140.3362,40.32488],[140.33672,40.32638],[140.33633,40.32683],[140.33656,40.32864],[140.33649,40.32951],[140.33605,40.32978],[140.3355,40.33172],[140.33636,40.33257],[140.33678,40.33379],[140.33797,40.33496],[140.33851,40.33604],[140.33977,40.3369],[140.34194,40.33775],[140.34293,40.33984],[140.34442,40.34169],[140.34608,40.34332],[140.34687,40.34391],[140.34683,40.3448],[140.34904,40.34747],[140.35014,40.34847],[140.35093,40.34965],[140.35084,40.35243],[140.35311,40.35468],[140.35315,40.35489],[140.35316,40.35535],[140.35228,40.35658],[140.3538,40.35948],[140.35323,40.36023],[140.35348,40.36124],[140.35493,40.3628],[140.35569,40.36399],[140.35593,40.36595],[140.35643,40.36656],[140.35475,40.36801],[140.35385,40.36974],[140.35224,40.37054],[140.35025,40.37191],[140.35002,40.3724],[140.35028,40.3734],[140.34889,40.37399],[140.34816,40.37409],[140.34728,40.37471],[140.34683,40.37565],[140.34627,40.37587],[140.34417,40.37496],[140.34304,40.37513],[140.34212,40.37556],[140.34036,40.37668],[140.33967,40.3776],[140.33828,40.37846],[140.33812,40.37945],[140.33771,40.38003],[140.33748,40.38175],[140.3375,40.38289],[140.33776,40.38341],[140.33612,40.38415],[140.33442,40.38576],[140.3341,40.3869],[140.33343,40.38796],[140.33379,40.3888],[140.33453,40.38935],[140.33435,40.39178],[140.33481,40.39311],[140.33303,40.39647],[140.33327,40.3976],[140.33325,40.39876],[140.33436,40.40045],[140.33362,40.4009],[140.33304,40.40173],[140.33336,40.4022],[140.33316,40.4032],[140.33651,40.40572],[140.33628,40.40677],[140.337,40.40786],[140.33645,40.41],[140.33654,40.41173],[140.33537,40.41351],[140.33557,40.41442],[140.33547,40.4155],[140.33451,40.4159],[140.33313,40.41909],[140.33268,40.41968],[140.33372,40.42083],[140.33551,40.42211],[140.33614,40.4223],[140.33554,40.42302],[140.33641,40.4242],[140.33638,40.42498],[140.33596,40.42551],[140.33413,40.42594],[140.3334,40.42732],[140.33368,40.42819],[140.33487,40.42952],[140.33444,40.43082],[140.33511,40.43244],[140.33571,40.43333],[140.3354,40.43455],[140.33559,40.43583],[140.33515,40.43632],[140.33493,40.43729],[140.3353,40.43874],[140.33522,40.43938],[140.33398,40.43988],[140.33223,40.44012],[140.33134,40.43947],[140.32886,40.43919],[140.32687,40.43907],[140.32641,40.43925],[140.32386,40.43941],[140.32207,40.43927],[140.32097,40.4386],[140.3194,40.4389],[140.31789,40.43968],[140.31713,40.43931],[140.3168,40.43866],[140.31535,40.4375],[140.31275,40.43721],[140.31127,40.43633],[140.30954,40.43657],[140.3091,40.43719],[140.30797,40.43807],[140.30839,40.43998],[140.30763,40.44189],[140.30577,40.44275],[140.30404,40.4429],[140.30196,40.44284],[140.30039,40.44448],[140.30004,40.44544],[140.29887,40.44625],[140.29573,40.44645],[140.29462,40.44639],[140.29283,40.44598],[140.29104,40.44658],[140.28988,40.44611],[140.28887,40.44503],[140.28814,40.44489],[140.28695,40.44589],[140.2851,40.44583],[140.28444,40.44534],[140.28267,40.44598],[140.27934,40.44605],[140.27826,40.44568],[140.27732,40.44486],[140.27454,40.44307],[140.27311,40.44256],[140.26999,40.44206],[140.26867,40.44137],[140.26687,40.44074],[140.26226,40.44087],[140.26044,40.44186],[140.25907,40.44141],[140.25419,40.44156],[140.25341,40.44147],[140.2515,40.44191],[140.25005,40.44299],[140.24802,40.44082],[140.24584,40.43938],[140.24538,40.4381],[140.2425,40.43728],[140.24156,40.43762],[140.23851,40.4374],[140.23562,40.43654],[140.23447,40.43599],[140.23275,40.43464],[140.23199,40.43428],[140.23004,40.43392],[140.2277,40.43366],[140.22561,40.43264],[140.22456,40.43251],[140.22338,40.43156],[140.22245,40.43158],[140.22017,40.43115],[140.21877,40.43148],[140.2182,40.43185],[140.21741,40.43325],[140.21612,40.43381],[140.21469,40.43408],[140.21243,40.4353],[140.21158,40.43592],[140.2101,40.43843],[140.2092,40.43864],[140.20845,40.43836],[140.20527,40.43645],[140.20371,40.43657],[140.19696,40.43462],[140.19563,40.4345],[140.19405,40.43478],[140.19239,40.43644],[140.19072,40.43744],[140.19028,40.43813],[140.18748,40.43957],[140.18579,40.44196],[140.18547,40.44331],[140.18464,40.44319],[140.18275,40.44249],[140.18203,40.44239],[140.18038,40.44115],[140.17841,40.44051],[140.17629,40.44018],[140.17419,40.44031],[140.17287,40.43954],[140.17191,40.43859],[140.17068,40.43819],[140.1689,40.43963],[140.16722,40.43981],[140.16452,40.43945],[140.16242,40.43936],[140.16016,40.43867],[140.15748,40.43746],[140.15562,40.43622],[140.15422,40.43583],[140.15286,40.43518],[140.15141,40.43502],[140.14954,40.43572],[140.1478,40.43701],[140.14724,40.43813],[140.14601,40.43794],[140.14396,40.43794],[140.1418,40.43777],[140.14147,40.43839],[140.1402,40.43927],[140.13879,40.43954],[140.13673,40.43962],[140.13522,40.43906],[140.1343,40.43829],[140.13325,40.43796],[140.13135,40.43824],[140.13079,40.43813],[140.12925,40.43719],[140.12836,40.43707],[140.12626,40.43717],[140.125,40.4368],[140.12094,40.4364],[140.11961,40.43556],[140.11759,40.43501],[140.11542,40.43612],[140.11467,40.43624],[140.11328,40.43597],[140.11162,40.43542],[140.10991,40.43576],[140.10762,40.4359],[140.10666,40.43538],[140.10568,40.43449],[140.10324,40.43374],[140.10239,40.43078],[140.1025,40.42982],[140.10304,40.42859],[140.10191,40.42642],[140.10149,40.42604],[140.10204,40.42421],[140.10281,40.42362],[140.10246,40.42313],[140.10123,40.42244],[140.10096,40.42109],[140.1003,40.42022],[140.09998,40.41855],[140.10025,40.41737],[140.10224,40.41672],[140.10334,40.41668],[140.10683,40.41624],[140.10755,40.41607],[140.10718,40.41448],[140.10667,40.41372],[140.10652,40.41242],[140.10726,40.41023],[140.10818,40.40866],[140.10781,40.40786],[140.1081,40.4072],[140.10983,40.40607],[140.10995,40.40534],[140.11081,40.4043],[140.11307,40.40289],[140.11348,40.40234],[140.1147,40.40171],[140.11568,40.40192],[140.11688,40.40247],[140.11763,40.40259],[140.1186,40.40341],[140.11949,40.4047],[140.11996,40.40482],[140.12441,40.40427],[140.12673,40.40517],[140.12828,40.40558],[140.12919,40.40524],[140.13077,40.40434],[140.1328,40.40382],[140.13356,40.40325],[140.13536,40.40262],[140.13604,40.40216],[140.1396,40.40074],[140.14062,40.4007],[140.14173,40.40169],[140.14376,40.40191],[140.14421,40.40217],[140.14669,40.40131],[140.14796,40.40244],[140.14935,40.40299],[140.15107,40.40337],[140.15257,40.40257],[140.15343,40.40186],[140.15509,40.40099],[140.15605,40.40079],[140.15532,40.39818],[140.15545,40.39581],[140.15522,40.39515],[140.15373,40.39288],[140.1546,40.39091],[140.15544,40.38995],[140.15629,40.38937],[140.15631,40.38851],[140.15709,40.38791],[140.15931,40.3874],[140.16019,40.38683],[140.16245,40.38589],[140.16307,40.38508],[140.16396,40.38474],[140.16271,40.38348],[140.16156,40.38266],[140.16071,40.38163],[140.1594,40.38076],[140.15905,40.37953],[140.15831,40.37865],[140.1583,40.37751],[140.15742,40.37616],[140.15627,40.37555],[140.15586,40.37471],[140.15617,40.37411],[140.15754,40.37365],[140.15964,40.37233],[140.16061,40.37193],[140.1626,40.37161],[140.16431,40.37171],[140.16618,40.37087],[140.16768,40.36966],[140.16822,40.36788],[140.16894,40.36769],[140.16982,40.36613],[140.17007,40.36521],[140.17067,40.36477],[140.1696,40.36292],[140.17021,40.36188],[140.17112,40.36115],[140.17179,40.36109],[140.17348,40.36171],[140.17513,40.36202],[140.1772,40.362],[140.17775,40.36168],[140.17794,40.36026],[140.17956,40.35953],[140.18035,40.35876],[140.18259,40.35779],[140.1828,40.35747],[140.1829,40.35598],[140.18406,40.35541],[140.18519,40.35542],[140.1858,40.35507],[140.18663,40.35366],[140.18875,40.35261],[140.19039,40.35214],[140.19241,40.35111],[140.19351,40.35023],[140.19373,40.349],[140.19357,40.34783],[140.19425,40.34691],[140.19422,40.34638],[140.19504,40.34614],[140.19574,40.3451],[140.19683,40.3448],[140.19727,40.34396],[140.19775,40.34243],[140.19761,40.34153],[140.19678,40.34089],[140.19546,40.339],[140.1949,40.33735],[140.19522,40.33648],[140.19486,40.33513],[140.19574,40.33277],[140.19431,40.33223],[140.19375,40.33014],[140.19412,40.32884],[140.19457,40.32839],[140.19535,40.32673],[140.1949,40.32603],[140.19449,40.32445],[140.19461,40.32329],[140.19568,40.32213],[140.19499,40.31977],[140.19532,40.31928],[140.19662,40.31915],[140.19819,40.3174],[140.19818,40.31662],[140.19853,40.31541],[140.19926,40.31492],[140.19993,40.31392],[140.20187,40.31285],[140.2017,40.31208],[140.20205,40.31063],[140.20156,40.30975],[140.20208,40.30829],[140.20178,40.30632],[140.20187,40.30515],[140.20157,40.30396],[140.20112,40.30326],[140.20117,40.3024],[140.20161,40.30186],[140.20316,40.30115],[140.20432,40.30086],[140.20446,40.2973],[140.20904,40.29731],[140.20883,40.29901],[140.21068,40.29894],[140.21185,40.30075],[140.21238,40.30068],[140.21207,40.29871],[140.21157,40.29818],[140.21159,40.2974],[140.21267,40.29801],[140.21312,40.29786],[140.21399,40.29856],[140.21438,40.29833],[140.21347,40.29755],[140.21255,40.29715],[140.21307,40.2962],[140.21295,40.29435],[140.21343,40.29392],[140.21418,40.29494],[140.21437,40.29339],[140.21354,40.29279],[140.21392,40.29212],[140.21355,40.2912],[140.21345,40.28974],[140.21359,40.28882],[140.21405,40.28814],[140.21377,40.28709],[140.21462,40.2867],[140.21563,40.28707],[140.2156,40.28747],[140.21664,40.28794],[140.2168,40.28902],[140.21629,40.29041],[140.21647,40.29156],[140.21719,40.2913],[140.21749,40.29056],[140.21879,40.29013],[140.21927,40.28822],[140.21909,40.28748],[140.21763,40.28478],[140.21784,40.28339],[140.21837,40.28218],[140.21776,40.28191],[140.21738,40.28077],[140.21649,40.28003],[140.21621,40.2793],[140.21641,40.27877],[140.21716,40.27843],[140.21752,40.27746],[140.21621,40.2759],[140.21301,40.27519],[140.21105,40.27419],[140.21126,40.27321],[140.21103,40.27227],[140.21107,40.27074],[140.21166,40.2704],[140.21157,40.26948],[140.21298,40.26867],[140.21441,40.26826],[140.21515,40.26845],[140.2158,40.26815],[140.21609,40.26734],[140.21702,40.26705],[140.21787,40.26801],[140.22179,40.26762],[140.22262,40.26727],[140.22299,40.26597],[140.22269,40.26526],[140.22339,40.26453],[140.2236,40.26344],[140.22307,40.26315],[140.22174,40.2632],[140.2205,40.26256],[140.22056,40.26174],[140.22019,40.26091],[140.21938,40.26001],[140.21914,40.25871],[140.21948,40.25803],[140.22101,40.25647],[140.22132,40.2554],[140.22259,40.25551],[140.22334,40.25505],[140.22622,40.25417],[140.22684,40.25343],[140.22731,40.25237],[140.22825,40.25221],[140.22932,40.25139],[140.23022,40.2511],[140.23093,40.25007],[140.23057,40.2493],[140.2308,40.24855],[140.23195,40.24775],[140.23365,40.24826],[140.23462,40.24893],[140.2357,40.24917],[140.23686,40.24858],[140.23761,40.24843],[140.23799,40.24789],[140.2391,40.24716],[140.24026,40.24741],[140.24151,40.24695],[140.24285,40.24588],[140.24347,40.24559],[140.24465,40.24589],[140.2461,40.24516],[140.24641,40.24473],[140.24739,40.24477],[140.24819,40.24405],[140.24958,40.24569],[140.25042,40.24433],[140.25235,40.2403],[140.25711,40.24201],[140.25872,40.24281],[140.26003,40.24266],[140.26037,40.24228],[140.26236,40.24281],[140.26341,40.24369],[140.26471,40.24393],[140.26695,40.24323],[140.26822,40.24306],[140.26928,40.24421],[140.2702,40.24458],[140.2718,40.24475],[140.2738,40.24352],[140.27416,40.24265],[140.27506,40.24251],[140.27601,40.24171]]]]}},
  {"type":"Feature","properties":{"name":"三種町","code":"05348"},"geometry":{"type":"MultiPolygon","coordinates":[[[[139.97258,40.12514],[139.97179,40.12387],[139.97159,40.12283],[139.97044,40.12085],[139.97016,40.11969],[139.96876,40.11715],[139.9685,40.11606],[139.96758,40.11431],[139.9665,40.11183],[139.96585,40.11075],[139.96522,40.10922],[139.96468,40.10853],[139.96129,40.10166],[139.96071,40.10079],[139.96019,40.09939],[139.95853,40.09673],[139.95772,40.09489],[139.95681,40.09342],[139.95625,40.09198],[139.95397,40.08778],[139.95297,40.08622],[139.95127,40.08278],[139.95056,40.0821],[139.95036,40.08146],[139.94896,40.0787],[139.9483,40.07793],[139.9471,40.07611],[139.94652,40.07484],[139.94537,40.07303],[139.9509,40.07142],[139.95329,40.07092],[139.95422,40.07095],[139.95732,40.07002],[139.95654,40.06959],[139.95775,40.06901],[139.95738,40.06832],[139.95575,40.06832],[139.95571,40.06798],[139.95725,40.06791],[139.95743,40.06724],[139.95866,40.06674],[139.95803,40.0663],[139.95471,40.06707],[139.95296,40.06758],[139.95241,40.0673],[139.95508,40.06605],[139.9569,40.06508],[139.95652,40.06458],[139.95554,40.06434],[139.95413,40.0649],[139.95409,40.06383],[139.95195,40.06432],[139.95234,40.06335],[139.95302,40.06237],[139.95318,40.0616],[139.95429,40.06102],[139.9546,40.06037],[139.95589,40.05953],[139.95704,40.05947],[139.95848,40.05861],[139.96204,40.05752],[139.96244,40.05844],[139.96364,40.05941],[139.96492,40.05987],[139.96609,40.06053],[139.9672,40.06226],[139.97113,40.064],[139.97704,40.06617],[139.97901,40.06698],[139.98041,40.06819],[139.98092,40.06932],[139.98092,40.07119],[139.97999,40.07271],[139.97906,40.07359],[139.97621,40.0754],[139.97636,40.07632],[139.97933,40.0773],[139.98096,40.07837],[139.98202,40.07997],[139.9823,40.08096],[139.98201,40.08236],[139.98369,40.08421],[139.98386,40.08913],[139.98408,40.09026],[139.98491,40.09164],[139.98541,40.09338],[139.98786,40.09418],[139.99218,40.09394],[139.99577,40.09366],[139.99867,40.09323],[139.9995,40.09337],[139.99965,40.09139],[139.99987,40.09064],[140.00068,40.0898],[140.00083,40.08847],[140.00184,40.08753],[140.00449,40.08606],[140.00538,40.08569],[140.01045,40.08487],[140.01662,40.08216],[140.02023,40.07839],[140.02617,40.07608],[140.03514,40.07263],[140.04881,40.06725],[140.05173,40.06606],[140.05899,40.06154],[140.0664,40.05085],[140.0713,40.0401],[140.07116,40.03555],[140.07076,40.01948],[140.07048,40.00981],[140.07038,40.00809],[140.06966,39.99848],[140.06917,39.99278],[140.06879,39.98925],[140.06861,39.98683],[140.07563,39.98599],[140.07742,39.98607],[140.07859,39.98592],[140.07946,39.98378],[140.07846,39.98266],[140.0786,39.98207],[140.08007,39.98128],[140.08031,39.9803],[140.08134,39.98008],[140.08212,39.97906],[140.08293,39.97907],[140.08385,39.97814],[140.08396,39.97745],[140.0856,39.97629],[140.08649,39.97627],[140.08784,39.97584],[140.08928,39.97472],[140.09089,39.97479],[140.09233,39.97517],[140.09297,39.97511],[140.09388,39.97572],[140.0952,39.9756],[140.09728,39.97637],[140.10006,39.97629],[140.10148,39.97658],[140.10281,39.97567],[140.10374,39.97479],[140.10518,39.97452],[140.10811,39.97457],[140.10843,39.97488],[140.10782,39.97559],[140.10791,39.97626],[140.10888,39.97681],[140.10885,39.97774],[140.10981,39.97772],[140.11131,39.97799],[140.11181,39.97832],[140.11405,39.97815],[140.11479,39.97923],[140.11705,39.97933],[140.11999,39.97875],[140.12104,39.97834],[140.12256,39.97853],[140.1231,39.97827],[140.12341,39.97966],[140.12219,39.98089],[140.12158,39.98122],[140.1191,39.98177],[140.11721,39.98208],[140.11737,39.98288],[140.11857,39.98285],[140.11894,39.98372],[140.11795,39.98446],[140.11759,39.98503],[140.11632,39.98562],[140.11628,39.98629],[140.11738,39.98707],[140.11889,39.98765],[140.11943,39.9883],[140.12006,39.98839],[140.12143,39.9893],[140.12275,39.98879],[140.12394,39.989],[140.12516,39.98849],[140.12694,39.98931],[140.12716,39.99018],[140.12774,39.99106],[140.1274,39.99181],[140.12769,39.99347],[140.12953,39.99429],[140.13096,39.99531],[140.13186,39.99775],[140.13315,39.99761],[140.13492,39.99716],[140.13569,39.99722],[140.13698,39.99681],[140.13908,39.99697],[140.13997,39.99758],[140.14146,39.99783],[140.14332,39.99878],[140.14433,39.99871],[140.14604,40.00105],[140.14621,40.00214],[140.14788,40.00263],[140.14845,40.00243],[140.15046,40.00313],[140.15251,40.00447],[140.15287,40.00501],[140.15253,40.0057],[140.15322,40.00653],[140.15322,40.00725],[140.15388,40.00742],[140.15432,40.00817],[140.15522,40.00843],[140.15679,40.00818],[140.1572,40.00953],[140.15824,40.01067],[140.16051,40.01071],[140.16122,40.01055],[140.16177,40.01102],[140.16258,40.01057],[140.16441,40.01074],[140.16639,40.01137],[140.16797,40.01056],[140.1708,40.01055],[140.17114,40.0095],[140.17302,40.00835],[140.17352,40.0074],[140.17296,40.00612],[140.17339,40.00528],[140.17486,40.00494],[140.1755,40.00435],[140.17651,40.00424],[140.17858,40.00512],[140.18006,40.00529],[140.18139,40.00583],[140.18216,40.00669],[140.18197,40.00805],[140.18228,40.0086],[140.18399,40.00899],[140.18571,40.0097],[140.18642,40.00975],[140.18747,40.01062],[140.19026,40.0101],[140.19155,40.01015],[140.19266,40.01068],[140.19374,40.01036],[140.19593,40.01153],[140.19689,40.01256],[140.19792,40.01291],[140.20071,40.01266],[140.20178,40.01292],[140.20271,40.01262],[140.2041,40.0115],[140.20671,40.01208],[140.20764,40.01183],[140.20945,40.01182],[140.21062,40.01131],[140.21169,40.01158],[140.21275,40.01099],[140.21407,40.0106],[140.21577,40.00892],[140.21612,40.0077],[140.21893,40.00689],[140.21973,40.00599],[140.22263,40.00608],[140.22361,40.00577],[140.22592,40.0057],[140.22683,40.00542],[140.22822,40.00416],[140.22937,40.00456],[140.23085,40.00446],[140.23158,40.00511],[140.23184,40.00576],[140.23297,40.00643],[140.23368,40.00746],[140.23538,40.00767],[140.23559,40.00867],[140.23699,40.00949],[140.23754,40.01022],[140.23612,40.01183],[140.23815,40.01203],[140.23842,40.01229],[140.23864,40.01362],[140.23985,40.01419],[140.24147,40.01449],[140.24244,40.01508],[140.24343,40.01617],[140.24389,40.01711],[140.24328,40.01768],[140.2433,40.01889],[140.24271,40.02053],[140.24178,40.02072],[140.24146,40.02144],[140.24191,40.02299],[140.24245,40.02333],[140.2426,40.02433],[140.24469,40.02611],[140.24468,40.02697],[140.24508,40.02746],[140.24521,40.02862],[140.24502,40.02937],[140.2429,40.03108],[140.24222,40.03098],[140.24102,40.0317],[140.24012,40.03165],[140.24043,40.03323],[140.24108,40.0344],[140.24079,40.03619],[140.24138,40.03639],[140.24178,40.03819],[140.24114,40.03903],[140.24159,40.03954],[140.24133,40.04087],[140.24078,40.04209],[140.239,40.04322],[140.2376,40.04353],[140.23613,40.04521],[140.23667,40.0475],[140.23507,40.04836],[140.23421,40.04856],[140.23375,40.04913],[140.23275,40.0495],[140.23034,40.04937],[140.22852,40.05066],[140.22718,40.05196],[140.22538,40.05276],[140.22478,40.05401],[140.22409,40.05491],[140.22335,40.05523],[140.22256,40.05598],[140.22086,40.05637],[140.21947,40.05777],[140.21794,40.05893],[140.21747,40.05958],[140.2162,40.06068],[140.21617,40.06332],[140.21533,40.06504],[140.2153,40.06569],[140.2148,40.06645],[140.21498,40.06807],[140.21489,40.06923],[140.21354,40.06962],[140.21277,40.06947],[140.21106,40.06988],[140.20945,40.07008],[140.20819,40.07002],[140.2066,40.07059],[140.20278,40.06884],[140.20139,40.06866],[140.2006,40.06791],[140.19978,40.06777],[140.19777,40.06857],[140.19602,40.06872],[140.19295,40.06834],[140.19206,40.06796],[140.19008,40.0676],[140.19005,40.06912],[140.19043,40.06931],[140.19074,40.07065],[140.19062,40.07104],[140.19146,40.07226],[140.19147,40.07307],[140.19191,40.07369],[140.19194,40.07451],[140.19266,40.07475],[140.19261,40.07625],[140.19316,40.07805],[140.19312,40.08056],[140.19256,40.08093],[140.18947,40.08047],[140.18898,40.08141],[140.18824,40.08225],[140.18737,40.08207],[140.186,40.0824],[140.18436,40.08251],[140.1842,40.08322],[140.18329,40.08435],[140.18433,40.08566],[140.18488,40.08607],[140.18458,40.08683],[140.18438,40.08862],[140.18372,40.08907],[140.18379,40.08985],[140.18327,40.09015],[140.18234,40.09002],[140.18169,40.09078],[140.18153,40.09204],[140.18234,40.09301],[140.18173,40.09378],[140.18079,40.09396],[140.17977,40.09449],[140.17899,40.09592],[140.17847,40.09618],[140.17807,40.09735],[140.17651,40.09829],[140.17469,40.09785],[140.17449,40.09926],[140.17395,40.10047],[140.17468,40.10112],[140.17521,40.10246],[140.1746,40.10374],[140.17539,40.10451],[140.17678,40.1051],[140.17703,40.10546],[140.17487,40.10692],[140.17608,40.10782],[140.17735,40.10831],[140.17733,40.10946],[140.17697,40.11034],[140.17727,40.11152],[140.17716,40.11209],[140.17861,40.11358],[140.17949,40.11408],[140.18047,40.11552],[140.18113,40.11616],[140.18225,40.11593],[140.1831,40.11616],[140.18305,40.11701],[140.18349,40.11762],[140.18472,40.11823],[140.18464,40.11996],[140.18424,40.12057],[140.1843,40.12161],[140.18376,40.12272],[140.1846,40.123],[140.18806,40.12516],[140.18852,40.12807],[140.18821,40.12888],[140.18474,40.12995],[140.18355,40.13009],[140.18245,40.1305],[140.18129,40.13052],[140.18003,40.13021],[140.17979,40.13152],[140.17937,40.1319],[140.17813,40.13199],[140.17553,40.13144],[140.17566,40.13069],[140.17468,40.13018],[140.17039,40.13135],[140.16929,40.13176],[140.1661,40.13201],[140.1652,40.13174],[140.16328,40.13156],[140.16172,40.13156],[140.16115,40.12968],[140.1602,40.12927],[140.15973,40.1287],[140.15819,40.1288],[140.15709,40.12809],[140.15518,40.12786],[140.15346,40.12873],[140.15133,40.1291],[140.15044,40.12833],[140.14861,40.12861],[140.14803,40.12811],[140.14562,40.12773],[140.1446,40.12795],[140.14323,40.1294],[140.14095,40.12982],[140.13983,40.12979],[140.13867,40.12944],[140.13681,40.12992],[140.13566,40.13039],[140.13502,40.13126],[140.13365,40.13199],[140.13203,40.13154],[140.13139,40.13092],[140.13028,40.13061],[140.12847,40.13059],[140.12649,40.12989],[140.12621,40.12852],[140.1251,40.12877],[140.12371,40.12847],[140.12317,40.12914],[140.12133,40.12899],[140.12008,40.12982],[140.11888,40.13137],[140.11783,40.13143],[140.1172,40.13221],[140.11601,40.13274],[140.11472,40.1338],[140.11283,40.13563],[140.11155,40.13592],[140.11163,40.13654],[140.11109,40.13742],[140.10986,40.13811],[140.10995,40.13912],[140.10915,40.14078],[140.10858,40.14091],[140.10871,40.14267],[140.10728,40.14285],[140.10621,40.14322],[140.1049,40.14418],[140.10329,40.14466],[140.10228,40.14473],[140.1017,40.14373],[140.10052,40.14474],[140.10099,40.14526],[140.10068,40.1465],[140.09935,40.14525],[140.09791,40.14603],[140.09881,40.14698],[140.09748,40.14764],[140.09742,40.1484],[140.09569,40.14861],[140.09488,40.14767],[140.09337,40.1485],[140.09312,40.14968],[140.09165,40.1495],[140.09061,40.14961],[140.09028,40.14934],[140.08778,40.14888],[140.0864,40.14837],[140.08243,40.14899],[140.08281,40.14974],[140.07925,40.15133],[140.07882,40.1518],[140.07775,40.15232],[140.07575,40.15369],[140.07481,40.15413],[140.07388,40.15395],[140.07373,40.15473],[140.07315,40.1552],[140.07187,40.15556],[140.06845,40.15727],[140.06743,40.15665],[140.06622,40.1565],[140.06572,40.15589],[140.06388,40.15549],[140.06284,40.15497],[140.06194,40.15405],[140.05702,40.1526],[140.05585,40.15168],[140.05445,40.15023],[140.05295,40.14959],[140.04805,40.14955],[140.04809,40.15013],[140.04649,40.15122],[140.04436,40.15178],[140.04392,40.15258],[140.04306,40.15251],[140.04137,40.15348],[140.04086,40.15277],[140.04023,40.15254],[140.03939,40.1516],[140.03896,40.15005],[140.03917,40.14855],[140.03894,40.14754],[140.03799,40.14606],[140.03785,40.1454],[140.03727,40.14507],[140.03574,40.14346],[140.03521,40.14212],[140.03149,40.14036],[140.03125,40.13935],[140.03162,40.13681],[140.03136,40.13626],[140.03023,40.13562],[140.02824,40.13514],[140.02721,40.13399],[140.02634,40.13265],[140.02691,40.13249],[140.02673,40.13131],[140.02602,40.13125],[140.02591,40.12888],[140.02372,40.12886],[140.02372,40.128],[140.02572,40.12804],[140.02634,40.12494],[140.02204,40.12497],[140.01896,40.12579],[140.01649,40.12567],[140.0146,40.12528],[140.0139,40.12566],[140.01306,40.12509],[140.01334,40.12453],[140.01242,40.12426],[140.00942,40.12578],[140.00845,40.12652],[140.00712,40.1253],[140.00669,40.12224],[139.9994,40.12269],[139.99437,40.12306],[139.99252,40.12297],[139.98892,40.1232],[139.98471,40.12361],[139.98145,40.12378],[139.97759,40.12356],[139.97258,40.12514]]]]}},
  {"type":"Feature","properties":{"name":"八峰町","code":"05349"},"geometry":{"type":"MultiPolygon","coordinates":[[[[140.15617,40.37411],[140.15586,40.37471],[140.15627,40.37555],[140.15742,40.37616],[140.1583,40.37751],[140.15831,40.37865],[140.15905,40.37953],[140.1594,40.38076],[140.16071,40.38163],[140.16156,40.38266],[140.16271,40.38348],[140.16396,40.38474],[140.16307,40.38508],[140.16245,40.38589],[140.16019,40.38683],[140.15931,40.3874],[140.15709,40.38791],[140.15631,40.38851],[140.15629,40.38937],[140.15544,40.38995],[140.1546,40.39091],[140.15373,40.39288],[140.15522,40.39515],[140.15545,40.39581],[140.15532,40.39818],[140.15605,40.40079],[140.15509,40.40099],[140.15343,40.40186],[140.15257,40.40257],[140.15107,40.40337],[140.14935,40.40299],[140.14796,40.40244],[140.14669,40.40131],[140.14421,40.40217],[140.14376,40.40191],[140.14173,40.40169],[140.14062,40.4007],[140.1396,40.40074],[140.13604,40.40216],[140.13536,40.40262],[140.13356,40.40325],[140.1328,40.40382],[140.13077,40.40434],[140.12919,40.40524],[140.12828,40.40558],[140.12673,40.40517],[140.12441,40.40427],[140.11996,40.40482],[140.11949,40.4047],[140.1186,40.40341],[140.11763,40.40259],[140.11688,40.40247],[140.11568,40.40192],[140.1147,40.40171],[140.11348,40.40234],[140.11307,40.40289],[140.11081,40.4043],[140.10995,40.40534],[140.10983,40.40607],[140.1081,40.4072],[140.10781,40.40786],[140.10818,40.40866],[140.10726,40.41023],[140.10652,40.41242],[140.10667,40.41372],[140.10718,40.41448],[140.10755,40.41607],[140.10683,40.41624],[140.10334,40.41668],[140.10224,40.41672],[140.10025,40.41737],[140.09998,40.41855],[140.1003,40.42022],[140.10096,40.42109],[140.10123,40.42244],[140.10246,40.42313],[140.10281,40.42362],[140.10204,40.42421],[140.10149,40.42604],[140.10191,40.42642],[140.10304,40.42859],[140.1025,40.42982],[140.10239,40.43078],[140.10324,40.43374],[140.10568,40.43449],[140.10666,40.43538],[140.10762,40.4359],[140.1072,40.43649],[140.10642,40.43839],[140.10509,40.4408],[140.10306,40.44173],[140.10194,40.44294],[140.10116,40.44312],[140.10008,40.44374],[140.09917,40.44397],[140.09984,40.4456],[140.09853,40.44768],[140.09737,40.44924],[140.0979,40.4506],[140.09838,40.45103],[140.0995,40.45296],[140.09875,40.45407],[140.09752,40.45497],[140.09697,40.45567],[140.09529,40.45692],[140.09441,40.45774],[140.09358,40.45892],[140.09048,40.45975],[140.08999,40.46052],[140.08895,40.4609],[140.08785,40.46205],[140.08688,40.46248],[140.08501,40.46257],[140.0836,40.46233],[140.083,40.46394],[140.08194,40.46495],[140.08047,40.46566],[140.07955,40.46664],[140.07845,40.4669],[140.0768,40.46541],[140.07528,40.46477],[140.07413,40.46462],[140.07209,40.46539],[140.07114,40.46623],[140.07066,40.46791],[140.06997,40.46855],[140.06857,40.46884],[140.06707,40.46828],[140.06521,40.46837],[140.06391,40.4681],[140.06282,40.46752],[140.06146,40.46782],[140.06035,40.46778],[140.05924,40.46723],[140.05594,40.46757],[140.05533,40.46741],[140.05398,40.46783],[140.05304,40.46737],[140.05239,40.46661],[140.05276,40.46563],[140.05408,40.46434],[140.05331,40.4636],[140.05191,40.46325],[140.04975,40.46184],[140.04922,40.4613],[140.04857,40.46009],[140.04735,40.46072],[140.04545,40.46079],[140.04399,40.46046],[140.04238,40.46055],[140.04083,40.46121],[140.03836,40.46078],[140.03763,40.46135],[140.03617,40.46162],[140.03606,40.46056],[140.03573,40.45999],[140.03578,40.45923],[140.03429,40.45837],[140.0342,40.4579],[140.03268,40.45816],[140.03126,40.45775],[140.03025,40.45665],[140.03038,40.45589],[140.03004,40.45513],[140.029,40.45499],[140.02802,40.4537],[140.02736,40.45351],[140.02616,40.45363],[140.02485,40.45309],[140.0236,40.45213],[140.02245,40.45092],[140.02189,40.44987],[140.02076,40.44918],[140.02017,40.44812],[140.02021,40.44655],[140.02218,40.44458],[140.02223,40.44329],[140.02304,40.44253],[140.02378,40.44143],[140.02534,40.43958],[140.02605,40.43924],[140.02559,40.43797],[140.02546,40.43677],[140.02416,40.43585],[140.02253,40.43524],[140.02267,40.43353],[140.02244,40.4326],[140.02203,40.43214],[140.02232,40.43052],[140.02163,40.42947],[140.01972,40.42902],[140.01899,40.42863],[140.01816,40.42746],[140.01735,40.42694],[140.01749,40.42592],[140.01812,40.42552],[140.01841,40.42469],[140.01933,40.42312],[140.0187,40.4221],[140.01872,40.42164],[140.01953,40.42108],[140.01952,40.41988],[140.01864,40.41994],[140.01764,40.42097],[140.0165,40.42113],[140.01582,40.42164],[140.01458,40.42208],[140.01415,40.42251],[140.0143,40.42331],[140.01334,40.42446],[140.01215,40.42463],[140.01201,40.42565],[140.01126,40.42596],[140.00924,40.42548],[140.0083,40.42637],[140.00642,40.42735],[140.00589,40.42848],[140.0041,40.4306],[140.00345,40.43171],[140.00212,40.4325],[140.00103,40.43289],[140.00016,40.43247],[139.99723,40.43294],[139.9967,40.43417],[139.99505,40.43505],[139.99417,40.43417],[139.99373,40.43254],[139.99143,40.43207],[139.99014,40.43088],[139.98924,40.43056],[139.9884,40.42978],[139.98601,40.42828],[139.9852,40.42791],[139.98371,40.42822],[139.98269,40.42768],[139.98121,40.42738],[139.97983,40.42764],[139.97891,40.42809],[139.97623,40.42738],[139.97532,40.42728],[139.97352,40.4266],[139.97219,40.42674],[139.97128,40.42732],[139.96962,40.42761],[139.96859,40.42885],[139.9673,40.42902],[139.96462,40.43016],[139.96411,40.43028],[139.96412,40.43129],[139.96359,40.43189],[139.96351,40.43276],[139.96164,40.43408],[139.95977,40.43483],[139.95714,40.43423],[139.9562,40.43305],[139.95463,40.43212],[139.95087,40.43092],[139.94993,40.43123],[139.94777,40.43115],[139.94721,40.43067],[139.94542,40.42987],[139.94307,40.4298],[139.94212,40.43],[139.94109,40.4294],[139.9385,40.42868],[139.93738,40.42874],[139.93678,40.42821],[139.93742,40.42773],[139.93812,40.42657],[139.93917,40.42681],[139.94006,40.42575],[139.94058,40.42556],[139.94226,40.42377],[139.94338,40.42367],[139.94344,40.42318],[139.94421,40.42263],[139.94437,40.42129],[139.94414,40.42087],[139.94532,40.42017],[139.94504,40.41879],[139.94608,40.41829],[139.94608,40.4175],[139.94714,40.416],[139.94735,40.41541],[139.94731,40.41485],[139.94737,40.41474],[139.94722,40.41445],[139.94674,40.41395],[139.94689,40.41319],[139.94736,40.41276],[139.94803,40.41335],[139.94883,40.41306],[139.95046,40.41286],[139.95157,40.41219],[139.95225,40.41249],[139.95466,40.41162],[139.95522,40.41082],[139.95638,40.41062],[139.95614,40.40997],[139.95631,40.40973],[139.95588,40.40945],[139.95775,40.40846],[139.95885,40.40813],[139.95984,40.40733],[139.96066,40.40745],[139.96175,40.40627],[139.9626,40.40633],[139.9626,40.40591],[139.96454,40.40454],[139.9675,40.40378],[139.96853,40.40281],[139.9689,40.40151],[139.96941,40.40077],[139.96942,40.40008],[139.97367,40.39741],[139.97381,40.39755],[139.97137,40.39911],[139.97157,40.39983],[139.97134,40.40072],[139.97271,40.40102],[139.97388,40.40036],[139.97418,40.39944],[139.97568,40.39918],[139.97599,40.39867],[139.97687,40.39904],[139.97842,40.39829],[139.97835,40.39793],[139.97937,40.39703],[139.9802,40.39577],[139.98031,40.39465],[139.97976,40.39416],[139.97934,40.39231],[139.9797,40.39191],[139.97985,40.39057],[139.97875,40.39038],[139.97986,40.38935],[139.98016,40.38782],[139.98055,40.38792],[139.9813,40.38702],[139.98124,40.38645],[139.98221,40.38564],[139.98311,40.38555],[139.98303,40.38471],[139.98418,40.38489],[139.98503,40.38459],[139.98666,40.38465],[139.98624,40.38416],[139.98736,40.38317],[139.98839,40.38332],[139.98864,40.3829],[139.99002,40.38221],[139.991,40.382],[139.9929,40.38223],[139.99319,40.38135],[139.99553,40.38092],[139.996,40.38027],[139.99681,40.38038],[139.99908,40.37981],[139.99972,40.37942],[139.99879,40.37879],[139.99921,40.37829],[140.00087,40.37875],[140.00097,40.37807],[140.00222,40.37608],[140.00349,40.37565],[140.00397,40.37591],[140.00518,40.37549],[140.00732,40.37538],[140.00778,40.37588],[140.00939,40.37523],[140.0104,40.37455],[140.01164,40.3734],[140.01202,40.37355],[140.01344,40.3717],[140.01335,40.37103],[140.01383,40.37045],[140.01406,40.36913],[140.01404,40.36729],[140.01494,40.36541],[140.01493,40.36398],[140.01472,40.36359],[140.01557,40.36299],[140.0176,40.36242],[140.01901,40.36179],[140.02014,40.36071],[140.02059,40.35924],[140.02132,40.35801],[140.02213,40.35831],[140.02301,40.35759],[140.02334,40.35633],[140.02196,40.35581],[140.02266,40.35502],[140.02371,40.35505],[140.02443,40.35441],[140.02521,40.35312],[140.02512,40.35154],[140.02544,40.35117],[140.02575,40.34985],[140.02604,40.34529],[140.02568,40.34522],[140.02611,40.34392],[140.0261,40.34006],[140.02585,40.3396],[140.02609,40.33868],[140.02573,40.33823],[140.02594,40.33731],[140.02544,40.33683],[140.02588,40.33625],[140.02548,40.3357],[140.02581,40.33479],[140.02549,40.33431],[140.02578,40.33359],[140.02548,40.33297],[140.02555,40.33214],[140.02523,40.33131],[140.02558,40.33064],[140.02545,40.32933],[140.02503,40.32872],[140.02517,40.32808],[140.02487,40.32736],[140.02494,40.32507],[140.02517,40.32464],[140.02498,40.32357],[140.0246,40.3195],[140.0246,40.31835],[140.02411,40.31439],[140.02357,40.31242],[140.02314,40.3082],[140.0228,40.30604],[140.02294,40.30564],[140.02252,40.30451],[140.02251,40.30348],[140.02164,40.29797],[140.02144,40.29563],[140.02048,40.29172],[140.01997,40.28763],[140.01936,40.2853],[140.01917,40.2827],[140.01875,40.28204],[140.01866,40.28042],[140.01823,40.27854],[140.0178,40.27572],[140.0176,40.27519],[140.01733,40.27319],[140.01642,40.26846],[140.01598,40.26495],[140.01566,40.26446],[140.01684,40.26439],[140.01745,40.26409],[140.01754,40.26298],[140.01836,40.26288],[140.0193,40.26321],[140.01958,40.26246],[140.02076,40.2622],[140.02293,40.26296],[140.02317,40.26386],[140.02972,40.26307],[140.03084,40.26332],[140.03203,40.26465],[140.0323,40.26576],[140.03183,40.26628],[140.03152,40.26743],[140.03216,40.26816],[140.03247,40.26972],[140.03347,40.27096],[140.03441,40.27171],[140.03662,40.27318],[140.03917,40.27456],[140.04117,40.27507],[140.04256,40.27423],[140.04441,40.27225],[140.04546,40.27149],[140.04594,40.27142],[140.04717,40.27003],[140.04643,40.26958],[140.04652,40.26892],[140.04896,40.26893],[140.049,40.26842],[140.0501,40.26844],[140.05242,40.26947],[140.06275,40.26938],[140.06354,40.27014],[140.06557,40.27072],[140.06596,40.26982],[140.06685,40.26905],[140.06663,40.26803],[140.06619,40.26726],[140.06498,40.26639],[140.0666,40.26522],[140.06729,40.26509],[140.06725,40.26414],[140.07262,40.26427],[140.0733,40.26468],[140.0743,40.26412],[140.07544,40.26435],[140.07582,40.26401],[140.0761,40.26253],[140.07656,40.26142],[140.07699,40.2611],[140.07702,40.25968],[140.078,40.25843],[140.07847,40.25747],[140.07839,40.25655],[140.07784,40.25621],[140.07814,40.25502],[140.07911,40.25428],[140.08166,40.25445],[140.08349,40.2548],[140.08334,40.25969],[140.08772,40.25976],[140.08812,40.25851],[140.08814,40.25717],[140.0924,40.25722],[140.09253,40.25236],[140.09575,40.25241],[140.09585,40.25044],[140.09622,40.25045],[140.09634,40.24722],[140.09721,40.24767],[140.09797,40.24865],[140.09757,40.24912],[140.09785,40.25037],[140.09866,40.25171],[140.09956,40.2522],[140.10008,40.25337],[140.10153,40.2548],[140.10253,40.25515],[140.10337,40.25578],[140.10308,40.25646],[140.10965,40.25825],[140.10977,40.25922],[140.11314,40.25903],[140.11339,40.25986],[140.11665,40.25969],[140.11707,40.26138],[140.1195,40.26137],[140.12029,40.26182],[140.12156,40.26157],[140.1232,40.26099],[140.12382,40.26139],[140.1259,40.2619],[140.12868,40.26165],[140.13128,40.26169],[140.13182,40.2623],[140.13384,40.26339],[140.13431,40.26429],[140.13412,40.26472],[140.13457,40.26588],[140.13427,40.26636],[140.13431,40.26762],[140.1339,40.27073],[140.1341,40.27153],[140.13495,40.27209],[140.13591,40.27374],[140.13592,40.27451],[140.13695,40.27684],[140.137,40.27796],[140.13744,40.27928],[140.13847,40.2808],[140.1386,40.28193],[140.13647,40.28333],[140.13662,40.28427],[140.13596,40.28512],[140.13526,40.2865],[140.13426,40.28782],[140.13542,40.28815],[140.13672,40.28908],[140.138,40.29172],[140.13886,40.29173],[140.13996,40.29231],[140.14112,40.2936],[140.14161,40.29388],[140.14092,40.29472],[140.14091,40.29534],[140.13989,40.29671],[140.13953,40.29784],[140.1391,40.29814],[140.13703,40.30106],[140.13548,40.3014],[140.134,40.30228],[140.13327,40.30314],[140.1329,40.30429],[140.1338,40.30534],[140.13588,40.30719],[140.13622,40.30827],[140.13574,40.3091],[140.1361,40.30949],[140.13592,40.31096],[140.13545,40.31234],[140.13502,40.3128],[140.13494,40.31378],[140.13533,40.31438],[140.1347,40.31575],[140.13585,40.31699],[140.13718,40.31774],[140.13855,40.3193],[140.13897,40.32136],[140.14034,40.32272],[140.14069,40.32415],[140.13906,40.32465],[140.13779,40.32583],[140.13785,40.32664],[140.13672,40.32751],[140.13567,40.32975],[140.1362,40.33197],[140.13565,40.33313],[140.13558,40.33498],[140.13503,40.33568],[140.13519,40.3369],[140.13487,40.33786],[140.13639,40.33877],[140.13645,40.33959],[140.13687,40.34042],[140.13787,40.34153],[140.13793,40.34278],[140.13946,40.34395],[140.1404,40.34439],[140.14232,40.34628],[140.14272,40.34725],[140.14399,40.34787],[140.14444,40.34845],[140.14535,40.34885],[140.14612,40.35008],[140.14625,40.3507],[140.14721,40.35258],[140.14679,40.35369],[140.14743,40.3545],[140.14759,40.3552],[140.14914,40.35668],[140.14975,40.35691],[140.15046,40.35779],[140.15097,40.35936],[140.15108,40.36055],[140.15073,40.36174],[140.1513,40.36222],[140.15108,40.36382],[140.15134,40.36605],[140.15175,40.36714],[140.15232,40.36791],[140.15168,40.3696],[140.15107,40.37035],[140.15001,40.37117],[140.14945,40.37254],[140.14958,40.37315],[140.15073,40.37425],[140.15183,40.3745],[140.15376,40.37448],[140.15564,40.37431],[140.15617,40.37411]]]]}},
  {"type":"Feature","properties":{"name":"五城目町","code":"05361"},"geometry":{"type":"MultiPolygon","coordinates":[[[[140.29646,39.83295],[140.29734,39.83334],[140.29863,39.83447],[140.2993,39.83587],[140.30016,39.83674],[140.30178,39.83787],[140.30247,39.83964],[140.30382,39.84179],[140.30417,39.84269],[140.30477,39.84331],[140.30426,39.84373],[140.30446,39.84425],[140.30549,39.8447],[140.30566,39.84545],[140.30648,39.8474],[140.3063,39.84839],[140.30569,39.84938],[140.30519,39.851],[140.30466,39.85197],[140.30552,39.85319],[140.30564,39.8542],[140.30465,39.85538],[140.30462,39.85589],[140.30516,39.85703],[140.30488,39.85957],[140.305,39.86068],[140.30305,39.86182],[140.30022,39.86298],[140.29934,39.86375],[140.29859,39.86476],[140.29827,39.86589],[140.29886,39.86722],[140.29942,39.86778],[140.29994,39.86913],[140.2999,39.86999],[140.30021,39.87053],[140.30031,39.87272],[140.30115,39.87333],[140.30129,39.87561],[140.30216,39.87651],[140.3024,39.87712],[140.30223,39.87803],[140.30283,39.87909],[140.30389,39.87961],[140.30277,39.88032],[140.30136,39.8817],[140.29909,39.88221],[140.29799,39.8845],[140.298,39.88575],[140.29741,39.88617],[140.29748,39.88743],[140.29678,39.88828],[140.29698,39.88943],[140.29755,39.8898],[140.29752,39.89089],[140.29705,39.89268],[140.29746,39.89443],[140.29656,39.89583],[140.29719,39.89644],[140.29738,39.89767],[140.29786,39.899],[140.29967,39.90064],[140.30011,39.90121],[140.29833,39.9027],[140.29729,39.90264],[140.29612,39.9037],[140.29573,39.90444],[140.29603,39.90612],[140.29482,39.90742],[140.29447,39.90942],[140.29389,39.90994],[140.2928,39.91192],[140.29355,39.91292],[140.29385,39.91424],[140.29492,39.91614],[140.29518,39.91782],[140.29576,39.91852],[140.29564,39.91988],[140.29389,39.92152],[140.29293,39.923],[140.29327,39.92392],[140.29251,39.92559],[140.29276,39.92687],[140.29243,39.92748],[140.29101,39.92794],[140.29039,39.92735],[140.28848,39.92707],[140.28781,39.92633],[140.28647,39.92613],[140.28558,39.92691],[140.28601,39.9286],[140.28558,39.92902],[140.28275,39.92941],[140.28172,39.92874],[140.281,39.9289],[140.27935,39.92847],[140.27817,39.92793],[140.27719,39.92782],[140.27535,39.92797],[140.2746,39.92859],[140.27496,39.93031],[140.27422,39.93198],[140.27306,39.93269],[140.27151,39.93427],[140.27008,39.93426],[140.26877,39.93534],[140.26784,39.93643],[140.26668,39.93681],[140.26582,39.9378],[140.26601,39.93861],[140.26689,39.94036],[140.26695,39.94176],[140.26516,39.94379],[140.26328,39.945],[140.26266,39.94607],[140.26246,39.94689],[140.26127,39.94972],[140.26019,39.95024],[140.25757,39.95268],[140.25628,39.95304],[140.25518,39.95378],[140.25336,39.95406],[140.25153,39.95474],[140.25127,39.95602],[140.24978,39.95847],[140.24786,39.95895],[140.24755,39.96015],[140.24905,39.96214],[140.24863,39.96256],[140.24918,39.9638],[140.24915,39.96504],[140.24978,39.9659],[140.25093,39.96652],[140.25125,39.96778],[140.25214,39.96841],[140.25268,39.97013],[140.2524,39.97219],[140.2529,39.97324],[140.25285,39.97371],[140.25203,39.97393],[140.25181,39.97578],[140.25149,39.97608],[140.25141,39.9779],[140.25093,39.97996],[140.25021,39.98087],[140.25019,39.9816],[140.2509,39.98267],[140.25043,39.98361],[140.24833,39.98435],[140.24691,39.98443],[140.24657,39.98488],[140.24319,39.98544],[140.24222,39.9866],[140.24201,39.98714],[140.24115,39.9878],[140.24039,39.98786],[140.23883,39.9886],[140.23805,39.98848],[140.23691,39.98868],[140.23652,39.98905],[140.23655,39.9901],[140.23524,39.99044],[140.23524,39.99115],[140.23437,39.99128],[140.23435,39.99182],[140.23556,39.99242],[140.23571,39.99288],[140.23409,39.99401],[140.23448,39.99469],[140.23407,39.99557],[140.23447,39.99609],[140.23437,39.99742],[140.23508,39.99861],[140.23645,40.00004],[140.23667,40.00076],[140.23659,40.00301],[140.23684,40.00369],[140.23646,40.0045],[140.23668,40.00534],[140.23624,40.00572],[140.23633,40.00646],[140.23538,40.00767],[140.23368,40.00746],[140.23297,40.00643],[140.23184,40.00576],[140.23158,40.00511],[140.23085,40.00446],[140.22937,40.00456],[140.22822,40.00416],[140.22683,40.00542],[140.22592,40.0057],[140.22361,40.00577],[140.22263,40.00608],[140.21973,40.00599],[140.21893,40.00689],[140.21612,40.0077],[140.21577,40.00892],[140.21407,40.0106],[140.21275,40.01099],[140.21169,40.01158],[140.21062,40.01131],[140.20945,40.01182],[140.20764,40.01183],[140.20671,40.01208],[140.2041,40.0115],[140.20271,40.01262],[140.20178,40.01292],[140.20071,40.01266],[140.19792,40.01291],[140.19689,40.01256],[140.19593,40.01153],[140.19374,40.01036],[140.19266,40.01068],[140.19155,40.01015],[140.19026,40.0101],[140.18747,40.01062],[140.18642,40.00975],[140.18571,40.0097],[140.18399,40.00899],[140.18228,40.0086],[140.18197,40.00805],[140.18216,40.00669],[140.18139,40.00583],[140.18006,40.00529],[140.17858,40.00512],[140.17651,40.00424],[140.1755,40.00435],[140.17486,40.00494],[140.17339,40.00528],[140.17296,40.00612],[140.17352,40.0074],[140.17302,40.00835],[140.17114,40.0095],[140.1708,40.01055],[140.16797,40.01056],[140.16639,40.01137],[140.16441,40.01074],[140.16258,40.01057],[140.16177,40.01102],[140.16122,40.01055],[140.16051,40.01071],[140.15824,40.01067],[140.1572,40.00953],[140.15679,40.00818],[140.15522,40.00843],[140.15432,40.00817],[140.15388,40.00742],[140.15322,40.00725],[140.15322,40.00653],[140.15253,40.0057],[140.15287,40.00501],[140.15251,40.00447],[140.15046,40.00313],[140.14845,40.00243],[140.14788,40.00263],[140.14621,40.00214],[140.14604,40.00105],[140.14433,39.99871],[140.14332,39.99878],[140.14146,39.99783],[140.13997,39.99758],[140.13908,39.99697],[140.13698,39.99681],[140.13569,39.99722],[140.13492,39.99716],[140.13315,39.99761],[140.13186,39.99775],[140.13096,39.99531],[140.12953,39.99429],[140.12769,39.99347],[140.1274,39.99181],[140.12774,39.99106],[140.12716,39.99018],[140.12694,39.98931],[140.12516,39.98849],[140.12394,39.989],[140.12275,39.98879],[140.12143,39.9893],[140.12006,39.98839],[140.11943,39.9883],[140.11889,39.98765],[140.11738,39.98707],[140.11628,39.98629],[140.11632,39.98562],[140.11759,39.98503],[140.11795,39.98446],[140.11894,39.98372],[140.11857,39.98285],[140.11737,39.98288],[140.11721,39.98208],[140.1191,39.98177],[140.12158,39.98122],[140.12219,39.98089],[140.12341,39.97966],[140.1231,39.97827],[140.12256,39.97853],[140.12104,39.97834],[140.12087,39.97737],[140.12031,39.97653],[140.1197,39.97635],[140.11868,39.97508],[140.11918,39.97472],[140.1191,39.97347],[140.11842,39.9729],[140.11903,39.97243],[140.11832,39.9719],[140.11808,39.97132],[140.11981,39.97017],[140.11985,39.96856],[140.11922,39.96684],[140.11765,39.96554],[140.11626,39.96502],[140.11514,39.96417],[140.11523,39.96179],[140.11559,39.96085],[140.11511,39.9603],[140.11521,39.95949],[140.11327,39.95836],[140.11139,39.95805],[140.10969,39.95973],[140.0949,39.96772],[140.09518,39.96635],[140.09492,39.96523],[140.09393,39.96525],[140.09342,39.96401],[140.09254,39.96418],[140.09035,39.95891],[140.09762,39.95365],[140.09623,39.95306],[140.09687,39.95263],[140.09332,39.95225],[140.09343,39.95154],[140.09204,39.95142],[140.09309,39.94538],[140.09819,39.94576],[140.09839,39.94533],[140.09959,39.94517],[140.10112,39.94541],[140.10285,39.94686],[140.10536,39.9482],[140.10653,39.95027],[140.10506,39.95094],[140.10533,39.95123],[140.10716,39.95133],[140.10768,39.95084],[140.10762,39.95007],[140.10828,39.94996],[140.10765,39.94915],[140.10756,39.94834],[140.10583,39.94662],[140.10637,39.94516],[140.10684,39.94475],[140.10888,39.94417],[140.10874,39.94345],[140.10644,39.94375],[140.10566,39.9441],[140.10433,39.94343],[140.10386,39.94198],[140.10322,39.94178],[140.10098,39.94198],[140.09663,39.94302],[140.09396,39.9428],[140.09306,39.94229],[140.09264,39.94135],[140.09072,39.93943],[140.08989,39.93837],[140.08903,39.93847],[140.08868,39.94233],[140.08756,39.94271],[140.0875,39.94312],[140.08625,39.94335],[140.08596,39.94236],[140.08497,39.94238],[140.08484,39.94187],[140.0854,39.94026],[140.08539,39.93982],[140.08378,39.93985],[140.08155,39.93867],[140.08062,39.93867],[140.07761,39.94002],[140.0765,39.94026],[140.07554,39.94005],[140.07121,39.93769],[140.06857,39.93661],[140.06625,39.93598],[140.0645,39.93569],[140.06367,39.93653],[140.06221,39.9365],[140.06161,39.93622],[140.06085,39.9354],[140.06023,39.93404],[140.05938,39.93341],[140.06167,39.93284],[140.06281,39.93245],[140.06573,39.93225],[140.06685,39.93205],[140.06736,39.93234],[140.06974,39.93191],[140.07036,39.9304],[140.07169,39.93011],[140.07314,39.93088],[140.07476,39.93098],[140.0761,39.93054],[140.07691,39.93053],[140.07868,39.9293],[140.08046,39.92832],[140.08654,39.9275],[140.08693,39.92768],[140.08951,39.92705],[140.09007,39.92635],[140.09124,39.92605],[140.09182,39.92674],[140.09266,39.92663],[140.09307,39.92769],[140.09357,39.92737],[140.09498,39.92736],[140.09923,39.92599],[140.10162,39.92503],[140.10325,39.92565],[140.10434,39.92693],[140.10656,39.92791],[140.10737,39.92794],[140.10878,39.92755],[140.11044,39.92623],[140.11235,39.92623],[140.11389,39.92529],[140.1145,39.92532],[140.11529,39.92477],[140.11663,39.92506],[140.11719,39.92479],[140.11853,39.92479],[140.11934,39.92422],[140.11923,39.92344],[140.11964,39.92146],[140.11894,39.92126],[140.11882,39.92061],[140.11922,39.91975],[140.11993,39.9196],[140.12101,39.92002],[140.12188,39.91987],[140.12273,39.92013],[140.12392,39.91988],[140.12337,39.91891],[140.12436,39.91863],[140.12462,39.91783],[140.12713,39.91804],[140.12885,39.91774],[140.12983,39.91806],[140.13066,39.91801],[140.1318,39.91693],[140.13303,39.91681],[140.13296,39.91578],[140.13346,39.91526],[140.13309,39.91454],[140.13353,39.91412],[140.1331,39.91347],[140.13323,39.91205],[140.13226,39.91181],[140.13237,39.9106],[140.13302,39.91033],[140.1339,39.91068],[140.13466,39.91038],[140.13589,39.91037],[140.13652,39.90928],[140.13571,39.90819],[140.13593,39.90695],[140.1374,39.90597],[140.1374,39.90516],[140.13816,39.90503],[140.13857,39.90456],[140.13976,39.90482],[140.14007,39.90406],[140.14152,39.90357],[140.14299,39.90328],[140.14366,39.90361],[140.14451,39.90322],[140.1448,39.90274],[140.14645,39.90269],[140.14755,39.90297],[140.14829,39.9024],[140.14836,39.9016],[140.14925,39.90057],[140.15014,39.90049],[140.15025,39.8994],[140.14994,39.89914],[140.15036,39.89806],[140.1489,39.8964],[140.1488,39.89533],[140.14987,39.89471],[140.14931,39.89322],[140.15029,39.89212],[140.15028,39.891],[140.15147,39.89059],[140.1535,39.8908],[140.15547,39.89088],[140.15681,39.89041],[140.15778,39.89064],[140.15846,39.89115],[140.15982,39.89152],[140.16031,39.89188],[140.16183,39.89138],[140.1624,39.89152],[140.1634,39.89245],[140.16479,39.89193],[140.16585,39.89202],[140.16644,39.89158],[140.16813,39.89129],[140.17035,39.89148],[140.17135,39.89199],[140.17378,39.89222],[140.17476,39.89319],[140.17625,39.89402],[140.17737,39.89345],[140.17844,39.89348],[140.17918,39.89284],[140.17936,39.891],[140.17996,39.89048],[140.18215,39.88913],[140.18372,39.88837],[140.18468,39.88697],[140.18523,39.8847],[140.18499,39.88383],[140.18536,39.88312],[140.18596,39.88284],[140.18716,39.88294],[140.1884,39.88275],[140.1893,39.88228],[140.19186,39.88175],[140.19362,39.88193],[140.19524,39.88192],[140.19641,39.88124],[140.19772,39.88099],[140.19856,39.88113],[140.20047,39.88092],[140.2019,39.88129],[140.20403,39.8806],[140.20526,39.88069],[140.2061,39.88025],[140.21096,39.88068],[140.21154,39.8804],[140.21285,39.87886],[140.21471,39.87801],[140.2159,39.87808],[140.21692,39.87748],[140.21769,39.87502],[140.21671,39.87442],[140.21648,39.87341],[140.21624,39.87104],[140.21675,39.86852],[140.21645,39.86692],[140.21662,39.86569],[140.21646,39.86387],[140.21591,39.86314],[140.2176,39.86297],[140.21979,39.86251],[140.22043,39.8617],[140.22192,39.86147],[140.22272,39.86097],[140.22223,39.85874],[140.22282,39.8577],[140.22229,39.85633],[140.22266,39.85501],[140.2236,39.85489],[140.22494,39.85438],[140.22543,39.8539],[140.22659,39.85355],[140.22664,39.85275],[140.22715,39.85245],[140.22708,39.8517],[140.22849,39.84918],[140.23023,39.8478],[140.23143,39.84654],[140.23129,39.84589],[140.23201,39.84498],[140.23253,39.84473],[140.23224,39.84364],[140.23329,39.84275],[140.23379,39.84156],[140.23544,39.84048],[140.23678,39.84025],[140.23755,39.83923],[140.23931,39.83898],[140.23927,39.83717],[140.23982,39.83667],[140.24081,39.83642],[140.24132,39.83584],[140.24103,39.835],[140.24134,39.83437],[140.242,39.83413],[140.24239,39.83297],[140.243,39.83257],[140.24295,39.83193],[140.24402,39.83132],[140.24578,39.83101],[140.24569,39.82935],[140.24925,39.82889],[140.25072,39.82757],[140.2517,39.8275],[140.25414,39.82812],[140.25542,39.82919],[140.25659,39.82898],[140.25889,39.83001],[140.26053,39.83014],[140.2618,39.82915],[140.26377,39.82971],[140.26512,39.82922],[140.26507,39.82848],[140.26602,39.82776],[140.27015,39.82704],[140.27191,39.82736],[140.27377,39.82738],[140.27432,39.82792],[140.27459,39.82882],[140.27663,39.82971],[140.27736,39.8299],[140.27829,39.83222],[140.2795,39.83273],[140.28079,39.83418],[140.28178,39.83497],[140.28312,39.83421],[140.28564,39.83327],[140.2861,39.83324],[140.2873,39.83218],[140.2875,39.83119],[140.28817,39.83077],[140.29032,39.83102],[140.29135,39.83089],[140.29246,39.8305],[140.29495,39.83222],[140.29646,39.83295]]],[[[140.04412,39.94023],[140.03859,39.93573],[140.0319,39.93106],[140.02351,39.92516],[140.016,39.91985],[140.04778,39.92654],[140.0556,39.92996],[140.05677,39.92897],[140.05757,39.92913],[140.06262,39.92951],[140.06302,39.93094],[140.05758,39.93211],[140.05893,39.93314],[140.05732,39.93282],[140.05621,39.93347],[140.05662,39.93455],[140.05666,39.93587],[140.05511,39.936],[140.05256,39.93591],[140.0504,39.93623],[140.04834,39.93715],[140.04412,39.94023]]]]}},
  {"type":"Feature","properties":{"name":"八郎潟町","code":"05363"},"geometry":{"type":"MultiPolygon","coordinates":[[[[140.06861,39.98683],[140.06821,39.98211],[140.06639,39.97729],[140.06426,39.97126],[140.06109,39.96283],[140.05456,39.95132],[140.05112,39.94604],[140.04412,39.94023],[140.04834,39.93715],[140.0504,39.93623],[140.05256,39.93591],[140.05511,39.936],[140.05666,39.93587],[140.05662,39.93455],[140.05621,39.93347],[140.05732,39.93282],[140.05893,39.93314],[140.05938,39.93341],[140.06023,39.93404],[140.06085,39.9354],[140.06161,39.93622],[140.06221,39.9365],[140.06367,39.93653],[140.0645,39.93569],[140.06625,39.93598],[140.06857,39.93661],[140.07121,39.93769],[140.07554,39.94005],[140.0765,39.94026],[140.07761,39.94002],[140.08062,39.93867],[140.08155,39.93867],[140.08378,39.93985],[140.08539,39.93982],[140.0854,39.94026],[140.08484,39.94187],[140.08497,39.94238],[140.08596,39.94236],[140.08625,39.94335],[140.0875,39.94312],[140.08756,39.94271],[140.08868,39.94233],[140.08903,39.93847],[140.08989,39.93837],[140.09072,39.93943],[140.09264,39.94135],[140.09306,39.94229],[140.09396,39.9428],[140.09663,39.94302],[140.10098,39.94198],[140.10322,39.94178],[140.10386,39.94198],[140.10433,39.94343],[140.10566,39.9441],[140.10644,39.94375],[140.10874,39.94345],[140.10888,39.94417],[140.10684,39.94475],[140.10637,39.94516],[140.10583,39.94662],[140.10756,39.94834],[140.10765,39.94915],[140.10828,39.94996],[140.10762,39.95007],[140.10768,39.95084],[140.10716,39.95133],[140.10533,39.95123],[140.10506,39.95094],[140.10653,39.95027],[140.10536,39.9482],[140.10285,39.94686],[140.10112,39.94541],[140.09959,39.94517],[140.09839,39.94533],[140.09819,39.94576],[140.09309,39.94538],[140.09204,39.95142],[140.09343,39.95154],[140.09332,39.95225],[140.09687,39.95263],[140.09623,39.95306],[140.09762,39.95365],[140.09035,39.95891],[140.09254,39.96418],[140.09342,39.96401],[140.09393,39.96525],[140.09492,39.96523],[140.09518,39.96635],[140.0949,39.96772],[140.10969,39.95973],[140.11139,39.95805],[140.11327,39.95836],[140.11521,39.95949],[140.11511,39.9603],[140.11559,39.96085],[140.11523,39.96179],[140.11514,39.96417],[140.11626,39.96502],[140.11765,39.96554],[140.11922,39.96684],[140.11985,39.96856],[140.11981,39.97017],[140.11808,39.97132],[140.11832,39.9719],[140.11903,39.97243],[140.11842,39.9729],[140.1191,39.97347],[140.11918,39.97472],[140.11868,39.97508],[140.1197,39.97635],[140.12031,39.97653],[140.12087,39.97737],[140.12104,39.97834],[140.11999,39.97875],[140.11705,39.97933],[140.11479,39.97923],[140.11405,39.97815],[140.11181,39.97832],[140.11131,39.97799],[140.10981,39.97772],[140.10885,39.97774],[140.10888,39.97681],[140.10791,39.97626],[140.10782,39.97559],[140.10843,39.97488],[140.10811,39.97457],[140.10518,39.97452],[140.10374,39.97479],[140.10281,39.97567],[140.10148,39.97658],[140.10006,39.97629],[140.09728,39.97637],[140.0952,39.9756],[140.09388,39.97572],[140.09297,39.97511],[140.09233,39.97517],[140.09089,39.97479],[140.08928,39.97472],[140.08784,39.97584],[140.08649,39.97627],[140.0856,39.97629],[140.08396,39.97745],[140.08385,39.97814],[140.08293,39.97907],[140.08212,39.97906],[140.08134,39.98008],[140.08031,39.9803],[140.08007,39.98128],[140.0786,39.98207],[140.07846,39.98266],[140.07946,39.98378],[140.07859,39.98592],[140.07742,39.98607],[140.07563,39.98599],[140.06861,39.98683]]]]}},
  {"type":"Feature","properties":{"name":"井川町","code":"05366"},"geometry":{"type":"MultiPolygon","coordinates":[[[[140.21591,39.86314],[140.21646,39.86387],[140.21662,39.86569],[140.21645,39.86692],[140.21675,39.86852],[140.21624,39.87104],[140.21648,39.87341],[140.21671,39.87442],[140.21769,39.87502],[140.21692,39.87748],[140.2159,39.87808],[140.21471,39.87801],[140.21285,39.87886],[140.21154,39.8804],[140.21096,39.88068],[140.2061,39.88025],[140.20526,39.88069],[140.20403,39.8806],[140.2019,39.88129],[140.20047,39.88092],[140.19856,39.88113],[140.19772,39.88099],[140.19641,39.88124],[140.19524,39.88192],[140.19362,39.88193],[140.19186,39.88175],[140.1893,39.88228],[140.1884,39.88275],[140.18716,39.88294],[140.18596,39.88284],[140.18536,39.88312],[140.18499,39.88383],[140.18523,39.8847],[140.18468,39.88697],[140.18372,39.88837],[140.18215,39.88913],[140.17996,39.89048],[140.17936,39.891],[140.17918,39.89284],[140.17844,39.89348],[140.17737,39.89345],[140.17625,39.89402],[140.17476,39.89319],[140.17378,39.89222],[140.17135,39.89199],[140.17035,39.89148],[140.16813,39.89129],[140.16644,39.89158],[140.16585,39.89202],[140.16479,39.89193],[140.1634,39.89245],[140.1624,39.89152],[140.16183,39.89138],[140.16031,39.89188],[140.15982,39.89152],[140.15846,39.89115],[140.15778,39.89064],[140.15681,39.89041],[140.15547,39.89088],[140.1535,39.8908],[140.15147,39.89059],[140.15028,39.891],[140.15029,39.89212],[140.14931,39.89322],[140.14987,39.89471],[140.1488,39.89533],[140.1489,39.8964],[140.15036,39.89806],[140.14994,39.89914],[140.15025,39.8994],[140.15014,39.90049],[140.14925,39.90057],[140.14836,39.9016],[140.14829,39.9024],[140.14755,39.90297],[140.14645,39.90269],[140.1448,39.90274],[140.14451,39.90322],[140.14366,39.90361],[140.14299,39.90328],[140.14152,39.90357],[140.14007,39.90406],[140.13976,39.90482],[140.13857,39.90456],[140.13816,39.90503],[140.1374,39.90516],[140.1374,39.90597],[140.13593,39.90695],[140.13571,39.90819],[140.13652,39.90928],[140.13589,39.91037],[140.13466,39.91038],[140.1339,39.91068],[140.13302,39.91033],[140.13237,39.9106],[140.13226,39.91181],[140.13323,39.91205],[140.1331,39.91347],[140.13353,39.91412],[140.13309,39.91454],[140.13346,39.91526],[140.13296,39.91578],[140.13303,39.91681],[140.1318,39.91693],[140.13066,39.91801],[140.12983,39.91806],[140.12885,39.91774],[140.12713,39.91804],[140.12462,39.91783],[140.12436,39.91863],[140.12337,39.91891],[140.12392,39.91988],[140.12273,39.92013],[140.12188,39.91987],[140.12101,39.92002],[140.11993,39.9196],[140.11922,39.91975],[140.11882,39.92061],[140.11894,39.92126],[140.11964,39.92146],[140.11923,39.92344],[140.11934,39.92422],[140.11853,39.92479],[140.11719,39.92479],[140.11663,39.92506],[140.11529,39.92477],[140.1145,39.92532],[140.11389,39.92529],[140.11235,39.92623],[140.11044,39.92623],[140.10878,39.92755],[140.10737,39.92794],[140.10656,39.92791],[140.10434,39.92693],[140.10325,39.92565],[140.10162,39.92503],[140.09923,39.92599],[140.09498,39.92736],[140.09357,39.92737],[140.09307,39.92769],[140.09266,39.92663],[140.09182,39.92674],[140.09124,39.92605],[140.09007,39.92635],[140.08951,39.92705],[140.08693,39.92768],[140.08654,39.9275],[140.08046,39.92832],[140.07868,39.9293],[140.07691,39.93053],[140.0761,39.93054],[140.07476,39.93098],[140.07314,39.93088],[140.07169,39.93011],[140.07036,39.9304],[140.06974,39.93191],[140.06736,39.93234],[140.06685,39.93205],[140.06573,39.93225],[140.06281,39.93245],[140.06167,39.93284],[140.05938,39.93341],[140.05893,39.93314],[140.05758,39.93211],[140.06302,39.93094],[140.06262,39.92951],[140.05757,39.92913],[140.05677,39.92897],[140.0556,39.92996],[140.04778,39.92654],[140.016,39.91985],[140.01639,39.91942],[140.03354,39.90559],[140.05416,39.90496],[140.05823,39.90463],[140.05923,39.90476],[140.06252,39.90465],[140.06409,39.90451],[140.06721,39.90461],[140.06976,39.90444],[140.0698,39.90542],[140.07396,39.90529],[140.07393,39.90421],[140.07483,39.90416],[140.07498,39.90496],[140.07746,39.90534],[140.07908,39.90518],[140.07926,39.90428],[140.08176,39.9045],[140.08437,39.90531],[140.08545,39.90492],[140.08736,39.90538],[140.09,39.90485],[140.09028,39.90464],[140.09207,39.90429],[140.09191,39.90339],[140.09227,39.9019],[140.09437,39.90074],[140.09563,39.89939],[140.09656,39.8986],[140.09708,39.89725],[140.09782,39.89706],[140.09882,39.89594],[140.10014,39.89515],[140.10005,39.89464],[140.09934,39.89435],[140.0986,39.89346],[140.10078,39.89289],[140.10203,39.89196],[140.10151,39.89118],[140.10218,39.89044],[140.10341,39.89041],[140.10453,39.88953],[140.10455,39.88861],[140.10558,39.8875],[140.10643,39.88574],[140.1073,39.88571],[140.10869,39.88528],[140.11051,39.88511],[140.11229,39.88356],[140.1133,39.88342],[140.11416,39.88245],[140.1137,39.88196],[140.11326,39.88055],[140.11353,39.88005],[140.11455,39.87994],[140.11583,39.87801],[140.11591,39.877],[140.11563,39.87647],[140.1184,39.87549],[140.12026,39.87527],[140.12116,39.87462],[140.12097,39.874],[140.12142,39.87339],[140.12287,39.87388],[140.12403,39.87373],[140.12531,39.87317],[140.12655,39.87315],[140.12786,39.87343],[140.1283,39.87272],[140.12908,39.87228],[140.12987,39.87138],[140.12919,39.87066],[140.12943,39.86969],[140.12925,39.86916],[140.12997,39.86838],[140.13045,39.86678],[140.13234,39.8664],[140.13302,39.86584],[140.13447,39.86576],[140.13559,39.8665],[140.13756,39.86682],[140.13885,39.86676],[140.13943,39.86721],[140.13942,39.86773],[140.14026,39.86805],[140.14153,39.86788],[140.14287,39.86859],[140.14423,39.86792],[140.1453,39.86812],[140.14564,39.86787],[140.1454,39.86672],[140.14617,39.86601],[140.147,39.86636],[140.14756,39.86617],[140.14838,39.8645],[140.1492,39.8641],[140.15087,39.8647],[140.15173,39.86588],[140.15261,39.86585],[140.15407,39.86718],[140.15448,39.8664],[140.15528,39.86638],[140.15567,39.86501],[140.15679,39.86496],[140.15716,39.86423],[140.15688,39.86346],[140.15782,39.86312],[140.15811,39.86218],[140.1586,39.86189],[140.15987,39.8617],[140.16013,39.86098],[140.16128,39.86054],[140.1616,39.8594],[140.16214,39.85933],[140.16346,39.85779],[140.16413,39.85803],[140.16584,39.8582],[140.16676,39.85858],[140.16679,39.85739],[140.16865,39.85645],[140.16955,39.85513],[140.17039,39.8549],[140.17223,39.85488],[140.17358,39.85465],[140.17734,39.85456],[140.17803,39.85436],[140.17944,39.85465],[140.18151,39.85439],[140.18256,39.85456],[140.18424,39.85411],[140.18603,39.85438],[140.18709,39.85577],[140.19054,39.8566],[140.19246,39.85719],[140.19374,39.85795],[140.19715,39.85929],[140.19778,39.85979],[140.19859,39.86192],[140.19996,39.86358],[140.20045,39.86394],[140.20164,39.86358],[140.20386,39.86384],[140.20494,39.86438],[140.20672,39.8649],[140.20805,39.86503],[140.20913,39.86452],[140.20938,39.86367],[140.21237,39.86414],[140.21326,39.86284],[140.21481,39.86277],[140.21591,39.86314]]]]}},
  {"type":"Feature","properties":{"name":"大潟村","code":"05368"},"geometry":{"type":"MultiPolygon","coordinates":[[[[139.97633,39.92781],[139.99659,39.92343],[140.00562,39.92154],[140.01149,39.92035],[140.01547,39.91979],[140.016,39.91985],[140.02351,39.92516],[140.0319,39.93106],[140.03859,39.93573],[140.04412,39.94023],[140.05112,39.94604],[140.05456,39.95132],[140.06109,39.96283],[140.06426,39.97126],[140.06639,39.97729],[140.06821,39.98211],[140.06861,39.98683],[140.06879,39.98925],[140.06917,39.99278],[140.06966,39.99848],[140.07038,40.00809],[140.07048,40.00981],[140.07076,40.01948],[140.07116,40.03555],[140.0713,40.0401],[140.0664,40.05085],[140.05899,40.06154],[140.05173,40.06606],[140.04881,40.06725],[140.03514,40.07263],[140.02617,40.07608],[140.02023,40.07839],[140.01662,40.08216],[140.01045,40.08487],[140.00538,40.08569],[140.00449,40.08606],[140.00184,40.08753],[140.00083,40.08847],[140.00068,40.0898],[139.99987,40.09064],[139.99965,40.09139],[139.9995,40.09337],[139.99867,40.09323],[139.99577,40.09366],[139.99218,40.09394],[139.98786,40.09418],[139.98541,40.09338],[139.98491,40.09164],[139.98408,40.09026],[139.98386,40.08913],[139.98369,40.08421],[139.98201,40.08236],[139.9823,40.08096],[139.98202,40.07997],[139.98096,40.07837],[139.97933,40.0773],[139.97636,40.07632],[139.97621,40.0754],[139.97906,40.07359],[139.97999,40.07271],[139.98092,40.07119],[139.98092,40.06932],[139.98041,40.06819],[139.97901,40.06698],[139.97704,40.06617],[139.97113,40.064],[139.9672,40.06226],[139.96609,40.06053],[139.96492,40.05987],[139.96364,40.05941],[139.96244,40.05844],[139.96204,40.05752],[139.96094,40.0547],[139.96017,40.05244],[139.95921,40.05031],[139.95801,40.04918],[139.9577,40.04787],[139.95611,40.04589],[139.95365,40.04334],[139.95319,40.0421],[139.95311,40.0385],[139.95238,40.03707],[139.9507,40.03627],[139.93583,40.03098],[139.93423,40.03034],[139.93386,40.02972],[139.93192,40.0242],[139.93033,40.0233],[139.93197,40.01944],[139.93281,40.01773],[139.93415,40.0165],[139.9361,40.01095],[139.93658,40.01039],[139.93767,40.00981],[139.94183,40.00786],[139.94262,40.00691],[139.9436,40.00523],[139.94358,40.00422],[139.94302,40.00152],[139.94219,40.00065],[139.93623,39.99514],[139.93347,39.99024],[139.93123,39.98346],[139.92835,39.97453],[139.92564,39.96688],[139.92472,39.96443],[139.92244,39.9588],[139.92262,39.95794],[139.92621,39.95299],[139.93795,39.94766],[139.9414,39.94602],[139.94478,39.94388],[139.94691,39.94294],[139.94747,39.94219],[139.94945,39.94112],[139.95549,39.93809],[139.96667,39.9326],[139.97633,39.92781]]]]}},
  {"type":"Feature","properties":{"name":"美郷町","code":"05434"},"geometry":{"type":"MultiPolygon","coordinates":[[[[140.65617,39.38915],[140.65323,39.3908],[140.65316,39.39121],[140.65386,39.39291],[140.65465,39.39406],[140.65576,39.39404],[140.65598,39.39498],[140.65658,39.39538],[140.65713,39.39675],[140.65714,39.39739],[140.65804,39.39802],[140.65828,39.3985],[140.65784,39.39943],[140.6589,39.40058],[140.66175,39.40192],[140.66369,39.40375],[140.66281,39.4046],[140.66205,39.40496],[140.66179,39.40559],[140.66279,39.40788],[140.66269,39.40823],[140.65882,39.40925],[140.65748,39.41168],[140.65824,39.41415],[140.65889,39.41472],[140.66009,39.41428],[140.66242,39.41476],[140.66452,39.41553],[140.66633,39.41652],[140.6679,39.4168],[140.6689,39.41739],[140.67089,39.41766],[140.67327,39.41689],[140.67513,39.41691],[140.67645,39.41869],[140.67705,39.41892],[140.67889,39.41801],[140.6794,39.41701],[140.68051,39.41754],[140.6811,39.41839],[140.68141,39.41949],[140.68206,39.4209],[140.68331,39.42166],[140.68356,39.42249],[140.68408,39.42298],[140.68512,39.42467],[140.68412,39.42611],[140.68402,39.42711],[140.68468,39.42779],[140.68469,39.42861],[140.68582,39.43],[140.68577,39.43154],[140.68633,39.43242],[140.68629,39.43448],[140.6858,39.43554],[140.6856,39.43726],[140.68471,39.43826],[140.68347,39.44044],[140.68236,39.4419],[140.68145,39.44257],[140.68029,39.44303],[140.68027,39.44368],[140.67903,39.44495],[140.67775,39.44521],[140.67702,39.44673],[140.6768,39.44779],[140.67699,39.4484],[140.67802,39.44896],[140.6782,39.45022],[140.67897,39.45184],[140.6808,39.45296],[140.68106,39.45347],[140.68093,39.45463],[140.6819,39.45646],[140.68198,39.45731],[140.68345,39.45714],[140.68468,39.45819],[140.6856,39.45953],[140.68733,39.46014],[140.68831,39.46236],[140.6895,39.46393],[140.68953,39.46481],[140.69087,39.46507],[140.692,39.46558],[140.69321,39.46586],[140.69605,39.46622],[140.69752,39.4669],[140.69815,39.46778],[140.69755,39.46837],[140.69656,39.46982],[140.69575,39.47061],[140.69521,39.47199],[140.6952,39.47308],[140.69414,39.47354],[140.69382,39.47402],[140.69343,39.47559],[140.6934,39.4771],[140.69186,39.47786],[140.69011,39.47906],[140.68788,39.47935],[140.68491,39.48014],[140.6833,39.48068],[140.68183,39.48082],[140.68045,39.48125],[140.67834,39.48124],[140.67716,39.48167],[140.67668,39.4822],[140.67642,39.48335],[140.67534,39.48422],[140.67376,39.48637],[140.67338,39.48766],[140.67203,39.48878],[140.67111,39.48895],[140.67067,39.48964],[140.66972,39.48998],[140.66811,39.48897],[140.66711,39.48891],[140.6649,39.49034],[140.66461,39.49155],[140.66394,39.49178],[140.6628,39.49269],[140.66164,39.49293],[140.66097,39.49448],[140.65993,39.49458],[140.65767,39.49426],[140.6541,39.49452],[140.6534,39.49423],[140.65191,39.49413],[140.6506,39.4938],[140.65006,39.49408],[140.64942,39.4955],[140.64855,39.49597],[140.64769,39.49753],[140.64573,39.49795],[140.64489,39.49829],[140.64338,39.4984],[140.64071,39.49837],[140.63916,39.49814],[140.63908,39.49738],[140.63845,39.4968],[140.63618,39.49676],[140.6337,39.49631],[140.63142,39.49665],[140.63056,39.49649],[140.62884,39.49565],[140.62803,39.49576],[140.62383,39.49534],[140.62339,39.49457],[140.62191,39.4939],[140.61951,39.49248],[140.61822,39.49251],[140.61689,39.49191],[140.61588,39.4918],[140.61463,39.49227],[140.61308,39.49382],[140.61234,39.49372],[140.61115,39.49217],[140.61028,39.49214],[140.60783,39.48998],[140.60642,39.48947],[140.60376,39.48936],[140.60295,39.4889],[140.60068,39.48877],[140.59635,39.48889],[140.59544,39.48819],[140.59484,39.48807],[140.59254,39.4869],[140.59177,39.48678],[140.5905,39.48392],[140.58942,39.48169],[140.58452,39.48224],[140.58419,39.48053],[140.58123,39.48084],[140.58069,39.48001],[140.57766,39.48056],[140.57778,39.47977],[140.57551,39.47955],[140.57503,39.48093],[140.5702,39.48148],[140.57018,39.48172],[140.5748,39.48118],[140.57541,39.48188],[140.57556,39.48266],[140.56824,39.48351],[140.56852,39.48584],[140.56781,39.48599],[140.56588,39.48526],[140.56613,39.48485],[140.56454,39.48425],[140.56003,39.48346],[140.56033,39.4824],[140.55794,39.48195],[140.55746,39.48072],[140.55781,39.47994],[140.55905,39.47975],[140.55893,39.4793],[140.55994,39.47843],[140.55921,39.47788],[140.55904,39.47657],[140.55856,39.47584],[140.55749,39.4751],[140.55564,39.47438],[140.55463,39.47346],[140.55368,39.47312],[140.55214,39.473],[140.55227,39.47363],[140.54794,39.47268],[140.5449,39.47176],[140.54498,39.47113],[140.54599,39.47124],[140.54654,39.46987],[140.54738,39.46984],[140.54995,39.47103],[140.55107,39.47127],[140.5514,39.47083],[140.55278,39.47062],[140.55301,39.46933],[140.55471,39.46935],[140.55568,39.4692],[140.55627,39.46881],[140.55777,39.46877],[140.55775,39.46795],[140.55517,39.46798],[140.55515,39.46539],[140.55357,39.46466],[140.55443,39.46387],[140.55562,39.46385],[140.55491,39.46092],[140.55406,39.46051],[140.55422,39.45813],[140.55501,39.45709],[140.55513,39.45542],[140.55799,39.45377],[140.55718,39.45225],[140.55887,39.45144],[140.55936,39.45103],[140.55904,39.45021],[140.55834,39.44924],[140.55592,39.44984],[140.55631,39.45076],[140.55429,39.45125],[140.55309,39.45108],[140.55229,39.4513],[140.55176,39.45235],[140.55006,39.45277],[140.54839,39.45251],[140.54513,39.45268],[140.54515,39.45134],[140.54616,39.45103],[140.54582,39.45027],[140.54475,39.45058],[140.543,39.45037],[140.54261,39.44935],[140.54152,39.44919],[140.54018,39.4507],[140.5375,39.4507],[140.53744,39.44982],[140.53778,39.44933],[140.53783,39.44795],[140.53752,39.44714],[140.53617,39.44702],[140.53414,39.44756],[140.53323,39.44536],[140.53285,39.44546],[140.53238,39.44436],[140.53077,39.44479],[140.52985,39.44444],[140.52796,39.44408],[140.52667,39.44058],[140.52378,39.44121],[140.52346,39.44033],[140.52194,39.44064],[140.5211,39.4399],[140.52262,39.43963],[140.52192,39.43707],[140.52113,39.43679],[140.519,39.43728],[140.5186,39.43624],[140.51775,39.43638],[140.51583,39.43735],[140.51556,39.43677],[140.51419,39.43724],[140.51402,39.43684],[140.51298,39.43711],[140.51065,39.43186],[140.51289,39.43107],[140.51432,39.43041],[140.51452,39.42921],[140.51399,39.42745],[140.51582,39.42522],[140.51662,39.42443],[140.5186,39.42302],[140.51865,39.42401],[140.52,39.4239],[140.52004,39.42138],[140.5178,39.42146],[140.51747,39.41745],[140.51698,39.41652],[140.51611,39.41574],[140.51459,39.41589],[140.51462,39.41483],[140.51422,39.4133],[140.51369,39.41332],[140.51108,39.41443],[140.51004,39.41423],[140.50532,39.41504],[140.50325,39.41432],[140.5049,39.41196],[140.50635,39.41259],[140.50827,39.40657],[140.5101,39.4053],[140.50976,39.40332],[140.51042,39.4032],[140.51012,39.40012],[140.51071,39.39795],[140.5083,39.39579],[140.50737,39.39594],[140.50667,39.3967],[140.50505,39.39679],[140.50489,39.39728],[140.50332,39.39771],[140.50329,39.39841],[140.50214,39.39928],[140.50143,39.39914],[140.50067,39.39993],[140.50077,39.40063],[140.49983,39.40072],[140.49804,39.40217],[140.49812,39.40303],[140.49745,39.40409],[140.49682,39.40458],[140.49624,39.40427],[140.49564,39.40122],[140.49421,39.40138],[140.49362,39.39804],[140.4925,39.39809],[140.49236,39.39743],[140.4902,39.39741],[140.48985,39.40016],[140.48807,39.40002],[140.48837,39.40101],[140.4881,39.40201],[140.48644,39.40206],[140.48507,39.4003],[140.48444,39.39828],[140.48484,39.39732],[140.48562,39.39648],[140.48832,39.39536],[140.48838,39.39459],[140.48791,39.39157],[140.48803,39.39073],[140.48619,39.38986],[140.4863,39.38921],[140.48708,39.38836],[140.48929,39.38711],[140.49069,39.38619],[140.49096,39.38548],[140.49068,39.38492],[140.48978,39.38422],[140.48938,39.38345],[140.48902,39.38229],[140.48965,39.38062],[140.49026,39.37986],[140.49196,39.37884],[140.49462,39.37867],[140.4979,39.3783],[140.49873,39.37796],[140.49908,39.37735],[140.49954,39.3749],[140.5,39.37412],[140.50139,39.37295],[140.50275,39.37226],[140.50382,39.37194],[140.50595,39.37104],[140.50687,39.37045],[140.50784,39.36952],[140.50857,39.36714],[140.50932,39.36594],[140.51106,39.364],[140.51258,39.3625],[140.51413,39.36138],[140.5163,39.36053],[140.51881,39.36026],[140.52025,39.35933],[140.52112,39.3584],[140.52274,39.35796],[140.52514,39.35789],[140.52613,39.35757],[140.52693,39.35691],[140.5283,39.35545],[140.52912,39.35428],[140.53018,39.35326],[140.53142,39.35289],[140.53398,39.35298],[140.53519,39.35282],[140.53787,39.35216],[140.54007,39.35135],[140.54092,39.35239],[140.5399,39.35378],[140.54009,39.35454],[140.5384,39.35517],[140.53695,39.35499],[140.53575,39.35564],[140.53427,39.35588],[140.53333,39.35648],[140.53277,39.35807],[140.53134,39.36029],[140.53046,39.36192],[140.53066,39.36289],[140.5382,39.36372],[140.53972,39.36373],[140.54047,39.36264],[140.54165,39.3625],[140.54205,39.36218],[140.54273,39.3606],[140.54381,39.35967],[140.54341,39.35853],[140.54442,39.35636],[140.54593,39.35584],[140.54673,39.3552],[140.54707,39.35631],[140.54826,39.35698],[140.54846,39.3578],[140.54817,39.35836],[140.54924,39.35878],[140.55024,39.36062],[140.55031,39.36148],[140.54985,39.36347],[140.55068,39.36454],[140.551,39.36739],[140.55136,39.36829],[140.55094,39.3693],[140.55139,39.3715],[140.5509,39.37216],[140.54912,39.37235],[140.54786,39.37305],[140.54898,39.37394],[140.55155,39.37459],[140.55292,39.37529],[140.55499,39.37604],[140.55654,39.37632],[140.55909,39.37655],[140.56045,39.37693],[140.5641,39.37713],[140.56699,39.37673],[140.5693,39.37695],[140.57047,39.37671],[140.57102,39.37773],[140.57185,39.3778],[140.57199,39.37942],[140.57229,39.38031],[140.57336,39.38056],[140.5745,39.3813],[140.57556,39.38127],[140.57541,39.3804],[140.57691,39.38016],[140.57796,39.3804],[140.5807,39.37943],[140.58267,39.37956],[140.58422,39.37926],[140.58549,39.37881],[140.58708,39.37903],[140.59166,39.37886],[140.59528,39.37821],[140.59635,39.37699],[140.5974,39.37626],[140.59968,39.37572],[140.60179,39.37673],[140.60216,39.37727],[140.60312,39.37753],[140.60464,39.37764],[140.60573,39.37823],[140.6073,39.37854],[140.60789,39.37887],[140.60901,39.38005],[140.61134,39.3812],[140.61155,39.38158],[140.61267,39.38083],[140.61567,39.38004],[140.61629,39.37964],[140.61663,39.37895],[140.61641,39.37784],[140.61681,39.37572],[140.61751,39.37442],[140.62015,39.37391],[140.62156,39.37321],[140.62277,39.37218],[140.62189,39.37149],[140.62031,39.37068],[140.62001,39.37031],[140.62092,39.36964],[140.62271,39.37044],[140.62552,39.37072],[140.62726,39.37106],[140.62869,39.37195],[140.63041,39.3726],[140.63055,39.37375],[140.63155,39.37421],[140.63237,39.37572],[140.63083,39.37692],[140.63102,39.37761],[140.63209,39.37862],[140.63485,39.37792],[140.6363,39.37831],[140.63608,39.37922],[140.6364,39.3798],[140.6374,39.38026],[140.63875,39.38027],[140.64092,39.38059],[140.64333,39.38163],[140.64405,39.38254],[140.64431,39.3837],[140.64649,39.38352],[140.64763,39.38388],[140.64876,39.38518],[140.65081,39.38573],[140.65248,39.38552],[140.65345,39.38588],[140.65407,39.387],[140.65552,39.38895],[140.65617,39.38915]]]]}},
  {"type":"Feature","properties":{"name":"羽後町","code":"05463"},"geometry":{"type":"MultiPolygon","coordinates":[[[[140.34676,39.25049],[140.3484,39.24852],[140.34883,39.24817],[140.34796,39.2469],[140.34662,39.24679],[140.34488,39.24707],[140.34374,39.24666],[140.34311,39.246],[140.34235,39.24578],[140.34234,39.24489],[140.34118,39.24449],[140.33929,39.24555],[140.33802,39.24508],[140.33742,39.24559],[140.33821,39.24708],[140.33728,39.24789],[140.33697,39.24888],[140.33473,39.24913],[140.3339,39.24813],[140.33238,39.24805],[140.33245,39.24727],[140.33146,39.24612],[140.33104,39.24602],[140.32779,39.24602],[140.32673,39.24579],[140.326,39.24743],[140.32558,39.24801],[140.32422,39.24812],[140.32313,39.24772],[140.3203,39.24737],[140.31886,39.2479],[140.31673,39.24711],[140.31429,39.24744],[140.31338,39.24731],[140.31261,39.2468],[140.31112,39.24743],[140.3109,39.2481],[140.30967,39.24807],[140.30798,39.24714],[140.30746,39.24669],[140.3056,39.24697],[140.30397,39.24545],[140.30254,39.24557],[140.30171,39.24538],[140.30157,39.24458],[140.3001,39.24437],[140.29996,39.24396],[140.29893,39.24399],[140.29847,39.24443],[140.29678,39.24457],[140.29624,39.24497],[140.29515,39.24492],[140.29335,39.24419],[140.29081,39.24386],[140.28899,39.24401],[140.2878,39.24378],[140.28646,39.24392],[140.28521,39.24335],[140.28413,39.24334],[140.28163,39.2414],[140.28191,39.2403],[140.28079,39.24018],[140.28033,39.24057],[140.27823,39.24082],[140.27769,39.2411],[140.27557,39.24084],[140.27411,39.23987],[140.27324,39.23997],[140.27235,39.24045],[140.27044,39.24019],[140.27014,39.23937],[140.27043,39.23894],[140.2704,39.2375],[140.26961,39.23757],[140.26848,39.23718],[140.26753,39.23714],[140.26588,39.23633],[140.2646,39.23762],[140.26313,39.23797],[140.26254,39.23787],[140.26203,39.23726],[140.26108,39.23672],[140.26105,39.23551],[140.26062,39.23479],[140.259,39.23374],[140.25847,39.23312],[140.25646,39.23264],[140.25584,39.23192],[140.25492,39.2313],[140.25262,39.23096],[140.25217,39.23012],[140.25265,39.22867],[140.25245,39.22828],[140.2512,39.22748],[140.25031,39.22638],[140.24972,39.22598],[140.24905,39.22494],[140.2484,39.22456],[140.247,39.22447],[140.24604,39.22478],[140.24456,39.22456],[140.24372,39.2248],[140.24169,39.22491],[140.24048,39.22543],[140.23775,39.22729],[140.23658,39.22655],[140.23392,39.22566],[140.23291,39.2255],[140.23184,39.22603],[140.23053,39.22769],[140.22968,39.22908],[140.22847,39.22972],[140.22636,39.22944],[140.2258,39.22874],[140.22425,39.22794],[140.22271,39.22688],[140.22288,39.226],[140.22255,39.22543],[140.22264,39.22443],[140.22315,39.2238],[140.22361,39.22264],[140.22301,39.22192],[140.2208,39.22204],[140.22053,39.22086],[140.22192,39.22007],[140.22156,39.21904],[140.22179,39.21813],[140.22333,39.21684],[140.22556,39.21663],[140.22713,39.21555],[140.22722,39.21229],[140.22807,39.21216],[140.22895,39.21125],[140.22974,39.21103],[140.22925,39.20988],[140.22992,39.20819],[140.22931,39.20686],[140.23017,39.20554],[140.23005,39.20368],[140.23101,39.20317],[140.23123,39.20144],[140.23248,39.20051],[140.23351,39.19871],[140.23369,39.1981],[140.23449,39.19748],[140.23611,39.1973],[140.23628,39.19621],[140.23676,39.19518],[140.2379,39.19465],[140.23912,39.19363],[140.24114,39.19424],[140.24175,39.19426],[140.24322,39.19479],[140.2441,39.19543],[140.2446,39.19643],[140.24527,39.19691],[140.24739,39.19697],[140.24803,39.19716],[140.24892,39.19683],[140.24986,39.19538],[140.25217,39.19359],[140.25405,39.19263],[140.25508,39.19161],[140.25586,39.19124],[140.25611,39.19056],[140.25733,39.19005],[140.25703,39.18916],[140.25768,39.1887],[140.25782,39.18811],[140.25672,39.18693],[140.2573,39.18601],[140.25725,39.1845],[140.25678,39.18308],[140.25724,39.1819],[140.25891,39.18107],[140.26026,39.18101],[140.26266,39.17809],[140.26292,39.17713],[140.26371,39.17564],[140.2636,39.17518],[140.26457,39.1745],[140.2653,39.17434],[140.26626,39.17325],[140.26806,39.17319],[140.27066,39.17214],[140.27143,39.17158],[140.27318,39.17195],[140.27375,39.17149],[140.27384,39.17061],[140.27436,39.17013],[140.27502,39.16869],[140.27558,39.16831],[140.27818,39.16551],[140.27968,39.1634],[140.28008,39.16127],[140.28023,39.15855],[140.28105,39.15662],[140.28096,39.15525],[140.28126,39.15433],[140.28225,39.15292],[140.28171,39.1518],[140.28164,39.151],[140.28328,39.14955],[140.28416,39.14972],[140.28578,39.14911],[140.2869,39.1484],[140.28719,39.1471],[140.28906,39.14596],[140.28989,39.14596],[140.29204,39.14553],[140.29242,39.14447],[140.29302,39.14425],[140.29366,39.14246],[140.29499,39.14149],[140.29636,39.14102],[140.29625,39.14056],[140.29661,39.13933],[140.29628,39.13858],[140.2983,39.13709],[140.29904,39.13693],[140.30028,39.13539],[140.30118,39.1346],[140.30202,39.13428],[140.30305,39.13356],[140.30328,39.13215],[140.30397,39.13107],[140.30365,39.12983],[140.3038,39.12823],[140.30338,39.12783],[140.30309,39.12683],[140.3045,39.1235],[140.30404,39.12229],[140.3057,39.12225],[140.30706,39.12108],[140.30743,39.12037],[140.30827,39.12039],[140.30941,39.11981],[140.30995,39.11905],[140.31122,39.11791],[140.31153,39.11688],[140.31268,39.11631],[140.31184,39.11515],[140.31201,39.11414],[140.31241,39.11371],[140.31433,39.11284],[140.31406,39.11186],[140.31492,39.11063],[140.31496,39.11001],[140.31587,39.10971],[140.31602,39.10912],[140.31551,39.10822],[140.31561,39.10694],[140.31683,39.10471],[140.3165,39.10402],[140.31692,39.10308],[140.31698,39.10148],[140.31771,39.10121],[140.3198,39.10118],[140.32043,39.10096],[140.32133,39.10005],[140.32178,39.09995],[140.32484,39.10089],[140.3267,39.10052],[140.32799,39.10083],[140.33034,39.10052],[140.33108,39.10006],[140.3323,39.0983],[140.33358,39.09752],[140.33489,39.09635],[140.33564,39.09543],[140.33636,39.09381],[140.33745,39.09303],[140.33868,39.09138],[140.34097,39.08933],[140.34169,39.08793],[140.34113,39.08619],[140.34146,39.08424],[140.34194,39.0836],[140.34326,39.08324],[140.34501,39.08236],[140.34604,39.08226],[140.34764,39.08311],[140.35155,39.08421],[140.35226,39.08429],[140.35391,39.08486],[140.35464,39.08585],[140.35495,39.08699],[140.35489,39.08863],[140.35611,39.09033],[140.35662,39.09083],[140.35653,39.09213],[140.35627,39.09266],[140.35645,39.09342],[140.3577,39.09282],[140.35979,39.09333],[140.36173,39.09297],[140.36528,39.09353],[140.36526,39.09493],[140.36553,39.0962],[140.366,39.09735],[140.36612,39.09849],[140.36774,39.09913],[140.36861,39.09964],[140.36989,39.09954],[140.37074,39.10004],[140.37253,39.10032],[140.37351,39.10027],[140.37469,39.10109],[140.37528,39.10046],[140.37607,39.10022],[140.37822,39.10023],[140.38032,39.10168],[140.38146,39.10165],[140.38222,39.10235],[140.38333,39.10245],[140.38478,39.10164],[140.38578,39.10197],[140.38667,39.10313],[140.38771,39.10316],[140.38896,39.10293],[140.3897,39.10381],[140.39044,39.10379],[140.39138,39.10478],[140.39268,39.10503],[140.39297,39.10607],[140.39369,39.10708],[140.39524,39.10759],[140.39602,39.10827],[140.39666,39.10937],[140.39666,39.1104],[140.39797,39.11093],[140.39835,39.11164],[140.39927,39.11176],[140.40058,39.11302],[140.40092,39.1143],[140.40056,39.11535],[140.40322,39.11878],[140.40313,39.11949],[140.40418,39.1211],[140.40542,39.12127],[140.40737,39.12262],[140.40744,39.12444],[140.40696,39.1257],[140.40608,39.12651],[140.40606,39.12722],[140.4074,39.12835],[140.40747,39.12935],[140.40722,39.12995],[140.40769,39.13055],[140.4071,39.13125],[140.40662,39.13263],[140.40688,39.1338],[140.40819,39.13459],[140.40827,39.13515],[140.40926,39.13574],[140.41066,39.13705],[140.41268,39.13684],[140.41533,39.13703],[140.41849,39.13663],[140.41938,39.13622],[140.41972,39.1366],[140.41983,39.13759],[140.41922,39.13833],[140.41981,39.13933],[140.42104,39.13978],[140.42152,39.14024],[140.42358,39.14097],[140.42437,39.14213],[140.42469,39.14377],[140.42531,39.14536],[140.42617,39.14553],[140.42748,39.14617],[140.42737,39.14676],[140.4278,39.14747],[140.42713,39.14786],[140.42688,39.14849],[140.42734,39.14991],[140.4268,39.15197],[140.42789,39.15328],[140.42871,39.15354],[140.42874,39.15435],[140.4293,39.15478],[140.42922,39.15581],[140.42956,39.15748],[140.43016,39.15828],[140.43023,39.1589],[140.42978,39.16029],[140.43031,39.16165],[140.43022,39.16236],[140.43106,39.1636],[140.43246,39.16359],[140.43346,39.16461],[140.43392,39.16664],[140.43533,39.16648],[140.43646,39.16704],[140.43737,39.16798],[140.43816,39.16939],[140.44619,39.1636],[140.44942,39.16642],[140.45313,39.16951],[140.4602,39.17551],[140.45684,39.17791],[140.45896,39.17986],[140.45808,39.18037],[140.45742,39.18134],[140.45525,39.1832],[140.4546,39.18454],[140.45161,39.18833],[140.45086,39.18956],[140.44997,39.19064],[140.44966,39.19154],[140.45037,39.19381],[140.45027,39.19443],[140.44872,39.19608],[140.4478,39.19671],[140.4479,39.19836],[140.44741,39.19966],[140.44696,39.19981],[140.4465,39.20072],[140.44545,39.20111],[140.44514,39.20175],[140.44417,39.202],[140.44339,39.20285],[140.44358,39.20386],[140.44404,39.20492],[140.44358,39.20612],[140.44376,39.20737],[140.44495,39.20784],[140.44442,39.20881],[140.44295,39.20989],[140.4424,39.21092],[140.44265,39.21119],[140.44522,39.21249],[140.44482,39.21285],[140.44284,39.21535],[140.44364,39.21531],[140.4464,39.21357],[140.44668,39.21526],[140.4456,39.21632],[140.44513,39.21721],[140.44392,39.21785],[140.44327,39.2187],[140.44223,39.21954],[140.44208,39.22408],[140.44217,39.22509],[140.4418,39.22575],[140.43871,39.22596],[140.43617,39.226],[140.43632,39.22545],[140.43509,39.22468],[140.43447,39.22545],[140.43338,39.22492],[140.43234,39.2262],[140.43016,39.2252],[140.42623,39.23024],[140.4236,39.22897],[140.42284,39.22993],[140.42203,39.23035],[140.42174,39.23223],[140.42139,39.23274],[140.42179,39.23382],[140.42152,39.23479],[140.42429,39.23606],[140.42144,39.23962],[140.42187,39.24006],[140.42312,39.24199],[140.42355,39.24224],[140.42468,39.24218],[140.42529,39.24256],[140.42159,39.24429],[140.41761,39.24653],[140.416,39.24575],[140.41416,39.24696],[140.41203,39.24783],[140.41106,39.24806],[140.40983,39.24801],[140.40825,39.24747],[140.40948,39.25036],[140.41006,39.25151],[140.40821,39.25234],[140.40722,39.25302],[140.40319,39.25543],[140.40179,39.25618],[140.40163,39.25687],[140.40196,39.25876],[140.4017,39.26014],[140.40018,39.2634],[140.39988,39.26379],[140.39809,39.26365],[140.39811,39.26307],[140.39896,39.25959],[140.39758,39.25914],[140.39631,39.25931],[140.39408,39.26021],[140.39346,39.2603],[140.39305,39.25967],[140.39114,39.26007],[140.39035,39.26008],[140.38778,39.25933],[140.3872,39.25973],[140.38617,39.25952],[140.38489,39.26072],[140.38239,39.26087],[140.38195,39.26103],[140.38028,39.25979],[140.3795,39.25946],[140.37847,39.25997],[140.37755,39.26072],[140.37696,39.26074],[140.37644,39.26131],[140.3758,39.26133],[140.37405,39.26209],[140.37262,39.26173],[140.37047,39.26187],[140.3691,39.26161],[140.36646,39.26156],[140.36379,39.26035],[140.36277,39.26096],[140.36188,39.26039],[140.36105,39.25934],[140.36022,39.25778],[140.35904,39.25718],[140.35812,39.25718],[140.35684,39.25596],[140.35539,39.25564],[140.35394,39.25596],[140.35268,39.25519],[140.35247,39.25467],[140.35139,39.2542],[140.35014,39.25339],[140.34818,39.25146],[140.34676,39.25049]]]]}},
  {"type":"Feature","properties":{"name":"東成瀬村","code":"05464"},"geometry":{"type":"MultiPolygon","coordinates":[[[[140.68213,39.09246],[140.68359,39.0916],[140.68402,39.09035],[140.68475,39.08958],[140.68565,39.08772],[140.68658,39.08645],[140.68698,39.08488],[140.68811,39.08353],[140.68798,39.08299],[140.68676,39.08271],[140.68675,39.08155],[140.68622,39.08049],[140.68662,39.07974],[140.68581,39.0781],[140.68594,39.07721],[140.68539,39.07652],[140.68526,39.07569],[140.68473,39.07431],[140.68491,39.07343],[140.68412,39.07174],[140.68505,39.06962],[140.68453,39.0685],[140.68344,39.06757],[140.68329,39.06712],[140.68357,39.06528],[140.68532,39.065],[140.68711,39.06431],[140.6887,39.06405],[140.68926,39.06347],[140.69011,39.06332],[140.69047,39.0623],[140.69117,39.06159],[140.69114,39.06104],[140.69166,39.06056],[140.69175,39.05989],[140.69279,39.05871],[140.69351,39.0572],[140.69466,39.05615],[140.69602,39.05578],[140.69901,39.05392],[140.70109,39.05353],[140.70197,39.0526],[140.70337,39.05184],[140.70417,39.05099],[140.70569,39.05004],[140.70498,39.04911],[140.70534,39.04794],[140.70503,39.04726],[140.70556,39.04634],[140.70688,39.04565],[140.70674,39.04467],[140.70688,39.04358],[140.70631,39.04158],[140.7069,39.04028],[140.70808,39.03967],[140.70838,39.03905],[140.70818,39.03742],[140.70715,39.03614],[140.70768,39.0337],[140.7069,39.03286],[140.70645,39.03175],[140.70532,39.03069],[140.7044,39.03008],[140.70329,39.02877],[140.70263,39.02713],[140.70384,39.02631],[140.70723,39.02562],[140.70749,39.02533],[140.70707,39.02362],[140.7053,39.0214],[140.70502,39.02054],[140.70306,39.01945],[140.70195,39.01853],[140.70071,39.01792],[140.702,39.01734],[140.70236,39.01678],[140.70318,39.01629],[140.70277,39.01594],[140.70234,39.01479],[140.70253,39.01336],[140.7029,39.01253],[140.70649,39.01251],[140.70921,39.01197],[140.7116,39.01023],[140.7126,39.00901],[140.71505,39.00761],[140.71716,39.00657],[140.71872,39.00551],[140.71783,39.00397],[140.71804,39.00227],[140.71754,39.00145],[140.71794,38.9998],[140.71651,38.99866],[140.71626,38.99813],[140.71641,38.99683],[140.71567,38.99559],[140.71709,38.99301],[140.71786,38.99228],[140.71971,38.99139],[140.72232,38.98851],[140.72292,38.98842],[140.72339,38.98634],[140.72446,38.98588],[140.72681,38.98585],[140.72815,38.98522],[140.72917,38.98377],[140.72954,38.98237],[140.72948,38.98118],[140.7308,38.98045],[140.73282,38.98],[140.73529,38.97703],[140.73606,38.97638],[140.73845,38.97499],[140.73981,38.97432],[140.74188,38.97259],[140.7434,38.97151],[140.74425,38.97062],[140.74664,38.96906],[140.74867,38.96701],[140.7499,38.96603],[140.7509,38.96404],[140.75178,38.963],[140.7521,38.96217],[140.75335,38.9605],[140.75509,38.95905],[140.75563,38.95821],[140.7568,38.95808],[140.75867,38.95852],[140.76156,38.95747],[140.76317,38.95708],[140.76527,38.95705],[140.76761,38.95782],[140.76866,38.95801],[140.77048,38.95799],[140.7721,38.95839],[140.77359,38.95808],[140.77407,38.9595],[140.77498,38.96041],[140.77463,38.96116],[140.77225,38.9635],[140.772,38.96403],[140.77234,38.96496],[140.77215,38.96613],[140.77231,38.96704],[140.77305,38.96737],[140.77344,38.96803],[140.77475,38.96899],[140.77496,38.97042],[140.77469,38.97116],[140.7737,38.9727],[140.77267,38.97391],[140.77106,38.97519],[140.77015,38.9762],[140.7693,38.979],[140.76911,38.98145],[140.76878,38.98216],[140.76806,38.98293],[140.76589,38.98408],[140.76478,38.98498],[140.76449,38.98565],[140.76488,38.98704],[140.76479,38.98752],[140.76385,38.98873],[140.7639,38.9894],[140.76532,38.99096],[140.76701,38.99178],[140.76726,38.99213],[140.76706,38.99301],[140.7679,38.99471],[140.76762,38.99541],[140.76691,38.99585],[140.76524,38.99613],[140.7645,38.99696],[140.7647,38.99785],[140.76468,38.99942],[140.76417,38.99981],[140.76441,39.00037],[140.76651,39.0005],[140.76848,39.00112],[140.76878,39.00214],[140.7687,39.00347],[140.77104,39.00425],[140.7742,39.00518],[140.77559,39.00622],[140.77731,39.00713],[140.77885,39.00839],[140.77969,39.01058],[140.78037,39.01291],[140.77998,39.01441],[140.78035,39.01485],[140.78117,39.01504],[140.78346,39.01638],[140.78395,39.0173],[140.78443,39.01911],[140.78526,39.02015],[140.78572,39.02151],[140.78673,39.02185],[140.78946,39.02332],[140.79036,39.02362],[140.79076,39.02409],[140.79091,39.02508],[140.79223,39.02675],[140.79263,39.02774],[140.79332,39.02829],[140.79468,39.02874],[140.7954,39.02971],[140.79508,39.03066],[140.79384,39.03139],[140.79327,39.03203],[140.79321,39.03275],[140.79353,39.0335],[140.79492,39.03445],[140.79609,39.03602],[140.79601,39.03663],[140.79543,39.03729],[140.79508,39.0389],[140.79417,39.04025],[140.79353,39.04172],[140.79567,39.04275],[140.79717,39.04321],[140.79769,39.0438],[140.79904,39.04421],[140.79942,39.04453],[140.79926,39.04604],[140.80063,39.04725],[140.80088,39.04795],[140.80083,39.04944],[140.8015,39.04978],[140.8032,39.05016],[140.80404,39.05075],[140.80432,39.05148],[140.80518,39.05202],[140.80466,39.05294],[140.80569,39.05349],[140.80637,39.05476],[140.80697,39.05483],[140.80819,39.05545],[140.80923,39.05679],[140.81023,39.05724],[140.8098,39.05797],[140.80664,39.05829],[140.80529,39.05785],[140.80411,39.05813],[140.80326,39.05864],[140.80201,39.05884],[140.80123,39.05959],[140.80022,39.05998],[140.79946,39.06126],[140.79945,39.06284],[140.80061,39.06463],[140.8018,39.06524],[140.80265,39.06621],[140.80384,39.06699],[140.8038,39.06785],[140.80347,39.06842],[140.80339,39.0694],[140.80368,39.07013],[140.80443,39.07057],[140.80398,39.07141],[140.80398,39.07229],[140.80251,39.07371],[140.80082,39.07396],[140.80145,39.07524],[140.80239,39.07789],[140.80054,39.07779],[140.79998,39.07654],[140.79768,39.07754],[140.79621,39.07749],[140.7951,39.07705],[140.79415,39.07702],[140.79283,39.07733],[140.79173,39.07789],[140.78965,39.07838],[140.78758,39.07854],[140.78547,39.0791],[140.78461,39.07892],[140.78345,39.07905],[140.78256,39.07987],[140.78228,39.08124],[140.78164,39.08164],[140.77885,39.08207],[140.7777,39.08185],[140.77701,39.08125],[140.7758,39.08078],[140.77511,39.07969],[140.77348,39.07891],[140.77197,39.07868],[140.77047,39.07888],[140.76915,39.07941],[140.76828,39.07945],[140.7673,39.08056],[140.76656,39.08105],[140.76493,39.08085],[140.76388,39.08039],[140.76322,39.08059],[140.76243,39.08174],[140.76141,39.08224],[140.76055,39.08301],[140.75947,39.08305],[140.75898,39.08339],[140.75853,39.08538],[140.7567,39.08558],[140.75542,39.08544],[140.75291,39.08602],[140.75247,39.08758],[140.7531,39.09054],[140.75335,39.09101],[140.75607,39.09224],[140.75715,39.09384],[140.75634,39.09489],[140.75595,39.09587],[140.75593,39.09677],[140.75693,39.09876],[140.75821,39.09975],[140.75887,39.102],[140.75923,39.10264],[140.75904,39.10316],[140.75997,39.10413],[140.76073,39.10596],[140.76224,39.10636],[140.76199,39.10709],[140.76325,39.10886],[140.76173,39.1097],[140.76169,39.11092],[140.76093,39.11105],[140.75957,39.11172],[140.75802,39.11226],[140.75593,39.11219],[140.75551,39.11325],[140.75631,39.11456],[140.75619,39.11663],[140.75587,39.11805],[140.75623,39.11846],[140.75872,39.11858],[140.76031,39.11823],[140.76267,39.11873],[140.76356,39.11946],[140.76661,39.12022],[140.76675,39.12095],[140.76755,39.12145],[140.76998,39.12416],[140.76958,39.12506],[140.76784,39.12613],[140.76687,39.12694],[140.76464,39.12758],[140.76258,39.12853],[140.76039,39.13005],[140.75932,39.13192],[140.75829,39.13324],[140.75787,39.1329],[140.7568,39.13295],[140.75562,39.13272],[140.75339,39.13324],[140.75184,39.13298],[140.75108,39.13326],[140.75085,39.13418],[140.75022,39.13464],[140.75013,39.13552],[140.74953,39.13759],[140.74894,39.13812],[140.74942,39.13889],[140.74973,39.14041],[140.75062,39.14098],[140.75169,39.14126],[140.75266,39.14237],[140.75418,39.14286],[140.75461,39.1432],[140.75614,39.14368],[140.75905,39.14366],[140.75949,39.14492],[140.75971,39.14637],[140.76041,39.14686],[140.76124,39.14825],[140.762,39.14912],[140.76356,39.14978],[140.76391,39.15015],[140.76416,39.15132],[140.76555,39.15231],[140.76574,39.15364],[140.76624,39.15411],[140.76567,39.15496],[140.76839,39.15716],[140.77074,39.15938],[140.77076,39.16081],[140.77202,39.16418],[140.77326,39.16549],[140.77388,39.16759],[140.7749,39.16776],[140.77648,39.16844],[140.77776,39.16867],[140.7786,39.16856],[140.77993,39.16692],[140.78352,39.16541],[140.78489,39.16639],[140.78623,39.16678],[140.78664,39.16887],[140.78721,39.16952],[140.78833,39.17251],[140.7899,39.17325],[140.7911,39.17342],[140.79264,39.17412],[140.79621,39.17657],[140.797,39.17656],[140.79773,39.17618],[140.7989,39.17517],[140.8001,39.17519],[140.80153,39.17587],[140.80327,39.17626],[140.80533,39.17707],[140.80655,39.17798],[140.80786,39.17838],[140.80762,39.17924],[140.8082,39.18042],[140.80596,39.18332],[140.80406,39.18424],[140.80187,39.18595],[140.80045,39.18781],[140.79892,39.18868],[140.79839,39.18931],[140.79739,39.18996],[140.79527,39.18995],[140.79336,39.18941],[140.79161,39.18924],[140.78972,39.18857],[140.78852,39.1886],[140.7877,39.18896],[140.78719,39.18969],[140.78479,39.19093],[140.78321,39.19132],[140.78186,39.19197],[140.7808,39.19198],[140.77872,39.19476],[140.77705,39.19468],[140.77311,39.19404],[140.77186,39.1935],[140.77086,39.19353],[140.76931,39.19524],[140.76822,39.1957],[140.76485,39.19776],[140.76465,39.19828],[140.76505,39.19904],[140.76599,39.19928],[140.7667,39.20077],[140.7668,39.20188],[140.76647,39.20304],[140.76756,39.2045],[140.76733,39.20571],[140.767,39.20611],[140.76662,39.20853],[140.76385,39.20756],[140.76079,39.20589],[140.76081,39.20501],[140.76004,39.20363],[140.7601,39.20249],[140.75977,39.20199],[140.75832,39.20108],[140.75666,39.20071],[140.75513,39.20019],[140.7532,39.19833],[140.7504,39.19765],[140.74878,39.19762],[140.74709,39.19739],[140.74646,39.19701],[140.74364,39.19683],[140.74316,39.19632],[140.74181,39.19601],[140.74022,39.19609],[140.7382,39.19563],[140.73664,39.19581],[140.73435,39.19698],[140.73373,39.19744],[140.73171,39.19751],[140.73048,39.19827],[140.72957,39.19852],[140.72822,39.19948],[140.7272,39.19794],[140.72585,39.19684],[140.72432,39.19695],[140.72357,39.19678],[140.72221,39.1969],[140.72159,39.19611],[140.72145,39.19465],[140.72081,39.19339],[140.72003,39.19251],[140.7192,39.19202],[140.71882,39.19133],[140.71776,39.19064],[140.7158,39.19114],[140.71417,39.19119],[140.7128,39.19054],[140.71182,39.18947],[140.71132,39.1893],[140.70929,39.18771],[140.70842,39.1875],[140.70648,39.18777],[140.70504,39.18742],[140.70203,39.18753],[140.69982,39.1872],[140.69875,39.18676],[140.69803,39.18716],[140.69777,39.18798],[140.69687,39.18854],[140.69633,39.1882],[140.69484,39.18798],[140.6916,39.18816],[140.69114,39.18975],[140.68883,39.19051],[140.6879,39.19122],[140.68721,39.19217],[140.6865,39.19265],[140.68656,39.19337],[140.68413,39.19382],[140.68349,39.19488],[140.68093,39.19574],[140.67946,39.19688],[140.67778,39.19874],[140.67775,39.1991],[140.67855,39.20129],[140.67843,39.20206],[140.6773,39.20216],[140.67562,39.20204],[140.67499,39.20228],[140.67288,39.2036],[140.6715,39.20475],[140.67028,39.2053],[140.66987,39.20601],[140.66839,39.20663],[140.6676,39.20785],[140.66678,39.2086],[140.66499,39.20927],[140.66323,39.20915],[140.66209,39.20844],[140.66072,39.2061],[140.65933,39.20587],[140.65721,39.20592],[140.65533,39.2067],[140.65271,39.20694],[140.65143,39.20688],[140.65009,39.20648],[140.6484,39.20645],[140.64704,39.20675],[140.64493,39.20659],[140.64251,39.20599],[140.64177,39.20539],[140.63854,39.20466],[140.63844,39.2041],[140.63989,39.20143],[140.63947,39.19899],[140.63848,39.1969],[140.6384,39.19584],[140.63738,39.19447],[140.63537,39.19474],[140.63473,39.19437],[140.63343,39.1949],[140.632,39.19423],[140.63094,39.19428],[140.63002,39.19472],[140.62919,39.19469],[140.62839,39.19529],[140.62654,39.19588],[140.62553,39.19449],[140.62425,39.19357],[140.62408,39.19296],[140.62286,39.19166],[140.62308,39.19124],[140.6227,39.19025],[140.62169,39.18862],[140.62221,39.18837],[140.62168,39.18739],[140.62073,39.18762],[140.62019,39.18711],[140.61856,39.18669],[140.61957,39.18605],[140.62142,39.18555],[140.6242,39.18548],[140.62589,39.18494],[140.6254,39.18185],[140.62666,39.1808],[140.62804,39.1806],[140.62985,39.17941],[140.63022,39.17875],[140.63232,39.17751],[140.63394,39.17553],[140.63489,39.17572],[140.63524,39.17544],[140.6355,39.17403],[140.63639,39.17351],[140.63632,39.17236],[140.63667,39.17179],[140.6366,39.17037],[140.63751,39.16943],[140.63783,39.16877],[140.63883,39.16792],[140.63925,39.16699],[140.63997,39.16654],[140.64083,39.16515],[140.64137,39.16293],[140.64126,39.1616],[140.6414,39.16034],[140.6418,39.15955],[140.64267,39.15871],[140.64251,39.1576],[140.64328,39.15682],[140.64346,39.15619],[140.64278,39.15486],[140.64294,39.15423],[140.64251,39.15293],[140.64002,39.1525],[140.63987,39.15167],[140.64082,39.15005],[140.64235,39.14844],[140.64511,39.14713],[140.64586,39.14625],[140.64647,39.14603],[140.64628,39.14495],[140.64689,39.14463],[140.64867,39.14489],[140.64963,39.14464],[140.65125,39.14511],[140.65184,39.1458],[140.65316,39.1463],[140.65451,39.14657],[140.65583,39.14723],[140.65674,39.14862],[140.65833,39.15024],[140.65916,39.15083],[140.66037,39.15211],[140.66183,39.15259],[140.66235,39.1531],[140.6636,39.15364],[140.66468,39.15385],[140.666,39.153],[140.66744,39.15183],[140.6672,39.15124],[140.66792,39.15007],[140.66945,39.14889],[140.67262,39.14869],[140.67328,39.14905],[140.67451,39.14931],[140.67565,39.14881],[140.67752,39.1488],[140.6785,39.14916],[140.6789,39.14869],[140.67914,39.14693],[140.68031,39.14653],[140.68067,39.14562],[140.68133,39.14526],[140.6824,39.14393],[140.6834,39.14442],[140.68449,39.14417],[140.68465,39.14347],[140.68553,39.1434],[140.68639,39.14287],[140.68724,39.14144],[140.68692,39.1404],[140.68784,39.13881],[140.68741,39.13772],[140.68673,39.13719],[140.68715,39.13578],[140.68624,39.13514],[140.68576,39.13407],[140.68588,39.13337],[140.6856,39.13222],[140.68454,39.13158],[140.68388,39.13029],[140.68295,39.12953],[140.68167,39.12911],[140.68216,39.12759],[140.68224,39.12614],[140.68322,39.12524],[140.6842,39.12493],[140.68445,39.12436],[140.68436,39.12338],[140.68397,39.12252],[140.68451,39.12128],[140.68451,39.12063],[140.68531,39.12013],[140.68548,39.11955],[140.68514,39.11785],[140.68469,39.11744],[140.68519,39.11675],[140.68584,39.11647],[140.68683,39.11557],[140.6877,39.11513],[140.68849,39.114],[140.68843,39.11354],[140.6893,39.11178],[140.68937,39.11047],[140.69041,39.1103],[140.6906,39.10976],[140.68977,39.10943],[140.69031,39.10787],[140.68993,39.10625],[140.6885,39.10586],[140.68775,39.10517],[140.68755,39.10425],[140.68791,39.1027],[140.68769,39.10145],[140.68711,39.09977],[140.68661,39.09921],[140.6863,39.09823],[140.68576,39.0976],[140.68598,39.09698],[140.68547,39.09646],[140.68454,39.09628],[140.68399,39.09573],[140.68361,39.09485],[140.68311,39.0946],[140.68219,39.09325],[140.68213,39.09246]]]]}}
]}
