{"type":"FeatureCollection", "features": [
  {"type":"Feature","properties":{"name":"青森市","code":"02201"},"geometry":{"type":"MultiPolygon","coordinates":[[[[140.57825,40.68732],[140.57999,40.68755],[140.58092,40.68807],[140.58233,40.68948],[140.58582,40.68958],[140.58775,40.69029],[140.59243,40.6908],[140.5929,40.69138],[140.59464,40.69142],[140.59641,40.69175],[140.5966,40.6914],[140.59815,40.6917],[140.59852,40.6921],[140.6029,40.69189],[140.60283,40.69074],[140.60674,40.69055],[140.60668,40.68971],[140.61303,40.68944],[140.61296,40.68838],[140.61544,40.68828],[140.61538,40.68743],[140.61818,40.68725],[140.61921,40.68812],[140.62042,40.68763],[140.62288,40.68752],[140.62405,40.68769],[140.62626,40.6884],[140.62839,40.68855],[140.63032,40.68924],[140.63226,40.68898],[140.63375,40.69002],[140.6344,40.68985],[140.63627,40.68799],[140.63653,40.68667],[140.63613,40.68567],[140.63605,40.68367],[140.63701,40.68255],[140.63742,40.68127],[140.63856,40.67991],[140.63869,40.67933],[140.64001,40.67842],[140.64084,40.67707],[140.64179,40.67638],[140.64332,40.67593],[140.64502,40.67493],[140.64644,40.67342],[140.6472,40.67302],[140.64859,40.67189],[140.65222,40.67014],[140.65328,40.66935],[140.6535,40.6685],[140.65509,40.66738],[140.6569,40.66586],[140.65685,40.66549],[140.65774,40.66439],[140.6586,40.66217],[140.65975,40.66138],[140.66102,40.66093],[140.66151,40.66009],[140.6628,40.65913],[140.66527,40.65779],[140.6682,40.65667],[140.66926,40.65651],[140.67084,40.65665],[140.67322,40.6576],[140.67699,40.65837],[140.67981,40.65824],[140.68133,40.65891],[140.68431,40.65926],[140.68847,40.6591],[140.68885,40.6588],[140.69057,40.65824],[140.69123,40.65832],[140.69252,40.65961],[140.69338,40.6596],[140.69546,40.66052],[140.69666,40.65969],[140.69812,40.65944],[140.70054,40.65777],[140.70139,40.65688],[140.70291,40.65744],[140.70382,40.65865],[140.7042,40.66013],[140.70504,40.66143],[140.70554,40.66176],[140.70717,40.66172],[140.70839,40.662],[140.70933,40.66132],[140.71025,40.66123],[140.71149,40.66196],[140.71494,40.66213],[140.71567,40.6619],[140.71624,40.66219],[140.71692,40.66365],[140.71888,40.66344],[140.72008,40.66444],[140.72172,40.66421],[140.72325,40.66584],[140.72382,40.66598],[140.72493,40.6657],[140.72675,40.66578],[140.72849,40.66638],[140.72969,40.66628],[140.72998,40.66512],[140.73118,40.66453],[140.73203,40.66362],[140.73186,40.6628],[140.7334,40.66234],[140.73569,40.66229],[140.73678,40.66176],[140.7385,40.6613],[140.74051,40.66105],[140.7415,40.66135],[140.74367,40.66152],[140.74522,40.66211],[140.74649,40.66205],[140.74835,40.663],[140.75004,40.66314],[140.75173,40.66303],[140.75292,40.66263],[140.75415,40.66252],[140.75812,40.66157],[140.76019,40.66128],[140.76095,40.66093],[140.76197,40.66217],[140.76215,40.66416],[140.76295,40.6652],[140.76407,40.66605],[140.7664,40.66594],[140.76792,40.665],[140.76858,40.66403],[140.76923,40.6639],[140.77078,40.6621],[140.77129,40.6611],[140.77246,40.66042],[140.7729,40.6591],[140.7739,40.65835],[140.77515,40.65692],[140.77551,40.65593],[140.77764,40.65516],[140.7802,40.65516],[140.78083,40.65468],[140.78154,40.65359],[140.78334,40.65216],[140.78381,40.65106],[140.78434,40.65051],[140.7862,40.64926],[140.78808,40.64865],[140.78903,40.64873],[140.79121,40.64847],[140.79348,40.64751],[140.79492,40.64746],[140.79662,40.64797],[140.79757,40.64809],[140.79996,40.64688],[140.80229,40.64665],[140.80474,40.64587],[140.80587,40.64525],[140.80838,40.64287],[140.81082,40.6413],[140.81158,40.641],[140.81317,40.63859],[140.81524,40.63662],[140.81731,40.63441],[140.81867,40.63323],[140.82066,40.631],[140.82255,40.62862],[140.82311,40.62733],[140.82404,40.62671],[140.82479,40.62545],[140.82606,40.62428],[140.82786,40.62378],[140.828,40.6233],[140.82781,40.62044],[140.82875,40.62046],[140.8306,40.62009],[140.83129,40.62011],[140.83212,40.61935],[140.83301,40.61902],[140.83387,40.61762],[140.83607,40.61645],[140.83691,40.615],[140.83816,40.61369],[140.83939,40.61372],[140.84031,40.61322],[140.84114,40.61313],[140.84206,40.61248],[140.84385,40.61213],[140.84325,40.61143],[140.84419,40.61099],[140.84431,40.61051],[140.84357,40.60953],[140.84462,40.60887],[140.84504,40.60761],[140.84427,40.60592],[140.84975,40.60843],[140.8528,40.60941],[140.85429,40.6097],[140.85568,40.60976],[140.85901,40.61021],[140.86033,40.61015],[140.86292,40.60964],[140.8648,40.60983],[140.8668,40.60985],[140.86941,40.61089],[140.87136,40.61295],[140.87269,40.61344],[140.87375,40.61353],[140.87497,40.61389],[140.87669,40.61389],[140.87627,40.61888],[140.87615,40.62251],[140.87622,40.62382],[140.87691,40.62478],[140.87662,40.62532],[140.8769,40.62598],[140.87881,40.6279],[140.87918,40.62859],[140.8795,40.62991],[140.88196,40.63229],[140.88283,40.63348],[140.88369,40.63556],[140.88366,40.63805],[140.88388,40.64001],[140.88379,40.64067],[140.8824,40.64145],[140.87977,40.64381],[140.87838,40.64452],[140.87697,40.64501],[140.87632,40.64572],[140.87629,40.64654],[140.87726,40.64921],[140.87807,40.65055],[140.87914,40.6527],[140.87931,40.65344],[140.87732,40.65488],[140.87704,40.65631],[140.87752,40.6573],[140.87912,40.65746],[140.88012,40.65707],[140.88426,40.65466],[140.88583,40.65359],[140.88693,40.65317],[140.88865,40.65311],[140.89052,40.65387],[140.89114,40.65379],[140.89502,40.65392],[140.89678,40.65437],[140.89861,40.65434],[140.89947,40.65417],[140.90483,40.65424],[140.90645,40.65375],[140.90704,40.65318],[140.90849,40.65293],[140.91059,40.65297],[140.91142,40.65275],[140.91307,40.65156],[140.91433,40.65016],[140.91515,40.64887],[140.91818,40.64656],[140.91973,40.64575],[140.92101,40.64543],[140.92474,40.64506],[140.9284,40.64495],[140.93051,40.64505],[140.93109,40.64482],[140.93288,40.64354],[140.93407,40.64311],[140.9362,40.64276],[140.93726,40.64295],[140.93894,40.6429],[140.94022,40.64367],[140.9424,40.64399],[140.94377,40.64439],[140.94569,40.64537],[140.94834,40.64543],[140.94906,40.6457],[140.95301,40.64636],[140.955,40.64699],[140.95463,40.64866],[140.9548,40.64948],[140.95598,40.65122],[140.95652,40.65228],[140.9561,40.65477],[140.95621,40.65598],[140.95701,40.65667],[140.95996,40.65769],[140.96076,40.65821],[140.96109,40.6594],[140.96054,40.66064],[140.95931,40.66265],[140.95935,40.6636],[140.95974,40.66525],[140.96049,40.66611],[140.96215,40.66856],[140.96253,40.66936],[140.96347,40.67006],[140.96498,40.66979],[140.96597,40.67044],[140.96701,40.67222],[140.96805,40.6734],[140.96824,40.67417],[140.96722,40.67544],[140.96732,40.67579],[140.96865,40.67732],[140.96902,40.67887],[140.96881,40.67976],[140.96796,40.68073],[140.96757,40.682],[140.96783,40.68347],[140.96849,40.68529],[140.96909,40.68617],[140.9701,40.68815],[140.97026,40.68953],[140.96983,40.69142],[140.97023,40.69236],[140.97105,40.69332],[140.97259,40.69293],[140.97353,40.6931],[140.97421,40.69358],[140.97602,40.6957],[140.97693,40.69642],[140.97897,40.69762],[140.97685,40.69799],[140.97532,40.69933],[140.9743,40.70087],[140.97316,40.70215],[140.97227,40.70356],[140.97002,40.70583],[140.96915,40.70622],[140.96643,40.70676],[140.96472,40.70788],[140.96362,40.70965],[140.96341,40.71045],[140.96302,40.71317],[140.96277,40.71334],[140.96017,40.71329],[140.95953,40.71343],[140.95632,40.71636],[140.95317,40.7187],[140.94923,40.71944],[140.94796,40.71943],[140.94617,40.71973],[140.94433,40.72033],[140.94256,40.7211],[140.94137,40.72135],[140.93918,40.72153],[140.93729,40.72085],[140.9357,40.72102],[140.93488,40.72075],[140.93292,40.7205],[140.93174,40.7207],[140.93116,40.72149],[140.92953,40.72144],[140.92917,40.72161],[140.92822,40.72434],[140.92766,40.72523],[140.92632,40.72666],[140.92502,40.72723],[140.92334,40.7272],[140.92132,40.72679],[140.91995,40.72629],[140.91826,40.72775],[140.91692,40.7286],[140.91564,40.72969],[140.91365,40.72971],[140.91146,40.7292],[140.90984,40.72917],[140.90898,40.72955],[140.90865,40.73018],[140.90661,40.73186],[140.90581,40.73348],[140.90425,40.73456],[140.90225,40.73672],[140.90123,40.73836],[140.90193,40.74138],[140.90191,40.74347],[140.90289,40.74455],[140.904,40.74477],[140.90563,40.74551],[140.90626,40.74662],[140.9056,40.74875],[140.90571,40.75105],[140.90614,40.7517],[140.90726,40.75268],[140.90745,40.75326],[140.91053,40.75706],[140.91143,40.75724],[140.91312,40.75677],[140.91461,40.75681],[140.91565,40.75657],[140.91642,40.75675],[140.9175,40.75779],[140.91748,40.75922],[140.91807,40.76085],[140.92026,40.7617],[140.92196,40.76177],[140.92352,40.76138],[140.92595,40.76168],[140.92688,40.76162],[140.92734,40.76125],[140.93012,40.76117],[140.93202,40.76027],[140.93354,40.75982],[140.93563,40.75964],[140.93634,40.75975],[140.93954,40.7595],[140.94023,40.7608],[140.94219,40.76218],[140.94371,40.76271],[140.94492,40.76338],[140.94709,40.76334],[140.94826,40.76361],[140.94891,40.76441],[140.95049,40.76472],[140.95171,40.76524],[140.95342,40.76557],[140.95496,40.76665],[140.95563,40.76824],[140.95732,40.76977],[140.95873,40.77052],[140.95916,40.77161],[140.96028,40.77247],[140.96111,40.77274],[140.96136,40.77364],[140.96104,40.77441],[140.96026,40.77518],[140.96036,40.7766],[140.95996,40.77722],[140.95877,40.77806],[140.95853,40.77869],[140.95895,40.77931],[140.95818,40.77954],[140.95811,40.78003],[140.96061,40.78123],[140.96148,40.78211],[140.96329,40.78321],[140.96572,40.78503],[140.96683,40.78508],[140.96782,40.78598],[140.96958,40.78633],[140.97023,40.78665],[140.97239,40.78949],[140.97343,40.7897],[140.97562,40.79165],[140.97667,40.794],[140.97672,40.79567],[140.97639,40.79682],[140.97696,40.79892],[140.97675,40.80079],[140.97822,40.80104],[140.97975,40.80194],[140.98094,40.80244],[140.98053,40.80349],[140.98048,40.80438],[140.98097,40.80502],[140.98061,40.80618],[140.9794,40.80635],[140.97731,40.80725],[140.97678,40.80797],[140.97534,40.80909],[140.97316,40.81016],[140.9723,40.81114],[140.97144,40.81157],[140.97077,40.81245],[140.96914,40.8139],[140.96827,40.81451],[140.96705,40.81416],[140.9648,40.81469],[140.96228,40.81488],[140.96023,40.8152],[140.95949,40.81565],[140.95771,40.81771],[140.95487,40.81795],[140.95457,40.82095],[140.95534,40.82283],[140.95539,40.82402],[140.95628,40.82547],[140.95588,40.82684],[140.9559,40.82811],[140.95645,40.82897],[140.95752,40.82998],[140.95614,40.83041],[140.95419,40.83224],[140.95366,40.83353],[140.9528,40.83412],[140.95096,40.8358],[140.95011,40.837],[140.94777,40.83722],[140.94595,40.83836],[140.9441,40.83865],[140.94196,40.83874],[140.94102,40.83973],[140.94039,40.84096],[140.93829,40.84251],[140.93719,40.84251],[140.93527,40.84223],[140.93402,40.8426],[140.93228,40.84281],[140.93115,40.84433],[140.93005,40.84548],[140.93061,40.84618],[140.93105,40.84726],[140.93181,40.84842],[140.93222,40.84982],[140.93333,40.8507],[140.93341,40.85139],[140.93253,40.85232],[140.93259,40.85314],[140.93216,40.8547],[140.93129,40.8562],[140.92915,40.85638],[140.9281,40.85691],[140.92686,40.85713],[140.92514,40.85785],[140.92405,40.8585],[140.92361,40.85974],[140.9227,40.86076],[140.91981,40.86212],[140.91907,40.8632],[140.91647,40.86342],[140.91423,40.86412],[140.91299,40.86481],[140.91294,40.86676],[140.91267,40.86741],[140.91165,40.86812],[140.9114,40.86858],[140.91147,40.87005],[140.91103,40.87082],[140.91026,40.87147],[140.90909,40.87167],[140.90847,40.87212],[140.90542,40.87286],[140.90367,40.87404],[140.90312,40.87603],[140.90275,40.87644],[140.90123,40.87728],[140.89978,40.8776],[140.8989,40.87864],[140.89685,40.87919],[140.89588,40.88058],[140.89455,40.88148],[140.89357,40.88298],[140.89219,40.88369],[140.8921,40.88469],[140.89258,40.88549],[140.89374,40.88681],[140.89367,40.88721],[140.89085,40.88829],[140.8899,40.8891],[140.88828,40.88943],[140.88794,40.89012],[140.88795,40.89126],[140.88844,40.89213],[140.88826,40.89353],[140.88916,40.89512],[140.88985,40.89576],[140.88916,40.89619],[140.88765,40.89647],[140.88612,40.89605],[140.88515,40.89606],[140.883,40.89707],[140.88264,40.89739],[140.88233,40.89851],[140.88243,40.89913],[140.88139,40.90008],[140.88173,40.90123],[140.88143,40.90234],[140.87961,40.90202],[140.87783,40.90196],[140.87665,40.90095],[140.87614,40.90075],[140.87445,40.90089],[140.87247,40.90084],[140.87095,40.90138],[140.86767,40.90303],[140.86581,40.90236],[140.86482,40.90232],[140.8636,40.90285],[140.86232,40.90264],[140.86134,40.90271],[140.86036,40.90307],[140.85892,40.90395],[140.85807,40.90349],[140.85625,40.90376],[140.85491,40.90331],[140.85638,40.90217],[140.85681,40.90128],[140.85806,40.90073],[140.85853,40.89947],[140.859,40.89887],[140.85906,40.89764],[140.85977,40.89664],[140.85865,40.89617],[140.85953,40.89514],[140.85915,40.89362],[140.86042,40.89352],[140.86054,40.89256],[140.86022,40.89186],[140.85914,40.89193],[140.85891,40.89035],[140.85933,40.88981],[140.8604,40.88908],[140.85901,40.88742],[140.85763,40.88645],[140.85638,40.88584],[140.85527,40.88553],[140.85324,40.88525],[140.85173,40.88457],[140.84996,40.8833],[140.85034,40.88274],[140.85009,40.88169],[140.84966,40.87794],[140.84875,40.87656],[140.84724,40.8749],[140.84652,40.87443],[140.84583,40.87354],[140.84482,40.87276],[140.84424,40.8729],[140.84307,40.87236],[140.84181,40.87211],[140.84084,40.87296],[140.84097,40.87344],[140.83884,40.87302],[140.8385,40.87241],[140.83728,40.87265],[140.83489,40.87212],[140.83437,40.87156],[140.83398,40.87],[140.83388,40.86891],[140.83488,40.86653],[140.83451,40.86597],[140.83359,40.86554],[140.83284,40.86558],[140.83212,40.86618],[140.83028,40.86532],[140.82767,40.86252],[140.82801,40.86186],[140.82668,40.86111],[140.82554,40.86085],[140.82406,40.86175],[140.82355,40.8618],[140.82233,40.86089],[140.82176,40.8595],[140.82188,40.85897],[140.82121,40.85683],[140.82181,40.85655],[140.82053,40.85416],[140.81919,40.85271],[140.81665,40.85097],[140.81571,40.85161],[140.81509,40.85125],[140.81554,40.85037],[140.81338,40.84902],[140.81261,40.84781],[140.81054,40.84576],[140.80973,40.8447],[140.8078,40.84347],[140.80615,40.84221],[140.80487,40.84303],[140.80412,40.84245],[140.80498,40.84147],[140.80446,40.84081],[140.80356,40.84048],[140.80173,40.83935],[140.7979,40.83735],[140.79758,40.83703],[140.79502,40.83593],[140.79355,40.8357],[140.79314,40.83635],[140.78883,40.83483],[140.78907,40.83381],[140.78624,40.83302],[140.78575,40.83417],[140.78504,40.83393],[140.78519,40.83301],[140.78039,40.83188],[140.77864,40.83164],[140.77653,40.83155],[140.77537,40.83173],[140.77546,40.83302],[140.77114,40.83312],[140.7706,40.83352],[140.76442,40.83361],[140.76446,40.83463],[140.7621,40.8349],[140.76143,40.8353],[140.7605,40.83419],[140.75957,40.83467],[140.75665,40.83041],[140.75524,40.83025],[140.75544,40.83174],[140.75374,40.83168],[140.75289,40.83056],[140.75159,40.82997],[140.74927,40.82968],[140.74915,40.83046],[140.74677,40.83015],[140.74664,40.83072],[140.74718,40.83178],[140.74854,40.83224],[140.74792,40.8344],[140.74694,40.83515],[140.74544,40.83504],[140.74572,40.83451],[140.74569,40.83136],[140.74541,40.82997],[140.74372,40.82991],[140.74307,40.83044],[140.74079,40.83099],[140.73809,40.82999],[140.73668,40.82974],[140.7356,40.83003],[140.73636,40.83093],[140.73567,40.8312],[140.73894,40.83375],[140.73853,40.83406],[140.73632,40.83318],[140.73391,40.83245],[140.73417,40.83193],[140.73334,40.83174],[140.73323,40.83021],[140.73294,40.83021],[140.73206,40.83268],[140.73344,40.83277],[140.73407,40.83325],[140.72759,40.83687],[140.72665,40.83637],[140.72584,40.83709],[140.72687,40.83782],[140.72044,40.84335],[140.71864,40.84298],[140.71826,40.84318],[140.71609,40.84554],[140.71616,40.84585],[140.71785,40.84675],[140.71726,40.8474],[140.71457,40.84581],[140.71325,40.84631],[140.71404,40.84723],[140.70806,40.8504],[140.7065,40.8487],[140.70362,40.85026],[140.70312,40.85093],[140.70212,40.8513],[140.69836,40.85489],[140.69963,40.8557],[140.69891,40.85625],[140.69729,40.85553],[140.69716,40.85613],[140.69528,40.85767],[140.69489,40.85838],[140.69308,40.85973],[140.69191,40.86041],[140.68733,40.86715],[140.68586,40.8698],[140.68567,40.87043],[140.68489,40.8712],[140.68436,40.8728],[140.68529,40.87313],[140.68448,40.87464],[140.68359,40.87441],[140.68297,40.87517],[140.68024,40.88112],[140.679,40.88406],[140.67809,40.88658],[140.67765,40.88716],[140.67783,40.88769],[140.67693,40.88946],[140.67696,40.891],[140.67745,40.89122],[140.67685,40.89279],[140.67728,40.89322],[140.67621,40.8948],[140.67581,40.89592],[140.67554,40.89829],[140.67547,40.90036],[140.67497,40.9024],[140.67446,40.90588],[140.67279,40.91033],[140.67161,40.91473],[140.67082,40.91693],[140.67086,40.91756],[140.67041,40.9195],[140.66922,40.92311],[140.66888,40.92525],[140.6681,40.92738],[140.66589,40.93168],[140.6668,40.93197],[140.66628,40.93325],[140.66542,40.93318],[140.66487,40.93482],[140.66653,40.93516],[140.66643,40.93552],[140.66457,40.93514],[140.66401,40.93621],[140.66379,40.93725],[140.66297,40.93971],[140.66247,40.94074],[140.66149,40.94398],[140.66111,40.94582],[140.66135,40.94673],[140.66079,40.94845],[140.6597,40.94842],[140.6597,40.94896],[140.65838,40.94972],[140.65761,40.94971],[140.65711,40.9491],[140.65367,40.95017],[140.6526,40.94993],[140.65191,40.95026],[140.65067,40.9495],[140.64998,40.94931],[140.64708,40.94967],[140.64406,40.95036],[140.64305,40.95034],[140.6406,40.94914],[140.63912,40.94951],[140.63735,40.94973],[140.63621,40.94965],[140.63598,40.95033],[140.63423,40.95069],[140.63233,40.95062],[140.63069,40.94974],[140.62994,40.94959],[140.62877,40.94987],[140.62741,40.95069],[140.62576,40.95056],[140.62454,40.9509],[140.62296,40.95112],[140.62148,40.95105],[140.62066,40.95127],[140.61981,40.9521],[140.61838,40.95223],[140.61719,40.95187],[140.61604,40.95179],[140.61557,40.95094],[140.61486,40.94812],[140.61373,40.9482],[140.61293,40.94863],[140.61256,40.94974],[140.61188,40.95094],[140.61121,40.95092],[140.61051,40.9501],[140.60887,40.95043],[140.60841,40.95102],[140.60851,40.95188],[140.60782,40.95204],[140.60771,40.95258],[140.60694,40.95288],[140.60634,40.95367],[140.6065,40.95504],[140.6063,40.95553],[140.60547,40.95578],[140.60474,40.95803],[140.60502,40.95847],[140.60525,40.95987],[140.60352,40.9611],[140.60142,40.96125],[140.60074,40.96244],[140.59843,40.96229],[140.59458,40.96346],[140.59337,40.96436],[140.59097,40.96483],[140.58972,40.96494],[140.58747,40.96548],[140.58667,40.96497],[140.5848,40.96445],[140.58266,40.96423],[140.58151,40.96275],[140.5803,40.96294],[140.57622,40.96454],[140.57505,40.96559],[140.57272,40.96697],[140.57154,40.96746],[140.57085,40.96799],[140.56945,40.9685],[140.56665,40.96885],[140.56445,40.96941],[140.56309,40.97022],[140.55927,40.97011],[140.55564,40.96967],[140.5536,40.96926],[140.5534,40.96445],[140.5529,40.96252],[140.55277,40.96136],[140.55395,40.96067],[140.55632,40.95999],[140.55673,40.9597],[140.55633,40.95893],[140.55593,40.95708],[140.55502,40.95626],[140.55569,40.95538],[140.55867,40.95414],[140.55982,40.95411],[140.56219,40.95324],[140.56287,40.95239],[140.56326,40.95101],[140.56539,40.94974],[140.56642,40.9486],[140.56652,40.94813],[140.56527,40.94733],[140.56534,40.94682],[140.56648,40.94538],[140.56672,40.94455],[140.56723,40.94416],[140.56866,40.94367],[140.57117,40.94219],[140.5725,40.94188],[140.57417,40.94099],[140.57497,40.93994],[140.57612,40.93946],[140.57706,40.93959],[140.57829,40.94009],[140.57993,40.94032],[140.58101,40.93944],[140.58185,40.93911],[140.58266,40.93823],[140.58278,40.93756],[140.58223,40.93693],[140.58229,40.93625],[140.58292,40.93565],[140.58376,40.93545],[140.58552,40.93559],[140.58686,40.93531],[140.58773,40.93421],[140.58751,40.93254],[140.58649,40.93166],[140.58684,40.93065],[140.58554,40.92915],[140.58428,40.92819],[140.58291,40.92777],[140.58276,40.92597],[140.58366,40.92513],[140.58527,40.92464],[140.58531,40.92369],[140.58605,40.92261],[140.58497,40.92152],[140.5839,40.92074],[140.58377,40.91989],[140.58251,40.91821],[140.58248,40.91652],[140.58285,40.91603],[140.58352,40.91401],[140.58329,40.91372],[140.58182,40.91368],[140.58091,40.91284],[140.57954,40.91237],[140.57871,40.91177],[140.58033,40.9103],[140.58004,40.90851],[140.57947,40.90708],[140.57848,40.90673],[140.57797,40.906],[140.5767,40.90533],[140.57626,40.90486],[140.575,40.9043],[140.57477,40.90326],[140.57426,40.90261],[140.57376,40.90101],[140.57467,40.89947],[140.57458,40.89814],[140.57526,40.89705],[140.57692,40.89697],[140.57756,40.89675],[140.57804,40.8956],[140.57906,40.89515],[140.58013,40.89397],[140.58203,40.8941],[140.58394,40.89437],[140.58356,40.89246],[140.58484,40.89139],[140.58535,40.89014],[140.58518,40.88966],[140.58642,40.8881],[140.58597,40.88689],[140.58598,40.88627],[140.58695,40.88574],[140.58738,40.88512],[140.58989,40.8833],[140.58986,40.8817],[140.58956,40.8812],[140.58776,40.88],[140.58745,40.87884],[140.58878,40.87856],[140.58909,40.87755],[140.58896,40.87671],[140.59075,40.87587],[140.59071,40.87447],[140.59143,40.87371],[140.59156,40.87267],[140.59106,40.87179],[140.59164,40.87088],[140.59103,40.87022],[140.58991,40.86985],[140.59003,40.8694],[140.5921,40.8686],[140.59209,40.86744],[140.59125,40.86692],[140.59118,40.86586],[140.59175,40.86484],[140.59077,40.86359],[140.59148,40.86302],[140.59153,40.86182],[140.5911,40.86142],[140.59077,40.8601],[140.58843,40.85799],[140.58992,40.85535],[140.58979,40.85418],[140.59003,40.85319],[140.58931,40.85244],[140.58892,40.85144],[140.58887,40.84923],[140.58723,40.84884],[140.58673,40.84694],[140.58519,40.84462],[140.5851,40.84355],[140.58423,40.84302],[140.58333,40.84308],[140.58283,40.84249],[140.57991,40.84096],[140.57974,40.84048],[140.58056,40.83922],[140.58116,40.83779],[140.58082,40.83679],[140.58153,40.83582],[140.58146,40.83543],[140.58042,40.83469],[140.58186,40.83327],[140.58199,40.83289],[140.58083,40.83181],[140.5794,40.8311],[140.57797,40.82955],[140.5772,40.82897],[140.57719,40.8279],[140.57772,40.82627],[140.5772,40.82297],[140.5777,40.8215],[140.57772,40.82084],[140.5772,40.8205],[140.57707,40.81944],[140.57783,40.81768],[140.57782,40.81707],[140.57722,40.81614],[140.57751,40.81498],[140.57672,40.81394],[140.57614,40.81269],[140.57489,40.81205],[140.57453,40.81107],[140.57356,40.80986],[140.57369,40.80916],[140.57509,40.80813],[140.57552,40.80709],[140.57441,40.80599],[140.57436,40.80552],[140.575,40.80446],[140.57501,40.80393],[140.57445,40.80268],[140.57448,40.80139],[140.57492,40.80108],[140.57539,40.79981],[140.57707,40.79914],[140.57756,40.79763],[140.57742,40.79742],[140.57493,40.7968],[140.57385,40.79581],[140.57373,40.79497],[140.57287,40.79362],[140.57304,40.79146],[140.57329,40.79106],[140.57463,40.79027],[140.57523,40.78955],[140.57519,40.78877],[140.57638,40.78816],[140.57661,40.78722],[140.57611,40.78571],[140.57569,40.78532],[140.57506,40.78407],[140.57426,40.78333],[140.57393,40.78257],[140.57303,40.78155],[140.5721,40.78004],[140.57212,40.77946],[140.57292,40.7785],[140.57304,40.77775],[140.57269,40.777],[140.57278,40.7759],[140.57372,40.77557],[140.57511,40.77475],[140.57584,40.77308],[140.57652,40.77227],[140.57636,40.77014],[140.57727,40.76931],[140.57801,40.76709],[140.57758,40.76507],[140.57344,40.76056],[140.57182,40.75987],[140.57033,40.75943],[140.56905,40.75947],[140.56623,40.76055],[140.56419,40.76074],[140.5636,40.76062],[140.56231,40.75919],[140.5594,40.75791],[140.55822,40.7575],[140.55686,40.75635],[140.55649,40.75532],[140.55753,40.75397],[140.55727,40.7524],[140.55645,40.75183],[140.55637,40.7496],[140.55568,40.7484],[140.5537,40.74741],[140.55188,40.74724],[140.55,40.74689],[140.54901,40.74573],[140.54786,40.74526],[140.54731,40.74477],[140.54724,40.74376],[140.54592,40.74295],[140.54431,40.74341],[140.54461,40.74644],[140.54361,40.74601],[140.54192,40.744],[140.54097,40.74197],[140.53969,40.74036],[140.5391,40.74001],[140.53868,40.73923],[140.53658,40.73801],[140.53539,40.73758],[140.53339,40.73736],[140.53101,40.73662],[140.52991,40.73666],[140.52896,40.73732],[140.52795,40.73763],[140.52769,40.73817],[140.52393,40.73693],[140.52577,40.73358],[140.52728,40.731],[140.52448,40.72983],[140.52351,40.72932],[140.521,40.73041],[140.52024,40.72969],[140.52036,40.72909],[140.52128,40.72867],[140.52154,40.72817],[140.52163,40.7269],[140.52238,40.72646],[140.52219,40.72493],[140.52148,40.72358],[140.52113,40.72196],[140.5224,40.7209],[140.52432,40.72041],[140.52514,40.7199],[140.52624,40.71794],[140.52853,40.7163],[140.52778,40.71582],[140.52916,40.71424],[140.5312,40.71221],[140.53293,40.71148],[140.53427,40.70985],[140.53458,40.70875],[140.53531,40.70842],[140.53596,40.7077],[140.53618,40.70693],[140.53692,40.70599],[140.54127,40.70331],[140.54334,40.70224],[140.54345,40.70159],[140.54444,40.70098],[140.54706,40.70028],[140.54793,40.69808],[140.54838,40.69621],[140.54875,40.69548],[140.54759,40.69526],[140.54633,40.69476],[140.54505,40.69118],[140.5458,40.691],[140.54531,40.68965],[140.54552,40.68907],[140.54497,40.68796],[140.54581,40.68797],[140.54535,40.68673],[140.54382,40.68693],[140.54236,40.68744],[140.54073,40.68766],[140.54016,40.68712],[140.54164,40.68542],[140.54217,40.68574],[140.54326,40.6846],[140.54251,40.68418],[140.54145,40.68315],[140.54381,40.68063],[140.54331,40.67998],[140.54465,40.67948],[140.54401,40.67824],[140.54463,40.6774],[140.54427,40.67712],[140.54799,40.67477],[140.5492,40.67468],[140.5489,40.67408],[140.54926,40.67219],[140.54905,40.67144],[140.54968,40.6708],[140.55033,40.66971],[140.55156,40.67072],[140.55335,40.67445],[140.55364,40.67611],[140.55438,40.67701],[140.55527,40.67678],[140.55622,40.67861],[140.55537,40.68065],[140.55557,40.68142],[140.55552,40.68406],[140.55576,40.68486],[140.55675,40.68613],[140.55756,40.68689],[140.55918,40.68806],[140.561,40.68805],[140.5629,40.68856],[140.56447,40.68865],[140.56637,40.68841],[140.56783,40.68786],[140.5687,40.6879],[140.56959,40.68826],[140.57091,40.6892],[140.5719,40.68943],[140.57678,40.68766],[140.57825,40.68732]]],[[[140.84944,40.89415],[140.85001,40.89395],[140.85117,40.89435],[140.85145,40.89498],[140.85215,40.89537],[140.85132,40.89662],[140.85003,40.89733],[140.84833,40.89757],[140.84719,40.89681],[140.84709,40.89573],[140.84758,40.89503],[140.84875,40.89422],[140.84944,40.89415]]]]}},
  {"type":"Feature","properties":{"name":"弘前市","code":"02202"},"geometry":{"type":"MultiPolygon","coordinates":[[[[140.34781,40.46755],[140.34949,40.46842],[140.35216,40.46871],[140.35331,40.46988],[140.3539,40.47229],[140.35497,40.47327],[140.35673,40.47459],[140.35782,40.47472],[140.3599,40.47592],[140.3599,40.47724],[140.3613,40.47839],[140.36408,40.47835],[140.36481,40.47854],[140.36719,40.47702],[140.36862,40.47724],[140.36937,40.47711],[140.3702,40.47648],[140.37153,40.47647],[140.37258,40.47619],[140.37537,40.47631],[140.37795,40.47654],[140.37862,40.47813],[140.38058,40.47876],[140.38131,40.47933],[140.38181,40.48037],[140.38211,40.48197],[140.38348,40.48404],[140.38375,40.48513],[140.38612,40.48643],[140.38696,40.48706],[140.38828,40.48702],[140.38971,40.48557],[140.39116,40.48528],[140.3922,40.48475],[140.39353,40.48521],[140.39413,40.48502],[140.3941,40.48277],[140.39567,40.48204],[140.39592,40.48084],[140.39693,40.47953],[140.39672,40.47823],[140.39846,40.47774],[140.4013,40.47758],[140.40166,40.47727],[140.40213,40.47504],[140.40273,40.47494],[140.4045,40.47544],[140.40612,40.47464],[140.40725,40.47468],[140.40932,40.4753],[140.41091,40.47644],[140.41216,40.47652],[140.41392,40.47763],[140.41618,40.47888],[140.4175,40.47995],[140.42024,40.48062],[140.4213,40.48135],[140.42366,40.48156],[140.42708,40.48259],[140.42774,40.48244],[140.42902,40.4817],[140.43119,40.48171],[140.43212,40.48059],[140.43412,40.48061],[140.43574,40.47997],[140.43638,40.47947],[140.43721,40.47826],[140.4403,40.4787],[140.44137,40.47987],[140.44438,40.48025],[140.44705,40.47899],[140.44856,40.4779],[140.44984,40.47841],[140.45118,40.48011],[140.45225,40.48059],[140.45332,40.4807],[140.45436,40.48123],[140.45708,40.481],[140.45926,40.48023],[140.46056,40.48033],[140.46153,40.48089],[140.4622,40.48234],[140.46283,40.4829],[140.46399,40.48343],[140.46434,40.48383],[140.46411,40.48504],[140.46465,40.48688],[140.46351,40.48789],[140.46298,40.48867],[140.46178,40.4897],[140.46096,40.49135],[140.45873,40.49282],[140.45843,40.49378],[140.45987,40.49472],[140.46197,40.49708],[140.46263,40.49832],[140.46194,40.50009],[140.46204,40.50145],[140.46182,40.50234],[140.46293,40.50322],[140.46343,40.50318],[140.46577,40.50355],[140.47036,40.50372],[140.47212,40.50417],[140.47345,40.50375],[140.47576,40.50421],[140.47714,40.50429],[140.47821,40.50493],[140.47918,40.50581],[140.47987,40.50599],[140.48108,40.50689],[140.48258,40.507],[140.48409,40.50787],[140.48392,40.50835],[140.48457,40.51002],[140.48504,40.51189],[140.4831,40.51339],[140.4821,40.51376],[140.48187,40.51461],[140.48279,40.51594],[140.48358,40.51675],[140.48429,40.5185],[140.4855,40.51929],[140.48771,40.51975],[140.48838,40.5197],[140.48968,40.52008],[140.49246,40.52172],[140.49386,40.52191],[140.49652,40.52096],[140.49764,40.52074],[140.49861,40.52116],[140.4993,40.52188],[140.50187,40.52235],[140.50376,40.52306],[140.50725,40.52384],[140.50842,40.52366],[140.50915,40.52404],[140.51042,40.52424],[140.5112,40.5237],[140.51193,40.5221],[140.51362,40.52208],[140.51522,40.5232],[140.51625,40.52346],[140.51843,40.52324],[140.52008,40.52287],[140.52206,40.52351],[140.52399,40.52378],[140.52505,40.52477],[140.52713,40.52523],[140.52781,40.52725],[140.52852,40.52777],[140.53005,40.52704],[140.53113,40.52695],[140.53251,40.52729],[140.53323,40.52779],[140.53374,40.52891],[140.53444,40.52902],[140.53536,40.53001],[140.53678,40.53252],[140.53736,40.53465],[140.53812,40.53538],[140.53926,40.53867],[140.54133,40.53929],[140.54169,40.5399],[140.54153,40.54058],[140.54185,40.54137],[140.54136,40.5432],[140.54188,40.54414],[140.54143,40.54471],[140.54141,40.54538],[140.5425,40.54632],[140.54352,40.54651],[140.5443,40.54727],[140.54622,40.54735],[140.54639,40.5471],[140.546,40.54345],[140.5474,40.54172],[140.54891,40.54024],[140.55017,40.53802],[140.55105,40.53612],[140.55313,40.53706],[140.55377,40.53721],[140.55349,40.53852],[140.55445,40.53874],[140.55439,40.53925],[140.55343,40.54089],[140.55418,40.54169],[140.55388,40.5454],[140.55542,40.54517],[140.55354,40.54922],[140.55389,40.55001],[140.55722,40.54947],[140.55734,40.54982],[140.5593,40.54875],[140.55967,40.54795],[140.56013,40.54598],[140.56135,40.54559],[140.56158,40.54484],[140.56214,40.54479],[140.56333,40.54383],[140.56407,40.54292],[140.56514,40.54276],[140.56712,40.54305],[140.56754,40.54381],[140.56925,40.5442],[140.57069,40.54364],[140.57198,40.54266],[140.57303,40.54163],[140.57416,40.54014],[140.57502,40.53931],[140.57601,40.53771],[140.57686,40.53728],[140.57782,40.53713],[140.57918,40.53726],[140.58122,40.5379],[140.58303,40.5383],[140.58324,40.5395],[140.58389,40.54038],[140.58462,40.54077],[140.58521,40.54151],[140.58769,40.54079],[140.58994,40.54127],[140.59095,40.54222],[140.593,40.54149],[140.5945,40.54216],[140.59584,40.54187],[140.59671,40.5425],[140.59815,40.54284],[140.5985,40.54447],[140.59799,40.54539],[140.59798,40.54641],[140.59869,40.54814],[140.59781,40.5495],[140.59718,40.54963],[140.59578,40.54948],[140.59317,40.55078],[140.59297,40.55296],[140.59258,40.55346],[140.59248,40.55444],[140.59208,40.55526],[140.59112,40.5562],[140.59043,40.55657],[140.58769,40.55706],[140.58624,40.55782],[140.58358,40.55858],[140.5821,40.55971],[140.58104,40.56119],[140.58067,40.56255],[140.57949,40.56351],[140.57794,40.56285],[140.5762,40.56267],[140.5759,40.56331],[140.57503,40.56362],[140.57399,40.56286],[140.5729,40.56428],[140.57203,40.56444],[140.5711,40.56424],[140.57069,40.56284],[140.56953,40.56269],[140.56427,40.56374],[140.56362,40.56306],[140.56191,40.56322],[140.56259,40.56552],[140.56117,40.5653],[140.56062,40.56385],[140.55963,40.56396],[140.55863,40.56071],[140.55755,40.56058],[140.55761,40.55982],[140.55271,40.56076],[140.55093,40.55545],[140.54848,40.55587],[140.54821,40.55494],[140.54679,40.5554],[140.54693,40.55598],[140.54528,40.55625],[140.54398,40.55745],[140.54295,40.55684],[140.54187,40.55754],[140.54019,40.5577],[140.53878,40.55846],[140.53816,40.55907],[140.53752,40.56104],[140.53508,40.5632],[140.53469,40.56375],[140.53333,40.56696],[140.5311,40.56965],[140.53021,40.57036],[140.53038,40.57128],[140.5316,40.57196],[140.53343,40.57177],[140.5341,40.57129],[140.53873,40.57433],[140.53594,40.57684],[140.53485,40.5764],[140.53386,40.57669],[140.53357,40.57602],[140.53086,40.5742],[140.5308,40.57337],[140.52924,40.57304],[140.52816,40.57464],[140.52629,40.57787],[140.52599,40.57914],[140.52626,40.58056],[140.52747,40.58244],[140.52764,40.58311],[140.5276,40.58459],[140.52807,40.58666],[140.52819,40.58809],[140.52722,40.59028],[140.52733,40.59187],[140.52712,40.5936],[140.52612,40.59655],[140.52582,40.59807],[140.52606,40.60092],[140.52606,40.60367],[140.52617,40.60562],[140.5266,40.60687],[140.52636,40.60853],[140.52589,40.60942],[140.52533,40.61117],[140.52532,40.61191],[140.52472,40.61316],[140.5236,40.61388],[140.52154,40.61427],[140.51981,40.61411],[140.51502,40.6145],[140.51437,40.61404],[140.51321,40.61269],[140.51202,40.61203],[140.51151,40.61206],[140.50999,40.61127],[140.50891,40.61323],[140.51113,40.61411],[140.51312,40.61422],[140.51384,40.61524],[140.51307,40.61541],[140.51199,40.61635],[140.51167,40.61726],[140.5115,40.61887],[140.51166,40.62041],[140.51144,40.62102],[140.50947,40.62199],[140.50622,40.62304],[140.50505,40.62381],[140.50444,40.6245],[140.50441,40.62589],[140.50479,40.62652],[140.50578,40.62742],[140.50616,40.62926],[140.50498,40.63019],[140.50408,40.63033],[140.50169,40.63029],[140.50142,40.63098],[140.49982,40.63219],[140.49847,40.6355],[140.49907,40.63635],[140.4993,40.6378],[140.4988,40.63984],[140.49841,40.64078],[140.49706,40.64262],[140.49553,40.64415],[140.49505,40.64552],[140.4948,40.64971],[140.49444,40.65023],[140.49352,40.65076],[140.49067,40.65148],[140.48787,40.6521],[140.48583,40.6523],[140.48356,40.65157],[140.48289,40.6515],[140.48279,40.65077],[140.48182,40.64935],[140.48152,40.64858],[140.48119,40.64685],[140.48045,40.64577],[140.47961,40.64552],[140.47802,40.64557],[140.47652,40.64647],[140.47644,40.64852],[140.47544,40.64901],[140.47523,40.65001],[140.47475,40.65078],[140.47366,40.65191],[140.47309,40.65134],[140.47181,40.6508],[140.47035,40.65281],[140.46888,40.6542],[140.46724,40.65535],[140.46645,40.65727],[140.46566,40.66069],[140.46493,40.66152],[140.4643,40.66163],[140.46078,40.66138],[140.46102,40.66375],[140.46134,40.66542],[140.46107,40.66562],[140.46169,40.66748],[140.4625,40.66898],[140.46284,40.66927],[140.46393,40.66925],[140.46518,40.66997],[140.46547,40.67051],[140.46425,40.67242],[140.4634,40.67416],[140.46344,40.67537],[140.46368,40.67596],[140.46347,40.67732],[140.46342,40.67909],[140.46643,40.68061],[140.46846,40.68133],[140.4675,40.68302],[140.46235,40.68273],[140.46237,40.68435],[140.46122,40.68538],[140.45953,40.68596],[140.45608,40.68757],[140.45543,40.68835],[140.45478,40.68966],[140.45416,40.69331],[140.45363,40.69464],[140.45285,40.69538],[140.45077,40.69659],[140.44737,40.69735],[140.44562,40.69831],[140.44473,40.6994],[140.44389,40.70079],[140.4429,40.70337],[140.44169,40.70552],[140.44003,40.70647],[140.43663,40.70744],[140.43577,40.70807],[140.4342,40.71039],[140.43296,40.71179],[140.43122,40.7133],[140.42943,40.71512],[140.42793,40.71704],[140.42732,40.71863],[140.42703,40.72075],[140.42655,40.72201],[140.42585,40.72263],[140.42297,40.72343],[140.42101,40.72357],[140.41979,40.72413],[140.41855,40.72566],[140.41841,40.72728],[140.41957,40.72929],[140.41979,40.73063],[140.41969,40.73206],[140.41999,40.73261],[140.42018,40.73565],[140.42044,40.73665],[140.41716,40.73701],[140.41721,40.73742],[140.41434,40.73728],[140.41245,40.73784],[140.41167,40.73756],[140.41132,40.73826],[140.4093,40.73827],[140.40894,40.7385],[140.40764,40.73633],[140.40705,40.7362],[140.40666,40.73533],[140.40565,40.7342],[140.40501,40.734],[140.4045,40.73496],[140.40338,40.73465],[140.40249,40.73634],[140.40383,40.73795],[140.4035,40.73858],[140.40193,40.73807],[140.4017,40.7385],[140.40304,40.74068],[140.40182,40.74249],[140.40202,40.74445],[140.40068,40.7456],[140.39843,40.74553],[140.39927,40.74608],[140.39936,40.74668],[140.39666,40.74681],[140.39715,40.74761],[140.39593,40.7481],[140.39523,40.74803],[140.39475,40.74751],[140.39462,40.74652],[140.39423,40.74571],[140.39339,40.74507],[140.39125,40.744],[140.3909,40.74355],[140.389,40.74262],[140.38893,40.74217],[140.38732,40.74199],[140.38695,40.74134],[140.38569,40.74194],[140.38724,40.74279],[140.38754,40.74317],[140.38635,40.74459],[140.38619,40.74515],[140.38545,40.74528],[140.3851,40.74596],[140.38388,40.74589],[140.38282,40.74626],[140.38344,40.74732],[140.38173,40.74782],[140.37995,40.74713],[140.37893,40.74621],[140.37799,40.74483],[140.37722,40.745],[140.37707,40.74567],[140.37344,40.7458],[140.37271,40.74647],[140.37338,40.7477],[140.37123,40.74816],[140.36748,40.74812],[140.36531,40.74836],[140.36503,40.74924],[140.36362,40.7498],[140.36192,40.74847],[140.3604,40.74821],[140.35809,40.74894],[140.35684,40.74874],[140.35557,40.74939],[140.35447,40.75072],[140.35436,40.75279],[140.35481,40.75342],[140.35552,40.75506],[140.3562,40.75542],[140.35525,40.75588],[140.35341,40.75627],[140.35113,40.75699],[140.34956,40.75761],[140.34662,40.75848],[140.34312,40.75912],[140.34058,40.75897],[140.33962,40.75922],[140.33909,40.75931],[140.33828,40.76012],[140.33608,40.75963],[140.33472,40.76011],[140.33408,40.76108],[140.33285,40.76137],[140.33135,40.76013],[140.33042,40.75984],[140.33071,40.75914],[140.33064,40.75786],[140.32946,40.7571],[140.32834,40.7565],[140.32672,40.75633],[140.32574,40.75553],[140.32504,40.75524],[140.32245,40.75363],[140.32069,40.75215],[140.32024,40.75112],[140.31961,40.75054],[140.31818,40.74984],[140.31695,40.7485],[140.31628,40.748],[140.3156,40.74669],[140.31669,40.74537],[140.31652,40.74485],[140.31684,40.7441],[140.31592,40.74389],[140.3146,40.74398],[140.31444,40.7448],[140.31397,40.7449],[140.3127,40.74379],[140.31185,40.7437],[140.31107,40.74443],[140.30989,40.74465],[140.30924,40.74406],[140.30786,40.74346],[140.30762,40.74256],[140.30707,40.74235],[140.30751,40.74131],[140.30738,40.74016],[140.30609,40.73962],[140.30589,40.73895],[140.30518,40.73875],[140.30513,40.7379],[140.30403,40.73648],[140.30306,40.73587],[140.30284,40.7347],[140.30209,40.73371],[140.30145,40.73325],[140.29869,40.73309],[140.29607,40.73258],[140.29568,40.73184],[140.29357,40.73081],[140.29242,40.73055],[140.28933,40.72816],[140.28912,40.72762],[140.2882,40.72694],[140.28811,40.72542],[140.2878,40.72433],[140.28803,40.7237],[140.28795,40.72254],[140.28705,40.7216],[140.28682,40.72038],[140.28739,40.71896],[140.28708,40.71792],[140.28791,40.71695],[140.2877,40.71604],[140.28826,40.71526],[140.28858,40.71431],[140.28854,40.71185],[140.28835,40.71048],[140.28883,40.70996],[140.28832,40.7086],[140.28862,40.70722],[140.28906,40.70634],[140.28879,40.70554],[140.28934,40.70359],[140.29064,40.70296],[140.29112,40.70185],[140.29064,40.70139],[140.29147,40.69877],[140.2929,40.69727],[140.29278,40.69515],[140.29229,40.69379],[140.29258,40.69301],[140.29476,40.6941],[140.29924,40.69723],[140.30454,40.70068],[140.30763,40.70322],[140.30894,40.70386],[140.31163,40.70335],[140.3134,40.70199],[140.31503,40.70159],[140.32194,40.70122],[140.32432,40.70123],[140.32774,40.70104],[140.32996,40.70074],[140.33273,40.70023],[140.3347,40.69974],[140.33713,40.69944],[140.33635,40.69832],[140.33399,40.69586],[140.33315,40.69414],[140.33217,40.6929],[140.33108,40.69291],[140.32993,40.69253],[140.32947,40.69189],[140.32849,40.69172],[140.3277,40.69124],[140.32676,40.69014],[140.32607,40.69004],[140.32424,40.68865],[140.32214,40.68753],[140.31872,40.68356],[140.31748,40.68222],[140.31557,40.681],[140.31472,40.68066],[140.30319,40.67774],[140.28874,40.66928],[140.29034,40.66693],[140.28825,40.66612],[140.27818,40.66236],[140.27955,40.65458],[140.27689,40.65465],[140.2734,40.6544],[140.27196,40.65415],[140.27041,40.65365],[140.26883,40.65334],[140.26903,40.65122],[140.26688,40.65071],[140.2662,40.65173],[140.26328,40.6514],[140.26275,40.65145],[140.26034,40.65021],[140.25926,40.64985],[140.25737,40.64954],[140.25617,40.64887],[140.25474,40.64887],[140.25185,40.64867],[140.25047,40.64843],[140.24637,40.64891],[140.24162,40.6459],[140.24009,40.64504],[140.23714,40.64471],[140.23452,40.64453],[140.23289,40.64504],[140.23152,40.64493],[140.23059,40.6446],[140.22876,40.64352],[140.22722,40.64335],[140.22527,40.64283],[140.22303,40.64272],[140.22186,40.64237],[140.22161,40.64198],[140.22233,40.64103],[140.22185,40.64027],[140.22087,40.64043],[140.2201,40.64087],[140.22011,40.63895],[140.21937,40.63795],[140.21694,40.63748],[140.21703,40.63657],[140.21766,40.63476],[140.21708,40.63434],[140.21435,40.63399],[140.21459,40.63147],[140.21506,40.63098],[140.21659,40.63124],[140.21702,40.63094],[140.21692,40.62986],[140.21574,40.62915],[140.21619,40.62877],[140.21748,40.62827],[140.21776,40.62757],[140.21869,40.62679],[140.21861,40.62585],[140.21938,40.62575],[140.21895,40.62449],[140.21806,40.62425],[140.21738,40.62303],[140.21598,40.62276],[140.21541,40.6219],[140.21367,40.62232],[140.21234,40.62173],[140.21151,40.62084],[140.20986,40.62042],[140.20837,40.61959],[140.20785,40.61837],[140.2068,40.61736],[140.20651,40.61672],[140.20625,40.61489],[140.2052,40.61319],[140.20479,40.61204],[140.20506,40.61101],[140.20484,40.60922],[140.20331,40.60824],[140.20096,40.60782],[140.19931,40.60725],[140.19776,40.60694],[140.19671,40.60609],[140.19395,40.60663],[140.1913,40.60619],[140.18939,40.60567],[140.19018,40.60456],[140.19084,40.60438],[140.19177,40.60363],[140.19277,40.60217],[140.19305,40.60135],[140.19278,40.59982],[140.19182,40.59886],[140.19113,40.59496],[140.19055,40.59466],[140.19081,40.59354],[140.18991,40.59305],[140.18895,40.59399],[140.18777,40.59371],[140.18639,40.59432],[140.18522,40.59441],[140.18465,40.59409],[140.18385,40.59498],[140.18358,40.59582],[140.1822,40.59584],[140.18184,40.5952],[140.18096,40.59446],[140.17982,40.59456],[140.17892,40.59489],[140.17701,40.59422],[140.17654,40.59386],[140.17547,40.59372],[140.17461,40.59423],[140.17388,40.59419],[140.17305,40.59328],[140.17329,40.59255],[140.17255,40.59191],[140.17169,40.59192],[140.17142,40.59123],[140.16864,40.58977],[140.16771,40.58845],[140.16489,40.58738],[140.16213,40.58797],[140.1603,40.58766],[140.15711,40.58752],[140.15477,40.5858],[140.15725,40.58195],[140.15725,40.58178],[140.15563,40.57974],[140.15509,40.57737],[140.15537,40.57605],[140.15551,40.57391],[140.15505,40.57215],[140.15505,40.57144],[140.15615,40.57085],[140.15709,40.56903],[140.15841,40.56844],[140.15918,40.56787],[140.16108,40.56716],[140.16207,40.56525],[140.16203,40.56388],[140.1615,40.56207],[140.16146,40.56037],[140.16045,40.56035],[140.16013,40.56001],[140.1604,40.55872],[140.16075,40.55839],[140.16263,40.55782],[140.16321,40.55695],[140.16386,40.55819],[140.16521,40.55918],[140.16616,40.56065],[140.16931,40.56115],[140.17086,40.5624],[140.1717,40.56244],[140.17259,40.56352],[140.1726,40.56409],[140.1731,40.56477],[140.17335,40.56592],[140.17514,40.5663],[140.17547,40.56729],[140.17636,40.56676],[140.17811,40.56678],[140.17873,40.56604],[140.17877,40.56482],[140.17991,40.56462],[140.17985,40.56378],[140.18151,40.56246],[140.18105,40.56107],[140.1805,40.56031],[140.18216,40.56007],[140.18255,40.56029],[140.18349,40.55991],[140.18504,40.55879],[140.18609,40.55855],[140.1867,40.55758],[140.18843,40.55691],[140.19014,40.55577],[140.19227,40.55599],[140.19515,40.55658],[140.19724,40.55634],[140.19805,40.55659],[140.1988,40.5579],[140.19909,40.55881],[140.19891,40.55968],[140.19838,40.56076],[140.19866,40.5616],[140.20114,40.56388],[140.20133,40.56457],[140.20207,40.56515],[140.20187,40.56568],[140.20249,40.56636],[140.20511,40.56651],[140.2074,40.5671],[140.2092,40.56837],[140.20973,40.56928],[140.20997,40.5703],[140.21057,40.57133],[140.21119,40.57196],[140.21047,40.57327],[140.21081,40.57406],[140.21057,40.57507],[140.21162,40.57586],[140.21149,40.57688],[140.2104,40.57774],[140.20982,40.57952],[140.20954,40.57987],[140.21007,40.58089],[140.21093,40.58169],[140.21351,40.5832],[140.21508,40.58333],[140.21578,40.58371],[140.21635,40.58451],[140.21839,40.58509],[140.2199,40.58576],[140.22058,40.58682],[140.22153,40.58883],[140.22198,40.58931],[140.22439,40.58927],[140.22627,40.58975],[140.22743,40.59045],[140.22847,40.5902],[140.2308,40.59049],[140.2316,40.59127],[140.2319,40.59213],[140.2331,40.59348],[140.23378,40.59498],[140.23508,40.59586],[140.2353,40.59674],[140.2366,40.59757],[140.23594,40.59826],[140.23597,40.60013],[140.23569,40.60131],[140.23621,40.60192],[140.236,40.60247],[140.23636,40.60349],[140.23697,40.6037],[140.2372,40.6043],[140.2381,40.60435],[140.23922,40.60407],[140.24059,40.60343],[140.2418,40.60339],[140.24268,40.60361],[140.24353,40.60314],[140.24484,40.60275],[140.24766,40.6028],[140.2484,40.60414],[140.24902,40.60482],[140.24874,40.60537],[140.24866,40.60748],[140.24943,40.60794],[140.24995,40.60887],[140.25109,40.60937],[140.25169,40.60933],[140.25256,40.61018],[140.25272,40.61073],[140.25528,40.61203],[140.25689,40.61193],[140.25737,40.61307],[140.25926,40.61391],[140.26009,40.61348],[140.2612,40.61363],[140.26158,40.61407],[140.26257,40.61427],[140.26387,40.61522],[140.26624,40.61537],[140.26726,40.61575],[140.26817,40.61565],[140.2689,40.61601],[140.27252,40.61551],[140.27567,40.61462],[140.27586,40.61387],[140.27754,40.61369],[140.27851,40.61291],[140.27993,40.61256],[140.2804,40.61222],[140.28163,40.61226],[140.28178,40.61159],[140.28326,40.61135],[140.2844,40.61182],[140.28488,40.61134],[140.28595,40.61094],[140.28647,40.60992],[140.28699,40.60948],[140.28679,40.60867],[140.28782,40.60717],[140.28874,40.60712],[140.28951,40.60644],[140.29121,40.60679],[140.29217,40.60662],[140.29328,40.60735],[140.29492,40.60768],[140.29616,40.60709],[140.29701,40.60715],[140.29766,40.60654],[140.29763,40.60594],[140.29839,40.60525],[140.29725,40.60498],[140.297,40.60441],[140.29829,40.60341],[140.2972,40.60263],[140.29555,40.60323],[140.29499,40.60317],[140.29603,40.60151],[140.29622,40.60044],[140.29908,40.59708],[140.29946,40.59485],[140.30069,40.59463],[140.30148,40.59421],[140.30329,40.59417],[140.30525,40.59382],[140.30707,40.59401],[140.30787,40.59393],[140.30841,40.59306],[140.31049,40.59151],[140.31122,40.59027],[140.31124,40.58965],[140.31047,40.58839],[140.30766,40.58601],[140.30642,40.58532],[140.30419,40.58504],[140.30284,40.58678],[140.30015,40.58674],[140.29974,40.58578],[140.29877,40.58521],[140.29894,40.58448],[140.30356,40.58263],[140.30605,40.58102],[140.3063,40.58018],[140.30779,40.57958],[140.30882,40.57884],[140.30674,40.5774],[140.30398,40.5753],[140.30392,40.57369],[140.30533,40.57287],[140.3056,40.57234],[140.30638,40.57189],[140.30698,40.57116],[140.30722,40.57032],[140.30698,40.56991],[140.30809,40.56858],[140.31026,40.56758],[140.30984,40.56719],[140.30951,40.56566],[140.31083,40.56439],[140.31022,40.56377],[140.31024,40.56294],[140.30901,40.56204],[140.30867,40.56079],[140.3103,40.56],[140.30995,40.55946],[140.31052,40.55847],[140.31015,40.55771],[140.31051,40.55608],[140.30997,40.55528],[140.30986,40.55431],[140.31013,40.55249],[140.30899,40.55131],[140.30825,40.54941],[140.30785,40.5491],[140.30519,40.5483],[140.30498,40.5479],[140.30354,40.54763],[140.30264,40.54684],[140.30245,40.54608],[140.30268,40.5449],[140.30238,40.54277],[140.30156,40.54191],[140.30203,40.54106],[140.30241,40.5395],[140.30234,40.53883],[140.30159,40.5378],[140.30191,40.53595],[140.3014,40.53518],[140.30172,40.53396],[140.30173,40.53308],[140.30142,40.53182],[140.30153,40.53011],[140.30225,40.52858],[140.30203,40.52757],[140.30295,40.52666],[140.30311,40.52546],[140.30426,40.52472],[140.30452,40.52306],[140.30595,40.52136],[140.30757,40.522],[140.3081,40.5214],[140.30918,40.52095],[140.31118,40.52045],[140.31223,40.51906],[140.31146,40.51824],[140.31168,40.51788],[140.31353,40.5163],[140.31425,40.51548],[140.31634,40.51527],[140.31745,40.51499],[140.31892,40.51523],[140.31982,40.51511],[140.32038,40.51394],[140.32167,40.51252],[140.32175,40.51208],[140.32269,40.51074],[140.32328,40.50947],[140.32313,40.50894],[140.32206,40.50844],[140.32014,40.50644],[140.3199,40.50542],[140.31916,40.50414],[140.32059,40.50269],[140.32058,40.5018],[140.32016,40.50112],[140.32013,40.49974],[140.32067,40.49907],[140.32174,40.49839],[140.32231,40.49743],[140.32306,40.4972],[140.32465,40.49601],[140.3278,40.4955],[140.3279,40.49505],[140.32738,40.49404],[140.32894,40.4927],[140.32963,40.49261],[140.32975,40.49179],[140.33032,40.49095],[140.32964,40.48992],[140.32751,40.48856],[140.32705,40.48789],[140.32807,40.48673],[140.32721,40.48536],[140.32818,40.48404],[140.32829,40.48289],[140.32734,40.48143],[140.32968,40.48173],[140.33105,40.48176],[140.33226,40.48206],[140.33324,40.48136],[140.33448,40.48097],[140.33475,40.48024],[140.33575,40.47946],[140.33646,40.47944],[140.33654,40.47859],[140.33705,40.47699],[140.337,40.47586],[140.33759,40.47464],[140.33811,40.47432],[140.3393,40.47453],[140.34075,40.47365],[140.34231,40.47296],[140.34383,40.473],[140.34433,40.47225],[140.34534,40.47179],[140.34599,40.47075],[140.34582,40.46995],[140.3463,40.46957],[140.34666,40.46861],[140.34781,40.46755]]]]}},
  {"type":"Feature","properties":{"name":"八戸市","code":"02203"},"geometry":{"type":"MultiPolygon","coordinates":[[[[141.36362,40.49476],[141.36522,40.4947],[141.36643,40.49548],[141.36845,40.49583],[141.36911,40.49728],[141.37075,40.49839],[141.37123,40.49836],[141.37365,40.49982],[141.37425,40.5004],[141.37542,40.50038],[141.37662,40.50172],[141.37732,40.50225],[141.37924,40.50315],[141.38062,40.50406],[141.38124,40.50425],[141.38107,40.50295],[141.38173,40.50166],[141.38216,40.50031],[141.38205,40.49891],[141.38234,40.49744],[141.38203,40.49563],[141.38119,40.49431],[141.38129,40.49347],[141.38374,40.49181],[141.38464,40.49096],[141.38503,40.48938],[141.38741,40.48909],[141.38837,40.48882],[141.39048,40.48796],[141.3916,40.48764],[141.39393,40.48351],[141.39361,40.48151],[141.39324,40.4811],[141.39314,40.48016],[141.3943,40.47917],[141.39703,40.47812],[141.39816,40.47741],[141.3988,40.4766],[141.39905,40.47573],[141.40028,40.47531],[141.40071,40.47391],[141.40124,40.47333],[141.40405,40.47464],[141.4049,40.47397],[141.40724,40.47508],[141.40877,40.47504],[141.40883,40.47406],[141.40821,40.47309],[141.40804,40.47234],[141.40956,40.47082],[141.41097,40.47016],[141.41305,40.4703],[141.41444,40.47083],[141.41497,40.47128],[141.41569,40.47275],[141.41661,40.47415],[141.41747,40.47575],[141.41815,40.47653],[141.4186,40.47657],[141.41958,40.47589],[141.42263,40.4725],[141.42208,40.47216],[141.42226,40.4708],[141.42368,40.47],[141.42357,40.46881],[141.42489,40.46791],[141.42498,40.46638],[141.42433,40.46582],[141.42532,40.46462],[141.42437,40.46444],[141.42383,40.46402],[141.42358,40.46328],[141.42539,40.4626],[141.42631,40.46084],[141.42794,40.45901],[141.42966,40.45824],[141.43156,40.45852],[141.43218,40.45815],[141.43355,40.45816],[141.43524,40.4575],[141.43739,40.45499],[141.43838,40.4547],[141.4398,40.454],[141.44139,40.45275],[141.44298,40.45233],[141.44432,40.45216],[141.44559,40.45158],[141.44612,40.45083],[141.44721,40.4506],[141.44818,40.44997],[141.44882,40.44993],[141.45062,40.44937],[141.45106,40.44901],[141.45321,40.44887],[141.4535,40.44835],[141.45213,40.44529],[141.45091,40.44419],[141.44817,40.44239],[141.44631,40.44138],[141.44396,40.43884],[141.44374,40.43724],[141.44399,40.43629],[141.44409,40.43481],[141.44306,40.43253],[141.44053,40.42965],[141.44012,40.4294],[141.43784,40.42942],[141.43467,40.42924],[141.43252,40.42837],[141.4303,40.42809],[141.42741,40.42812],[141.42429,40.42734],[141.42271,40.42739],[141.42113,40.42711],[141.41978,40.4273],[141.41774,40.42614],[141.41623,40.42563],[141.41604,40.42532],[141.41391,40.42557],[141.41274,40.42532],[141.41176,40.42569],[141.41047,40.42546],[141.40814,40.4253],[141.40592,40.42453],[141.40386,40.42363],[141.40148,40.42274],[141.39903,40.42262],[141.39595,40.4234],[141.39737,40.42151],[141.39821,40.42014],[141.39849,40.41897],[141.39913,40.41757],[141.40123,40.41494],[141.40052,40.4138],[141.39856,40.41283],[141.39807,40.41203],[141.39397,40.40844],[141.39124,40.40782],[141.38939,40.40793],[141.38758,40.40635],[141.38729,40.40568],[141.38833,40.40399],[141.39012,40.40242],[141.38853,40.40034],[141.38709,40.39988],[141.38637,40.39996],[141.38468,40.39953],[141.38334,40.39974],[141.38349,40.39908],[141.38487,40.39892],[141.38507,40.39802],[141.38414,40.39774],[141.3836,40.39647],[141.38474,40.39571],[141.38575,40.39446],[141.38917,40.39309],[141.38873,40.39272],[141.38747,40.39316],[141.38542,40.39306],[141.38432,40.39315],[141.38383,40.39169],[141.38394,40.39069],[141.38621,40.38953],[141.38529,40.38816],[141.38538,40.38783],[141.38702,40.38735],[141.38675,40.38597],[141.38622,40.38531],[141.38668,40.38481],[141.38628,40.38415],[141.38526,40.38386],[141.38521,40.38254],[141.38446,40.38034],[141.38453,40.37958],[141.3851,40.37873],[141.38496,40.37779],[141.38197,40.37805],[141.38032,40.37851],[141.3783,40.37998],[141.37663,40.38066],[141.37351,40.38107],[141.37259,40.38108],[141.37144,40.38143],[141.3688,40.38162],[141.36784,40.38111],[141.36687,40.38105],[141.36581,40.3805],[141.36427,40.38069],[141.36368,40.38057],[141.36358,40.37965],[141.36405,40.37903],[141.36532,40.37855],[141.36634,40.37873],[141.36725,40.37845],[141.36807,40.37868],[141.36869,40.37949],[141.37054,40.38017],[141.37155,40.37921],[141.37272,40.37916],[141.37401,40.37841],[141.37466,40.37775],[141.37683,40.37731],[141.37794,40.37686],[141.37919,40.37678],[141.38219,40.37593],[141.38376,40.37523],[141.38428,40.37398],[141.38421,40.37299],[141.38349,40.37125],[141.38377,40.37089],[141.38306,40.37012],[141.38322,40.36929],[141.38213,40.36827],[141.38154,40.36738],[141.37957,40.36684],[141.37891,40.36604],[141.37804,40.36557],[141.37693,40.36581],[141.37493,40.36534],[141.37279,40.36553],[141.37289,40.36413],[141.37313,40.36381],[141.37606,40.36312],[141.37672,40.36337],[141.37838,40.3635],[141.38042,40.36344],[141.38121,40.36392],[141.38194,40.36394],[141.38314,40.36444],[141.38433,40.36542],[141.38533,40.36559],[141.38662,40.36531],[141.38772,40.36465],[141.38864,40.36359],[141.38945,40.36339],[141.38994,40.36266],[141.39078,40.36205],[141.39162,40.36189],[141.39164,40.36129],[141.3931,40.36069],[141.39291,40.36175],[141.3936,40.36257],[141.39392,40.36389],[141.39561,40.36527],[141.39603,40.36599],[141.39749,40.36732],[141.40121,40.36667],[141.40308,40.36466],[141.40416,40.36245],[141.40417,40.36132],[141.40554,40.36093],[141.40514,40.3598],[141.40611,40.35802],[141.40698,40.35716],[141.40819,40.35754],[141.40965,40.3586],[141.41079,40.359],[141.41172,40.35968],[141.41284,40.35999],[141.41417,40.36063],[141.41527,40.36154],[141.41791,40.36298],[141.41924,40.36352],[141.42106,40.36377],[141.42294,40.36313],[141.423,40.36224],[141.42339,40.36117],[141.42397,40.3608],[141.42578,40.36105],[141.42659,40.36168],[141.42729,40.36181],[141.42695,40.36289],[141.42715,40.36439],[141.42742,40.365],[141.42919,40.36653],[141.42934,40.36753],[141.43082,40.36771],[141.43179,40.36809],[141.43244,40.36957],[141.43348,40.37099],[141.43409,40.37237],[141.43395,40.37372],[141.43548,40.37389],[141.43773,40.37352],[141.43952,40.37427],[141.44052,40.37529],[141.4416,40.37604],[141.44336,40.37584],[141.44499,40.37507],[141.44613,40.37402],[141.44742,40.37396],[141.44826,40.37351],[141.45076,40.37362],[141.45431,40.373],[141.45501,40.37333],[141.45643,40.37463],[141.4599,40.37511],[141.46206,40.37484],[141.46304,40.37506],[141.46487,40.37682],[141.46608,40.37738],[141.46996,40.37675],[141.47119,40.37636],[141.473,40.37709],[141.47585,40.3765],[141.47677,40.37601],[141.47811,40.37637],[141.4796,40.37641],[141.48047,40.37613],[141.48107,40.37488],[141.48237,40.37511],[141.48308,40.37492],[141.48464,40.37338],[141.48489,40.37247],[141.48532,40.37203],[141.48647,40.37181],[141.48803,40.37226],[141.48912,40.37152],[141.49035,40.37115],[141.49201,40.36977],[141.49488,40.36812],[141.49643,40.36741],[141.49705,40.36593],[141.49674,40.36495],[141.4969,40.3637],[141.49763,40.36346],[141.49895,40.36212],[141.49936,40.36197],[141.5013,40.3628],[141.5019,40.36289],[141.50364,40.36375],[141.50426,40.36368],[141.50588,40.36269],[141.50721,40.36293],[141.50779,40.36242],[141.50768,40.36142],[141.50849,40.36063],[141.50893,40.3596],[141.50978,40.35885],[141.51126,40.35821],[141.51211,40.35675],[141.51327,40.35531],[141.51444,40.35438],[141.51515,40.3535],[141.5167,40.35291],[141.51817,40.35184],[141.52399,40.3514],[141.52478,40.35061],[141.52635,40.34996],[141.52759,40.34991],[141.53016,40.3504],[141.53168,40.35145],[141.53337,40.35073],[141.53386,40.34971],[141.53509,40.34882],[141.53603,40.34873],[141.53579,40.34737],[141.5372,40.34738],[141.53903,40.34797],[141.54026,40.34877],[141.54329,40.35026],[141.54307,40.35129],[141.54512,40.35104],[141.54568,40.35142],[141.54678,40.35318],[141.54751,40.35404],[141.54771,40.35481],[141.54924,40.35563],[141.55,40.35653],[141.55153,40.35727],[141.55288,40.35764],[141.5537,40.35866],[141.55157,40.36129],[141.55071,40.36308],[141.5499,40.36437],[141.54993,40.36582],[141.54824,40.3669],[141.54792,40.36834],[141.54755,40.36885],[141.54651,40.36953],[141.54585,40.37035],[141.54523,40.37174],[141.54519,40.37275],[141.54571,40.37369],[141.54518,40.3744],[141.54379,40.37529],[141.54362,40.37605],[141.543,40.37676],[141.5421,40.3786],[141.54253,40.37953],[141.54045,40.37947],[141.53953,40.37976],[141.53849,40.38058],[141.53784,40.38264],[141.53807,40.38354],[141.53767,40.38429],[141.53665,40.38521],[141.5357,40.38576],[141.5345,40.38682],[141.53375,40.38904],[141.53173,40.39033],[141.53131,40.39095],[141.52934,40.39304],[141.5292,40.3934],[141.5267,40.3954],[141.52363,40.39711],[141.52176,40.4003],[141.52105,40.40245],[141.52034,40.40345],[141.52005,40.40444],[141.52021,40.40642],[141.5198,40.40742],[141.52,40.40931],[141.51903,40.40972],[141.52,40.41166],[141.51912,40.41281],[141.51893,40.4153],[141.51922,40.41647],[141.52088,40.41858],[141.52133,40.42085],[141.52162,40.42312],[141.52198,40.42381],[141.52214,40.42561],[141.52178,40.42683],[141.52177,40.4277],[141.52113,40.42935],[141.5212,40.43148],[141.5211,40.43316],[141.52135,40.43394],[141.52149,40.43592],[141.52126,40.4373],[141.52128,40.43921],[141.52043,40.44513],[141.51977,40.44706],[141.51961,40.4492],[141.5198,40.45316],[141.51916,40.45503],[141.51877,40.45684],[141.52103,40.45749],[141.52177,40.45822],[141.52293,40.45877],[141.52517,40.45935],[141.52598,40.45975],[141.52738,40.45925],[141.5306,40.45961],[141.53159,40.45959],[141.53347,40.45992],[141.53425,40.45866],[141.53523,40.45765],[141.53641,40.45732],[141.53679,40.45667],[141.53626,40.45572],[141.5363,40.45499],[141.53768,40.45401],[141.53768,40.45293],[141.53824,40.45257],[141.5396,40.45291],[141.54063,40.45291],[141.54495,40.45441],[141.54531,40.45443],[141.54774,40.45132],[141.54827,40.45275],[141.54924,40.45343],[141.54945,40.45459],[141.5498,40.45497],[141.54961,40.45587],[141.5518,40.45639],[141.55247,40.45712],[141.5527,40.4581],[141.55174,40.45886],[141.55201,40.45976],[141.55198,40.46077],[141.55231,40.46159],[141.55232,40.46288],[141.55291,40.46448],[141.55686,40.46395],[141.55746,40.46489],[141.55851,40.46587],[141.55839,40.46751],[141.55711,40.46857],[141.55742,40.46971],[141.5572,40.47165],[141.55655,40.47369],[141.55688,40.47425],[141.56295,40.47631],[141.56531,40.47696],[141.57039,40.47957],[141.57199,40.47907],[141.57472,40.47922],[141.57625,40.47906],[141.57681,40.4787],[141.5823,40.47719],[141.58486,40.47603],[141.58687,40.47578],[141.58804,40.4763],[141.59111,40.47672],[141.59472,40.47732],[141.59485,40.47391],[141.59526,40.47181],[141.5946,40.47035],[141.59369,40.46937],[141.59333,40.46787],[141.59611,40.46652],[141.59737,40.46619],[141.59843,40.46569],[141.60068,40.46386],[141.60258,40.46332],[141.60416,40.46311],[141.60564,40.46311],[141.6086,40.46378],[141.61202,40.46472],[141.61801,40.46624],[141.61942,40.46628],[141.62142,40.46707],[141.62341,40.46742],[141.62413,40.46824],[141.62511,40.4686],[141.62612,40.47024],[141.62756,40.47106],[141.62774,40.4718],[141.62946,40.47218],[141.63075,40.47366],[141.63067,40.47417],[141.63229,40.47462],[141.63319,40.47444],[141.63393,40.47397],[141.63704,40.47395],[141.63796,40.47421],[141.63934,40.47349],[141.64055,40.47373],[141.64354,40.47349],[141.64425,40.47407],[141.64652,40.4747],[141.64536,40.47643],[141.64512,40.47717],[141.64413,40.47697],[141.64419,40.47783],[141.64352,40.47832],[141.64276,40.47846],[141.64157,40.47945],[141.64042,40.47929],[141.63967,40.47979],[141.63771,40.48026],[141.63708,40.48094],[141.63723,40.48205],[141.63522,40.48254],[141.63437,40.48322],[141.63356,40.48423],[141.63326,40.48524],[141.63358,40.48577],[141.63322,40.48645],[141.63385,40.48703],[141.63422,40.48781],[141.63351,40.48864],[141.6311,40.48956],[141.63045,40.49006],[141.63017,40.49095],[141.63048,40.49207],[141.63101,40.49304],[141.63181,40.49309],[141.63157,40.49375],[141.6329,40.49434],[141.63252,40.49517],[141.63277,40.49563],[141.63156,40.49608],[141.6319,40.49495],[141.63253,40.49433],[141.63138,40.49403],[141.63112,40.49453],[141.62922,40.49555],[141.62881,40.49514],[141.62802,40.49529],[141.62765,40.49587],[141.62689,40.49564],[141.62553,40.49676],[141.62518,40.49754],[141.62444,40.49794],[141.62234,40.49837],[141.62176,40.49866],[141.62096,40.49978],[141.62137,40.50084],[141.6209,40.50262],[141.62016,40.50359],[141.61911,40.50389],[141.61943,40.50458],[141.62037,40.50475],[141.62107,40.50582],[141.62094,40.5057],[141.62018,40.50563],[141.61994,40.50582],[141.61847,40.50485],[141.61734,40.50515],[141.61505,40.50423],[141.6136,40.50518],[141.61274,40.50523],[141.61114,40.5063],[141.6107,40.50718],[141.61117,40.50817],[141.61104,40.50879],[141.61039,40.50933],[141.61147,40.51067],[141.61031,40.51176],[141.61015,40.51274],[141.60826,40.5136],[141.60861,40.51396],[141.60599,40.51502],[141.60442,40.516],[141.60356,40.51591],[141.60148,40.51641],[141.60075,40.51705],[141.59904,40.51745],[141.59924,40.51885],[141.59871,40.5201],[141.59763,40.5193],[141.59716,40.51958],[141.59498,40.51951],[141.59357,40.51894],[141.59252,40.51878],[141.59174,40.51898],[141.59066,40.51973],[141.58891,40.52141],[141.58776,40.52218],[141.58595,40.52433],[141.58278,40.52908],[141.58187,40.53069],[141.58201,40.53212],[141.58209,40.53283],[141.5824,40.53345],[141.58307,40.53407],[141.58189,40.53418],[141.5808,40.53391],[141.58049,40.53409],[141.58008,40.53481],[141.58023,40.53572],[141.57962,40.53601],[141.57989,40.53671],[141.58182,40.53782],[141.58118,40.53868],[141.58165,40.53931],[141.58033,40.53982],[141.57934,40.53972],[141.57748,40.54126],[141.57686,40.54105],[141.57673,40.54144],[141.57628,40.54153],[141.57616,40.54162],[141.5766,40.54235],[141.57599,40.54292],[141.57464,40.54259],[141.57375,40.54265],[141.57328,40.54214],[141.57177,40.54232],[141.57067,40.54257],[141.56992,40.54296],[141.56821,40.54251],[141.56681,40.54265],[141.56609,40.543],[141.56503,40.54262],[141.5657,40.54153],[141.56473,40.54119],[141.56428,40.54046],[141.56345,40.54037],[141.56247,40.54046],[141.56149,40.53894],[141.56055,40.53834],[141.55887,40.53823],[141.55815,40.53908],[141.55855,40.53977],[141.55703,40.53937],[141.55653,40.53846],[141.55668,40.53766],[141.55754,40.53753],[141.55849,40.53681],[141.55751,40.53568],[141.5561,40.53606],[141.55556,40.5351],[141.55394,40.53152],[141.55344,40.53063],[141.55229,40.52946],[141.55078,40.52996],[141.55195,40.53359],[141.5504,40.53348],[141.54923,40.52982],[141.54541,40.52955],[141.54519,40.53116],[141.54299,40.53099],[141.54335,40.52835],[141.54366,40.52762],[141.54045,40.52743],[141.5403,40.52752],[141.53695,40.52726],[141.53652,40.5305],[141.53919,40.53091],[141.53895,40.5318],[141.5372,40.53153],[141.53602,40.53101],[141.53456,40.52718],[141.52722,40.52881],[141.52813,40.53117],[141.53115,40.53123],[141.53307,40.53078],[141.5345,40.53083],[141.53431,40.53155],[141.53117,40.53156],[141.52796,40.53144],[141.52432,40.52959],[141.52245,40.53103],[141.5235,40.53216],[141.51848,40.53611],[141.51872,40.53636],[141.51617,40.53835],[141.51508,40.53889],[141.51744,40.5406],[141.51435,40.54308],[141.5107,40.54225],[141.50528,40.54012],[141.50453,40.54038],[141.50306,40.5419],[141.50285,40.54294],[141.51237,40.54672],[141.51462,40.55247],[141.51453,40.55249],[141.51229,40.54678],[141.50998,40.54585],[141.50755,40.54911],[141.50604,40.54817],[141.50583,40.54837],[141.50182,40.54664],[141.50037,40.5486],[141.50613,40.55108],[141.5049,40.55273],[141.5016,40.55275],[141.49833,40.55133],[141.49687,40.5533],[141.5013,40.5552],[141.50013,40.55677],[141.49341,40.55819],[141.49284,40.55899],[141.48749,40.55679],[141.48601,40.55891],[141.48646,40.5591],[141.48512,40.56092],[141.48409,40.5605],[141.48356,40.56131],[141.49199,40.56474],[141.49116,40.56592],[141.49187,40.56621],[141.50017,40.56132],[141.50353,40.55929],[141.51667,40.55628],[141.52106,40.55529],[141.52778,40.55857],[141.52772,40.55863],[141.52111,40.55543],[141.50362,40.55941],[141.49193,40.5663],[141.48894,40.57121],[141.48236,40.56887],[141.48139,40.57073],[141.47917,40.57459],[141.4772,40.57834],[141.47717,40.57861],[141.4794,40.57939],[141.47578,40.58549],[141.47469,40.58542],[141.47384,40.58679],[141.47282,40.58648],[141.47175,40.58723],[141.47067,40.58839],[141.47011,40.58936],[141.46999,40.59048],[141.4693,40.59156],[141.46927,40.59205],[141.46861,40.59343],[141.46745,40.59641],[141.46716,40.59753],[141.4656,40.60143],[141.46471,40.60169],[141.46382,40.6034],[141.46299,40.60347],[141.46251,40.60146],[141.46133,40.60022],[141.46025,40.59971],[141.45918,40.59968],[141.45645,40.60036],[141.45479,40.60063],[141.45262,40.60035],[141.45163,40.59987],[141.44937,40.59789],[141.44714,40.59672],[141.44556,40.59658],[141.44303,40.59662],[141.44004,40.59589],[141.43574,40.59466],[141.43422,40.59392],[141.43256,40.59274],[141.43082,40.59189],[141.42878,40.59133],[141.42501,40.59187],[141.42475,40.58983],[141.42411,40.58908],[141.42385,40.58832],[141.42445,40.58738],[141.42417,40.58702],[141.42285,40.58668],[141.42252,40.58619],[141.42105,40.5859],[141.41958,40.58504],[141.41728,40.58446],[141.41661,40.58463],[141.41576,40.58428],[141.41587,40.58322],[141.41527,40.58314],[141.4151,40.58392],[141.41372,40.58366],[141.41178,40.58369],[141.41152,40.5832],[141.41173,40.58208],[141.4113,40.58105],[141.40968,40.57926],[141.40666,40.57814],[141.40653,40.57712],[141.40732,40.57592],[141.40771,40.57456],[141.40703,40.57383],[141.40691,40.57322],[141.40824,40.57241],[141.40907,40.57283],[141.40868,40.57349],[141.41043,40.57368],[141.4114,40.57276],[141.41196,40.57276],[141.41483,40.57444],[141.41608,40.57424],[141.4159,40.57385],[141.4165,40.57327],[141.41831,40.57376],[141.4189,40.57296],[141.42029,40.57299],[141.42049,40.57247],[141.42311,40.56351],[141.42282,40.56276],[141.42351,40.56231],[141.42311,40.56153],[141.42293,40.56034],[141.42243,40.55927],[141.42161,40.55866],[141.42147,40.558],[141.42187,40.55735],[141.42255,40.55701],[141.42204,40.55626],[141.42354,40.55492],[141.42332,40.55454],[141.42184,40.55562],[141.42097,40.55647],[141.42002,40.55781],[141.41969,40.55724],[141.4199,40.55587],[141.41971,40.55509],[141.41985,40.55409],[141.42211,40.55195],[141.42361,40.55198],[141.42441,40.55137],[141.42299,40.5496],[141.42437,40.54794],[141.42336,40.54703],[141.42321,40.54786],[141.42265,40.5484],[141.42138,40.54913],[141.42095,40.54995],[141.42052,40.5515],[141.41829,40.55318],[141.4177,40.552],[141.41841,40.55138],[141.41852,40.55059],[141.41719,40.55117],[141.41548,40.5503],[141.416,40.5485],[141.41563,40.54776],[141.41444,40.54836],[141.41426,40.54944],[141.41313,40.54932],[141.41261,40.54859],[141.41068,40.54718],[141.41044,40.54669],[141.41138,40.54531],[141.41234,40.54469],[141.41319,40.54379],[141.41426,40.54309],[141.41402,40.54233],[141.41583,40.5417],[141.41756,40.54067],[141.41852,40.53945],[141.4165,40.53927],[141.41465,40.53883],[141.41164,40.5375],[141.40926,40.53727],[141.40694,40.53785],[141.40505,40.53777],[141.40266,40.53719],[141.39864,40.53543],[141.39741,40.53473],[141.39277,40.53251],[141.39106,40.53128],[141.38922,40.52966],[141.38698,40.5275],[141.38559,40.52657],[141.38484,40.52545],[141.38451,40.5246],[141.38464,40.52388],[141.38059,40.52433],[141.37914,40.52406],[141.37704,40.52419],[141.37634,40.52335],[141.3743,40.5225],[141.37182,40.52214],[141.37099,40.52182],[141.36888,40.52043],[141.36635,40.52016],[141.363,40.51962],[141.36059,40.51823],[141.35931,40.51789],[141.35476,40.51707],[141.3549,40.51636],[141.35583,40.51502],[141.35628,40.51327],[141.35661,40.51268],[141.35837,40.51086],[141.35841,40.51038],[141.35745,40.50865],[141.35472,40.5062],[141.35487,40.50541],[141.35674,40.50589],[141.35831,40.504],[141.35971,40.50299],[141.36095,40.50272],[141.36326,40.49991],[141.36494,40.49957],[141.36654,40.49941],[141.36713,40.49825],[141.36641,40.4967],[141.36362,40.49476]]],[[[141.52195,40.53885],[141.52352,40.5367],[141.52682,40.5342],[141.52993,40.53395],[141.53028,40.53417],[141.52898,40.53519],[141.53195,40.53734],[141.52877,40.54],[141.52904,40.54272],[141.53084,40.54403],[141.53094,40.54447],[141.52885,40.54614],[141.52831,40.54626],[141.52437,40.54536],[141.52406,40.54491],[141.52474,40.54307],[141.52791,40.54052],[141.52513,40.5385],[141.52171,40.54124],[141.5208,40.54059],[141.52195,40.53885]]],[[[141.53523,40.55674],[141.53502,40.55774],[141.5351,40.565],[141.53491,40.56592],[141.53484,40.55771],[141.53534,40.55614],[141.53604,40.55536],[141.5426,40.5501],[141.54273,40.5502],[141.53631,40.55535],[141.53523,40.55674]]]]}},
  {"type":"Feature","properties":{"name":"黒石市","code":"02204"},"geometry":{"type":"MultiPolygon","coordinates":[[[[140.57825,40.68732],[140.57902,40.68507],[140.57793,40.68486],[140.57784,40.68403],[140.57825,40.68169],[140.57837,40.67992],[140.57662,40.67989],[140.57656,40.67718],[140.57529,40.67763],[140.57203,40.67233],[140.57133,40.67259],[140.57049,40.67126],[140.57097,40.67074],[140.56986,40.66935],[140.56869,40.66924],[140.56824,40.66874],[140.57439,40.663],[140.57361,40.6624],[140.576,40.66018],[140.57317,40.65845],[140.57293,40.65852],[140.57059,40.66068],[140.56938,40.66009],[140.56745,40.66189],[140.56507,40.66047],[140.56582,40.65832],[140.56581,40.65667],[140.56622,40.65574],[140.56678,40.65552],[140.56677,40.65425],[140.56755,40.65352],[140.56855,40.65329],[140.56988,40.65264],[140.57109,40.6518],[140.57186,40.65151],[140.57396,40.6515],[140.57384,40.65044],[140.57476,40.64934],[140.57323,40.64715],[140.57522,40.64568],[140.57573,40.64476],[140.57535,40.64338],[140.57357,40.641],[140.57325,40.64084],[140.57307,40.63963],[140.57245,40.63956],[140.57356,40.63762],[140.57457,40.63751],[140.57535,40.63689],[140.57736,40.63704],[140.58007,40.63596],[140.58172,40.63497],[140.58147,40.63409],[140.58094,40.63106],[140.58208,40.63095],[140.58301,40.63118],[140.58289,40.63005],[140.58914,40.62983],[140.58925,40.62737],[140.5916,40.62746],[140.59187,40.62247],[140.59517,40.62253],[140.59517,40.62212],[140.59853,40.62218],[140.59869,40.61932],[140.60202,40.61939],[140.60208,40.61786],[140.60341,40.61784],[140.60349,40.61628],[140.60421,40.6162],[140.60839,40.61631],[140.60836,40.6171],[140.61138,40.61713],[140.61067,40.61605],[140.60952,40.6157],[140.60889,40.61509],[140.60776,40.61444],[140.60681,40.61231],[140.60775,40.61193],[140.60936,40.61214],[140.61008,40.61149],[140.61216,40.61192],[140.61392,40.61176],[140.61511,40.61128],[140.61705,40.61132],[140.61834,40.61112],[140.61876,40.61075],[140.62062,40.60995],[140.6215,40.60996],[140.62285,40.6088],[140.62321,40.60777],[140.62418,40.60682],[140.62472,40.60558],[140.62639,40.60322],[140.6285,40.6026],[140.62998,40.6028],[140.63194,40.60287],[140.63418,40.60177],[140.63606,40.60167],[140.63803,40.60179],[140.63925,40.60127],[140.64005,40.6001],[140.64204,40.59862],[140.64224,40.5979],[140.64335,40.59783],[140.64454,40.59704],[140.64488,40.5962],[140.64544,40.5958],[140.64581,40.59488],[140.64693,40.59443],[140.64867,40.59441],[140.64943,40.59383],[140.65024,40.59374],[140.65154,40.59415],[140.65143,40.59229],[140.6526,40.59077],[140.65366,40.58971],[140.6553,40.58935],[140.65637,40.58844],[140.65578,40.5867],[140.65682,40.58463],[140.65745,40.58258],[140.65856,40.58249],[140.65954,40.58204],[140.65985,40.5813],[140.65947,40.57848],[140.65887,40.57829],[140.65741,40.57724],[140.65685,40.57575],[140.65695,40.57471],[140.65651,40.57347],[140.65687,40.57216],[140.65655,40.57139],[140.65523,40.57074],[140.65413,40.56985],[140.6536,40.56826],[140.65311,40.5675],[140.6512,40.56573],[140.65212,40.56369],[140.65193,40.56187],[140.65244,40.56107],[140.65419,40.55998],[140.65422,40.55925],[140.65468,40.55862],[140.65616,40.55805],[140.65743,40.55829],[140.65873,40.55882],[140.66011,40.55872],[140.66245,40.56033],[140.66321,40.56023],[140.66378,40.55933],[140.66495,40.55901],[140.66588,40.55828],[140.6667,40.55835],[140.66706,40.55933],[140.66799,40.56037],[140.66912,40.56032],[140.66958,40.56057],[140.67103,40.5642],[140.67153,40.56462],[140.6727,40.56466],[140.67317,40.56617],[140.67385,40.56667],[140.67533,40.56725],[140.67709,40.56721],[140.67855,40.56802],[140.67873,40.56847],[140.6797,40.56885],[140.67947,40.56963],[140.68037,40.57013],[140.68166,40.57042],[140.68242,40.56968],[140.68257,40.56867],[140.68311,40.56801],[140.68549,40.5673],[140.6859,40.56662],[140.68472,40.5635],[140.68475,40.56214],[140.6857,40.56013],[140.68669,40.55937],[140.68807,40.55875],[140.68903,40.55789],[140.69007,40.55742],[140.69205,40.55719],[140.69256,40.5566],[140.69271,40.55405],[140.69334,40.55271],[140.69307,40.55178],[140.69078,40.55145],[140.69001,40.5512],[140.68978,40.55062],[140.6921,40.5492],[140.69295,40.54854],[140.69431,40.54673],[140.69468,40.54578],[140.69527,40.54521],[140.69793,40.54477],[140.69888,40.54421],[140.70108,40.54417],[140.70239,40.5434],[140.70306,40.54258],[140.70305,40.54138],[140.70494,40.54032],[140.70618,40.53991],[140.70654,40.5394],[140.70807,40.53867],[140.70992,40.53749],[140.71137,40.53749],[140.71233,40.5371],[140.71294,40.53724],[140.71583,40.53701],[140.71704,40.53651],[140.71881,40.53687],[140.71972,40.53619],[140.72347,40.5356],[140.72578,40.5359],[140.72689,40.53545],[140.72911,40.53533],[140.73022,40.53552],[140.73108,40.5351],[140.73287,40.53475],[140.73395,40.535],[140.73762,40.53652],[140.73891,40.53674],[140.7405,40.53587],[140.74186,40.53581],[140.7448,40.53662],[140.74656,40.53727],[140.74766,40.53959],[140.74782,40.542],[140.74897,40.5447],[140.74972,40.54582],[140.75177,40.54595],[140.75322,40.54631],[140.75395,40.54683],[140.7548,40.54813],[140.75547,40.5502],[140.75553,40.5514],[140.75585,40.5521],[140.75563,40.5531],[140.75646,40.55404],[140.75508,40.55565],[140.75328,40.55702],[140.75253,40.55908],[140.75254,40.5597],[140.75422,40.56094],[140.75526,40.5613],[140.75661,40.56289],[140.75729,40.56333],[140.75913,40.56495],[140.75964,40.56587],[140.76197,40.56729],[140.76296,40.56805],[140.76486,40.56873],[140.76614,40.56895],[140.76755,40.57014],[140.76826,40.56971],[140.76964,40.5693],[140.77308,40.56867],[140.77455,40.56825],[140.77527,40.56683],[140.77573,40.56652],[140.77876,40.56637],[140.7799,40.56682],[140.78113,40.56681],[140.78181,40.56718],[140.78352,40.56731],[140.78472,40.56771],[140.78605,40.56756],[140.78712,40.56701],[140.78908,40.56627],[140.79058,40.56668],[140.79196,40.56763],[140.79463,40.56808],[140.7962,40.56791],[140.79742,40.56748],[140.79889,40.56855],[140.80157,40.56894],[140.8027,40.56878],[140.80374,40.56977],[140.80449,40.57008],[140.805,40.57071],[140.80584,40.57117],[140.80633,40.57185],[140.80833,40.57171],[140.8097,40.57195],[140.81152,40.5725],[140.81259,40.57342],[140.81451,40.57595],[140.8151,40.57783],[140.81585,40.57954],[140.81721,40.58159],[140.819,40.58496],[140.81981,40.58708],[140.82092,40.58845],[140.82392,40.59472],[140.82501,40.59757],[140.82534,40.59804],[140.82875,40.5985],[140.83032,40.59861],[140.83233,40.59946],[140.83342,40.59957],[140.83417,40.60004],[140.83564,40.60152],[140.83986,40.60264],[140.84109,40.60326],[140.84265,40.60338],[140.84379,40.605],[140.84427,40.60592],[140.84504,40.60761],[140.84462,40.60887],[140.84357,40.60953],[140.84431,40.61051],[140.84419,40.61099],[140.84325,40.61143],[140.84385,40.61213],[140.84206,40.61248],[140.84114,40.61313],[140.84031,40.61322],[140.83939,40.61372],[140.83816,40.61369],[140.83691,40.615],[140.83607,40.61645],[140.83387,40.61762],[140.83301,40.61902],[140.83212,40.61935],[140.83129,40.62011],[140.8306,40.62009],[140.82875,40.62046],[140.82781,40.62044],[140.828,40.6233],[140.82786,40.62378],[140.82606,40.62428],[140.82479,40.62545],[140.82404,40.62671],[140.82311,40.62733],[140.82255,40.62862],[140.82066,40.631],[140.81867,40.63323],[140.81731,40.63441],[140.81524,40.63662],[140.81317,40.63859],[140.81158,40.641],[140.81082,40.6413],[140.80838,40.64287],[140.80587,40.64525],[140.80474,40.64587],[140.80229,40.64665],[140.79996,40.64688],[140.79757,40.64809],[140.79662,40.64797],[140.79492,40.64746],[140.79348,40.64751],[140.79121,40.64847],[140.78903,40.64873],[140.78808,40.64865],[140.7862,40.64926],[140.78434,40.65051],[140.78381,40.65106],[140.78334,40.65216],[140.78154,40.65359],[140.78083,40.65468],[140.7802,40.65516],[140.77764,40.65516],[140.77551,40.65593],[140.77515,40.65692],[140.7739,40.65835],[140.7729,40.6591],[140.77246,40.66042],[140.77129,40.6611],[140.77078,40.6621],[140.76923,40.6639],[140.76858,40.66403],[140.76792,40.665],[140.7664,40.66594],[140.76407,40.66605],[140.76295,40.6652],[140.76215,40.66416],[140.76197,40.66217],[140.76095,40.66093],[140.76019,40.66128],[140.75812,40.66157],[140.75415,40.66252],[140.75292,40.66263],[140.75173,40.66303],[140.75004,40.66314],[140.74835,40.663],[140.74649,40.66205],[140.74522,40.66211],[140.74367,40.66152],[140.7415,40.66135],[140.74051,40.66105],[140.7385,40.6613],[140.73678,40.66176],[140.73569,40.66229],[140.7334,40.66234],[140.73186,40.6628],[140.73203,40.66362],[140.73118,40.66453],[140.72998,40.66512],[140.72969,40.66628],[140.72849,40.66638],[140.72675,40.66578],[140.72493,40.6657],[140.72382,40.66598],[140.72325,40.66584],[140.72172,40.66421],[140.72008,40.66444],[140.71888,40.66344],[140.71692,40.66365],[140.71624,40.66219],[140.71567,40.6619],[140.71494,40.66213],[140.71149,40.66196],[140.71025,40.66123],[140.70933,40.66132],[140.70839,40.662],[140.70717,40.66172],[140.70554,40.66176],[140.70504,40.66143],[140.7042,40.66013],[140.70382,40.65865],[140.70291,40.65744],[140.70139,40.65688],[140.70054,40.65777],[140.69812,40.65944],[140.69666,40.65969],[140.69546,40.66052],[140.69338,40.6596],[140.69252,40.65961],[140.69123,40.65832],[140.69057,40.65824],[140.68885,40.6588],[140.68847,40.6591],[140.68431,40.65926],[140.68133,40.65891],[140.67981,40.65824],[140.67699,40.65837],[140.67322,40.6576],[140.67084,40.65665],[140.66926,40.65651],[140.6682,40.65667],[140.66527,40.65779],[140.6628,40.65913],[140.66151,40.66009],[140.66102,40.66093],[140.65975,40.66138],[140.6586,40.66217],[140.65774,40.66439],[140.65685,40.66549],[140.6569,40.66586],[140.65509,40.66738],[140.6535,40.6685],[140.65328,40.66935],[140.65222,40.67014],[140.64859,40.67189],[140.6472,40.67302],[140.64644,40.67342],[140.64502,40.67493],[140.64332,40.67593],[140.64179,40.67638],[140.64084,40.67707],[140.64001,40.67842],[140.63869,40.67933],[140.63856,40.67991],[140.63742,40.68127],[140.63701,40.68255],[140.63605,40.68367],[140.63613,40.68567],[140.63653,40.68667],[140.63627,40.68799],[140.6344,40.68985],[140.63375,40.69002],[140.63226,40.68898],[140.63032,40.68924],[140.62839,40.68855],[140.62626,40.6884],[140.62405,40.68769],[140.62288,40.68752],[140.62042,40.68763],[140.61921,40.68812],[140.61818,40.68725],[140.61538,40.68743],[140.61544,40.68828],[140.61296,40.68838],[140.61303,40.68944],[140.60668,40.68971],[140.60674,40.69055],[140.60283,40.69074],[140.6029,40.69189],[140.59852,40.6921],[140.59815,40.6917],[140.5966,40.6914],[140.59641,40.69175],[140.59464,40.69142],[140.5929,40.69138],[140.59243,40.6908],[140.58775,40.69029],[140.58582,40.68958],[140.58233,40.68948],[140.58092,40.68807],[140.57999,40.68755],[140.57825,40.68732]]]]}},
  {"type":"Feature","properties":{"name":"五所川原市","code":"02205"},"geometry":{"type":"MultiPolygon","coordinates":[[[[140.5536,40.96926],[140.55181,40.96964],[140.54879,40.9701],[140.54777,40.97056],[140.54865,40.97331],[140.54903,40.97405],[140.54964,40.97675],[140.55104,40.97778],[140.55082,40.97843],[140.54994,40.97897],[140.54669,40.98155],[140.54578,40.98304],[140.54365,40.98361],[140.5427,40.98353],[140.5408,40.98258],[140.5395,40.9827],[140.5385,40.98412],[140.53726,40.98464],[140.53625,40.98542],[140.53616,40.98608],[140.5348,40.9864],[140.53297,40.9883],[140.53154,40.98863],[140.53033,40.98848],[140.52757,40.98869],[140.52733,40.98904],[140.52768,40.9905],[140.52862,40.99172],[140.52784,40.9934],[140.5275,40.99364],[140.52481,40.99382],[140.5219,40.99515],[140.52166,40.99569],[140.52083,40.99442],[140.51918,40.99296],[140.51708,40.99168],[140.51632,40.98992],[140.51634,40.98925],[140.51715,40.98736],[140.51684,40.98675],[140.51586,40.98585],[140.51582,40.98495],[140.51684,40.98451],[140.51778,40.98329],[140.51746,40.98277],[140.51584,40.98137],[140.51538,40.98007],[140.51453,40.97936],[140.51428,40.97857],[140.5145,40.9767],[140.51217,40.97571],[140.51256,40.97513],[140.51305,40.97293],[140.51374,40.97179],[140.51507,40.97056],[140.5153,40.96962],[140.51411,40.96897],[140.51389,40.96705],[140.51339,40.96621],[140.51373,40.96468],[140.51291,40.96346],[140.51269,40.96252],[140.51155,40.96016],[140.51006,40.95822],[140.50945,40.95709],[140.50872,40.95639],[140.50792,40.95453],[140.50843,40.95319],[140.50797,40.95276],[140.50671,40.95248],[140.50595,40.95172],[140.50489,40.95122],[140.50434,40.95041],[140.503,40.9501],[140.50239,40.94926],[140.50215,40.94834],[140.50162,40.94814],[140.49934,40.9478],[140.49841,40.9478],[140.49642,40.94721],[140.49388,40.94731],[140.49284,40.94712],[140.49203,40.94665],[140.49089,40.9467],[140.49029,40.94641],[140.48993,40.9454],[140.48913,40.94434],[140.4881,40.94361],[140.48742,40.94242],[140.48599,40.94256],[140.48446,40.94194],[140.48355,40.94205],[140.48167,40.94299],[140.48039,40.94305],[140.47905,40.94335],[140.47738,40.94301],[140.47691,40.94221],[140.47619,40.94208],[140.474,40.94235],[140.47402,40.94124],[140.47305,40.94087],[140.47292,40.93952],[140.46996,40.9382],[140.4685,40.93794],[140.46771,40.93808],[140.46655,40.93764],[140.46627,40.93675],[140.46404,40.93557],[140.46341,40.93509],[140.46166,40.93496],[140.46076,40.93467],[140.45611,40.93441],[140.45374,40.93462],[140.45272,40.93518],[140.45102,40.93549],[140.44964,40.93547],[140.44716,40.9361],[140.44445,40.9348],[140.44344,40.9345],[140.44106,40.93352],[140.44084,40.93293],[140.43766,40.93155],[140.43464,40.93061],[140.43199,40.92994],[140.43396,40.92641],[140.43487,40.92576],[140.43467,40.92525],[140.43504,40.92259],[140.43049,40.92226],[140.43081,40.92005],[140.42174,40.91934],[140.42163,40.9203],[140.41915,40.92011],[140.41958,40.92182],[140.41901,40.92187],[140.41854,40.92066],[140.41703,40.91942],[140.41704,40.9173],[140.41658,40.91436],[140.41659,40.91286],[140.41755,40.91084],[140.41854,40.9104],[140.41996,40.91033],[140.42325,40.91076],[140.42625,40.91075],[140.42759,40.91063],[140.42882,40.90987],[140.42906,40.90891],[140.42835,40.90807],[140.42833,40.90684],[140.42731,40.90593],[140.42646,40.90489],[140.42661,40.90396],[140.42632,40.90297],[140.4277,40.90078],[140.4279,40.89944],[140.4245,40.89954],[140.42279,40.89939],[140.42163,40.89885],[140.42076,40.89811],[140.42038,40.89679],[140.42066,40.89661],[140.424,40.89641],[140.42478,40.89625],[140.42519,40.89517],[140.42535,40.89366],[140.42509,40.89316],[140.42416,40.89304],[140.42191,40.89356],[140.42116,40.89361],[140.42002,40.89315],[140.41931,40.89228],[140.41934,40.89108],[140.42125,40.89018],[140.422,40.88843],[140.42134,40.88726],[140.4192,40.88639],[140.41657,40.88486],[140.41583,40.88377],[140.41368,40.88278],[140.41195,40.88245],[140.40635,40.8818],[140.40436,40.88145],[140.40339,40.88075],[140.40381,40.87956],[140.40502,40.87837],[140.40642,40.8763],[140.40704,40.87475],[140.40739,40.8728],[140.4072,40.87191],[140.40668,40.87146],[140.40451,40.87079],[140.40304,40.87016],[140.40138,40.86903],[140.39996,40.86738],[140.39971,40.8663],[140.40047,40.86309],[140.40045,40.86163],[140.39927,40.8579],[140.39925,40.85712],[140.39981,40.8542],[140.40028,40.85112],[140.40041,40.84957],[140.40071,40.84886],[140.40136,40.84823],[140.40278,40.84774],[140.4056,40.84714],[140.40744,40.84638],[140.40811,40.84543],[140.40897,40.84322],[140.41076,40.83599],[140.41124,40.83483],[140.41313,40.83288],[140.41523,40.83157],[140.41647,40.83029],[140.41726,40.82973],[140.41894,40.82703],[140.41956,40.82571],[140.42001,40.82538],[140.42114,40.8237],[140.42272,40.82209],[140.42371,40.8215],[140.42508,40.82102],[140.4245,40.81985],[140.42402,40.81938],[140.42274,40.81908],[140.42387,40.81632],[140.41871,40.81523],[140.42037,40.81078],[140.42082,40.81044],[140.4229,40.8065],[140.42578,40.8076],[140.4262,40.80798],[140.42493,40.8104],[140.42743,40.81114],[140.42834,40.80947],[140.42908,40.80911],[140.43052,40.80971],[140.43228,40.80899],[140.43724,40.80958],[140.43802,40.80804],[140.43814,40.80603],[140.43783,40.80469],[140.43788,40.8034],[140.43714,40.80088],[140.43686,40.79944],[140.43597,40.79772],[140.43622,40.79666],[140.43752,40.79506],[140.43788,40.7936],[140.43786,40.79224],[140.43749,40.78964],[140.43858,40.78924],[140.43829,40.78801],[140.43772,40.78732],[140.43796,40.78628],[140.43775,40.78553],[140.43708,40.78521],[140.43702,40.7845],[140.43825,40.78465],[140.43896,40.78403],[140.43927,40.78317],[140.43843,40.78295],[140.43914,40.78213],[140.43895,40.78134],[140.44058,40.781],[140.44107,40.78117],[140.44206,40.78051],[140.44341,40.78078],[140.44414,40.78028],[140.44406,40.77969],[140.44468,40.77892],[140.44458,40.77813],[140.44372,40.7775],[140.44415,40.77633],[140.44352,40.7752],[140.44396,40.77504],[140.44459,40.77146],[140.44509,40.77128],[140.44616,40.7718],[140.4476,40.77154],[140.44895,40.77166],[140.45009,40.77107],[140.45085,40.77155],[140.45169,40.77121],[140.45257,40.77141],[140.45311,40.77005],[140.45434,40.77034],[140.45377,40.77171],[140.455,40.77198],[140.45443,40.77332],[140.45517,40.77358],[140.45604,40.77291],[140.45596,40.77121],[140.45634,40.77081],[140.4579,40.77043],[140.45936,40.77077],[140.45896,40.76949],[140.46225,40.76128],[140.46585,40.76211],[140.4662,40.76125],[140.46761,40.76131],[140.46833,40.75936],[140.46889,40.75902],[140.46957,40.75761],[140.47189,40.75708],[140.47291,40.75638],[140.47351,40.75735],[140.47468,40.75666],[140.4755,40.75668],[140.47685,40.75805],[140.47784,40.75771],[140.47804,40.75892],[140.47865,40.75929],[140.47792,40.76058],[140.47761,40.76188],[140.47839,40.76323],[140.48012,40.76314],[140.48205,40.76383],[140.48368,40.76361],[140.48445,40.76394],[140.485,40.76459],[140.48587,40.7649],[140.48557,40.76886],[140.48969,40.76925],[140.49061,40.76075],[140.4928,40.75807],[140.49427,40.75602],[140.49899,40.75695],[140.49734,40.75801],[140.49797,40.7583],[140.49774,40.75947],[140.49902,40.75993],[140.50104,40.76005],[140.50132,40.75978],[140.50211,40.75751],[140.50351,40.75776],[140.50335,40.75903],[140.50385,40.75994],[140.50529,40.76027],[140.50725,40.75921],[140.50813,40.75971],[140.50864,40.7594],[140.50869,40.75818],[140.50843,40.75752],[140.50918,40.75698],[140.5108,40.75841],[140.51219,40.7582],[140.5133,40.75776],[140.51373,40.7571],[140.51339,40.7547],[140.51427,40.75425],[140.51413,40.75372],[140.51325,40.75328],[140.51282,40.7521],[140.51308,40.75093],[140.51402,40.75043],[140.5141,40.74999],[140.51257,40.7493],[140.51231,40.7488],[140.51279,40.7482],[140.51259,40.74776],[140.5116,40.74737],[140.51152,40.74601],[140.5121,40.74448],[140.51349,40.74375],[140.51296,40.74302],[140.51361,40.74167],[140.51543,40.74064],[140.51547,40.74006],[140.51428,40.73945],[140.51373,40.73879],[140.51337,40.73754],[140.51242,40.73701],[140.513,40.73635],[140.51219,40.73586],[140.5133,40.73554],[140.51391,40.73488],[140.51535,40.73392],[140.51845,40.73215],[140.52024,40.72969],[140.521,40.73041],[140.52351,40.72932],[140.52448,40.72983],[140.52728,40.731],[140.52577,40.73358],[140.52393,40.73693],[140.52769,40.73817],[140.52795,40.73763],[140.52896,40.73732],[140.52991,40.73666],[140.53101,40.73662],[140.53339,40.73736],[140.53539,40.73758],[140.53658,40.73801],[140.53868,40.73923],[140.5391,40.74001],[140.53969,40.74036],[140.54097,40.74197],[140.54192,40.744],[140.54361,40.74601],[140.54461,40.74644],[140.54431,40.74341],[140.54592,40.74295],[140.54724,40.74376],[140.54731,40.74477],[140.54786,40.74526],[140.54901,40.74573],[140.55,40.74689],[140.55188,40.74724],[140.5537,40.74741],[140.55568,40.7484],[140.55637,40.7496],[140.55645,40.75183],[140.55727,40.7524],[140.55753,40.75397],[140.55649,40.75532],[140.55686,40.75635],[140.55822,40.7575],[140.5594,40.75791],[140.56231,40.75919],[140.5636,40.76062],[140.56419,40.76074],[140.56623,40.76055],[140.56905,40.75947],[140.57033,40.75943],[140.57182,40.75987],[140.57344,40.76056],[140.57758,40.76507],[140.57801,40.76709],[140.57727,40.76931],[140.57636,40.77014],[140.57652,40.77227],[140.57584,40.77308],[140.57511,40.77475],[140.57372,40.77557],[140.57278,40.7759],[140.57269,40.777],[140.57304,40.77775],[140.57292,40.7785],[140.57212,40.77946],[140.5721,40.78004],[140.57303,40.78155],[140.57393,40.78257],[140.57426,40.78333],[140.57506,40.78407],[140.57569,40.78532],[140.57611,40.78571],[140.57661,40.78722],[140.57638,40.78816],[140.57519,40.78877],[140.57523,40.78955],[140.57463,40.79027],[140.57329,40.79106],[140.57304,40.79146],[140.57287,40.79362],[140.57373,40.79497],[140.57385,40.79581],[140.57493,40.7968],[140.57742,40.79742],[140.57756,40.79763],[140.57707,40.79914],[140.57539,40.79981],[140.57492,40.80108],[140.57448,40.80139],[140.57445,40.80268],[140.57501,40.80393],[140.575,40.80446],[140.57436,40.80552],[140.57441,40.80599],[140.57552,40.80709],[140.57509,40.80813],[140.57369,40.80916],[140.57356,40.80986],[140.57453,40.81107],[140.57489,40.81205],[140.57614,40.81269],[140.57672,40.81394],[140.57751,40.81498],[140.57722,40.81614],[140.57782,40.81707],[140.57783,40.81768],[140.57707,40.81944],[140.5772,40.8205],[140.57772,40.82084],[140.5777,40.8215],[140.5772,40.82297],[140.57772,40.82627],[140.57719,40.8279],[140.5772,40.82897],[140.57797,40.82955],[140.5794,40.8311],[140.58083,40.83181],[140.58199,40.83289],[140.58186,40.83327],[140.58042,40.83469],[140.58146,40.83543],[140.58153,40.83582],[140.58082,40.83679],[140.58116,40.83779],[140.58056,40.83922],[140.57974,40.84048],[140.57991,40.84096],[140.58283,40.84249],[140.58333,40.84308],[140.58423,40.84302],[140.5851,40.84355],[140.58519,40.84462],[140.58673,40.84694],[140.58723,40.84884],[140.58887,40.84923],[140.58892,40.85144],[140.58931,40.85244],[140.59003,40.85319],[140.58979,40.85418],[140.58992,40.85535],[140.58843,40.85799],[140.59077,40.8601],[140.5911,40.86142],[140.59153,40.86182],[140.59148,40.86302],[140.59077,40.86359],[140.59175,40.86484],[140.59118,40.86586],[140.59125,40.86692],[140.59209,40.86744],[140.5921,40.8686],[140.59003,40.8694],[140.58991,40.86985],[140.59103,40.87022],[140.59164,40.87088],[140.59106,40.87179],[140.59156,40.87267],[140.59143,40.87371],[140.59071,40.87447],[140.59075,40.87587],[140.58896,40.87671],[140.58909,40.87755],[140.58878,40.87856],[140.58745,40.87884],[140.58776,40.88],[140.58956,40.8812],[140.58986,40.8817],[140.58989,40.8833],[140.58738,40.88512],[140.58695,40.88574],[140.58598,40.88627],[140.58597,40.88689],[140.58642,40.8881],[140.58518,40.88966],[140.58535,40.89014],[140.58484,40.89139],[140.58356,40.89246],[140.58394,40.89437],[140.58203,40.8941],[140.58013,40.89397],[140.57906,40.89515],[140.57804,40.8956],[140.57756,40.89675],[140.57692,40.89697],[140.57526,40.89705],[140.57458,40.89814],[140.57467,40.89947],[140.57376,40.90101],[140.57426,40.90261],[140.57477,40.90326],[140.575,40.9043],[140.57626,40.90486],[140.5767,40.90533],[140.57797,40.906],[140.57848,40.90673],[140.57947,40.90708],[140.58004,40.90851],[140.58033,40.9103],[140.57871,40.91177],[140.57954,40.91237],[140.58091,40.91284],[140.58182,40.91368],[140.58329,40.91372],[140.58352,40.91401],[140.58285,40.91603],[140.58248,40.91652],[140.58251,40.91821],[140.58377,40.91989],[140.5839,40.92074],[140.58497,40.92152],[140.58605,40.92261],[140.58531,40.92369],[140.58527,40.92464],[140.58366,40.92513],[140.58276,40.92597],[140.58291,40.92777],[140.58428,40.92819],[140.58554,40.92915],[140.58684,40.93065],[140.58649,40.93166],[140.58751,40.93254],[140.58773,40.93421],[140.58686,40.93531],[140.58552,40.93559],[140.58376,40.93545],[140.58292,40.93565],[140.58229,40.93625],[140.58223,40.93693],[140.58278,40.93756],[140.58266,40.93823],[140.58185,40.93911],[140.58101,40.93944],[140.57993,40.94032],[140.57829,40.94009],[140.57706,40.93959],[140.57612,40.93946],[140.57497,40.93994],[140.57417,40.94099],[140.5725,40.94188],[140.57117,40.94219],[140.56866,40.94367],[140.56723,40.94416],[140.56672,40.94455],[140.56648,40.94538],[140.56534,40.94682],[140.56527,40.94733],[140.56652,40.94813],[140.56642,40.9486],[140.56539,40.94974],[140.56326,40.95101],[140.56287,40.95239],[140.56219,40.95324],[140.55982,40.95411],[140.55867,40.95414],[140.55569,40.95538],[140.55502,40.95626],[140.55593,40.95708],[140.55633,40.95893],[140.55673,40.9597],[140.55632,40.95999],[140.55395,40.96067],[140.55277,40.96136],[140.5529,40.96252],[140.5534,40.96445],[140.5536,40.96926]]],[[[140.31895,40.99981],[140.32075,40.99978],[140.32217,41.00049],[140.32244,41.00121],[140.32413,41.00296],[140.32525,41.00492],[140.32583,41.00502],[140.32603,41.00613],[140.32728,41.00677],[140.32811,41.00802],[140.32977,41.00839],[140.33116,41.00804],[140.33277,41.00745],[140.33575,41.00761],[140.3383,41.00809],[140.3395,41.00691],[140.34039,41.00558],[140.34329,41.00264],[140.34744,40.99942],[140.35103,40.99755],[140.35322,40.99656],[140.3572,40.99508],[140.35668,40.99415],[140.35698,40.99342],[140.35798,40.99317],[140.35846,40.994],[140.35945,40.99377],[140.36056,40.99634],[140.36143,40.996],[140.36235,40.9964],[140.36294,40.99721],[140.36603,40.99876],[140.36658,40.99982],[140.36628,41.00075],[140.36506,41.00219],[140.36356,41.00237],[140.36207,41.00332],[140.36105,41.00456],[140.35974,41.00513],[140.35999,41.00676],[140.36163,41.00834],[140.36266,41.01057],[140.36394,41.01075],[140.36547,41.01165],[140.36624,41.01151],[140.36701,41.01206],[140.37101,41.01634],[140.37151,41.01667],[140.37756,41.01931],[140.38235,41.02005],[140.38436,41.0209],[140.38714,41.02221],[140.39154,41.02311],[140.39195,41.02291],[140.39204,41.01911],[140.39339,41.01835],[140.3958,41.01819],[140.39752,41.0183],[140.39792,41.01868],[140.3988,41.02018],[140.39965,41.02339],[140.40481,41.02275],[140.40821,41.01775],[140.40887,41.01726],[140.41137,41.01652],[140.41183,41.01655],[140.41112,41.01961],[140.41338,41.02028],[140.41367,41.02064],[140.41338,41.02144],[140.414,41.02336],[140.41497,41.0247],[140.41542,41.02686],[140.41509,41.02775],[140.41399,41.02784],[140.4108,41.03107],[140.4098,41.03161],[140.40837,41.03175],[140.40755,41.03224],[140.40685,41.03441],[140.40611,41.03609],[140.40531,41.03739],[140.40496,41.0375],[140.40307,41.03924],[140.40311,41.03965],[140.40144,41.03994],[140.39922,41.04012],[140.39658,41.04013],[140.39378,41.04025],[140.39183,41.04011],[140.38627,41.04002],[140.38579,41.04076],[140.38425,41.04178],[140.38459,41.0427],[140.38523,41.04313],[140.38605,41.04323],[140.38883,41.044],[140.39112,41.04405],[140.39337,41.04434],[140.39456,41.04466],[140.39619,41.04427],[140.39795,41.04465],[140.39879,41.04509],[140.40024,41.045],[140.40221,41.04423],[140.40285,41.04417],[140.40475,41.04321],[140.40657,41.04327],[140.40702,41.04362],[140.40927,41.04428],[140.41021,41.04484],[140.41281,41.04506],[140.41538,41.04473],[140.41577,41.04581],[140.41627,41.04627],[140.41671,41.04818],[140.41624,41.04928],[140.41643,41.05028],[140.41715,41.05072],[140.41735,41.05187],[140.41772,41.05248],[140.41933,41.05397],[140.41954,41.05522],[140.42026,41.05603],[140.42101,41.05737],[140.42276,41.05874],[140.4238,41.05889],[140.42565,41.05945],[140.42708,41.06011],[140.42905,41.06206],[140.43051,41.0632],[140.43165,41.0647],[140.43285,41.06527],[140.43473,41.06758],[140.43484,41.06814],[140.43649,41.07011],[140.43698,41.07179],[140.43762,41.07254],[140.43965,41.0733],[140.44032,41.07383],[140.44111,41.07494],[140.44362,41.07627],[140.44474,41.07732],[140.44522,41.07736],[140.44651,41.07643],[140.44729,41.07638],[140.44878,41.07686],[140.45033,41.07781],[140.45167,41.07821],[140.45245,41.0788],[140.45263,41.08051],[140.45198,41.08189],[140.4521,41.08247],[140.45319,41.08319],[140.45231,41.08454],[140.45081,41.08562],[140.44992,41.08573],[140.45179,41.08703],[140.45215,41.08817],[140.4507,41.08899],[140.44925,41.08951],[140.44936,41.09044],[140.44807,41.09172],[140.44959,41.09185],[140.44941,41.09347],[140.44902,41.09393],[140.44793,41.09431],[140.44676,41.09508],[140.44743,41.09641],[140.4486,41.09705],[140.44898,41.0985],[140.44889,41.09995],[140.44808,41.10084],[140.4495,41.10189],[140.45083,41.10408],[140.45172,41.10457],[140.45381,41.10459],[140.45509,41.10512],[140.4558,41.10489],[140.45673,41.10415],[140.45814,41.10426],[140.45865,41.10459],[140.4587,41.10539],[140.45927,41.10647],[140.45897,41.10825],[140.46021,41.10865],[140.4608,41.10976],[140.46135,41.11025],[140.46452,41.11177],[140.46444,41.11259],[140.46369,41.11408],[140.46288,41.11506],[140.46286,41.11589],[140.46216,41.1164],[140.46146,41.11732],[140.45875,41.11692],[140.45715,41.11698],[140.45408,41.11767],[140.45341,41.11707],[140.45215,41.11664],[140.45086,41.11697],[140.44952,41.11707],[140.44667,41.11631],[140.44335,41.1159],[140.44176,41.11653],[140.44027,41.11768],[140.43867,41.11761],[140.43761,41.11784],[140.4362,41.11842],[140.43541,41.11906],[140.43347,41.12013],[140.43153,41.11989],[140.42951,41.12007],[140.42758,41.12122],[140.42679,41.1214],[140.42403,41.1199],[140.42314,41.11963],[140.42009,41.11936],[140.41925,41.11943],[140.41622,41.12087],[140.41424,41.12126],[140.41213,41.1212],[140.41091,41.12156],[140.4094,41.12143],[140.40686,41.12097],[140.4063,41.12146],[140.40448,41.12209],[140.40198,41.12227],[140.40038,41.12184],[140.39924,41.12215],[140.3974,41.12424],[140.39715,41.12489],[140.39593,41.1257],[140.39374,41.12609],[140.39125,41.12705],[140.38962,41.12722],[140.38706,41.12731],[140.38595,41.12665],[140.38275,41.12727],[140.38048,41.12689],[140.37974,41.12707],[140.37796,41.12788],[140.37626,41.12762],[140.37404,41.12761],[140.37278,41.12714],[140.37201,41.12596],[140.3695,41.1252],[140.36703,41.12512],[140.36498,41.12391],[140.36169,41.12256],[140.35918,41.12121],[140.35839,41.12045],[140.35745,41.1192],[140.35713,41.11825],[140.3565,41.11762],[140.35508,41.11672],[140.35432,41.11597],[140.3541,41.11394],[140.35354,41.11302],[140.35247,41.11235],[140.35208,41.11158],[140.35184,41.11034],[140.35148,41.10974],[140.35031,41.10921],[140.34871,41.10914],[140.34732,41.10996],[140.34564,41.10999],[140.34414,41.11039],[140.34319,41.1104],[140.34133,41.10975],[140.3397,41.1085],[140.33822,41.1078],[140.33754,41.10724],[140.33619,41.10675],[140.3344,41.10699],[140.33252,41.10699],[140.33132,41.10653],[140.32966,41.10615],[140.32808,41.10672],[140.32672,41.10703],[140.32613,41.1089],[140.32551,41.10931],[140.32465,41.10937],[140.32079,41.1083],[140.31895,41.10861],[140.31771,41.1086],[140.31671,41.10795],[140.31544,41.10789],[140.31354,41.10617],[140.31179,41.10684],[140.31155,41.1073],[140.31042,41.10793],[140.3099,41.10922],[140.30888,41.10885],[140.30823,41.10816],[140.30587,41.10663],[140.30641,41.10609],[140.30675,41.10451],[140.30755,41.10324],[140.30995,41.10091],[140.30979,41.10004],[140.31138,41.09908],[140.31189,41.09808],[140.3116,41.09732],[140.3123,41.09646],[140.31368,41.09611],[140.31497,41.09502],[140.31631,41.09533],[140.31746,41.09473],[140.31786,41.09416],[140.31889,41.09348],[140.31946,41.09271],[140.31965,41.09182],[140.32025,41.09085],[140.32118,41.08763],[140.32193,41.08539],[140.32322,41.0796],[140.32321,41.07835],[140.32291,41.07741],[140.32302,41.07606],[140.32329,41.07559],[140.32313,41.07481],[140.32337,41.07302],[140.32369,41.07252],[140.32367,41.07096],[140.32392,41.068],[140.32402,41.06407],[140.32411,41.05572],[140.32387,41.05357],[140.32387,41.05189],[140.32362,41.0487],[140.32358,41.04704],[140.32325,41.04338],[140.32296,41.04238],[140.32298,41.04096],[140.32282,41.03865],[140.32203,41.03761],[140.32132,41.03596],[140.32209,41.03516],[140.32254,41.0316],[140.32246,41.03019],[140.32215,41.02908],[140.32211,41.02744],[140.32177,41.02367],[140.32106,41.02367],[140.32108,41.02134],[140.31975,41.02133],[140.31968,41.02069],[140.32141,41.02069],[140.32128,41.01922],[140.32081,41.01636],[140.32074,41.01408],[140.32023,41.01035],[140.31982,41.00621],[140.31942,41.00359],[140.31935,41.00199],[140.31895,40.99981]]]]}},
  {"type":"Feature","properties":{"name":"十和田市","code":"02206"},"geometry":{"type":"MultiPolygon","coordinates":[[[[140.86292,40.60964],[140.86047,40.60665],[140.8586,40.60573],[140.85809,40.60514],[140.85835,40.60383],[140.86024,40.60138],[140.86137,40.59971],[140.86303,40.59754],[140.86277,40.59648],[140.86197,40.59569],[140.86113,40.59398],[140.86066,40.59252],[140.85979,40.59148],[140.85956,40.59023],[140.85895,40.58912],[140.85892,40.58837],[140.86054,40.58741],[140.86153,40.58651],[140.86245,40.5864],[140.86409,40.58654],[140.86474,40.58586],[140.86632,40.58517],[140.86668,40.58432],[140.86641,40.58356],[140.86543,40.58281],[140.86525,40.58164],[140.86685,40.58059],[140.86638,40.57547],[140.86668,40.57404],[140.86655,40.57297],[140.86586,40.57124],[140.86581,40.56991],[140.86537,40.56773],[140.8635,40.56351],[140.86326,40.56185],[140.86413,40.56051],[140.86447,40.55947],[140.86443,40.55873],[140.86385,40.55634],[140.86253,40.55505],[140.86209,40.55422],[140.85985,40.55237],[140.85827,40.55156],[140.85735,40.54923],[140.85611,40.54831],[140.85336,40.54759],[140.85189,40.5464],[140.85145,40.54495],[140.85169,40.54446],[140.85257,40.54403],[140.85392,40.54278],[140.85572,40.54141],[140.85627,40.54126],[140.85718,40.54043],[140.85813,40.5401],[140.86074,40.5397],[140.86122,40.53849],[140.8616,40.53672],[140.86279,40.53559],[140.86295,40.53453],[140.86454,40.53293],[140.86531,40.53281],[140.86608,40.53224],[140.8682,40.52989],[140.86931,40.52774],[140.87,40.52538],[140.87148,40.52233],[140.87304,40.52054],[140.87505,40.51882],[140.87562,40.51791],[140.87579,40.51671],[140.87625,40.51625],[140.8764,40.51514],[140.87769,40.51277],[140.87949,40.51107],[140.88006,40.51025],[140.87811,40.49842],[140.87131,40.475],[140.86132,40.44063],[140.89233,40.42335],[140.89292,40.4234],[140.89678,40.4252],[140.89779,40.42493],[140.89948,40.42495],[140.90165,40.42525],[140.90422,40.4251],[140.90672,40.42527],[140.9102,40.42378],[140.91095,40.4233],[140.91303,40.42374],[140.91371,40.42417],[140.91442,40.42512],[140.91677,40.42596],[140.91823,40.42696],[140.91922,40.42732],[140.92064,40.42697],[140.92113,40.42619],[140.9221,40.42544],[140.9249,40.42249],[140.92592,40.42155],[140.92677,40.42111],[140.92799,40.42107],[140.92906,40.42135],[140.9308,40.42118],[140.93198,40.42138],[140.93296,40.42127],[140.93452,40.42239],[140.93547,40.42284],[140.93735,40.42543],[140.93765,40.42707],[140.93747,40.42759],[140.94119,40.42984],[140.94195,40.4302],[140.94267,40.42925],[140.9446,40.42915],[140.94566,40.42866],[140.94593,40.42801],[140.94741,40.42793],[140.94919,40.42761],[140.94972,40.42711],[140.95126,40.42631],[140.95362,40.42718],[140.95521,40.42647],[140.95714,40.4267],[140.9589,40.42668],[140.96088,40.42719],[140.96188,40.42693],[140.96348,40.42708],[140.96411,40.42738],[140.96476,40.42845],[140.9665,40.42871],[140.9677,40.42929],[140.97003,40.42971],[140.97075,40.42996],[140.97221,40.43085],[140.97295,40.43074],[140.97351,40.43025],[140.97442,40.43016],[140.97717,40.4291],[140.9788,40.42895],[140.9799,40.42847],[140.98326,40.42832],[140.98423,40.42818],[140.98517,40.42708],[140.98537,40.42777],[140.98603,40.42868],[140.9877,40.4297],[140.9884,40.4303],[140.99079,40.43112],[140.99145,40.43152],[140.99168,40.43255],[140.99251,40.43329],[140.99426,40.43354],[140.99497,40.43394],[140.99495,40.43474],[140.99554,40.43533],[140.99595,40.4363],[140.99582,40.43717],[140.99618,40.43868],[140.99686,40.43899],[140.99759,40.43974],[140.99861,40.44159],[140.99842,40.44246],[140.99866,40.44315],[140.99949,40.44398],[141.00091,40.44488],[141.00116,40.44554],[141.00088,40.44682],[141.00144,40.44799],[141.00121,40.44923],[141.00143,40.45275],[141.00101,40.45408],[141.00116,40.45471],[141.00218,40.45546],[141.00574,40.45842],[141.00776,40.45916],[141.00954,40.4602],[141.01076,40.46053],[141.0121,40.46138],[141.01364,40.4634],[141.01597,40.46482],[141.01814,40.46667],[141.01905,40.46848],[141.02188,40.46907],[141.02367,40.46998],[141.02513,40.47095],[141.02699,40.47182],[141.02968,40.47377],[141.03109,40.47451],[141.03266,40.47472],[141.03375,40.47514],[141.03595,40.47487],[141.03866,40.47479],[141.04057,40.47551],[141.04307,40.47614],[141.04551,40.47567],[141.04715,40.47601],[141.0486,40.47723],[141.05042,40.47784],[141.05246,40.47703],[141.05414,40.47697],[141.05536,40.47712],[141.05604,40.47754],[141.05702,40.47881],[141.05837,40.4795],[141.05978,40.47936],[141.06114,40.47997],[141.06214,40.47998],[141.06373,40.47962],[141.06508,40.47964],[141.06825,40.48003],[141.06951,40.48055],[141.06962,40.48119],[141.0676,40.48223],[141.06799,40.48308],[141.06965,40.48352],[141.07169,40.48468],[141.07417,40.48535],[141.07594,40.48672],[141.07695,40.48684],[141.07919,40.48814],[141.08146,40.48833],[141.08239,40.48904],[141.08442,40.48952],[141.08503,40.49008],[141.08625,40.49074],[141.08718,40.49256],[141.08786,40.49358],[141.08929,40.49321],[141.0907,40.49247],[141.09145,40.49257],[141.09334,40.49356],[141.09544,40.49347],[141.09626,40.4938],[141.09716,40.49374],[141.09779,40.49306],[141.09919,40.49305],[141.10017,40.49282],[141.10118,40.4929],[141.1024,40.49267],[141.10413,40.49262],[141.10546,40.49384],[141.10718,40.49437],[141.10886,40.49716],[141.11059,40.49727],[141.11188,40.49867],[141.11403,40.49853],[141.11475,40.49788],[141.11681,40.49718],[141.11838,40.49651],[141.1192,40.49579],[141.1211,40.49575],[141.12199,40.49541],[141.12414,40.49533],[141.12541,40.49562],[141.12608,40.49611],[141.12792,40.49644],[141.1293,40.49599],[141.13089,40.49609],[141.13276,40.49465],[141.13462,40.49533],[141.13581,40.49486],[141.13752,40.49467],[141.13853,40.49473],[141.13942,40.49506],[141.14011,40.49587],[141.14107,40.49621],[141.14202,40.49619],[141.14318,40.49521],[141.14401,40.4953],[141.14383,40.4959],[141.14459,40.4961],[141.14571,40.49583],[141.14653,40.49709],[141.1478,40.49774],[141.14901,40.49745],[141.14916,40.49689],[141.15051,40.49686],[141.15203,40.49548],[141.15647,40.49506],[141.15716,40.49548],[141.1585,40.49527],[141.15926,40.49485],[141.16068,40.49465],[141.16123,40.49428],[141.16311,40.4941],[141.16425,40.4935],[141.16549,40.4941],[141.1663,40.49377],[141.16746,40.49392],[141.16903,40.49338],[141.17075,40.49347],[141.17194,40.49373],[141.17283,40.49304],[141.17497,40.4934],[141.17535,40.49386],[141.17629,40.49396],[141.17744,40.49445],[141.17856,40.49435],[141.17899,40.49468],[141.18051,40.49442],[141.18208,40.49484],[141.18304,40.49491],[141.18482,40.49543],[141.18496,40.49585],[141.18496,40.49626],[141.18596,40.49689],[141.18774,40.49667],[141.1888,40.49748],[141.1897,40.49746],[141.19012,40.49706],[141.19158,40.49806],[141.19198,40.49903],[141.19481,40.49984],[141.19566,40.50062],[141.1953,40.50122],[141.19583,40.50242],[141.19694,40.50262],[141.19735,40.50399],[141.19813,40.50526],[141.19933,40.5058],[141.19995,40.50644],[141.20064,40.50803],[141.2017,40.50874],[141.20333,40.50856],[141.20407,40.50922],[141.20452,40.50917],[141.20571,40.50994],[141.20796,40.5109],[141.21023,40.51272],[141.21032,40.51357],[141.2119,40.51447],[141.21284,40.51565],[141.21486,40.51648],[141.21601,40.51742],[141.21773,40.51749],[141.21824,40.51821],[141.21915,40.51877],[141.219,40.5196],[141.21932,40.5201],[141.2192,40.5211],[141.21988,40.52189],[141.21861,40.52337],[141.21926,40.52493],[141.2192,40.52622],[141.21964,40.52761],[141.22106,40.52791],[141.22224,40.52896],[141.2234,40.52901],[141.22413,40.52954],[141.22559,40.53114],[141.22634,40.53154],[141.22759,40.53139],[141.2293,40.53212],[141.23012,40.53189],[141.2301,40.53124],[141.23191,40.5315],[141.23245,40.53189],[141.23363,40.53184],[141.23449,40.53215],[141.23598,40.53327],[141.23748,40.53372],[141.23842,40.53362],[141.23942,40.53411],[141.24093,40.53423],[141.24201,40.53546],[141.24277,40.5359],[141.24453,40.53647],[141.24782,40.5372],[141.24984,40.53722],[141.25172,40.53776],[141.25709,40.53894],[141.25963,40.53899],[141.2618,40.53931],[141.26324,40.54006],[141.26453,40.53972],[141.26581,40.53976],[141.26722,40.5402],[141.26843,40.53995],[141.27074,40.54108],[141.2718,40.53945],[141.27268,40.53849],[141.27383,40.53779],[141.27437,40.53591],[141.27476,40.53623],[141.2754,40.53759],[141.27571,40.53899],[141.2764,40.54045],[141.27758,40.54188],[141.27896,40.5423],[141.27949,40.54306],[141.28124,40.54386],[141.2811,40.54568],[141.28251,40.54751],[141.28375,40.54832],[141.28409,40.54894],[141.28454,40.55265],[141.28678,40.5528],[141.28755,40.5526],[141.28842,40.55612],[141.28956,40.55718],[141.29115,40.55804],[141.29199,40.55788],[141.29516,40.55822],[141.29596,40.55846],[141.29779,40.55817],[141.29868,40.55837],[141.29923,40.55932],[141.29884,40.56128],[141.29881,40.56233],[141.30116,40.56285],[141.30138,40.56308],[141.30318,40.5673],[141.30367,40.56806],[141.3045,40.56923],[141.30339,40.56968],[141.30294,40.57184],[141.3025,40.57246],[141.3028,40.57412],[141.30256,40.57483],[141.30191,40.57541],[141.29935,40.57608],[141.29612,40.57771],[141.294,40.57975],[141.29335,40.58062],[141.29364,40.58143],[141.2934,40.58292],[141.2935,40.58343],[141.2907,40.58346],[141.29065,40.58437],[141.28954,40.585],[141.28894,40.58618],[141.28793,40.58691],[141.28684,40.58705],[141.28578,40.58769],[141.2855,40.58828],[141.28584,40.59024],[141.28514,40.59127],[141.28576,40.59161],[141.28667,40.59309],[141.28918,40.59454],[141.28961,40.59447],[141.29069,40.59527],[141.29065,40.59561],[141.29356,40.59793],[141.29445,40.59843],[141.29402,40.59914],[141.29222,40.59977],[141.29005,40.60077],[141.28748,40.59903],[141.28575,40.60054],[141.28523,40.60008],[141.28381,40.60015],[141.28215,40.60049],[141.27986,40.60076],[141.27875,40.60075],[141.27703,40.60133],[141.27649,40.60186],[141.27724,40.60357],[141.27734,40.60445],[141.27613,40.60596],[141.27508,40.60686],[141.27548,40.60726],[141.27695,40.60785],[141.27669,40.60957],[141.27443,40.60984],[141.27437,40.61002],[141.27449,40.6155],[141.27437,40.6156],[141.26677,40.6165],[141.26602,40.61647],[141.26585,40.61557],[141.25914,40.61642],[141.25838,40.61633],[141.25705,40.61911],[141.25731,40.62047],[141.25796,40.62239],[141.25918,40.63039],[141.25929,40.63051],[141.26314,40.6302],[141.26354,40.63032],[141.26373,40.63145],[141.26575,40.63127],[141.26595,40.63154],[141.26521,40.63271],[141.26398,40.63324],[141.26326,40.63397],[141.26313,40.63471],[141.26244,40.63496],[141.26115,40.63654],[141.26141,40.6372],[141.2664,40.6372],[141.26663,40.63713],[141.27069,40.63752],[141.2749,40.63989],[141.27784,40.6404],[141.28006,40.64232],[141.28069,40.64365],[141.28208,40.64432],[141.28315,40.64519],[141.28291,40.64561],[141.28107,40.64594],[141.28007,40.64673],[141.27876,40.6474],[141.27791,40.64732],[141.27567,40.64748],[141.27452,40.64682],[141.27329,40.64646],[141.2692,40.6462],[141.26882,40.64641],[141.26315,40.65132],[141.26293,40.65255],[141.26315,40.65357],[141.26358,40.6538],[141.26405,40.65487],[141.2645,40.65651],[141.26544,40.659],[141.2668,40.66063],[141.26893,40.66278],[141.26993,40.66449],[141.2709,40.66687],[141.27159,40.669],[141.26948,40.6697],[141.26895,40.67024],[141.26709,40.67123],[141.26702,40.67218],[141.2664,40.67396],[141.26647,40.67582],[141.26687,40.67679],[141.26697,40.67893],[141.26534,40.68076],[141.26487,40.68194],[141.26483,40.68305],[141.26423,40.68362],[141.26361,40.68516],[141.26379,40.68608],[141.26364,40.68724],[141.26385,40.68848],[141.26442,40.68899],[141.26464,40.68973],[141.26592,40.69071],[141.26626,40.69162],[141.26613,40.69311],[141.26566,40.69488],[141.26389,40.69508],[141.26304,40.69477],[141.26251,40.69517],[141.26311,40.69609],[141.26549,40.6978],[141.26668,40.69939],[141.2673,40.70078],[141.26691,40.70122],[141.26534,40.70157],[141.26429,40.70028],[141.26359,40.69982],[141.26039,40.70112],[141.25905,40.70027],[141.25776,40.6999],[141.25755,40.69937],[141.25633,40.69922],[141.25145,40.70167],[141.24953,40.69936],[141.24738,40.70042],[141.24421,40.69661],[141.24181,40.69573],[141.23992,40.6985],[141.23625,40.69603],[141.236,40.69424],[141.2315,40.69477],[141.23088,40.69168],[141.22978,40.69185],[141.22917,40.69092],[141.22726,40.69155],[141.22446,40.69176],[141.22319,40.69154],[141.21693,40.68981],[141.2153,40.68932],[141.21456,40.68938],[141.21256,40.69042],[141.21107,40.69042],[141.21038,40.69223],[141.20996,40.69281],[141.20764,40.69097],[141.20692,40.68984],[141.20458,40.68864],[141.20345,40.68831],[141.20073,40.68834],[141.1984,40.68879],[141.19747,40.68931],[141.19493,40.68933],[141.19411,40.68911],[141.1925,40.68799],[141.19199,40.68782],[141.19036,40.68649],[141.1889,40.68584],[141.18812,40.68586],[141.18366,40.68533],[141.18312,40.6855],[141.17951,40.68477],[141.17913,40.68434],[141.1768,40.6838],[141.17488,40.68306],[141.17283,40.68313],[141.1728,40.68243],[141.17122,40.68139],[141.16969,40.67928],[141.16944,40.67825],[141.16964,40.67724],[141.17112,40.67548],[141.17134,40.67391],[141.17236,40.67374],[141.17228,40.67302],[141.17098,40.67322],[141.1711,40.67239],[141.16868,40.67189],[141.16845,40.67258],[141.16765,40.67244],[141.16741,40.67181],[141.16659,40.67213],[141.16429,40.67222],[141.16338,40.67279],[141.16281,40.67232],[141.16138,40.67249],[141.16104,40.6733],[141.15981,40.6735],[141.15979,40.67206],[141.1595,40.67107],[141.15975,40.67007],[141.1596,40.66936],[141.15818,40.66711],[141.15774,40.66541],[141.15689,40.66479],[141.15671,40.66359],[141.15701,40.66322],[141.15177,40.66034],[141.14552,40.65682],[141.14672,40.65569],[141.14515,40.65376],[141.14631,40.65003],[141.14869,40.65101],[141.14975,40.65112],[141.15179,40.65107],[141.15259,40.65074],[141.15457,40.65027],[141.15209,40.64807],[141.15061,40.64767],[141.14864,40.64566],[141.14844,40.6434],[141.14585,40.64165],[141.14428,40.6392],[141.14233,40.63888],[141.14145,40.63983],[141.14022,40.64007],[141.13841,40.64012],[141.13643,40.64002],[141.13433,40.64057],[141.13305,40.64106],[141.13224,40.64162],[141.12945,40.64242],[141.12652,40.64277],[141.12309,40.64146],[141.11994,40.6397],[141.11886,40.63817],[141.11822,40.63756],[141.11697,40.63698],[141.11554,40.63668],[141.11411,40.63689],[141.11263,40.63378],[141.11094,40.63491],[141.10983,40.63536],[141.10835,40.63557],[141.10651,40.63529],[141.10472,40.63533],[141.10428,40.635],[141.10299,40.63496],[141.10165,40.63452],[141.09945,40.63449],[141.09816,40.63503],[141.09657,40.6351],[141.09517,40.63475],[141.09418,40.6349],[141.09232,40.63474],[141.09074,40.63485],[141.09005,40.63532],[141.08836,40.63522],[141.08541,40.63469],[141.08314,40.63312],[141.0824,40.63331],[141.08124,40.63433],[141.08007,40.63451],[141.07914,40.63492],[141.07673,40.63635],[141.07569,40.63764],[141.07435,40.63824],[141.07361,40.63908],[141.0736,40.63982],[141.07319,40.64046],[141.0722,40.64063],[141.07096,40.64015],[141.06868,40.64035],[141.06682,40.64154],[141.06412,40.64299],[141.06259,40.64319],[141.06127,40.64506],[141.06045,40.64648],[141.0594,40.64751],[141.05923,40.64847],[141.0577,40.64957],[141.05528,40.65047],[141.05482,40.65086],[141.05501,40.6518],[141.05372,40.65262],[141.05309,40.65439],[141.0531,40.65593],[141.05119,40.65856],[141.05151,40.65947],[141.05129,40.66059],[141.05084,40.66117],[141.04922,40.66135],[141.0474,40.66219],[141.04639,40.66347],[141.04595,40.66465],[141.04456,40.66514],[141.04292,40.6648],[141.04121,40.66537],[141.04004,40.6653],[141.03732,40.66561],[141.03613,40.66585],[141.03471,40.66522],[141.03299,40.66503],[141.03058,40.66497],[141.02749,40.66439],[141.02598,40.66452],[141.02473,40.66497],[141.02131,40.66538],[141.02008,40.66576],[141.01866,40.66671],[141.01774,40.66705],[141.01581,40.66745],[141.01425,40.66828],[141.01276,40.66787],[141.01161,40.66789],[141.00994,40.66855],[141.00859,40.66866],[141.00761,40.66915],[141.00374,40.67069],[141.00251,40.67164],[141.00168,40.67302],[141.00158,40.67416],[141.00101,40.67516],[140.99964,40.67671],[140.99913,40.67871],[140.99894,40.68122],[140.99862,40.68189],[140.99721,40.68369],[140.99548,40.6849],[140.9952,40.68556],[140.99448,40.6861],[140.99432,40.68699],[140.99334,40.68809],[140.99206,40.68862],[140.99176,40.689],[140.99111,40.6909],[140.99059,40.69349],[140.99103,40.69439],[140.98898,40.69438],[140.98566,40.69514],[140.98449,40.69581],[140.98311,40.69619],[140.97998,40.69734],[140.97897,40.69762],[140.97693,40.69642],[140.97602,40.6957],[140.97421,40.69358],[140.97353,40.6931],[140.97259,40.69293],[140.97105,40.69332],[140.97023,40.69236],[140.96983,40.69142],[140.97026,40.68953],[140.9701,40.68815],[140.96909,40.68617],[140.96849,40.68529],[140.96783,40.68347],[140.96757,40.682],[140.96796,40.68073],[140.96881,40.67976],[140.96902,40.67887],[140.96865,40.67732],[140.96732,40.67579],[140.96722,40.67544],[140.96824,40.67417],[140.96805,40.6734],[140.96701,40.67222],[140.96597,40.67044],[140.96498,40.66979],[140.96347,40.67006],[140.96253,40.66936],[140.96215,40.66856],[140.96049,40.66611],[140.95974,40.66525],[140.95935,40.6636],[140.95931,40.66265],[140.96054,40.66064],[140.96109,40.6594],[140.96076,40.65821],[140.95996,40.65769],[140.95701,40.65667],[140.95621,40.65598],[140.9561,40.65477],[140.95652,40.65228],[140.95598,40.65122],[140.9548,40.64948],[140.95463,40.64866],[140.955,40.64699],[140.95301,40.64636],[140.94906,40.6457],[140.94834,40.64543],[140.94569,40.64537],[140.94377,40.64439],[140.9424,40.64399],[140.94022,40.64367],[140.93894,40.6429],[140.93726,40.64295],[140.9362,40.64276],[140.93407,40.64311],[140.93288,40.64354],[140.93109,40.64482],[140.93051,40.64505],[140.9284,40.64495],[140.92474,40.64506],[140.92101,40.64543],[140.91973,40.64575],[140.91818,40.64656],[140.91515,40.64887],[140.91433,40.65016],[140.91307,40.65156],[140.91142,40.65275],[140.91059,40.65297],[140.90849,40.65293],[140.90704,40.65318],[140.90645,40.65375],[140.90483,40.65424],[140.89947,40.65417],[140.89861,40.65434],[140.89678,40.65437],[140.89502,40.65392],[140.89114,40.65379],[140.89052,40.65387],[140.88865,40.65311],[140.88693,40.65317],[140.88583,40.65359],[140.88426,40.65466],[140.88012,40.65707],[140.87912,40.65746],[140.87752,40.6573],[140.87704,40.65631],[140.87732,40.65488],[140.87931,40.65344],[140.87914,40.6527],[140.87807,40.65055],[140.87726,40.64921],[140.87629,40.64654],[140.87632,40.64572],[140.87697,40.64501],[140.87838,40.64452],[140.87977,40.64381],[140.8824,40.64145],[140.88379,40.64067],[140.88388,40.64001],[140.88366,40.63805],[140.88369,40.63556],[140.88283,40.63348],[140.88196,40.63229],[140.8795,40.62991],[140.87918,40.62859],[140.87881,40.6279],[140.8769,40.62598],[140.87662,40.62532],[140.87691,40.62478],[140.87622,40.62382],[140.87615,40.62251],[140.87627,40.61888],[140.87669,40.61389],[140.87497,40.61389],[140.87375,40.61353],[140.87269,40.61344],[140.87136,40.61295],[140.86941,40.61089],[140.8668,40.60985],[140.8648,40.60983],[140.86292,40.60964]]]]}},
  {"type":"Feature","properties":{"name":"三沢市","code":"02207"},"geometry":{"type":"MultiPolygon","coordinates":[[[[141.3247,40.70066],[141.3227,40.69826],[141.32279,40.6974],[141.32248,40.69626],[141.32557,40.69262],[141.32598,40.69239],[141.32999,40.69184],[141.33163,40.69243],[141.33642,40.69098],[141.33999,40.68885],[141.34067,40.68836],[141.33972,40.68713],[141.33598,40.68476],[141.33438,40.68221],[141.33328,40.67897],[141.33335,40.6783],[141.33384,40.67771],[141.33379,40.67664],[141.33255,40.67487],[141.33301,40.67164],[141.33425,40.66978],[141.33623,40.66899],[141.33665,40.668],[141.33987,40.66495],[141.34182,40.66355],[141.34399,40.66114],[141.34467,40.66099],[141.34523,40.66172],[141.34664,40.66296],[141.34885,40.66351],[141.35182,40.665],[141.35202,40.66386],[141.35332,40.66435],[141.35486,40.66425],[141.35506,40.6637],[141.35584,40.66382],[141.3574,40.66368],[141.35921,40.66371],[141.36124,40.66434],[141.36271,40.66807],[141.36446,40.6677],[141.36424,40.66937],[141.36435,40.67085],[141.36401,40.67237],[141.36299,40.67346],[141.36483,40.67392],[141.36724,40.66937],[141.36821,40.66693],[141.37258,40.66608],[141.37835,40.66568],[141.37847,40.66395],[141.38094,40.66436],[141.38362,40.66552],[141.38478,40.66569],[141.38785,40.66534],[141.38873,40.66571],[141.39029,40.66605],[141.39216,40.66626],[141.39293,40.66619],[141.39366,40.66673],[141.39574,40.66698],[141.39708,40.66688],[141.39912,40.66712],[141.39999,40.66741],[141.40167,40.66747],[141.40279,40.66729],[141.40534,40.66717],[141.40637,40.66748],[141.40835,40.66779],[141.40959,40.66817],[141.41113,40.66891],[141.41297,40.66905],[141.41352,40.66878],[141.41505,40.66858],[141.41615,40.6687],[141.41659,40.66911],[141.41826,40.66925],[141.42076,40.6689],[141.4216,40.66901],[141.42352,40.66872],[141.42418,40.66888],[141.42537,40.66835],[141.427,40.66831],[141.42766,40.66787],[141.42897,40.66801],[141.42949,40.66888],[141.43116,40.66958],[141.43281,40.66951],[141.43469,40.66971],[141.43878,40.67051],[141.43855,40.67401],[141.43873,40.67473],[141.43949,40.67502],[141.43853,40.67616],[141.43734,40.67697],[141.43751,40.67741],[141.44077,40.67798],[141.44165,40.67851],[141.44423,40.6811],[141.44425,40.68159],[141.44072,40.67804],[141.43847,40.67848],[141.43674,40.67816],[141.4361,40.67825],[141.43564,40.6798],[141.43734,40.6801],[141.43709,40.68054],[141.4355,40.68026],[141.43459,40.68324],[141.43682,40.68363],[141.4367,40.68423],[141.43439,40.68381],[141.43371,40.68602],[141.43602,40.68643],[141.43604,40.68677],[141.43811,40.68641],[141.43917,40.68292],[141.44145,40.68106],[141.4416,40.68116],[141.43934,40.683],[141.43824,40.68657],[141.43601,40.68686],[141.432,40.68615],[141.43022,40.68964],[141.42869,40.69466],[141.42812,40.69525],[141.42723,40.69904],[141.42735,40.6995],[141.42629,40.70306],[141.42618,40.704],[141.42565,40.70415],[141.4253,40.70559],[141.42457,40.7068],[141.42453,40.70909],[141.4234,40.71428],[141.42309,40.71544],[141.42291,40.71727],[141.42256,40.71803],[141.42242,40.72046],[141.42183,40.72132],[141.42137,40.72387],[141.42082,40.72452],[141.42088,40.72543],[141.42036,40.72828],[141.42007,40.73079],[141.4194,40.73138],[141.41908,40.73234],[141.41854,40.73651],[141.41864,40.73841],[141.41761,40.73936],[141.41693,40.74156],[141.41658,40.74445],[141.41665,40.74714],[141.41611,40.74745],[141.41534,40.74969],[141.41492,40.75214],[141.4145,40.75569],[141.41362,40.75743],[141.41284,40.76126],[141.41283,40.76496],[141.41192,40.76645],[141.41145,40.76917],[141.41112,40.7737],[141.41016,40.77447],[141.40958,40.77603],[141.40926,40.77789],[141.40895,40.78115],[141.40899,40.78278],[141.40866,40.78301],[141.40776,40.78521],[141.40755,40.78648],[141.40717,40.78732],[141.40745,40.78803],[141.40721,40.7917],[141.40657,40.79272],[141.40609,40.79514],[141.40559,40.79914],[141.40575,40.8002],[141.40491,40.8022],[141.4044,40.80556],[141.40426,40.8081],[141.40432,40.80981],[141.40358,40.80984],[141.40289,40.81107],[141.40209,40.81591],[141.40206,40.81847],[141.40158,40.81919],[141.40114,40.82294],[141.40098,40.82347],[141.4016,40.82545],[141.40088,40.82976],[141.40057,40.83257],[141.40017,40.83471],[141.39999,40.83695],[141.39966,40.83894],[141.39963,40.8402],[141.39926,40.84454],[141.39851,40.84524],[141.39803,40.84622],[141.39758,40.84785],[141.39718,40.85079],[141.39659,40.85643],[141.39572,40.86278],[141.39561,40.8646],[141.39536,40.8661],[141.3952,40.86838],[141.39476,40.87119],[141.39448,40.87386],[141.39448,40.87501],[141.3941,40.87748],[141.39401,40.8791],[141.39372,40.88101],[141.39364,40.88249],[141.39332,40.88411],[141.39295,40.88505],[141.39293,40.88662],[141.38541,40.88553],[141.3824,40.88466],[141.38096,40.88391],[141.37976,40.8828],[141.37773,40.88016],[141.37688,40.87878],[141.37669,40.87763],[141.37691,40.87585],[141.37614,40.87326],[141.37437,40.86525],[141.3741,40.86355],[141.37422,40.86208],[141.37465,40.86023],[141.37626,40.85584],[141.37803,40.85265],[141.37821,40.85193],[141.37785,40.84893],[141.37815,40.84739],[141.3791,40.84608],[141.37879,40.84496],[141.37738,40.84408],[141.3758,40.84285],[141.37427,40.84102],[141.37289,40.83983],[141.37143,40.83896],[141.36773,40.83865],[141.36797,40.83636],[141.36746,40.83566],[141.36666,40.83339],[141.36651,40.83255],[141.36597,40.83166],[141.36679,40.83083],[141.36604,40.83014],[141.36587,40.82941],[141.36522,40.82886],[141.36549,40.82798],[141.36608,40.82746],[141.3644,40.82507],[141.36365,40.82454],[141.36357,40.82371],[141.3615,40.81965],[141.36058,40.81907],[141.35899,40.8161],[141.35722,40.81503],[141.35606,40.81397],[141.35516,40.81394],[141.35433,40.81351],[141.35319,40.81373],[141.3526,40.81312],[141.35132,40.81235],[141.35038,40.81065],[141.34975,40.81016],[141.34955,40.80896],[141.34828,40.8066],[141.34774,40.80406],[141.34814,40.80156],[141.34813,40.79764],[141.34789,40.79608],[141.34851,40.79498],[141.34871,40.79382],[141.3484,40.79136],[141.34863,40.79058],[141.34831,40.78884],[141.34885,40.78803],[141.3489,40.78562],[141.34864,40.78491],[141.34905,40.7838],[141.3488,40.78234],[141.34806,40.77959],[141.34881,40.77793],[141.34974,40.77742],[141.35163,40.77674],[141.35544,40.77451],[141.35622,40.77357],[141.35713,40.77166],[141.35795,40.76839],[141.35872,40.76144],[141.3594,40.75682],[141.35971,40.75155],[141.35956,40.74834],[141.35965,40.74574],[141.35953,40.74414],[141.35926,40.7439],[141.35941,40.74273],[141.35913,40.74022],[141.35842,40.73615],[141.35782,40.7341],[141.35627,40.73043],[141.35474,40.72785],[141.35325,40.72599],[141.35291,40.72524],[141.35142,40.72344],[141.34964,40.72196],[141.34757,40.72081],[141.34628,40.72058],[141.34585,40.7209],[141.34421,40.72124],[141.3424,40.72196],[141.34193,40.72263],[141.33971,40.72325],[141.3377,40.72425],[141.33674,40.72233],[141.33223,40.72375],[141.33029,40.72481],[141.32855,40.7252],[141.32636,40.72405],[141.32437,40.72382],[141.32185,40.72451],[141.32022,40.72379],[141.31828,40.72244],[141.31662,40.72176],[141.31393,40.71948],[141.3101,40.71655],[141.31087,40.71515],[141.31046,40.71505],[141.3103,40.71273],[141.31048,40.71178],[141.31106,40.71114],[141.31099,40.71031],[141.31214,40.71009],[141.31236,40.71077],[141.31323,40.71019],[141.31373,40.71067],[141.31563,40.71116],[141.31681,40.7118],[141.3184,40.71309],[141.31887,40.71316],[141.32045,40.71259],[141.32113,40.71253],[141.32335,40.71309],[141.32672,40.71328],[141.33063,40.71324],[141.33166,40.71294],[141.33187,40.71385],[141.33162,40.71527],[141.33197,40.71587],[141.33281,40.71596],[141.33291,40.71759],[141.33365,40.71863],[141.33457,40.71893],[141.33522,40.72013],[141.33604,40.72074],[141.33737,40.72097],[141.33926,40.72043],[141.34064,40.72039],[141.34129,40.72064],[141.34302,40.72022],[141.34357,40.71932],[141.34287,40.71809],[141.34232,40.71533],[141.34187,40.71445],[141.34099,40.71348],[141.34068,40.71258],[141.34008,40.71195],[141.33791,40.71261],[141.33711,40.71231],[141.33569,40.7102],[141.33558,40.70963],[141.33418,40.70807],[141.33247,40.70767],[141.33133,40.70724],[141.33017,40.70652],[141.32825,40.70644],[141.32725,40.7048],[141.32686,40.703],[141.32577,40.70273],[141.3247,40.70066]]]]}},
  {"type":"Feature","properties":{"name":"むつ市","code":"02208"},"geometry":{"type":"MultiPolygon","coordinates":[[[[140.77828,41.21014],[140.77941,41.20974],[140.77951,41.20894],[140.77894,41.20752],[140.7775,41.2067],[140.77489,41.20575],[140.77433,41.2054],[140.77414,41.20454],[140.77313,41.20352],[140.7724,41.20364],[140.77138,41.20335],[140.77084,41.20254],[140.76965,41.2016],[140.76889,41.20131],[140.76811,41.20026],[140.768,41.19932],[140.76549,41.19736],[140.76539,41.19632],[140.7642,41.19523],[140.76403,41.19459],[140.76451,41.19401],[140.76422,41.19298],[140.76425,41.19218],[140.76476,41.1918],[140.76416,41.19105],[140.76506,41.18768],[140.7654,41.18529],[140.76656,41.18434],[140.76703,41.18372],[140.76668,41.18231],[140.7671,41.18086],[140.76747,41.18029],[140.76729,41.17889],[140.76742,41.17723],[140.76813,41.17656],[140.76842,41.17502],[140.7687,41.1745],[140.7683,41.17398],[140.76891,41.17344],[140.76902,41.17157],[140.76871,41.17008],[140.76788,41.17002],[140.76766,41.1693],[140.7687,41.16903],[140.76871,41.16859],[140.76684,41.16812],[140.76676,41.16743],[140.76849,41.16598],[140.76878,41.16483],[140.7679,41.16295],[140.76792,41.16238],[140.76683,41.16137],[140.76705,41.16008],[140.76766,41.15988],[140.76829,41.15861],[140.76816,41.15733],[140.76679,41.15667],[140.76652,41.15534],[140.76589,41.15352],[140.76674,41.1533],[140.76715,41.15135],[140.76636,41.15073],[140.76654,41.15021],[140.76541,41.14949],[140.7652,41.14868],[140.76426,41.14784],[140.76419,41.14565],[140.76484,41.14517],[140.76517,41.14444],[140.76602,41.1442],[140.76635,41.14513],[140.7671,41.14552],[140.76752,41.14456],[140.76891,41.14228],[140.76902,41.14083],[140.76956,41.14061],[140.77097,41.14124],[140.77224,41.14146],[140.77294,41.14208],[140.77367,41.14212],[140.77405,41.14098],[140.77343,41.14077],[140.77511,41.13897],[140.77657,41.13861],[140.77762,41.13899],[140.77914,41.13859],[140.77919,41.1378],[140.77806,41.13725],[140.77783,41.13639],[140.7772,41.13596],[140.77813,41.13461],[140.78101,41.13272],[140.78177,41.13248],[140.78316,41.13128],[140.7855,41.13139],[140.78664,41.13129],[140.78821,41.13172],[140.78906,41.13229],[140.79042,41.13231],[140.79051,41.13303],[140.79217,41.13291],[140.79227,41.13333],[140.79409,41.13256],[140.79516,41.1317],[140.79682,41.12985],[140.79866,41.1289],[140.80002,41.12868],[140.80308,41.12874],[140.80382,41.12843],[140.80455,41.12895],[140.80438,41.12938],[140.80558,41.12981],[140.80658,41.12921],[140.80705,41.12961],[140.80827,41.12888],[140.80684,41.12766],[140.80717,41.12752],[140.80854,41.12872],[140.80889,41.1284],[140.81021,41.12813],[140.81047,41.1277],[140.81149,41.12765],[140.81223,41.1283],[140.81207,41.12897],[140.81265,41.12956],[140.81353,41.1298],[140.81444,41.13052],[140.81503,41.13157],[140.81511,41.13266],[140.81493,41.13369],[140.81576,41.1342],[140.8176,41.13464],[140.81789,41.13562],[140.81731,41.13593],[140.81745,41.13675],[140.81856,41.13808],[140.81946,41.13845],[140.82173,41.13872],[140.8217,41.1392],[140.82264,41.1397],[140.82327,41.14075],[140.82406,41.14113],[140.82408,41.14155],[140.8227,41.14178],[140.82299,41.14275],[140.82388,41.14349],[140.82534,41.14538],[140.82689,41.1447],[140.8282,41.14634],[140.82958,41.14738],[140.8307,41.14768],[140.83275,41.14972],[140.83422,41.15028],[140.83625,41.1507],[140.83884,41.15144],[140.83914,41.15179],[140.84024,41.15203],[140.84061,41.15259],[140.84222,41.1532],[140.84289,41.15388],[140.8434,41.1539],[140.84586,41.15495],[140.84643,41.15599],[140.84622,41.15677],[140.84861,41.15863],[140.85008,41.15911],[140.85152,41.15978],[140.85274,41.16009],[140.85339,41.16087],[140.85455,41.16143],[140.85601,41.16144],[140.85675,41.16168],[140.85799,41.16168],[140.85956,41.1614],[140.86245,41.1624],[140.86348,41.16315],[140.86444,41.16333],[140.86592,41.16449],[140.86788,41.16484],[140.8693,41.1655],[140.8711,41.16595],[140.8733,41.16564],[140.87385,41.16634],[140.877,41.16689],[140.87874,41.16661],[140.88003,41.16657],[140.88277,41.16571],[140.88466,41.16555],[140.88677,41.16492],[140.88974,41.16349],[140.89221,41.16356],[140.89429,41.16506],[140.89523,41.16547],[140.89628,41.1655],[140.89728,41.1661],[140.89874,41.16638],[140.89952,41.16708],[140.90062,41.16756],[140.90367,41.16807],[140.90419,41.16883],[140.90506,41.16947],[140.90484,41.17027],[140.90589,41.17165],[140.90758,41.17288],[140.90911,41.1738],[140.91219,41.17511],[140.91391,41.17557],[140.91601,41.17592],[140.91816,41.17608],[140.91877,41.17588],[140.92012,41.17594],[140.92316,41.17562],[140.92411,41.17524],[140.92601,41.17491],[140.92973,41.17333],[140.93123,41.17421],[140.9319,41.17398],[140.93328,41.17428],[140.93344,41.17484],[140.9347,41.17551],[140.93767,41.17581],[140.93977,41.17565],[140.9421,41.17508],[140.94313,41.17428],[140.94519,41.17386],[140.9465,41.17435],[140.94815,41.17519],[140.94912,41.17641],[140.95121,41.17807],[140.95182,41.17936],[140.95337,41.18051],[140.95423,41.18088],[140.95563,41.18228],[140.95614,41.18242],[140.95669,41.18381],[140.95712,41.18415],[140.95685,41.1851],[140.95737,41.18586],[140.95864,41.18644],[140.95923,41.18695],[140.95978,41.18672],[140.9622,41.18879],[140.9633,41.18992],[140.96394,41.19102],[140.96637,41.19263],[140.96823,41.19349],[140.96902,41.19421],[140.97112,41.19497],[140.97223,41.19567],[140.97414,41.19605],[140.97557,41.19686],[140.97689,41.19728],[140.97736,41.19827],[140.97934,41.1989],[140.98156,41.19919],[140.98253,41.19898],[140.98259,41.19744],[140.9835,41.19746],[140.98421,41.1986],[140.98762,41.1977],[140.98985,41.1969],[140.98948,41.19591],[140.99113,41.19699],[140.99227,41.19637],[140.99505,41.19558],[140.99596,41.19569],[140.99689,41.19515],[140.99901,41.19589],[141.00022,41.19684],[141.00193,41.19718],[141.00395,41.19674],[141.00523,41.19691],[141.00534,41.1976],[141.00706,41.1978],[141.00957,41.19752],[141.01184,41.19684],[141.01187,41.19632],[141.01331,41.19585],[141.01294,41.19519],[141.01364,41.19485],[141.01413,41.19572],[141.01506,41.19567],[141.02138,41.19204],[141.02189,41.19162],[141.02415,41.1906],[141.02843,41.18815],[141.0296,41.18709],[141.03101,41.18659],[141.03291,41.18557],[141.0347,41.185],[141.03637,41.18494],[141.0388,41.18463],[141.04069,41.18525],[141.04196,41.18539],[141.04414,41.18489],[141.04534,41.18415],[141.04655,41.18392],[141.0485,41.18328],[141.04945,41.18335],[141.05103,41.18302],[141.05244,41.18255],[141.05413,41.18274],[141.05559,41.18256],[141.0568,41.18312],[141.05816,41.18344],[141.05887,41.18464],[141.05987,41.18571],[141.06061,41.18768],[141.06172,41.18922],[141.06322,41.19019],[141.06313,41.19056],[141.06567,41.1921],[141.06672,41.19343],[141.06712,41.19433],[141.06884,41.19602],[141.0714,41.19823],[141.0721,41.19871],[141.07331,41.1988],[141.07452,41.19971],[141.07431,41.2001],[141.07543,41.20101],[141.07678,41.20152],[141.07958,41.20317],[141.08024,41.2037],[141.08195,41.20419],[141.08318,41.20486],[141.08591,41.20546],[141.08666,41.20582],[141.08834,41.20716],[141.08919,41.20815],[141.0917,41.20864],[141.09357,41.20977],[141.09389,41.21065],[141.0962,41.21181],[141.09881,41.21291],[141.1015,41.21352],[141.10461,41.21361],[141.10536,41.21378],[141.10919,41.21395],[141.11195,41.21362],[141.11335,41.21335],[141.11462,41.21396],[141.11499,41.21466],[141.11805,41.21671],[141.11991,41.21764],[141.12405,41.21997],[141.127,41.22216],[141.12758,41.22245],[141.12866,41.2235],[141.13139,41.22566],[141.13191,41.22644],[141.13645,41.2305],[141.14002,41.23271],[141.1441,41.23423],[141.14376,41.23546],[141.14525,41.23654],[141.14561,41.23715],[141.14715,41.23806],[141.1487,41.23863],[141.15189,41.24078],[141.15319,41.24232],[141.15389,41.24288],[141.15518,41.24497],[141.15735,41.24977],[141.15838,41.25225],[141.15926,41.25553],[141.15944,41.2575],[141.15941,41.26025],[141.15841,41.2619],[141.15768,41.26241],[141.15655,41.26278],[141.15597,41.26249],[141.15759,41.26153],[141.15844,41.25954],[141.15811,41.25825],[141.15835,41.25688],[141.15829,41.25516],[141.1576,41.25306],[141.15653,41.25174],[141.15559,41.25116],[141.15421,41.25123],[141.15419,41.25013],[141.15286,41.2495],[141.15108,41.24812],[141.14996,41.24748],[141.14899,41.24657],[141.1485,41.2465],[141.14725,41.24561],[141.14652,41.24486],[141.14593,41.24338],[141.14457,41.2411],[141.14397,41.24069],[141.14286,41.24043],[141.13788,41.24014],[141.1345,41.24001],[141.13387,41.24032],[141.13348,41.2416],[141.13323,41.24386],[141.13393,41.24449],[141.13846,41.24693],[141.13879,41.24726],[141.13877,41.24861],[141.14001,41.24893],[141.14037,41.25024],[141.14108,41.25189],[141.14112,41.25351],[141.1444,41.25563],[141.14529,41.25658],[141.14697,41.25904],[141.14835,41.26018],[141.1493,41.26141],[141.15054,41.26254],[141.15176,41.26432],[141.1526,41.2658],[141.15386,41.26707],[141.15424,41.26719],[141.15558,41.2692],[141.15599,41.27057],[141.15613,41.27182],[141.15665,41.27351],[141.15696,41.27515],[141.15736,41.27613],[141.16004,41.27819],[141.16276,41.27851],[141.16267,41.27939],[141.16418,41.27971],[141.1657,41.27904],[141.16758,41.27926],[141.16807,41.27787],[141.16943,41.27798],[141.16918,41.2791],[141.17111,41.27962],[141.17241,41.2786],[141.17741,41.27742],[141.18103,41.27643],[141.18157,41.27652],[141.18381,41.27798],[141.18524,41.2768],[141.18646,41.27762],[141.18606,41.2783],[141.18776,41.27942],[141.18902,41.27887],[141.18932,41.27838],[141.18789,41.27699],[141.19169,41.27526],[141.19466,41.27382],[141.19644,41.27313],[141.19827,41.27204],[141.19833,41.27156],[141.19958,41.27046],[141.20222,41.26874],[141.20465,41.2669],[141.20492,41.26658],[141.21004,41.26292],[141.21125,41.262],[141.2194,41.25535],[141.22179,41.2532],[141.22896,41.24641],[141.23384,41.24137],[141.23489,41.23992],[141.23773,41.23667],[141.24047,41.2334],[141.24392,41.22885],[141.24548,41.2271],[141.24629,41.22582],[141.24766,41.22418],[141.25098,41.21923],[141.2525,41.21707],[141.25365,41.21515],[141.25468,41.21385],[141.25743,41.20948],[141.25969,41.20566],[141.26146,41.20112],[141.26215,41.19993],[141.26086,41.19965],[141.26096,41.19926],[141.26267,41.19962],[141.26501,41.19508],[141.2676,41.18923],[141.2691,41.18673],[141.26925,41.18602],[141.27024,41.18359],[141.2711,41.18089],[141.27139,41.18051],[141.27385,41.17493],[141.27461,41.17238],[141.27609,41.16826],[141.27772,41.16304],[141.27853,41.16118],[141.27906,41.15834],[141.27896,41.15708],[141.27838,41.15553],[141.27835,41.15395],[141.2778,41.15283],[141.27663,41.15189],[141.27633,41.1507],[141.27703,41.15073],[141.27783,41.15209],[141.27854,41.15198],[141.27866,41.1529],[141.27941,41.15336],[141.28015,41.15322],[141.28204,41.15421],[141.28283,41.15506],[141.28382,41.15522],[141.28564,41.15685],[141.28731,41.15679],[141.28782,41.1577],[141.28876,41.15717],[141.28994,41.1574],[141.29236,41.15615],[141.29408,41.15577],[141.29518,41.15489],[141.29641,41.15463],[141.29796,41.15479],[141.29861,41.1545],[141.2999,41.15435],[141.30498,41.15245],[141.30716,41.15227],[141.30879,41.15241],[141.31057,41.15169],[141.31199,41.15201],[141.3131,41.15201],[141.31551,41.15256],[141.31678,41.15263],[141.31732,41.1524],[141.31864,41.15251],[141.32021,41.15297],[141.32295,41.15411],[141.32227,41.15478],[141.32096,41.15505],[141.3207,41.15562],[141.32141,41.15776],[141.32091,41.15855],[141.32171,41.15975],[141.32061,41.16026],[141.32014,41.16178],[141.31865,41.16195],[141.3185,41.1624],[141.31953,41.16367],[141.31935,41.16494],[141.32116,41.16607],[141.31981,41.16691],[141.31933,41.16749],[141.32125,41.16908],[141.32105,41.16939],[141.32233,41.1702],[141.32394,41.17036],[141.32439,41.1709],[141.3243,41.17214],[141.32389,41.17338],[141.32332,41.17436],[141.32439,41.17487],[141.32452,41.17583],[141.32555,41.17608],[141.32707,41.17816],[141.32868,41.17914],[141.3294,41.18087],[141.33021,41.1821],[141.32997,41.18277],[141.32899,41.18335],[141.3286,41.1846],[141.32996,41.1878],[141.32987,41.18925],[141.33011,41.19084],[141.33126,41.1928],[141.33237,41.19423],[141.33376,41.19556],[141.33573,41.19686],[141.33674,41.19812],[141.33714,41.20001],[141.33522,41.20384],[141.33473,41.20551],[141.33617,41.2079],[141.33633,41.20878],[141.33569,41.21014],[141.33555,41.21107],[141.3358,41.21255],[141.33622,41.21327],[141.33788,41.21347],[141.33869,41.21449],[141.33897,41.21525],[141.33852,41.21623],[141.33749,41.21746],[141.33562,41.21919],[141.33544,41.21976],[141.33605,41.22141],[141.3356,41.2227],[141.33445,41.22367],[141.33448,41.22483],[141.33504,41.22586],[141.33494,41.2262],[141.33369,41.2263],[141.33213,41.22619],[141.33172,41.22666],[141.33256,41.22778],[141.33166,41.22899],[141.3316,41.23117],[141.32994,41.23183],[141.32931,41.23265],[141.32834,41.23299],[141.32845,41.23379],[141.32805,41.23451],[141.32781,41.23636],[141.32676,41.23763],[141.32677,41.23839],[141.32536,41.23939],[141.32611,41.24024],[141.32551,41.24107],[141.32599,41.24196],[141.3269,41.24239],[141.32661,41.24318],[141.32669,41.24425],[141.32464,41.24496],[141.32279,41.24471],[141.32169,41.24568],[141.32068,41.24617],[141.32108,41.24848],[141.32077,41.24959],[141.31998,41.25013],[141.31924,41.24978],[141.31882,41.24854],[141.31695,41.24814],[141.31526,41.24737],[141.31405,41.24633],[141.31353,41.2454],[141.31217,41.2441],[141.31049,41.24325],[141.3092,41.24395],[141.30853,41.24472],[141.30708,41.24586],[141.30731,41.24671],[141.30678,41.24746],[141.30534,41.2475],[141.30347,41.24931],[141.29992,41.24765],[141.29794,41.24782],[141.29718,41.24763],[141.29471,41.24778],[141.29254,41.24832],[141.2915,41.2481],[141.2899,41.24727],[141.28836,41.24749],[141.28741,41.24787],[141.2868,41.24848],[141.28487,41.24924],[141.28274,41.24989],[141.28043,41.24992],[141.27802,41.2493],[141.27716,41.24896],[141.27522,41.24733],[141.27359,41.2457],[141.27127,41.24517],[141.26883,41.24477],[141.26762,41.24429],[141.26604,41.24339],[141.2642,41.24392],[141.26208,41.244],[141.26036,41.24465],[141.25698,41.24481],[141.25506,41.24482],[141.25342,41.24639],[141.2534,41.24667],[141.25206,41.24717],[141.24924,41.24845],[141.24651,41.2492],[141.24682,41.24988],[141.2471,41.25148],[141.24765,41.25219],[141.24834,41.25496],[141.24834,41.25643],[141.24811,41.2573],[141.24753,41.25773],[141.24752,41.2586],[141.24854,41.25987],[141.24894,41.26137],[141.25095,41.26378],[141.25125,41.2649],[141.25114,41.267],[141.25087,41.26745],[141.25028,41.27024],[141.24961,41.27437],[141.24885,41.27575],[141.24783,41.28008],[141.24754,41.28186],[141.24769,41.28258],[141.24849,41.28413],[141.24932,41.28484],[141.24894,41.28622],[141.2512,41.2898],[141.25222,41.29052],[141.25256,41.2911],[141.2542,41.29209],[141.25435,41.29453],[141.25373,41.29918],[141.25296,41.30166],[141.25258,41.30238],[141.25157,41.30341],[141.24994,41.3044],[141.24911,41.3051],[141.24768,41.30701],[141.2472,41.30849],[141.24642,41.30991],[141.24555,41.31063],[141.24428,41.31084],[141.24421,41.31135],[141.24292,41.31122],[141.24219,41.31172],[141.24148,41.3118],[141.24068,41.31132],[141.24097,41.30998],[141.23959,41.30931],[141.23898,41.30956],[141.23586,41.30907],[141.23492,41.30878],[141.23407,41.30891],[141.23257,41.30949],[141.23015,41.30989],[141.22844,41.30946],[141.22605,41.31238],[141.22596,41.31363],[141.22624,41.31508],[141.22717,41.31621],[141.22822,41.31714],[141.22864,41.31821],[141.22881,41.31956],[141.22984,41.3205],[141.2308,41.32106],[141.23312,41.32184],[141.23357,41.32316],[141.23408,41.32373],[141.23403,41.3259],[141.23431,41.32655],[141.23536,41.32677],[141.23822,41.32822],[141.23896,41.32877],[141.24022,41.3287],[141.24075,41.32942],[141.24171,41.32958],[141.2426,41.32918],[141.24345,41.3299],[141.2443,41.33101],[141.24493,41.33145],[141.24239,41.33213],[141.24035,41.33254],[141.23934,41.33332],[141.23801,41.33339],[141.23697,41.33377],[141.2391,41.33684],[141.24082,41.33911],[141.24541,41.34403],[141.24706,41.34634],[141.24753,41.34784],[141.24877,41.35025],[141.24999,41.35183],[141.25,41.35211],[141.24813,41.35802],[141.24756,41.36003],[141.24658,41.36116],[141.2459,41.36156],[141.24437,41.36185],[141.24074,41.36316],[141.23956,41.36411],[141.24089,41.36584],[141.24034,41.36693],[141.23812,41.36403],[141.23716,41.3643],[141.2338,41.36615],[141.23135,41.36657],[141.23064,41.36727],[141.22942,41.3675],[141.22825,41.36881],[141.22719,41.36936],[141.22354,41.37095],[141.22231,41.37139],[141.22067,41.37172],[141.21737,41.37337],[141.21394,41.37449],[141.21206,41.37536],[141.21095,41.37612],[141.21016,41.37636],[141.20937,41.37716],[141.20712,41.37824],[141.20472,41.37966],[141.20295,41.38083],[141.19896,41.38294],[141.19697,41.38439],[141.1932,41.38669],[141.19243,41.38731],[141.19215,41.388],[141.19118,41.38878],[141.18983,41.38958],[141.18923,41.39026],[141.18646,41.39193],[141.18616,41.39259],[141.18475,41.39362],[141.18243,41.39603],[141.1818,41.3962],[141.17975,41.39806],[141.17861,41.39969],[141.18401,41.40351],[141.18391,41.40358],[141.17943,41.40037],[141.17869,41.40047],[141.17771,41.4011],[141.17772,41.40211],[141.17722,41.4025],[141.1785,41.4034],[141.17809,41.40392],[141.17667,41.40376],[141.17546,41.40471],[141.17572,41.40509],[141.17454,41.40551],[141.17305,41.40673],[141.17391,41.40736],[141.17225,41.40866],[141.17139,41.40805],[141.16773,41.4109],[141.16926,41.41202],[141.17114,41.41051],[141.1761,41.40871],[141.17615,41.40879],[141.17121,41.41059],[141.16888,41.41246],[141.16749,41.41165],[141.16612,41.41303],[141.16476,41.41384],[141.16466,41.41425],[141.16224,41.41503],[141.15995,41.41541],[141.15731,41.41708],[141.15413,41.41954],[141.15246,41.42116],[141.15116,41.42275],[141.14927,41.42553],[141.14928,41.42639],[141.14882,41.42674],[141.14762,41.42898],[141.14636,41.43065],[141.14502,41.43175],[141.14373,41.43179],[141.14404,41.43245],[141.14301,41.43347],[141.14114,41.43435],[141.1389,41.43443],[141.13653,41.43422],[141.13492,41.43501],[141.13342,41.43642],[141.13174,41.43884],[141.13153,41.43949],[141.12975,41.44106],[141.12743,41.44212],[141.12586,41.44385],[141.12233,41.44756],[141.12168,41.44804],[141.12106,41.44936],[141.11994,41.45098],[141.12003,41.45275],[141.11968,41.45314],[141.12033,41.45411],[141.12012,41.45487],[141.11931,41.45526],[141.11849,41.45496],[141.11755,41.455],[141.11569,41.45566],[141.1149,41.45454],[141.11423,41.45424],[141.11245,41.45466],[141.11142,41.45421],[141.11086,41.45476],[141.10855,41.45389],[141.10818,41.45328],[141.10735,41.45296],[141.10595,41.45207],[141.10506,41.45207],[141.10497,41.45136],[141.10367,41.45164],[141.10282,41.45125],[141.10232,41.45203],[141.10169,41.45169],[141.10059,41.45188],[141.09697,41.45133],[141.09536,41.45123],[141.09384,41.45149],[141.093,41.45193],[141.09129,41.45214],[141.09105,41.45119],[141.09001,41.45071],[141.0858,41.45132],[141.08518,41.4511],[141.08411,41.45142],[141.08299,41.45131],[141.08232,41.45082],[141.08244,41.4496],[141.08196,41.44872],[141.07982,41.44869],[141.07798,41.44915],[141.07687,41.44877],[141.07598,41.44816],[141.07486,41.44816],[141.07433,41.4477],[141.07193,41.44686],[141.07003,41.44712],[141.0688,41.44773],[141.06621,41.44753],[141.0633,41.44685],[141.06164,41.44587],[141.06036,41.44406],[141.0585,41.44391],[141.0573,41.4443],[141.05668,41.44518],[141.05535,41.4455],[141.05313,41.44484],[141.05179,41.44536],[141.05113,41.44637],[141.04953,41.44518],[141.04771,41.44493],[141.04781,41.44408],[141.04825,41.44318],[141.0483,41.44214],[141.04869,41.44035],[141.0499,41.43939],[141.05119,41.43868],[141.05127,41.43677],[141.05071,41.43407],[141.05008,41.43267],[141.04945,41.43169],[141.04737,41.42978],[141.04627,41.43019],[141.0442,41.43049],[141.04227,41.42949],[141.04043,41.42792],[141.039,41.42636],[141.03849,41.4261],[141.03646,41.42574],[141.03431,41.42572],[141.03102,41.42498],[141.02947,41.42245],[141.02783,41.42075],[141.02545,41.42184],[141.02407,41.42285],[141.02361,41.4226],[141.02326,41.42176],[141.02233,41.42114],[141.02077,41.42132],[141.01884,41.42103],[141.01764,41.42112],[141.01579,41.42168],[141.01466,41.42153],[141.01251,41.42153],[141.01193,41.4218],[141.00962,41.42238],[141.00846,41.42324],[141.00751,41.42365],[141.00718,41.42536],[141.00624,41.42628],[141.00624,41.42716],[141.00517,41.42856],[141.00454,41.43047],[141.00287,41.43169],[141.00259,41.4327],[141.00287,41.43491],[141.00261,41.43538],[141.0015,41.43629],[140.99937,41.43857],[140.99754,41.43943],[140.99611,41.43927],[140.99524,41.43991],[140.99369,41.43969],[140.99226,41.43911],[140.99087,41.43732],[140.98847,41.43732],[140.98658,41.43698],[140.98538,41.43704],[140.98366,41.4375],[140.98247,41.43823],[140.97973,41.43807],[140.97786,41.43859],[140.97549,41.43903],[140.9749,41.43785],[140.97373,41.43672],[140.97202,41.43586],[140.97063,41.43576],[140.96759,41.43515],[140.96695,41.43381],[140.96562,41.43323],[140.96524,41.43269],[140.96559,41.43151],[140.96425,41.43061],[140.9636,41.42967],[140.96204,41.42838],[140.96097,41.42728],[140.9605,41.42536],[140.9579,41.4247],[140.95671,41.42397],[140.95534,41.42445],[140.95397,41.42445],[140.95195,41.42503],[140.94951,41.42545],[140.94855,41.42642],[140.94757,41.4267],[140.94515,41.42688],[140.9442,41.42417],[140.94517,41.42348],[140.94461,41.42254],[140.94308,41.4212],[140.94206,41.42072],[140.94037,41.42106],[140.94059,41.41928],[140.93977,41.41762],[140.93934,41.41551],[140.93773,41.41472],[140.9385,41.41379],[140.93904,41.41205],[140.93751,41.40937],[140.93722,41.4077],[140.93479,41.40726],[140.93421,41.40668],[140.93475,41.40531],[140.9327,41.40392],[140.93236,41.40242],[140.93167,41.40124],[140.93059,41.40068],[140.92879,41.40028],[140.92827,41.39977],[140.92763,41.39855],[140.92793,41.39795],[140.93076,41.39716],[140.93131,41.39652],[140.93215,41.39507],[140.9336,41.39452],[140.93322,41.39306],[140.93181,41.39196],[140.93127,41.39092],[140.92934,41.38959],[140.929,41.3881],[140.92754,41.38644],[140.92707,41.38452],[140.92663,41.38344],[140.92572,41.38276],[140.92468,41.38167],[140.92254,41.38141],[140.92021,41.38186],[140.91904,41.38118],[140.91496,41.38053],[140.91442,41.37908],[140.91292,41.37698],[140.91162,41.37451],[140.91147,41.37376],[140.91221,41.37328],[140.91414,41.37278],[140.91523,41.37224],[140.91661,41.37125],[140.91743,41.3702],[140.91845,41.36945],[140.91833,41.36839],[140.91733,41.36772],[140.91586,41.36721],[140.91497,41.36579],[140.91451,41.36556],[140.91138,41.36543],[140.91035,41.36557],[140.90905,41.36616],[140.90639,41.36576],[140.90484,41.36493],[140.90248,41.36454],[140.90355,41.3619],[140.89999,41.36114],[140.89805,41.35969],[140.89698,41.35865],[140.89446,41.35718],[140.89238,41.35469],[140.891,41.35387],[140.89041,41.35328],[140.88919,41.35276],[140.88822,41.35272],[140.88709,41.3523],[140.88457,41.35091],[140.88409,41.35016],[140.88398,41.34931],[140.88412,41.34754],[140.88345,41.34674],[140.8821,41.34595],[140.88195,41.34522],[140.88018,41.3445],[140.88018,41.342],[140.87942,41.34091],[140.8783,41.34015],[140.87566,41.3369],[140.8741,41.33541],[140.87454,41.33445],[140.8758,41.33345],[140.87597,41.33305],[140.87499,41.3319],[140.87356,41.3307],[140.87325,41.32984],[140.87244,41.32903],[140.87257,41.32769],[140.87016,41.32538],[140.86966,41.32247],[140.86914,41.32137],[140.86871,41.32102],[140.86754,41.321],[140.8664,41.32194],[140.86413,41.3222],[140.86291,41.32183],[140.86155,41.32186],[140.86109,41.32145],[140.86087,41.31902],[140.86059,41.31825],[140.85977,41.31707],[140.85929,41.31525],[140.85776,41.31495],[140.85582,41.31403],[140.85319,41.3133],[140.85264,41.3134],[140.85153,41.3141],[140.85021,41.31454],[140.84946,41.31454],[140.84874,41.31405],[140.84904,41.3133],[140.84893,41.31254],[140.84779,41.31071],[140.84651,41.30808],[140.8458,41.30689],[140.844,41.30633],[140.84207,41.30696],[140.84049,41.30674],[140.83922,41.30815],[140.83866,41.30693],[140.8378,41.30593],[140.83761,41.3053],[140.83796,41.3047],[140.83651,41.30296],[140.83578,41.3029],[140.83494,41.30232],[140.83412,41.3001],[140.83415,41.29934],[140.83471,41.29863],[140.83632,41.29763],[140.83736,41.29664],[140.83951,41.29604],[140.84079,41.29504],[140.84185,41.29479],[140.84346,41.29482],[140.84491,41.29434],[140.84632,41.2942],[140.84638,41.29353],[140.84607,41.29175],[140.84668,41.29106],[140.84806,41.29083],[140.84945,41.29026],[140.85073,41.28907],[140.85198,41.28717],[140.85068,41.28553],[140.8503,41.28443],[140.85,41.28249],[140.85074,41.28149],[140.8521,41.28048],[140.85218,41.27963],[140.85305,41.27817],[140.8528,41.27732],[140.85221,41.27668],[140.85285,41.27568],[140.85386,41.27583],[140.85495,41.27551],[140.85556,41.27478],[140.85572,41.27367],[140.85338,41.27086],[140.85391,41.27043],[140.85362,41.26979],[140.855,41.26958],[140.85797,41.26789],[140.86005,41.26824],[140.85997,41.26715],[140.86087,41.26631],[140.86135,41.26512],[140.86212,41.26515],[140.86364,41.26375],[140.86416,41.26352],[140.8652,41.26245],[140.86467,41.26206],[140.86463,41.26113],[140.867,41.2612],[140.86707,41.26035],[140.86779,41.25976],[140.86884,41.25964],[140.87094,41.26032],[140.87127,41.25965],[140.86928,41.25854],[140.86806,41.2583],[140.86746,41.25909],[140.8652,41.25944],[140.86348,41.26028],[140.86269,41.25971],[140.86121,41.25964],[140.8598,41.26016],[140.85958,41.26053],[140.85817,41.26102],[140.85746,41.26071],[140.85642,41.26153],[140.85561,41.26107],[140.85493,41.26108],[140.85432,41.26174],[140.85362,41.26141],[140.85242,41.26158],[140.85185,41.26232],[140.85027,41.26301],[140.8494,41.26272],[140.84924,41.26348],[140.84781,41.26419],[140.84815,41.26443],[140.84695,41.2661],[140.84594,41.26638],[140.84283,41.26816],[140.84242,41.26931],[140.84133,41.26954],[140.83959,41.26933],[140.8385,41.26968],[140.83755,41.26959],[140.83528,41.26904],[140.83465,41.26902],[140.83305,41.27086],[140.83169,41.27119],[140.82938,41.27038],[140.82701,41.26973],[140.82576,41.26887],[140.82542,41.26815],[140.82385,41.26572],[140.82275,41.2648],[140.82199,41.26264],[140.82156,41.26219],[140.82074,41.26203],[140.81973,41.26094],[140.81878,41.26021],[140.8172,41.25768],[140.81592,41.25619],[140.81747,41.2545],[140.81817,41.25358],[140.81882,41.25208],[140.82047,41.24987],[140.82267,41.2486],[140.8236,41.24757],[140.82279,41.24394],[140.82362,41.24165],[140.82281,41.24031],[140.82282,41.23945],[140.82193,41.23883],[140.82143,41.23773],[140.82038,41.23764],[140.81951,41.23593],[140.81894,41.23515],[140.81885,41.23399],[140.818,41.23275],[140.81627,41.23252],[140.81512,41.23168],[140.8104,41.23084],[140.80936,41.22969],[140.80745,41.22898],[140.80519,41.22782],[140.8049,41.22704],[140.80411,41.22622],[140.80154,41.22568],[140.80048,41.2251],[140.79828,41.22284],[140.79716,41.22243],[140.79603,41.22242],[140.79271,41.22284],[140.7922,41.222],[140.79214,41.21957],[140.79257,41.21698],[140.79186,41.21651],[140.79041,41.21595],[140.78945,41.21457],[140.78854,41.21358],[140.787,41.21366],[140.78581,41.21341],[140.78447,41.21224],[140.78093,41.2105],[140.77978,41.21023],[140.77828,41.21014]]]]}},
  {"type":"Feature","properties":{"name":"つがる市","code":"02209"},"geometry":{"type":"MultiPolygon","coordinates":[[[[140.33962,40.75922],[140.34055,40.75994],[140.34115,40.76077],[140.34246,40.76182],[140.34592,40.76355],[140.34827,40.76436],[140.34995,40.7648],[140.35345,40.76501],[140.35635,40.76619],[140.35938,40.76789],[140.36111,40.76933],[140.36177,40.76947],[140.36475,40.77054],[140.36738,40.77133],[140.36848,40.77143],[140.36936,40.7712],[140.37051,40.77126],[140.37124,40.77208],[140.37144,40.7728],[140.37221,40.77317],[140.37339,40.77326],[140.37481,40.77436],[140.37477,40.77489],[140.3753,40.77571],[140.37513,40.77711],[140.37419,40.77708],[140.37389,40.77811],[140.37234,40.77827],[140.3724,40.77858],[140.36708,40.77918],[140.36747,40.78124],[140.36295,40.78176],[140.36421,40.78252],[140.36314,40.78349],[140.3627,40.78322],[140.36097,40.78371],[140.36204,40.78721],[140.36264,40.78681],[140.36532,40.78446],[140.36798,40.78331],[140.37219,40.78159],[140.37332,40.78298],[140.37302,40.78377],[140.37204,40.7843],[140.37099,40.78551],[140.37178,40.78629],[140.37793,40.78982],[140.38424,40.78357],[140.38708,40.78521],[140.39418,40.77824],[140.3964,40.77914],[140.39749,40.77882],[140.40022,40.77508],[140.40066,40.77468],[140.40098,40.76986],[140.40359,40.7702],[140.40568,40.77088],[140.40644,40.77081],[140.40622,40.77179],[140.40736,40.7724],[140.40833,40.77137],[140.4088,40.7714],[140.40893,40.76965],[140.41006,40.76816],[140.41142,40.76688],[140.41258,40.76528],[140.41423,40.7626],[140.41498,40.76214],[140.41567,40.76211],[140.41625,40.76357],[140.4195,40.76264],[140.41942,40.76312],[140.42141,40.76386],[140.42238,40.76458],[140.42135,40.76582],[140.42086,40.76941],[140.42028,40.77203],[140.41817,40.77335],[140.41554,40.77454],[140.41464,40.77648],[140.41628,40.77888],[140.41715,40.77997],[140.41836,40.781],[140.4211,40.78309],[140.42169,40.78461],[140.42249,40.78583],[140.42398,40.78749],[140.42463,40.78783],[140.427,40.7881],[140.43049,40.78781],[140.43411,40.78785],[140.43548,40.78796],[140.43657,40.78834],[140.43732,40.78905],[140.43749,40.78964],[140.43786,40.79224],[140.43788,40.7936],[140.43752,40.79506],[140.43622,40.79666],[140.43597,40.79772],[140.43686,40.79944],[140.43714,40.80088],[140.43788,40.8034],[140.43783,40.80469],[140.43814,40.80603],[140.43802,40.80804],[140.43724,40.80958],[140.43228,40.80899],[140.43052,40.80971],[140.42908,40.80911],[140.42834,40.80947],[140.42743,40.81114],[140.42493,40.8104],[140.4262,40.80798],[140.42578,40.8076],[140.4229,40.8065],[140.42082,40.81044],[140.42037,40.81078],[140.41871,40.81523],[140.42387,40.81632],[140.42274,40.81908],[140.42402,40.81938],[140.4245,40.81985],[140.42508,40.82102],[140.42371,40.8215],[140.42272,40.82209],[140.42114,40.8237],[140.42001,40.82538],[140.41956,40.82571],[140.41894,40.82703],[140.41726,40.82973],[140.41647,40.83029],[140.41523,40.83157],[140.41313,40.83288],[140.41124,40.83483],[140.41076,40.83599],[140.40897,40.84322],[140.40811,40.84543],[140.40744,40.84638],[140.4056,40.84714],[140.40278,40.84774],[140.40136,40.84823],[140.40071,40.84886],[140.40041,40.84957],[140.40028,40.85112],[140.39981,40.8542],[140.39925,40.85712],[140.39927,40.8579],[140.40045,40.86163],[140.40047,40.86309],[140.39971,40.8663],[140.39996,40.86738],[140.40138,40.86903],[140.40304,40.87016],[140.40451,40.87079],[140.40668,40.87146],[140.4072,40.87191],[140.40739,40.8728],[140.40704,40.87475],[140.40642,40.8763],[140.40502,40.87837],[140.40381,40.87956],[140.40339,40.88075],[140.40436,40.88145],[140.40635,40.8818],[140.41195,40.88245],[140.41368,40.88278],[140.41583,40.88377],[140.41657,40.88486],[140.4192,40.88639],[140.42134,40.88726],[140.422,40.88843],[140.42125,40.89018],[140.41934,40.89108],[140.41931,40.89228],[140.42002,40.89315],[140.42116,40.89361],[140.42191,40.89356],[140.42416,40.89304],[140.42509,40.89316],[140.42535,40.89366],[140.42519,40.89517],[140.42478,40.89625],[140.424,40.89641],[140.42066,40.89661],[140.42038,40.89679],[140.42076,40.89811],[140.42163,40.89885],[140.42279,40.89939],[140.4245,40.89954],[140.4279,40.89944],[140.4277,40.90078],[140.42632,40.90297],[140.42661,40.90396],[140.42646,40.90489],[140.42731,40.90593],[140.42833,40.90684],[140.42835,40.90807],[140.42906,40.90891],[140.42882,40.90987],[140.42759,40.91063],[140.42625,40.91075],[140.42325,40.91076],[140.41996,40.91033],[140.41854,40.9104],[140.41755,40.91084],[140.41659,40.91286],[140.41658,40.91436],[140.41704,40.9173],[140.41703,40.91942],[140.41854,40.92066],[140.41901,40.92187],[140.41888,40.9231],[140.41848,40.92386],[140.41695,40.92606],[140.41688,40.92706],[140.41732,40.92851],[140.41561,40.93043],[140.41448,40.93205],[140.41422,40.93288],[140.41327,40.93389],[140.41368,40.93417],[140.41143,40.93619],[140.4092,40.93623],[140.4095,40.93686],[140.41114,40.93719],[140.4122,40.93691],[140.41441,40.93532],[140.41485,40.93649],[140.41441,40.93729],[140.41342,40.93802],[140.41229,40.93842],[140.41067,40.93835],[140.40759,40.93754],[140.40628,40.93691],[140.40566,40.93696],[140.40186,40.93981],[140.40005,40.94143],[140.39565,40.94186],[140.39439,40.94192],[140.39185,40.94024],[140.38918,40.9405],[140.38744,40.93968],[140.3858,40.93842],[140.38505,40.93861],[140.38445,40.93923],[140.38326,40.93999],[140.38163,40.94062],[140.38034,40.9416],[140.37957,40.94283],[140.3794,40.94389],[140.37984,40.94516],[140.38048,40.94623],[140.38059,40.94706],[140.37999,40.94818],[140.37859,40.94937],[140.37695,40.95005],[140.37599,40.95069],[140.37566,40.95129],[140.37594,40.9521],[140.37661,40.95284],[140.37718,40.95406],[140.37724,40.95526],[140.37664,40.95724],[140.37699,40.95822],[140.37892,40.96083],[140.38018,40.96366],[140.38265,40.96704],[140.38567,40.9708],[140.38772,40.97317],[140.39067,40.9761],[140.39214,40.97865],[140.39246,40.98062],[140.39209,40.98354],[140.39148,40.98583],[140.39044,40.98766],[140.38815,40.98986],[140.38587,40.99241],[140.38292,40.99522],[140.38242,40.9958],[140.38195,40.99695],[140.38202,40.99901],[140.38194,41.00181],[140.38151,41.00264],[140.38038,41.00389],[140.37907,41.00586],[140.37787,41.00698],[140.37386,41.00973],[140.37296,41.01051],[140.37172,41.01087],[140.37067,41.01095],[140.36701,41.01206],[140.36624,41.01151],[140.36547,41.01165],[140.36394,41.01075],[140.36266,41.01057],[140.36163,41.00834],[140.35999,41.00676],[140.35974,41.00513],[140.36105,41.00456],[140.36207,41.00332],[140.36356,41.00237],[140.36506,41.00219],[140.36628,41.00075],[140.36658,40.99982],[140.36603,40.99876],[140.36294,40.99721],[140.36235,40.9964],[140.36143,40.996],[140.36056,40.99634],[140.35945,40.99377],[140.35846,40.994],[140.35798,40.99317],[140.35698,40.99342],[140.35668,40.99415],[140.3572,40.99508],[140.35322,40.99656],[140.35103,40.99755],[140.34744,40.99942],[140.34329,41.00264],[140.34039,41.00558],[140.3395,41.00691],[140.3383,41.00809],[140.33575,41.00761],[140.33277,41.00745],[140.33116,41.00804],[140.32977,41.00839],[140.32811,41.00802],[140.32728,41.00677],[140.32603,41.00613],[140.32583,41.00502],[140.32525,41.00492],[140.32413,41.00296],[140.32244,41.00121],[140.32217,41.00049],[140.32075,40.99978],[140.31895,40.99981],[140.31842,40.99677],[140.31833,40.99517],[140.31773,40.99204],[140.31752,40.98902],[140.31696,40.98713],[140.3163,40.98345],[140.31559,40.97892],[140.31476,40.97765],[140.31447,40.97537],[140.31398,40.97527],[140.31405,40.97392],[140.3133,40.97331],[140.31394,40.97129],[140.31383,40.96915],[140.31327,40.96603],[140.31322,40.96501],[140.31233,40.961],[140.31219,40.95898],[140.31188,40.95844],[140.3112,40.95597],[140.31123,40.95565],[140.31044,40.95266],[140.30988,40.95],[140.30938,40.94659],[140.30906,40.94569],[140.30856,40.94286],[140.30754,40.93949],[140.30694,40.93605],[140.30643,40.93452],[140.30531,40.92984],[140.30511,40.92848],[140.30424,40.92661],[140.30376,40.92397],[140.30244,40.91943],[140.30208,40.91709],[140.30095,40.91326],[140.30036,40.91221],[140.29988,40.91014],[140.29936,40.9085],[140.29883,40.90581],[140.29818,40.90439],[140.29763,40.90202],[140.29648,40.8986],[140.29618,40.89701],[140.29554,40.89569],[140.29479,40.89324],[140.29471,40.89256],[140.29311,40.88822],[140.29209,40.88456],[140.29117,40.88271],[140.29079,40.88103],[140.29022,40.87977],[140.28986,40.87818],[140.28913,40.87673],[140.28867,40.87501],[140.28771,40.87279],[140.28673,40.8699],[140.2863,40.8681],[140.28562,40.86681],[140.28475,40.86387],[140.28359,40.86149],[140.28254,40.85857],[140.28139,40.85583],[140.27991,40.85257],[140.27878,40.8514],[140.27768,40.84992],[140.27726,40.84857],[140.27734,40.84711],[140.27653,40.84538],[140.27529,40.84421],[140.27516,40.84271],[140.27452,40.84143],[140.27437,40.84063],[140.273,40.83812],[140.27269,40.83679],[140.27193,40.83579],[140.27066,40.83327],[140.26908,40.82958],[140.26727,40.82671],[140.2665,40.82501],[140.26502,40.82286],[140.26485,40.82225],[140.26347,40.81986],[140.26274,40.81892],[140.26236,40.818],[140.25974,40.81419],[140.25895,40.81272],[140.25848,40.81224],[140.25791,40.81081],[140.25429,40.80585],[140.25312,40.80451],[140.25186,40.80276],[140.25078,40.80174],[140.24993,40.80047],[140.25108,40.80035],[140.25634,40.80025],[140.2586,40.7999],[140.26306,40.79992],[140.26871,40.8002],[140.27031,40.8002],[140.27089,40.79827],[140.27109,40.7981],[140.27305,40.79791],[140.27524,40.79785],[140.27525,40.79737],[140.27615,40.79648],[140.27532,40.7954],[140.27334,40.79422],[140.27393,40.79341],[140.2747,40.79285],[140.27594,40.79142],[140.27675,40.7912],[140.27889,40.78987],[140.27992,40.78899],[140.28113,40.7877],[140.28359,40.78636],[140.28444,40.78556],[140.28714,40.78203],[140.28945,40.77637],[140.29059,40.77587],[140.29039,40.77465],[140.29177,40.77278],[140.29291,40.77316],[140.29395,40.7732],[140.29486,40.77283],[140.29795,40.77096],[140.29851,40.77079],[140.30284,40.77038],[140.30371,40.77068],[140.3067,40.76968],[140.31081,40.76989],[140.31147,40.76957],[140.31233,40.76865],[140.31384,40.76765],[140.31746,40.76579],[140.31901,40.7642],[140.32226,40.7618],[140.32584,40.75926],[140.32946,40.7571],[140.33064,40.75786],[140.33071,40.75914],[140.33042,40.75984],[140.33135,40.76013],[140.33285,40.76137],[140.33408,40.76108],[140.33472,40.76011],[140.33608,40.75963],[140.33828,40.76012],[140.33909,40.75931],[140.33962,40.75922]]]]}},
  {"type":"Feature","properties":{"name":"平川市","code":"02210"},"geometry":{"type":"MultiPolygon","coordinates":[[[[140.84427,40.60592],[140.84379,40.605],[140.84265,40.60338],[140.84109,40.60326],[140.83986,40.60264],[140.83564,40.60152],[140.83417,40.60004],[140.83342,40.59957],[140.83233,40.59946],[140.83032,40.59861],[140.82875,40.5985],[140.82534,40.59804],[140.82501,40.59757],[140.82392,40.59472],[140.82092,40.58845],[140.81981,40.58708],[140.819,40.58496],[140.81721,40.58159],[140.81585,40.57954],[140.8151,40.57783],[140.81451,40.57595],[140.81259,40.57342],[140.81152,40.5725],[140.8097,40.57195],[140.80833,40.57171],[140.80633,40.57185],[140.80584,40.57117],[140.805,40.57071],[140.80449,40.57008],[140.80374,40.56977],[140.8027,40.56878],[140.80157,40.56894],[140.79889,40.56855],[140.79742,40.56748],[140.7962,40.56791],[140.79463,40.56808],[140.79196,40.56763],[140.79058,40.56668],[140.78908,40.56627],[140.78712,40.56701],[140.78605,40.56756],[140.78472,40.56771],[140.78352,40.56731],[140.78181,40.56718],[140.78113,40.56681],[140.7799,40.56682],[140.77876,40.56637],[140.77573,40.56652],[140.77527,40.56683],[140.77455,40.56825],[140.77308,40.56867],[140.76964,40.5693],[140.76826,40.56971],[140.76755,40.57014],[140.76614,40.56895],[140.76486,40.56873],[140.76296,40.56805],[140.76197,40.56729],[140.75964,40.56587],[140.75913,40.56495],[140.75729,40.56333],[140.75661,40.56289],[140.75526,40.5613],[140.75422,40.56094],[140.75254,40.5597],[140.75253,40.55908],[140.75328,40.55702],[140.75508,40.55565],[140.75646,40.55404],[140.75563,40.5531],[140.75585,40.5521],[140.75553,40.5514],[140.75547,40.5502],[140.7548,40.54813],[140.75395,40.54683],[140.75322,40.54631],[140.75177,40.54595],[140.74972,40.54582],[140.74897,40.5447],[140.74782,40.542],[140.74766,40.53959],[140.74656,40.53727],[140.7448,40.53662],[140.74186,40.53581],[140.7405,40.53587],[140.73891,40.53674],[140.73762,40.53652],[140.73395,40.535],[140.73287,40.53475],[140.73108,40.5351],[140.73022,40.53552],[140.72911,40.53533],[140.72689,40.53545],[140.72578,40.5359],[140.72347,40.5356],[140.71972,40.53619],[140.71881,40.53687],[140.71704,40.53651],[140.71583,40.53701],[140.71294,40.53724],[140.71233,40.5371],[140.71137,40.53749],[140.70992,40.53749],[140.70807,40.53867],[140.70654,40.5394],[140.70618,40.53991],[140.70494,40.54032],[140.70305,40.54138],[140.70306,40.54258],[140.70239,40.5434],[140.70108,40.54417],[140.69888,40.54421],[140.69793,40.54477],[140.69527,40.54521],[140.69468,40.54578],[140.69431,40.54673],[140.69295,40.54854],[140.6921,40.5492],[140.68978,40.55062],[140.69001,40.5512],[140.69078,40.55145],[140.69307,40.55178],[140.69334,40.55271],[140.69271,40.55405],[140.69256,40.5566],[140.69205,40.55719],[140.69007,40.55742],[140.68903,40.55789],[140.68807,40.55875],[140.68669,40.55937],[140.6857,40.56013],[140.68475,40.56214],[140.68472,40.5635],[140.6859,40.56662],[140.68549,40.5673],[140.68311,40.56801],[140.68257,40.56867],[140.68242,40.56968],[140.68166,40.57042],[140.68037,40.57013],[140.67947,40.56963],[140.6797,40.56885],[140.67873,40.56847],[140.67855,40.56802],[140.67709,40.56721],[140.67533,40.56725],[140.67385,40.56667],[140.67317,40.56617],[140.6727,40.56466],[140.67153,40.56462],[140.67103,40.5642],[140.66958,40.56057],[140.66912,40.56032],[140.66799,40.56037],[140.66706,40.55933],[140.6667,40.55835],[140.66588,40.55828],[140.66495,40.55901],[140.66378,40.55933],[140.66321,40.56023],[140.66245,40.56033],[140.66011,40.55872],[140.65873,40.55882],[140.65743,40.55829],[140.65616,40.55805],[140.65468,40.55862],[140.65422,40.55925],[140.65419,40.55998],[140.65244,40.56107],[140.65193,40.56187],[140.65212,40.56369],[140.6512,40.56573],[140.65311,40.5675],[140.6536,40.56826],[140.65413,40.56985],[140.65523,40.57074],[140.65655,40.57139],[140.65687,40.57216],[140.65651,40.57347],[140.65695,40.57471],[140.65685,40.57575],[140.65741,40.57724],[140.65887,40.57829],[140.65947,40.57848],[140.65985,40.5813],[140.65954,40.58204],[140.65856,40.58249],[140.65745,40.58258],[140.65682,40.58463],[140.65578,40.5867],[140.65637,40.58844],[140.6553,40.58935],[140.65366,40.58971],[140.6526,40.59077],[140.65143,40.59229],[140.65154,40.59415],[140.65024,40.59374],[140.64943,40.59383],[140.64867,40.59441],[140.64693,40.59443],[140.64581,40.59488],[140.64544,40.5958],[140.64488,40.5962],[140.64454,40.59704],[140.64335,40.59783],[140.64224,40.5979],[140.64204,40.59862],[140.64005,40.6001],[140.63925,40.60127],[140.63803,40.60179],[140.63606,40.60167],[140.63418,40.60177],[140.63194,40.60287],[140.62998,40.6028],[140.6285,40.6026],[140.62639,40.60322],[140.62472,40.60558],[140.62418,40.60682],[140.62321,40.60777],[140.62285,40.6088],[140.6215,40.60996],[140.62062,40.60995],[140.61876,40.61075],[140.61834,40.61112],[140.61705,40.61132],[140.61511,40.61128],[140.61392,40.61176],[140.61216,40.61192],[140.61008,40.61149],[140.60936,40.61214],[140.60775,40.61193],[140.60681,40.61231],[140.60776,40.61444],[140.60889,40.61509],[140.60952,40.6157],[140.61067,40.61605],[140.61138,40.61713],[140.60836,40.6171],[140.60839,40.61631],[140.60421,40.6162],[140.60349,40.61628],[140.60341,40.61784],[140.60208,40.61786],[140.60202,40.61939],[140.59869,40.61932],[140.59853,40.62218],[140.59517,40.62212],[140.59517,40.62253],[140.59187,40.62247],[140.5916,40.62746],[140.58925,40.62737],[140.58914,40.62983],[140.58289,40.63005],[140.58301,40.63118],[140.58208,40.63095],[140.57982,40.63086],[140.57699,40.63093],[140.57336,40.63036],[140.57061,40.6301],[140.56954,40.62975],[140.56802,40.62877],[140.56818,40.62848],[140.57276,40.6278],[140.5721,40.62672],[140.56825,40.62796],[140.56786,40.6269],[140.56671,40.62717],[140.56621,40.62567],[140.56384,40.62589],[140.5636,40.6244],[140.55724,40.62492],[140.55704,40.62343],[140.55023,40.62394],[140.55017,40.62341],[140.54216,40.62395],[140.54226,40.62473],[140.54402,40.62462],[140.54429,40.62668],[140.54273,40.62687],[140.54273,40.62735],[140.54047,40.62763],[140.53905,40.62809],[140.53705,40.62916],[140.53637,40.62992],[140.53459,40.62971],[140.5337,40.6293],[140.53117,40.62841],[140.53032,40.62854],[140.52978,40.62772],[140.52724,40.6285],[140.52587,40.62593],[140.52442,40.62627],[140.52391,40.62536],[140.52244,40.62576],[140.52209,40.62518],[140.52131,40.62542],[140.52068,40.62424],[140.51838,40.62388],[140.51614,40.6194],[140.51535,40.61888],[140.51678,40.61847],[140.51681,40.61765],[140.51615,40.61705],[140.51623,40.61606],[140.51561,40.61609],[140.51488,40.61552],[140.51384,40.61524],[140.51312,40.61422],[140.51113,40.61411],[140.50891,40.61323],[140.50999,40.61127],[140.51151,40.61206],[140.51202,40.61203],[140.51321,40.61269],[140.51437,40.61404],[140.51502,40.6145],[140.51981,40.61411],[140.52154,40.61427],[140.5236,40.61388],[140.52472,40.61316],[140.52532,40.61191],[140.52533,40.61117],[140.52589,40.60942],[140.52636,40.60853],[140.5266,40.60687],[140.52617,40.60562],[140.52606,40.60367],[140.52606,40.60092],[140.52582,40.59807],[140.52612,40.59655],[140.52712,40.5936],[140.52733,40.59187],[140.52722,40.59028],[140.52819,40.58809],[140.52807,40.58666],[140.5276,40.58459],[140.52764,40.58311],[140.52747,40.58244],[140.52626,40.58056],[140.52599,40.57914],[140.52629,40.57787],[140.52816,40.57464],[140.52924,40.57304],[140.5308,40.57337],[140.53086,40.5742],[140.53357,40.57602],[140.53386,40.57669],[140.53485,40.5764],[140.53594,40.57684],[140.53873,40.57433],[140.5341,40.57129],[140.53343,40.57177],[140.5316,40.57196],[140.53038,40.57128],[140.53021,40.57036],[140.5311,40.56965],[140.53333,40.56696],[140.53469,40.56375],[140.53508,40.5632],[140.53752,40.56104],[140.53816,40.55907],[140.53878,40.55846],[140.54019,40.5577],[140.54187,40.55754],[140.54295,40.55684],[140.54398,40.55745],[140.54528,40.55625],[140.54693,40.55598],[140.54679,40.5554],[140.54821,40.55494],[140.54848,40.55587],[140.55093,40.55545],[140.55271,40.56076],[140.55761,40.55982],[140.55755,40.56058],[140.55863,40.56071],[140.55963,40.56396],[140.56062,40.56385],[140.56117,40.5653],[140.56259,40.56552],[140.56191,40.56322],[140.56362,40.56306],[140.56427,40.56374],[140.56953,40.56269],[140.57069,40.56284],[140.5711,40.56424],[140.57203,40.56444],[140.5729,40.56428],[140.57399,40.56286],[140.57503,40.56362],[140.5759,40.56331],[140.5762,40.56267],[140.57794,40.56285],[140.57949,40.56351],[140.58067,40.56255],[140.58104,40.56119],[140.5821,40.55971],[140.58358,40.55858],[140.58624,40.55782],[140.58769,40.55706],[140.59043,40.55657],[140.59112,40.5562],[140.59208,40.55526],[140.59248,40.55444],[140.59258,40.55346],[140.59297,40.55296],[140.59317,40.55078],[140.59578,40.54948],[140.59718,40.54963],[140.59781,40.5495],[140.59869,40.54814],[140.59798,40.54641],[140.59799,40.54539],[140.5985,40.54447],[140.59815,40.54284],[140.59928,40.54113],[140.60023,40.54067],[140.60038,40.54016],[140.60231,40.53905],[140.60369,40.53953],[140.60527,40.53851],[140.60611,40.53755],[140.60879,40.53666],[140.60928,40.53624],[140.61028,40.53634],[140.61151,40.53618],[140.6135,40.53636],[140.61449,40.53563],[140.61561,40.53551],[140.61636,40.53602],[140.61754,40.53609],[140.61796,40.53663],[140.6192,40.53756],[140.62117,40.53742],[140.62557,40.53916],[140.62753,40.54052],[140.62952,40.53911],[140.63134,40.53857],[140.63168,40.53805],[140.63062,40.53574],[140.63309,40.53512],[140.63416,40.53531],[140.63559,40.53618],[140.63752,40.53626],[140.63862,40.53682],[140.63996,40.537],[140.64102,40.53785],[140.64138,40.53879],[140.64127,40.54006],[140.64286,40.54068],[140.64443,40.54112],[140.64515,40.54105],[140.64498,40.53947],[140.64543,40.53656],[140.64623,40.53591],[140.6461,40.53545],[140.64514,40.53483],[140.64494,40.53416],[140.64612,40.53363],[140.64703,40.53359],[140.64833,40.53279],[140.64847,40.53167],[140.64947,40.53181],[140.6509,40.53147],[140.65191,40.53154],[140.65287,40.53193],[140.65752,40.5316],[140.65909,40.53055],[140.66336,40.53044],[140.66528,40.52991],[140.66564,40.52925],[140.66649,40.52868],[140.66745,40.52856],[140.66956,40.52588],[140.67118,40.52599],[140.67178,40.52506],[140.67282,40.52447],[140.67303,40.52348],[140.67435,40.522],[140.67589,40.52161],[140.67721,40.52179],[140.67732,40.52082],[140.67671,40.51868],[140.6765,40.51702],[140.67727,40.51623],[140.67705,40.515],[140.67736,40.51394],[140.679,40.51302],[140.67866,40.51196],[140.67892,40.51104],[140.67778,40.50947],[140.67634,40.50888],[140.67579,40.50833],[140.6744,40.50789],[140.67311,40.50776],[140.67188,40.50725],[140.67037,40.5059],[140.66926,40.50516],[140.66832,40.50414],[140.66689,40.50326],[140.66618,40.50258],[140.66351,40.5015],[140.66225,40.50086],[140.66061,40.50061],[140.65991,40.4995],[140.65811,40.4987],[140.65683,40.49837],[140.65646,40.4978],[140.65519,40.49724],[140.65428,40.49643],[140.65295,40.49599],[140.65219,40.49551],[140.65111,40.49549],[140.65028,40.49509],[140.65004,40.49434],[140.64841,40.49385],[140.64651,40.49424],[140.64556,40.49399],[140.64452,40.49338],[140.64391,40.49334],[140.64326,40.49386],[140.64181,40.49432],[140.64051,40.49402],[140.63919,40.49432],[140.63729,40.4942],[140.6359,40.49498],[140.63426,40.49436],[140.63325,40.49499],[140.63225,40.4949],[140.63083,40.49427],[140.63042,40.49433],[140.62821,40.49551],[140.62542,40.49565],[140.62449,40.49644],[140.62413,40.49878],[140.62395,40.49895],[140.62119,40.49793],[140.62034,40.49618],[140.61952,40.49503],[140.61945,40.49243],[140.61917,40.49199],[140.61732,40.49133],[140.61687,40.48994],[140.61609,40.48651],[140.6164,40.48531],[140.61502,40.48455],[140.61439,40.48375],[140.61408,40.48072],[140.61287,40.47952],[140.611,40.4788],[140.60995,40.47873],[140.60837,40.47888],[140.6072,40.47974],[140.60685,40.48119],[140.60616,40.48191],[140.60575,40.48292],[140.60583,40.48368],[140.60552,40.48429],[140.60514,40.48599],[140.60521,40.48654],[140.60593,40.48817],[140.60601,40.48894],[140.60522,40.49008],[140.60399,40.49037],[140.60263,40.49032],[140.60155,40.49141],[140.60065,40.49194],[140.59949,40.49306],[140.59786,40.49337],[140.59629,40.49343],[140.59448,40.49392],[140.59352,40.49389],[140.59306,40.49348],[140.59216,40.49052],[140.59092,40.48922],[140.58895,40.48772],[140.58759,40.48734],[140.58566,40.48713],[140.58486,40.4868],[140.58353,40.48555],[140.58341,40.48518],[140.5854,40.48392],[140.58616,40.48321],[140.58914,40.48246],[140.59143,40.48063],[140.59178,40.47995],[140.59173,40.4789],[140.59229,40.47811],[140.594,40.47783],[140.59556,40.4781],[140.59609,40.47799],[140.59664,40.47689],[140.59806,40.4765],[140.59864,40.47561],[140.59851,40.47391],[140.59786,40.47211],[140.59805,40.47155],[140.59747,40.46948],[140.59898,40.4686],[140.6,40.46638],[140.5994,40.46405],[140.59921,40.46242],[140.59959,40.46068],[140.59927,40.45959],[140.59981,40.4587],[140.59984,40.45753],[140.60037,40.45659],[140.60041,40.45528],[140.60079,40.45477],[140.60126,40.45287],[140.60107,40.45184],[140.60043,40.45085],[140.59916,40.44991],[140.59948,40.44922],[140.6011,40.4485],[140.60074,40.44741],[140.60049,40.44577],[140.59928,40.44388],[140.59915,40.44265],[140.59786,40.44124],[140.59746,40.44053],[140.59506,40.43998],[140.59374,40.43943],[140.59218,40.43832],[140.58984,40.43633],[140.58973,40.43611],[140.59223,40.43563],[140.59446,40.4351],[140.59573,40.43457],[140.59706,40.43366],[140.5992,40.43298],[140.60082,40.43167],[140.6027,40.43092],[140.60359,40.42992],[140.60388,40.42757],[140.60503,40.427],[140.60589,40.426],[140.60662,40.42569],[140.60845,40.42548],[140.609,40.42483],[140.60983,40.42483],[140.61059,40.4242],[140.61204,40.42368],[140.61518,40.42402],[140.6159,40.42366],[140.61688,40.42364],[140.61809,40.42329],[140.62017,40.42357],[140.62151,40.42409],[140.62266,40.42406],[140.62361,40.42452],[140.62466,40.42412],[140.62557,40.4241],[140.62618,40.42306],[140.62548,40.42174],[140.62635,40.42118],[140.6286,40.4201],[140.63046,40.41938],[140.63181,40.41804],[140.63293,40.41771],[140.63291,40.41682],[140.63364,40.41573],[140.63393,40.41098],[140.63429,40.41037],[140.63508,40.4098],[140.63629,40.40948],[140.63515,40.40641],[140.63371,40.40588],[140.63272,40.40452],[140.63248,40.40386],[140.63405,40.40234],[140.63645,40.40354],[140.63797,40.40383],[140.64014,40.40465],[140.64104,40.40518],[140.64372,40.40357],[140.64523,40.40309],[140.64765,40.40362],[140.64864,40.40403],[140.64967,40.40372],[140.65145,40.40384],[140.65265,40.40335],[140.65369,40.4036],[140.65542,40.4048],[140.65638,40.40448],[140.65888,40.40491],[140.6598,40.40525],[140.66148,40.40445],[140.66246,40.4052],[140.66321,40.40623],[140.66429,40.40687],[140.66506,40.40848],[140.66628,40.40976],[140.66599,40.41131],[140.66645,40.41159],[140.66837,40.41169],[140.67007,40.41164],[140.67075,40.4119],[140.67324,40.41149],[140.6737,40.41194],[140.67544,40.4121],[140.67577,40.41263],[140.67602,40.41386],[140.67861,40.41549],[140.67958,40.41568],[140.68234,40.41659],[140.68368,40.41662],[140.68472,40.41643],[140.68607,40.4177],[140.68726,40.41842],[140.68776,40.41965],[140.68787,40.42119],[140.68772,40.42165],[140.68656,40.42203],[140.68636,40.42244],[140.68664,40.42382],[140.68752,40.42702],[140.68867,40.42768],[140.6917,40.42685],[140.69329,40.42728],[140.69399,40.42804],[140.69575,40.42805],[140.69923,40.42942],[140.69981,40.42795],[140.70027,40.42759],[140.70265,40.42713],[140.70441,40.42777],[140.70575,40.42802],[140.7085,40.42781],[140.70909,40.42795],[140.70929,40.42926],[140.7096,40.42963],[140.71071,40.42956],[140.71256,40.42899],[140.71308,40.42853],[140.71436,40.42801],[140.71555,40.42788],[140.71607,40.42756],[140.71659,40.42666],[140.71756,40.42581],[140.71717,40.42464],[140.71747,40.42234],[140.71747,40.42111],[140.71934,40.42044],[140.71993,40.41973],[140.72154,40.4195],[140.72198,40.41913],[140.72264,40.41723],[140.72302,40.41661],[140.72448,40.41607],[140.72595,40.41576],[140.72706,40.41571],[140.72779,40.41612],[140.72862,40.41616],[140.73055,40.41567],[140.73244,40.41587],[140.73357,40.4158],[140.73396,40.41635],[140.73423,40.4178],[140.73546,40.41902],[140.73558,40.41938],[140.73512,40.42069],[140.73553,40.42152],[140.73492,40.42247],[140.73422,40.42307],[140.73431,40.4236],[140.73592,40.42531],[140.7356,40.42616],[140.73586,40.42786],[140.7343,40.42861],[140.73327,40.4297],[140.73162,40.4305],[140.7312,40.43111],[140.73145,40.43171],[140.73307,40.4331],[140.73445,40.43336],[140.73547,40.43408],[140.7344,40.43452],[140.73365,40.43537],[140.73274,40.43594],[140.73318,40.43847],[140.73409,40.43968],[140.73512,40.43988],[140.73807,40.43957],[140.73906,40.43925],[140.74129,40.43794],[140.74195,40.43786],[140.74606,40.4383],[140.74766,40.43926],[140.75111,40.43862],[140.75206,40.43876],[140.7527,40.43917],[140.75563,40.44265],[140.75642,40.44342],[140.7566,40.44498],[140.75685,40.44558],[140.75754,40.44605],[140.75925,40.44649],[140.76079,40.44742],[140.76145,40.44869],[140.76188,40.45044],[140.76271,40.45125],[140.7658,40.45223],[140.76938,40.45391],[140.77071,40.45324],[140.77171,40.4515],[140.77241,40.45123],[140.77542,40.45203],[140.77978,40.45428],[140.78101,40.4553],[140.78326,40.45559],[140.78518,40.45622],[140.78685,40.45723],[140.78899,40.45684],[140.78933,40.45659],[140.79101,40.45448],[140.79135,40.4536],[140.79103,40.45236],[140.79155,40.45129],[140.79354,40.44935],[140.79441,40.44966],[140.79635,40.44923],[140.79862,40.44948],[140.80014,40.44934],[140.80177,40.44878],[140.8034,40.44859],[140.80383,40.4491],[140.80512,40.44999],[140.80505,40.45102],[140.80561,40.45266],[140.80566,40.45404],[140.80612,40.45513],[140.80673,40.45586],[140.80772,40.45781],[140.8075,40.4591],[140.80766,40.46138],[140.80887,40.46407],[140.80893,40.46541],[140.80863,40.46632],[140.80883,40.46812],[140.80856,40.46979],[140.80891,40.47085],[140.80946,40.47165],[140.80974,40.47269],[140.80965,40.47409],[140.81006,40.47487],[140.81093,40.47581],[140.81133,40.4767],[140.81149,40.47856],[140.81002,40.48015],[140.80958,40.48118],[140.80968,40.48178],[140.8107,40.48314],[140.81085,40.48573],[140.81063,40.48713],[140.81107,40.48772],[140.81221,40.4881],[140.81341,40.48816],[140.81468,40.48844],[140.81632,40.49116],[140.81735,40.492],[140.81865,40.49254],[140.81885,40.49368],[140.82003,40.49533],[140.82129,40.49606],[140.82208,40.4963],[140.82348,40.49617],[140.82442,40.49664],[140.82639,40.49592],[140.82725,40.49623],[140.82776,40.4975],[140.82856,40.49758],[140.82971,40.49823],[140.82973,40.4987],[140.83115,40.50063],[140.83244,40.50123],[140.83351,40.50111],[140.83447,40.50134],[140.83541,40.50226],[140.83524,40.50322],[140.83654,40.50412],[140.83825,40.50371],[140.83893,40.50405],[140.84021,40.50409],[140.84105,40.5033],[140.84204,40.50354],[140.84231,40.50395],[140.84179,40.50507],[140.84254,40.50565],[140.84368,40.50592],[140.84458,40.50714],[140.84502,40.50736],[140.84635,40.50712],[140.84741,40.50771],[140.84866,40.50764],[140.84991,40.50638],[140.8523,40.50526],[140.85288,40.5053],[140.85458,40.50612],[140.85718,40.50643],[140.85866,40.50685],[140.86121,40.50639],[140.86322,40.50684],[140.86443,40.50775],[140.86537,40.50782],[140.86702,40.50826],[140.86811,40.50816],[140.86987,40.50896],[140.87096,40.50893],[140.87318,40.50945],[140.87416,40.50994],[140.87587,40.51047],[140.87679,40.51106],[140.87834,40.51103],[140.88006,40.51025],[140.87949,40.51107],[140.87769,40.51277],[140.8764,40.51514],[140.87625,40.51625],[140.87579,40.51671],[140.87562,40.51791],[140.87505,40.51882],[140.87304,40.52054],[140.87148,40.52233],[140.87,40.52538],[140.86931,40.52774],[140.8682,40.52989],[140.86608,40.53224],[140.86531,40.53281],[140.86454,40.53293],[140.86295,40.53453],[140.86279,40.53559],[140.8616,40.53672],[140.86122,40.53849],[140.86074,40.5397],[140.85813,40.5401],[140.85718,40.54043],[140.85627,40.54126],[140.85572,40.54141],[140.85392,40.54278],[140.85257,40.54403],[140.85169,40.54446],[140.85145,40.54495],[140.85189,40.5464],[140.85336,40.54759],[140.85611,40.54831],[140.85735,40.54923],[140.85827,40.55156],[140.85985,40.55237],[140.86209,40.55422],[140.86253,40.55505],[140.86385,40.55634],[140.86443,40.55873],[140.86447,40.55947],[140.86413,40.56051],[140.86326,40.56185],[140.8635,40.56351],[140.86537,40.56773],[140.86581,40.56991],[140.86586,40.57124],[140.86655,40.57297],[140.86668,40.57404],[140.86638,40.57547],[140.86685,40.58059],[140.86525,40.58164],[140.86543,40.58281],[140.86641,40.58356],[140.86668,40.58432],[140.86632,40.58517],[140.86474,40.58586],[140.86409,40.58654],[140.86245,40.5864],[140.86153,40.58651],[140.86054,40.58741],[140.85892,40.58837],[140.85895,40.58912],[140.85956,40.59023],[140.85979,40.59148],[140.86066,40.59252],[140.86113,40.59398],[140.86197,40.59569],[140.86277,40.59648],[140.86303,40.59754],[140.86137,40.59971],[140.86024,40.60138],[140.85835,40.60383],[140.85809,40.60514],[140.8586,40.60573],[140.86047,40.60665],[140.86292,40.60964],[140.86033,40.61015],[140.85901,40.61021],[140.85568,40.60976],[140.85429,40.6097],[140.8528,40.60941],[140.84975,40.60843],[140.84427,40.60592]]]]}},
  {"type":"Feature","properties":{"name":"平内町","code":"02301"},"geometry":{"type":"MultiPolygon","coordinates":[[[[140.98061,40.80618],[140.98283,40.80675],[140.98509,40.80685],[140.98615,40.80709],[140.98814,40.80849],[140.98791,40.81017],[140.98802,40.81083],[140.99002,40.81221],[140.98993,40.81315],[140.99306,40.8131],[140.99388,40.81335],[140.99611,40.815],[140.99986,40.81496],[141.00367,40.81507],[141.00494,40.8153],[141.0067,40.81661],[141.00736,40.81753],[141.00819,40.81828],[141.01009,40.8191],[141.01277,40.81935],[141.01436,40.81883],[141.01673,40.81985],[141.01651,40.82146],[141.01784,40.82344],[141.02014,40.82596],[141.01933,40.82845],[141.01891,40.83035],[141.01893,40.8312],[141.01949,40.83254],[141.01834,40.83601],[141.01807,40.83716],[141.02013,40.83727],[141.02245,40.83678],[141.02639,40.83764],[141.02937,40.83858],[141.03052,40.83858],[141.03159,40.83885],[141.03367,40.83889],[141.03529,40.83915],[141.03808,40.84015],[141.0394,40.84039],[141.03951,40.84131],[141.03894,40.84417],[141.03919,40.84461],[141.03903,40.84611],[141.03945,40.84677],[141.04109,40.84724],[141.04234,40.84721],[141.04345,40.84903],[141.04528,40.85082],[141.0462,40.85196],[141.04596,40.85276],[141.04678,40.85425],[141.04634,40.8556],[141.04572,40.85607],[141.04557,40.85759],[141.04317,40.8583],[141.04281,40.85994],[141.04231,40.86091],[141.04214,40.86228],[141.04169,40.86331],[141.04163,40.8649],[141.04218,40.8663],[141.04313,40.86718],[141.04311,40.86828],[141.04394,40.86893],[141.04401,40.86957],[141.04341,40.87009],[141.04329,40.87151],[141.04288,40.87184],[141.04403,40.8727],[141.04371,40.87421],[141.0439,40.87465],[141.04487,40.87484],[141.04723,40.87636],[141.04702,40.87707],[141.04817,40.87736],[141.05072,40.87824],[141.05201,40.87852],[141.05311,40.87924],[141.05465,40.87971],[141.05658,40.87986],[141.05833,40.88096],[141.06375,40.88168],[141.06453,40.88251],[141.06549,40.88294],[141.06738,40.88342],[141.06879,40.8835],[141.07259,40.88403],[141.07439,40.88461],[141.07598,40.88576],[141.07675,40.88598],[141.08207,40.8858],[141.08412,40.8862],[141.08287,40.88746],[141.0822,40.88862],[141.08189,40.89051],[141.07887,40.89638],[141.07671,40.89862],[141.07459,40.89991],[141.07191,40.9022],[141.07048,40.90365],[141.06889,40.90597],[141.0674,40.90747],[141.06705,40.90842],[141.06685,40.91016],[141.06569,40.91136],[141.06558,40.91207],[141.0649,40.91295],[141.06425,40.91334],[141.06228,40.9137],[141.06071,40.9142],[141.06,40.91498],[141.05903,40.91542],[141.05652,40.91573],[141.05582,40.91607],[141.05529,40.91687],[141.05477,40.91706],[141.05324,40.91695],[141.05207,40.91629],[141.04882,40.91536],[141.04571,40.91489],[141.04334,40.91483],[141.04248,40.91523],[141.04047,40.91568],[141.03969,40.9157],[141.04034,40.91724],[141.03982,40.91741],[141.03941,40.9165],[141.03594,40.91707],[141.03454,40.91752],[141.03318,40.91825],[141.03162,40.91933],[141.03125,40.91984],[141.03245,40.92074],[141.03182,40.92128],[141.031,40.92079],[141.02926,40.92144],[141.02327,40.92466],[141.02244,40.92574],[141.02313,40.92625],[141.02226,40.92712],[141.02181,40.92892],[141.0206,40.92985],[141.019,40.93003],[141.01792,40.93042],[141.01731,40.93036],[141.01365,40.93092],[141.01112,40.93117],[141.0068,40.93213],[141.00405,40.9336],[141.00246,40.93479],[141.00168,40.93577],[140.9987,40.93632],[140.99882,40.93698],[140.99753,40.93696],[140.99623,40.93625],[140.99605,40.93576],[140.99368,40.93486],[140.99252,40.93487],[140.99128,40.93447],[140.98948,40.9345],[140.98799,40.93421],[140.98189,40.93391],[140.97933,40.93416],[140.97852,40.93356],[140.97855,40.93312],[140.97517,40.9335],[140.97351,40.93391],[140.97238,40.93438],[140.9714,40.9351],[140.97075,40.93605],[140.9718,40.93761],[140.97193,40.93887],[140.97254,40.94052],[140.97357,40.94117],[140.97461,40.94155],[140.97568,40.94156],[140.97795,40.94007],[140.97822,40.94036],[140.97682,40.94128],[140.97841,40.94268],[140.97874,40.94321],[140.97982,40.94352],[140.98069,40.94186],[140.98127,40.9421],[140.98023,40.9441],[140.97946,40.94467],[140.97935,40.94653],[140.97893,40.94641],[140.97894,40.9455],[140.97826,40.9455],[140.97825,40.94661],[140.97871,40.94721],[140.97804,40.94805],[140.97798,40.9488],[140.97837,40.94974],[140.97967,40.94946],[140.98015,40.95046],[140.97934,40.95073],[140.98061,40.95305],[140.98132,40.95355],[140.98232,40.95526],[140.98167,40.95772],[140.98245,40.95782],[140.98263,40.95921],[140.98187,40.9593],[140.98203,40.96029],[140.9832,40.9601],[140.9833,40.95939],[140.98448,40.95961],[140.98326,40.96056],[140.98214,40.96096],[140.98211,40.96138],[140.9787,40.96215],[140.97647,40.96335],[140.97468,40.9647],[140.97373,40.9659],[140.97282,40.96649],[140.97069,40.96823],[140.9698,40.9687],[140.96842,40.96893],[140.96711,40.96967],[140.9652,40.97104],[140.96349,40.97172],[140.962,40.97265],[140.96118,40.97342],[140.95998,40.97525],[140.95924,40.97613],[140.95868,40.97747],[140.95759,40.97819],[140.95648,40.97947],[140.95241,40.9825],[140.95266,40.98285],[140.95022,40.98574],[140.94965,40.98774],[140.94937,40.99114],[140.94922,40.99188],[140.94871,40.99235],[140.94728,40.99267],[140.94521,40.99236],[140.9433,40.99288],[140.94265,40.99395],[140.94087,40.99494],[140.93916,40.99514],[140.93815,40.99474],[140.93691,40.99394],[140.93388,40.99307],[140.93178,40.99295],[140.93051,40.9931],[140.92765,40.993],[140.92527,40.99281],[140.92355,40.99281],[140.92258,40.99323],[140.92111,40.99327],[140.92043,40.99305],[140.91983,40.99353],[140.91778,40.9943],[140.91558,40.99583],[140.91496,40.99714],[140.91525,40.99783],[140.91399,40.99892],[140.9129,40.99953],[140.91076,41.00198],[140.90993,41.00192],[140.90916,41.00304],[140.90797,41.0034],[140.90744,41.00423],[140.90735,41.00498],[140.90457,41.00669],[140.90316,41.00791],[140.90202,41.00838],[140.9,41.00897],[140.89729,41.0091],[140.8961,41.00899],[140.89391,41.0093],[140.89279,41.00962],[140.89125,41.01061],[140.88967,41.0108],[140.88811,41.01052],[140.88766,41.01017],[140.88473,41.00923],[140.88224,41.00863],[140.88063,41.00882],[140.87975,41.00963],[140.87899,41.00942],[140.88011,41.00811],[140.88077,41.00651],[140.88075,41.00441],[140.87994,41.00133],[140.87862,40.99899],[140.87787,40.9967],[140.8766,40.99419],[140.87654,40.9933],[140.87602,40.99234],[140.87452,40.99094],[140.8738,40.98938],[140.87265,40.98802],[140.87123,40.98693],[140.87052,40.9868],[140.86998,40.98717],[140.86876,40.98691],[140.86708,40.98618],[140.86462,40.98546],[140.86351,40.98474],[140.86411,40.98355],[140.86467,40.98374],[140.86673,40.98296],[140.86798,40.98309],[140.86969,40.98387],[140.87116,40.98337],[140.87229,40.98223],[140.87279,40.9814],[140.87224,40.98066],[140.87234,40.97962],[140.87313,40.97929],[140.87214,40.97701],[140.87033,40.97744],[140.86934,40.97744],[140.86779,40.97714],[140.86795,40.97685],[140.86666,40.97602],[140.86691,40.9757],[140.86683,40.97453],[140.86655,40.97387],[140.86595,40.97377],[140.86521,40.97419],[140.86389,40.97406],[140.86348,40.97339],[140.86269,40.97333],[140.86119,40.97287],[140.86034,40.97241],[140.85997,40.97165],[140.86036,40.97085],[140.86029,40.96874],[140.85979,40.96713],[140.85875,40.9658],[140.85964,40.96469],[140.85919,40.96275],[140.85952,40.96233],[140.86314,40.96289],[140.8635,40.96259],[140.86343,40.96118],[140.86395,40.96116],[140.86386,40.95977],[140.86295,40.95969],[140.86187,40.95853],[140.86275,40.95818],[140.86272,40.95752],[140.86226,40.95709],[140.86093,40.95709],[140.86005,40.95644],[140.85898,40.95603],[140.85731,40.95678],[140.85479,40.9568],[140.85397,40.95599],[140.8539,40.95534],[140.85272,40.95443],[140.85149,40.95452],[140.85052,40.95482],[140.85001,40.95409],[140.84851,40.95365],[140.84747,40.9545],[140.84691,40.95454],[140.84472,40.95365],[140.84458,40.95326],[140.84282,40.95331],[140.84175,40.95298],[140.83837,40.95339],[140.83946,40.95237],[140.83854,40.95129],[140.84025,40.9509],[140.84135,40.95008],[140.84259,40.94988],[140.84281,40.95032],[140.84436,40.95096],[140.84503,40.9504],[140.84478,40.9492],[140.84651,40.94842],[140.84751,40.94884],[140.84885,40.94828],[140.85038,40.94724],[140.85082,40.94658],[140.85163,40.94641],[140.85157,40.94579],[140.85286,40.94592],[140.85382,40.94539],[140.85499,40.9455],[140.85582,40.94474],[140.85655,40.94466],[140.85686,40.94404],[140.85794,40.94435],[140.86051,40.94603],[140.86176,40.94736],[140.86256,40.94729],[140.86387,40.94672],[140.86572,40.94534],[140.86656,40.94532],[140.87015,40.94598],[140.8712,40.94519],[140.87177,40.94371],[140.87138,40.94227],[140.86878,40.94227],[140.86859,40.94267],[140.86718,40.9416],[140.86682,40.94055],[140.86734,40.93924],[140.86739,40.9374],[140.86718,40.93497],[140.86671,40.93284],[140.86622,40.93196],[140.86661,40.93044],[140.86712,40.92925],[140.86776,40.92846],[140.86836,40.92713],[140.86878,40.92561],[140.86806,40.9253],[140.86802,40.92401],[140.86621,40.92404],[140.86647,40.922],[140.86574,40.92156],[140.86569,40.92092],[140.86515,40.9204],[140.86571,40.91989],[140.86712,40.91961],[140.86881,40.91853],[140.86942,40.91728],[140.86985,40.9153],[140.86927,40.91336],[140.86892,40.91012],[140.8678,40.90989],[140.86721,40.90785],[140.86792,40.90766],[140.86627,40.90606],[140.86666,40.90564],[140.8664,40.90482],[140.86512,40.90391],[140.86416,40.90392],[140.86303,40.90358],[140.86218,40.90391],[140.8617,40.90352],[140.86068,40.9042],[140.86095,40.9051],[140.85927,40.9046],[140.85892,40.90395],[140.86036,40.90307],[140.86134,40.90271],[140.86232,40.90264],[140.8636,40.90285],[140.86482,40.90232],[140.86581,40.90236],[140.86767,40.90303],[140.87095,40.90138],[140.87247,40.90084],[140.87445,40.90089],[140.87614,40.90075],[140.87665,40.90095],[140.87783,40.90196],[140.87961,40.90202],[140.88143,40.90234],[140.88173,40.90123],[140.88139,40.90008],[140.88243,40.89913],[140.88233,40.89851],[140.88264,40.89739],[140.883,40.89707],[140.88515,40.89606],[140.88612,40.89605],[140.88765,40.89647],[140.88916,40.89619],[140.88985,40.89576],[140.88916,40.89512],[140.88826,40.89353],[140.88844,40.89213],[140.88795,40.89126],[140.88794,40.89012],[140.88828,40.88943],[140.8899,40.8891],[140.89085,40.88829],[140.89367,40.88721],[140.89374,40.88681],[140.89258,40.88549],[140.8921,40.88469],[140.89219,40.88369],[140.89357,40.88298],[140.89455,40.88148],[140.89588,40.88058],[140.89685,40.87919],[140.8989,40.87864],[140.89978,40.8776],[140.90123,40.87728],[140.90275,40.87644],[140.90312,40.87603],[140.90367,40.87404],[140.90542,40.87286],[140.90847,40.87212],[140.90909,40.87167],[140.91026,40.87147],[140.91103,40.87082],[140.91147,40.87005],[140.9114,40.86858],[140.91165,40.86812],[140.91267,40.86741],[140.91294,40.86676],[140.91299,40.86481],[140.91423,40.86412],[140.91647,40.86342],[140.91907,40.8632],[140.91981,40.86212],[140.9227,40.86076],[140.92361,40.85974],[140.92405,40.8585],[140.92514,40.85785],[140.92686,40.85713],[140.9281,40.85691],[140.92915,40.85638],[140.93129,40.8562],[140.93216,40.8547],[140.93259,40.85314],[140.93253,40.85232],[140.93341,40.85139],[140.93333,40.8507],[140.93222,40.84982],[140.93181,40.84842],[140.93105,40.84726],[140.93061,40.84618],[140.93005,40.84548],[140.93115,40.84433],[140.93228,40.84281],[140.93402,40.8426],[140.93527,40.84223],[140.93719,40.84251],[140.93829,40.84251],[140.94039,40.84096],[140.94102,40.83973],[140.94196,40.83874],[140.9441,40.83865],[140.94595,40.83836],[140.94777,40.83722],[140.95011,40.837],[140.95096,40.8358],[140.9528,40.83412],[140.95366,40.83353],[140.95419,40.83224],[140.95614,40.83041],[140.95752,40.82998],[140.95645,40.82897],[140.9559,40.82811],[140.95588,40.82684],[140.95628,40.82547],[140.95539,40.82402],[140.95534,40.82283],[140.95457,40.82095],[140.95487,40.81795],[140.95771,40.81771],[140.95949,40.81565],[140.96023,40.8152],[140.96228,40.81488],[140.9648,40.81469],[140.96705,40.81416],[140.96827,40.81451],[140.96914,40.8139],[140.97077,40.81245],[140.97144,40.81157],[140.9723,40.81114],[140.97316,40.81016],[140.97534,40.80909],[140.97678,40.80797],[140.97731,40.80725],[140.9794,40.80635],[140.98061,40.80618]]],[[[140.87516,41.01416],[140.87505,41.01492],[140.87427,41.01555],[140.87315,41.01583],[140.8719,41.01734],[140.87102,41.01713],[140.87054,41.01654],[140.87082,41.01577],[140.87153,41.0156],[140.87136,41.01464],[140.87202,41.01446],[140.87208,41.01378],[140.87107,41.01314],[140.87139,41.01256],[140.87534,41.01111],[140.8762,41.01052],[140.87737,41.01208],[140.8762,41.01268],[140.87547,41.01341],[140.87516,41.01416]]],[[[140.85284,40.93238],[140.85323,40.93144],[140.85398,40.93133],[140.85571,40.9318],[140.85794,40.93327],[140.85611,40.93443],[140.85469,40.93476],[140.85403,40.93417],[140.8536,40.93327],[140.85225,40.93314],[140.85284,40.93238]]]]}},
  {"type":"Feature","properties":{"name":"今別町","code":"02303"},"geometry":{"type":"MultiPolygon","coordinates":[[[[140.46452,41.11177],[140.46588,41.11145],[140.46661,41.11022],[140.46899,41.10951],[140.47306,41.10732],[140.47536,41.10737],[140.47769,41.1064],[140.47968,41.10602],[140.48193,41.10803],[140.48443,41.10938],[140.48564,41.1092],[140.48629,41.10856],[140.48835,41.10881],[140.49031,41.10869],[140.49148,41.10823],[140.49184,41.10694],[140.49445,41.10486],[140.49587,41.10421],[140.49722,41.10339],[140.4978,41.10326],[140.50124,41.10363],[140.50233,41.10344],[140.50401,41.1043],[140.50703,41.10407],[140.5086,41.10452],[140.51074,41.10491],[140.5131,41.1048],[140.5149,41.10544],[140.51667,41.10662],[140.51749,41.10636],[140.51826,41.1065],[140.51868,41.10716],[140.51949,41.10747],[140.52081,41.10625],[140.52262,41.10601],[140.52377,41.10651],[140.52423,41.10712],[140.52445,41.10812],[140.52547,41.10875],[140.527,41.1089],[140.52764,41.10876],[140.52941,41.10891],[140.53027,41.10879],[140.53224,41.10802],[140.53257,41.10714],[140.53364,41.10654],[140.53485,41.10555],[140.5359,41.10393],[140.53658,41.10341],[140.53784,41.10289],[140.53961,41.10239],[140.54088,41.10393],[140.5416,41.10416],[140.54285,41.10395],[140.54411,41.10418],[140.54454,41.10516],[140.5458,41.10513],[140.54691,41.10541],[140.54749,41.10607],[140.54923,41.10711],[140.5499,41.10818],[140.55061,41.11],[140.55108,41.11052],[140.55343,41.11104],[140.55411,41.11151],[140.55358,41.11265],[140.55385,41.1136],[140.55398,41.11507],[140.55308,41.11555],[140.5516,41.11551],[140.55046,41.11678],[140.55029,41.11783],[140.55055,41.11872],[140.55143,41.12012],[140.55239,41.12123],[140.5534,41.12152],[140.55427,41.12216],[140.55613,41.12204],[140.55799,41.12305],[140.55859,41.12465],[140.56105,41.12658],[140.56222,41.12793],[140.5644,41.13113],[140.5657,41.13229],[140.56584,41.13264],[140.5654,41.13423],[140.56538,41.13543],[140.5663,41.13695],[140.56614,41.13746],[140.56532,41.138],[140.56709,41.13878],[140.56917,41.13904],[140.56904,41.14095],[140.57008,41.14207],[140.56978,41.14281],[140.57023,41.14388],[140.57012,41.14505],[140.5705,41.1455],[140.57211,41.14565],[140.57255,41.14686],[140.57234,41.14803],[140.57251,41.14929],[140.57342,41.15132],[140.57417,41.15148],[140.57679,41.15134],[140.57821,41.15145],[140.57985,41.15202],[140.58062,41.15249],[140.57995,41.15343],[140.57961,41.15501],[140.57913,41.1556],[140.57911,41.1565],[140.57972,41.15719],[140.58032,41.15927],[140.58004,41.16038],[140.58015,41.16238],[140.58046,41.16354],[140.58037,41.16505],[140.57974,41.16718],[140.5792,41.16806],[140.57874,41.16961],[140.5817,41.17224],[140.58184,41.17253],[140.58203,41.1755],[140.58365,41.17669],[140.58525,41.17739],[140.5864,41.1797],[140.58693,41.18038],[140.58903,41.18173],[140.59001,41.18253],[140.59157,41.18331],[140.59306,41.18302],[140.59398,41.18213],[140.59573,41.18226],[140.59777,41.18194],[140.59825,41.18251],[140.59812,41.18361],[140.59856,41.18498],[140.59892,41.18687],[140.5987,41.18748],[140.59861,41.1894],[140.60076,41.19014],[140.6024,41.19032],[140.60338,41.19113],[140.60282,41.19228],[140.60258,41.19333],[140.60154,41.19421],[140.60134,41.19494],[140.60041,41.19614],[140.60025,41.19767],[140.59981,41.19843],[140.59957,41.19949],[140.59738,41.20185],[140.59691,41.2026],[140.59614,41.20318],[140.5957,41.20447],[140.59458,41.20628],[140.59404,41.20686],[140.59384,41.2077],[140.59428,41.20945],[140.5942,41.21098],[140.59509,41.21447],[140.59421,41.21489],[140.59386,41.2154],[140.59402,41.21639],[140.59253,41.2167],[140.59099,41.21646],[140.59052,41.21687],[140.58954,41.21668],[140.58907,41.21726],[140.58785,41.21728],[140.58777,41.21812],[140.587,41.21853],[140.58602,41.21815],[140.58511,41.21912],[140.58323,41.21995],[140.5821,41.22098],[140.57886,41.22182],[140.57903,41.2224],[140.57589,41.2231],[140.57522,41.22295],[140.57456,41.22334],[140.57404,41.22307],[140.5733,41.22336],[140.57049,41.22315],[140.56969,41.22343],[140.56935,41.22435],[140.56887,41.22449],[140.5682,41.22372],[140.56675,41.22377],[140.5661,41.22478],[140.56516,41.22511],[140.5642,41.22633],[140.56309,41.22642],[140.56332,41.22523],[140.56206,41.2245],[140.55997,41.22453],[140.55996,41.22501],[140.555,41.22436],[140.55397,41.22492],[140.55278,41.22693],[140.55154,41.22669],[140.54973,41.22759],[140.5493,41.22856],[140.55021,41.2294],[140.54935,41.22946],[140.54911,41.22885],[140.54763,41.22817],[140.5485,41.2275],[140.54853,41.22647],[140.54741,41.22664],[140.54752,41.22599],[140.54638,41.22573],[140.54684,41.22528],[140.54616,41.22479],[140.54607,41.22337],[140.54472,41.2217],[140.54269,41.22022],[140.54137,41.21999],[140.53989,41.21856],[140.53863,41.21786],[140.53694,41.21815],[140.53658,41.21865],[140.53648,41.22017],[140.5369,41.22117],[140.53584,41.22088],[140.53453,41.22158],[140.5328,41.22097],[140.53111,41.22101],[140.52985,41.22126],[140.52869,41.22103],[140.52782,41.22146],[140.52692,41.22119],[140.52638,41.21985],[140.52518,41.21938],[140.52506,41.21873],[140.52356,41.21828],[140.52342,41.21737],[140.52443,41.21646],[140.52238,41.21641],[140.52142,41.2162],[140.52168,41.21556],[140.52289,41.21544],[140.52173,41.21375],[140.52061,41.21258],[140.52034,41.21162],[140.52048,41.21076],[140.52185,41.20914],[140.5217,41.20843],[140.52102,41.20737],[140.51945,41.20535],[140.51806,41.20412],[140.51478,41.20154],[140.51372,41.20038],[140.51331,41.20023],[140.5099,41.19753],[140.50832,41.19651],[140.50756,41.19577],[140.50468,41.19404],[140.50298,41.19284],[140.50034,41.19121],[140.5002,41.19085],[140.49522,41.18815],[140.49099,41.18609],[140.4868,41.18441],[140.48218,41.18327],[140.48124,41.18343],[140.47887,41.18314],[140.47742,41.18327],[140.47507,41.18262],[140.47037,41.1819],[140.46804,41.18178],[140.46469,41.18213],[140.46205,41.1829],[140.46073,41.1843],[140.46101,41.18566],[140.46166,41.18617],[140.46,41.18655],[140.45927,41.18774],[140.45632,41.18847],[140.45512,41.18866],[140.45347,41.18854],[140.44883,41.18872],[140.44814,41.1862],[140.4482,41.18494],[140.44906,41.1839],[140.44891,41.18327],[140.4492,41.18241],[140.44837,41.18197],[140.44807,41.18018],[140.44641,41.17826],[140.4454,41.17875],[140.44479,41.17866],[140.44419,41.17738],[140.44348,41.17667],[140.44391,41.17554],[140.44266,41.17479],[140.44094,41.17435],[140.4409,41.17318],[140.43945,41.17228],[140.43933,41.17163],[140.43866,41.17032],[140.43842,41.16943],[140.43921,41.16726],[140.43877,41.16597],[140.43915,41.16497],[140.43981,41.16407],[140.44079,41.16317],[140.44096,41.16206],[140.44016,41.16084],[140.44047,41.15977],[140.44171,41.15922],[140.4427,41.15801],[140.44255,41.15689],[140.4419,41.15636],[140.44201,41.15487],[140.44235,41.15387],[140.44214,41.1527],[140.44234,41.15198],[140.44187,41.15158],[140.43948,41.15046],[140.43844,41.14938],[140.43825,41.14828],[140.43751,41.14724],[140.43814,41.14617],[140.43821,41.14519],[140.43649,41.14424],[140.43449,41.14287],[140.43366,41.142],[140.43416,41.14119],[140.43414,41.1398],[140.43528,41.13898],[140.43579,41.13782],[140.4353,41.13673],[140.4337,41.13547],[140.43271,41.13505],[140.43139,41.1341],[140.43079,41.13328],[140.42943,41.13247],[140.42854,41.13136],[140.42774,41.13117],[140.42506,41.13106],[140.4234,41.13122],[140.42101,41.13166],[140.41958,41.13138],[140.41856,41.13034],[140.41839,41.12977],[140.41655,41.12809],[140.41462,41.12796],[140.41401,41.12703],[140.41293,41.12662],[140.41004,41.12619],[140.40861,41.1248],[140.40809,41.12407],[140.40815,41.12342],[140.40706,41.12187],[140.40686,41.12097],[140.4094,41.12143],[140.41091,41.12156],[140.41213,41.1212],[140.41424,41.12126],[140.41622,41.12087],[140.41925,41.11943],[140.42009,41.11936],[140.42314,41.11963],[140.42403,41.1199],[140.42679,41.1214],[140.42758,41.12122],[140.42951,41.12007],[140.43153,41.11989],[140.43347,41.12013],[140.43541,41.11906],[140.4362,41.11842],[140.43761,41.11784],[140.43867,41.11761],[140.44027,41.11768],[140.44176,41.11653],[140.44335,41.1159],[140.44667,41.11631],[140.44952,41.11707],[140.45086,41.11697],[140.45215,41.11664],[140.45341,41.11707],[140.45408,41.11767],[140.45715,41.11698],[140.45875,41.11692],[140.46146,41.11732],[140.46216,41.1164],[140.46286,41.11589],[140.46288,41.11506],[140.46369,41.11408],[140.46444,41.11259],[140.46452,41.11177]]]]}},
  {"type":"Feature","properties":{"name":"蓬田村","code":"02304"},"geometry":{"type":"MultiPolygon","coordinates":[[[[140.66079,40.94845],[140.65989,40.95153],[140.65934,40.95388],[140.65949,40.95436],[140.65877,40.95644],[140.65848,40.95887],[140.65862,40.95918],[140.65837,40.96141],[140.65816,40.9617],[140.65728,40.96866],[140.65763,40.96918],[140.65749,40.97096],[140.65755,40.97217],[140.65635,40.97803],[140.65595,40.97961],[140.65582,40.98136],[140.65555,40.98261],[140.65791,40.98295],[140.65798,40.98344],[140.65602,40.98339],[140.65564,40.98606],[140.65702,40.98602],[140.65692,40.98708],[140.65563,40.98699],[140.65462,40.9888],[140.65383,40.99187],[140.65268,40.99728],[140.6541,40.99752],[140.65581,40.99711],[140.65561,40.99823],[140.65508,40.99867],[140.65443,40.99811],[140.65315,40.99769],[140.65238,40.9981],[140.65198,40.99973],[140.65246,41.00023],[140.65199,41.00112],[140.65188,41.00213],[140.65226,41.00281],[140.65186,41.00343],[140.65214,41.00398],[140.65161,41.00464],[140.65174,41.0054],[140.65109,41.00625],[140.65175,41.00713],[140.65171,41.00787],[140.65251,41.00811],[140.65213,41.00939],[140.65174,41.00939],[140.65041,41.01179],[140.64999,41.01279],[140.64966,41.01505],[140.64878,41.01879],[140.64841,41.02007],[140.64756,41.02374],[140.64773,41.02388],[140.64744,41.02587],[140.64697,41.02669],[140.64675,41.02931],[140.64444,41.02921],[140.64304,41.02951],[140.6392,41.02967],[140.63813,41.03014],[140.63726,41.03021],[140.6362,41.03106],[140.63525,41.03141],[140.63433,41.03142],[140.63252,41.03265],[140.63187,41.03407],[140.63043,41.03478],[140.62932,41.03612],[140.62837,41.03602],[140.62789,41.03668],[140.62672,41.03597],[140.62579,41.03501],[140.62488,41.03506],[140.62404,41.03554],[140.62276,41.03575],[140.62234,41.03554],[140.62192,41.03449],[140.62082,41.03425],[140.61937,41.03526],[140.61858,41.03637],[140.61776,41.03661],[140.61731,41.03594],[140.61612,41.03481],[140.6147,41.03405],[140.61279,41.03425],[140.61219,41.03343],[140.61178,41.0315],[140.60993,41.03119],[140.60866,41.03054],[140.60616,41.03112],[140.60448,41.03109],[140.60334,41.03186],[140.60244,41.03282],[140.60071,41.03266],[140.59955,41.03296],[140.59835,41.03294],[140.59716,41.0323],[140.59487,41.03081],[140.59121,41.03048],[140.59046,41.03092],[140.59039,41.03212],[140.58989,41.03234],[140.58847,41.03229],[140.58762,41.03206],[140.58668,41.0309],[140.58605,41.03045],[140.58314,41.02976],[140.58281,41.02866],[140.58184,41.02844],[140.58103,41.02887],[140.57955,41.02859],[140.57933,41.02809],[140.57822,41.02777],[140.5777,41.02822],[140.5733,41.02987],[140.57302,41.03027],[140.57041,41.03095],[140.56914,41.03009],[140.56459,41.0302],[140.56293,41.02995],[140.56002,41.02917],[140.5586,41.0289],[140.55474,41.02756],[140.55261,41.02737],[140.54912,41.02623],[140.54914,41.02585],[140.55013,41.02356],[140.54895,41.02311],[140.54731,41.02292],[140.54555,41.0222],[140.54414,41.02305],[140.54252,41.02301],[140.54038,41.02362],[140.53843,41.02298],[140.53684,41.02355],[140.53507,41.02325],[140.53262,41.02409],[140.53213,41.02403],[140.53045,41.02315],[140.52882,41.02305],[140.52716,41.02331],[140.52487,41.0225],[140.5234,41.02257],[140.52041,41.02251],[140.51889,41.02293],[140.51694,41.02184],[140.51679,41.02143],[140.51738,41.02011],[140.51695,41.01919],[140.5165,41.01727],[140.5159,41.01636],[140.51577,41.01471],[140.51622,41.01362],[140.51681,41.01296],[140.51604,41.01141],[140.51614,41.00914],[140.51697,41.00879],[140.5174,41.00744],[140.51832,41.00737],[140.52017,41.00756],[140.52159,41.00739],[140.52203,41.00713],[140.52252,41.00603],[140.52254,41.00478],[140.52107,41.0025],[140.52123,41.0019],[140.52045,41.00036],[140.52099,40.9992],[140.5221,40.99743],[140.52216,40.99619],[140.52166,40.99569],[140.5219,40.99515],[140.52481,40.99382],[140.5275,40.99364],[140.52784,40.9934],[140.52862,40.99172],[140.52768,40.9905],[140.52733,40.98904],[140.52757,40.98869],[140.53033,40.98848],[140.53154,40.98863],[140.53297,40.9883],[140.5348,40.9864],[140.53616,40.98608],[140.53625,40.98542],[140.53726,40.98464],[140.5385,40.98412],[140.5395,40.9827],[140.5408,40.98258],[140.5427,40.98353],[140.54365,40.98361],[140.54578,40.98304],[140.54669,40.98155],[140.54994,40.97897],[140.55082,40.97843],[140.55104,40.97778],[140.54964,40.97675],[140.54903,40.97405],[140.54865,40.97331],[140.54777,40.97056],[140.54879,40.9701],[140.55181,40.96964],[140.5536,40.96926],[140.55564,40.96967],[140.55927,40.97011],[140.56309,40.97022],[140.56445,40.96941],[140.56665,40.96885],[140.56945,40.9685],[140.57085,40.96799],[140.57154,40.96746],[140.57272,40.96697],[140.57505,40.96559],[140.57622,40.96454],[140.5803,40.96294],[140.58151,40.96275],[140.58266,40.96423],[140.5848,40.96445],[140.58667,40.96497],[140.58747,40.96548],[140.58972,40.96494],[140.59097,40.96483],[140.59337,40.96436],[140.59458,40.96346],[140.59843,40.96229],[140.60074,40.96244],[140.60142,40.96125],[140.60352,40.9611],[140.60525,40.95987],[140.60502,40.95847],[140.60474,40.95803],[140.60547,40.95578],[140.6063,40.95553],[140.6065,40.95504],[140.60634,40.95367],[140.60694,40.95288],[140.60771,40.95258],[140.60782,40.95204],[140.60851,40.95188],[140.60841,40.95102],[140.60887,40.95043],[140.61051,40.9501],[140.61121,40.95092],[140.61188,40.95094],[140.61256,40.94974],[140.61293,40.94863],[140.61373,40.9482],[140.61486,40.94812],[140.61557,40.95094],[140.61604,40.95179],[140.61719,40.95187],[140.61838,40.95223],[140.61981,40.9521],[140.62066,40.95127],[140.62148,40.95105],[140.62296,40.95112],[140.62454,40.9509],[140.62576,40.95056],[140.62741,40.95069],[140.62877,40.94987],[140.62994,40.94959],[140.63069,40.94974],[140.63233,40.95062],[140.63423,40.95069],[140.63598,40.95033],[140.63621,40.94965],[140.63735,40.94973],[140.63912,40.94951],[140.6406,40.94914],[140.64305,40.95034],[140.64406,40.95036],[140.64708,40.94967],[140.64998,40.94931],[140.65067,40.9495],[140.65191,40.95026],[140.6526,40.94993],[140.65367,40.95017],[140.65711,40.9491],[140.65761,40.94971],[140.65838,40.94972],[140.6597,40.94896],[140.6597,40.94842],[140.66079,40.94845]]]]}},
  {"type":"Feature","properties":{"name":"外ヶ浜町","code":"02307"},"geometry":{"type":"MultiPolygon","coordinates":[[[[140.45673,41.10415],[140.45686,41.10316],[140.45621,41.10235],[140.45599,41.1008],[140.45519,41.09936],[140.45707,41.09756],[140.45809,41.09679],[140.4582,41.09571],[140.45883,41.09454],[140.45995,41.09399],[140.46011,41.09281],[140.46119,41.09115],[140.4616,41.09077],[140.46417,41.08943],[140.46415,41.08911],[140.46264,41.08796],[140.46438,41.08641],[140.46502,41.08638],[140.46702,41.08534],[140.46808,41.08509],[140.47027,41.0849],[140.47036,41.08416],[140.47085,41.08377],[140.47274,41.08399],[140.47348,41.08367],[140.47516,41.08191],[140.47653,41.08068],[140.47848,41.08069],[140.47921,41.08049],[140.47988,41.07981],[140.48018,41.07879],[140.48196,41.07801],[140.48371,41.07691],[140.48521,41.07677],[140.48736,41.07475],[140.4871,41.0742],[140.48734,41.07344],[140.48856,41.07268],[140.48871,41.07212],[140.48975,41.0711],[140.49361,41.07144],[140.49479,41.07092],[140.49475,41.07052],[140.49352,41.0698],[140.49435,41.06898],[140.49536,41.06854],[140.49528,41.06773],[140.49473,41.06709],[140.49489,41.06649],[140.49453,41.06586],[140.49557,41.06472],[140.49553,41.06437],[140.49434,41.06374],[140.49475,41.0632],[140.49682,41.06292],[140.49767,41.06202],[140.4975,41.05959],[140.49673,41.05897],[140.49702,41.05857],[140.49703,41.05752],[140.49758,41.0567],[140.49649,41.05646],[140.49498,41.05575],[140.49552,41.05455],[140.49435,41.05309],[140.49431,41.05272],[140.49521,41.05141],[140.49732,41.05089],[140.49809,41.05007],[140.49864,41.04909],[140.49855,41.04776],[140.4995,41.04686],[140.49963,41.04623],[140.50054,41.04521],[140.50089,41.04425],[140.50171,41.04328],[140.50566,41.03997],[140.50836,41.03959],[140.50952,41.0392],[140.50991,41.03809],[140.51067,41.03742],[140.51204,41.03701],[140.5147,41.03718],[140.51525,41.03622],[140.51464,41.03523],[140.51507,41.03304],[140.51276,41.03182],[140.51152,41.03155],[140.51432,41.02993],[140.51679,41.02939],[140.51751,41.02978],[140.51931,41.02898],[140.51934,41.02828],[140.51841,41.02679],[140.51919,41.02566],[140.51932,41.02502],[140.51889,41.02293],[140.52041,41.02251],[140.5234,41.02257],[140.52487,41.0225],[140.52716,41.02331],[140.52882,41.02305],[140.53045,41.02315],[140.53213,41.02403],[140.53262,41.02409],[140.53507,41.02325],[140.53684,41.02355],[140.53843,41.02298],[140.54038,41.02362],[140.54252,41.02301],[140.54414,41.02305],[140.54555,41.0222],[140.54731,41.02292],[140.54895,41.02311],[140.55013,41.02356],[140.54914,41.02585],[140.54912,41.02623],[140.55261,41.02737],[140.55474,41.02756],[140.5586,41.0289],[140.56002,41.02917],[140.56293,41.02995],[140.56459,41.0302],[140.56914,41.03009],[140.57041,41.03095],[140.57302,41.03027],[140.5733,41.02987],[140.5777,41.02822],[140.57822,41.02777],[140.57933,41.02809],[140.57955,41.02859],[140.58103,41.02887],[140.58184,41.02844],[140.58281,41.02866],[140.58314,41.02976],[140.58605,41.03045],[140.58668,41.0309],[140.58762,41.03206],[140.58847,41.03229],[140.58989,41.03234],[140.59039,41.03212],[140.59046,41.03092],[140.59121,41.03048],[140.59487,41.03081],[140.59716,41.0323],[140.59835,41.03294],[140.59955,41.03296],[140.60071,41.03266],[140.60244,41.03282],[140.60334,41.03186],[140.60448,41.03109],[140.60616,41.03112],[140.60866,41.03054],[140.60993,41.03119],[140.61178,41.0315],[140.61219,41.03343],[140.61279,41.03425],[140.6147,41.03405],[140.61612,41.03481],[140.61731,41.03594],[140.61776,41.03661],[140.61858,41.03637],[140.61937,41.03526],[140.62082,41.03425],[140.62192,41.03449],[140.62234,41.03554],[140.62276,41.03575],[140.62404,41.03554],[140.62488,41.03506],[140.62579,41.03501],[140.62672,41.03597],[140.62789,41.03668],[140.62837,41.03602],[140.62932,41.03612],[140.63043,41.03478],[140.63187,41.03407],[140.63252,41.03265],[140.63433,41.03142],[140.63525,41.03141],[140.6362,41.03106],[140.63726,41.03021],[140.63813,41.03014],[140.6392,41.02967],[140.64304,41.02951],[140.64444,41.02921],[140.64675,41.02931],[140.64658,41.03114],[140.64613,41.03374],[140.64657,41.03439],[140.64612,41.03661],[140.64613,41.03764],[140.64567,41.03818],[140.6452,41.04108],[140.64497,41.04502],[140.6454,41.04587],[140.64662,41.04569],[140.64669,41.04623],[140.64508,41.04634],[140.64554,41.04891],[140.64655,41.04882],[140.64662,41.04927],[140.64438,41.04988],[140.64413,41.05033],[140.64375,41.05285],[140.64309,41.0529],[140.64284,41.05444],[140.64293,41.05522],[140.64169,41.05782],[140.63988,41.06005],[140.63875,41.06194],[140.63829,41.06378],[140.63849,41.06477],[140.6385,41.06628],[140.63738,41.07282],[140.63635,41.07533],[140.6351,41.07701],[140.63458,41.07842],[140.63483,41.08032],[140.63433,41.08224],[140.63423,41.08476],[140.63434,41.08611],[140.63407,41.08796],[140.63273,41.09213],[140.63304,41.09417],[140.63198,41.09518],[140.63201,41.09595],[140.63152,41.09794],[140.63165,41.10143],[140.63184,41.10267],[140.63231,41.10385],[140.63204,41.10428],[140.6326,41.10877],[140.63307,41.11121],[140.63229,41.11344],[140.6321,41.11473],[140.6323,41.11636],[140.63209,41.1168],[140.63258,41.1193],[140.63309,41.12051],[140.63365,41.12261],[140.63357,41.12301],[140.63421,41.12494],[140.63356,41.12611],[140.63313,41.12851],[140.63331,41.13033],[140.63382,41.1323],[140.63387,41.13323],[140.6344,41.13427],[140.63548,41.13779],[140.63525,41.13784],[140.63731,41.14363],[140.63949,41.14803],[140.63934,41.14911],[140.63961,41.15066],[140.6394,41.15136],[140.63847,41.15295],[140.63835,41.15384],[140.63863,41.15589],[140.63921,41.15734],[140.63999,41.15734],[140.64058,41.15816],[140.63944,41.15837],[140.63996,41.15993],[140.6404,41.15987],[140.64084,41.16109],[140.64006,41.16128],[140.64056,41.16248],[140.64137,41.16497],[140.64179,41.16589],[140.64254,41.16947],[140.64303,41.16941],[140.64304,41.17068],[140.64374,41.1724],[140.64335,41.17379],[140.64312,41.17562],[140.64263,41.17574],[140.64175,41.17905],[140.6401,41.18184],[140.63792,41.18441],[140.63731,41.18543],[140.6371,41.1864],[140.6356,41.18726],[140.63431,41.18857],[140.63383,41.19003],[140.6323,41.1916],[140.63174,41.19182],[140.62978,41.19195],[140.62821,41.19249],[140.62634,41.19293],[140.62509,41.19401],[140.62305,41.19471],[140.62146,41.19609],[140.62002,41.1964],[140.61905,41.19683],[140.61785,41.19697],[140.61733,41.19765],[140.61573,41.19894],[140.6153,41.19959],[140.61433,41.20033],[140.61408,41.201],[140.61257,41.20253],[140.61206,41.20374],[140.61151,41.20429],[140.61035,41.2064],[140.60988,41.20778],[140.60916,41.20853],[140.6078,41.21044],[140.60666,41.21226],[140.60493,41.21295],[140.60416,41.21437],[140.60243,41.21496],[140.60116,41.21471],[140.59992,41.21534],[140.59854,41.21537],[140.59827,41.21577],[140.59659,41.216],[140.59584,41.21582],[140.59402,41.21639],[140.59386,41.2154],[140.59421,41.21489],[140.59509,41.21447],[140.5942,41.21098],[140.59428,41.20945],[140.59384,41.2077],[140.59404,41.20686],[140.59458,41.20628],[140.5957,41.20447],[140.59614,41.20318],[140.59691,41.2026],[140.59738,41.20185],[140.59957,41.19949],[140.59981,41.19843],[140.60025,41.19767],[140.60041,41.19614],[140.60134,41.19494],[140.60154,41.19421],[140.60258,41.19333],[140.60282,41.19228],[140.60338,41.19113],[140.6024,41.19032],[140.60076,41.19014],[140.59861,41.1894],[140.5987,41.18748],[140.59892,41.18687],[140.59856,41.18498],[140.59812,41.18361],[140.59825,41.18251],[140.59777,41.18194],[140.59573,41.18226],[140.59398,41.18213],[140.59306,41.18302],[140.59157,41.18331],[140.59001,41.18253],[140.58903,41.18173],[140.58693,41.18038],[140.5864,41.1797],[140.58525,41.17739],[140.58365,41.17669],[140.58203,41.1755],[140.58184,41.17253],[140.5817,41.17224],[140.57874,41.16961],[140.5792,41.16806],[140.57974,41.16718],[140.58037,41.16505],[140.58046,41.16354],[140.58015,41.16238],[140.58004,41.16038],[140.58032,41.15927],[140.57972,41.15719],[140.57911,41.1565],[140.57913,41.1556],[140.57961,41.15501],[140.57995,41.15343],[140.58062,41.15249],[140.57985,41.15202],[140.57821,41.15145],[140.57679,41.15134],[140.57417,41.15148],[140.57342,41.15132],[140.57251,41.14929],[140.57234,41.14803],[140.57255,41.14686],[140.57211,41.14565],[140.5705,41.1455],[140.57012,41.14505],[140.57023,41.14388],[140.56978,41.14281],[140.57008,41.14207],[140.56904,41.14095],[140.56917,41.13904],[140.56709,41.13878],[140.56532,41.138],[140.56614,41.13746],[140.5663,41.13695],[140.56538,41.13543],[140.5654,41.13423],[140.56584,41.13264],[140.5657,41.13229],[140.5644,41.13113],[140.56222,41.12793],[140.56105,41.12658],[140.55859,41.12465],[140.55799,41.12305],[140.55613,41.12204],[140.55427,41.12216],[140.5534,41.12152],[140.55239,41.12123],[140.55143,41.12012],[140.55055,41.11872],[140.55029,41.11783],[140.55046,41.11678],[140.5516,41.11551],[140.55308,41.11555],[140.55398,41.11507],[140.55385,41.1136],[140.55358,41.11265],[140.55411,41.11151],[140.55343,41.11104],[140.55108,41.11052],[140.55061,41.11],[140.5499,41.10818],[140.54923,41.10711],[140.54749,41.10607],[140.54691,41.10541],[140.5458,41.10513],[140.54454,41.10516],[140.54411,41.10418],[140.54285,41.10395],[140.5416,41.10416],[140.54088,41.10393],[140.53961,41.10239],[140.53784,41.10289],[140.53658,41.10341],[140.5359,41.10393],[140.53485,41.10555],[140.53364,41.10654],[140.53257,41.10714],[140.53224,41.10802],[140.53027,41.10879],[140.52941,41.10891],[140.52764,41.10876],[140.527,41.1089],[140.52547,41.10875],[140.52445,41.10812],[140.52423,41.10712],[140.52377,41.10651],[140.52262,41.10601],[140.52081,41.10625],[140.51949,41.10747],[140.51868,41.10716],[140.51826,41.1065],[140.51749,41.10636],[140.51667,41.10662],[140.5149,41.10544],[140.5131,41.1048],[140.51074,41.10491],[140.5086,41.10452],[140.50703,41.10407],[140.50401,41.1043],[140.50233,41.10344],[140.50124,41.10363],[140.4978,41.10326],[140.49722,41.10339],[140.49587,41.10421],[140.49445,41.10486],[140.49184,41.10694],[140.49148,41.10823],[140.49031,41.10869],[140.48835,41.10881],[140.48629,41.10856],[140.48564,41.1092],[140.48443,41.10938],[140.48193,41.10803],[140.47968,41.10602],[140.47769,41.1064],[140.47536,41.10737],[140.47306,41.10732],[140.46899,41.10951],[140.46661,41.11022],[140.46588,41.11145],[140.46452,41.11177],[140.46135,41.11025],[140.4608,41.10976],[140.46021,41.10865],[140.45897,41.10825],[140.45927,41.10647],[140.4587,41.10539],[140.45865,41.10459],[140.45814,41.10426],[140.45673,41.10415]]],[[[140.40686,41.12097],[140.40706,41.12187],[140.40815,41.12342],[140.40809,41.12407],[140.40861,41.1248],[140.41004,41.12619],[140.41293,41.12662],[140.41401,41.12703],[140.41462,41.12796],[140.41655,41.12809],[140.41839,41.12977],[140.41856,41.13034],[140.41958,41.13138],[140.42101,41.13166],[140.4234,41.13122],[140.42506,41.13106],[140.42774,41.13117],[140.42854,41.13136],[140.42943,41.13247],[140.43079,41.13328],[140.43139,41.1341],[140.43271,41.13505],[140.4337,41.13547],[140.4353,41.13673],[140.43579,41.13782],[140.43528,41.13898],[140.43414,41.1398],[140.43416,41.14119],[140.43366,41.142],[140.43449,41.14287],[140.43649,41.14424],[140.43821,41.14519],[140.43814,41.14617],[140.43751,41.14724],[140.43825,41.14828],[140.43844,41.14938],[140.43948,41.15046],[140.44187,41.15158],[140.44234,41.15198],[140.44214,41.1527],[140.44235,41.15387],[140.44201,41.15487],[140.4419,41.15636],[140.44255,41.15689],[140.4427,41.15801],[140.44171,41.15922],[140.44047,41.15977],[140.44016,41.16084],[140.44096,41.16206],[140.44079,41.16317],[140.43981,41.16407],[140.43915,41.16497],[140.43877,41.16597],[140.43921,41.16726],[140.43842,41.16943],[140.43866,41.17032],[140.43933,41.17163],[140.43945,41.17228],[140.4409,41.17318],[140.44094,41.17435],[140.44266,41.17479],[140.44391,41.17554],[140.44348,41.17667],[140.44419,41.17738],[140.44479,41.17866],[140.4454,41.17875],[140.44641,41.17826],[140.44807,41.18018],[140.44837,41.18197],[140.4492,41.18241],[140.44891,41.18327],[140.44906,41.1839],[140.4482,41.18494],[140.44814,41.1862],[140.44883,41.18872],[140.44634,41.18923],[140.44503,41.19008],[140.44309,41.19165],[140.4418,41.19221],[140.43913,41.19305],[140.43859,41.19426],[140.43665,41.19501],[140.43657,41.196],[140.43476,41.19599],[140.4335,41.19632],[140.43251,41.19588],[140.43085,41.19675],[140.43012,41.19785],[140.431,41.19892],[140.4315,41.19908],[140.43029,41.20142],[140.4311,41.2017],[140.43071,41.20225],[140.42992,41.20235],[140.42811,41.20482],[140.42818,41.20555],[140.42681,41.20501],[140.4264,41.20765],[140.42501,41.20791],[140.42372,41.20923],[140.42188,41.21053],[140.42022,41.21073],[140.41942,41.21174],[140.41723,41.21341],[140.41647,41.21367],[140.41544,41.21462],[140.41547,41.2154],[140.41509,41.21593],[140.41086,41.21728],[140.40938,41.21806],[140.40662,41.21898],[140.40524,41.21989],[140.40488,41.2204],[140.40381,41.22104],[140.40217,41.22301],[140.40255,41.2242],[140.40208,41.22476],[140.40123,41.22694],[140.40174,41.22754],[140.40116,41.22854],[140.39981,41.2297],[140.39935,41.23038],[140.39838,41.23096],[140.39851,41.23191],[140.39749,41.23184],[140.39676,41.23337],[140.39722,41.23391],[140.39667,41.23451],[140.39567,41.23444],[140.39447,41.23483],[140.39333,41.23594],[140.39297,41.23702],[140.39153,41.23788],[140.39116,41.23753],[140.3903,41.23801],[140.39158,41.23857],[140.39346,41.23763],[140.39403,41.23855],[140.3936,41.23881],[140.39253,41.23811],[140.39158,41.23867],[140.39039,41.23815],[140.38783,41.23969],[140.38621,41.23914],[140.38497,41.23952],[140.38437,41.24039],[140.38331,41.24087],[140.3826,41.24153],[140.38066,41.24279],[140.37975,41.24297],[140.37858,41.24421],[140.37775,41.24408],[140.37671,41.2445],[140.37508,41.24745],[140.37432,41.24721],[140.37334,41.24746],[140.37196,41.24725],[140.37129,41.24769],[140.37091,41.24845],[140.36845,41.2492],[140.36665,41.24906],[140.36603,41.24919],[140.36524,41.24987],[140.36557,41.24992],[140.36513,41.25041],[140.36499,41.25073],[140.36384,41.25088],[140.36322,41.25014],[140.36229,41.25065],[140.36172,41.25003],[140.36083,41.25131],[140.35979,41.25159],[140.35958,41.2532],[140.35864,41.25372],[140.35794,41.25356],[140.35559,41.25459],[140.35377,41.25477],[140.35217,41.25526],[140.35187,41.25609],[140.35124,41.2563],[140.34986,41.25762],[140.34989,41.25838],[140.34786,41.2584],[140.34643,41.25888],[140.34533,41.26108],[140.34609,41.26137],[140.34663,41.26259],[140.34509,41.26293],[140.34378,41.26218],[140.34328,41.26105],[140.3422,41.26148],[140.34205,41.26107],[140.34153,41.26098],[140.34129,41.25991],[140.34033,41.2593],[140.33962,41.25937],[140.33893,41.2599],[140.33903,41.25767],[140.33931,41.25711],[140.33908,41.25607],[140.33807,41.25527],[140.33835,41.25482],[140.33936,41.25482],[140.34051,41.25384],[140.34073,41.25268],[140.34177,41.25264],[140.34237,41.25176],[140.34212,41.24974],[140.34282,41.24951],[140.34283,41.24913],[140.34218,41.24899],[140.34535,41.24784],[140.34751,41.24853],[140.34907,41.2489],[140.3497,41.24877],[140.35096,41.24772],[140.35293,41.24662],[140.35395,41.24549],[140.35433,41.24471],[140.35546,41.24383],[140.35506,41.24266],[140.35427,41.24172],[140.35422,41.2412],[140.35473,41.23945],[140.35641,41.23915],[140.3568,41.23831],[140.35741,41.23786],[140.35835,41.23665],[140.35977,41.23564],[140.36202,41.23501],[140.3619,41.23281],[140.36234,41.23167],[140.36326,41.22992],[140.36231,41.2287],[140.36238,41.22774],[140.3617,41.22602],[140.36163,41.22484],[140.3622,41.22345],[140.36188,41.2214],[140.36191,41.21986],[140.36286,41.21879],[140.3637,41.21732],[140.36549,41.21747],[140.36618,41.21673],[140.36818,41.2142],[140.36826,41.21346],[140.3692,41.21155],[140.36952,41.21045],[140.37209,41.21038],[140.37246,41.21015],[140.37216,41.20785],[140.37135,41.20661],[140.37199,41.20546],[140.37178,41.20395],[140.37137,41.20305],[140.37282,41.2018],[140.3732,41.20043],[140.37363,41.19997],[140.37476,41.1999],[140.37644,41.19954],[140.37633,41.19891],[140.37574,41.19844],[140.37527,41.19718],[140.37553,41.19604],[140.37503,41.19526],[140.37403,41.19501],[140.37149,41.19324],[140.37113,41.19278],[140.37173,41.19221],[140.37327,41.18978],[140.37338,41.18895],[140.37269,41.18866],[140.37163,41.18782],[140.36956,41.18721],[140.36904,41.1844],[140.36869,41.18352],[140.36886,41.18242],[140.36836,41.18161],[140.36859,41.18067],[140.36851,41.17973],[140.36911,41.17905],[140.36916,41.17784],[140.37003,41.17609],[140.36985,41.17421],[140.37057,41.17391],[140.37058,41.17337],[140.36969,41.17178],[140.36977,41.17037],[140.36932,41.16929],[140.36803,41.16825],[140.36875,41.16646],[140.36835,41.16518],[140.36824,41.16373],[140.36789,41.16307],[140.36803,41.16213],[140.36742,41.16123],[140.36662,41.15925],[140.36572,41.15763],[140.36453,41.15691],[140.36345,41.15496],[140.36311,41.1537],[140.36319,41.1528],[140.36538,41.15246],[140.36632,41.15098],[140.36814,41.15079],[140.37031,41.15004],[140.37256,41.14791],[140.37281,41.14709],[140.37264,41.14531],[140.37386,41.14442],[140.37663,41.14369],[140.3777,41.14203],[140.37816,41.14096],[140.37847,41.13952],[140.38048,41.1386],[140.38169,41.13727],[140.38339,41.13651],[140.38353,41.13551],[140.38509,41.13525],[140.38581,41.13487],[140.38832,41.13144],[140.38927,41.13038],[140.39125,41.12705],[140.39374,41.12609],[140.39593,41.1257],[140.39715,41.12489],[140.3974,41.12424],[140.39924,41.12215],[140.40038,41.12184],[140.40198,41.12227],[140.40448,41.12209],[140.4063,41.12146],[140.40686,41.12097]],[[140.34873,41.25874],[140.34873,41.25875],[140.34874,41.25877],[140.34873,41.25874]]]]}},
  {"type":"Feature","properties":{"name":"鰺ヶ沢町","code":"02321"},"geometry":{"type":"MultiPolygon","coordinates":[[[[140.32946,40.7571],[140.32584,40.75926],[140.32226,40.7618],[140.31901,40.7642],[140.31746,40.76579],[140.31384,40.76765],[140.31233,40.76865],[140.31147,40.76957],[140.31081,40.76989],[140.3067,40.76968],[140.30371,40.77068],[140.30284,40.77038],[140.29851,40.77079],[140.29795,40.77096],[140.29486,40.77283],[140.29395,40.7732],[140.29291,40.77316],[140.29177,40.77278],[140.29039,40.77465],[140.29059,40.77587],[140.28945,40.77637],[140.28714,40.78203],[140.28444,40.78556],[140.28359,40.78636],[140.28113,40.7877],[140.27992,40.78899],[140.27889,40.78987],[140.27675,40.7912],[140.27594,40.79142],[140.2747,40.79285],[140.27393,40.79341],[140.27334,40.79422],[140.27532,40.7954],[140.27615,40.79648],[140.27525,40.79737],[140.27524,40.79785],[140.27305,40.79791],[140.27109,40.7981],[140.27089,40.79827],[140.27031,40.8002],[140.26871,40.8002],[140.26306,40.79992],[140.2586,40.7999],[140.25634,40.80025],[140.25108,40.80035],[140.24993,40.80047],[140.24826,40.79871],[140.24766,40.79778],[140.24632,40.79647],[140.24498,40.79576],[140.24178,40.79723],[140.24082,40.79608],[140.24337,40.79483],[140.2433,40.7946],[140.24113,40.79217],[140.23649,40.79442],[140.2353,40.79857],[140.23518,40.79854],[140.23639,40.79441],[140.24088,40.79224],[140.24029,40.79037],[140.2394,40.78933],[140.23749,40.78788],[140.23531,40.78607],[140.23185,40.78387],[140.22755,40.78154],[140.22681,40.78254],[140.22526,40.78188],[140.22379,40.78093],[140.22277,40.78109],[140.22123,40.77961],[140.21937,40.77963],[140.21961,40.77927],[140.21784,40.77916],[140.21543,40.77955],[140.21543,40.77894],[140.2138,40.77901],[140.21045,40.78019],[140.21105,40.78118],[140.20932,40.7821],[140.20815,40.78081],[140.20766,40.78106],[140.20563,40.78397],[140.20621,40.78457],[140.20571,40.78531],[140.2047,40.78562],[140.20344,40.7855],[140.20093,40.78362],[140.19982,40.78329],[140.19857,40.78328],[140.19724,40.78363],[140.19612,40.78418],[140.19389,40.78328],[140.19154,40.78265],[140.1901,40.78188],[140.18828,40.78007],[140.18777,40.77976],[140.18707,40.77782],[140.18659,40.77723],[140.18441,40.7755],[140.18287,40.77477],[140.1789,40.77377],[140.17841,40.77385],[140.17637,40.77323],[140.17098,40.77086],[140.17063,40.77125],[140.1685,40.77029],[140.16882,40.76958],[140.16763,40.76871],[140.16743,40.76823],[140.16587,40.76677],[140.16498,40.76576],[140.16286,40.76387],[140.15791,40.76015],[140.15666,40.75983],[140.15627,40.75998],[140.15513,40.75959],[140.15235,40.75733],[140.15077,40.75579],[140.1491,40.75481],[140.14806,40.75449],[140.1462,40.7533],[140.14482,40.75205],[140.14438,40.75196],[140.14597,40.75095],[140.1472,40.75089],[140.14835,40.75034],[140.1484,40.74942],[140.15,40.74964],[140.15324,40.74895],[140.15525,40.74862],[140.15706,40.74805],[140.16074,40.748],[140.16089,40.7473],[140.16015,40.74625],[140.15923,40.74378],[140.15847,40.74264],[140.1586,40.74186],[140.15933,40.7414],[140.15975,40.74039],[140.15955,40.73854],[140.16009,40.73777],[140.16223,40.73656],[140.16342,40.73638],[140.16506,40.73464],[140.16546,40.73308],[140.166,40.73208],[140.16715,40.73072],[140.16702,40.7293],[140.16636,40.72857],[140.16465,40.72851],[140.16444,40.72654],[140.16384,40.72593],[140.16342,40.72491],[140.1622,40.72424],[140.16109,40.72273],[140.16069,40.72164],[140.16001,40.7212],[140.15568,40.72046],[140.15469,40.72041],[140.15451,40.71985],[140.15531,40.71893],[140.1557,40.71804],[140.15555,40.71723],[140.15483,40.71664],[140.15473,40.71518],[140.15391,40.7145],[140.15282,40.71432],[140.15188,40.71386],[140.15082,40.71395],[140.15001,40.71321],[140.15038,40.71231],[140.15019,40.70906],[140.14973,40.7065],[140.1489,40.70553],[140.148,40.70543],[140.14672,40.70565],[140.14512,40.70435],[140.143,40.70453],[140.14162,40.70426],[140.13966,40.70325],[140.13827,40.70327],[140.13679,40.70275],[140.13571,40.70118],[140.13472,40.70088],[140.13434,40.69963],[140.13301,40.69805],[140.13243,40.6959],[140.13191,40.69542],[140.13002,40.69482],[140.12949,40.69406],[140.12999,40.69312],[140.13104,40.69242],[140.13098,40.69202],[140.12926,40.69117],[140.12736,40.68982],[140.12819,40.68856],[140.12762,40.68762],[140.12662,40.68656],[140.12747,40.68512],[140.12841,40.68444],[140.12873,40.6837],[140.12705,40.6819],[140.12709,40.68075],[140.12626,40.67986],[140.12417,40.67919],[140.12361,40.67867],[140.12236,40.67823],[140.12154,40.67706],[140.12075,40.67703],[140.12041,40.6759],[140.11889,40.67578],[140.11777,40.6755],[140.11605,40.67376],[140.11498,40.67308],[140.11423,40.67104],[140.11382,40.67085],[140.112,40.6709],[140.11148,40.67065],[140.10951,40.66876],[140.1083,40.66884],[140.10634,40.66821],[140.1052,40.66738],[140.10511,40.66697],[140.1062,40.66564],[140.10545,40.66366],[140.10514,40.66233],[140.1051,40.66028],[140.10396,40.65904],[140.1035,40.65816],[140.10356,40.65489],[140.10331,40.65411],[140.10192,40.65229],[140.10205,40.65011],[140.10136,40.64902],[140.10106,40.64793],[140.10154,40.64476],[140.10179,40.64441],[140.10278,40.64446],[140.10335,40.64341],[140.10302,40.64137],[140.10308,40.64029],[140.10272,40.63884],[140.10092,40.6373],[140.09874,40.63621],[140.09656,40.63578],[140.09603,40.63586],[140.09563,40.63254],[140.09388,40.63022],[140.0951,40.62933],[140.09577,40.62855],[140.09655,40.62842],[140.09763,40.62762],[140.09763,40.62683],[140.09696,40.62568],[140.097,40.62504],[140.0967,40.62328],[140.0963,40.62194],[140.09703,40.621],[140.09785,40.61907],[140.09744,40.61793],[140.09775,40.6171],[140.09745,40.61624],[140.09769,40.61395],[140.09714,40.61285],[140.09602,40.61121],[140.09555,40.60976],[140.09494,40.60903],[140.09724,40.60691],[140.09789,40.60582],[140.09878,40.6053],[140.09973,40.60436],[140.10105,40.6018],[140.10039,40.60087],[140.10007,40.59925],[140.10068,40.59869],[140.10188,40.59408],[140.10124,40.59182],[140.09999,40.59101],[140.09994,40.58987],[140.10081,40.58921],[140.10073,40.58799],[140.10102,40.58737],[140.10144,40.58536],[140.10089,40.58256],[140.10095,40.58094],[140.10222,40.57958],[140.1016,40.57799],[140.10139,40.57621],[140.10013,40.5745],[140.09917,40.57375],[140.09906,40.57193],[140.09855,40.5707],[140.10051,40.56799],[140.10021,40.5668],[140.10116,40.56459],[140.10244,40.56403],[140.10212,40.56329],[140.10192,40.56153],[140.1029,40.56136],[140.10346,40.56082],[140.10347,40.55966],[140.10389,40.55847],[140.1034,40.55711],[140.10355,40.55621],[140.10319,40.55538],[140.10314,40.55345],[140.10221,40.55063],[140.10181,40.55028],[140.10119,40.54908],[140.10021,40.54802],[140.0973,40.54539],[140.09617,40.54476],[140.09424,40.5447],[140.09262,40.54233],[140.09216,40.5408],[140.09268,40.53967],[140.09361,40.53825],[140.09474,40.53571],[140.09459,40.53433],[140.09426,40.53364],[140.09341,40.53268],[140.09241,40.53085],[140.09139,40.52753],[140.08805,40.52704],[140.08652,40.52633],[140.08735,40.52551],[140.08735,40.52395],[140.0862,40.52213],[140.08631,40.52126],[140.08608,40.51892],[140.08617,40.51718],[140.08689,40.51584],[140.08626,40.51388],[140.08561,40.51273],[140.08547,40.51031],[140.0848,40.5098],[140.08376,40.50955],[140.08346,40.50824],[140.08369,40.50713],[140.08424,40.506],[140.08272,40.50463],[140.08196,40.50434],[140.08098,40.50258],[140.08018,40.50174],[140.07912,40.50109],[140.0781,40.50079],[140.07647,40.49853],[140.07538,40.4974],[140.07479,40.49458],[140.07382,40.493],[140.07308,40.49229],[140.07337,40.4909],[140.07329,40.48987],[140.07283,40.48913],[140.07376,40.48907],[140.07413,40.48835],[140.07424,40.48683],[140.07554,40.48674],[140.07564,40.48518],[140.07532,40.48461],[140.07571,40.48394],[140.07596,40.48282],[140.07647,40.48199],[140.07564,40.48104],[140.07449,40.4806],[140.0737,40.47953],[140.07476,40.47872],[140.0746,40.47786],[140.07345,40.47724],[140.07129,40.47561],[140.07021,40.47346],[140.06937,40.47253],[140.06877,40.47148],[140.06809,40.46962],[140.06835,40.46886],[140.06997,40.46855],[140.07066,40.46791],[140.07114,40.46623],[140.07209,40.46539],[140.07413,40.46462],[140.07528,40.46477],[140.0768,40.46541],[140.07845,40.4669],[140.07955,40.46664],[140.08047,40.46566],[140.08194,40.46495],[140.083,40.46394],[140.0836,40.46233],[140.08501,40.46257],[140.08688,40.46248],[140.08785,40.46205],[140.08895,40.4609],[140.08999,40.46052],[140.09048,40.45975],[140.09358,40.45892],[140.09441,40.45774],[140.09529,40.45692],[140.09697,40.45567],[140.09752,40.45497],[140.09875,40.45407],[140.0995,40.45296],[140.09838,40.45103],[140.0979,40.4506],[140.09737,40.44924],[140.09853,40.44768],[140.09984,40.4456],[140.09917,40.44397],[140.10008,40.44374],[140.10116,40.44312],[140.10194,40.44294],[140.10306,40.44173],[140.10509,40.4408],[140.10642,40.43839],[140.1072,40.43649],[140.10762,40.4359],[140.10991,40.43576],[140.11162,40.43542],[140.11328,40.43597],[140.11467,40.43624],[140.11542,40.43612],[140.11759,40.43501],[140.11961,40.43556],[140.12094,40.4364],[140.125,40.4368],[140.12626,40.43717],[140.12836,40.43707],[140.12925,40.43719],[140.13079,40.43813],[140.13135,40.43824],[140.13325,40.43796],[140.1343,40.43829],[140.13522,40.43906],[140.13673,40.43962],[140.13879,40.43954],[140.1402,40.43927],[140.14147,40.43839],[140.1418,40.43777],[140.14396,40.43794],[140.14601,40.43794],[140.14724,40.43813],[140.14715,40.43939],[140.14739,40.44002],[140.14908,40.44063],[140.15053,40.44132],[140.15148,40.44213],[140.1518,40.44319],[140.15154,40.44382],[140.15186,40.44442],[140.15077,40.44539],[140.15016,40.4456],[140.15015,40.44627],[140.15118,40.44752],[140.15115,40.44809],[140.15164,40.44909],[140.14998,40.45166],[140.15135,40.45266],[140.15154,40.45393],[140.15069,40.45483],[140.15102,40.45694],[140.15147,40.45778],[140.15174,40.45977],[140.15131,40.46063],[140.15221,40.46186],[140.15305,40.46239],[140.15249,40.46359],[140.1527,40.46506],[140.15197,40.46631],[140.15136,40.4668],[140.15175,40.46805],[140.15074,40.46841],[140.14981,40.4693],[140.14903,40.46956],[140.1498,40.47094],[140.14913,40.47214],[140.14906,40.47355],[140.14956,40.47427],[140.14862,40.47472],[140.14674,40.47533],[140.14627,40.47599],[140.14491,40.47576],[140.14364,40.47582],[140.14323,40.47648],[140.14131,40.47825],[140.14043,40.47892],[140.13918,40.48041],[140.13838,40.48114],[140.13844,40.48165],[140.1372,40.48257],[140.13622,40.48359],[140.13444,40.48428],[140.13379,40.48571],[140.13266,40.48551],[140.13153,40.48557],[140.13155,40.48762],[140.13119,40.48905],[140.13128,40.49003],[140.13187,40.49115],[140.13199,40.4919],[140.13255,40.49242],[140.13285,40.49395],[140.12978,40.49483],[140.12781,40.49662],[140.12731,40.4978],[140.12786,40.49854],[140.12721,40.50006],[140.1257,40.50159],[140.12412,40.50171],[140.1227,40.50278],[140.12155,40.50313],[140.12086,40.50377],[140.12077,40.50532],[140.1202,40.50634],[140.12014,40.50708],[140.12058,40.50955],[140.11989,40.51009],[140.11941,40.51138],[140.11955,40.51218],[140.12331,40.51254],[140.12479,40.51247],[140.12707,40.51387],[140.12915,40.51373],[140.1301,40.51396],[140.13021,40.5147],[140.13134,40.51643],[140.13339,40.5171],[140.13448,40.518],[140.13648,40.51892],[140.13595,40.51958],[140.13559,40.52088],[140.13485,40.52136],[140.13471,40.52191],[140.13461,40.52557],[140.13372,40.52608],[140.13515,40.52934],[140.13584,40.53219],[140.13632,40.53304],[140.13637,40.53434],[140.13668,40.53528],[140.13654,40.53692],[140.13744,40.5386],[140.13766,40.53957],[140.13831,40.5405],[140.13949,40.54161],[140.14025,40.54184],[140.14191,40.54138],[140.14334,40.54167],[140.14431,40.54279],[140.14617,40.5441],[140.14876,40.54402],[140.14986,40.54372],[140.15221,40.54388],[140.15452,40.54381],[140.15589,40.54353],[140.1565,40.54307],[140.15823,40.54334],[140.1602,40.54411],[140.16043,40.54449],[140.15998,40.54531],[140.16022,40.54654],[140.16159,40.54783],[140.16196,40.54858],[140.16167,40.54903],[140.16272,40.5495],[140.16362,40.55028],[140.16319,40.55335],[140.16327,40.55393],[140.16391,40.555],[140.16307,40.55638],[140.16321,40.55695],[140.16263,40.55782],[140.16075,40.55839],[140.1604,40.55872],[140.16013,40.56001],[140.16045,40.56035],[140.16146,40.56037],[140.1615,40.56207],[140.16203,40.56388],[140.16207,40.56525],[140.16108,40.56716],[140.15918,40.56787],[140.15841,40.56844],[140.15709,40.56903],[140.15615,40.57085],[140.15505,40.57144],[140.15505,40.57215],[140.15551,40.57391],[140.15537,40.57605],[140.15509,40.57737],[140.15563,40.57974],[140.15725,40.58178],[140.15725,40.58195],[140.15477,40.5858],[140.15711,40.58752],[140.1603,40.58766],[140.16213,40.58797],[140.16489,40.58738],[140.16771,40.58845],[140.16864,40.58977],[140.17142,40.59123],[140.17169,40.59192],[140.17255,40.59191],[140.17329,40.59255],[140.17305,40.59328],[140.17388,40.59419],[140.17461,40.59423],[140.17547,40.59372],[140.17654,40.59386],[140.17701,40.59422],[140.17892,40.59489],[140.17982,40.59456],[140.18096,40.59446],[140.18184,40.5952],[140.1822,40.59584],[140.18358,40.59582],[140.18385,40.59498],[140.18465,40.59409],[140.18522,40.59441],[140.18639,40.59432],[140.18777,40.59371],[140.18895,40.59399],[140.18991,40.59305],[140.19081,40.59354],[140.19055,40.59466],[140.19113,40.59496],[140.19182,40.59886],[140.19278,40.59982],[140.19305,40.60135],[140.19277,40.60217],[140.19177,40.60363],[140.19084,40.60438],[140.19018,40.60456],[140.18939,40.60567],[140.1913,40.60619],[140.19395,40.60663],[140.19671,40.60609],[140.19776,40.60694],[140.19931,40.60725],[140.20096,40.60782],[140.20331,40.60824],[140.20484,40.60922],[140.20506,40.61101],[140.20479,40.61204],[140.2052,40.61319],[140.20625,40.61489],[140.20651,40.61672],[140.2068,40.61736],[140.20785,40.61837],[140.20837,40.61959],[140.20986,40.62042],[140.21151,40.62084],[140.21234,40.62173],[140.21367,40.62232],[140.21541,40.6219],[140.21598,40.62276],[140.21738,40.62303],[140.21806,40.62425],[140.21895,40.62449],[140.21938,40.62575],[140.21861,40.62585],[140.21869,40.62679],[140.21776,40.62757],[140.21748,40.62827],[140.21619,40.62877],[140.21574,40.62915],[140.21692,40.62986],[140.21702,40.63094],[140.21659,40.63124],[140.21506,40.63098],[140.21459,40.63147],[140.21435,40.63399],[140.21708,40.63434],[140.21766,40.63476],[140.21703,40.63657],[140.21694,40.63748],[140.21937,40.63795],[140.22011,40.63895],[140.2201,40.64087],[140.22087,40.64043],[140.22185,40.64027],[140.22233,40.64103],[140.22161,40.64198],[140.22186,40.64237],[140.22303,40.64272],[140.22527,40.64283],[140.22722,40.64335],[140.22876,40.64352],[140.23059,40.6446],[140.23152,40.64493],[140.23289,40.64504],[140.23452,40.64453],[140.23714,40.64471],[140.24009,40.64504],[140.24162,40.6459],[140.24637,40.64891],[140.25047,40.64843],[140.25185,40.64867],[140.25474,40.64887],[140.25617,40.64887],[140.25737,40.64954],[140.25926,40.64985],[140.26034,40.65021],[140.26275,40.65145],[140.26328,40.6514],[140.2662,40.65173],[140.26688,40.65071],[140.26903,40.65122],[140.26883,40.65334],[140.27041,40.65365],[140.27196,40.65415],[140.2734,40.6544],[140.27689,40.65465],[140.27955,40.65458],[140.27818,40.66236],[140.28825,40.66612],[140.29034,40.66693],[140.28874,40.66928],[140.30319,40.67774],[140.31472,40.68066],[140.31557,40.681],[140.31748,40.68222],[140.31872,40.68356],[140.32214,40.68753],[140.32424,40.68865],[140.32607,40.69004],[140.32676,40.69014],[140.3277,40.69124],[140.32849,40.69172],[140.32947,40.69189],[140.32993,40.69253],[140.33108,40.69291],[140.33217,40.6929],[140.33315,40.69414],[140.33399,40.69586],[140.33635,40.69832],[140.33713,40.69944],[140.3347,40.69974],[140.33273,40.70023],[140.32996,40.70074],[140.32774,40.70104],[140.32432,40.70123],[140.32194,40.70122],[140.31503,40.70159],[140.3134,40.70199],[140.31163,40.70335],[140.30894,40.70386],[140.30763,40.70322],[140.30454,40.70068],[140.29924,40.69723],[140.29476,40.6941],[140.29258,40.69301],[140.29229,40.69379],[140.29278,40.69515],[140.2929,40.69727],[140.29147,40.69877],[140.29064,40.70139],[140.29112,40.70185],[140.29064,40.70296],[140.28934,40.70359],[140.28879,40.70554],[140.28906,40.70634],[140.28862,40.70722],[140.28832,40.7086],[140.28883,40.70996],[140.28835,40.71048],[140.28854,40.71185],[140.28858,40.71431],[140.28826,40.71526],[140.2877,40.71604],[140.28791,40.71695],[140.28708,40.71792],[140.28739,40.71896],[140.28682,40.72038],[140.28705,40.7216],[140.28795,40.72254],[140.28803,40.7237],[140.2878,40.72433],[140.28811,40.72542],[140.2882,40.72694],[140.28912,40.72762],[140.28933,40.72816],[140.29242,40.73055],[140.29357,40.73081],[140.29568,40.73184],[140.29607,40.73258],[140.29869,40.73309],[140.30145,40.73325],[140.30209,40.73371],[140.30284,40.7347],[140.30306,40.73587],[140.30403,40.73648],[140.30513,40.7379],[140.30518,40.73875],[140.30589,40.73895],[140.30609,40.73962],[140.30738,40.74016],[140.30751,40.74131],[140.30707,40.74235],[140.30762,40.74256],[140.30786,40.74346],[140.30924,40.74406],[140.30989,40.74465],[140.31107,40.74443],[140.31185,40.7437],[140.3127,40.74379],[140.31397,40.7449],[140.31444,40.7448],[140.3146,40.74398],[140.31592,40.74389],[140.31684,40.7441],[140.31652,40.74485],[140.31669,40.74537],[140.3156,40.74669],[140.31628,40.748],[140.31695,40.7485],[140.31818,40.74984],[140.31961,40.75054],[140.32024,40.75112],[140.32069,40.75215],[140.32245,40.75363],[140.32504,40.75524],[140.32574,40.75553],[140.32672,40.75633],[140.32834,40.7565],[140.32946,40.7571]]]]}},
  {"type":"Feature","properties":{"name":"深浦町","code":"02323"},"geometry":{"type":"MultiPolygon","coordinates":[[[[140.14438,40.75196],[140.14339,40.75093],[140.14234,40.75024],[140.14152,40.75029],[140.14018,40.74948],[140.13822,40.7486],[140.13737,40.74798],[140.13576,40.74725],[140.13436,40.74682],[140.1302,40.74527],[140.12772,40.74468],[140.12657,40.74415],[140.12519,40.74378],[140.12275,40.74258],[140.12065,40.74242],[140.11884,40.74192],[140.11823,40.74155],[140.11681,40.74153],[140.11599,40.74125],[140.11334,40.74164],[140.11174,40.74176],[140.11014,40.74255],[140.10669,40.74347],[140.10654,40.74372],[140.10486,40.74398],[140.10204,40.74492],[140.10122,40.74505],[140.09997,40.74565],[140.09878,40.74584],[140.0959,40.74705],[140.0955,40.74743],[140.09654,40.74854],[140.09481,40.74944],[140.09353,40.75031],[140.09046,40.75215],[140.08896,40.75231],[140.08882,40.75297],[140.08927,40.75494],[140.08911,40.75632],[140.08626,40.7572],[140.08485,40.75837],[140.08124,40.75839],[140.07913,40.75877],[140.07621,40.7596],[140.07373,40.76094],[140.07253,40.76172],[140.07059,40.76342],[140.0691,40.76507],[140.06762,40.76539],[140.06608,40.76596],[140.06605,40.76646],[140.06531,40.76683],[140.06395,40.76642],[140.06361,40.76725],[140.06276,40.76728],[140.06206,40.7678],[140.05984,40.76805],[140.05776,40.7685],[140.05624,40.76915],[140.05527,40.76832],[140.05429,40.76905],[140.05289,40.76922],[140.05187,40.7689],[140.05043,40.76802],[140.05082,40.76716],[140.05028,40.76607],[140.04813,40.76538],[140.04572,40.76488],[140.04377,40.76384],[140.04314,40.76373],[140.04328,40.76491],[140.04241,40.76499],[140.04251,40.76419],[140.03927,40.76385],[140.0393,40.76331],[140.03736,40.76255],[140.0362,40.76127],[140.03403,40.76046],[140.03256,40.75881],[140.0317,40.75943],[140.03161,40.75847],[140.03237,40.75846],[140.03214,40.75752],[140.03107,40.75576],[140.02903,40.75455],[140.02739,40.75265],[140.02711,40.75094],[140.02568,40.7502],[140.0227,40.74998],[140.02109,40.75041],[140.01992,40.75032],[140.01853,40.74973],[140.01649,40.74783],[140.01566,40.74774],[140.01244,40.74644],[140.01204,40.74651],[140.00702,40.74462],[140.00594,40.74364],[140.00401,40.74354],[140.00414,40.74407],[140.00068,40.74495],[140.00105,40.74607],[140.00174,40.74687],[140.00146,40.7475],[140.00008,40.74726],[140.00097,40.74608],[140.00009,40.74536],[139.99948,40.74446],[139.99951,40.74379],[139.99848,40.74372],[139.99807,40.74306],[139.99741,40.74289],[139.99795,40.74158],[139.99888,40.74173],[140.00002,40.74075],[140.00056,40.73967],[139.99998,40.73736],[139.99948,40.73718],[139.99834,40.73583],[139.99701,40.73531],[139.99509,40.73489],[139.99417,40.73492],[139.99392,40.73363],[139.99431,40.73315],[139.99418,40.73239],[139.99331,40.73171],[139.99346,40.73013],[139.99246,40.72878],[139.99161,40.72661],[139.99068,40.72533],[139.98986,40.72326],[139.98929,40.7224],[139.98825,40.72131],[139.9861,40.72041],[139.98572,40.72086],[139.98455,40.72074],[139.98442,40.72012],[139.98496,40.71946],[139.98552,40.71939],[139.98645,40.71864],[139.98694,40.71793],[139.98768,40.71594],[139.98738,40.71429],[139.98661,40.71271],[139.98501,40.71035],[139.98316,40.70856],[139.98285,40.70716],[139.9817,40.70535],[139.97912,40.70278],[139.97719,40.70219],[139.97611,40.70269],[139.97544,40.70272],[139.9729,40.7018],[139.97316,40.70123],[139.9722,40.70069],[139.97101,40.70047],[139.96974,40.69959],[139.9689,40.69948],[139.96782,40.69888],[139.96812,40.69802],[139.96898,40.69724],[139.96923,40.69608],[139.96863,40.69325],[139.9682,40.6924],[139.9669,40.69079],[139.96686,40.68934],[139.96628,40.68903],[139.96588,40.68805],[139.96624,40.68753],[139.96615,40.68678],[139.96498,40.68401],[139.96435,40.68302],[139.96318,40.68172],[139.96185,40.68073],[139.9593,40.67919],[139.95853,40.67898],[139.95807,40.67745],[139.95626,40.67555],[139.95444,40.67348],[139.95309,40.67316],[139.95232,40.67187],[139.95084,40.67045],[139.94708,40.66898],[139.94613,40.66887],[139.94537,40.6683],[139.94206,40.66778],[139.94156,40.66803],[139.94091,40.669],[139.93875,40.67106],[139.93735,40.67112],[139.9365,40.67035],[139.93582,40.67009],[139.93736,40.66886],[139.93903,40.66822],[139.93933,40.66778],[139.93937,40.66725],[139.93859,40.66659],[139.93885,40.66519],[139.93837,40.66442],[139.9368,40.66432],[139.93638,40.66454],[139.93562,40.66347],[139.93608,40.66283],[139.93687,40.66237],[139.93715,40.66167],[139.93576,40.66102],[139.93667,40.66042],[139.93755,40.66033],[139.93727,40.65943],[139.93622,40.65857],[139.93616,40.65758],[139.93671,40.65759],[139.9368,40.65651],[139.93724,40.65599],[139.93706,40.65544],[139.9362,40.65453],[139.93464,40.65419],[139.93211,40.65316],[139.93014,40.65306],[139.92958,40.65371],[139.92883,40.65367],[139.92776,40.65453],[139.92773,40.65354],[139.92866,40.65352],[139.9295,40.65271],[139.92905,40.65089],[139.92851,40.65055],[139.9274,40.64897],[139.92762,40.64843],[139.92631,40.64705],[139.927,40.64565],[139.92801,40.64501],[139.92865,40.64568],[139.93003,40.64505],[139.92988,40.64385],[139.92916,40.64395],[139.92854,40.64325],[139.9284,40.64227],[139.92468,40.64217],[139.92338,40.64347],[139.92383,40.64407],[139.92261,40.64436],[139.92046,40.64375],[139.91902,40.64372],[139.91797,40.64496],[139.91665,40.64454],[139.91601,40.64365],[139.916,40.64311],[139.91265,40.64217],[139.91154,40.64224],[139.9097,40.64364],[139.90869,40.64392],[139.90733,40.64484],[139.90644,40.6448],[139.90574,40.64522],[139.90594,40.64587],[139.9053,40.64646],[139.90455,40.64652],[139.90176,40.64543],[139.90184,40.64507],[139.90047,40.64413],[139.89864,40.64224],[139.89787,40.64102],[139.89747,40.63984],[139.89658,40.63923],[139.89576,40.63821],[139.89405,40.63736],[139.89392,40.63687],[139.89242,40.63567],[139.89199,40.63446],[139.89266,40.63383],[139.89329,40.6338],[139.89381,40.63306],[139.8923,40.63219],[139.89175,40.63327],[139.8911,40.63267],[139.89164,40.63163],[139.89126,40.63117],[139.89044,40.63123],[139.88989,40.63045],[139.88871,40.63093],[139.88824,40.63028],[139.88744,40.6301],[139.8871,40.62958],[139.88622,40.62919],[139.88536,40.62923],[139.88362,40.62783],[139.88195,40.62682],[139.88082,40.62656],[139.88049,40.62614],[139.87942,40.62585],[139.87731,40.62466],[139.87581,40.62344],[139.87498,40.62336],[139.87346,40.62201],[139.87323,40.62121],[139.87076,40.62026],[139.86904,40.61976],[139.8678,40.61872],[139.86457,40.61642],[139.86359,40.61659],[139.86095,40.61598],[139.861,40.61446],[139.86008,40.61415],[139.86045,40.61338],[139.86109,40.61331],[139.86101,40.61238],[139.8601,40.61261],[139.85976,40.6121],[139.86052,40.61119],[139.86143,40.61135],[139.86216,40.61075],[139.86312,40.6091],[139.86173,40.60797],[139.86069,40.60833],[139.86078,40.60742],[139.86146,40.60629],[139.86131,40.60485],[139.86197,40.60453],[139.86179,40.60362],[139.86038,40.60344],[139.86041,40.60291],[139.86235,40.60185],[139.86244,40.60095],[139.86309,40.60031],[139.86289,40.59975],[139.86374,40.59961],[139.86358,40.59893],[139.86403,40.59805],[139.86545,40.59707],[139.86496,40.59604],[139.86433,40.59588],[139.86232,40.59649],[139.86131,40.5962],[139.86127,40.59581],[139.86204,40.59496],[139.86401,40.59455],[139.86445,40.59473],[139.86538,40.59385],[139.86529,40.59317],[139.86482,40.59236],[139.86479,40.5914],[139.86624,40.58807],[139.86719,40.58668],[139.86756,40.58574],[139.86857,40.58444],[139.87061,40.58309],[139.87235,40.5826],[139.87318,40.58214],[139.8751,40.58162],[139.87665,40.58168],[139.87812,40.58264],[139.87936,40.58286],[139.88036,40.58376],[139.88184,40.58383],[139.88263,40.58416],[139.88334,40.58385],[139.88477,40.58449],[139.88625,40.58399],[139.88908,40.58343],[139.89063,40.58349],[139.89318,40.58324],[139.89478,40.58278],[139.89672,40.58185],[139.89927,40.58245],[139.89979,40.58298],[139.90275,40.58432],[139.90478,40.58546],[139.90524,40.58536],[139.90592,40.58608],[139.90731,40.58638],[139.90836,40.58611],[139.90988,40.58628],[139.91191,40.58608],[139.91434,40.58602],[139.91443,40.5869],[139.91631,40.58657],[139.91677,40.58626],[139.91843,40.58579],[139.92009,40.58471],[139.92149,40.58345],[139.92423,40.58039],[139.92719,40.57672],[139.92903,40.57391],[139.9303,40.57176],[139.93256,40.5675],[139.93349,40.56528],[139.93357,40.56375],[139.93344,40.56272],[139.93265,40.56156],[139.93148,40.56132],[139.93173,40.56049],[139.93076,40.56023],[139.93085,40.55959],[139.93006,40.55906],[139.93115,40.55833],[139.93204,40.55809],[139.93138,40.55748],[139.92957,40.55674],[139.93132,40.5557],[139.93235,40.55536],[139.93305,40.55599],[139.93459,40.55672],[139.93545,40.55684],[139.93679,40.5564],[139.93793,40.5557],[139.93886,40.55453],[139.93906,40.55389],[139.93991,40.55328],[139.94018,40.5527],[139.94004,40.55167],[139.94113,40.55033],[139.94162,40.54851],[139.94158,40.54771],[139.94203,40.54746],[139.94232,40.5464],[139.94279,40.54573],[139.943,40.54462],[139.94295,40.54289],[139.944,40.54111],[139.945,40.53788],[139.94498,40.53646],[139.94475,40.53496],[139.94532,40.53425],[139.94503,40.53365],[139.94585,40.53132],[139.94666,40.52837],[139.94751,40.52405],[139.94786,40.52088],[139.94791,40.51955],[139.94753,40.51843],[139.9478,40.51689],[139.9475,40.51545],[139.9468,40.51464],[139.94748,40.51319],[139.94744,40.51253],[139.94654,40.51248],[139.94704,40.51162],[139.94817,40.51056],[139.94858,40.50934],[139.94837,40.50867],[139.94855,40.50738],[139.94894,40.50674],[139.94892,40.50576],[139.94809,40.50353],[139.94928,40.50194],[139.94924,40.49973],[139.94971,40.4983],[139.95001,40.49629],[139.9498,40.49459],[139.9499,40.49377],[139.9493,40.49248],[139.94786,40.49127],[139.94872,40.49021],[139.94823,40.48921],[139.94623,40.48806],[139.946,40.48663],[139.94675,40.4857],[139.94703,40.48435],[139.94585,40.48333],[139.94668,40.48267],[139.94648,40.4817],[139.94658,40.48069],[139.94715,40.47995],[139.94715,40.47844],[139.94674,40.47516],[139.94604,40.47448],[139.94551,40.47338],[139.94595,40.47304],[139.94609,40.47158],[139.94603,40.46993],[139.94542,40.46901],[139.94395,40.46845],[139.94427,40.46778],[139.94399,40.46716],[139.94464,40.46588],[139.94503,40.46435],[139.94477,40.46359],[139.94384,40.46261],[139.9439,40.46205],[139.94341,40.46071],[139.94338,40.45952],[139.94251,40.458],[139.94201,40.45783],[139.94241,40.45594],[139.94196,40.45493],[139.94226,40.45377],[139.94176,40.45265],[139.94102,40.45248],[139.94073,40.452],[139.94198,40.45133],[139.94224,40.45087],[139.94208,40.44914],[139.93965,40.44794],[139.93895,40.44723],[139.9389,40.44605],[139.93942,40.44551],[139.93926,40.44482],[139.93979,40.44284],[139.93976,40.44132],[139.94,40.44009],[139.93985,40.43911],[139.94052,40.4384],[139.93986,40.43776],[139.94013,40.43716],[139.94004,40.43624],[139.93935,40.43538],[139.94012,40.43517],[139.93964,40.43313],[139.93884,40.4328],[139.93871,40.43208],[139.93915,40.43107],[139.93988,40.43047],[139.93822,40.43004],[139.93769,40.42949],[139.93628,40.42881],[139.9385,40.42868],[139.94109,40.4294],[139.94212,40.43],[139.94307,40.4298],[139.94542,40.42987],[139.94721,40.43067],[139.94777,40.43115],[139.94993,40.43123],[139.95087,40.43092],[139.95463,40.43212],[139.9562,40.43305],[139.95714,40.43423],[139.95977,40.43483],[139.96164,40.43408],[139.96351,40.43276],[139.96359,40.43189],[139.96412,40.43129],[139.96411,40.43028],[139.96462,40.43016],[139.9673,40.42902],[139.96859,40.42885],[139.96962,40.42761],[139.97128,40.42732],[139.97219,40.42674],[139.97352,40.4266],[139.97532,40.42728],[139.97623,40.42738],[139.97891,40.42809],[139.97983,40.42764],[139.98121,40.42738],[139.98269,40.42768],[139.98371,40.42822],[139.9852,40.42791],[139.98601,40.42828],[139.9884,40.42978],[139.98924,40.43056],[139.99014,40.43088],[139.99143,40.43207],[139.99373,40.43254],[139.99417,40.43417],[139.99505,40.43505],[139.9967,40.43417],[139.99723,40.43294],[140.00016,40.43247],[140.00103,40.43289],[140.00212,40.4325],[140.00345,40.43171],[140.0041,40.4306],[140.00589,40.42848],[140.00642,40.42735],[140.0083,40.42637],[140.00924,40.42548],[140.01126,40.42596],[140.01201,40.42565],[140.01215,40.42463],[140.01334,40.42446],[140.0143,40.42331],[140.01415,40.42251],[140.01458,40.42208],[140.01582,40.42164],[140.0165,40.42113],[140.01764,40.42097],[140.01864,40.41994],[140.01952,40.41988],[140.01953,40.42108],[140.01872,40.42164],[140.0187,40.4221],[140.01933,40.42312],[140.01841,40.42469],[140.01812,40.42552],[140.01749,40.42592],[140.01735,40.42694],[140.01816,40.42746],[140.01899,40.42863],[140.01972,40.42902],[140.02163,40.42947],[140.02232,40.43052],[140.02203,40.43214],[140.02244,40.4326],[140.02267,40.43353],[140.02253,40.43524],[140.02416,40.43585],[140.02546,40.43677],[140.02559,40.43797],[140.02605,40.43924],[140.02534,40.43958],[140.02378,40.44143],[140.02304,40.44253],[140.02223,40.44329],[140.02218,40.44458],[140.02021,40.44655],[140.02017,40.44812],[140.02076,40.44918],[140.02189,40.44987],[140.02245,40.45092],[140.0236,40.45213],[140.02485,40.45309],[140.02616,40.45363],[140.02736,40.45351],[140.02802,40.4537],[140.029,40.45499],[140.03004,40.45513],[140.03038,40.45589],[140.03025,40.45665],[140.03126,40.45775],[140.03268,40.45816],[140.0342,40.4579],[140.03429,40.45837],[140.03578,40.45923],[140.03573,40.45999],[140.03606,40.46056],[140.03617,40.46162],[140.03763,40.46135],[140.03836,40.46078],[140.04083,40.46121],[140.04238,40.46055],[140.04399,40.46046],[140.04545,40.46079],[140.04735,40.46072],[140.04857,40.46009],[140.04922,40.4613],[140.04975,40.46184],[140.05191,40.46325],[140.05331,40.4636],[140.05408,40.46434],[140.05276,40.46563],[140.05239,40.46661],[140.05304,40.46737],[140.05398,40.46783],[140.05533,40.46741],[140.05594,40.46757],[140.05924,40.46723],[140.06035,40.46778],[140.06146,40.46782],[140.06282,40.46752],[140.06391,40.4681],[140.06521,40.46837],[140.06707,40.46828],[140.06835,40.46886],[140.06809,40.46962],[140.06877,40.47148],[140.06937,40.47253],[140.07021,40.47346],[140.07129,40.47561],[140.07345,40.47724],[140.0746,40.47786],[140.07476,40.47872],[140.0737,40.47953],[140.07449,40.4806],[140.07564,40.48104],[140.07647,40.48199],[140.07596,40.48282],[140.07571,40.48394],[140.07532,40.48461],[140.07564,40.48518],[140.07554,40.48674],[140.07424,40.48683],[140.07413,40.48835],[140.07376,40.48907],[140.07283,40.48913],[140.07329,40.48987],[140.07337,40.4909],[140.07308,40.49229],[140.07382,40.493],[140.07479,40.49458],[140.07538,40.4974],[140.07647,40.49853],[140.0781,40.50079],[140.07912,40.50109],[140.08018,40.50174],[140.08098,40.50258],[140.08196,40.50434],[140.08272,40.50463],[140.08424,40.506],[140.08369,40.50713],[140.08346,40.50824],[140.08376,40.50955],[140.0848,40.5098],[140.08547,40.51031],[140.08561,40.51273],[140.08626,40.51388],[140.08689,40.51584],[140.08617,40.51718],[140.08608,40.51892],[140.08631,40.52126],[140.0862,40.52213],[140.08735,40.52395],[140.08735,40.52551],[140.08652,40.52633],[140.08805,40.52704],[140.09139,40.52753],[140.09241,40.53085],[140.09341,40.53268],[140.09426,40.53364],[140.09459,40.53433],[140.09474,40.53571],[140.09361,40.53825],[140.09268,40.53967],[140.09216,40.5408],[140.09262,40.54233],[140.09424,40.5447],[140.09617,40.54476],[140.0973,40.54539],[140.10021,40.54802],[140.10119,40.54908],[140.10181,40.55028],[140.10221,40.55063],[140.10314,40.55345],[140.10319,40.55538],[140.10355,40.55621],[140.1034,40.55711],[140.10389,40.55847],[140.10347,40.55966],[140.10346,40.56082],[140.1029,40.56136],[140.10192,40.56153],[140.10212,40.56329],[140.10244,40.56403],[140.10116,40.56459],[140.10021,40.5668],[140.10051,40.56799],[140.09855,40.5707],[140.09906,40.57193],[140.09917,40.57375],[140.10013,40.5745],[140.10139,40.57621],[140.1016,40.57799],[140.10222,40.57958],[140.10095,40.58094],[140.10089,40.58256],[140.10144,40.58536],[140.10102,40.58737],[140.10073,40.58799],[140.10081,40.58921],[140.09994,40.58987],[140.09999,40.59101],[140.10124,40.59182],[140.10188,40.59408],[140.10068,40.59869],[140.10007,40.59925],[140.10039,40.60087],[140.10105,40.6018],[140.09973,40.60436],[140.09878,40.6053],[140.09789,40.60582],[140.09724,40.60691],[140.09494,40.60903],[140.09555,40.60976],[140.09602,40.61121],[140.09714,40.61285],[140.09769,40.61395],[140.09745,40.61624],[140.09775,40.6171],[140.09744,40.61793],[140.09785,40.61907],[140.09703,40.621],[140.0963,40.62194],[140.0967,40.62328],[140.097,40.62504],[140.09696,40.62568],[140.09763,40.62683],[140.09763,40.62762],[140.09655,40.62842],[140.09577,40.62855],[140.0951,40.62933],[140.09388,40.63022],[140.09563,40.63254],[140.09603,40.63586],[140.09656,40.63578],[140.09874,40.63621],[140.10092,40.6373],[140.10272,40.63884],[140.10308,40.64029],[140.10302,40.64137],[140.10335,40.64341],[140.10278,40.64446],[140.10179,40.64441],[140.10154,40.64476],[140.10106,40.64793],[140.10136,40.64902],[140.10205,40.65011],[140.10192,40.65229],[140.10331,40.65411],[140.10356,40.65489],[140.1035,40.65816],[140.10396,40.65904],[140.1051,40.66028],[140.10514,40.66233],[140.10545,40.66366],[140.1062,40.66564],[140.10511,40.66697],[140.1052,40.66738],[140.10634,40.66821],[140.1083,40.66884],[140.10951,40.66876],[140.11148,40.67065],[140.112,40.6709],[140.11382,40.67085],[140.11423,40.67104],[140.11498,40.67308],[140.11605,40.67376],[140.11777,40.6755],[140.11889,40.67578],[140.12041,40.6759],[140.12075,40.67703],[140.12154,40.67706],[140.12236,40.67823],[140.12361,40.67867],[140.12417,40.67919],[140.12626,40.67986],[140.12709,40.68075],[140.12705,40.6819],[140.12873,40.6837],[140.12841,40.68444],[140.12747,40.68512],[140.12662,40.68656],[140.12762,40.68762],[140.12819,40.68856],[140.12736,40.68982],[140.12926,40.69117],[140.13098,40.69202],[140.13104,40.69242],[140.12999,40.69312],[140.12949,40.69406],[140.13002,40.69482],[140.13191,40.69542],[140.13243,40.6959],[140.13301,40.69805],[140.13434,40.69963],[140.13472,40.70088],[140.13571,40.70118],[140.13679,40.70275],[140.13827,40.70327],[140.13966,40.70325],[140.14162,40.70426],[140.143,40.70453],[140.14512,40.70435],[140.14672,40.70565],[140.148,40.70543],[140.1489,40.70553],[140.14973,40.7065],[140.15019,40.70906],[140.15038,40.71231],[140.15001,40.71321],[140.15082,40.71395],[140.15188,40.71386],[140.15282,40.71432],[140.15391,40.7145],[140.15473,40.71518],[140.15483,40.71664],[140.15555,40.71723],[140.1557,40.71804],[140.15531,40.71893],[140.15451,40.71985],[140.15469,40.72041],[140.15568,40.72046],[140.16001,40.7212],[140.16069,40.72164],[140.16109,40.72273],[140.1622,40.72424],[140.16342,40.72491],[140.16384,40.72593],[140.16444,40.72654],[140.16465,40.72851],[140.16636,40.72857],[140.16702,40.7293],[140.16715,40.73072],[140.166,40.73208],[140.16546,40.73308],[140.16506,40.73464],[140.16342,40.73638],[140.16223,40.73656],[140.16009,40.73777],[140.15955,40.73854],[140.15975,40.74039],[140.15933,40.7414],[140.1586,40.74186],[140.15847,40.74264],[140.15923,40.74378],[140.16015,40.74625],[140.16089,40.7473],[140.16074,40.748],[140.15706,40.74805],[140.15525,40.74862],[140.15324,40.74895],[140.15,40.74964],[140.1484,40.74942],[140.14835,40.75034],[140.1472,40.75089],[140.14597,40.75095],[140.14438,40.75196]]],[[[139.99708,40.74389],[139.99569,40.74463],[139.99493,40.74436],[139.99549,40.74362],[139.99626,40.74327],[139.99641,40.74276],[139.99767,40.7431],[139.9979,40.74364],[139.99708,40.74389]]],[[[140.03079,40.75774],[140.03113,40.75865],[140.03084,40.75982],[140.02989,40.76019],[140.0298,40.75851],[140.03079,40.75774]]]]}},
  {"type":"Feature","properties":{"name":"西目屋村","code":"02343"},"geometry":{"type":"MultiPolygon","coordinates":[[[[140.16321,40.55695],[140.16307,40.55638],[140.16391,40.555],[140.16327,40.55393],[140.16319,40.55335],[140.16362,40.55028],[140.16272,40.5495],[140.16167,40.54903],[140.16196,40.54858],[140.16159,40.54783],[140.16022,40.54654],[140.15998,40.54531],[140.16043,40.54449],[140.1602,40.54411],[140.15823,40.54334],[140.1565,40.54307],[140.15589,40.54353],[140.15452,40.54381],[140.15221,40.54388],[140.14986,40.54372],[140.14876,40.54402],[140.14617,40.5441],[140.14431,40.54279],[140.14334,40.54167],[140.14191,40.54138],[140.14025,40.54184],[140.13949,40.54161],[140.13831,40.5405],[140.13766,40.53957],[140.13744,40.5386],[140.13654,40.53692],[140.13668,40.53528],[140.13637,40.53434],[140.13632,40.53304],[140.13584,40.53219],[140.13515,40.52934],[140.13372,40.52608],[140.13461,40.52557],[140.13471,40.52191],[140.13485,40.52136],[140.13559,40.52088],[140.13595,40.51958],[140.13648,40.51892],[140.13448,40.518],[140.13339,40.5171],[140.13134,40.51643],[140.13021,40.5147],[140.1301,40.51396],[140.12915,40.51373],[140.12707,40.51387],[140.12479,40.51247],[140.12331,40.51254],[140.11955,40.51218],[140.11941,40.51138],[140.11989,40.51009],[140.12058,40.50955],[140.12014,40.50708],[140.1202,40.50634],[140.12077,40.50532],[140.12086,40.50377],[140.12155,40.50313],[140.1227,40.50278],[140.12412,40.50171],[140.1257,40.50159],[140.12721,40.50006],[140.12786,40.49854],[140.12731,40.4978],[140.12781,40.49662],[140.12978,40.49483],[140.13285,40.49395],[140.13255,40.49242],[140.13199,40.4919],[140.13187,40.49115],[140.13128,40.49003],[140.13119,40.48905],[140.13155,40.48762],[140.13153,40.48557],[140.13266,40.48551],[140.13379,40.48571],[140.13444,40.48428],[140.13622,40.48359],[140.1372,40.48257],[140.13844,40.48165],[140.13838,40.48114],[140.13918,40.48041],[140.14043,40.47892],[140.14131,40.47825],[140.14323,40.47648],[140.14364,40.47582],[140.14491,40.47576],[140.14627,40.47599],[140.14674,40.47533],[140.14862,40.47472],[140.14956,40.47427],[140.14906,40.47355],[140.14913,40.47214],[140.1498,40.47094],[140.14903,40.46956],[140.14981,40.4693],[140.15074,40.46841],[140.15175,40.46805],[140.15136,40.4668],[140.15197,40.46631],[140.1527,40.46506],[140.15249,40.46359],[140.15305,40.46239],[140.15221,40.46186],[140.15131,40.46063],[140.15174,40.45977],[140.15147,40.45778],[140.15102,40.45694],[140.15069,40.45483],[140.15154,40.45393],[140.15135,40.45266],[140.14998,40.45166],[140.15164,40.44909],[140.15115,40.44809],[140.15118,40.44752],[140.15015,40.44627],[140.15016,40.4456],[140.15077,40.44539],[140.15186,40.44442],[140.15154,40.44382],[140.1518,40.44319],[140.15148,40.44213],[140.15053,40.44132],[140.14908,40.44063],[140.14739,40.44002],[140.14715,40.43939],[140.14724,40.43813],[140.1478,40.43701],[140.14954,40.43572],[140.15141,40.43502],[140.15286,40.43518],[140.15422,40.43583],[140.15562,40.43622],[140.15748,40.43746],[140.16016,40.43867],[140.16242,40.43936],[140.16452,40.43945],[140.16722,40.43981],[140.1689,40.43963],[140.17068,40.43819],[140.17191,40.43859],[140.17287,40.43954],[140.17419,40.44031],[140.17629,40.44018],[140.17841,40.44051],[140.18038,40.44115],[140.18203,40.44239],[140.18275,40.44249],[140.18464,40.44319],[140.18547,40.44331],[140.18579,40.44196],[140.18748,40.43957],[140.19028,40.43813],[140.19072,40.43744],[140.19239,40.43644],[140.19405,40.43478],[140.19563,40.4345],[140.19696,40.43462],[140.20371,40.43657],[140.20527,40.43645],[140.20845,40.43836],[140.2092,40.43864],[140.2101,40.43843],[140.21158,40.43592],[140.21243,40.4353],[140.21469,40.43408],[140.21612,40.43381],[140.21741,40.43325],[140.2182,40.43185],[140.21877,40.43148],[140.22017,40.43115],[140.22245,40.43158],[140.22338,40.43156],[140.22456,40.43251],[140.22561,40.43264],[140.2277,40.43366],[140.23004,40.43392],[140.23199,40.43428],[140.23275,40.43464],[140.23447,40.43599],[140.23562,40.43654],[140.23851,40.4374],[140.24156,40.43762],[140.2425,40.43728],[140.24538,40.4381],[140.24584,40.43938],[140.24802,40.44082],[140.25005,40.44299],[140.2515,40.44191],[140.25341,40.44147],[140.25419,40.44156],[140.25907,40.44141],[140.26044,40.44186],[140.26226,40.44087],[140.26687,40.44074],[140.26867,40.44137],[140.26999,40.44206],[140.27311,40.44256],[140.27454,40.44307],[140.27732,40.44486],[140.27826,40.44568],[140.27934,40.44605],[140.28267,40.44598],[140.28444,40.44534],[140.2851,40.44583],[140.28695,40.44589],[140.28814,40.44489],[140.28887,40.44503],[140.28988,40.44611],[140.29104,40.44658],[140.29283,40.44598],[140.29462,40.44639],[140.29573,40.44645],[140.29887,40.44625],[140.30004,40.44544],[140.30039,40.44448],[140.30196,40.44284],[140.30404,40.4429],[140.30577,40.44275],[140.30763,40.44189],[140.30839,40.43998],[140.30797,40.43807],[140.3091,40.43719],[140.30954,40.43657],[140.31127,40.43633],[140.31275,40.43721],[140.31535,40.4375],[140.3168,40.43866],[140.31713,40.43931],[140.31789,40.43968],[140.3194,40.4389],[140.32097,40.4386],[140.32207,40.43927],[140.32386,40.43941],[140.32641,40.43925],[140.32687,40.43907],[140.32886,40.43919],[140.33134,40.43947],[140.33223,40.44012],[140.33398,40.43988],[140.33522,40.43938],[140.33704,40.44063],[140.33915,40.44114],[140.33924,40.4422],[140.34067,40.44323],[140.33982,40.44426],[140.34071,40.44533],[140.3406,40.44608],[140.34178,40.44689],[140.34113,40.44971],[140.34133,40.4504],[140.34222,40.45081],[140.34261,40.45145],[140.34378,40.4522],[140.34363,40.45316],[140.3427,40.45469],[140.34389,40.45649],[140.34342,40.45729],[140.34365,40.45766],[140.34289,40.4603],[140.34337,40.46166],[140.3448,40.4618],[140.34702,40.46156],[140.34793,40.46249],[140.34839,40.4648],[140.34801,40.46566],[140.34811,40.46697],[140.34781,40.46755],[140.34666,40.46861],[140.3463,40.46957],[140.34582,40.46995],[140.34599,40.47075],[140.34534,40.47179],[140.34433,40.47225],[140.34383,40.473],[140.34231,40.47296],[140.34075,40.47365],[140.3393,40.47453],[140.33811,40.47432],[140.33759,40.47464],[140.337,40.47586],[140.33705,40.47699],[140.33654,40.47859],[140.33646,40.47944],[140.33575,40.47946],[140.33475,40.48024],[140.33448,40.48097],[140.33324,40.48136],[140.33226,40.48206],[140.33105,40.48176],[140.32968,40.48173],[140.32734,40.48143],[140.32829,40.48289],[140.32818,40.48404],[140.32721,40.48536],[140.32807,40.48673],[140.32705,40.48789],[140.32751,40.48856],[140.32964,40.48992],[140.33032,40.49095],[140.32975,40.49179],[140.32963,40.49261],[140.32894,40.4927],[140.32738,40.49404],[140.3279,40.49505],[140.3278,40.4955],[140.32465,40.49601],[140.32306,40.4972],[140.32231,40.49743],[140.32174,40.49839],[140.32067,40.49907],[140.32013,40.49974],[140.32016,40.50112],[140.32058,40.5018],[140.32059,40.50269],[140.31916,40.50414],[140.3199,40.50542],[140.32014,40.50644],[140.32206,40.50844],[140.32313,40.50894],[140.32328,40.50947],[140.32269,40.51074],[140.32175,40.51208],[140.32167,40.51252],[140.32038,40.51394],[140.31982,40.51511],[140.31892,40.51523],[140.31745,40.51499],[140.31634,40.51527],[140.31425,40.51548],[140.31353,40.5163],[140.31168,40.51788],[140.31146,40.51824],[140.31223,40.51906],[140.31118,40.52045],[140.30918,40.52095],[140.3081,40.5214],[140.30757,40.522],[140.30595,40.52136],[140.30452,40.52306],[140.30426,40.52472],[140.30311,40.52546],[140.30295,40.52666],[140.30203,40.52757],[140.30225,40.52858],[140.30153,40.53011],[140.30142,40.53182],[140.30173,40.53308],[140.30172,40.53396],[140.3014,40.53518],[140.30191,40.53595],[140.30159,40.5378],[140.30234,40.53883],[140.30241,40.5395],[140.30203,40.54106],[140.30156,40.54191],[140.30238,40.54277],[140.30268,40.5449],[140.30245,40.54608],[140.30264,40.54684],[140.30354,40.54763],[140.30498,40.5479],[140.30519,40.5483],[140.30785,40.5491],[140.30825,40.54941],[140.30899,40.55131],[140.31013,40.55249],[140.30986,40.55431],[140.30997,40.55528],[140.31051,40.55608],[140.31015,40.55771],[140.31052,40.55847],[140.30995,40.55946],[140.3103,40.56],[140.30867,40.56079],[140.30901,40.56204],[140.31024,40.56294],[140.31022,40.56377],[140.31083,40.56439],[140.30951,40.56566],[140.30984,40.56719],[140.31026,40.56758],[140.30809,40.56858],[140.30698,40.56991],[140.30722,40.57032],[140.30698,40.57116],[140.30638,40.57189],[140.3056,40.57234],[140.30533,40.57287],[140.30392,40.57369],[140.30398,40.5753],[140.30674,40.5774],[140.30882,40.57884],[140.30779,40.57958],[140.3063,40.58018],[140.30605,40.58102],[140.30356,40.58263],[140.29894,40.58448],[140.29877,40.58521],[140.29974,40.58578],[140.30015,40.58674],[140.30284,40.58678],[140.30419,40.58504],[140.30642,40.58532],[140.30766,40.58601],[140.31047,40.58839],[140.31124,40.58965],[140.31122,40.59027],[140.31049,40.59151],[140.30841,40.59306],[140.30787,40.59393],[140.30707,40.59401],[140.30525,40.59382],[140.30329,40.59417],[140.30148,40.59421],[140.30069,40.59463],[140.29946,40.59485],[140.29908,40.59708],[140.29622,40.60044],[140.29603,40.60151],[140.29499,40.60317],[140.29555,40.60323],[140.2972,40.60263],[140.29829,40.60341],[140.297,40.60441],[140.29725,40.60498],[140.29839,40.60525],[140.29763,40.60594],[140.29766,40.60654],[140.29701,40.60715],[140.29616,40.60709],[140.29492,40.60768],[140.29328,40.60735],[140.29217,40.60662],[140.29121,40.60679],[140.28951,40.60644],[140.28874,40.60712],[140.28782,40.60717],[140.28679,40.60867],[140.28699,40.60948],[140.28647,40.60992],[140.28595,40.61094],[140.28488,40.61134],[140.2844,40.61182],[140.28326,40.61135],[140.28178,40.61159],[140.28163,40.61226],[140.2804,40.61222],[140.27993,40.61256],[140.27851,40.61291],[140.27754,40.61369],[140.27586,40.61387],[140.27567,40.61462],[140.27252,40.61551],[140.2689,40.61601],[140.26817,40.61565],[140.26726,40.61575],[140.26624,40.61537],[140.26387,40.61522],[140.26257,40.61427],[140.26158,40.61407],[140.2612,40.61363],[140.26009,40.61348],[140.25926,40.61391],[140.25737,40.61307],[140.25689,40.61193],[140.25528,40.61203],[140.25272,40.61073],[140.25256,40.61018],[140.25169,40.60933],[140.25109,40.60937],[140.24995,40.60887],[140.24943,40.60794],[140.24866,40.60748],[140.24874,40.60537],[140.24902,40.60482],[140.2484,40.60414],[140.24766,40.6028],[140.24484,40.60275],[140.24353,40.60314],[140.24268,40.60361],[140.2418,40.60339],[140.24059,40.60343],[140.23922,40.60407],[140.2381,40.60435],[140.2372,40.6043],[140.23697,40.6037],[140.23636,40.60349],[140.236,40.60247],[140.23621,40.60192],[140.23569,40.60131],[140.23597,40.60013],[140.23594,40.59826],[140.2366,40.59757],[140.2353,40.59674],[140.23508,40.59586],[140.23378,40.59498],[140.2331,40.59348],[140.2319,40.59213],[140.2316,40.59127],[140.2308,40.59049],[140.22847,40.5902],[140.22743,40.59045],[140.22627,40.58975],[140.22439,40.58927],[140.22198,40.58931],[140.22153,40.58883],[140.22058,40.58682],[140.2199,40.58576],[140.21839,40.58509],[140.21635,40.58451],[140.21578,40.58371],[140.21508,40.58333],[140.21351,40.5832],[140.21093,40.58169],[140.21007,40.58089],[140.20954,40.57987],[140.20982,40.57952],[140.2104,40.57774],[140.21149,40.57688],[140.21162,40.57586],[140.21057,40.57507],[140.21081,40.57406],[140.21047,40.57327],[140.21119,40.57196],[140.21057,40.57133],[140.20997,40.5703],[140.20973,40.56928],[140.2092,40.56837],[140.2074,40.5671],[140.20511,40.56651],[140.20249,40.56636],[140.20187,40.56568],[140.20207,40.56515],[140.20133,40.56457],[140.20114,40.56388],[140.19866,40.5616],[140.19838,40.56076],[140.19891,40.55968],[140.19909,40.55881],[140.1988,40.5579],[140.19805,40.55659],[140.19724,40.55634],[140.19515,40.55658],[140.19227,40.55599],[140.19014,40.55577],[140.18843,40.55691],[140.1867,40.55758],[140.18609,40.55855],[140.18504,40.55879],[140.18349,40.55991],[140.18255,40.56029],[140.18216,40.56007],[140.1805,40.56031],[140.18105,40.56107],[140.18151,40.56246],[140.17985,40.56378],[140.17991,40.56462],[140.17877,40.56482],[140.17873,40.56604],[140.17811,40.56678],[140.17636,40.56676],[140.17547,40.56729],[140.17514,40.5663],[140.17335,40.56592],[140.1731,40.56477],[140.1726,40.56409],[140.17259,40.56352],[140.1717,40.56244],[140.17086,40.5624],[140.16931,40.56115],[140.16616,40.56065],[140.16521,40.55918],[140.16386,40.55819],[140.16321,40.55695]]]]}},
  {"type":"Feature","properties":{"name":"藤崎町","code":"02361"},"geometry":{"type":"MultiPolygon","coordinates":[[[[140.52113,40.72196],[140.52049,40.71991],[140.5206,40.71881],[140.52117,40.71777],[140.52244,40.71682],[140.52311,40.71576],[140.5233,40.71451],[140.52374,40.71322],[140.52446,40.71246],[140.52522,40.71111],[140.52533,40.71015],[140.52502,40.70826],[140.52649,40.70581],[140.52677,40.70455],[140.52825,40.70189],[140.5286,40.70027],[140.52813,40.7001],[140.5273,40.69781],[140.52441,40.69843],[140.52334,40.69555],[140.52237,40.69578],[140.52201,40.69484],[140.52085,40.6947],[140.52041,40.69435],[140.52132,40.69274],[140.52197,40.69209],[140.52397,40.69087],[140.52766,40.68932],[140.5304,40.68904],[140.53341,40.68859],[140.53624,40.68837],[140.5362,40.68814],[140.53361,40.68825],[140.5303,40.68876],[140.52772,40.68898],[140.52591,40.68965],[140.5222,40.69132],[140.52187,40.69117],[140.51968,40.69219],[140.51861,40.69163],[140.51823,40.69196],[140.51881,40.69355],[140.51832,40.69605],[140.51629,40.69803],[140.51598,40.69799],[140.51448,40.69939],[140.51269,40.69948],[140.51207,40.69879],[140.50979,40.69907],[140.50981,40.70031],[140.51092,40.70133],[140.51093,40.70163],[140.50972,40.70208],[140.5086,40.70179],[140.50753,40.70234],[140.50768,40.70475],[140.50625,40.70482],[140.50659,40.70767],[140.50549,40.70775],[140.50556,40.70867],[140.5044,40.70877],[140.50446,40.70934],[140.50266,40.70946],[140.50226,40.7065],[140.50115,40.70706],[140.50146,40.70559],[140.50112,40.70484],[140.5015,40.70438],[140.50052,40.70236],[140.49909,40.70114],[140.49828,40.70225],[140.49549,40.70097],[140.49506,40.70113],[140.49484,40.69983],[140.49302,40.69949],[140.49254,40.69799],[140.4926,40.69733],[140.49142,40.69588],[140.49144,40.695],[140.49187,40.69334],[140.49141,40.69192],[140.49177,40.69016],[140.49286,40.68966],[140.49312,40.68852],[140.49228,40.68776],[140.49221,40.68642],[140.49179,40.68607],[140.49275,40.68559],[140.49207,40.68458],[140.49062,40.68405],[140.48939,40.68427],[140.48852,40.68391],[140.48845,40.68174],[140.48778,40.68079],[140.48532,40.68309],[140.48367,40.68228],[140.48295,40.68269],[140.48265,40.68363],[140.48198,40.68367],[140.47943,40.68307],[140.47904,40.68268],[140.47916,40.68181],[140.47783,40.68144],[140.47704,40.6802],[140.47605,40.67976],[140.47461,40.67989],[140.47589,40.67811],[140.47659,40.67659],[140.47813,40.67617],[140.4787,40.67515],[140.47873,40.67462],[140.47819,40.67392],[140.4784,40.67324],[140.47915,40.67247],[140.47914,40.67112],[140.47748,40.66994],[140.47776,40.66934],[140.47865,40.6689],[140.47789,40.66822],[140.47638,40.66726],[140.47527,40.66633],[140.47216,40.66617],[140.47152,40.66663],[140.47118,40.66735],[140.47056,40.66776],[140.46944,40.66798],[140.46768,40.66979],[140.46776,40.67145],[140.46695,40.67159],[140.46547,40.67051],[140.46518,40.66997],[140.46393,40.66925],[140.46284,40.66927],[140.4625,40.66898],[140.46169,40.66748],[140.46107,40.66562],[140.46134,40.66542],[140.46102,40.66375],[140.46078,40.66138],[140.4643,40.66163],[140.46493,40.66152],[140.46566,40.66069],[140.46645,40.65727],[140.46724,40.65535],[140.46888,40.6542],[140.47035,40.65281],[140.47181,40.6508],[140.47309,40.65134],[140.47366,40.65191],[140.47475,40.65078],[140.47523,40.65001],[140.47544,40.64901],[140.47644,40.64852],[140.47652,40.64647],[140.47802,40.64557],[140.47961,40.64552],[140.48045,40.64577],[140.48119,40.64685],[140.48152,40.64858],[140.48182,40.64935],[140.48279,40.65077],[140.48289,40.6515],[140.48356,40.65157],[140.48583,40.6523],[140.48787,40.6521],[140.49067,40.65148],[140.49352,40.65076],[140.49444,40.65023],[140.4948,40.64971],[140.49505,40.64552],[140.49553,40.64415],[140.49706,40.64262],[140.4985,40.64253],[140.5004,40.64155],[140.50209,40.64126],[140.50478,40.64233],[140.50623,40.64249],[140.50655,40.64302],[140.50938,40.6431],[140.50952,40.64452],[140.51042,40.64447],[140.51103,40.64533],[140.51495,40.64508],[140.51592,40.6452],[140.5148,40.64626],[140.51517,40.64742],[140.51622,40.64905],[140.51769,40.64872],[140.51771,40.64924],[140.5184,40.65071],[140.51891,40.651],[140.51989,40.65073],[140.52137,40.6539],[140.52298,40.65707],[140.52261,40.65844],[140.52284,40.6592],[140.52246,40.66146],[140.52429,40.66075],[140.52619,40.65965],[140.52623,40.66011],[140.52759,40.66023],[140.52825,40.65989],[140.52835,40.65923],[140.53054,40.65925],[140.53113,40.6604],[140.53092,40.66294],[140.53434,40.66094],[140.53529,40.661],[140.53695,40.65989],[140.53761,40.65987],[140.53867,40.65917],[140.54123,40.65905],[140.54227,40.65944],[140.54396,40.65921],[140.54496,40.6589],[140.54769,40.65916],[140.54757,40.66002],[140.54791,40.66089],[140.54973,40.66242],[140.55166,40.66061],[140.55389,40.66203],[140.55565,40.66043],[140.55601,40.66056],[140.55782,40.65951],[140.5584,40.65986],[140.55847,40.66085],[140.5582,40.6625],[140.5579,40.663],[140.55989,40.66612],[140.56012,40.66613],[140.56141,40.66761],[140.56228,40.66731],[140.56332,40.66799],[140.56345,40.66911],[140.56451,40.66962],[140.5657,40.66972],[140.56592,40.67039],[140.56648,40.67071],[140.56642,40.67149],[140.56562,40.67195],[140.56598,40.6728],[140.56715,40.67267],[140.56747,40.67443],[140.56952,40.67351],[140.57088,40.6731],[140.57133,40.67259],[140.57203,40.67233],[140.57529,40.67763],[140.57656,40.67718],[140.57662,40.67989],[140.57837,40.67992],[140.57825,40.68169],[140.57784,40.68403],[140.57793,40.68486],[140.57902,40.68507],[140.57825,40.68732],[140.57678,40.68766],[140.5719,40.68943],[140.57091,40.6892],[140.56959,40.68826],[140.5687,40.6879],[140.56783,40.68786],[140.56637,40.68841],[140.56447,40.68865],[140.5629,40.68856],[140.561,40.68805],[140.55918,40.68806],[140.55756,40.68689],[140.55675,40.68613],[140.55576,40.68486],[140.55552,40.68406],[140.55557,40.68142],[140.55537,40.68065],[140.55622,40.67861],[140.55527,40.67678],[140.55438,40.67701],[140.55364,40.67611],[140.55335,40.67445],[140.55156,40.67072],[140.55033,40.66971],[140.54968,40.6708],[140.54905,40.67144],[140.54926,40.67219],[140.5489,40.67408],[140.5492,40.67468],[140.54799,40.67477],[140.54427,40.67712],[140.54463,40.6774],[140.54401,40.67824],[140.54465,40.67948],[140.54331,40.67998],[140.54381,40.68063],[140.54145,40.68315],[140.54251,40.68418],[140.54326,40.6846],[140.54217,40.68574],[140.54164,40.68542],[140.54016,40.68712],[140.54073,40.68766],[140.54236,40.68744],[140.54382,40.68693],[140.54535,40.68673],[140.54581,40.68797],[140.54497,40.68796],[140.54552,40.68907],[140.54531,40.68965],[140.5458,40.691],[140.54505,40.69118],[140.54633,40.69476],[140.54759,40.69526],[140.54875,40.69548],[140.54838,40.69621],[140.54793,40.69808],[140.54706,40.70028],[140.54444,40.70098],[140.54345,40.70159],[140.54334,40.70224],[140.54127,40.70331],[140.53692,40.70599],[140.53618,40.70693],[140.53596,40.7077],[140.53531,40.70842],[140.53458,40.70875],[140.53427,40.70985],[140.53293,40.71148],[140.5312,40.71221],[140.52916,40.71424],[140.52778,40.71582],[140.52853,40.7163],[140.52624,40.71794],[140.52514,40.7199],[140.52432,40.72041],[140.5224,40.7209],[140.52113,40.72196]]]]}},
  {"type":"Feature","properties":{"name":"大鰐町","code":"02362"},"geometry":{"type":"MultiPolygon","coordinates":[[[[140.43721,40.47826],[140.43646,40.47729],[140.4362,40.47625],[140.43506,40.47471],[140.43521,40.47378],[140.43385,40.47273],[140.43321,40.47185],[140.43354,40.47147],[140.43317,40.46988],[140.43351,40.46936],[140.43346,40.4677],[140.43563,40.46657],[140.43702,40.46547],[140.43735,40.46436],[140.43739,40.46221],[140.43682,40.46052],[140.43671,40.45949],[140.43781,40.45885],[140.43792,40.45783],[140.43747,40.45606],[140.43755,40.45527],[140.43883,40.45394],[140.43937,40.45295],[140.44032,40.45249],[140.4397,40.45041],[140.43995,40.45008],[140.44159,40.44996],[140.44257,40.45013],[140.44382,40.45063],[140.44526,40.45224],[140.44718,40.45258],[140.44866,40.45396],[140.45007,40.45406],[140.45153,40.45351],[140.45249,40.45346],[140.45343,40.45437],[140.45544,40.45487],[140.45628,40.45494],[140.4577,40.45537],[140.45941,40.45645],[140.46075,40.45605],[140.46317,40.45592],[140.46422,40.45643],[140.46473,40.45618],[140.46565,40.45519],[140.46589,40.45398],[140.46779,40.45384],[140.47064,40.45342],[140.47196,40.45369],[140.47334,40.45339],[140.47532,40.45343],[140.47666,40.45291],[140.47765,40.45307],[140.47857,40.45236],[140.47937,40.45226],[140.48101,40.45164],[140.48097,40.4505],[140.48167,40.44927],[140.48378,40.4474],[140.48432,40.44622],[140.48386,40.44467],[140.48373,40.44348],[140.48318,40.44278],[140.48167,40.44215],[140.48138,40.44176],[140.48516,40.44087],[140.48627,40.44038],[140.48801,40.43932],[140.48971,40.43848],[140.49151,40.43796],[140.49259,40.43803],[140.49505,40.43692],[140.49652,40.43653],[140.49801,40.43645],[140.49997,40.43503],[140.50132,40.43429],[140.50179,40.4327],[140.50257,40.43145],[140.50528,40.43013],[140.50757,40.42927],[140.50845,40.42853],[140.51053,40.42868],[140.51112,40.42906],[140.51232,40.4293],[140.51368,40.42854],[140.51728,40.43032],[140.51883,40.43079],[140.52146,40.4304],[140.5233,40.43092],[140.52468,40.43077],[140.52636,40.43087],[140.52788,40.43133],[140.52965,40.43054],[140.52991,40.43026],[140.52993,40.42837],[140.53058,40.42792],[140.53081,40.42671],[140.53019,40.42499],[140.52936,40.42325],[140.52981,40.42026],[140.52563,40.41953],[140.52427,40.41967],[140.52439,40.41895],[140.524,40.41666],[140.5249,40.41457],[140.52514,40.41327],[140.52446,40.4116],[140.52366,40.41087],[140.52381,40.41021],[140.52606,40.41034],[140.52683,40.41058],[140.52897,40.41086],[140.53019,40.41136],[140.53218,40.41128],[140.53383,40.41026],[140.53589,40.40952],[140.53629,40.40857],[140.53729,40.40767],[140.53779,40.40503],[140.53814,40.4046],[140.53938,40.40406],[140.54014,40.40297],[140.54078,40.40268],[140.54289,40.40326],[140.54385,40.40275],[140.54492,40.40272],[140.54735,40.40391],[140.54795,40.40388],[140.54839,40.40291],[140.54994,40.40223],[140.55055,40.40094],[140.55253,40.40062],[140.55308,40.40028],[140.55479,40.3999],[140.55634,40.39919],[140.55728,40.39856],[140.55828,40.39737],[140.55915,40.39706],[140.56068,40.39769],[140.56177,40.39761],[140.56317,40.39822],[140.56419,40.3983],[140.56544,40.39804],[140.56707,40.39864],[140.56874,40.4004],[140.56879,40.40092],[140.56796,40.40138],[140.56658,40.40305],[140.56571,40.40369],[140.5662,40.40484],[140.56597,40.40647],[140.56469,40.40809],[140.56357,40.40854],[140.5627,40.40981],[140.56105,40.41018],[140.55936,40.41134],[140.55856,40.41339],[140.55791,40.41407],[140.5569,40.41444],[140.55625,40.41516],[140.55638,40.41632],[140.55557,40.41749],[140.55477,40.4192],[140.55321,40.41998],[140.55337,40.42056],[140.55479,40.42162],[140.55485,40.42245],[140.55566,40.42307],[140.55701,40.42461],[140.55764,40.42569],[140.5588,40.42572],[140.56091,40.42606],[140.56216,40.42702],[140.56295,40.42608],[140.56479,40.42569],[140.56619,40.42595],[140.56838,40.42614],[140.57032,40.42602],[140.57145,40.42616],[140.5741,40.42614],[140.57561,40.42892],[140.57724,40.42928],[140.57845,40.42888],[140.58,40.42953],[140.58189,40.42984],[140.58338,40.42982],[140.58529,40.42901],[140.58722,40.42929],[140.58871,40.4302],[140.59004,40.43366],[140.58973,40.43611],[140.58984,40.43633],[140.59218,40.43832],[140.59374,40.43943],[140.59506,40.43998],[140.59746,40.44053],[140.59786,40.44124],[140.59915,40.44265],[140.59928,40.44388],[140.60049,40.44577],[140.60074,40.44741],[140.6011,40.4485],[140.59948,40.44922],[140.59916,40.44991],[140.60043,40.45085],[140.60107,40.45184],[140.60126,40.45287],[140.60079,40.45477],[140.60041,40.45528],[140.60037,40.45659],[140.59984,40.45753],[140.59981,40.4587],[140.59927,40.45959],[140.59959,40.46068],[140.59921,40.46242],[140.5994,40.46405],[140.6,40.46638],[140.59898,40.4686],[140.59747,40.46948],[140.59805,40.47155],[140.59786,40.47211],[140.59851,40.47391],[140.59864,40.47561],[140.59806,40.4765],[140.59664,40.47689],[140.59609,40.47799],[140.59556,40.4781],[140.594,40.47783],[140.59229,40.47811],[140.59173,40.4789],[140.59178,40.47995],[140.59143,40.48063],[140.58914,40.48246],[140.58616,40.48321],[140.5854,40.48392],[140.58341,40.48518],[140.58353,40.48555],[140.58486,40.4868],[140.58566,40.48713],[140.58759,40.48734],[140.58895,40.48772],[140.59092,40.48922],[140.59216,40.49052],[140.59306,40.49348],[140.59352,40.49389],[140.59448,40.49392],[140.59629,40.49343],[140.59786,40.49337],[140.59949,40.49306],[140.60065,40.49194],[140.60155,40.49141],[140.60263,40.49032],[140.60399,40.49037],[140.60522,40.49008],[140.60601,40.48894],[140.60593,40.48817],[140.60521,40.48654],[140.60514,40.48599],[140.60552,40.48429],[140.60583,40.48368],[140.60575,40.48292],[140.60616,40.48191],[140.60685,40.48119],[140.6072,40.47974],[140.60837,40.47888],[140.60995,40.47873],[140.611,40.4788],[140.61287,40.47952],[140.61408,40.48072],[140.61439,40.48375],[140.61502,40.48455],[140.6164,40.48531],[140.61609,40.48651],[140.61687,40.48994],[140.61732,40.49133],[140.61917,40.49199],[140.61945,40.49243],[140.61952,40.49503],[140.62034,40.49618],[140.62119,40.49793],[140.62395,40.49895],[140.62413,40.49878],[140.62449,40.49644],[140.62542,40.49565],[140.62821,40.49551],[140.63042,40.49433],[140.63083,40.49427],[140.63225,40.4949],[140.63325,40.49499],[140.63426,40.49436],[140.6359,40.49498],[140.63729,40.4942],[140.63919,40.49432],[140.64051,40.49402],[140.64181,40.49432],[140.64326,40.49386],[140.64391,40.49334],[140.64452,40.49338],[140.64556,40.49399],[140.64651,40.49424],[140.64841,40.49385],[140.65004,40.49434],[140.65028,40.49509],[140.65111,40.49549],[140.65219,40.49551],[140.65295,40.49599],[140.65428,40.49643],[140.65519,40.49724],[140.65646,40.4978],[140.65683,40.49837],[140.65811,40.4987],[140.65991,40.4995],[140.66061,40.50061],[140.66225,40.50086],[140.66351,40.5015],[140.66618,40.50258],[140.66689,40.50326],[140.66832,40.50414],[140.66926,40.50516],[140.67037,40.5059],[140.67188,40.50725],[140.67311,40.50776],[140.6744,40.50789],[140.67579,40.50833],[140.67634,40.50888],[140.67778,40.50947],[140.67892,40.51104],[140.67866,40.51196],[140.679,40.51302],[140.67736,40.51394],[140.67705,40.515],[140.67727,40.51623],[140.6765,40.51702],[140.67671,40.51868],[140.67732,40.52082],[140.67721,40.52179],[140.67589,40.52161],[140.67435,40.522],[140.67303,40.52348],[140.67282,40.52447],[140.67178,40.52506],[140.67118,40.52599],[140.66956,40.52588],[140.66745,40.52856],[140.66649,40.52868],[140.66564,40.52925],[140.66528,40.52991],[140.66336,40.53044],[140.65909,40.53055],[140.65752,40.5316],[140.65287,40.53193],[140.65191,40.53154],[140.6509,40.53147],[140.64947,40.53181],[140.64847,40.53167],[140.64833,40.53279],[140.64703,40.53359],[140.64612,40.53363],[140.64494,40.53416],[140.64514,40.53483],[140.6461,40.53545],[140.64623,40.53591],[140.64543,40.53656],[140.64498,40.53947],[140.64515,40.54105],[140.64443,40.54112],[140.64286,40.54068],[140.64127,40.54006],[140.64138,40.53879],[140.64102,40.53785],[140.63996,40.537],[140.63862,40.53682],[140.63752,40.53626],[140.63559,40.53618],[140.63416,40.53531],[140.63309,40.53512],[140.63062,40.53574],[140.63168,40.53805],[140.63134,40.53857],[140.62952,40.53911],[140.62753,40.54052],[140.62557,40.53916],[140.62117,40.53742],[140.6192,40.53756],[140.61796,40.53663],[140.61754,40.53609],[140.61636,40.53602],[140.61561,40.53551],[140.61449,40.53563],[140.6135,40.53636],[140.61151,40.53618],[140.61028,40.53634],[140.60928,40.53624],[140.60879,40.53666],[140.60611,40.53755],[140.60527,40.53851],[140.60369,40.53953],[140.60231,40.53905],[140.60038,40.54016],[140.60023,40.54067],[140.59928,40.54113],[140.59815,40.54284],[140.59671,40.5425],[140.59584,40.54187],[140.5945,40.54216],[140.593,40.54149],[140.59095,40.54222],[140.58994,40.54127],[140.58769,40.54079],[140.58521,40.54151],[140.58462,40.54077],[140.58389,40.54038],[140.58324,40.5395],[140.58303,40.5383],[140.58122,40.5379],[140.57918,40.53726],[140.57782,40.53713],[140.57686,40.53728],[140.57601,40.53771],[140.57502,40.53931],[140.57416,40.54014],[140.57303,40.54163],[140.57198,40.54266],[140.57069,40.54364],[140.56925,40.5442],[140.56754,40.54381],[140.56712,40.54305],[140.56514,40.54276],[140.56407,40.54292],[140.56333,40.54383],[140.56214,40.54479],[140.56158,40.54484],[140.56135,40.54559],[140.56013,40.54598],[140.55967,40.54795],[140.5593,40.54875],[140.55734,40.54982],[140.55722,40.54947],[140.55389,40.55001],[140.55354,40.54922],[140.55542,40.54517],[140.55388,40.5454],[140.55418,40.54169],[140.55343,40.54089],[140.55439,40.53925],[140.55445,40.53874],[140.55349,40.53852],[140.55377,40.53721],[140.55313,40.53706],[140.55105,40.53612],[140.55017,40.53802],[140.54891,40.54024],[140.5474,40.54172],[140.546,40.54345],[140.54639,40.5471],[140.54622,40.54735],[140.5443,40.54727],[140.54352,40.54651],[140.5425,40.54632],[140.54141,40.54538],[140.54143,40.54471],[140.54188,40.54414],[140.54136,40.5432],[140.54185,40.54137],[140.54153,40.54058],[140.54169,40.5399],[140.54133,40.53929],[140.53926,40.53867],[140.53812,40.53538],[140.53736,40.53465],[140.53678,40.53252],[140.53536,40.53001],[140.53444,40.52902],[140.53374,40.52891],[140.53323,40.52779],[140.53251,40.52729],[140.53113,40.52695],[140.53005,40.52704],[140.52852,40.52777],[140.52781,40.52725],[140.52713,40.52523],[140.52505,40.52477],[140.52399,40.52378],[140.52206,40.52351],[140.52008,40.52287],[140.51843,40.52324],[140.51625,40.52346],[140.51522,40.5232],[140.51362,40.52208],[140.51193,40.5221],[140.5112,40.5237],[140.51042,40.52424],[140.50915,40.52404],[140.50842,40.52366],[140.50725,40.52384],[140.50376,40.52306],[140.50187,40.52235],[140.4993,40.52188],[140.49861,40.52116],[140.49764,40.52074],[140.49652,40.52096],[140.49386,40.52191],[140.49246,40.52172],[140.48968,40.52008],[140.48838,40.5197],[140.48771,40.51975],[140.4855,40.51929],[140.48429,40.5185],[140.48358,40.51675],[140.48279,40.51594],[140.48187,40.51461],[140.4821,40.51376],[140.4831,40.51339],[140.48504,40.51189],[140.48457,40.51002],[140.48392,40.50835],[140.48409,40.50787],[140.48258,40.507],[140.48108,40.50689],[140.47987,40.50599],[140.47918,40.50581],[140.47821,40.50493],[140.47714,40.50429],[140.47576,40.50421],[140.47345,40.50375],[140.47212,40.50417],[140.47036,40.50372],[140.46577,40.50355],[140.46343,40.50318],[140.46293,40.50322],[140.46182,40.50234],[140.46204,40.50145],[140.46194,40.50009],[140.46263,40.49832],[140.46197,40.49708],[140.45987,40.49472],[140.45843,40.49378],[140.45873,40.49282],[140.46096,40.49135],[140.46178,40.4897],[140.46298,40.48867],[140.46351,40.48789],[140.46465,40.48688],[140.46411,40.48504],[140.46434,40.48383],[140.46399,40.48343],[140.46283,40.4829],[140.4622,40.48234],[140.46153,40.48089],[140.46056,40.48033],[140.45926,40.48023],[140.45708,40.481],[140.45436,40.48123],[140.45332,40.4807],[140.45225,40.48059],[140.45118,40.48011],[140.44984,40.47841],[140.44856,40.4779],[140.44705,40.47899],[140.44438,40.48025],[140.44137,40.47987],[140.4403,40.4787],[140.43721,40.47826]]]]}},
  {"type":"Feature","properties":{"name":"田舎館村","code":"02367"},"geometry":{"type":"MultiPolygon","coordinates":[[[[140.51384,40.61524],[140.51488,40.61552],[140.51561,40.61609],[140.51623,40.61606],[140.51615,40.61705],[140.51681,40.61765],[140.51678,40.61847],[140.51535,40.61888],[140.51614,40.6194],[140.51838,40.62388],[140.52068,40.62424],[140.52131,40.62542],[140.52209,40.62518],[140.52244,40.62576],[140.52391,40.62536],[140.52442,40.62627],[140.52587,40.62593],[140.52724,40.6285],[140.52978,40.62772],[140.53032,40.62854],[140.53117,40.62841],[140.5337,40.6293],[140.53459,40.62971],[140.53637,40.62992],[140.53705,40.62916],[140.53905,40.62809],[140.54047,40.62763],[140.54273,40.62735],[140.54273,40.62687],[140.54429,40.62668],[140.54402,40.62462],[140.54226,40.62473],[140.54216,40.62395],[140.55017,40.62341],[140.55023,40.62394],[140.55704,40.62343],[140.55724,40.62492],[140.5636,40.6244],[140.56384,40.62589],[140.56621,40.62567],[140.56671,40.62717],[140.56786,40.6269],[140.56825,40.62796],[140.5721,40.62672],[140.57276,40.6278],[140.56818,40.62848],[140.56802,40.62877],[140.56954,40.62975],[140.57061,40.6301],[140.57336,40.63036],[140.57699,40.63093],[140.57982,40.63086],[140.58208,40.63095],[140.58094,40.63106],[140.58147,40.63409],[140.58172,40.63497],[140.58007,40.63596],[140.57736,40.63704],[140.57535,40.63689],[140.57457,40.63751],[140.57356,40.63762],[140.57245,40.63956],[140.57307,40.63963],[140.57325,40.64084],[140.57357,40.641],[140.57535,40.64338],[140.57573,40.64476],[140.57522,40.64568],[140.57323,40.64715],[140.57476,40.64934],[140.57384,40.65044],[140.57396,40.6515],[140.57186,40.65151],[140.57109,40.6518],[140.56988,40.65264],[140.56855,40.65329],[140.56755,40.65352],[140.56677,40.65425],[140.56678,40.65552],[140.56622,40.65574],[140.56581,40.65667],[140.56582,40.65832],[140.56507,40.66047],[140.56745,40.66189],[140.56938,40.66009],[140.57059,40.66068],[140.57293,40.65852],[140.57317,40.65845],[140.576,40.66018],[140.57361,40.6624],[140.57439,40.663],[140.56824,40.66874],[140.56869,40.66924],[140.56986,40.66935],[140.57097,40.67074],[140.57049,40.67126],[140.57133,40.67259],[140.57088,40.6731],[140.56952,40.67351],[140.56747,40.67443],[140.56715,40.67267],[140.56598,40.6728],[140.56562,40.67195],[140.56642,40.67149],[140.56648,40.67071],[140.56592,40.67039],[140.5657,40.66972],[140.56451,40.66962],[140.56345,40.66911],[140.56332,40.66799],[140.56228,40.66731],[140.56141,40.66761],[140.56012,40.66613],[140.55989,40.66612],[140.5579,40.663],[140.5582,40.6625],[140.55847,40.66085],[140.5584,40.65986],[140.55782,40.65951],[140.55601,40.66056],[140.55565,40.66043],[140.55389,40.66203],[140.55166,40.66061],[140.54973,40.66242],[140.54791,40.66089],[140.54757,40.66002],[140.54769,40.65916],[140.54496,40.6589],[140.54396,40.65921],[140.54227,40.65944],[140.54123,40.65905],[140.53867,40.65917],[140.53761,40.65987],[140.53695,40.65989],[140.53529,40.661],[140.53434,40.66094],[140.53092,40.66294],[140.53113,40.6604],[140.53054,40.65925],[140.52835,40.65923],[140.52825,40.65989],[140.52759,40.66023],[140.52623,40.66011],[140.52619,40.65965],[140.52429,40.66075],[140.52246,40.66146],[140.52284,40.6592],[140.52261,40.65844],[140.52298,40.65707],[140.52137,40.6539],[140.51989,40.65073],[140.51891,40.651],[140.5184,40.65071],[140.51771,40.64924],[140.51769,40.64872],[140.51622,40.64905],[140.51517,40.64742],[140.5148,40.64626],[140.51592,40.6452],[140.51495,40.64508],[140.51103,40.64533],[140.51042,40.64447],[140.50952,40.64452],[140.50938,40.6431],[140.50655,40.64302],[140.50623,40.64249],[140.50478,40.64233],[140.50209,40.64126],[140.5004,40.64155],[140.4985,40.64253],[140.49706,40.64262],[140.49841,40.64078],[140.4988,40.63984],[140.4993,40.6378],[140.49907,40.63635],[140.49847,40.6355],[140.49982,40.63219],[140.50142,40.63098],[140.50169,40.63029],[140.50408,40.63033],[140.50498,40.63019],[140.50616,40.62926],[140.50578,40.62742],[140.50479,40.62652],[140.50441,40.62589],[140.50444,40.6245],[140.50505,40.62381],[140.50622,40.62304],[140.50947,40.62199],[140.51144,40.62102],[140.51166,40.62041],[140.5115,40.61887],[140.51167,40.61726],[140.51199,40.61635],[140.51307,40.61541],[140.51384,40.61524]]]]}},
  {"type":"Feature","properties":{"name":"板柳町","code":"02381"},"geometry":{"type":"MultiPolygon","coordinates":[[[[140.52024,40.72969],[140.51845,40.73215],[140.51535,40.73392],[140.51391,40.73488],[140.5133,40.73554],[140.51219,40.73586],[140.513,40.73635],[140.51242,40.73701],[140.51337,40.73754],[140.51373,40.73879],[140.51428,40.73945],[140.51547,40.74006],[140.51543,40.74064],[140.51361,40.74167],[140.51296,40.74302],[140.51349,40.74375],[140.5121,40.74448],[140.51152,40.74601],[140.5116,40.74737],[140.51259,40.74776],[140.51279,40.7482],[140.51231,40.7488],[140.51257,40.7493],[140.5141,40.74999],[140.51402,40.75043],[140.51308,40.75093],[140.51282,40.7521],[140.51325,40.75328],[140.51413,40.75372],[140.51427,40.75425],[140.51339,40.7547],[140.51373,40.7571],[140.5133,40.75776],[140.51219,40.7582],[140.5108,40.75841],[140.50918,40.75698],[140.50843,40.75752],[140.50869,40.75818],[140.50864,40.7594],[140.50813,40.75971],[140.50725,40.75921],[140.50529,40.76027],[140.50385,40.75994],[140.50335,40.75903],[140.50351,40.75776],[140.50211,40.75751],[140.50132,40.75978],[140.50104,40.76005],[140.49902,40.75993],[140.49774,40.75947],[140.49797,40.7583],[140.49734,40.75801],[140.49899,40.75695],[140.49957,40.75637],[140.5008,40.75287],[140.49977,40.75263],[140.50116,40.74864],[140.4986,40.74898],[140.50143,40.74063],[140.49873,40.74015],[140.49891,40.74408],[140.49769,40.74391],[140.49365,40.74388],[140.49367,40.74685],[140.49452,40.74684],[140.49409,40.74792],[140.49223,40.74702],[140.49194,40.7476],[140.49098,40.74766],[140.491,40.74859],[140.49021,40.74854],[140.49022,40.74921],[140.48889,40.74886],[140.48849,40.74775],[140.48786,40.74761],[140.48766,40.74671],[140.48576,40.74696],[140.48449,40.74837],[140.48379,40.74847],[140.48337,40.74961],[140.48227,40.74983],[140.4812,40.74919],[140.47938,40.75005],[140.47871,40.7508],[140.47864,40.75223],[140.47695,40.75386],[140.47385,40.75214],[140.47259,40.75213],[140.47235,40.7513],[140.47278,40.75111],[140.4723,40.75008],[140.47283,40.74984],[140.47247,40.74842],[140.47098,40.74713],[140.47029,40.74626],[140.47039,40.74587],[140.4721,40.74438],[140.46949,40.74273],[140.46963,40.74197],[140.47012,40.74161],[140.46909,40.74085],[140.46805,40.74045],[140.4686,40.74001],[140.46755,40.73934],[140.46744,40.73896],[140.46797,40.73752],[140.46803,40.73586],[140.46843,40.73546],[140.46821,40.7338],[140.46856,40.7332],[140.4684,40.73164],[140.46751,40.73164],[140.46766,40.73064],[140.46717,40.72856],[140.46675,40.72764],[140.46574,40.72656],[140.46651,40.72581],[140.46725,40.72469],[140.46679,40.7246],[140.46537,40.72657],[140.46467,40.72807],[140.46302,40.72989],[140.46218,40.73032],[140.45986,40.73108],[140.4579,40.73055],[140.45587,40.7308],[140.45469,40.73047],[140.4547,40.72933],[140.45497,40.72813],[140.45306,40.72778],[140.4525,40.72801],[140.45226,40.72891],[140.45135,40.72888],[140.45134,40.72957],[140.45055,40.72942],[140.44945,40.73027],[140.44948,40.729],[140.44837,40.72981],[140.44688,40.73044],[140.4449,40.73],[140.44429,40.72966],[140.44685,40.72816],[140.44518,40.72572],[140.44385,40.7266],[140.44316,40.72667],[140.44355,40.72818],[140.44284,40.72867],[140.44096,40.7293],[140.44078,40.7304],[140.44081,40.73244],[140.441,40.73422],[140.44082,40.73478],[140.43965,40.73452],[140.44006,40.7335],[140.43876,40.73322],[140.43999,40.72979],[140.43893,40.73023],[140.43784,40.72999],[140.43738,40.72944],[140.4381,40.72869],[140.43883,40.72831],[140.43807,40.72764],[140.43818,40.7272],[140.43912,40.72627],[140.43774,40.72422],[140.43614,40.72613],[140.43451,40.72611],[140.4351,40.72486],[140.43434,40.72468],[140.4339,40.72388],[140.43185,40.72514],[140.43038,40.72626],[140.42859,40.72528],[140.429,40.72371],[140.42833,40.72218],[140.42655,40.72201],[140.42703,40.72075],[140.42732,40.71863],[140.42793,40.71704],[140.42943,40.71512],[140.43122,40.7133],[140.43296,40.71179],[140.4342,40.71039],[140.43577,40.70807],[140.43663,40.70744],[140.44003,40.70647],[140.44169,40.70552],[140.4429,40.70337],[140.44389,40.70079],[140.44473,40.6994],[140.44562,40.69831],[140.44737,40.69735],[140.45077,40.69659],[140.45285,40.69538],[140.45363,40.69464],[140.45416,40.69331],[140.45478,40.68966],[140.45543,40.68835],[140.45608,40.68757],[140.45953,40.68596],[140.46122,40.68538],[140.46237,40.68435],[140.46235,40.68273],[140.4675,40.68302],[140.46846,40.68133],[140.46643,40.68061],[140.46342,40.67909],[140.46347,40.67732],[140.46368,40.67596],[140.46344,40.67537],[140.4634,40.67416],[140.46425,40.67242],[140.46547,40.67051],[140.46695,40.67159],[140.46776,40.67145],[140.46768,40.66979],[140.46944,40.66798],[140.47056,40.66776],[140.47118,40.66735],[140.47152,40.66663],[140.47216,40.66617],[140.47527,40.66633],[140.47638,40.66726],[140.47789,40.66822],[140.47865,40.6689],[140.47776,40.66934],[140.47748,40.66994],[140.47914,40.67112],[140.47915,40.67247],[140.4784,40.67324],[140.47819,40.67392],[140.47873,40.67462],[140.4787,40.67515],[140.47813,40.67617],[140.47659,40.67659],[140.47589,40.67811],[140.47461,40.67989],[140.47605,40.67976],[140.47704,40.6802],[140.47783,40.68144],[140.47916,40.68181],[140.47904,40.68268],[140.47943,40.68307],[140.48198,40.68367],[140.48265,40.68363],[140.48295,40.68269],[140.48367,40.68228],[140.48532,40.68309],[140.48778,40.68079],[140.48845,40.68174],[140.48852,40.68391],[140.48939,40.68427],[140.49062,40.68405],[140.49207,40.68458],[140.49275,40.68559],[140.49179,40.68607],[140.49221,40.68642],[140.49228,40.68776],[140.49312,40.68852],[140.49286,40.68966],[140.49177,40.69016],[140.49141,40.69192],[140.49187,40.69334],[140.49144,40.695],[140.49142,40.69588],[140.4926,40.69733],[140.49254,40.69799],[140.49302,40.69949],[140.49484,40.69983],[140.49506,40.70113],[140.49549,40.70097],[140.49828,40.70225],[140.49909,40.70114],[140.50052,40.70236],[140.5015,40.70438],[140.50112,40.70484],[140.50146,40.70559],[140.50115,40.70706],[140.50226,40.7065],[140.50266,40.70946],[140.50446,40.70934],[140.5044,40.70877],[140.50556,40.70867],[140.50549,40.70775],[140.50659,40.70767],[140.50625,40.70482],[140.50768,40.70475],[140.50753,40.70234],[140.5086,40.70179],[140.50972,40.70208],[140.51093,40.70163],[140.51092,40.70133],[140.50981,40.70031],[140.50979,40.69907],[140.51207,40.69879],[140.51269,40.69948],[140.51448,40.69939],[140.51598,40.69799],[140.51629,40.69803],[140.51832,40.69605],[140.51881,40.69355],[140.51823,40.69196],[140.51861,40.69163],[140.51968,40.69219],[140.52187,40.69117],[140.5222,40.69132],[140.52591,40.68965],[140.52772,40.68898],[140.5303,40.68876],[140.53361,40.68825],[140.5362,40.68814],[140.53624,40.68837],[140.53341,40.68859],[140.5304,40.68904],[140.52766,40.68932],[140.52397,40.69087],[140.52197,40.69209],[140.52132,40.69274],[140.52041,40.69435],[140.52085,40.6947],[140.52201,40.69484],[140.52237,40.69578],[140.52334,40.69555],[140.52441,40.69843],[140.5273,40.69781],[140.52813,40.7001],[140.5286,40.70027],[140.52825,40.70189],[140.52677,40.70455],[140.52649,40.70581],[140.52502,40.70826],[140.52533,40.71015],[140.52522,40.71111],[140.52446,40.71246],[140.52374,40.71322],[140.5233,40.71451],[140.52311,40.71576],[140.52244,40.71682],[140.52117,40.71777],[140.5206,40.71881],[140.52049,40.71991],[140.52113,40.72196],[140.52148,40.72358],[140.52219,40.72493],[140.52238,40.72646],[140.52163,40.7269],[140.52154,40.72817],[140.52128,40.72867],[140.52036,40.72909],[140.52024,40.72969]]]]}},
  {"type":"Feature","properties":{"name":"鶴田町","code":"02384"},"geometry":{"type":"MultiPolygon","coordinates":[[[[140.42655,40.72201],[140.42833,40.72218],[140.429,40.72371],[140.42859,40.72528],[140.43038,40.72626],[140.43185,40.72514],[140.4339,40.72388],[140.43434,40.72468],[140.4351,40.72486],[140.43451,40.72611],[140.43614,40.72613],[140.43774,40.72422],[140.43912,40.72627],[140.43818,40.7272],[140.43807,40.72764],[140.43883,40.72831],[140.4381,40.72869],[140.43738,40.72944],[140.43784,40.72999],[140.43893,40.73023],[140.43999,40.72979],[140.43876,40.73322],[140.44006,40.7335],[140.43965,40.73452],[140.44082,40.73478],[140.441,40.73422],[140.44081,40.73244],[140.44078,40.7304],[140.44096,40.7293],[140.44284,40.72867],[140.44355,40.72818],[140.44316,40.72667],[140.44385,40.7266],[140.44518,40.72572],[140.44685,40.72816],[140.44429,40.72966],[140.4449,40.73],[140.44688,40.73044],[140.44837,40.72981],[140.44948,40.729],[140.44945,40.73027],[140.45055,40.72942],[140.45134,40.72957],[140.45135,40.72888],[140.45226,40.72891],[140.4525,40.72801],[140.45306,40.72778],[140.45497,40.72813],[140.4547,40.72933],[140.45469,40.73047],[140.45587,40.7308],[140.4579,40.73055],[140.45986,40.73108],[140.46218,40.73032],[140.46302,40.72989],[140.46467,40.72807],[140.46537,40.72657],[140.46679,40.7246],[140.46725,40.72469],[140.46651,40.72581],[140.46574,40.72656],[140.46675,40.72764],[140.46717,40.72856],[140.46766,40.73064],[140.46751,40.73164],[140.4684,40.73164],[140.46856,40.7332],[140.46821,40.7338],[140.46843,40.73546],[140.46803,40.73586],[140.46797,40.73752],[140.46744,40.73896],[140.46755,40.73934],[140.4686,40.74001],[140.46805,40.74045],[140.46909,40.74085],[140.47012,40.74161],[140.46963,40.74197],[140.46949,40.74273],[140.4721,40.74438],[140.47039,40.74587],[140.47029,40.74626],[140.47098,40.74713],[140.47247,40.74842],[140.47283,40.74984],[140.4723,40.75008],[140.47278,40.75111],[140.47235,40.7513],[140.47259,40.75213],[140.47385,40.75214],[140.47695,40.75386],[140.47864,40.75223],[140.47871,40.7508],[140.47938,40.75005],[140.4812,40.74919],[140.48227,40.74983],[140.48337,40.74961],[140.48379,40.74847],[140.48449,40.74837],[140.48576,40.74696],[140.48766,40.74671],[140.48786,40.74761],[140.48849,40.74775],[140.48889,40.74886],[140.49022,40.74921],[140.49021,40.74854],[140.491,40.74859],[140.49098,40.74766],[140.49194,40.7476],[140.49223,40.74702],[140.49409,40.74792],[140.49452,40.74684],[140.49367,40.74685],[140.49365,40.74388],[140.49769,40.74391],[140.49891,40.74408],[140.49873,40.74015],[140.50143,40.74063],[140.4986,40.74898],[140.50116,40.74864],[140.49977,40.75263],[140.5008,40.75287],[140.49957,40.75637],[140.49899,40.75695],[140.49427,40.75602],[140.4928,40.75807],[140.49061,40.76075],[140.48969,40.76925],[140.48557,40.76886],[140.48587,40.7649],[140.485,40.76459],[140.48445,40.76394],[140.48368,40.76361],[140.48205,40.76383],[140.48012,40.76314],[140.47839,40.76323],[140.47761,40.76188],[140.47792,40.76058],[140.47865,40.75929],[140.47804,40.75892],[140.47784,40.75771],[140.47685,40.75805],[140.4755,40.75668],[140.47468,40.75666],[140.47351,40.75735],[140.47291,40.75638],[140.47189,40.75708],[140.46957,40.75761],[140.46889,40.75902],[140.46833,40.75936],[140.46761,40.76131],[140.4662,40.76125],[140.46585,40.76211],[140.46225,40.76128],[140.45896,40.76949],[140.45936,40.77077],[140.4579,40.77043],[140.45634,40.77081],[140.45596,40.77121],[140.45604,40.77291],[140.45517,40.77358],[140.45443,40.77332],[140.455,40.77198],[140.45377,40.77171],[140.45434,40.77034],[140.45311,40.77005],[140.45257,40.77141],[140.45169,40.77121],[140.45085,40.77155],[140.45009,40.77107],[140.44895,40.77166],[140.4476,40.77154],[140.44616,40.7718],[140.44509,40.77128],[140.44459,40.77146],[140.44396,40.77504],[140.44352,40.7752],[140.44415,40.77633],[140.44372,40.7775],[140.44458,40.77813],[140.44468,40.77892],[140.44406,40.77969],[140.44414,40.78028],[140.44341,40.78078],[140.44206,40.78051],[140.44107,40.78117],[140.44058,40.781],[140.43895,40.78134],[140.43914,40.78213],[140.43843,40.78295],[140.43927,40.78317],[140.43896,40.78403],[140.43825,40.78465],[140.43702,40.7845],[140.43708,40.78521],[140.43775,40.78553],[140.43796,40.78628],[140.43772,40.78732],[140.43829,40.78801],[140.43858,40.78924],[140.43749,40.78964],[140.43732,40.78905],[140.43657,40.78834],[140.43548,40.78796],[140.43411,40.78785],[140.43049,40.78781],[140.427,40.7881],[140.42463,40.78783],[140.42398,40.78749],[140.42249,40.78583],[140.42169,40.78461],[140.4211,40.78309],[140.41836,40.781],[140.41715,40.77997],[140.41628,40.77888],[140.41464,40.77648],[140.41554,40.77454],[140.41817,40.77335],[140.42028,40.77203],[140.42086,40.76941],[140.42135,40.76582],[140.42238,40.76458],[140.42141,40.76386],[140.41942,40.76312],[140.4195,40.76264],[140.41625,40.76357],[140.41567,40.76211],[140.41498,40.76214],[140.41423,40.7626],[140.41258,40.76528],[140.41142,40.76688],[140.41006,40.76816],[140.40893,40.76965],[140.4088,40.7714],[140.40833,40.77137],[140.40736,40.7724],[140.40622,40.77179],[140.40644,40.77081],[140.40568,40.77088],[140.40359,40.7702],[140.40098,40.76986],[140.40066,40.77468],[140.40022,40.77508],[140.39749,40.77882],[140.3964,40.77914],[140.39418,40.77824],[140.38708,40.78521],[140.38424,40.78357],[140.37793,40.78982],[140.37178,40.78629],[140.37099,40.78551],[140.37204,40.7843],[140.37302,40.78377],[140.37332,40.78298],[140.37219,40.78159],[140.36798,40.78331],[140.36532,40.78446],[140.36264,40.78681],[140.36204,40.78721],[140.36097,40.78371],[140.3627,40.78322],[140.36314,40.78349],[140.36421,40.78252],[140.36295,40.78176],[140.36747,40.78124],[140.36708,40.77918],[140.3724,40.77858],[140.37234,40.77827],[140.37389,40.77811],[140.37419,40.77708],[140.37513,40.77711],[140.3753,40.77571],[140.37477,40.77489],[140.37481,40.77436],[140.37339,40.77326],[140.37221,40.77317],[140.37144,40.7728],[140.37124,40.77208],[140.37051,40.77126],[140.36936,40.7712],[140.36848,40.77143],[140.36738,40.77133],[140.36475,40.77054],[140.36177,40.76947],[140.36111,40.76933],[140.35938,40.76789],[140.35635,40.76619],[140.35345,40.76501],[140.34995,40.7648],[140.34827,40.76436],[140.34592,40.76355],[140.34246,40.76182],[140.34115,40.76077],[140.34055,40.75994],[140.33962,40.75922],[140.34058,40.75897],[140.34312,40.75912],[140.34662,40.75848],[140.34956,40.75761],[140.35113,40.75699],[140.35341,40.75627],[140.35525,40.75588],[140.3562,40.75542],[140.35552,40.75506],[140.35481,40.75342],[140.35436,40.75279],[140.35447,40.75072],[140.35557,40.74939],[140.35684,40.74874],[140.35809,40.74894],[140.3604,40.74821],[140.36192,40.74847],[140.36362,40.7498],[140.36503,40.74924],[140.36531,40.74836],[140.36748,40.74812],[140.37123,40.74816],[140.37338,40.7477],[140.37271,40.74647],[140.37344,40.7458],[140.37707,40.74567],[140.37722,40.745],[140.37799,40.74483],[140.37893,40.74621],[140.37995,40.74713],[140.38173,40.74782],[140.38344,40.74732],[140.38282,40.74626],[140.38388,40.74589],[140.3851,40.74596],[140.38545,40.74528],[140.38619,40.74515],[140.38635,40.74459],[140.38754,40.74317],[140.38724,40.74279],[140.38569,40.74194],[140.38695,40.74134],[140.38732,40.74199],[140.38893,40.74217],[140.389,40.74262],[140.3909,40.74355],[140.39125,40.744],[140.39339,40.74507],[140.39423,40.74571],[140.39462,40.74652],[140.39475,40.74751],[140.39523,40.74803],[140.39593,40.7481],[140.39715,40.74761],[140.39666,40.74681],[140.39936,40.74668],[140.39927,40.74608],[140.39843,40.74553],[140.40068,40.7456],[140.40202,40.74445],[140.40182,40.74249],[140.40304,40.74068],[140.4017,40.7385],[140.40193,40.73807],[140.4035,40.73858],[140.40383,40.73795],[140.40249,40.73634],[140.40338,40.73465],[140.4045,40.73496],[140.40501,40.734],[140.40565,40.7342],[140.40666,40.73533],[140.40705,40.7362],[140.40764,40.73633],[140.40894,40.7385],[140.4093,40.73827],[140.41132,40.73826],[140.41167,40.73756],[140.41245,40.73784],[140.41434,40.73728],[140.41721,40.73742],[140.41716,40.73701],[140.42044,40.73665],[140.42018,40.73565],[140.41999,40.73261],[140.41969,40.73206],[140.41979,40.73063],[140.41957,40.72929],[140.41841,40.72728],[140.41855,40.72566],[140.41979,40.72413],[140.42101,40.72357],[140.42297,40.72343],[140.42585,40.72263],[140.42655,40.72201]]]]}},
  {"type":"Feature","properties":{"name":"中泊町","code":"02387"},"geometry":{"type":"MultiPolygon","coordinates":[[[[140.52166,40.99569],[140.52216,40.99619],[140.5221,40.99743],[140.52099,40.9992],[140.52045,41.00036],[140.52123,41.0019],[140.52107,41.0025],[140.52254,41.00478],[140.52252,41.00603],[140.52203,41.00713],[140.52159,41.00739],[140.52017,41.00756],[140.51832,41.00737],[140.5174,41.00744],[140.51697,41.00879],[140.51614,41.00914],[140.51604,41.01141],[140.51681,41.01296],[140.51622,41.01362],[140.51577,41.01471],[140.5159,41.01636],[140.5165,41.01727],[140.51695,41.01919],[140.51738,41.02011],[140.51679,41.02143],[140.51694,41.02184],[140.51889,41.02293],[140.51932,41.02502],[140.51919,41.02566],[140.51841,41.02679],[140.51934,41.02828],[140.51931,41.02898],[140.51751,41.02978],[140.51679,41.02939],[140.51432,41.02993],[140.51152,41.03155],[140.51276,41.03182],[140.51507,41.03304],[140.51464,41.03523],[140.51525,41.03622],[140.5147,41.03718],[140.51204,41.03701],[140.51067,41.03742],[140.50991,41.03809],[140.50952,41.0392],[140.50836,41.03959],[140.50566,41.03997],[140.50171,41.04328],[140.50089,41.04425],[140.50054,41.04521],[140.49963,41.04623],[140.4995,41.04686],[140.49855,41.04776],[140.49864,41.04909],[140.49809,41.05007],[140.49732,41.05089],[140.49521,41.05141],[140.49431,41.05272],[140.49435,41.05309],[140.49552,41.05455],[140.49498,41.05575],[140.49649,41.05646],[140.49758,41.0567],[140.49703,41.05752],[140.49702,41.05857],[140.49673,41.05897],[140.4975,41.05959],[140.49767,41.06202],[140.49682,41.06292],[140.49475,41.0632],[140.49434,41.06374],[140.49553,41.06437],[140.49557,41.06472],[140.49453,41.06586],[140.49489,41.06649],[140.49473,41.06709],[140.49528,41.06773],[140.49536,41.06854],[140.49435,41.06898],[140.49352,41.0698],[140.49475,41.07052],[140.49479,41.07092],[140.49361,41.07144],[140.48975,41.0711],[140.48871,41.07212],[140.48856,41.07268],[140.48734,41.07344],[140.4871,41.0742],[140.48736,41.07475],[140.48521,41.07677],[140.48371,41.07691],[140.48196,41.07801],[140.48018,41.07879],[140.47988,41.07981],[140.47921,41.08049],[140.47848,41.08069],[140.47653,41.08068],[140.47516,41.08191],[140.47348,41.08367],[140.47274,41.08399],[140.47085,41.08377],[140.47036,41.08416],[140.47027,41.0849],[140.46808,41.08509],[140.46702,41.08534],[140.46502,41.08638],[140.46438,41.08641],[140.46264,41.08796],[140.46415,41.08911],[140.46417,41.08943],[140.4616,41.09077],[140.46119,41.09115],[140.46011,41.09281],[140.45995,41.09399],[140.45883,41.09454],[140.4582,41.09571],[140.45809,41.09679],[140.45707,41.09756],[140.45519,41.09936],[140.45599,41.1008],[140.45621,41.10235],[140.45686,41.10316],[140.45673,41.10415],[140.4558,41.10489],[140.45509,41.10512],[140.45381,41.10459],[140.45172,41.10457],[140.45083,41.10408],[140.4495,41.10189],[140.44808,41.10084],[140.44889,41.09995],[140.44898,41.0985],[140.4486,41.09705],[140.44743,41.09641],[140.44676,41.09508],[140.44793,41.09431],[140.44902,41.09393],[140.44941,41.09347],[140.44959,41.09185],[140.44807,41.09172],[140.44936,41.09044],[140.44925,41.08951],[140.4507,41.08899],[140.45215,41.08817],[140.45179,41.08703],[140.44992,41.08573],[140.45081,41.08562],[140.45231,41.08454],[140.45319,41.08319],[140.4521,41.08247],[140.45198,41.08189],[140.45263,41.08051],[140.45245,41.0788],[140.45167,41.07821],[140.45033,41.07781],[140.44878,41.07686],[140.44729,41.07638],[140.44651,41.07643],[140.44522,41.07736],[140.44474,41.07732],[140.44362,41.07627],[140.44111,41.07494],[140.44032,41.07383],[140.43965,41.0733],[140.43762,41.07254],[140.43698,41.07179],[140.43649,41.07011],[140.43484,41.06814],[140.43473,41.06758],[140.43285,41.06527],[140.43165,41.0647],[140.43051,41.0632],[140.42905,41.06206],[140.42708,41.06011],[140.42565,41.05945],[140.4238,41.05889],[140.42276,41.05874],[140.42101,41.05737],[140.42026,41.05603],[140.41954,41.05522],[140.41933,41.05397],[140.41772,41.05248],[140.41735,41.05187],[140.41715,41.05072],[140.41643,41.05028],[140.41624,41.04928],[140.41671,41.04818],[140.41627,41.04627],[140.41577,41.04581],[140.41538,41.04473],[140.41281,41.04506],[140.41021,41.04484],[140.40927,41.04428],[140.40702,41.04362],[140.40657,41.04327],[140.40475,41.04321],[140.40285,41.04417],[140.40221,41.04423],[140.40024,41.045],[140.39879,41.04509],[140.39795,41.04465],[140.39619,41.04427],[140.39456,41.04466],[140.39337,41.04434],[140.39112,41.04405],[140.38883,41.044],[140.38605,41.04323],[140.38523,41.04313],[140.38459,41.0427],[140.38425,41.04178],[140.38579,41.04076],[140.38627,41.04002],[140.39183,41.04011],[140.39378,41.04025],[140.39658,41.04013],[140.39922,41.04012],[140.40144,41.03994],[140.40311,41.03965],[140.40307,41.03924],[140.40496,41.0375],[140.40531,41.03739],[140.40611,41.03609],[140.40685,41.03441],[140.40755,41.03224],[140.40837,41.03175],[140.4098,41.03161],[140.4108,41.03107],[140.41399,41.02784],[140.41509,41.02775],[140.41542,41.02686],[140.41497,41.0247],[140.414,41.02336],[140.41338,41.02144],[140.41367,41.02064],[140.41338,41.02028],[140.41112,41.01961],[140.41183,41.01655],[140.41137,41.01652],[140.40887,41.01726],[140.40821,41.01775],[140.40481,41.02275],[140.39965,41.02339],[140.3988,41.02018],[140.39792,41.01868],[140.39752,41.0183],[140.3958,41.01819],[140.39339,41.01835],[140.39204,41.01911],[140.39195,41.02291],[140.39154,41.02311],[140.38714,41.02221],[140.38436,41.0209],[140.38235,41.02005],[140.37756,41.01931],[140.37151,41.01667],[140.37101,41.01634],[140.36701,41.01206],[140.37067,41.01095],[140.37172,41.01087],[140.37296,41.01051],[140.37386,41.00973],[140.37787,41.00698],[140.37907,41.00586],[140.38038,41.00389],[140.38151,41.00264],[140.38194,41.00181],[140.38202,40.99901],[140.38195,40.99695],[140.38242,40.9958],[140.38292,40.99522],[140.38587,40.99241],[140.38815,40.98986],[140.39044,40.98766],[140.39148,40.98583],[140.39209,40.98354],[140.39246,40.98062],[140.39214,40.97865],[140.39067,40.9761],[140.38772,40.97317],[140.38567,40.9708],[140.38265,40.96704],[140.38018,40.96366],[140.37892,40.96083],[140.37699,40.95822],[140.37664,40.95724],[140.37724,40.95526],[140.37718,40.95406],[140.37661,40.95284],[140.37594,40.9521],[140.37566,40.95129],[140.37599,40.95069],[140.37695,40.95005],[140.37859,40.94937],[140.37999,40.94818],[140.38059,40.94706],[140.38048,40.94623],[140.37984,40.94516],[140.3794,40.94389],[140.37957,40.94283],[140.38034,40.9416],[140.38163,40.94062],[140.38326,40.93999],[140.38445,40.93923],[140.38505,40.93861],[140.3858,40.93842],[140.38744,40.93968],[140.38918,40.9405],[140.39185,40.94024],[140.39439,40.94192],[140.39565,40.94186],[140.40005,40.94143],[140.40186,40.93981],[140.40566,40.93696],[140.40628,40.93691],[140.40759,40.93754],[140.41067,40.93835],[140.41229,40.93842],[140.41342,40.93802],[140.41441,40.93729],[140.41485,40.93649],[140.41441,40.93532],[140.4122,40.93691],[140.41114,40.93719],[140.4095,40.93686],[140.4092,40.93623],[140.41143,40.93619],[140.41368,40.93417],[140.41327,40.93389],[140.41422,40.93288],[140.41448,40.93205],[140.41561,40.93043],[140.41732,40.92851],[140.41688,40.92706],[140.41695,40.92606],[140.41848,40.92386],[140.41888,40.9231],[140.41901,40.92187],[140.41958,40.92182],[140.41915,40.92011],[140.42163,40.9203],[140.42174,40.91934],[140.43081,40.92005],[140.43049,40.92226],[140.43504,40.92259],[140.43467,40.92525],[140.43487,40.92576],[140.43396,40.92641],[140.43199,40.92994],[140.43464,40.93061],[140.43766,40.93155],[140.44084,40.93293],[140.44106,40.93352],[140.44344,40.9345],[140.44445,40.9348],[140.44716,40.9361],[140.44964,40.93547],[140.45102,40.93549],[140.45272,40.93518],[140.45374,40.93462],[140.45611,40.93441],[140.46076,40.93467],[140.46166,40.93496],[140.46341,40.93509],[140.46404,40.93557],[140.46627,40.93675],[140.46655,40.93764],[140.46771,40.93808],[140.4685,40.93794],[140.46996,40.9382],[140.47292,40.93952],[140.47305,40.94087],[140.47402,40.94124],[140.474,40.94235],[140.47619,40.94208],[140.47691,40.94221],[140.47738,40.94301],[140.47905,40.94335],[140.48039,40.94305],[140.48167,40.94299],[140.48355,40.94205],[140.48446,40.94194],[140.48599,40.94256],[140.48742,40.94242],[140.4881,40.94361],[140.48913,40.94434],[140.48993,40.9454],[140.49029,40.94641],[140.49089,40.9467],[140.49203,40.94665],[140.49284,40.94712],[140.49388,40.94731],[140.49642,40.94721],[140.49841,40.9478],[140.49934,40.9478],[140.50162,40.94814],[140.50215,40.94834],[140.50239,40.94926],[140.503,40.9501],[140.50434,40.95041],[140.50489,40.95122],[140.50595,40.95172],[140.50671,40.95248],[140.50797,40.95276],[140.50843,40.95319],[140.50792,40.95453],[140.50872,40.95639],[140.50945,40.95709],[140.51006,40.95822],[140.51155,40.96016],[140.51269,40.96252],[140.51291,40.96346],[140.51373,40.96468],[140.51339,40.96621],[140.51389,40.96705],[140.51411,40.96897],[140.5153,40.96962],[140.51507,40.97056],[140.51374,40.97179],[140.51305,40.97293],[140.51256,40.97513],[140.51217,40.97571],[140.5145,40.9767],[140.51428,40.97857],[140.51453,40.97936],[140.51538,40.98007],[140.51584,40.98137],[140.51746,40.98277],[140.51778,40.98329],[140.51684,40.98451],[140.51582,40.98495],[140.51586,40.98585],[140.51684,40.98675],[140.51715,40.98736],[140.51634,40.98925],[140.51632,40.98992],[140.51708,40.99168],[140.51918,40.99296],[140.52083,40.99442],[140.52166,40.99569]],[[140.41098,40.93685],[140.41078,40.9365],[140.40966,40.93648],[140.40959,40.9367],[140.41098,40.93685]]],[[[140.39125,41.12705],[140.38927,41.13038],[140.38832,41.13144],[140.38581,41.13487],[140.38509,41.13525],[140.38353,41.13551],[140.38339,41.13651],[140.38169,41.13727],[140.38048,41.1386],[140.37847,41.13952],[140.37816,41.14096],[140.3777,41.14203],[140.37663,41.14369],[140.37386,41.14442],[140.37264,41.14531],[140.37281,41.14709],[140.37256,41.14791],[140.37031,41.15004],[140.36814,41.15079],[140.36632,41.15098],[140.36538,41.15246],[140.36319,41.1528],[140.36311,41.1537],[140.36345,41.15496],[140.36453,41.15691],[140.36572,41.15763],[140.36662,41.15925],[140.36742,41.16123],[140.36803,41.16213],[140.36789,41.16307],[140.36824,41.16373],[140.36835,41.16518],[140.36875,41.16646],[140.36803,41.16825],[140.36932,41.16929],[140.36977,41.17037],[140.36969,41.17178],[140.37058,41.17337],[140.37057,41.17391],[140.36985,41.17421],[140.37003,41.17609],[140.36916,41.17784],[140.36911,41.17905],[140.36851,41.17973],[140.36859,41.18067],[140.36836,41.18161],[140.36886,41.18242],[140.36869,41.18352],[140.36904,41.1844],[140.36956,41.18721],[140.37163,41.18782],[140.37269,41.18866],[140.37338,41.18895],[140.37327,41.18978],[140.37173,41.19221],[140.37113,41.19278],[140.37149,41.19324],[140.37403,41.19501],[140.37503,41.19526],[140.37553,41.19604],[140.37527,41.19718],[140.37574,41.19844],[140.37633,41.19891],[140.37644,41.19954],[140.37476,41.1999],[140.37363,41.19997],[140.3732,41.20043],[140.37282,41.2018],[140.37137,41.20305],[140.37178,41.20395],[140.37199,41.20546],[140.37135,41.20661],[140.37216,41.20785],[140.37246,41.21015],[140.37209,41.21038],[140.36952,41.21045],[140.3692,41.21155],[140.36826,41.21346],[140.36818,41.2142],[140.36618,41.21673],[140.36549,41.21747],[140.3637,41.21732],[140.36286,41.21879],[140.36191,41.21986],[140.36188,41.2214],[140.3622,41.22345],[140.36163,41.22484],[140.3617,41.22602],[140.36238,41.22774],[140.36231,41.2287],[140.36326,41.22992],[140.36234,41.23167],[140.3619,41.23281],[140.36202,41.23501],[140.35977,41.23564],[140.35835,41.23665],[140.35741,41.23786],[140.3568,41.23831],[140.35641,41.23915],[140.35473,41.23945],[140.35422,41.2412],[140.35427,41.24172],[140.35506,41.24266],[140.35546,41.24383],[140.35433,41.24471],[140.35395,41.24549],[140.35293,41.24662],[140.35096,41.24772],[140.3497,41.24877],[140.34907,41.2489],[140.34751,41.24853],[140.34535,41.24784],[140.34218,41.24899],[140.342,41.24849],[140.3429,41.24782],[140.34281,41.24626],[140.34199,41.2451],[140.3421,41.24401],[140.34166,41.24358],[140.3408,41.24358],[140.33977,41.24253],[140.34061,41.24232],[140.34133,41.24176],[140.3399,41.24133],[140.33924,41.24057],[140.34008,41.23905],[140.33791,41.23842],[140.33664,41.23899],[140.33628,41.23874],[140.33676,41.23797],[140.33532,41.2376],[140.33475,41.23852],[140.33411,41.23869],[140.33308,41.2385],[140.3323,41.23734],[140.33211,41.23606],[140.33324,41.23493],[140.33338,41.23409],[140.33303,41.23374],[140.33211,41.23414],[140.33231,41.23295],[140.33231,41.2313],[140.33119,41.23133],[140.33029,41.23045],[140.33006,41.22932],[140.33071,41.22885],[140.33007,41.22809],[140.33067,41.22734],[140.33007,41.22679],[140.33071,41.22624],[140.32988,41.22591],[140.33021,41.22484],[140.33087,41.22426],[140.33073,41.22287],[140.32992,41.2231],[140.32932,41.22285],[140.33007,41.22171],[140.33032,41.22082],[140.32965,41.22026],[140.32863,41.22061],[140.32897,41.21914],[140.32975,41.21881],[140.33099,41.21739],[140.33092,41.21646],[140.33155,41.21605],[140.33203,41.21525],[140.3317,41.21466],[140.3319,41.21371],[140.3316,41.21247],[140.33296,41.21187],[140.33236,41.20988],[140.3333,41.20923],[140.33428,41.20889],[140.33485,41.20767],[140.33477,41.20673],[140.33409,41.20606],[140.33282,41.2066],[140.33279,41.20578],[140.3336,41.20572],[140.33452,41.20498],[140.33412,41.20424],[140.33317,41.20349],[140.33242,41.20358],[140.33195,41.20247],[140.33123,41.20175],[140.33119,41.20072],[140.33055,41.19982],[140.33125,41.19942],[140.33146,41.19834],[140.33108,41.19783],[140.33145,41.19712],[140.33219,41.19707],[140.33217,41.1959],[140.33333,41.1957],[140.33441,41.19407],[140.33557,41.19315],[140.33592,41.19141],[140.33516,41.19095],[140.33517,41.18948],[140.33572,41.18912],[140.33543,41.18778],[140.33444,41.18756],[140.33454,41.18537],[140.33325,41.18505],[140.33241,41.18393],[140.3337,41.18282],[140.33373,41.18225],[140.33297,41.18199],[140.33281,41.18139],[140.33359,41.18111],[140.33376,41.17998],[140.33316,41.17922],[140.33248,41.17884],[140.33214,41.17763],[140.3313,41.17638],[140.33137,41.17549],[140.33243,41.17462],[140.33235,41.17391],[140.3313,41.17231],[140.33107,41.17039],[140.33078,41.16962],[140.32887,41.1678],[140.32914,41.16575],[140.3289,41.165],[140.32803,41.1643],[140.32698,41.16444],[140.32643,41.1636],[140.32786,41.16347],[140.32823,41.16224],[140.32769,41.16129],[140.32803,41.16003],[140.3273,41.15874],[140.32716,41.15789],[140.32631,41.15641],[140.32544,41.1538],[140.32483,41.15263],[140.3242,41.15201],[140.323,41.1514],[140.32198,41.1502],[140.32159,41.14783],[140.31936,41.14596],[140.31773,41.145],[140.31527,41.14499],[140.3121,41.14573],[140.31103,41.14573],[140.31025,41.14498],[140.31201,41.14348],[140.31225,41.14172],[140.31187,41.14046],[140.31201,41.13905],[140.3125,41.13801],[140.31175,41.1369],[140.3103,41.13721],[140.30911,41.13586],[140.31002,41.13544],[140.3081,41.13385],[140.30587,41.13243],[140.3048,41.132],[140.30473,41.13279],[140.3041,41.13281],[140.29745,41.13451],[140.29739,41.13444],[140.30408,41.13272],[140.3043,41.13159],[140.30336,41.13131],[140.29919,41.13233],[140.29678,41.13299],[140.29639,41.13247],[140.29768,41.13213],[140.29799,41.13156],[140.29768,41.13079],[140.29572,41.13113],[140.29405,41.13203],[140.29322,41.13272],[140.29276,41.13234],[140.29123,41.13318],[140.29103,41.13397],[140.29608,41.13575],[140.29604,41.13583],[140.29086,41.13401],[140.28986,41.13445],[140.28939,41.13599],[140.2889,41.13646],[140.28727,41.1364],[140.28699,41.13691],[140.28791,41.13734],[140.28774,41.13799],[140.28505,41.13849],[140.28562,41.13741],[140.28617,41.1369],[140.285,41.13596],[140.2841,41.13595],[140.28269,41.13643],[140.28211,41.13742],[140.28077,41.13788],[140.28003,41.13865],[140.27828,41.13921],[140.27755,41.13925],[140.27649,41.13884],[140.27493,41.13865],[140.27323,41.13781],[140.27289,41.13741],[140.27095,41.13699],[140.26963,41.1383],[140.26968,41.13736],[140.26824,41.13755],[140.26848,41.13804],[140.26718,41.13831],[140.26655,41.13708],[140.26567,41.13679],[140.26553,41.13589],[140.26467,41.1356],[140.26375,41.13601],[140.2625,41.13705],[140.2597,41.13827],[140.25986,41.13889],[140.2589,41.13994],[140.25701,41.14067],[140.25672,41.13956],[140.25603,41.13974],[140.25567,41.13846],[140.25488,41.13816],[140.25428,41.13852],[140.25348,41.13821],[140.25442,41.1371],[140.25374,41.13636],[140.25348,41.13549],[140.25271,41.13566],[140.25166,41.13419],[140.25044,41.13339],[140.2493,41.13401],[140.24878,41.1339],[140.24897,41.13234],[140.2498,41.13219],[140.25047,41.13107],[140.25041,41.13001],[140.24875,41.12968],[140.24881,41.12924],[140.25,41.12876],[140.2491,41.12556],[140.24861,41.12508],[140.24871,41.12418],[140.24916,41.12359],[140.25006,41.12372],[140.25175,41.12311],[140.2532,41.1228],[140.2551,41.12181],[140.25547,41.12138],[140.25686,41.12112],[140.26277,41.12217],[140.26395,41.12175],[140.26564,41.1218],[140.26664,41.12156],[140.26699,41.12113],[140.2656,41.12015],[140.26664,41.11984],[140.26733,41.12054],[140.2687,41.12064],[140.27001,41.12115],[140.27163,41.12129],[140.27155,41.12078],[140.27568,41.1205],[140.27655,41.12066],[140.27755,41.12122],[140.27995,41.12077],[140.2802,41.12126],[140.28471,41.12052],[140.28839,41.11945],[140.28913,41.11852],[140.28856,41.11822],[140.29003,41.1177],[140.29101,41.11773],[140.29161,41.11716],[140.2905,41.11659],[140.29216,41.11507],[140.29302,41.11481],[140.29513,41.11484],[140.2964,41.11471],[140.2977,41.1141],[140.29859,41.11313],[140.29907,41.11188],[140.30024,41.11114],[140.30087,41.11044],[140.30061,41.10934],[140.30151,41.1096],[140.30242,41.10866],[140.30254,41.10778],[140.30318,41.10706],[140.30426,41.1073],[140.30587,41.10663],[140.30823,41.10816],[140.30888,41.10885],[140.3099,41.10922],[140.31042,41.10793],[140.31155,41.1073],[140.31179,41.10684],[140.31354,41.10617],[140.31544,41.10789],[140.31671,41.10795],[140.31771,41.1086],[140.31895,41.10861],[140.32079,41.1083],[140.32465,41.10937],[140.32551,41.10931],[140.32613,41.1089],[140.32672,41.10703],[140.32808,41.10672],[140.32966,41.10615],[140.33132,41.10653],[140.33252,41.10699],[140.3344,41.10699],[140.33619,41.10675],[140.33754,41.10724],[140.33822,41.1078],[140.3397,41.1085],[140.34133,41.10975],[140.34319,41.1104],[140.34414,41.11039],[140.34564,41.10999],[140.34732,41.10996],[140.34871,41.10914],[140.35031,41.10921],[140.35148,41.10974],[140.35184,41.11034],[140.35208,41.11158],[140.35247,41.11235],[140.35354,41.11302],[140.3541,41.11394],[140.35432,41.11597],[140.35508,41.11672],[140.3565,41.11762],[140.35713,41.11825],[140.35745,41.1192],[140.35839,41.12045],[140.35918,41.12121],[140.36169,41.12256],[140.36498,41.12391],[140.36703,41.12512],[140.3695,41.1252],[140.37201,41.12596],[140.37278,41.12714],[140.37404,41.12761],[140.37626,41.12762],[140.37796,41.12788],[140.37974,41.12707],[140.38048,41.12689],[140.38275,41.12727],[140.38595,41.12665],[140.38706,41.12731],[140.38962,41.12722],[140.39125,41.12705]]]]}},
  {"type":"Feature","properties":{"name":"野辺地町","code":"02401"},"geometry":{"type":"MultiPolygon","coordinates":[[[[141.0394,40.84039],[141.03997,40.83915],[141.04092,40.83824],[141.04158,40.83684],[141.04231,40.83631],[141.04328,40.83452],[141.04386,40.83428],[141.04438,40.83335],[141.04529,40.83291],[141.0469,40.8338],[141.04868,40.83397],[141.05122,40.83396],[141.05307,40.8348],[141.05538,40.83492],[141.05787,40.83524],[141.05941,40.83531],[141.06229,40.83494],[141.06373,40.8339],[141.06576,40.8335],[141.06754,40.83345],[141.06774,40.83251],[141.06855,40.83222],[141.07089,40.83214],[141.07261,40.83143],[141.07443,40.8313],[141.07568,40.83052],[141.07674,40.83028],[141.07819,40.83068],[141.08166,40.8309],[141.08376,40.8309],[141.08474,40.83127],[141.08633,40.83227],[141.08791,40.83267],[141.08944,40.83373],[141.09022,40.83406],[141.09245,40.83405],[141.09373,40.83425],[141.09629,40.8353],[141.09821,40.83557],[141.0995,40.83601],[141.10278,40.83676],[141.10777,40.83821],[141.11057,40.83876],[141.11196,40.83953],[141.11399,40.8401],[141.11516,40.84063],[141.11609,40.84072],[141.11779,40.84056],[141.11949,40.84119],[141.12027,40.84061],[141.12145,40.84048],[141.1231,40.84089],[141.12411,40.8404],[141.1269,40.84242],[141.1277,40.84086],[141.12709,40.83782],[141.12798,40.83691],[141.12997,40.83682],[141.13095,40.83502],[141.13167,40.83417],[141.13386,40.83495],[141.13474,40.8363],[141.13508,40.83717],[141.135,40.83791],[141.1353,40.83934],[141.13465,40.84119],[141.1342,40.84197],[141.13431,40.84321],[141.13389,40.84478],[141.13338,40.84524],[141.1328,40.84635],[141.13275,40.84764],[141.13231,40.84897],[141.13248,40.84956],[141.13347,40.85054],[141.13552,40.8507],[141.13594,40.85098],[141.13799,40.85045],[141.13862,40.84997],[141.13955,40.84975],[141.13994,40.84934],[141.14121,40.84908],[141.1418,40.8486],[141.14344,40.8479],[141.14489,40.84783],[141.14665,40.84712],[141.1477,40.84812],[141.14995,40.84814],[141.14996,40.84873],[141.15114,40.84903],[141.15108,40.84937],[141.15275,40.84961],[141.15394,40.85061],[141.15526,40.85122],[141.15564,40.85209],[141.15643,40.85231],[141.15678,40.85297],[141.16128,40.85601],[141.165,40.85832],[141.16781,40.85991],[141.17049,40.86182],[141.17374,40.86402],[141.17501,40.86441],[141.17758,40.86543],[141.18659,40.86777],[141.18826,40.86922],[141.18925,40.86991],[141.19145,40.87093],[141.19278,40.87088],[141.19401,40.87054],[141.19456,40.86973],[141.19528,40.86965],[141.1998,40.87815],[141.20268,40.8834],[141.20339,40.8865],[141.20402,40.88743],[141.20564,40.88841],[141.20761,40.88893],[141.20881,40.89002],[141.21226,40.89269],[141.21388,40.89385],[141.21485,40.8942],[141.21607,40.89539],[141.21751,40.89643],[141.21893,40.89867],[141.21899,40.89947],[141.21946,40.89993],[141.22099,40.89962],[141.2229,40.89989],[141.22496,40.90306],[141.2247,40.90502],[141.22519,40.90701],[141.22456,40.90833],[141.22468,40.91],[141.2255,40.91225],[141.22615,40.91296],[141.22702,40.9147],[141.23089,40.91799],[141.23216,40.91967],[141.23259,40.92154],[141.23413,40.92342],[141.2345,40.92412],[141.23439,40.9249],[141.23351,40.92754],[141.23249,40.9311],[141.23245,40.93161],[141.23258,40.93446],[141.234,40.93716],[141.23518,40.93747],[141.23465,40.93871],[141.23278,40.94053],[141.23433,40.94174],[141.2347,40.94299],[141.23595,40.94379],[141.23616,40.94455],[141.23784,40.94596],[141.23841,40.94697],[141.23966,40.94783],[141.24014,40.9493],[141.24151,40.95013],[141.24318,40.95153],[141.24504,40.95267],[141.24573,40.9542],[141.24551,40.9559],[141.24611,40.9577],[141.24562,40.95841],[141.24577,40.95956],[141.24643,40.96025],[141.24834,40.96094],[141.24846,40.96131],[141.24958,40.96193],[141.25368,40.9632],[141.257,40.96332],[141.2578,40.96502],[141.2582,40.96663],[141.2566,40.96735],[141.25538,40.96826],[141.25534,40.96936],[141.25347,40.96955],[141.25134,40.96945],[141.24962,40.96954],[141.24861,40.96986],[141.24748,40.96994],[141.24234,40.97103],[141.23986,40.97201],[141.23538,40.97196],[141.23445,40.97165],[141.23371,40.97191],[141.23267,40.97186],[141.23176,40.97147],[141.22913,40.97132],[141.22801,40.97181],[141.22623,40.97177],[141.22555,40.97121],[141.22425,40.97123],[141.22365,40.97095],[141.22224,40.97146],[141.22099,40.97141],[141.21973,40.96847],[141.21866,40.96617],[141.21627,40.96135],[141.21517,40.9593],[141.21453,40.9584],[141.2143,40.95738],[141.21135,40.95165],[141.21059,40.95138],[141.21029,40.95025],[141.20876,40.94747],[141.20805,40.94677],[141.20819,40.94643],[141.20748,40.9455],[141.20736,40.94464],[141.20629,40.94301],[141.20457,40.93999],[141.20283,40.93718],[141.19915,40.93157],[141.19526,40.92573],[141.18957,40.91787],[141.18453,40.9118],[141.17915,40.90562],[141.17685,40.90317],[141.17139,40.89785],[141.16877,40.89534],[141.16778,40.89424],[141.16624,40.89299],[141.16413,40.89097],[141.16101,40.88817],[141.15847,40.88608],[141.15601,40.88418],[141.15449,40.88358],[141.15175,40.88107],[141.14884,40.87927],[141.14719,40.87862],[141.14436,40.87733],[141.13977,40.87635],[141.13916,40.87713],[141.13777,40.87588],[141.13626,40.87525],[141.13524,40.87426],[141.13344,40.8736],[141.13209,40.87261],[141.13096,40.87277],[141.12892,40.87219],[141.12746,40.87256],[141.1274,40.87303],[141.12569,40.87323],[141.1259,40.87434],[141.12536,40.87443],[141.12513,40.87301],[141.12272,40.87218],[141.12101,40.87182],[141.11977,40.87192],[141.11946,40.87274],[141.11829,40.87255],[141.11874,40.87118],[141.11641,40.87111],[141.11541,40.8719],[141.11595,40.87264],[141.11526,40.87397],[141.114,40.87367],[141.11248,40.874],[141.11216,40.87382],[141.11258,40.87268],[141.11396,40.87152],[141.11306,40.87055],[141.11094,40.87248],[141.11083,40.87348],[141.10962,40.87351],[141.10922,40.87264],[141.10783,40.87246],[141.10333,40.87246],[141.1022,40.87275],[141.10199,40.8731],[141.09967,40.87401],[141.09953,40.87382],[141.09738,40.87491],[141.09678,40.87554],[141.09733,40.87634],[141.09526,40.87772],[141.09459,40.8776],[141.09364,40.87875],[141.09224,40.87935],[141.09244,40.87975],[141.09106,40.88017],[141.09061,40.88103],[141.08877,40.88198],[141.08849,40.88296],[141.08729,40.88365],[141.08638,40.88382],[141.08614,40.88452],[141.08557,40.88474],[141.08412,40.8862],[141.08207,40.8858],[141.07675,40.88598],[141.07598,40.88576],[141.07439,40.88461],[141.07259,40.88403],[141.06879,40.8835],[141.06738,40.88342],[141.06549,40.88294],[141.06453,40.88251],[141.06375,40.88168],[141.05833,40.88096],[141.05658,40.87986],[141.05465,40.87971],[141.05311,40.87924],[141.05201,40.87852],[141.05072,40.87824],[141.04817,40.87736],[141.04702,40.87707],[141.04723,40.87636],[141.04487,40.87484],[141.0439,40.87465],[141.04371,40.87421],[141.04403,40.8727],[141.04288,40.87184],[141.04329,40.87151],[141.04341,40.87009],[141.04401,40.86957],[141.04394,40.86893],[141.04311,40.86828],[141.04313,40.86718],[141.04218,40.8663],[141.04163,40.8649],[141.04169,40.86331],[141.04214,40.86228],[141.04231,40.86091],[141.04281,40.85994],[141.04317,40.8583],[141.04557,40.85759],[141.04572,40.85607],[141.04634,40.8556],[141.04678,40.85425],[141.04596,40.85276],[141.0462,40.85196],[141.04528,40.85082],[141.04345,40.84903],[141.04234,40.84721],[141.04109,40.84724],[141.03945,40.84677],[141.03903,40.84611],[141.03919,40.84461],[141.03894,40.84417],[141.03951,40.84131],[141.0394,40.84039]]]]}},
  {"type":"Feature","properties":{"name":"七戸町","code":"02402"},"geometry":{"type":"MultiPolygon","coordinates":[[[[140.97897,40.69762],[140.97998,40.69734],[140.98311,40.69619],[140.98449,40.69581],[140.98566,40.69514],[140.98898,40.69438],[140.99103,40.69439],[140.99059,40.69349],[140.99111,40.6909],[140.99176,40.689],[140.99206,40.68862],[140.99334,40.68809],[140.99432,40.68699],[140.99448,40.6861],[140.9952,40.68556],[140.99548,40.6849],[140.99721,40.68369],[140.99862,40.68189],[140.99894,40.68122],[140.99913,40.67871],[140.99964,40.67671],[141.00101,40.67516],[141.00158,40.67416],[141.00168,40.67302],[141.00251,40.67164],[141.00374,40.67069],[141.00761,40.66915],[141.00859,40.66866],[141.00994,40.66855],[141.01161,40.66789],[141.01276,40.66787],[141.01425,40.66828],[141.01581,40.66745],[141.01774,40.66705],[141.01866,40.66671],[141.02008,40.66576],[141.02131,40.66538],[141.02473,40.66497],[141.02598,40.66452],[141.02749,40.66439],[141.03058,40.66497],[141.03299,40.66503],[141.03471,40.66522],[141.03613,40.66585],[141.03732,40.66561],[141.04004,40.6653],[141.04121,40.66537],[141.04292,40.6648],[141.04456,40.66514],[141.04595,40.66465],[141.04639,40.66347],[141.0474,40.66219],[141.04922,40.66135],[141.05084,40.66117],[141.05129,40.66059],[141.05151,40.65947],[141.05119,40.65856],[141.0531,40.65593],[141.05309,40.65439],[141.05372,40.65262],[141.05501,40.6518],[141.05482,40.65086],[141.05528,40.65047],[141.0577,40.64957],[141.05923,40.64847],[141.0594,40.64751],[141.06045,40.64648],[141.06127,40.64506],[141.06259,40.64319],[141.06412,40.64299],[141.06682,40.64154],[141.06868,40.64035],[141.07096,40.64015],[141.0722,40.64063],[141.07319,40.64046],[141.0736,40.63982],[141.07361,40.63908],[141.07435,40.63824],[141.07569,40.63764],[141.07673,40.63635],[141.07914,40.63492],[141.08007,40.63451],[141.08124,40.63433],[141.0824,40.63331],[141.08314,40.63312],[141.08541,40.63469],[141.08836,40.63522],[141.09005,40.63532],[141.09074,40.63485],[141.09232,40.63474],[141.09418,40.6349],[141.09517,40.63475],[141.09657,40.6351],[141.09816,40.63503],[141.09945,40.63449],[141.10165,40.63452],[141.10299,40.63496],[141.10428,40.635],[141.10472,40.63533],[141.10651,40.63529],[141.10835,40.63557],[141.10983,40.63536],[141.11094,40.63491],[141.11263,40.63378],[141.11411,40.63689],[141.11554,40.63668],[141.11697,40.63698],[141.11822,40.63756],[141.11886,40.63817],[141.11994,40.6397],[141.12309,40.64146],[141.12652,40.64277],[141.12945,40.64242],[141.13224,40.64162],[141.13305,40.64106],[141.13433,40.64057],[141.13643,40.64002],[141.13841,40.64012],[141.14022,40.64007],[141.14145,40.63983],[141.14233,40.63888],[141.14428,40.6392],[141.14585,40.64165],[141.14844,40.6434],[141.14864,40.64566],[141.15061,40.64767],[141.15209,40.64807],[141.15457,40.65027],[141.15259,40.65074],[141.15179,40.65107],[141.14975,40.65112],[141.14869,40.65101],[141.14631,40.65003],[141.14515,40.65376],[141.14672,40.65569],[141.14552,40.65682],[141.15177,40.66034],[141.15701,40.66322],[141.15671,40.66359],[141.15689,40.66479],[141.15774,40.66541],[141.15818,40.66711],[141.1596,40.66936],[141.15975,40.67007],[141.1595,40.67107],[141.15979,40.67206],[141.15981,40.6735],[141.16104,40.6733],[141.16138,40.67249],[141.16281,40.67232],[141.16338,40.67279],[141.16429,40.67222],[141.16659,40.67213],[141.16741,40.67181],[141.16765,40.67244],[141.16845,40.67258],[141.16868,40.67189],[141.1711,40.67239],[141.17098,40.67322],[141.17228,40.67302],[141.17236,40.67374],[141.17134,40.67391],[141.17112,40.67548],[141.16964,40.67724],[141.16944,40.67825],[141.16969,40.67928],[141.17122,40.68139],[141.1728,40.68243],[141.17283,40.68313],[141.17181,40.68428],[141.17096,40.68578],[141.17382,40.68665],[141.1752,40.68779],[141.17577,40.68874],[141.17595,40.68958],[141.17573,40.69062],[141.17535,40.69091],[141.1746,40.69297],[141.17455,40.69447],[141.17318,40.69505],[141.17249,40.69554],[141.17258,40.69794],[141.17331,40.69829],[141.17439,40.6978],[141.17593,40.69818],[141.17619,40.69876],[141.17705,40.69963],[141.17572,40.69999],[141.17619,40.70098],[141.17592,40.70165],[141.17697,40.70193],[141.17755,40.70143],[141.17828,40.70134],[141.17916,40.70267],[141.18002,40.7036],[141.17916,40.7068],[141.18461,40.70849],[141.18389,40.7099],[141.18587,40.71054],[141.18554,40.71117],[141.18704,40.7116],[141.19632,40.71447],[141.19744,40.71497],[141.19724,40.71568],[141.19775,40.71614],[141.19887,40.71662],[141.20108,40.71713],[141.20138,40.71754],[141.20269,40.71806],[141.20337,40.71737],[141.2039,40.71754],[141.20466,40.71696],[141.20508,40.71842],[141.20634,40.72008],[141.20717,40.72077],[141.20927,40.72192],[141.20931,40.72303],[141.21012,40.723],[141.21125,40.72179],[141.21385,40.72152],[141.2137,40.72337],[141.21446,40.72343],[141.21441,40.72578],[141.21855,40.7259],[141.21853,40.72657],[141.21989,40.72629],[141.2217,40.72639],[141.22172,40.72601],[141.22403,40.72614],[141.22412,40.72661],[141.22522,40.72679],[141.22528,40.72714],[141.22634,40.72739],[141.22635,40.72775],[141.22769,40.72795],[141.22956,40.72958],[141.23046,40.72962],[141.2338,40.73081],[141.23454,40.73087],[141.23568,40.73054],[141.23838,40.73183],[141.24118,40.73415],[141.24228,40.73591],[141.24372,40.73679],[141.24407,40.73745],[141.24416,40.73971],[141.24313,40.73959],[141.24328,40.74041],[141.24424,40.74045],[141.2457,40.74281],[141.24666,40.74398],[141.24874,40.7457],[141.24713,40.74716],[141.24656,40.74854],[141.24615,40.75066],[141.2475,40.75138],[141.24858,40.75269],[141.25011,40.75292],[141.25186,40.75367],[141.25528,40.7535],[141.25646,40.75306],[141.25701,40.75241],[141.25808,40.75065],[141.26102,40.75071],[141.26258,40.75051],[141.2663,40.74949],[141.26756,40.74939],[141.27086,40.74978],[141.27152,40.75347],[141.25369,40.75489],[141.25496,40.7648],[141.25699,40.76469],[141.257,40.77022],[141.25568,40.77005],[141.25355,40.7701],[141.25538,40.77281],[141.25523,40.77382],[141.25276,40.77476],[141.25191,40.77351],[141.24809,40.77594],[141.24613,40.77581],[141.24425,40.77591],[141.24331,40.7756],[141.24014,40.77492],[141.23876,40.77532],[141.23765,40.77589],[141.23672,40.77567],[141.23659,40.77452],[141.23739,40.77279],[141.23742,40.77189],[141.23801,40.77103],[141.23785,40.77057],[141.23844,40.76997],[141.23821,40.76943],[141.23644,40.77023],[141.23514,40.77106],[141.23469,40.77053],[141.2344,40.76894],[141.23228,40.76818],[141.231,40.76735],[141.23038,40.76664],[141.22991,40.76564],[141.22912,40.76468],[141.22902,40.764],[141.22807,40.76356],[141.22807,40.76155],[141.2267,40.76129],[141.22789,40.7602],[141.22781,40.75984],[141.22928,40.75825],[141.22857,40.75772],[141.22343,40.75685],[141.22247,40.75688],[141.22089,40.75661],[141.2187,40.75664],[141.21814,40.75738],[141.21642,40.75827],[141.21352,40.76021],[141.21264,40.7609],[141.20897,40.76327],[141.20643,40.76377],[141.20473,40.7646],[141.20433,40.76438],[141.20284,40.76563],[141.20258,40.76646],[141.20186,40.76758],[141.20046,40.76861],[141.19987,40.768],[141.19982,40.76709],[141.19939,40.76614],[141.19826,40.76545],[141.19841,40.76444],[141.19964,40.7639],[141.19982,40.76241],[141.2009,40.76256],[141.20081,40.76165],[141.20138,40.76097],[141.20085,40.75971],[141.19976,40.76199],[141.19908,40.76237],[141.19887,40.76353],[141.19842,40.76412],[141.19395,40.7648],[141.19205,40.76478],[141.1906,40.76549],[141.19015,40.76618],[141.18794,40.76679],[141.18682,40.76765],[141.18544,40.76832],[141.18653,40.76976],[141.18714,40.77269],[141.18782,40.77429],[141.1879,40.77527],[141.18848,40.77627],[141.18901,40.77843],[141.18964,40.77909],[141.18869,40.78013],[141.18763,40.78331],[141.18699,40.7841],[141.18495,40.78505],[141.18285,40.78515],[141.18118,40.78585],[141.18014,40.78605],[141.17742,40.78564],[141.17601,40.78605],[141.17357,40.78573],[141.17166,40.78517],[141.16892,40.7853],[141.16853,40.78758],[141.16737,40.78743],[141.16483,40.78736],[141.16262,40.78683],[141.16183,40.79224],[141.16171,40.79425],[141.16069,40.79394],[141.15881,40.79406],[141.15677,40.79462],[141.15637,40.79498],[141.1542,40.79536],[141.15269,40.79538],[141.15122,40.79588],[141.15111,40.79636],[141.14879,40.79694],[141.14771,40.79676],[141.14444,40.79904],[141.14274,40.79963],[141.1424,40.79958],[141.14098,40.80039],[141.13998,40.79964],[141.1387,40.79922],[141.13756,40.79915],[141.1375,40.7998],[141.13794,40.80156],[141.13768,40.80214],[141.13686,40.8028],[141.13591,40.80286],[141.1354,40.80402],[141.13335,40.80434],[141.13298,40.80388],[141.13206,40.80394],[141.12903,40.80364],[141.128,40.8037],[141.12469,40.80335],[141.12331,40.80339],[141.12332,40.80228],[141.11912,40.80216],[141.11716,40.8035],[141.11472,40.80392],[141.11108,40.80401],[141.10942,40.80373],[141.1074,40.80521],[141.10602,40.80564],[141.10405,40.80462],[141.10187,40.8053],[141.10008,40.80534],[141.0997,40.80554],[141.09899,40.80724],[141.09828,40.80748],[141.09641,40.80638],[141.0954,40.80503],[141.09398,40.80344],[141.09243,40.80216],[141.09099,40.80123],[141.08931,40.80073],[141.08827,40.80064],[141.08582,40.80103],[141.08278,40.80175],[141.081,40.80244],[141.07935,40.80291],[141.0786,40.80288],[141.07698,40.80244],[141.07548,40.80244],[141.07455,40.80267],[141.07237,40.80232],[141.07003,40.80257],[141.06867,40.80178],[141.06692,40.80164],[141.06649,40.80117],[141.06314,40.80024],[141.06228,40.80055],[141.06115,40.80053],[141.05968,40.79988],[141.05887,40.79986],[141.05776,40.80065],[141.05701,40.80054],[141.05534,40.80078],[141.05477,40.79968],[141.0533,40.7987],[141.05218,40.79894],[141.05108,40.79947],[141.04909,40.79962],[141.04736,40.7999],[141.04609,40.79918],[141.04508,40.79979],[141.0447,40.8014],[141.04425,40.80185],[141.04239,40.80188],[141.04186,40.80216],[141.04073,40.80376],[141.03977,40.80382],[141.03826,40.80338],[141.03748,40.80219],[141.03676,40.80171],[141.03506,40.80139],[141.03304,40.80029],[141.03154,40.79989],[141.03035,40.79921],[141.02867,40.79984],[141.02778,40.80089],[141.02725,40.80114],[141.02283,40.80193],[141.0215,40.80144],[141.01932,40.80188],[141.01851,40.80233],[141.01618,40.80256],[141.0156,40.80345],[141.01474,40.80412],[141.01386,40.80626],[141.01507,40.80714],[141.01511,40.80766],[141.01308,40.80853],[141.01086,40.80972],[141.01024,40.81048],[141.00939,40.81235],[141.00825,40.81347],[141.00787,40.81413],[141.00755,40.81563],[141.0067,40.81661],[141.00494,40.8153],[141.00367,40.81507],[140.99986,40.81496],[140.99611,40.815],[140.99388,40.81335],[140.99306,40.8131],[140.98993,40.81315],[140.99002,40.81221],[140.98802,40.81083],[140.98791,40.81017],[140.98814,40.80849],[140.98615,40.80709],[140.98509,40.80685],[140.98283,40.80675],[140.98061,40.80618],[140.98097,40.80502],[140.98048,40.80438],[140.98053,40.80349],[140.98094,40.80244],[140.97975,40.80194],[140.97822,40.80104],[140.97675,40.80079],[140.97696,40.79892],[140.97639,40.79682],[140.97672,40.79567],[140.97667,40.794],[140.97562,40.79165],[140.97343,40.7897],[140.97239,40.78949],[140.97023,40.78665],[140.96958,40.78633],[140.96782,40.78598],[140.96683,40.78508],[140.96572,40.78503],[140.96329,40.78321],[140.96148,40.78211],[140.96061,40.78123],[140.95811,40.78003],[140.95818,40.77954],[140.95895,40.77931],[140.95853,40.77869],[140.95877,40.77806],[140.95996,40.77722],[140.96036,40.7766],[140.96026,40.77518],[140.96104,40.77441],[140.96136,40.77364],[140.96111,40.77274],[140.96028,40.77247],[140.95916,40.77161],[140.95873,40.77052],[140.95732,40.76977],[140.95563,40.76824],[140.95496,40.76665],[140.95342,40.76557],[140.95171,40.76524],[140.95049,40.76472],[140.94891,40.76441],[140.94826,40.76361],[140.94709,40.76334],[140.94492,40.76338],[140.94371,40.76271],[140.94219,40.76218],[140.94023,40.7608],[140.93954,40.7595],[140.93634,40.75975],[140.93563,40.75964],[140.93354,40.75982],[140.93202,40.76027],[140.93012,40.76117],[140.92734,40.76125],[140.92688,40.76162],[140.92595,40.76168],[140.92352,40.76138],[140.92196,40.76177],[140.92026,40.7617],[140.91807,40.76085],[140.91748,40.75922],[140.9175,40.75779],[140.91642,40.75675],[140.91565,40.75657],[140.91461,40.75681],[140.91312,40.75677],[140.91143,40.75724],[140.91053,40.75706],[140.90745,40.75326],[140.90726,40.75268],[140.90614,40.7517],[140.90571,40.75105],[140.9056,40.74875],[140.90626,40.74662],[140.90563,40.74551],[140.904,40.74477],[140.90289,40.74455],[140.90191,40.74347],[140.90193,40.74138],[140.90123,40.73836],[140.90225,40.73672],[140.90425,40.73456],[140.90581,40.73348],[140.90661,40.73186],[140.90865,40.73018],[140.90898,40.72955],[140.90984,40.72917],[140.91146,40.7292],[140.91365,40.72971],[140.91564,40.72969],[140.91692,40.7286],[140.91826,40.72775],[140.91995,40.72629],[140.92132,40.72679],[140.92334,40.7272],[140.92502,40.72723],[140.92632,40.72666],[140.92766,40.72523],[140.92822,40.72434],[140.92917,40.72161],[140.92953,40.72144],[140.93116,40.72149],[140.93174,40.7207],[140.93292,40.7205],[140.93488,40.72075],[140.9357,40.72102],[140.93729,40.72085],[140.93918,40.72153],[140.94137,40.72135],[140.94256,40.7211],[140.94433,40.72033],[140.94617,40.71973],[140.94796,40.71943],[140.94923,40.71944],[140.95317,40.7187],[140.95632,40.71636],[140.95953,40.71343],[140.96017,40.71329],[140.96277,40.71334],[140.96302,40.71317],[140.96341,40.71045],[140.96362,40.70965],[140.96472,40.70788],[140.96643,40.70676],[140.96915,40.70622],[140.97002,40.70583],[140.97227,40.70356],[140.97316,40.70215],[140.9743,40.70087],[140.97532,40.69933],[140.97685,40.69799],[140.97897,40.69762]],[[141.21363,40.7255],[141.21318,40.72417],[141.21284,40.72419],[141.21272,40.72549],[141.21363,40.7255]]]]}},
  {"type":"Feature","properties":{"name":"六戸町","code":"02405"},"geometry":{"type":"MultiPolygon","coordinates":[[[[141.30367,40.56806],[141.31579,40.56534],[141.31646,40.56515],[141.31877,40.56336],[141.32021,40.5628],[141.32258,40.56272],[141.32562,40.56411],[141.32758,40.56453],[141.33164,40.5662],[141.33325,40.56732],[141.33458,40.56767],[141.33694,40.568],[141.33715,40.56846],[141.33691,40.56947],[141.33594,40.57142],[141.33498,40.5727],[141.33497,40.57425],[141.33377,40.5789],[141.33408,40.57924],[141.33643,40.58022],[141.33833,40.58149],[141.33976,40.58196],[141.34051,40.58202],[141.34387,40.58146],[141.346,40.58124],[141.34689,40.58147],[141.3494,40.58386],[141.35123,40.5849],[141.35247,40.58581],[141.35426,40.58592],[141.35482,40.58398],[141.35559,40.5819],[141.35608,40.58114],[141.35761,40.57957],[141.35873,40.57817],[141.35984,40.57588],[141.36176,40.57266],[141.36527,40.56621],[141.36742,40.56634],[141.3697,40.5672],[141.37144,40.56843],[141.37327,40.56929],[141.37471,40.57111],[141.37486,40.57155],[141.37644,40.57217],[141.37707,40.57445],[141.37775,40.57596],[141.37946,40.5785],[141.38017,40.57905],[141.38053,40.57973],[141.38068,40.58163],[141.3805,40.58386],[141.38021,40.58527],[141.38037,40.58555],[141.38025,40.58676],[141.3796,40.58752],[141.3781,40.58744],[141.37851,40.58831],[141.3776,40.58827],[141.37437,40.58678],[141.37198,40.58721],[141.36937,40.58847],[141.3687,40.5885],[141.36757,40.58906],[141.36616,40.58926],[141.36074,40.58924],[141.35964,40.58932],[141.35825,40.58915],[141.35687,40.58861],[141.35453,40.58941],[141.35775,40.59239],[141.36094,40.59722],[141.36134,40.59863],[141.36306,40.59978],[141.36312,40.60005],[141.36489,40.59998],[141.36735,40.59893],[141.36744,40.59982],[141.36669,40.60046],[141.36618,40.60125],[141.36632,40.60308],[141.36687,40.60402],[141.36677,40.60485],[141.36609,40.60581],[141.36493,40.60689],[141.36381,40.60722],[141.3616,40.6075],[141.36151,40.607],[141.36301,40.6066],[141.36041,40.60555],[141.36051,40.60459],[141.35988,40.60385],[141.36138,40.60284],[141.36174,40.60155],[141.36098,40.6009],[141.35835,40.60097],[141.35746,40.60158],[141.3569,40.60246],[141.35557,40.60226],[141.35303,40.60232],[141.35156,40.59964],[141.34984,40.60032],[141.34858,40.60043],[141.34725,40.60125],[141.34685,40.60397],[141.3464,40.60514],[141.34648,40.60679],[141.34526,40.60681],[141.34528,40.60739],[141.34448,40.60784],[141.34387,40.61024],[141.34382,40.61096],[141.34431,40.61146],[141.34678,40.61314],[141.34475,40.61713],[141.34462,40.61763],[141.34495,40.62127],[141.34557,40.62271],[141.34686,40.62287],[141.34572,40.62529],[141.34658,40.62672],[141.34782,40.62832],[141.35016,40.63208],[141.35123,40.63535],[141.35429,40.63838],[141.36014,40.64142],[141.36309,40.64251],[141.36315,40.64321],[141.36363,40.64352],[141.36331,40.64442],[141.36119,40.64575],[141.36035,40.64745],[141.3603,40.6498],[141.36078,40.65206],[141.35934,40.65265],[141.35974,40.65328],[141.35944,40.65437],[141.35989,40.65527],[141.35946,40.65654],[141.35936,40.65804],[141.35838,40.65887],[141.35783,40.65894],[141.35685,40.66006],[141.35605,40.66181],[141.35584,40.66382],[141.35506,40.6637],[141.35486,40.66425],[141.35332,40.66435],[141.35202,40.66386],[141.35182,40.665],[141.34885,40.66351],[141.34664,40.66296],[141.34523,40.66172],[141.34467,40.66099],[141.34399,40.66114],[141.34182,40.66355],[141.33987,40.66495],[141.33665,40.668],[141.33623,40.66899],[141.33425,40.66978],[141.33301,40.67164],[141.33255,40.67487],[141.33379,40.67664],[141.33384,40.67771],[141.33335,40.6783],[141.33328,40.67897],[141.33438,40.68221],[141.33598,40.68476],[141.33972,40.68713],[141.34067,40.68836],[141.33999,40.68885],[141.33642,40.69098],[141.33163,40.69243],[141.32999,40.69184],[141.32598,40.69239],[141.32557,40.69262],[141.32248,40.69626],[141.32279,40.6974],[141.3227,40.69826],[141.3247,40.70066],[141.3233,40.70097],[141.31951,40.69936],[141.31889,40.69958],[141.31792,40.69907],[141.31858,40.69669],[141.31847,40.696],[141.31728,40.69358],[141.31721,40.69296],[141.31664,40.69259],[141.31646,40.69135],[141.31551,40.69053],[141.31416,40.69087],[141.31347,40.69046],[141.31201,40.69005],[141.3117,40.68971],[141.30995,40.68913],[141.30757,40.68857],[141.30664,40.68767],[141.30534,40.68681],[141.30189,40.68495],[141.30147,40.68338],[141.3006,40.68276],[141.29886,40.68251],[141.29762,40.68272],[141.29645,40.68247],[141.29536,40.68249],[141.29318,40.68186],[141.29198,40.68185],[141.29095,40.68156],[141.2902,40.68101],[141.28914,40.67899],[141.28857,40.67864],[141.28835,40.6777],[141.28748,40.67621],[141.28658,40.67541],[141.28489,40.67441],[141.28433,40.67384],[141.28226,40.67332],[141.28121,40.67233],[141.27834,40.67138],[141.27656,40.67026],[141.27636,40.6698],[141.27495,40.669],[141.27498,40.66836],[141.27073,40.66499],[141.26993,40.66449],[141.26893,40.66278],[141.2668,40.66063],[141.26544,40.659],[141.2645,40.65651],[141.26405,40.65487],[141.26358,40.6538],[141.26315,40.65357],[141.26293,40.65255],[141.26315,40.65132],[141.26882,40.64641],[141.2692,40.6462],[141.27329,40.64646],[141.27452,40.64682],[141.27567,40.64748],[141.27791,40.64732],[141.27876,40.6474],[141.28007,40.64673],[141.28107,40.64594],[141.28291,40.64561],[141.28315,40.64519],[141.28208,40.64432],[141.28069,40.64365],[141.28006,40.64232],[141.27784,40.6404],[141.2749,40.63989],[141.27069,40.63752],[141.26663,40.63713],[141.2664,40.6372],[141.26141,40.6372],[141.26115,40.63654],[141.26244,40.63496],[141.26313,40.63471],[141.26326,40.63397],[141.26398,40.63324],[141.26521,40.63271],[141.26595,40.63154],[141.26575,40.63127],[141.26373,40.63145],[141.26354,40.63032],[141.26314,40.6302],[141.25929,40.63051],[141.25918,40.63039],[141.25796,40.62239],[141.25731,40.62047],[141.25705,40.61911],[141.25838,40.61633],[141.25914,40.61642],[141.26585,40.61557],[141.26602,40.61647],[141.26677,40.6165],[141.27437,40.6156],[141.27449,40.6155],[141.27437,40.61002],[141.27443,40.60984],[141.27669,40.60957],[141.27695,40.60785],[141.27548,40.60726],[141.27508,40.60686],[141.27613,40.60596],[141.27734,40.60445],[141.27724,40.60357],[141.27649,40.60186],[141.27703,40.60133],[141.27875,40.60075],[141.27986,40.60076],[141.28215,40.60049],[141.28381,40.60015],[141.28523,40.60008],[141.28575,40.60054],[141.28748,40.59903],[141.29005,40.60077],[141.29222,40.59977],[141.29402,40.59914],[141.29445,40.59843],[141.29356,40.59793],[141.29065,40.59561],[141.29069,40.59527],[141.28961,40.59447],[141.28918,40.59454],[141.28667,40.59309],[141.28576,40.59161],[141.28514,40.59127],[141.28584,40.59024],[141.2855,40.58828],[141.28578,40.58769],[141.28684,40.58705],[141.28793,40.58691],[141.28894,40.58618],[141.28954,40.585],[141.29065,40.58437],[141.2907,40.58346],[141.2935,40.58343],[141.2934,40.58292],[141.29364,40.58143],[141.29335,40.58062],[141.294,40.57975],[141.29612,40.57771],[141.29935,40.57608],[141.30191,40.57541],[141.30256,40.57483],[141.3028,40.57412],[141.3025,40.57246],[141.30294,40.57184],[141.30339,40.56968],[141.3045,40.56923],[141.30367,40.56806]]]]}},
  {"type":"Feature","properties":{"name":"横浜町","code":"02406"},"geometry":{"type":"MultiPolygon","coordinates":[[[[141.27633,41.1507],[141.27667,41.14759],[141.27563,41.14594],[141.2755,41.14411],[141.27483,41.14233],[141.27389,41.14105],[141.27366,41.14017],[141.27383,41.13921],[141.27341,41.13815],[141.27304,41.13632],[141.27227,41.1348],[141.27118,41.13422],[141.27026,41.13228],[141.26911,41.13127],[141.26728,41.13046],[141.26703,41.12897],[141.26653,41.12796],[141.26558,41.12727],[141.26477,41.12637],[141.26334,41.12592],[141.26227,41.12623],[141.26059,41.12611],[141.26013,41.12627],[141.25926,41.12558],[141.25913,41.12411],[141.25818,41.12239],[141.2564,41.12183],[141.2549,41.12066],[141.25422,41.11908],[141.25449,41.11857],[141.25465,41.1172],[141.25436,41.11561],[141.25361,41.11471],[141.25346,41.11387],[141.25281,41.11356],[141.25105,41.11372],[141.25013,41.11228],[141.2491,41.11143],[141.24842,41.11019],[141.24822,41.10838],[141.24763,41.10653],[141.24647,41.10464],[141.24637,41.10378],[141.24661,41.10193],[141.24715,41.10043],[141.24741,41.09754],[141.24784,41.09396],[141.24705,41.09312],[141.24704,41.09025],[141.24724,41.08933],[141.24634,41.08724],[141.24557,41.08749],[141.24487,41.08654],[141.24522,41.08597],[141.24397,41.08451],[141.24381,41.08394],[141.24208,41.08327],[141.24187,41.08191],[141.24202,41.07893],[141.24241,41.0782],[141.24233,41.07606],[141.24262,41.07486],[141.24272,41.07308],[141.2424,41.07118],[141.24241,41.06967],[141.24275,41.06905],[141.24289,41.06475],[141.24269,41.0636],[141.24279,41.0617],[141.24244,41.06021],[141.24145,41.05894],[141.24221,41.0579],[141.24232,41.0552],[141.24184,41.04922],[141.24113,41.04424],[141.24088,41.0417],[141.24002,41.03745],[141.23953,41.0371],[141.23985,41.03603],[141.23931,41.03247],[141.23924,41.03116],[141.23873,41.02894],[141.23743,41.02192],[141.23627,41.01748],[141.23568,41.01462],[141.23414,41.00834],[141.23251,41.00333],[141.2321,41.00109],[141.229,40.99153],[141.22776,40.98836],[141.22625,40.98405],[141.22499,40.98097],[141.22099,40.97141],[141.22224,40.97146],[141.22365,40.97095],[141.22425,40.97123],[141.22555,40.97121],[141.22623,40.97177],[141.22801,40.97181],[141.22913,40.97132],[141.23176,40.97147],[141.23267,40.97186],[141.23371,40.97191],[141.23445,40.97165],[141.23538,40.97196],[141.23986,40.97201],[141.24234,40.97103],[141.24748,40.96994],[141.24861,40.96986],[141.24962,40.96954],[141.25134,40.96945],[141.25347,40.96955],[141.25534,40.96936],[141.25547,40.97042],[141.25658,40.97105],[141.25966,40.97122],[141.26069,40.97062],[141.26198,40.97107],[141.2628,40.97267],[141.26467,40.97392],[141.26488,40.97486],[141.26458,40.9766],[141.26441,40.97848],[141.26363,40.98193],[141.26405,40.98259],[141.26703,40.98531],[141.26776,40.9857],[141.26836,40.98647],[141.27012,40.98824],[141.27079,40.98951],[141.27311,40.99431],[141.28375,40.99467],[141.28298,40.99813],[141.28551,40.99839],[141.28755,40.99959],[141.28693,41.00022],[141.28759,41.00163],[141.28826,41.00365],[141.28924,41.00381],[141.29054,41.00374],[141.29086,41.00404],[141.29397,41.0032],[141.2968,41.00426],[141.29781,41.00489],[141.29867,41.00723],[141.29904,41.00925],[141.29978,41.01036],[141.30031,41.01332],[141.30076,41.01475],[141.30149,41.01628],[141.30249,41.01719],[141.30411,41.01799],[141.30853,41.01913],[141.31031,41.02021],[141.31224,41.02079],[141.31273,41.02197],[141.31477,41.02483],[141.31557,41.02545],[141.31712,41.02622],[141.31984,41.02798],[141.32111,41.02854],[141.32167,41.03042],[141.32144,41.03195],[141.32014,41.03292],[141.3206,41.03427],[141.31992,41.03705],[141.31736,41.03719],[141.3172,41.03735],[141.31778,41.03931],[141.31683,41.04019],[141.31663,41.04071],[141.31747,41.04124],[141.31783,41.04186],[141.32094,41.04287],[141.32234,41.04393],[141.32424,41.04487],[141.32385,41.04557],[141.32405,41.04655],[141.32471,41.04763],[141.32464,41.04812],[141.32551,41.05035],[141.32532,41.05086],[141.32535,41.05266],[141.32596,41.05404],[141.32499,41.055],[141.32547,41.05627],[141.32701,41.05662],[141.32731,41.05765],[141.32821,41.05799],[141.32888,41.05898],[141.33177,41.05894],[141.33282,41.05848],[141.33545,41.059],[141.33713,41.05846],[141.33803,41.05712],[141.34018,41.05767],[141.3415,41.05766],[141.34197,41.05899],[141.34315,41.05978],[141.3428,41.06097],[141.34295,41.06255],[141.34377,41.06333],[141.34426,41.06426],[141.34425,41.06502],[141.34365,41.06653],[141.3429,41.06795],[141.34211,41.06845],[141.34179,41.06943],[141.34054,41.06987],[141.33942,41.07076],[141.33879,41.07194],[141.33901,41.07244],[141.34014,41.07306],[141.34086,41.07305],[141.34359,41.07417],[141.34495,41.07446],[141.34578,41.07496],[141.3456,41.07592],[141.34589,41.07672],[141.34564,41.07751],[141.34594,41.07831],[141.34555,41.0795],[141.3442,41.08026],[141.34369,41.08081],[141.34334,41.08309],[141.34405,41.08378],[141.34472,41.08539],[141.34514,41.0859],[141.34491,41.08659],[141.34507,41.08797],[141.34432,41.08893],[141.34472,41.09116],[141.34595,41.09291],[141.34751,41.09353],[141.34888,41.09378],[141.35069,41.09389],[141.3517,41.09476],[141.3527,41.09493],[141.35308,41.09594],[141.35116,41.09742],[141.35112,41.09861],[141.3521,41.0996],[141.35187,41.10098],[141.35198,41.10184],[141.35052,41.10247],[141.34963,41.10341],[141.34877,41.1037],[141.34786,41.10462],[141.3476,41.10528],[141.34758,41.10644],[141.34565,41.10657],[141.3442,41.10715],[141.34294,41.10694],[141.34089,41.10757],[141.33998,41.10764],[141.33948,41.10803],[141.3382,41.10826],[141.33683,41.10915],[141.33503,41.10873],[141.33439,41.10898],[141.33373,41.10981],[141.33198,41.11079],[141.33106,41.11088],[141.32834,41.11235],[141.32711,41.11368],[141.32642,41.1142],[141.32596,41.11571],[141.32524,41.11675],[141.32549,41.11787],[141.32665,41.11957],[141.32721,41.12013],[141.32772,41.12178],[141.32826,41.1224],[141.32948,41.12234],[141.33108,41.12288],[141.33226,41.1229],[141.33391,41.12343],[141.33374,41.12397],[141.33411,41.12574],[141.33394,41.12618],[141.33241,41.12759],[141.33341,41.12968],[141.33201,41.12992],[141.33158,41.13021],[141.33071,41.13204],[141.33066,41.13293],[141.32871,41.134],[141.32747,41.13555],[141.32636,41.13629],[141.32723,41.13689],[141.32729,41.13768],[141.32656,41.13856],[141.32634,41.14104],[141.32645,41.14161],[141.32553,41.14257],[141.32591,41.14452],[141.32581,41.145],[141.32624,41.14596],[141.32553,41.14706],[141.32549,41.14792],[141.32703,41.14935],[141.32712,41.14975],[141.32558,41.15064],[141.32439,41.15199],[141.32447,41.15292],[141.32295,41.15411],[141.32021,41.15297],[141.31864,41.15251],[141.31732,41.1524],[141.31678,41.15263],[141.31551,41.15256],[141.3131,41.15201],[141.31199,41.15201],[141.31057,41.15169],[141.30879,41.15241],[141.30716,41.15227],[141.30498,41.15245],[141.2999,41.15435],[141.29861,41.1545],[141.29796,41.15479],[141.29641,41.15463],[141.29518,41.15489],[141.29408,41.15577],[141.29236,41.15615],[141.28994,41.1574],[141.28876,41.15717],[141.28782,41.1577],[141.28731,41.15679],[141.28564,41.15685],[141.28382,41.15522],[141.28283,41.15506],[141.28204,41.15421],[141.28015,41.15322],[141.27941,41.15336],[141.27866,41.1529],[141.27854,41.15198],[141.27783,41.15209],[141.27703,41.15073],[141.27633,41.1507]]]]}},
  {"type":"Feature","properties":{"name":"東北町","code":"02408"},"geometry":{"type":"MultiPolygon","coordinates":[[[[141.26993,40.66449],[141.27073,40.66499],[141.27498,40.66836],[141.27495,40.669],[141.27636,40.6698],[141.27656,40.67026],[141.27834,40.67138],[141.28121,40.67233],[141.28226,40.67332],[141.28433,40.67384],[141.28489,40.67441],[141.28658,40.67541],[141.28748,40.67621],[141.28835,40.6777],[141.28857,40.67864],[141.28914,40.67899],[141.2902,40.68101],[141.29095,40.68156],[141.29198,40.68185],[141.29318,40.68186],[141.29536,40.68249],[141.29645,40.68247],[141.29762,40.68272],[141.29886,40.68251],[141.3006,40.68276],[141.30147,40.68338],[141.30189,40.68495],[141.30534,40.68681],[141.30664,40.68767],[141.30757,40.68857],[141.30995,40.68913],[141.3117,40.68971],[141.31201,40.69005],[141.31347,40.69046],[141.31416,40.69087],[141.31551,40.69053],[141.31646,40.69135],[141.31664,40.69259],[141.31721,40.69296],[141.31728,40.69358],[141.31847,40.696],[141.31858,40.69669],[141.31792,40.69907],[141.31889,40.69958],[141.31951,40.69936],[141.3233,40.70097],[141.3247,40.70066],[141.32577,40.70273],[141.32686,40.703],[141.32725,40.7048],[141.32825,40.70644],[141.33017,40.70652],[141.33133,40.70724],[141.33247,40.70767],[141.33418,40.70807],[141.33558,40.70963],[141.33569,40.7102],[141.33711,40.71231],[141.33791,40.71261],[141.34008,40.71195],[141.34068,40.71258],[141.34099,40.71348],[141.34187,40.71445],[141.34232,40.71533],[141.34287,40.71809],[141.34357,40.71932],[141.34302,40.72022],[141.34129,40.72064],[141.34064,40.72039],[141.33926,40.72043],[141.33737,40.72097],[141.33604,40.72074],[141.33522,40.72013],[141.33457,40.71893],[141.33365,40.71863],[141.33291,40.71759],[141.33281,40.71596],[141.33197,40.71587],[141.33162,40.71527],[141.33187,40.71385],[141.33166,40.71294],[141.33063,40.71324],[141.32672,40.71328],[141.32335,40.71309],[141.32113,40.71253],[141.32045,40.71259],[141.31887,40.71316],[141.3184,40.71309],[141.31681,40.7118],[141.31563,40.71116],[141.31373,40.71067],[141.31323,40.71019],[141.31236,40.71077],[141.31214,40.71009],[141.31099,40.71031],[141.31106,40.71114],[141.31048,40.71178],[141.3103,40.71273],[141.31046,40.71505],[141.31087,40.71515],[141.3101,40.71655],[141.31393,40.71948],[141.31662,40.72176],[141.31828,40.72244],[141.32022,40.72379],[141.32185,40.72451],[141.32437,40.72382],[141.32636,40.72405],[141.32855,40.7252],[141.33029,40.72481],[141.33223,40.72375],[141.33674,40.72233],[141.3377,40.72425],[141.33971,40.72325],[141.34193,40.72263],[141.3424,40.72196],[141.34421,40.72124],[141.34585,40.7209],[141.34628,40.72058],[141.34757,40.72081],[141.34964,40.72196],[141.35142,40.72344],[141.35291,40.72524],[141.35325,40.72599],[141.35474,40.72785],[141.35627,40.73043],[141.35782,40.7341],[141.35842,40.73615],[141.35913,40.74022],[141.35941,40.74273],[141.35926,40.7439],[141.35953,40.74414],[141.35965,40.74574],[141.35956,40.74834],[141.35971,40.75155],[141.3594,40.75682],[141.35872,40.76144],[141.35795,40.76839],[141.35713,40.77166],[141.35622,40.77357],[141.35544,40.77451],[141.35163,40.77674],[141.34974,40.77742],[141.34881,40.77793],[141.34806,40.77959],[141.3488,40.78234],[141.34905,40.7838],[141.34864,40.78491],[141.3489,40.78562],[141.34885,40.78803],[141.34831,40.78884],[141.34863,40.79058],[141.3484,40.79136],[141.34871,40.79382],[141.34851,40.79498],[141.34789,40.79608],[141.34813,40.79764],[141.34814,40.80156],[141.34774,40.80406],[141.34828,40.8066],[141.34955,40.80896],[141.34975,40.81016],[141.35038,40.81065],[141.35132,40.81235],[141.3526,40.81312],[141.35319,40.81373],[141.35433,40.81351],[141.35516,40.81394],[141.35606,40.81397],[141.35722,40.81503],[141.35899,40.8161],[141.36058,40.81907],[141.3615,40.81965],[141.36357,40.82371],[141.36365,40.82454],[141.3644,40.82507],[141.36608,40.82746],[141.36549,40.82798],[141.36522,40.82886],[141.36587,40.82941],[141.36604,40.83014],[141.36679,40.83083],[141.36597,40.83166],[141.36651,40.83255],[141.36666,40.83339],[141.36746,40.83566],[141.36797,40.83636],[141.36773,40.83865],[141.36736,40.84107],[141.36544,40.8427],[141.3646,40.84277],[141.36309,40.84354],[141.35945,40.84451],[141.35752,40.84464],[141.35576,40.8445],[141.3508,40.8428],[141.34973,40.84274],[141.34817,40.84237],[141.34657,40.84232],[141.34497,40.84267],[141.34296,40.84243],[141.33951,40.84237],[141.33774,40.84268],[141.3352,40.84362],[141.33108,40.84534],[141.33076,40.84582],[141.32927,40.84643],[141.32663,40.84689],[141.32583,40.84762],[141.32629,40.84852],[141.32718,40.84888],[141.32804,40.8487],[141.32888,40.84972],[141.32854,40.85074],[141.32882,40.85205],[141.32843,40.85244],[141.32643,40.85171],[141.32554,40.85096],[141.32485,40.8508],[141.32432,40.85025],[141.3234,40.85038],[141.31839,40.84899],[141.31704,40.84839],[141.31544,40.84732],[141.31555,40.84685],[141.3151,40.8459],[141.31405,40.84466],[141.3146,40.84328],[141.31283,40.84157],[141.3125,40.84065],[141.31107,40.83815],[141.31112,40.83775],[141.30972,40.83576],[141.30913,40.83393],[141.30858,40.83314],[141.30798,40.83158],[141.30579,40.83216],[141.29661,40.83601],[141.29526,40.83641],[141.29139,40.83736],[141.28178,40.83981],[141.28089,40.84019],[141.27137,40.84499],[141.26981,40.84571],[141.26978,40.84933],[141.26902,40.85123],[141.26833,40.85383],[141.26818,40.85509],[141.26869,40.85651],[141.26861,40.85973],[141.2684,40.86069],[141.26828,40.86374],[141.26692,40.86759],[141.26653,40.86988],[141.26674,40.87114],[141.2675,40.87396],[141.26761,40.87702],[141.26819,40.8791],[141.26873,40.88047],[141.26895,40.88212],[141.26861,40.88248],[141.26932,40.88501],[141.2685,40.88535],[141.2686,40.88579],[141.26477,40.88867],[141.26356,40.89057],[141.26265,40.8914],[141.26202,40.89468],[141.26165,40.89478],[141.26061,40.89737],[141.26084,40.89907],[141.26074,40.89971],[141.25926,40.90187],[141.25923,40.90323],[141.25868,40.90444],[141.2585,40.90539],[141.25791,40.90561],[141.25731,40.90631],[141.2573,40.90684],[141.25609,40.90837],[141.2533,40.90751],[141.25167,40.90752],[141.24956,40.90811],[141.24942,40.90852],[141.25255,40.90831],[141.25478,40.90858],[141.25611,40.90914],[141.2565,40.90966],[141.25672,40.91266],[141.25762,40.91375],[141.25763,40.91481],[141.25878,40.91505],[141.26062,40.91784],[141.26169,40.92009],[141.26235,40.92274],[141.26158,40.92282],[141.26203,40.92407],[141.26092,40.92612],[141.25992,40.92589],[141.25936,40.92534],[141.25754,40.9245],[141.25593,40.92397],[141.25316,40.92429],[141.24972,40.92391],[141.24829,40.92461],[141.24606,40.92518],[141.24284,40.92679],[141.24238,40.92781],[141.23966,40.92848],[141.23675,40.92956],[141.23536,40.93024],[141.2342,40.93104],[141.23245,40.93161],[141.23249,40.9311],[141.23351,40.92754],[141.23439,40.9249],[141.2345,40.92412],[141.23413,40.92342],[141.23259,40.92154],[141.23216,40.91967],[141.23089,40.91799],[141.22702,40.9147],[141.22615,40.91296],[141.2255,40.91225],[141.22468,40.91],[141.22456,40.90833],[141.22519,40.90701],[141.2247,40.90502],[141.22496,40.90306],[141.2229,40.89989],[141.22099,40.89962],[141.21946,40.89993],[141.21899,40.89947],[141.21893,40.89867],[141.21751,40.89643],[141.21607,40.89539],[141.21485,40.8942],[141.21388,40.89385],[141.21226,40.89269],[141.20881,40.89002],[141.20761,40.88893],[141.20564,40.88841],[141.20402,40.88743],[141.20339,40.8865],[141.20268,40.8834],[141.1998,40.87815],[141.19528,40.86965],[141.19456,40.86973],[141.19401,40.87054],[141.19278,40.87088],[141.19145,40.87093],[141.18925,40.86991],[141.18826,40.86922],[141.18659,40.86777],[141.17758,40.86543],[141.17501,40.86441],[141.17374,40.86402],[141.17049,40.86182],[141.16781,40.85991],[141.165,40.85832],[141.16128,40.85601],[141.15678,40.85297],[141.15643,40.85231],[141.15564,40.85209],[141.15526,40.85122],[141.15394,40.85061],[141.15275,40.84961],[141.15108,40.84937],[141.15114,40.84903],[141.14996,40.84873],[141.14995,40.84814],[141.1477,40.84812],[141.14665,40.84712],[141.14489,40.84783],[141.14344,40.8479],[141.1418,40.8486],[141.14121,40.84908],[141.13994,40.84934],[141.13955,40.84975],[141.13862,40.84997],[141.13799,40.85045],[141.13594,40.85098],[141.13552,40.8507],[141.13347,40.85054],[141.13248,40.84956],[141.13231,40.84897],[141.13275,40.84764],[141.1328,40.84635],[141.13338,40.84524],[141.13389,40.84478],[141.13431,40.84321],[141.1342,40.84197],[141.13465,40.84119],[141.1353,40.83934],[141.135,40.83791],[141.13508,40.83717],[141.13474,40.8363],[141.13386,40.83495],[141.13167,40.83417],[141.13095,40.83502],[141.12997,40.83682],[141.12798,40.83691],[141.12709,40.83782],[141.1277,40.84086],[141.1269,40.84242],[141.12411,40.8404],[141.1231,40.84089],[141.12145,40.84048],[141.12027,40.84061],[141.11949,40.84119],[141.11779,40.84056],[141.11609,40.84072],[141.11516,40.84063],[141.11399,40.8401],[141.11196,40.83953],[141.11057,40.83876],[141.10777,40.83821],[141.10278,40.83676],[141.0995,40.83601],[141.09821,40.83557],[141.09629,40.8353],[141.09373,40.83425],[141.09245,40.83405],[141.09022,40.83406],[141.08944,40.83373],[141.08791,40.83267],[141.08633,40.83227],[141.08474,40.83127],[141.08376,40.8309],[141.08166,40.8309],[141.07819,40.83068],[141.07674,40.83028],[141.07568,40.83052],[141.07443,40.8313],[141.07261,40.83143],[141.07089,40.83214],[141.06855,40.83222],[141.06774,40.83251],[141.06754,40.83345],[141.06576,40.8335],[141.06373,40.8339],[141.06229,40.83494],[141.05941,40.83531],[141.05787,40.83524],[141.05538,40.83492],[141.05307,40.8348],[141.05122,40.83396],[141.04868,40.83397],[141.0469,40.8338],[141.04529,40.83291],[141.04438,40.83335],[141.04386,40.83428],[141.04328,40.83452],[141.04231,40.83631],[141.04158,40.83684],[141.04092,40.83824],[141.03997,40.83915],[141.0394,40.84039],[141.03808,40.84015],[141.03529,40.83915],[141.03367,40.83889],[141.03159,40.83885],[141.03052,40.83858],[141.02937,40.83858],[141.02639,40.83764],[141.02245,40.83678],[141.02013,40.83727],[141.01807,40.83716],[141.01834,40.83601],[141.01949,40.83254],[141.01893,40.8312],[141.01891,40.83035],[141.01933,40.82845],[141.02014,40.82596],[141.01784,40.82344],[141.01651,40.82146],[141.01673,40.81985],[141.01436,40.81883],[141.01277,40.81935],[141.01009,40.8191],[141.00819,40.81828],[141.00736,40.81753],[141.0067,40.81661],[141.00755,40.81563],[141.00787,40.81413],[141.00825,40.81347],[141.00939,40.81235],[141.01024,40.81048],[141.01086,40.80972],[141.01308,40.80853],[141.01511,40.80766],[141.01507,40.80714],[141.01386,40.80626],[141.01474,40.80412],[141.0156,40.80345],[141.01618,40.80256],[141.01851,40.80233],[141.01932,40.80188],[141.0215,40.80144],[141.02283,40.80193],[141.02725,40.80114],[141.02778,40.80089],[141.02867,40.79984],[141.03035,40.79921],[141.03154,40.79989],[141.03304,40.80029],[141.03506,40.80139],[141.03676,40.80171],[141.03748,40.80219],[141.03826,40.80338],[141.03977,40.80382],[141.04073,40.80376],[141.04186,40.80216],[141.04239,40.80188],[141.04425,40.80185],[141.0447,40.8014],[141.04508,40.79979],[141.04609,40.79918],[141.04736,40.7999],[141.04909,40.79962],[141.05108,40.79947],[141.05218,40.79894],[141.0533,40.7987],[141.05477,40.79968],[141.05534,40.80078],[141.05701,40.80054],[141.05776,40.80065],[141.05887,40.79986],[141.05968,40.79988],[141.06115,40.80053],[141.06228,40.80055],[141.06314,40.80024],[141.06649,40.80117],[141.06692,40.80164],[141.06867,40.80178],[141.07003,40.80257],[141.07237,40.80232],[141.07455,40.80267],[141.07548,40.80244],[141.07698,40.80244],[141.0786,40.80288],[141.07935,40.80291],[141.081,40.80244],[141.08278,40.80175],[141.08582,40.80103],[141.08827,40.80064],[141.08931,40.80073],[141.09099,40.80123],[141.09243,40.80216],[141.09398,40.80344],[141.0954,40.80503],[141.09641,40.80638],[141.09828,40.80748],[141.09899,40.80724],[141.0997,40.80554],[141.10008,40.80534],[141.10187,40.8053],[141.10405,40.80462],[141.10602,40.80564],[141.1074,40.80521],[141.10942,40.80373],[141.11108,40.80401],[141.11472,40.80392],[141.11716,40.8035],[141.11912,40.80216],[141.12332,40.80228],[141.12331,40.80339],[141.12469,40.80335],[141.128,40.8037],[141.12903,40.80364],[141.13206,40.80394],[141.13298,40.80388],[141.13335,40.80434],[141.1354,40.80402],[141.13591,40.80286],[141.13686,40.8028],[141.13768,40.80214],[141.13794,40.80156],[141.1375,40.7998],[141.13756,40.79915],[141.1387,40.79922],[141.13998,40.79964],[141.14098,40.80039],[141.1424,40.79958],[141.14274,40.79963],[141.14444,40.79904],[141.14771,40.79676],[141.14879,40.79694],[141.15111,40.79636],[141.15122,40.79588],[141.15269,40.79538],[141.1542,40.79536],[141.15637,40.79498],[141.15677,40.79462],[141.15881,40.79406],[141.16069,40.79394],[141.16171,40.79425],[141.16183,40.79224],[141.16262,40.78683],[141.16483,40.78736],[141.16737,40.78743],[141.16853,40.78758],[141.16892,40.7853],[141.17166,40.78517],[141.17357,40.78573],[141.17601,40.78605],[141.17742,40.78564],[141.18014,40.78605],[141.18118,40.78585],[141.18285,40.78515],[141.18495,40.78505],[141.18699,40.7841],[141.18763,40.78331],[141.18869,40.78013],[141.18964,40.77909],[141.18901,40.77843],[141.18848,40.77627],[141.1879,40.77527],[141.18782,40.77429],[141.18714,40.77269],[141.18653,40.76976],[141.18544,40.76832],[141.18682,40.76765],[141.18794,40.76679],[141.19015,40.76618],[141.1906,40.76549],[141.19205,40.76478],[141.19395,40.7648],[141.19842,40.76412],[141.19887,40.76353],[141.19908,40.76237],[141.19976,40.76199],[141.20085,40.75971],[141.20138,40.76097],[141.20081,40.76165],[141.2009,40.76256],[141.19982,40.76241],[141.19964,40.7639],[141.19841,40.76444],[141.19826,40.76545],[141.19939,40.76614],[141.19982,40.76709],[141.19987,40.768],[141.20046,40.76861],[141.20186,40.76758],[141.20258,40.76646],[141.20284,40.76563],[141.20433,40.76438],[141.20473,40.7646],[141.20643,40.76377],[141.20897,40.76327],[141.21264,40.7609],[141.21352,40.76021],[141.21642,40.75827],[141.21814,40.75738],[141.2187,40.75664],[141.22089,40.75661],[141.22247,40.75688],[141.22343,40.75685],[141.22857,40.75772],[141.22928,40.75825],[141.22781,40.75984],[141.22789,40.7602],[141.2267,40.76129],[141.22807,40.76155],[141.22807,40.76356],[141.22902,40.764],[141.22912,40.76468],[141.22991,40.76564],[141.23038,40.76664],[141.231,40.76735],[141.23228,40.76818],[141.2344,40.76894],[141.23469,40.77053],[141.23514,40.77106],[141.23644,40.77023],[141.23821,40.76943],[141.23844,40.76997],[141.23785,40.77057],[141.23801,40.77103],[141.23742,40.77189],[141.23739,40.77279],[141.23659,40.77452],[141.23672,40.77567],[141.23765,40.77589],[141.23876,40.77532],[141.24014,40.77492],[141.24331,40.7756],[141.24425,40.77591],[141.24613,40.77581],[141.24809,40.77594],[141.25191,40.77351],[141.25276,40.77476],[141.25523,40.77382],[141.25538,40.77281],[141.25355,40.7701],[141.25568,40.77005],[141.257,40.77022],[141.25699,40.76469],[141.25496,40.7648],[141.25369,40.75489],[141.27152,40.75347],[141.27086,40.74978],[141.26756,40.74939],[141.2663,40.74949],[141.26258,40.75051],[141.26102,40.75071],[141.25808,40.75065],[141.25701,40.75241],[141.25646,40.75306],[141.25528,40.7535],[141.25186,40.75367],[141.25011,40.75292],[141.24858,40.75269],[141.2475,40.75138],[141.24615,40.75066],[141.24656,40.74854],[141.24713,40.74716],[141.24874,40.7457],[141.24666,40.74398],[141.2457,40.74281],[141.24424,40.74045],[141.24328,40.74041],[141.24313,40.73959],[141.24416,40.73971],[141.24407,40.73745],[141.24372,40.73679],[141.24228,40.73591],[141.24118,40.73415],[141.23838,40.73183],[141.23568,40.73054],[141.23454,40.73087],[141.2338,40.73081],[141.23046,40.72962],[141.22956,40.72958],[141.22769,40.72795],[141.22635,40.72775],[141.22634,40.72739],[141.22528,40.72714],[141.22522,40.72679],[141.22412,40.72661],[141.22403,40.72614],[141.22172,40.72601],[141.2217,40.72639],[141.21989,40.72629],[141.21853,40.72657],[141.21855,40.7259],[141.21441,40.72578],[141.21446,40.72343],[141.2137,40.72337],[141.21385,40.72152],[141.21125,40.72179],[141.21012,40.723],[141.20931,40.72303],[141.20927,40.72192],[141.20717,40.72077],[141.20634,40.72008],[141.20508,40.71842],[141.20466,40.71696],[141.2039,40.71754],[141.20337,40.71737],[141.20269,40.71806],[141.20138,40.71754],[141.20108,40.71713],[141.19887,40.71662],[141.19775,40.71614],[141.19724,40.71568],[141.19744,40.71497],[141.19632,40.71447],[141.18704,40.7116],[141.18554,40.71117],[141.18587,40.71054],[141.18389,40.7099],[141.18461,40.70849],[141.17916,40.7068],[141.18002,40.7036],[141.17916,40.70267],[141.17828,40.70134],[141.17755,40.70143],[141.17697,40.70193],[141.17592,40.70165],[141.17619,40.70098],[141.17572,40.69999],[141.17705,40.69963],[141.17619,40.69876],[141.17593,40.69818],[141.17439,40.6978],[141.17331,40.69829],[141.17258,40.69794],[141.17249,40.69554],[141.17318,40.69505],[141.17455,40.69447],[141.1746,40.69297],[141.17535,40.69091],[141.17573,40.69062],[141.17595,40.68958],[141.17577,40.68874],[141.1752,40.68779],[141.17382,40.68665],[141.17096,40.68578],[141.17181,40.68428],[141.17283,40.68313],[141.17488,40.68306],[141.1768,40.6838],[141.17913,40.68434],[141.17951,40.68477],[141.18312,40.6855],[141.18366,40.68533],[141.18812,40.68586],[141.1889,40.68584],[141.19036,40.68649],[141.19199,40.68782],[141.1925,40.68799],[141.19411,40.68911],[141.19493,40.68933],[141.19747,40.68931],[141.1984,40.68879],[141.20073,40.68834],[141.20345,40.68831],[141.20458,40.68864],[141.20692,40.68984],[141.20764,40.69097],[141.20996,40.69281],[141.21038,40.69223],[141.21107,40.69042],[141.21256,40.69042],[141.21456,40.68938],[141.2153,40.68932],[141.21693,40.68981],[141.22319,40.69154],[141.22446,40.69176],[141.22726,40.69155],[141.22917,40.69092],[141.22978,40.69185],[141.23088,40.69168],[141.2315,40.69477],[141.236,40.69424],[141.23625,40.69603],[141.23992,40.6985],[141.24181,40.69573],[141.24421,40.69661],[141.24738,40.70042],[141.24953,40.69936],[141.25145,40.70167],[141.25633,40.69922],[141.25755,40.69937],[141.25776,40.6999],[141.25905,40.70027],[141.26039,40.70112],[141.26359,40.69982],[141.26429,40.70028],[141.26534,40.70157],[141.26691,40.70122],[141.2673,40.70078],[141.26668,40.69939],[141.26549,40.6978],[141.26311,40.69609],[141.26251,40.69517],[141.26304,40.69477],[141.26389,40.69508],[141.26566,40.69488],[141.26613,40.69311],[141.26626,40.69162],[141.26592,40.69071],[141.26464,40.68973],[141.26442,40.68899],[141.26385,40.68848],[141.26364,40.68724],[141.26379,40.68608],[141.26361,40.68516],[141.26423,40.68362],[141.26483,40.68305],[141.26487,40.68194],[141.26534,40.68076],[141.26697,40.67893],[141.26687,40.67679],[141.26647,40.67582],[141.2664,40.67396],[141.26702,40.67218],[141.26709,40.67123],[141.26895,40.67024],[141.26948,40.6697],[141.27159,40.669],[141.2709,40.66687],[141.26993,40.66449]]]]}},
  {"type":"Feature","properties":{"name":"六ヶ所村","code":"02411"},"geometry":{"type":"MultiPolygon","coordinates":[[[[141.39293,40.88662],[141.39296,40.88834],[141.3926,40.88964],[141.39192,40.89341],[141.39177,40.89701],[141.3916,40.89782],[141.39153,40.90087],[141.39135,40.90354],[141.39131,40.90747],[141.39114,40.91046],[141.39134,40.91248],[141.39134,40.91609],[141.39159,40.917],[141.39135,40.91737],[141.39168,40.91828],[141.39173,40.91932],[141.39213,40.92071],[141.39268,40.92185],[141.39275,40.92251],[141.39356,40.92364],[141.39583,40.92356],[141.40005,40.92622],[141.39995,40.92632],[141.39588,40.92373],[141.3948,40.92374],[141.3948,40.9242],[141.38696,40.92423],[141.38699,40.92829],[141.38506,40.93025],[141.38623,40.93082],[141.38862,40.92828],[141.38972,40.92833],[141.38974,40.92986],[141.38832,40.9313],[141.38795,40.9308],[141.38682,40.93073],[141.38541,40.93118],[141.38422,40.93033],[141.38358,40.93111],[141.38238,40.93111],[141.38152,40.93071],[141.38073,40.93136],[141.37989,40.93257],[141.37913,40.93297],[141.37682,40.93294],[141.3759,40.93432],[141.37571,40.93514],[141.37589,40.93668],[141.37992,40.93665],[141.37994,40.93817],[141.38171,40.93816],[141.3817,40.93664],[141.38287,40.93606],[141.38361,40.9353],[141.38485,40.93565],[141.3862,40.93687],[141.38746,40.9368],[141.39144,40.93684],[141.39065,40.93745],[141.38868,40.93945],[141.38794,40.9406],[141.38716,40.94243],[141.38684,40.94353],[141.38661,40.94644],[141.38617,40.94768],[141.38585,40.95214],[141.38598,40.95488],[141.38591,40.95552],[141.38623,40.95714],[141.3862,40.95912],[141.38653,40.9608],[141.38699,40.9617],[141.3888,40.96278],[141.38973,40.9628],[141.38977,40.96402],[141.38709,40.96404],[141.38627,40.96435],[141.38593,40.96555],[141.38547,40.96627],[141.38692,40.96664],[141.3889,40.96672],[141.38916,40.96714],[141.38678,40.96715],[141.38613,40.96701],[141.38614,40.96908],[141.38958,40.96911],[141.38957,40.96818],[141.39122,40.96597],[141.39465,40.96371],[141.39482,40.96385],[141.39136,40.96608],[141.38975,40.96822],[141.38975,40.96971],[141.38739,40.96972],[141.38669,40.9712],[141.38642,40.9722],[141.38632,40.97451],[141.38603,40.97548],[141.38514,40.97681],[141.38511,40.97793],[141.38565,40.97904],[141.38648,40.98024],[141.38639,40.98151],[141.38534,40.98276],[141.38463,40.98462],[141.38487,40.9865],[141.38475,40.98796],[141.38491,40.98901],[141.3848,40.99101],[141.38506,40.99142],[141.38486,40.99229],[141.38505,40.99391],[141.38489,40.9942],[141.38522,40.99647],[141.38499,40.99703],[141.38524,40.99775],[141.38502,40.9994],[141.3853,41.00028],[141.38512,41.00123],[141.38467,41.00184],[141.38465,41.00341],[141.38493,41.00721],[141.38489,41.00948],[141.3853,41.01379],[141.38525,41.01472],[141.38567,41.01913],[141.38556,41.0218],[141.38609,41.02506],[141.38635,41.02791],[141.38627,41.02916],[141.38647,41.0298],[141.38667,41.03238],[141.38692,41.03394],[141.38705,41.03602],[141.38724,41.03673],[141.38732,41.03882],[141.38785,41.04219],[141.38786,41.0437],[141.3886,41.05029],[141.38884,41.05121],[141.38878,41.05263],[141.38898,41.05532],[141.38957,41.05857],[141.38967,41.06074],[141.3901,41.06181],[141.39009,41.06283],[141.39054,41.06714],[141.39101,41.06862],[141.39087,41.06954],[141.3914,41.07142],[141.39144,41.0735],[141.39171,41.07517],[141.39216,41.0766],[141.39222,41.07801],[141.3927,41.07938],[141.39281,41.08114],[141.39337,41.08241],[141.39343,41.08349],[141.39414,41.08477],[141.3941,41.08577],[141.39485,41.08696],[141.395,41.08796],[141.39545,41.08892],[141.39604,41.08945],[141.39547,41.08986],[141.39588,41.09053],[141.3967,41.09117],[141.39653,41.09253],[141.39741,41.0949],[141.3972,41.09618],[141.39784,41.09665],[141.39878,41.0978],[141.39841,41.10043],[141.39693,41.10057],[141.39558,41.09997],[141.39437,41.0997],[141.39479,41.10094],[141.39423,41.10189],[141.39367,41.10186],[141.39295,41.10334],[141.39416,41.10368],[141.39493,41.10246],[141.39538,41.10264],[141.39439,41.10457],[141.39588,41.10501],[141.39568,41.10558],[141.3941,41.10551],[141.39448,41.10824],[141.39388,41.11057],[141.39347,41.11057],[141.39387,41.11239],[141.3932,41.11286],[141.3928,41.11379],[141.39376,41.11445],[141.39322,41.11548],[141.39397,41.11624],[141.39368,41.11695],[141.39421,41.11777],[141.39391,41.11919],[141.39447,41.11991],[141.39448,41.12093],[141.39374,41.12262],[141.39474,41.12411],[141.39483,41.12471],[141.39628,41.1263],[141.39582,41.12701],[141.39616,41.12739],[141.39553,41.12791],[141.39587,41.12864],[141.39514,41.12887],[141.39437,41.12979],[141.3952,41.12986],[141.39493,41.13052],[141.39539,41.13109],[141.39538,41.13173],[141.39584,41.13237],[141.39367,41.13089],[141.39344,41.1304],[141.39201,41.12959],[141.39066,41.13013],[141.3888,41.12975],[141.38727,41.12976],[141.38657,41.12949],[141.38566,41.12965],[141.38514,41.1286],[141.3841,41.12853],[141.38253,41.12705],[141.38004,41.12644],[141.37941,41.12522],[141.37754,41.12482],[141.3771,41.12451],[141.37547,41.12262],[141.37429,41.12259],[141.37445,41.12173],[141.37404,41.12138],[141.37293,41.12144],[141.37286,41.12031],[141.37225,41.11954],[141.37231,41.11896],[141.37113,41.11789],[141.37077,41.11626],[141.36949,41.11441],[141.36936,41.11345],[141.36845,41.11206],[141.36771,41.11175],[141.36698,41.11101],[141.3653,41.10995],[141.36414,41.10965],[141.36155,41.10806],[141.36062,41.10893],[141.35954,41.10936],[141.35856,41.10941],[141.35592,41.10902],[141.35422,41.10902],[141.3506,41.10773],[141.34946,41.10819],[141.34878,41.1081],[141.34842,41.10724],[141.34758,41.10644],[141.3476,41.10528],[141.34786,41.10462],[141.34877,41.1037],[141.34963,41.10341],[141.35052,41.10247],[141.35198,41.10184],[141.35187,41.10098],[141.3521,41.0996],[141.35112,41.09861],[141.35116,41.09742],[141.35308,41.09594],[141.3527,41.09493],[141.3517,41.09476],[141.35069,41.09389],[141.34888,41.09378],[141.34751,41.09353],[141.34595,41.09291],[141.34472,41.09116],[141.34432,41.08893],[141.34507,41.08797],[141.34491,41.08659],[141.34514,41.0859],[141.34472,41.08539],[141.34405,41.08378],[141.34334,41.08309],[141.34369,41.08081],[141.3442,41.08026],[141.34555,41.0795],[141.34594,41.07831],[141.34564,41.07751],[141.34589,41.07672],[141.3456,41.07592],[141.34578,41.07496],[141.34495,41.07446],[141.34359,41.07417],[141.34086,41.07305],[141.34014,41.07306],[141.33901,41.07244],[141.33879,41.07194],[141.33942,41.07076],[141.34054,41.06987],[141.34179,41.06943],[141.34211,41.06845],[141.3429,41.06795],[141.34365,41.06653],[141.34425,41.06502],[141.34426,41.06426],[141.34377,41.06333],[141.34295,41.06255],[141.3428,41.06097],[141.34315,41.05978],[141.34197,41.05899],[141.3415,41.05766],[141.34018,41.05767],[141.33803,41.05712],[141.33713,41.05846],[141.33545,41.059],[141.33282,41.05848],[141.33177,41.05894],[141.32888,41.05898],[141.32821,41.05799],[141.32731,41.05765],[141.32701,41.05662],[141.32547,41.05627],[141.32499,41.055],[141.32596,41.05404],[141.32535,41.05266],[141.32532,41.05086],[141.32551,41.05035],[141.32464,41.04812],[141.32471,41.04763],[141.32405,41.04655],[141.32385,41.04557],[141.32424,41.04487],[141.32234,41.04393],[141.32094,41.04287],[141.31783,41.04186],[141.31747,41.04124],[141.31663,41.04071],[141.31683,41.04019],[141.31778,41.03931],[141.3172,41.03735],[141.31736,41.03719],[141.31992,41.03705],[141.3206,41.03427],[141.32014,41.03292],[141.32144,41.03195],[141.32167,41.03042],[141.32111,41.02854],[141.31984,41.02798],[141.31712,41.02622],[141.31557,41.02545],[141.31477,41.02483],[141.31273,41.02197],[141.31224,41.02079],[141.31031,41.02021],[141.30853,41.01913],[141.30411,41.01799],[141.30249,41.01719],[141.30149,41.01628],[141.30076,41.01475],[141.30031,41.01332],[141.29978,41.01036],[141.29904,41.00925],[141.29867,41.00723],[141.29781,41.00489],[141.2968,41.00426],[141.29397,41.0032],[141.29086,41.00404],[141.29054,41.00374],[141.28924,41.00381],[141.28826,41.00365],[141.28759,41.00163],[141.28693,41.00022],[141.28755,40.99959],[141.28551,40.99839],[141.28298,40.99813],[141.28375,40.99467],[141.27311,40.99431],[141.27079,40.98951],[141.27012,40.98824],[141.26836,40.98647],[141.26776,40.9857],[141.26703,40.98531],[141.26405,40.98259],[141.26363,40.98193],[141.26441,40.97848],[141.26458,40.9766],[141.26488,40.97486],[141.26467,40.97392],[141.2628,40.97267],[141.26198,40.97107],[141.26069,40.97062],[141.25966,40.97122],[141.25658,40.97105],[141.25547,40.97042],[141.25534,40.96936],[141.25538,40.96826],[141.2566,40.96735],[141.2582,40.96663],[141.2578,40.96502],[141.257,40.96332],[141.25368,40.9632],[141.24958,40.96193],[141.24846,40.96131],[141.24834,40.96094],[141.24643,40.96025],[141.24577,40.95956],[141.24562,40.95841],[141.24611,40.9577],[141.24551,40.9559],[141.24573,40.9542],[141.24504,40.95267],[141.24318,40.95153],[141.24151,40.95013],[141.24014,40.9493],[141.23966,40.94783],[141.23841,40.94697],[141.23784,40.94596],[141.23616,40.94455],[141.23595,40.94379],[141.2347,40.94299],[141.23433,40.94174],[141.23278,40.94053],[141.23465,40.93871],[141.23518,40.93747],[141.234,40.93716],[141.23258,40.93446],[141.23245,40.93161],[141.2342,40.93104],[141.23536,40.93024],[141.23675,40.92956],[141.23966,40.92848],[141.24238,40.92781],[141.24284,40.92679],[141.24606,40.92518],[141.24829,40.92461],[141.24972,40.92391],[141.25316,40.92429],[141.25593,40.92397],[141.25754,40.9245],[141.25936,40.92534],[141.25992,40.92589],[141.26092,40.92612],[141.26203,40.92407],[141.26158,40.92282],[141.26235,40.92274],[141.26169,40.92009],[141.26062,40.91784],[141.25878,40.91505],[141.25763,40.91481],[141.25762,40.91375],[141.25672,40.91266],[141.2565,40.90966],[141.25611,40.90914],[141.25478,40.90858],[141.25255,40.90831],[141.24942,40.90852],[141.24956,40.90811],[141.25167,40.90752],[141.2533,40.90751],[141.25609,40.90837],[141.2573,40.90684],[141.25731,40.90631],[141.25791,40.90561],[141.2585,40.90539],[141.25868,40.90444],[141.25923,40.90323],[141.25926,40.90187],[141.26074,40.89971],[141.26084,40.89907],[141.26061,40.89737],[141.26165,40.89478],[141.26202,40.89468],[141.26265,40.8914],[141.26356,40.89057],[141.26477,40.88867],[141.2686,40.88579],[141.2685,40.88535],[141.26932,40.88501],[141.26861,40.88248],[141.26895,40.88212],[141.26873,40.88047],[141.26819,40.8791],[141.26761,40.87702],[141.2675,40.87396],[141.26674,40.87114],[141.26653,40.86988],[141.26692,40.86759],[141.26828,40.86374],[141.2684,40.86069],[141.26861,40.85973],[141.26869,40.85651],[141.26818,40.85509],[141.26833,40.85383],[141.26902,40.85123],[141.26978,40.84933],[141.26981,40.84571],[141.27137,40.84499],[141.28089,40.84019],[141.28178,40.83981],[141.29139,40.83736],[141.29526,40.83641],[141.29661,40.83601],[141.30579,40.83216],[141.30798,40.83158],[141.30858,40.83314],[141.30913,40.83393],[141.30972,40.83576],[141.31112,40.83775],[141.31107,40.83815],[141.3125,40.84065],[141.31283,40.84157],[141.3146,40.84328],[141.31405,40.84466],[141.3151,40.8459],[141.31555,40.84685],[141.31544,40.84732],[141.31704,40.84839],[141.31839,40.84899],[141.3234,40.85038],[141.32432,40.85025],[141.32485,40.8508],[141.32554,40.85096],[141.32643,40.85171],[141.32843,40.85244],[141.32882,40.85205],[141.32854,40.85074],[141.32888,40.84972],[141.32804,40.8487],[141.32718,40.84888],[141.32629,40.84852],[141.32583,40.84762],[141.32663,40.84689],[141.32927,40.84643],[141.33076,40.84582],[141.33108,40.84534],[141.3352,40.84362],[141.33774,40.84268],[141.33951,40.84237],[141.34296,40.84243],[141.34497,40.84267],[141.34657,40.84232],[141.34817,40.84237],[141.34973,40.84274],[141.3508,40.8428],[141.35576,40.8445],[141.35752,40.84464],[141.35945,40.84451],[141.36309,40.84354],[141.3646,40.84277],[141.36544,40.8427],[141.36736,40.84107],[141.36773,40.83865],[141.37143,40.83896],[141.37289,40.83983],[141.37427,40.84102],[141.3758,40.84285],[141.37738,40.84408],[141.37879,40.84496],[141.3791,40.84608],[141.37815,40.84739],[141.37785,40.84893],[141.37821,40.85193],[141.37803,40.85265],[141.37626,40.85584],[141.37465,40.86023],[141.37422,40.86208],[141.3741,40.86355],[141.37437,40.86525],[141.37614,40.87326],[141.37691,40.87585],[141.37669,40.87763],[141.37688,40.87878],[141.37773,40.88016],[141.37976,40.8828],[141.38096,40.88391],[141.3824,40.88466],[141.38541,40.88553],[141.39293,40.88662]]],[[[141.40089,40.93029],[141.40801,40.92375],[141.40823,40.9239],[141.40115,40.93038],[141.40126,40.9404],[141.40095,40.9404],[141.40089,40.93029]]]]}},
  {"type":"Feature","properties":{"name":"おいらせ町","code":"02412"},"geometry":{"type":"MultiPolygon","coordinates":[[[[141.46299,40.60347],[141.46191,40.60304],[141.46289,40.60564],[141.46353,40.6066],[141.46241,40.60773],[141.4605,40.61169],[141.45921,40.61385],[141.45844,40.61635],[141.45852,40.61685],[141.46108,40.61759],[141.46101,40.61775],[141.45799,40.61687],[141.45735,40.61748],[141.4564,40.61927],[141.45446,40.62333],[141.45446,40.62372],[141.45372,40.62524],[141.45372,40.62569],[141.45696,40.62649],[141.45688,40.62666],[141.4535,40.62581],[141.45127,40.63071],[141.45116,40.63141],[141.44993,40.63459],[141.45323,40.63536],[141.45316,40.63553],[141.45027,40.63487],[141.44958,40.63508],[141.44789,40.63882],[141.44744,40.64047],[141.44718,40.64217],[141.44711,40.64385],[141.45018,40.64446],[141.45013,40.64463],[141.44704,40.644],[141.44631,40.64485],[141.44455,40.64894],[141.44433,40.65014],[141.44447,40.65091],[141.44426,40.65224],[141.44367,40.65364],[141.44264,40.65512],[141.4422,40.65708],[141.44146,40.65871],[141.44119,40.66],[141.4394,40.66657],[141.43913,40.66817],[141.43862,40.67005],[141.43878,40.67051],[141.43469,40.66971],[141.43281,40.66951],[141.43116,40.66958],[141.42949,40.66888],[141.42897,40.66801],[141.42766,40.66787],[141.427,40.66831],[141.42537,40.66835],[141.42418,40.66888],[141.42352,40.66872],[141.4216,40.66901],[141.42076,40.6689],[141.41826,40.66925],[141.41659,40.66911],[141.41615,40.6687],[141.41505,40.66858],[141.41352,40.66878],[141.41297,40.66905],[141.41113,40.66891],[141.40959,40.66817],[141.40835,40.66779],[141.40637,40.66748],[141.40534,40.66717],[141.40279,40.66729],[141.40167,40.66747],[141.39999,40.66741],[141.39912,40.66712],[141.39708,40.66688],[141.39574,40.66698],[141.39366,40.66673],[141.39293,40.66619],[141.39216,40.66626],[141.39029,40.66605],[141.38873,40.66571],[141.38785,40.66534],[141.38478,40.66569],[141.38362,40.66552],[141.38094,40.66436],[141.37847,40.66395],[141.37835,40.66568],[141.37258,40.66608],[141.36821,40.66693],[141.36724,40.66937],[141.36483,40.67392],[141.36299,40.67346],[141.36401,40.67237],[141.36435,40.67085],[141.36424,40.66937],[141.36446,40.6677],[141.36271,40.66807],[141.36124,40.66434],[141.35921,40.66371],[141.3574,40.66368],[141.35584,40.66382],[141.35605,40.66181],[141.35685,40.66006],[141.35783,40.65894],[141.35838,40.65887],[141.35936,40.65804],[141.35946,40.65654],[141.35989,40.65527],[141.35944,40.65437],[141.35974,40.65328],[141.35934,40.65265],[141.36078,40.65206],[141.3603,40.6498],[141.36035,40.64745],[141.36119,40.64575],[141.36331,40.64442],[141.36363,40.64352],[141.36315,40.64321],[141.36309,40.64251],[141.36014,40.64142],[141.35429,40.63838],[141.35123,40.63535],[141.35016,40.63208],[141.34782,40.62832],[141.34658,40.62672],[141.34572,40.62529],[141.34686,40.62287],[141.34557,40.62271],[141.34495,40.62127],[141.34462,40.61763],[141.34475,40.61713],[141.34678,40.61314],[141.34431,40.61146],[141.34382,40.61096],[141.34387,40.61024],[141.34448,40.60784],[141.34528,40.60739],[141.34526,40.60681],[141.34648,40.60679],[141.3464,40.60514],[141.34685,40.60397],[141.34725,40.60125],[141.34858,40.60043],[141.34984,40.60032],[141.35156,40.59964],[141.35303,40.60232],[141.35557,40.60226],[141.3569,40.60246],[141.35746,40.60158],[141.35835,40.60097],[141.36098,40.6009],[141.36174,40.60155],[141.36138,40.60284],[141.35988,40.60385],[141.36051,40.60459],[141.36041,40.60555],[141.36301,40.6066],[141.36151,40.607],[141.3616,40.6075],[141.36381,40.60722],[141.36493,40.60689],[141.36609,40.60581],[141.36677,40.60485],[141.36687,40.60402],[141.36632,40.60308],[141.36618,40.60125],[141.36669,40.60046],[141.36744,40.59982],[141.36735,40.59893],[141.36489,40.59998],[141.36312,40.60005],[141.36306,40.59978],[141.36134,40.59863],[141.36094,40.59722],[141.35775,40.59239],[141.35453,40.58941],[141.35687,40.58861],[141.35825,40.58915],[141.35964,40.58932],[141.36074,40.58924],[141.36616,40.58926],[141.36757,40.58906],[141.3687,40.5885],[141.36937,40.58847],[141.37198,40.58721],[141.37437,40.58678],[141.3776,40.58827],[141.37851,40.58831],[141.3781,40.58744],[141.3796,40.58752],[141.38025,40.58676],[141.38037,40.58555],[141.38144,40.58431],[141.38214,40.58294],[141.38271,40.58376],[141.38209,40.58444],[141.38192,40.58667],[141.3822,40.58725],[141.38397,40.58733],[141.38468,40.58551],[141.38559,40.58575],[141.38483,40.58698],[141.38597,40.58711],[141.38836,40.5871],[141.38979,40.58735],[141.39087,40.58701],[141.39063,40.58593],[141.39012,40.58566],[141.39032,40.58386],[141.38957,40.582],[141.39008,40.58129],[141.39053,40.58297],[141.3911,40.58339],[141.39125,40.58447],[141.39099,40.58547],[141.39152,40.58648],[141.3922,40.58614],[141.39307,40.58614],[141.39317,40.58511],[141.39467,40.58554],[141.39622,40.58452],[141.39619,40.58341],[141.39707,40.58317],[141.39715,40.58467],[141.39977,40.58445],[141.3996,40.58348],[141.40073,40.58358],[141.40145,40.58396],[141.4024,40.58388],[141.40263,40.58446],[141.40414,40.58439],[141.40639,40.58478],[141.40961,40.58337],[141.4107,40.58335],[141.41126,40.58237],[141.4113,40.58105],[141.41173,40.58208],[141.41152,40.5832],[141.41178,40.58369],[141.41372,40.58366],[141.4151,40.58392],[141.41527,40.58314],[141.41587,40.58322],[141.41576,40.58428],[141.41661,40.58463],[141.41728,40.58446],[141.41958,40.58504],[141.42105,40.5859],[141.42252,40.58619],[141.42285,40.58668],[141.42417,40.58702],[141.42445,40.58738],[141.42385,40.58832],[141.42411,40.58908],[141.42475,40.58983],[141.42501,40.59187],[141.42878,40.59133],[141.43082,40.59189],[141.43256,40.59274],[141.43422,40.59392],[141.43574,40.59466],[141.44004,40.59589],[141.44303,40.59662],[141.44556,40.59658],[141.44714,40.59672],[141.44937,40.59789],[141.45163,40.59987],[141.45262,40.60035],[141.45479,40.60063],[141.45645,40.60036],[141.45918,40.59968],[141.46025,40.59971],[141.46133,40.60022],[141.46251,40.60146],[141.46299,40.60347]]]]}},
  {"type":"Feature","properties":{"name":"大間町","code":"02423"},"geometry":{"type":"MultiPolygon","coordinates":[[[[140.96759,41.43515],[140.96629,41.43544],[140.96463,41.4354],[140.96259,41.43564],[140.96169,41.43627],[140.96056,41.4382],[140.95846,41.43926],[140.95754,41.43954],[140.95774,41.44092],[140.95587,41.44114],[140.95489,41.44195],[140.95441,41.44313],[140.95323,41.44366],[140.95198,41.44538],[140.95064,41.44618],[140.95144,41.44694],[140.9508,41.44887],[140.95194,41.44984],[140.95306,41.45029],[140.95444,41.45122],[140.95531,41.45148],[140.95658,41.45254],[140.95637,41.45322],[140.95526,41.45482],[140.95558,41.45624],[140.95521,41.45705],[140.95662,41.45788],[140.95678,41.45874],[140.95783,41.45964],[140.95854,41.46207],[140.95846,41.46316],[140.95871,41.46363],[140.95843,41.46463],[140.95722,41.46519],[140.9576,41.46676],[140.96017,41.46819],[140.96105,41.47023],[140.96136,41.47054],[140.9608,41.47269],[140.95886,41.47366],[140.95787,41.47529],[140.95875,41.47714],[140.95865,41.47837],[140.95893,41.47891],[140.95837,41.47931],[140.95797,41.48038],[140.9562,41.48024],[140.95559,41.48079],[140.95416,41.48145],[140.95491,41.483],[140.95504,41.48377],[140.95439,41.48515],[140.9536,41.48553],[140.95316,41.48639],[140.95322,41.48707],[140.95237,41.48793],[140.95282,41.48898],[140.9538,41.48985],[140.95462,41.49132],[140.95522,41.49391],[140.95684,41.49473],[140.95832,41.49474],[140.95908,41.49505],[140.95781,41.498],[140.95756,41.49899],[140.95736,41.50148],[140.95506,41.50339],[140.95427,41.50418],[140.95249,41.50554],[140.95119,41.50622],[140.94803,41.50647],[140.94749,41.50664],[140.94631,41.50816],[140.94606,41.50902],[140.94508,41.50978],[140.9446,41.51052],[140.94202,41.51058],[140.94084,41.51285],[140.94082,41.51423],[140.9406,41.51476],[140.93917,41.5165],[140.93755,41.5175],[140.93596,41.51829],[140.93456,41.52065],[140.93389,41.52137],[140.93473,41.52273],[140.93512,41.52376],[140.93636,41.52467],[140.93661,41.52555],[140.93764,41.52733],[140.93785,41.52835],[140.93708,41.52896],[140.93448,41.53021],[140.9326,41.53097],[140.93046,41.53206],[140.93017,41.53255],[140.9288,41.53262],[140.92672,41.53309],[140.92561,41.53388],[140.92482,41.53407],[140.92415,41.53461],[140.92359,41.53568],[140.92299,41.53771],[140.922,41.53888],[140.922,41.53938],[140.92119,41.53981],[140.92021,41.54069],[140.92116,41.54126],[140.92078,41.54164],[140.91997,41.54119],[140.91977,41.54189],[140.91843,41.54315],[140.91845,41.54337],[140.91693,41.54495],[140.91746,41.54581],[140.91858,41.54648],[140.91929,41.54581],[140.91975,41.54603],[140.91869,41.54682],[140.916,41.54522],[140.91487,41.54602],[140.91358,41.5465],[140.91241,41.54637],[140.91125,41.54556],[140.91072,41.54493],[140.91059,41.54345],[140.91078,41.54286],[140.90964,41.54163],[140.90938,41.54064],[140.90834,41.53887],[140.90795,41.53753],[140.90878,41.53652],[140.90911,41.53573],[140.9089,41.53503],[140.90814,41.53412],[140.90719,41.53357],[140.90576,41.53365],[140.90577,41.53261],[140.90764,41.53251],[140.90814,41.53127],[140.90813,41.52996],[140.90738,41.52912],[140.9062,41.52874],[140.90519,41.52893],[140.90448,41.52988],[140.90408,41.52988],[140.90398,41.52832],[140.90297,41.52684],[140.90171,41.52698],[140.90151,41.52556],[140.90049,41.52439],[140.90027,41.52498],[140.89946,41.52572],[140.89906,41.52657],[140.89732,41.52584],[140.89879,41.52392],[140.89825,41.52329],[140.89835,41.52251],[140.89907,41.52143],[140.9007,41.51957],[140.9016,41.51907],[140.90361,41.51839],[140.90476,41.51646],[140.90504,41.5156],[140.90616,41.51389],[140.90549,41.5128],[140.90652,41.51186],[140.90622,41.51147],[140.90496,41.5119],[140.90444,41.51106],[140.90234,41.51137],[140.90243,41.51173],[140.90061,41.512],[140.90052,41.51127],[140.90699,41.51031],[140.90761,41.50968],[140.90857,41.50777],[140.90931,41.50511],[140.90922,41.50442],[140.90957,41.50355],[140.9091,41.50257],[140.90799,41.50283],[140.90728,41.50116],[140.90711,41.4993],[140.90615,41.49805],[140.90781,41.49745],[140.90865,41.49668],[140.90909,41.49586],[140.90895,41.49452],[140.90815,41.49359],[140.90571,41.49406],[140.9056,41.49361],[140.90726,41.49338],[140.90711,41.49259],[140.90624,41.49275],[140.90473,41.49183],[140.9049,41.49142],[140.90409,41.48899],[140.90404,41.48842],[140.903,41.48663],[140.90266,41.4864],[140.90145,41.48337],[140.89909,41.48245],[140.8994,41.48161],[140.89995,41.48125],[140.89969,41.48058],[140.90001,41.48005],[140.89914,41.47918],[140.89915,41.47831],[140.89853,41.47768],[140.89871,41.47703],[140.89842,41.47663],[140.8972,41.47597],[140.89689,41.47533],[140.89598,41.47513],[140.89466,41.47585],[140.89377,41.47539],[140.89422,41.474],[140.89339,41.47387],[140.89169,41.47279],[140.8898,41.47115],[140.89002,41.47004],[140.88895,41.47026],[140.88707,41.47035],[140.88694,41.46998],[140.88544,41.46944],[140.88386,41.46913],[140.88202,41.46844],[140.88216,41.4682],[140.88562,41.46851],[140.88612,41.46833],[140.88807,41.46867],[140.88952,41.46655],[140.89064,41.46551],[140.89207,41.46487],[140.89268,41.46372],[140.89269,41.46294],[140.8932,41.46225],[140.89418,41.4616],[140.89747,41.46141],[140.89755,41.46022],[140.89812,41.45971],[140.89809,41.45731],[140.89702,41.45593],[140.89699,41.45461],[140.89648,41.4519],[140.89678,41.45085],[140.89818,41.45013],[140.899,41.44917],[140.89904,41.4484],[140.89857,41.44695],[140.89935,41.44558],[140.90081,41.44427],[140.90197,41.44393],[140.90169,41.44323],[140.90193,41.44257],[140.90107,41.44165],[140.9018,41.44012],[140.90255,41.43948],[140.90389,41.43881],[140.90482,41.4378],[140.90511,41.43709],[140.9063,41.43593],[140.90633,41.43498],[140.90706,41.43465],[140.9081,41.43341],[140.90867,41.43348],[140.90986,41.43439],[140.91171,41.43425],[140.91256,41.43468],[140.91384,41.43381],[140.91499,41.43269],[140.91667,41.43201],[140.91705,41.43068],[140.91662,41.42997],[140.91675,41.42803],[140.91852,41.42553],[140.91976,41.42515],[140.92103,41.42433],[140.92279,41.42364],[140.92323,41.423],[140.92665,41.42546],[140.92839,41.42736],[140.9296,41.42709],[140.93294,41.4256],[140.93379,41.42543],[140.93499,41.42442],[140.93652,41.42221],[140.93762,41.42193],[140.93868,41.42121],[140.94037,41.42106],[140.94206,41.42072],[140.94308,41.4212],[140.94461,41.42254],[140.94517,41.42348],[140.9442,41.42417],[140.94515,41.42688],[140.94757,41.4267],[140.94855,41.42642],[140.94951,41.42545],[140.95195,41.42503],[140.95397,41.42445],[140.95534,41.42445],[140.95671,41.42397],[140.9579,41.4247],[140.9605,41.42536],[140.96097,41.42728],[140.96204,41.42838],[140.9636,41.42967],[140.96425,41.43061],[140.96559,41.43151],[140.96524,41.43269],[140.96562,41.43323],[140.96695,41.43381],[140.96759,41.43515]]],[[[140.91165,41.55538],[140.91102,41.55541],[140.9107,41.55581],[140.90955,41.55593],[140.90938,41.5546],[140.91038,41.55329],[140.91021,41.55258],[140.91061,41.55245],[140.91065,41.5521],[140.91216,41.55201],[140.91311,41.55266],[140.91262,41.55401],[140.9132,41.55395],[140.9139,41.55448],[140.91295,41.55576],[140.9116,41.55617],[140.91165,41.55538]]]]}},
  {"type":"Feature","properties":{"name":"東通村","code":"02424"},"geometry":{"type":"MultiPolygon","coordinates":[[[[141.32295,41.15411],[141.32447,41.15292],[141.32439,41.15199],[141.32558,41.15064],[141.32712,41.14975],[141.32703,41.14935],[141.32549,41.14792],[141.32553,41.14706],[141.32624,41.14596],[141.32581,41.145],[141.32591,41.14452],[141.32553,41.14257],[141.32645,41.14161],[141.32634,41.14104],[141.32656,41.13856],[141.32729,41.13768],[141.32723,41.13689],[141.32636,41.13629],[141.32747,41.13555],[141.32871,41.134],[141.33066,41.13293],[141.33071,41.13204],[141.33158,41.13021],[141.33201,41.12992],[141.33341,41.12968],[141.33241,41.12759],[141.33394,41.12618],[141.33411,41.12574],[141.33374,41.12397],[141.33391,41.12343],[141.33226,41.1229],[141.33108,41.12288],[141.32948,41.12234],[141.32826,41.1224],[141.32772,41.12178],[141.32721,41.12013],[141.32665,41.11957],[141.32549,41.11787],[141.32524,41.11675],[141.32596,41.11571],[141.32642,41.1142],[141.32711,41.11368],[141.32834,41.11235],[141.33106,41.11088],[141.33198,41.11079],[141.33373,41.10981],[141.33439,41.10898],[141.33503,41.10873],[141.33683,41.10915],[141.3382,41.10826],[141.33948,41.10803],[141.33998,41.10764],[141.34089,41.10757],[141.34294,41.10694],[141.3442,41.10715],[141.34565,41.10657],[141.34758,41.10644],[141.34842,41.10724],[141.34878,41.1081],[141.34946,41.10819],[141.3506,41.10773],[141.35422,41.10902],[141.35592,41.10902],[141.35856,41.10941],[141.35954,41.10936],[141.36062,41.10893],[141.36155,41.10806],[141.36414,41.10965],[141.3653,41.10995],[141.36698,41.11101],[141.36771,41.11175],[141.36845,41.11206],[141.36936,41.11345],[141.36949,41.11441],[141.37077,41.11626],[141.37113,41.11789],[141.37231,41.11896],[141.37225,41.11954],[141.37286,41.12031],[141.37293,41.12144],[141.37404,41.12138],[141.37445,41.12173],[141.37429,41.12259],[141.37547,41.12262],[141.3771,41.12451],[141.37754,41.12482],[141.37941,41.12522],[141.38004,41.12644],[141.38253,41.12705],[141.3841,41.12853],[141.38514,41.1286],[141.38566,41.12965],[141.38657,41.12949],[141.38727,41.12976],[141.3888,41.12975],[141.39066,41.13013],[141.39201,41.12959],[141.39344,41.1304],[141.39367,41.13089],[141.39584,41.13237],[141.39542,41.13255],[141.39378,41.13161],[141.39232,41.13259],[141.39171,41.13338],[141.39227,41.13469],[141.39256,41.13659],[141.39436,41.13641],[141.39412,41.1349],[141.39478,41.13484],[141.39503,41.13636],[141.39634,41.13623],[141.39662,41.1369],[141.39163,41.13738],[141.3913,41.13958],[141.39042,41.14329],[141.38972,41.14443],[141.38943,41.14546],[141.3891,41.14854],[141.38879,41.14887],[141.38848,41.1523],[141.38845,41.15392],[141.38884,41.15596],[141.38881,41.15725],[141.38899,41.15887],[141.38931,41.15973],[141.38978,41.16376],[141.38965,41.16446],[141.38986,41.16611],[141.39133,41.16634],[141.39089,41.16692],[141.38983,41.16722],[141.39035,41.16767],[141.38982,41.16902],[141.39036,41.17241],[141.39026,41.17343],[141.39047,41.1757],[141.39083,41.17693],[141.39091,41.17846],[141.3917,41.18128],[141.39244,41.1828],[141.3937,41.18409],[141.39531,41.18384],[141.39549,41.18459],[141.39372,41.18486],[141.3928,41.18449],[141.39369,41.18773],[141.39842,41.18703],[141.39841,41.18673],[141.39989,41.18279],[141.4,41.18282],[141.39854,41.18671],[141.39869,41.18801],[141.3942,41.18868],[141.39403,41.1891],[141.39401,41.19106],[141.3945,41.19245],[141.39455,41.19351],[141.39503,41.19439],[141.39494,41.19501],[141.3958,41.19675],[141.39593,41.19762],[141.39692,41.19951],[141.39774,41.20202],[141.39799,41.2034],[141.39861,41.20463],[141.39948,41.20577],[141.40415,41.20505],[141.40459,41.20628],[141.40782,41.20935],[141.40768,41.20943],[141.40446,41.20635],[141.40417,41.20513],[141.40048,41.2057],[141.39877,41.20611],[141.39956,41.20913],[141.3991,41.20978],[141.39975,41.21066],[141.4013,41.21143],[141.40034,41.21167],[141.40009,41.2127],[141.40087,41.21479],[141.4012,41.21656],[141.402,41.21839],[141.40233,41.21963],[141.40295,41.22098],[141.40354,41.22274],[141.40237,41.22258],[141.40278,41.22384],[141.40304,41.22556],[141.40403,41.22544],[141.40357,41.22752],[141.40383,41.23139],[141.40441,41.23421],[141.40441,41.23553],[141.40487,41.23719],[141.40494,41.23853],[141.40589,41.24192],[141.40591,41.24257],[141.40652,41.24458],[141.4072,41.24585],[141.40782,41.24887],[141.40819,41.25],[141.40919,41.25108],[141.41013,41.25464],[141.4109,41.25575],[141.41087,41.2569],[141.41189,41.2595],[141.4127,41.2609],[141.41297,41.26336],[141.41369,41.26496],[141.41438,41.26778],[141.41452,41.26887],[141.41508,41.26988],[141.41505,41.27084],[141.41545,41.27172],[141.41578,41.27312],[141.41643,41.27451],[141.4171,41.27655],[141.41749,41.27696],[141.41888,41.2809],[141.42031,41.28609],[141.42146,41.2886],[141.42166,41.28965],[141.42265,41.29206],[141.42328,41.29524],[141.42411,41.2976],[141.4243,41.29891],[141.42532,41.30239],[141.42605,41.30404],[141.4263,41.30588],[141.42697,41.30716],[141.4279,41.31093],[141.42845,41.31354],[141.42952,41.31584],[141.43072,41.31962],[141.43088,41.32055],[141.43157,41.32241],[141.43172,41.32357],[141.43223,41.32478],[141.43301,41.32742],[141.43351,41.32957],[141.43394,41.33087],[141.43455,41.33193],[141.43559,41.33597],[141.43673,41.33961],[141.43744,41.34148],[141.438,41.34246],[141.43809,41.34348],[141.43871,41.34469],[141.43914,41.34723],[141.43988,41.34858],[141.43997,41.34941],[141.44078,41.35195],[141.44101,41.35301],[141.44239,41.35734],[141.44285,41.35786],[141.44301,41.35903],[141.44352,41.36038],[141.44418,41.36096],[141.44424,41.36171],[141.44475,41.36246],[141.44475,41.36309],[141.44541,41.364],[141.44563,41.36508],[141.44636,41.36575],[141.44734,41.36775],[141.44893,41.36861],[141.44954,41.36834],[141.44986,41.36922],[141.44907,41.36994],[141.44935,41.37019],[141.45086,41.37012],[141.45043,41.37128],[141.44981,41.37163],[141.44953,41.37235],[141.45005,41.37323],[141.45369,41.37511],[141.45553,41.3751],[141.4562,41.37572],[141.45504,41.37726],[141.45511,41.37761],[141.45633,41.3778],[141.45767,41.37762],[141.45855,41.3783],[141.45871,41.37918],[141.45922,41.37918],[141.45964,41.38024],[141.45955,41.38103],[141.45878,41.38206],[141.45888,41.38332],[141.45868,41.38387],[141.4598,41.38425],[141.45898,41.38491],[141.4588,41.38589],[141.46044,41.38734],[141.46087,41.38749],[141.46064,41.38938],[141.45884,41.39013],[141.45835,41.39067],[141.4582,41.3915],[141.45702,41.3918],[141.45677,41.39246],[141.45581,41.39246],[141.45448,41.39399],[141.45322,41.39442],[141.45278,41.39622],[141.45344,41.39674],[141.45373,41.39774],[141.45413,41.39784],[141.45411,41.39932],[141.4548,41.4009],[141.45519,41.40137],[141.45698,41.40229],[141.45825,41.40242],[141.45949,41.40152],[141.46086,41.40129],[141.4632,41.40183],[141.4637,41.40233],[141.46334,41.4033],[141.46194,41.40478],[141.46091,41.40684],[141.46093,41.40791],[141.46034,41.40931],[141.4605,41.41081],[141.46005,41.41173],[141.46056,41.41341],[141.46109,41.41448],[141.46102,41.4151],[141.46153,41.4162],[141.4625,41.41721],[141.46327,41.41765],[141.46442,41.41788],[141.46563,41.41778],[141.46684,41.41795],[141.46779,41.41773],[141.46828,41.41826],[141.46854,41.4192],[141.46642,41.42067],[141.46539,41.42204],[141.46385,41.42377],[141.46361,41.42449],[141.46402,41.42533],[141.46398,41.42747],[141.46425,41.42886],[141.46522,41.42904],[141.46499,41.42964],[141.46384,41.42956],[141.46288,41.43031],[141.46282,41.43085],[141.46139,41.43121],[141.46075,41.4308],[141.46029,41.42984],[141.45956,41.42947],[141.45897,41.4284],[141.45758,41.42694],[141.45717,41.42587],[141.45654,41.42498],[141.45528,41.42459],[141.45492,41.42401],[141.45217,41.42341],[141.45187,41.42267],[141.45113,41.42232],[141.45134,41.42182],[141.44987,41.42047],[141.44886,41.42027],[141.44779,41.41937],[141.44691,41.41824],[141.44539,41.41723],[141.44387,41.4169],[141.44322,41.41578],[141.44097,41.41407],[141.43958,41.41319],[141.4389,41.41298],[141.43776,41.411],[141.43718,41.40954],[141.43552,41.40848],[141.43403,41.40964],[141.43381,41.4091],[141.43261,41.40818],[141.43429,41.40687],[141.43334,41.40635],[141.4329,41.4057],[141.43151,41.40503],[141.42999,41.40406],[141.42915,41.40401],[141.4276,41.40323],[141.42711,41.40265],[141.4255,41.40181],[141.42532,41.40086],[141.42441,41.40034],[141.42411,41.39957],[141.42326,41.39926],[141.42292,41.39823],[141.42204,41.39749],[141.42083,41.39698],[141.42044,41.39639],[141.41722,41.39439],[141.41526,41.39399],[141.41508,41.39324],[141.41344,41.39218],[141.41127,41.39165],[141.41106,41.39067],[141.40876,41.38848],[141.40781,41.38723],[141.40735,41.38721],[141.40599,41.38592],[141.40536,41.38573],[141.40503,41.38498],[141.40411,41.38415],[141.40266,41.38321],[141.40127,41.38252],[141.39825,41.38075],[141.39161,41.37747],[141.38785,41.37574],[141.38551,41.37489],[141.38105,41.37347],[141.37694,41.37199],[141.36151,41.36581],[141.35747,41.36388],[141.35639,41.36354],[141.35505,41.36347],[141.35391,41.36273],[141.35112,41.36165],[141.35098,41.36176],[141.34774,41.36052],[141.34392,41.35924],[141.34299,41.35906],[141.34144,41.35923],[141.33685,41.35772],[141.33688,41.35747],[141.33609,41.35717],[141.33526,41.35659],[141.33429,41.35624],[141.32876,41.35488],[141.32738,41.35468],[141.32484,41.35451],[141.32344,41.35422],[141.32245,41.35434],[141.31767,41.35272],[141.31479,41.35199],[141.31064,41.35126],[141.30673,41.35085],[141.3025,41.35093],[141.29921,41.35046],[141.29686,41.35045],[141.29573,41.35073],[141.29241,41.35103],[141.29245,41.35165],[141.29085,41.35145],[141.28887,41.35151],[141.28543,41.35214],[141.28413,41.35246],[141.28284,41.35241],[141.2811,41.35266],[141.27786,41.35337],[141.27461,41.35368],[141.27194,41.35418],[141.26994,41.35468],[141.26868,41.35519],[141.26703,41.35564],[141.26575,41.35568],[141.26358,41.35605],[141.26217,41.3565],[141.26005,41.35747],[141.25909,41.35759],[141.25692,41.35882],[141.25543,41.359],[141.25489,41.35939],[141.25184,41.35996],[141.24902,41.3606],[141.24705,41.3612],[141.24658,41.36116],[141.24756,41.36003],[141.24813,41.35802],[141.25,41.35211],[141.24999,41.35183],[141.24877,41.35025],[141.24753,41.34784],[141.24706,41.34634],[141.24541,41.34403],[141.24082,41.33911],[141.2391,41.33684],[141.23697,41.33377],[141.23801,41.33339],[141.23934,41.33332],[141.24035,41.33254],[141.24239,41.33213],[141.24493,41.33145],[141.2443,41.33101],[141.24345,41.3299],[141.2426,41.32918],[141.24171,41.32958],[141.24075,41.32942],[141.24022,41.3287],[141.23896,41.32877],[141.23822,41.32822],[141.23536,41.32677],[141.23431,41.32655],[141.23403,41.3259],[141.23408,41.32373],[141.23357,41.32316],[141.23312,41.32184],[141.2308,41.32106],[141.22984,41.3205],[141.22881,41.31956],[141.22864,41.31821],[141.22822,41.31714],[141.22717,41.31621],[141.22624,41.31508],[141.22596,41.31363],[141.22605,41.31238],[141.22844,41.30946],[141.23015,41.30989],[141.23257,41.30949],[141.23407,41.30891],[141.23492,41.30878],[141.23586,41.30907],[141.23898,41.30956],[141.23959,41.30931],[141.24097,41.30998],[141.24068,41.31132],[141.24148,41.3118],[141.24219,41.31172],[141.24292,41.31122],[141.24421,41.31135],[141.24428,41.31084],[141.24555,41.31063],[141.24642,41.30991],[141.2472,41.30849],[141.24768,41.30701],[141.24911,41.3051],[141.24994,41.3044],[141.25157,41.30341],[141.25258,41.30238],[141.25296,41.30166],[141.25373,41.29918],[141.25435,41.29453],[141.2542,41.29209],[141.25256,41.2911],[141.25222,41.29052],[141.2512,41.2898],[141.24894,41.28622],[141.24932,41.28484],[141.24849,41.28413],[141.24769,41.28258],[141.24754,41.28186],[141.24783,41.28008],[141.24885,41.27575],[141.24961,41.27437],[141.25028,41.27024],[141.25087,41.26745],[141.25114,41.267],[141.25125,41.2649],[141.25095,41.26378],[141.24894,41.26137],[141.24854,41.25987],[141.24752,41.2586],[141.24753,41.25773],[141.24811,41.2573],[141.24834,41.25643],[141.24834,41.25496],[141.24765,41.25219],[141.2471,41.25148],[141.24682,41.24988],[141.24651,41.2492],[141.24924,41.24845],[141.25206,41.24717],[141.2534,41.24667],[141.25342,41.24639],[141.25506,41.24482],[141.25698,41.24481],[141.26036,41.24465],[141.26208,41.244],[141.2642,41.24392],[141.26604,41.24339],[141.26762,41.24429],[141.26883,41.24477],[141.27127,41.24517],[141.27359,41.2457],[141.27522,41.24733],[141.27716,41.24896],[141.27802,41.2493],[141.28043,41.24992],[141.28274,41.24989],[141.28487,41.24924],[141.2868,41.24848],[141.28741,41.24787],[141.28836,41.24749],[141.2899,41.24727],[141.2915,41.2481],[141.29254,41.24832],[141.29471,41.24778],[141.29718,41.24763],[141.29794,41.24782],[141.29992,41.24765],[141.30347,41.24931],[141.30534,41.2475],[141.30678,41.24746],[141.30731,41.24671],[141.30708,41.24586],[141.30853,41.24472],[141.3092,41.24395],[141.31049,41.24325],[141.31217,41.2441],[141.31353,41.2454],[141.31405,41.24633],[141.31526,41.24737],[141.31695,41.24814],[141.31882,41.24854],[141.31924,41.24978],[141.31998,41.25013],[141.32077,41.24959],[141.32108,41.24848],[141.32068,41.24617],[141.32169,41.24568],[141.32279,41.24471],[141.32464,41.24496],[141.32669,41.24425],[141.32661,41.24318],[141.3269,41.24239],[141.32599,41.24196],[141.32551,41.24107],[141.32611,41.24024],[141.32536,41.23939],[141.32677,41.23839],[141.32676,41.23763],[141.32781,41.23636],[141.32805,41.23451],[141.32845,41.23379],[141.32834,41.23299],[141.32931,41.23265],[141.32994,41.23183],[141.3316,41.23117],[141.33166,41.22899],[141.33256,41.22778],[141.33172,41.22666],[141.33213,41.22619],[141.33369,41.2263],[141.33494,41.2262],[141.33504,41.22586],[141.33448,41.22483],[141.33445,41.22367],[141.3356,41.2227],[141.33605,41.22141],[141.33544,41.21976],[141.33562,41.21919],[141.33749,41.21746],[141.33852,41.21623],[141.33897,41.21525],[141.33869,41.21449],[141.33788,41.21347],[141.33622,41.21327],[141.3358,41.21255],[141.33555,41.21107],[141.33569,41.21014],[141.33633,41.20878],[141.33617,41.2079],[141.33473,41.20551],[141.33522,41.20384],[141.33714,41.20001],[141.33674,41.19812],[141.33573,41.19686],[141.33376,41.19556],[141.33237,41.19423],[141.33126,41.1928],[141.33011,41.19084],[141.32987,41.18925],[141.32996,41.1878],[141.3286,41.1846],[141.32899,41.18335],[141.32997,41.18277],[141.33021,41.1821],[141.3294,41.18087],[141.32868,41.17914],[141.32707,41.17816],[141.32555,41.17608],[141.32452,41.17583],[141.32439,41.17487],[141.32332,41.17436],[141.32389,41.17338],[141.3243,41.17214],[141.32439,41.1709],[141.32394,41.17036],[141.32233,41.1702],[141.32105,41.16939],[141.32125,41.16908],[141.31933,41.16749],[141.31981,41.16691],[141.32116,41.16607],[141.31935,41.16494],[141.31953,41.16367],[141.3185,41.1624],[141.31865,41.16195],[141.32014,41.16178],[141.32061,41.16026],[141.32171,41.15975],[141.32091,41.15855],[141.32141,41.15776],[141.3207,41.15562],[141.32096,41.15505],[141.32227,41.15478],[141.32295,41.15411]]]]}},
  {"type":"Feature","properties":{"name":"風間浦村","code":"02425"},"geometry":{"type":"MultiPolygon","coordinates":[[[[141.11569,41.45566],[141.11405,41.4567],[141.11159,41.4596],[141.11121,41.4611],[141.11277,41.4616],[141.11337,41.46207],[141.11266,41.46295],[141.11047,41.46334],[141.10927,41.46313],[141.10888,41.46351],[141.10742,41.46383],[141.10687,41.46452],[141.1068,41.46571],[141.10597,41.46558],[141.10548,41.46595],[141.10448,41.46541],[141.10246,41.46515],[141.1011,41.46579],[141.10073,41.46675],[141.09959,41.46688],[141.09973,41.46732],[141.09721,41.46762],[141.09576,41.46733],[141.09449,41.46741],[141.09544,41.46869],[141.09446,41.46874],[141.09403,41.46788],[141.09176,41.4689],[141.09225,41.46955],[141.09135,41.46998],[141.09101,41.46951],[141.08961,41.47008],[141.09031,41.47123],[141.09003,41.47144],[141.08794,41.47069],[141.08614,41.4716],[141.08556,41.4727],[141.08385,41.4726],[141.08251,41.47321],[141.08114,41.47344],[141.07842,41.47528],[141.07537,41.4763],[141.075,41.4766],[141.07177,41.47799],[141.07038,41.4788],[141.07003,41.47968],[141.07004,41.48068],[141.06966,41.4813],[141.06687,41.48226],[141.06573,41.48248],[141.06347,41.48265],[141.06177,41.48296],[141.05838,41.48314],[141.05427,41.48295],[141.05258,41.48306],[141.05009,41.48292],[141.04718,41.48351],[141.04363,41.48294],[141.0432,41.48271],[141.04035,41.48272],[141.03895,41.48307],[141.03638,41.48321],[141.03579,41.48288],[141.03465,41.48276],[141.03284,41.48313],[141.03073,41.48296],[141.02853,41.48302],[141.02478,41.4838],[141.02338,41.48335],[141.02325,41.48379],[141.02147,41.48379],[141.02053,41.48315],[141.01971,41.48341],[141.0187,41.48428],[141.01816,41.48432],[141.01654,41.48368],[141.01539,41.48415],[141.01302,41.48459],[141.0106,41.48551],[141.00737,41.48547],[141.00452,41.48559],[141.00274,41.48553],[141.00091,41.48629],[141.0011,41.48693],[141.00033,41.48736],[140.99703,41.48872],[140.99549,41.48911],[140.99492,41.4895],[140.99417,41.49088],[140.99347,41.49103],[140.99166,41.49192],[140.98927,41.49227],[140.98705,41.49318],[140.98657,41.49321],[140.98381,41.49433],[140.98248,41.4946],[140.98084,41.49518],[140.9777,41.497],[140.97704,41.49708],[140.97498,41.49852],[140.97388,41.49863],[140.97211,41.49995],[140.97129,41.5017],[140.96947,41.50345],[140.97003,41.50376],[140.96909,41.50486],[140.96868,41.50568],[140.96459,41.50828],[140.96372,41.51023],[140.96339,41.51139],[140.96361,41.51303],[140.96291,41.51404],[140.96191,41.51487],[140.96083,41.51453],[140.96011,41.51499],[140.95986,41.51614],[140.95895,41.51557],[140.95738,41.51581],[140.95448,41.51886],[140.95388,41.52017],[140.95258,41.52198],[140.95093,41.52274],[140.946,41.52304],[140.94474,41.52367],[140.9442,41.52448],[140.94421,41.52506],[140.94281,41.52653],[140.94176,41.52741],[140.94253,41.52776],[140.9416,41.52871],[140.93708,41.52896],[140.93785,41.52835],[140.93764,41.52733],[140.93661,41.52555],[140.93636,41.52467],[140.93512,41.52376],[140.93473,41.52273],[140.93389,41.52137],[140.93456,41.52065],[140.93596,41.51829],[140.93755,41.5175],[140.93917,41.5165],[140.9406,41.51476],[140.94082,41.51423],[140.94084,41.51285],[140.94202,41.51058],[140.9446,41.51052],[140.94508,41.50978],[140.94606,41.50902],[140.94631,41.50816],[140.94749,41.50664],[140.94803,41.50647],[140.95119,41.50622],[140.95249,41.50554],[140.95427,41.50418],[140.95506,41.50339],[140.95736,41.50148],[140.95756,41.49899],[140.95781,41.498],[140.95908,41.49505],[140.95832,41.49474],[140.95684,41.49473],[140.95522,41.49391],[140.95462,41.49132],[140.9538,41.48985],[140.95282,41.48898],[140.95237,41.48793],[140.95322,41.48707],[140.95316,41.48639],[140.9536,41.48553],[140.95439,41.48515],[140.95504,41.48377],[140.95491,41.483],[140.95416,41.48145],[140.95559,41.48079],[140.9562,41.48024],[140.95797,41.48038],[140.95837,41.47931],[140.95893,41.47891],[140.95865,41.47837],[140.95875,41.47714],[140.95787,41.47529],[140.95886,41.47366],[140.9608,41.47269],[140.96136,41.47054],[140.96105,41.47023],[140.96017,41.46819],[140.9576,41.46676],[140.95722,41.46519],[140.95843,41.46463],[140.95871,41.46363],[140.95846,41.46316],[140.95854,41.46207],[140.95783,41.45964],[140.95678,41.45874],[140.95662,41.45788],[140.95521,41.45705],[140.95558,41.45624],[140.95526,41.45482],[140.95637,41.45322],[140.95658,41.45254],[140.95531,41.45148],[140.95444,41.45122],[140.95306,41.45029],[140.95194,41.44984],[140.9508,41.44887],[140.95144,41.44694],[140.95064,41.44618],[140.95198,41.44538],[140.95323,41.44366],[140.95441,41.44313],[140.95489,41.44195],[140.95587,41.44114],[140.95774,41.44092],[140.95754,41.43954],[140.95846,41.43926],[140.96056,41.4382],[140.96169,41.43627],[140.96259,41.43564],[140.96463,41.4354],[140.96629,41.43544],[140.96759,41.43515],[140.97063,41.43576],[140.97202,41.43586],[140.97373,41.43672],[140.9749,41.43785],[140.97549,41.43903],[140.97786,41.43859],[140.97973,41.43807],[140.98247,41.43823],[140.98366,41.4375],[140.98538,41.43704],[140.98658,41.43698],[140.98847,41.43732],[140.99087,41.43732],[140.99226,41.43911],[140.99369,41.43969],[140.99524,41.43991],[140.99611,41.43927],[140.99754,41.43943],[140.99937,41.43857],[141.0015,41.43629],[141.00261,41.43538],[141.00287,41.43491],[141.00259,41.4327],[141.00287,41.43169],[141.00454,41.43047],[141.00517,41.42856],[141.00624,41.42716],[141.00624,41.42628],[141.00718,41.42536],[141.00751,41.42365],[141.00846,41.42324],[141.00962,41.42238],[141.01193,41.4218],[141.01251,41.42153],[141.01466,41.42153],[141.01579,41.42168],[141.01764,41.42112],[141.01884,41.42103],[141.02077,41.42132],[141.02233,41.42114],[141.02326,41.42176],[141.02361,41.4226],[141.02407,41.42285],[141.02545,41.42184],[141.02783,41.42075],[141.02947,41.42245],[141.03102,41.42498],[141.03431,41.42572],[141.03646,41.42574],[141.03849,41.4261],[141.039,41.42636],[141.04043,41.42792],[141.04227,41.42949],[141.0442,41.43049],[141.04627,41.43019],[141.04737,41.42978],[141.04945,41.43169],[141.05008,41.43267],[141.05071,41.43407],[141.05127,41.43677],[141.05119,41.43868],[141.0499,41.43939],[141.04869,41.44035],[141.0483,41.44214],[141.04825,41.44318],[141.04781,41.44408],[141.04771,41.44493],[141.04953,41.44518],[141.05113,41.44637],[141.05179,41.44536],[141.05313,41.44484],[141.05535,41.4455],[141.05668,41.44518],[141.0573,41.4443],[141.0585,41.44391],[141.06036,41.44406],[141.06164,41.44587],[141.0633,41.44685],[141.06621,41.44753],[141.0688,41.44773],[141.07003,41.44712],[141.07193,41.44686],[141.07433,41.4477],[141.07486,41.44816],[141.07598,41.44816],[141.07687,41.44877],[141.07798,41.44915],[141.07982,41.44869],[141.08196,41.44872],[141.08244,41.4496],[141.08232,41.45082],[141.08299,41.45131],[141.08411,41.45142],[141.08518,41.4511],[141.0858,41.45132],[141.09001,41.45071],[141.09105,41.45119],[141.09129,41.45214],[141.093,41.45193],[141.09384,41.45149],[141.09536,41.45123],[141.09697,41.45133],[141.10059,41.45188],[141.10169,41.45169],[141.10232,41.45203],[141.10282,41.45125],[141.10367,41.45164],[141.10497,41.45136],[141.10506,41.45207],[141.10595,41.45207],[141.10735,41.45296],[141.10818,41.45328],[141.10855,41.45389],[141.11086,41.45476],[141.11142,41.45421],[141.11245,41.45466],[141.11423,41.45424],[141.1149,41.45454],[141.11569,41.45566]]]]}},
  {"type":"Feature","properties":{"name":"佐井村","code":"02426"},"geometry":{"type":"MultiPolygon","coordinates":[[[[140.94037,41.42106],[140.93868,41.42121],[140.93762,41.42193],[140.93652,41.42221],[140.93499,41.42442],[140.93379,41.42543],[140.93294,41.4256],[140.9296,41.42709],[140.92839,41.42736],[140.92665,41.42546],[140.92323,41.423],[140.92279,41.42364],[140.92103,41.42433],[140.91976,41.42515],[140.91852,41.42553],[140.91675,41.42803],[140.91662,41.42997],[140.91705,41.43068],[140.91667,41.43201],[140.91499,41.43269],[140.91384,41.43381],[140.91256,41.43468],[140.91171,41.43425],[140.90986,41.43439],[140.90867,41.43348],[140.9081,41.43341],[140.90706,41.43465],[140.90633,41.43498],[140.9063,41.43593],[140.90511,41.43709],[140.90482,41.4378],[140.90389,41.43881],[140.90255,41.43948],[140.9018,41.44012],[140.90107,41.44165],[140.90193,41.44257],[140.90169,41.44323],[140.90197,41.44393],[140.90081,41.44427],[140.89935,41.44558],[140.89857,41.44695],[140.89904,41.4484],[140.899,41.44917],[140.89818,41.45013],[140.89678,41.45085],[140.89648,41.4519],[140.89699,41.45461],[140.89702,41.45593],[140.89809,41.45731],[140.89812,41.45971],[140.89755,41.46022],[140.89747,41.46141],[140.89418,41.4616],[140.8932,41.46225],[140.89269,41.46294],[140.89268,41.46372],[140.89207,41.46487],[140.89064,41.46551],[140.88952,41.46655],[140.88807,41.46867],[140.88612,41.46833],[140.88562,41.46851],[140.88216,41.4682],[140.88267,41.46786],[140.88424,41.46796],[140.88488,41.46768],[140.88495,41.46712],[140.88445,41.46615],[140.88342,41.46539],[140.88348,41.46484],[140.8815,41.46253],[140.88041,41.4617],[140.8789,41.45966],[140.879,41.45871],[140.87751,41.45654],[140.87901,41.45633],[140.8796,41.45495],[140.87889,41.4533],[140.87774,41.45243],[140.87578,41.45178],[140.87458,41.45072],[140.87288,41.45018],[140.87203,41.45033],[140.8709,41.45089],[140.87039,41.45003],[140.86917,41.44897],[140.86788,41.44853],[140.8661,41.44643],[140.86616,41.4455],[140.86667,41.44333],[140.86724,41.44253],[140.86671,41.44189],[140.86662,41.44045],[140.86587,41.43923],[140.86646,41.43813],[140.86665,41.43651],[140.8661,41.43569],[140.86512,41.43561],[140.8647,41.43453],[140.86342,41.43389],[140.86272,41.43422],[140.86076,41.43343],[140.85993,41.43348],[140.85888,41.43318],[140.85552,41.43195],[140.8549,41.43292],[140.85697,41.43366],[140.85609,41.43418],[140.85556,41.43346],[140.85402,41.43287],[140.85477,41.43177],[140.85298,41.4304],[140.85236,41.42953],[140.85207,41.428],[140.85107,41.42592],[140.85008,41.42551],[140.84939,41.42553],[140.84907,41.42458],[140.84991,41.42441],[140.84974,41.42341],[140.84887,41.42188],[140.84816,41.42173],[140.84749,41.42074],[140.84498,41.42043],[140.84473,41.42018],[140.84257,41.41929],[140.84158,41.41922],[140.84006,41.41984],[140.8383,41.41999],[140.83787,41.41978],[140.83769,41.41896],[140.83828,41.41829],[140.83826,41.41742],[140.83573,41.41684],[140.83522,41.41573],[140.83625,41.41526],[140.83718,41.41556],[140.83719,41.41418],[140.83814,41.41418],[140.83897,41.41379],[140.83875,41.41286],[140.8375,41.41154],[140.8366,41.41094],[140.83653,41.41032],[140.83579,41.40927],[140.83623,41.4081],[140.83615,41.40654],[140.83543,41.40599],[140.83359,41.40543],[140.83361,41.4044],[140.83284,41.40326],[140.83345,41.40057],[140.83261,41.40044],[140.83234,41.3992],[140.83151,41.39855],[140.83067,41.39879],[140.831,41.39578],[140.82926,41.3939],[140.82883,41.39256],[140.8289,41.39182],[140.82783,41.39012],[140.82742,41.38859],[140.82757,41.38796],[140.82713,41.38649],[140.82742,41.38486],[140.82709,41.3841],[140.8273,41.38366],[140.8268,41.38294],[140.8273,41.38246],[140.82754,41.38126],[140.82759,41.37975],[140.828,41.37833],[140.82776,41.37703],[140.82787,41.37594],[140.82695,41.37387],[140.8273,41.37278],[140.82717,41.3713],[140.82754,41.3708],[140.82683,41.37],[140.82561,41.37001],[140.82522,41.36948],[140.82448,41.36946],[140.82416,41.3688],[140.82487,41.36844],[140.82498,41.36773],[140.8246,41.36688],[140.82489,41.36567],[140.82472,41.36405],[140.82416,41.36163],[140.82383,41.36102],[140.82366,41.35878],[140.82332,41.35842],[140.82329,41.35678],[140.82204,41.35326],[140.82081,41.35163],[140.82097,41.35102],[140.82051,41.3479],[140.82035,41.34614],[140.81891,41.34339],[140.81716,41.34215],[140.81675,41.34141],[140.8168,41.33911],[140.81646,41.33834],[140.81506,41.33696],[140.81428,41.33595],[140.81308,41.33501],[140.81151,41.3343],[140.80811,41.33348],[140.8073,41.33359],[140.80703,41.33298],[140.80599,41.33287],[140.80546,41.33224],[140.80529,41.33146],[140.80403,41.33068],[140.80339,41.32923],[140.80218,41.329],[140.80101,41.32805],[140.80138,41.32762],[140.80241,41.32791],[140.80261,41.32819],[140.80344,41.32811],[140.80405,41.3284],[140.80597,41.32842],[140.80683,41.32828],[140.80719,41.32714],[140.80455,41.32584],[140.80349,41.32434],[140.80285,41.32376],[140.80166,41.32314],[140.8009,41.32237],[140.80015,41.32267],[140.79915,41.32225],[140.79885,41.3208],[140.80038,41.3199],[140.80097,41.31918],[140.80197,41.3195],[140.80254,41.31923],[140.80261,41.31841],[140.80459,41.31723],[140.80513,41.31645],[140.80533,41.31485],[140.80625,41.31415],[140.80556,41.31228],[140.8033,41.31074],[140.80377,41.31051],[140.80361,41.30948],[140.80306,41.30856],[140.80145,41.30644],[140.80132,41.30561],[140.80061,41.30501],[140.79993,41.30367],[140.80189,41.30357],[140.80221,41.30293],[140.80071,41.30271],[140.79973,41.30235],[140.79886,41.30135],[140.79869,41.30029],[140.7992,41.29921],[140.79837,41.29897],[140.79822,41.29813],[140.7984,41.2972],[140.79936,41.29661],[140.79937,41.29589],[140.79998,41.29447],[140.80094,41.29356],[140.80204,41.29283],[140.80192,41.29234],[140.80078,41.29198],[140.7985,41.2922],[140.79804,41.29155],[140.79793,41.29009],[140.79805,41.28851],[140.79714,41.28807],[140.79693,41.2876],[140.79797,41.2865],[140.79743,41.28589],[140.79736,41.28496],[140.79699,41.28445],[140.79628,41.28451],[140.79552,41.28401],[140.79559,41.28342],[140.79492,41.28263],[140.79486,41.28204],[140.79566,41.2815],[140.79513,41.28072],[140.79521,41.27986],[140.7958,41.27936],[140.79574,41.27887],[140.79452,41.27811],[140.79282,41.27637],[140.79213,41.27606],[140.79156,41.27522],[140.79085,41.27483],[140.7902,41.27505],[140.78953,41.27442],[140.79047,41.27325],[140.79148,41.27153],[140.79143,41.27083],[140.79039,41.27043],[140.78988,41.26996],[140.79001,41.26844],[140.78903,41.26528],[140.78803,41.26418],[140.78759,41.26268],[140.78578,41.2616],[140.78563,41.26116],[140.7858,41.2595],[140.78536,41.25883],[140.78538,41.25637],[140.78516,41.25575],[140.78457,41.25547],[140.78436,41.25478],[140.78341,41.25401],[140.78215,41.25355],[140.78072,41.25372],[140.7799,41.25336],[140.77998,41.25242],[140.77974,41.251],[140.77976,41.24961],[140.78043,41.24863],[140.78089,41.24707],[140.78151,41.24667],[140.7817,41.2457],[140.78157,41.24452],[140.78214,41.24384],[140.78224,41.24317],[140.78183,41.24238],[140.78342,41.24157],[140.78432,41.24056],[140.78472,41.23948],[140.78458,41.2384],[140.78382,41.23832],[140.78455,41.23675],[140.78439,41.23652],[140.78544,41.23552],[140.78555,41.23349],[140.78517,41.2324],[140.78453,41.23176],[140.78516,41.23114],[140.78502,41.23011],[140.78394,41.22925],[140.78411,41.22889],[140.78322,41.22742],[140.78357,41.22652],[140.78321,41.226],[140.78349,41.2254],[140.78231,41.22378],[140.78264,41.22281],[140.78262,41.22195],[140.78038,41.21876],[140.78063,41.21786],[140.77965,41.21726],[140.7793,41.21608],[140.77956,41.2155],[140.77922,41.21347],[140.7794,41.21284],[140.779,41.21197],[140.77928,41.21161],[140.77886,41.21121],[140.77885,41.21067],[140.77828,41.21014],[140.77978,41.21023],[140.78093,41.2105],[140.78447,41.21224],[140.78581,41.21341],[140.787,41.21366],[140.78854,41.21358],[140.78945,41.21457],[140.79041,41.21595],[140.79186,41.21651],[140.79257,41.21698],[140.79214,41.21957],[140.7922,41.222],[140.79271,41.22284],[140.79603,41.22242],[140.79716,41.22243],[140.79828,41.22284],[140.80048,41.2251],[140.80154,41.22568],[140.80411,41.22622],[140.8049,41.22704],[140.80519,41.22782],[140.80745,41.22898],[140.80936,41.22969],[140.8104,41.23084],[140.81512,41.23168],[140.81627,41.23252],[140.818,41.23275],[140.81885,41.23399],[140.81894,41.23515],[140.81951,41.23593],[140.82038,41.23764],[140.82143,41.23773],[140.82193,41.23883],[140.82282,41.23945],[140.82281,41.24031],[140.82362,41.24165],[140.82279,41.24394],[140.8236,41.24757],[140.82267,41.2486],[140.82047,41.24987],[140.81882,41.25208],[140.81817,41.25358],[140.81747,41.2545],[140.81592,41.25619],[140.8172,41.25768],[140.81878,41.26021],[140.81973,41.26094],[140.82074,41.26203],[140.82156,41.26219],[140.82199,41.26264],[140.82275,41.2648],[140.82385,41.26572],[140.82542,41.26815],[140.82576,41.26887],[140.82701,41.26973],[140.82938,41.27038],[140.83169,41.27119],[140.83305,41.27086],[140.83465,41.26902],[140.83528,41.26904],[140.83755,41.26959],[140.8385,41.26968],[140.83959,41.26933],[140.84133,41.26954],[140.84242,41.26931],[140.84283,41.26816],[140.84594,41.26638],[140.84695,41.2661],[140.84815,41.26443],[140.84781,41.26419],[140.84924,41.26348],[140.8494,41.26272],[140.85027,41.26301],[140.85185,41.26232],[140.85242,41.26158],[140.85362,41.26141],[140.85432,41.26174],[140.85493,41.26108],[140.85561,41.26107],[140.85642,41.26153],[140.85746,41.26071],[140.85817,41.26102],[140.85958,41.26053],[140.8598,41.26016],[140.86121,41.25964],[140.86269,41.25971],[140.86348,41.26028],[140.8652,41.25944],[140.86746,41.25909],[140.86806,41.2583],[140.86928,41.25854],[140.87127,41.25965],[140.87094,41.26032],[140.86884,41.25964],[140.86779,41.25976],[140.86707,41.26035],[140.867,41.2612],[140.86463,41.26113],[140.86467,41.26206],[140.8652,41.26245],[140.86416,41.26352],[140.86364,41.26375],[140.86212,41.26515],[140.86135,41.26512],[140.86087,41.26631],[140.85997,41.26715],[140.86005,41.26824],[140.85797,41.26789],[140.855,41.26958],[140.85362,41.26979],[140.85391,41.27043],[140.85338,41.27086],[140.85572,41.27367],[140.85556,41.27478],[140.85495,41.27551],[140.85386,41.27583],[140.85285,41.27568],[140.85221,41.27668],[140.8528,41.27732],[140.85305,41.27817],[140.85218,41.27963],[140.8521,41.28048],[140.85074,41.28149],[140.85,41.28249],[140.8503,41.28443],[140.85068,41.28553],[140.85198,41.28717],[140.85073,41.28907],[140.84945,41.29026],[140.84806,41.29083],[140.84668,41.29106],[140.84607,41.29175],[140.84638,41.29353],[140.84632,41.2942],[140.84491,41.29434],[140.84346,41.29482],[140.84185,41.29479],[140.84079,41.29504],[140.83951,41.29604],[140.83736,41.29664],[140.83632,41.29763],[140.83471,41.29863],[140.83415,41.29934],[140.83412,41.3001],[140.83494,41.30232],[140.83578,41.3029],[140.83651,41.30296],[140.83796,41.3047],[140.83761,41.3053],[140.8378,41.30593],[140.83866,41.30693],[140.83922,41.30815],[140.84049,41.30674],[140.84207,41.30696],[140.844,41.30633],[140.8458,41.30689],[140.84651,41.30808],[140.84779,41.31071],[140.84893,41.31254],[140.84904,41.3133],[140.84874,41.31405],[140.84946,41.31454],[140.85021,41.31454],[140.85153,41.3141],[140.85264,41.3134],[140.85319,41.3133],[140.85582,41.31403],[140.85776,41.31495],[140.85929,41.31525],[140.85977,41.31707],[140.86059,41.31825],[140.86087,41.31902],[140.86109,41.32145],[140.86155,41.32186],[140.86291,41.32183],[140.86413,41.3222],[140.8664,41.32194],[140.86754,41.321],[140.86871,41.32102],[140.86914,41.32137],[140.86966,41.32247],[140.87016,41.32538],[140.87257,41.32769],[140.87244,41.32903],[140.87325,41.32984],[140.87356,41.3307],[140.87499,41.3319],[140.87597,41.33305],[140.8758,41.33345],[140.87454,41.33445],[140.8741,41.33541],[140.87566,41.3369],[140.8783,41.34015],[140.87942,41.34091],[140.88018,41.342],[140.88018,41.3445],[140.88195,41.34522],[140.8821,41.34595],[140.88345,41.34674],[140.88412,41.34754],[140.88398,41.34931],[140.88409,41.35016],[140.88457,41.35091],[140.88709,41.3523],[140.88822,41.35272],[140.88919,41.35276],[140.89041,41.35328],[140.891,41.35387],[140.89238,41.35469],[140.89446,41.35718],[140.89698,41.35865],[140.89805,41.35969],[140.89999,41.36114],[140.90355,41.3619],[140.90248,41.36454],[140.90484,41.36493],[140.90639,41.36576],[140.90905,41.36616],[140.91035,41.36557],[140.91138,41.36543],[140.91451,41.36556],[140.91497,41.36579],[140.91586,41.36721],[140.91733,41.36772],[140.91833,41.36839],[140.91845,41.36945],[140.91743,41.3702],[140.91661,41.37125],[140.91523,41.37224],[140.91414,41.37278],[140.91221,41.37328],[140.91147,41.37376],[140.91162,41.37451],[140.91292,41.37698],[140.91442,41.37908],[140.91496,41.38053],[140.91904,41.38118],[140.92021,41.38186],[140.92254,41.38141],[140.92468,41.38167],[140.92572,41.38276],[140.92663,41.38344],[140.92707,41.38452],[140.92754,41.38644],[140.929,41.3881],[140.92934,41.38959],[140.93127,41.39092],[140.93181,41.39196],[140.93322,41.39306],[140.9336,41.39452],[140.93215,41.39507],[140.93131,41.39652],[140.93076,41.39716],[140.92793,41.39795],[140.92763,41.39855],[140.92827,41.39977],[140.92879,41.40028],[140.93059,41.40068],[140.93167,41.40124],[140.93236,41.40242],[140.9327,41.40392],[140.93475,41.40531],[140.93421,41.40668],[140.93479,41.40726],[140.93722,41.4077],[140.93751,41.40937],[140.93904,41.41205],[140.9385,41.41379],[140.93773,41.41472],[140.93934,41.41551],[140.93977,41.41762],[140.94059,41.41928],[140.94037,41.42106]]]]}},
  {"type":"Feature","properties":{"name":"三戸町","code":"02441"},"geometry":{"type":"MultiPolygon","coordinates":[[[[140.98728,40.39503],[140.99075,40.39474],[140.99401,40.39589],[140.9962,40.39638],[140.99734,40.39637],[140.99831,40.39606],[140.99942,40.39537],[140.99997,40.39451],[141.00005,40.39314],[141.00059,40.39218],[140.99942,40.39007],[140.99948,40.38957],[141.00186,40.38758],[141.00271,40.38712],[141.00496,40.38682],[141.00638,40.38688],[141.00695,40.38716],[141.00927,40.38706],[141.0105,40.38638],[141.01113,40.38434],[141.01192,40.38336],[141.01285,40.38313],[141.01394,40.38317],[141.01655,40.38375],[141.02155,40.3852],[141.02397,40.38506],[141.02567,40.38515],[141.02731,40.38484],[141.02966,40.38514],[141.03152,40.38585],[141.03386,40.38705],[141.03453,40.38708],[141.03663,40.3867],[141.03812,40.38628],[141.03911,40.38558],[141.04043,40.38565],[141.0419,40.38485],[141.04202,40.3842],[141.04144,40.38331],[141.0417,40.38251],[141.04273,40.38104],[141.0435,40.38089],[141.0452,40.37922],[141.04603,40.37863],[141.04768,40.37819],[141.0494,40.37735],[141.04996,40.37726],[141.05046,40.37644],[141.05258,40.37592],[141.05404,40.37632],[141.05537,40.37601],[141.05709,40.37586],[141.05835,40.37597],[141.05924,40.37668],[141.06038,40.37677],[141.06188,40.37582],[141.06332,40.37621],[141.06451,40.37623],[141.06584,40.37583],[141.06669,40.37581],[141.06751,40.37531],[141.06828,40.3752],[141.07007,40.3757],[141.07274,40.37554],[141.07375,40.37513],[141.07551,40.37542],[141.07831,40.37507],[141.08043,40.3756],[141.08273,40.37428],[141.08359,40.37354],[141.08449,40.37319],[141.0866,40.37289],[141.08773,40.37257],[141.08942,40.37275],[141.09022,40.37208],[141.09206,40.37294],[141.09186,40.37364],[141.09393,40.37416],[141.0947,40.37456],[141.09633,40.37475],[141.09684,40.37502],[141.09849,40.37523],[141.10003,40.37605],[141.10125,40.37698],[141.1023,40.37706],[141.10243,40.37647],[141.10453,40.3762],[141.10508,40.37516],[141.10616,40.37491],[141.10708,40.37504],[141.11022,40.37643],[141.11094,40.37492],[141.11205,40.37431],[141.1133,40.3748],[141.11426,40.37468],[141.11512,40.37403],[141.11569,40.37315],[141.11682,40.37367],[141.11749,40.37265],[141.11762,40.37182],[141.11858,40.37177],[141.11929,40.37236],[141.12032,40.3725],[141.12048,40.37171],[141.12104,40.37177],[141.12264,40.37091],[141.12362,40.3717],[141.12488,40.37135],[141.12499,40.37055],[141.12681,40.37101],[141.12711,40.37031],[141.13034,40.36989],[141.13208,40.37027],[141.13445,40.37004],[141.135,40.37013],[141.13892,40.36884],[141.14061,40.36736],[141.14295,40.36477],[141.14384,40.36477],[141.14443,40.36523],[141.14617,40.3656],[141.14703,40.36603],[141.14849,40.36569],[141.1499,40.36594],[141.15085,40.36575],[141.15291,40.36648],[141.1542,40.36719],[141.15501,40.36707],[141.1552,40.3665],[141.1561,40.36565],[141.1566,40.36566],[141.15847,40.36651],[141.16041,40.36676],[141.16243,40.3666],[141.16399,40.36738],[141.1647,40.36725],[141.16566,40.36657],[141.16572,40.36577],[141.16615,40.36473],[141.16573,40.3638],[141.16561,40.36257],[141.16501,40.36175],[141.16464,40.36056],[141.1653,40.35987],[141.16752,40.35959],[141.16807,40.35913],[141.1707,40.35808],[141.17248,40.35771],[141.17401,40.35771],[141.17505,40.35741],[141.176,40.35773],[141.17776,40.35793],[141.18007,40.35782],[141.18171,40.35702],[141.18089,40.35675],[141.17898,40.35581],[141.17801,40.35564],[141.17819,40.35512],[141.17896,40.355],[141.18006,40.35412],[141.18015,40.35297],[141.18135,40.35204],[141.18258,40.35296],[141.18347,40.35226],[141.18336,40.35159],[141.18249,40.35044],[141.1809,40.3487],[141.17836,40.34671],[141.17761,40.34652],[141.177,40.34586],[141.17775,40.3453],[141.17846,40.34431],[141.1791,40.3429],[141.17892,40.34081],[141.17938,40.33922],[141.18006,40.33864],[141.17986,40.33764],[141.18124,40.33643],[141.18122,40.33554],[141.18236,40.33403],[141.18246,40.33297],[141.1811,40.33227],[141.1786,40.33157],[141.1782,40.33105],[141.17564,40.32958],[141.17483,40.32899],[141.17261,40.32846],[141.17187,40.32659],[141.17045,40.32538],[141.16985,40.32413],[141.17067,40.32353],[141.17085,40.32263],[141.17158,40.32131],[141.17225,40.32074],[141.17249,40.31937],[141.17145,40.31842],[141.17097,40.31759],[141.17007,40.317],[141.16841,40.31651],[141.16751,40.3159],[141.16645,40.31581],[141.16312,40.31507],[141.1621,40.31361],[141.16231,40.31277],[141.16127,40.31179],[141.15959,40.31075],[141.15885,40.30994],[141.15918,40.3072],[141.15919,40.30479],[141.16096,40.30582],[141.1618,40.30606],[141.16451,40.30624],[141.16608,40.30665],[141.16851,40.30665],[141.16893,40.30685],[141.16935,40.30776],[141.17089,40.30867],[141.17169,40.30894],[141.17195,40.30976],[141.17278,40.3101],[141.17361,40.30985],[141.1764,40.30973],[141.17737,40.30991],[141.17896,40.30961],[141.17951,40.30915],[141.18051,40.30887],[141.18261,40.3089],[141.18388,40.3082],[141.18561,40.30766],[141.18793,40.30764],[141.1889,40.30718],[141.19077,40.30767],[141.19157,40.30768],[141.19336,40.30731],[141.19418,40.30765],[141.19602,40.3078],[141.19767,40.3077],[141.19848,40.30835],[141.1997,40.30879],[141.19989,40.3094],[141.20182,40.3103],[141.20222,40.31096],[141.20415,40.31215],[141.20528,40.31247],[141.20687,40.31241],[141.20924,40.31402],[141.21096,40.31401],[141.21204,40.31432],[141.2135,40.31432],[141.2164,40.31468],[141.21866,40.31532],[141.2186,40.31805],[141.22006,40.31953],[141.22153,40.32048],[141.22199,40.32169],[141.22338,40.32266],[141.22395,40.32388],[141.22392,40.32486],[141.22531,40.32536],[141.22509,40.32639],[141.22632,40.32795],[141.22754,40.32806],[141.22881,40.32779],[141.23007,40.32815],[141.2318,40.32812],[141.23268,40.32877],[141.23299,40.33012],[141.23473,40.33059],[141.23564,40.33107],[141.23714,40.33253],[141.23792,40.33405],[141.23915,40.3346],[141.24025,40.33533],[141.24098,40.33543],[141.24298,40.33607],[141.24518,40.33749],[141.24557,40.33826],[141.24679,40.33934],[141.24717,40.34031],[141.24838,40.341],[141.25011,40.34111],[141.25185,40.34158],[141.25306,40.3417],[141.25417,40.34205],[141.25525,40.34168],[141.25686,40.34155],[141.26013,40.34187],[141.26093,40.34296],[141.26094,40.34355],[141.25993,40.34446],[141.25981,40.34562],[141.26064,40.3476],[141.26137,40.34861],[141.26243,40.34948],[141.2636,40.34996],[141.2646,40.34997],[141.26745,40.34909],[141.26941,40.34778],[141.27162,40.34646],[141.27391,40.34548],[141.27509,40.34467],[141.27627,40.34422],[141.27718,40.34418],[141.27953,40.34475],[141.28019,40.34511],[141.28113,40.34635],[141.28319,40.34726],[141.28883,40.3492],[141.29077,40.35031],[141.29232,40.35167],[141.29282,40.35288],[141.29289,40.3538],[141.29254,40.35603],[141.29195,40.35788],[141.2932,40.3589],[141.29515,40.35948],[141.29574,40.36009],[141.29583,40.36135],[141.29495,40.36238],[141.29354,40.36281],[141.29349,40.36323],[141.29546,40.3638],[141.29595,40.36447],[141.29734,40.3654],[141.29893,40.36584],[141.30053,40.36553],[141.30141,40.36592],[141.30394,40.36606],[141.30587,40.36561],[141.30659,40.36618],[141.30755,40.36645],[141.30885,40.36643],[141.31037,40.36683],[141.31093,40.36735],[141.31228,40.36808],[141.31277,40.36902],[141.31397,40.36939],[141.31436,40.36984],[141.31434,40.37085],[141.31484,40.37118],[141.31585,40.37256],[141.3171,40.37266],[141.31638,40.37299],[141.31533,40.3744],[141.31508,40.37522],[141.31339,40.37736],[141.31342,40.37861],[141.31316,40.37925],[141.3141,40.38097],[141.31414,40.38189],[141.31462,40.38251],[141.31365,40.38311],[141.31333,40.3841],[141.31249,40.38447],[141.31075,40.38739],[141.30983,40.38732],[141.30889,40.38768],[141.30794,40.38768],[141.30702,40.38732],[141.3057,40.38718],[141.30484,40.38616],[141.30326,40.38563],[141.3023,40.38558],[141.30125,40.38586],[141.30055,40.38632],[141.29808,40.38722],[141.29757,40.38797],[141.29615,40.38859],[141.29525,40.38995],[141.293,40.39121],[141.29006,40.39344],[141.28894,40.39372],[141.28884,40.39463],[141.28751,40.3962],[141.28675,40.39676],[141.28487,40.39674],[141.28308,40.39615],[141.28219,40.39565],[141.2816,40.395],[141.28072,40.39464],[141.28002,40.39478],[141.27861,40.39363],[141.27687,40.39331],[141.27578,40.39327],[141.27236,40.3923],[141.27121,40.39251],[141.26989,40.39319],[141.26921,40.39455],[141.26732,40.39698],[141.26584,40.39915],[141.26516,40.40044],[141.26417,40.40187],[141.26378,40.40326],[141.2612,40.40229],[141.25869,40.40111],[141.25761,40.40163],[141.256,40.40152],[141.25473,40.40267],[141.25339,40.40331],[141.25345,40.40408],[141.25399,40.40482],[141.25448,40.40602],[141.25375,40.40617],[141.25272,40.4057],[141.25207,40.40468],[141.25276,40.40363],[141.25232,40.40323],[141.25091,40.40305],[141.24804,40.40378],[141.24646,40.40303],[141.24423,40.40282],[141.24315,40.40239],[141.24133,40.40195],[141.23957,40.40194],[141.23906,40.40243],[141.23838,40.40233],[141.23622,40.40106],[141.23492,40.40116],[141.23438,40.40085],[141.23373,40.40117],[141.2324,40.40117],[141.23154,40.40057],[141.23,40.40025],[141.22861,40.40088],[141.22765,40.40049],[141.22463,40.39986],[141.22347,40.40046],[141.2231,40.40096],[141.22313,40.40183],[141.22132,40.40386],[141.22064,40.40422],[141.22026,40.40495],[141.21869,40.40547],[141.21737,40.40687],[141.21692,40.4078],[141.2169,40.40905],[141.21554,40.41105],[141.21348,40.41182],[141.21214,40.41377],[141.21102,40.41406],[141.21039,40.41473],[141.20886,40.41494],[141.20818,40.41453],[141.20663,40.41496],[141.20665,40.41614],[141.20588,40.41638],[141.20461,40.4178],[141.20432,40.41874],[141.20244,40.41801],[141.20183,40.41723],[141.19965,40.41634],[141.19822,40.416],[141.19804,40.41639],[141.19587,40.41649],[141.19468,40.41622],[141.19202,40.41703],[141.19071,40.41672],[141.18953,40.41736],[141.18833,40.41732],[141.18672,40.41678],[141.18513,40.41661],[141.18329,40.41621],[141.18123,40.41624],[141.1795,40.41612],[141.17837,40.41662],[141.17764,40.41624],[141.17597,40.41604],[141.17537,40.41631],[141.17454,40.41727],[141.175,40.41839],[141.17432,40.41939],[141.17325,40.42004],[141.17387,40.42099],[141.17271,40.42128],[141.17206,40.42086],[141.17179,40.42025],[141.17082,40.42007],[141.16955,40.42078],[141.16869,40.42089],[141.16701,40.4201],[141.16613,40.41945],[141.16532,40.41967],[141.16506,40.42017],[141.16407,40.42068],[141.16333,40.42011],[141.1625,40.42092],[141.16125,40.42074],[141.16055,40.42024],[141.15937,40.42029],[141.15829,40.41994],[141.1574,40.42025],[141.15677,40.42114],[141.15595,40.42103],[141.15506,40.4217],[141.15405,40.42182],[141.15177,40.42158],[141.15016,40.42181],[141.1497,40.42119],[141.1489,40.42083],[141.14674,40.42067],[141.14599,40.42037],[141.14334,40.42024],[141.14208,40.41973],[141.14065,40.41859],[141.139,40.41793],[141.13807,40.41791],[141.1371,40.41729],[141.13636,40.4172],[141.13478,40.41626],[141.13388,40.41596],[141.13379,40.41537],[141.13302,40.41496],[141.1316,40.41486],[141.13059,40.41543],[141.12937,40.41566],[141.12637,40.41561],[141.12546,40.41613],[141.12375,40.41644],[141.12199,40.41591],[141.12097,40.41676],[141.11992,40.41667],[141.118,40.41579],[141.11781,40.4155],[141.11638,40.41543],[141.11574,40.41516],[141.11277,40.41451],[141.11228,40.41417],[141.11266,40.41353],[141.1123,40.41315],[141.1095,40.41248],[141.10748,40.41175],[141.10697,40.41075],[141.10631,40.41008],[141.10507,40.40988],[141.10314,40.40837],[141.10259,40.40719],[141.10143,40.40712],[141.09656,40.40582],[141.09589,40.40532],[141.09404,40.40583],[141.09348,40.40584],[141.09104,40.40803],[141.08996,40.40862],[141.08833,40.41006],[141.08713,40.41043],[141.08458,40.41241],[141.08357,40.41223],[141.08176,40.41162],[141.08046,40.41189],[141.07875,40.4116],[141.0774,40.41197],[141.07675,40.41189],[141.07371,40.41197],[141.07076,40.41183],[141.06984,40.41161],[141.06777,40.41044],[141.06593,40.41008],[141.06432,40.40949],[141.06121,40.40881],[141.05981,40.40887],[141.05776,40.40858],[141.05325,40.40862],[141.05191,40.40805],[141.05008,40.40748],[141.04813,40.40516],[141.0467,40.40403],[141.04603,40.40292],[141.04307,40.40139],[141.04185,40.40093],[141.04028,40.40103],[141.03835,40.40164],[141.03728,40.4026],[141.03635,40.40294],[141.03388,40.40443],[141.03338,40.40516],[141.0335,40.40614],[141.03162,40.40608],[141.03036,40.40695],[141.02762,40.40714],[141.02647,40.40656],[141.02509,40.4078],[141.02354,40.40828],[141.02273,40.40823],[141.02108,40.40767],[141.019,40.40767],[141.01669,40.40709],[141.01529,40.40647],[141.01364,40.40678],[141.01207,40.40776],[141.01104,40.40821],[141.00637,40.40998],[141.00428,40.41007],[141.00248,40.40877],[140.99946,40.40802],[140.99603,40.4068],[140.99474,40.40546],[140.99383,40.4043],[140.99318,40.40411],[140.99208,40.40316],[140.9908,40.40251],[140.98955,40.40358],[140.98697,40.40635],[140.98474,40.40757],[140.98373,40.4084],[140.98254,40.41156],[140.98254,40.41204],[140.98193,40.41118],[140.98202,40.40973],[140.98232,40.40883],[140.9814,40.40565],[140.98241,40.40467],[140.98418,40.40444],[140.98511,40.4039],[140.98576,40.40319],[140.98509,40.40237],[140.98548,40.40158],[140.98536,40.40096],[140.98666,40.40004],[140.98605,40.39918],[140.98729,40.39837],[140.98731,40.39603],[140.98765,40.39574],[140.98728,40.39503]]]]}},
  {"type":"Feature","properties":{"name":"五戸町","code":"02442"},"geometry":{"type":"MultiPolygon","coordinates":[[[[141.4113,40.58105],[141.41126,40.58237],[141.4107,40.58335],[141.40961,40.58337],[141.40639,40.58478],[141.40414,40.58439],[141.40263,40.58446],[141.4024,40.58388],[141.40145,40.58396],[141.40073,40.58358],[141.3996,40.58348],[141.39977,40.58445],[141.39715,40.58467],[141.39707,40.58317],[141.39619,40.58341],[141.39622,40.58452],[141.39467,40.58554],[141.39317,40.58511],[141.39307,40.58614],[141.3922,40.58614],[141.39152,40.58648],[141.39099,40.58547],[141.39125,40.58447],[141.3911,40.58339],[141.39053,40.58297],[141.39008,40.58129],[141.38957,40.582],[141.39032,40.58386],[141.39012,40.58566],[141.39063,40.58593],[141.39087,40.58701],[141.38979,40.58735],[141.38836,40.5871],[141.38597,40.58711],[141.38483,40.58698],[141.38559,40.58575],[141.38468,40.58551],[141.38397,40.58733],[141.3822,40.58725],[141.38192,40.58667],[141.38209,40.58444],[141.38271,40.58376],[141.38214,40.58294],[141.38144,40.58431],[141.38037,40.58555],[141.38021,40.58527],[141.3805,40.58386],[141.38068,40.58163],[141.38053,40.57973],[141.38017,40.57905],[141.37946,40.5785],[141.37775,40.57596],[141.37707,40.57445],[141.37644,40.57217],[141.37486,40.57155],[141.37471,40.57111],[141.37327,40.56929],[141.37144,40.56843],[141.3697,40.5672],[141.36742,40.56634],[141.36527,40.56621],[141.36176,40.57266],[141.35984,40.57588],[141.35873,40.57817],[141.35761,40.57957],[141.35608,40.58114],[141.35559,40.5819],[141.35482,40.58398],[141.35426,40.58592],[141.35247,40.58581],[141.35123,40.5849],[141.3494,40.58386],[141.34689,40.58147],[141.346,40.58124],[141.34387,40.58146],[141.34051,40.58202],[141.33976,40.58196],[141.33833,40.58149],[141.33643,40.58022],[141.33408,40.57924],[141.33377,40.5789],[141.33497,40.57425],[141.33498,40.5727],[141.33594,40.57142],[141.33691,40.56947],[141.33715,40.56846],[141.33694,40.568],[141.33458,40.56767],[141.33325,40.56732],[141.33164,40.5662],[141.32758,40.56453],[141.32562,40.56411],[141.32258,40.56272],[141.32021,40.5628],[141.31877,40.56336],[141.31646,40.56515],[141.31579,40.56534],[141.30367,40.56806],[141.30318,40.5673],[141.30138,40.56308],[141.30116,40.56285],[141.29881,40.56233],[141.29884,40.56128],[141.29923,40.55932],[141.29868,40.55837],[141.29779,40.55817],[141.29596,40.55846],[141.29516,40.55822],[141.29199,40.55788],[141.29115,40.55804],[141.28956,40.55718],[141.28842,40.55612],[141.28755,40.5526],[141.28678,40.5528],[141.28454,40.55265],[141.28409,40.54894],[141.28375,40.54832],[141.28251,40.54751],[141.2811,40.54568],[141.28124,40.54386],[141.27949,40.54306],[141.27896,40.5423],[141.27758,40.54188],[141.2764,40.54045],[141.27571,40.53899],[141.2754,40.53759],[141.27476,40.53623],[141.27437,40.53591],[141.27383,40.53779],[141.27268,40.53849],[141.2718,40.53945],[141.27074,40.54108],[141.26843,40.53995],[141.26722,40.5402],[141.26581,40.53976],[141.26453,40.53972],[141.26324,40.54006],[141.2618,40.53931],[141.25963,40.53899],[141.25709,40.53894],[141.25172,40.53776],[141.24984,40.53722],[141.24782,40.5372],[141.24453,40.53647],[141.24277,40.5359],[141.24201,40.53546],[141.24093,40.53423],[141.23942,40.53411],[141.23842,40.53362],[141.23748,40.53372],[141.23598,40.53327],[141.23449,40.53215],[141.23363,40.53184],[141.23245,40.53189],[141.23191,40.5315],[141.2301,40.53124],[141.23012,40.53189],[141.2293,40.53212],[141.22759,40.53139],[141.22634,40.53154],[141.22559,40.53114],[141.22413,40.52954],[141.2234,40.52901],[141.22224,40.52896],[141.22106,40.52791],[141.21964,40.52761],[141.2192,40.52622],[141.21926,40.52493],[141.21861,40.52337],[141.21988,40.52189],[141.2192,40.5211],[141.21932,40.5201],[141.219,40.5196],[141.21915,40.51877],[141.21824,40.51821],[141.21773,40.51749],[141.21601,40.51742],[141.21486,40.51648],[141.21284,40.51565],[141.2119,40.51447],[141.21032,40.51357],[141.21023,40.51272],[141.20796,40.5109],[141.20571,40.50994],[141.20452,40.50917],[141.20407,40.50922],[141.20333,40.50856],[141.2017,40.50874],[141.20064,40.50803],[141.19995,40.50644],[141.19933,40.5058],[141.19813,40.50526],[141.19735,40.50399],[141.19694,40.50262],[141.19583,40.50242],[141.1953,40.50122],[141.19566,40.50062],[141.19481,40.49984],[141.19198,40.49903],[141.19158,40.49806],[141.19012,40.49706],[141.1897,40.49746],[141.1888,40.49748],[141.18774,40.49667],[141.18596,40.49689],[141.18496,40.49626],[141.18496,40.49585],[141.18557,40.49556],[141.18536,40.49491],[141.18423,40.4941],[141.18349,40.49314],[141.18009,40.49169],[141.17855,40.49115],[141.17749,40.49014],[141.17693,40.49002],[141.17545,40.48882],[141.17586,40.48836],[141.17843,40.48716],[141.18029,40.48689],[141.18197,40.48497],[141.18323,40.48398],[141.18388,40.48284],[141.18362,40.48099],[141.18369,40.4796],[141.18413,40.47814],[141.18524,40.47706],[141.18606,40.4768],[141.1884,40.47659],[141.18989,40.47661],[141.19069,40.47472],[141.19124,40.47409],[141.19205,40.47199],[141.1932,40.47201],[141.1934,40.47087],[141.19445,40.47031],[141.1948,40.46878],[141.19466,40.46782],[141.19502,40.46716],[141.19515,40.46605],[141.19573,40.46478],[141.19503,40.46287],[141.19534,40.46126],[141.19406,40.46009],[141.19339,40.45904],[141.19239,40.45829],[141.19201,40.45724],[141.19227,40.45661],[141.19324,40.45617],[141.19469,40.45601],[141.1959,40.45542],[141.19637,40.45545],[141.19952,40.45644],[141.2018,40.45628],[141.20295,40.45682],[141.20461,40.45682],[141.20628,40.45638],[141.20677,40.45732],[141.20921,40.45788],[141.20991,40.45829],[141.21197,40.45904],[141.21306,40.45896],[141.21371,40.45951],[141.2163,40.46029],[141.21814,40.45996],[141.21952,40.45991],[141.22184,40.45949],[141.22262,40.45962],[141.22267,40.45851],[141.22411,40.45735],[141.2266,40.45564],[141.22807,40.4553],[141.22937,40.45459],[141.23106,40.45397],[141.23169,40.45335],[141.23165,40.4526],[141.23202,40.45105],[141.23299,40.44969],[141.23342,40.44881],[141.23394,40.44647],[141.23332,40.44464],[141.23396,40.44433],[141.23529,40.44421],[141.23685,40.44434],[141.23783,40.44468],[141.23839,40.44402],[141.23746,40.44309],[141.23662,40.44283],[141.23646,40.44205],[141.23503,40.44048],[141.23465,40.43962],[141.23363,40.43812],[141.23245,40.43724],[141.22966,40.43414],[141.22918,40.434],[141.22628,40.43228],[141.22498,40.4318],[141.22227,40.43044],[141.22403,40.42856],[141.22453,40.42823],[141.22496,40.42716],[141.22579,40.42604],[141.22578,40.42546],[141.22623,40.424],[141.22897,40.4233],[141.23024,40.42345],[141.23083,40.42288],[141.22989,40.42258],[141.22996,40.42177],[141.22968,40.42057],[141.22999,40.41987],[141.23185,40.41842],[141.23328,40.41909],[141.23407,40.41913],[141.2355,40.42034],[141.23641,40.42131],[141.23887,40.42092],[141.23997,40.42126],[141.24125,40.42103],[141.24242,40.42037],[141.24314,40.42092],[141.24306,40.42169],[141.24376,40.42281],[141.24475,40.42335],[141.245,40.42389],[141.247,40.42473],[141.24821,40.42484],[141.24981,40.42458],[141.25043,40.42475],[141.25128,40.42672],[141.25178,40.4272],[141.25313,40.42736],[141.25393,40.42768],[141.25594,40.42769],[141.25881,40.42893],[141.26056,40.42905],[141.26224,40.42837],[141.26306,40.42845],[141.26415,40.42812],[141.26569,40.42955],[141.26592,40.43094],[141.26814,40.43225],[141.26818,40.43327],[141.26908,40.43438],[141.27145,40.43594],[141.27253,40.436],[141.27356,40.43493],[141.27438,40.43493],[141.27646,40.43394],[141.27709,40.43393],[141.27741,40.43256],[141.27968,40.43147],[141.27997,40.43065],[141.28209,40.42973],[141.28185,40.42878],[141.28348,40.42724],[141.28358,40.42677],[141.28574,40.42633],[141.28697,40.42706],[141.28858,40.42673],[141.28897,40.42627],[141.29151,40.42651],[141.29245,40.42599],[141.29342,40.42589],[141.29436,40.42709],[141.29494,40.42725],[141.29511,40.42862],[141.29591,40.42886],[141.29601,40.42954],[141.29535,40.43079],[141.29455,40.43189],[141.29263,40.43383],[141.29371,40.43493],[141.29288,40.43562],[141.29188,40.43592],[141.29098,40.43711],[141.28937,40.43849],[141.28818,40.43923],[141.28761,40.43985],[141.28739,40.4407],[141.2854,40.44208],[141.28525,40.44259],[141.2857,40.44314],[141.28729,40.44412],[141.28857,40.44446],[141.2896,40.44509],[141.29058,40.44606],[141.29134,40.44709],[141.29359,40.44731],[141.29492,40.44761],[141.29595,40.44849],[141.29602,40.44897],[141.29557,40.44992],[141.29665,40.45088],[141.29761,40.45137],[141.29786,40.45299],[141.29875,40.45358],[141.29977,40.45526],[141.29995,40.45601],[141.30127,40.45702],[141.30278,40.45846],[141.30343,40.45868],[141.30615,40.45856],[141.30707,40.45945],[141.30933,40.45977],[141.3112,40.46059],[141.3117,40.461],[141.31277,40.46254],[141.31453,40.46369],[141.31663,40.4644],[141.31848,40.46625],[141.31921,40.46814],[141.32015,40.46752],[141.32285,40.46618],[141.32386,40.46509],[141.32468,40.46704],[141.32435,40.46804],[141.32313,40.46911],[141.32293,40.46994],[141.32224,40.47082],[141.32227,40.47219],[141.32143,40.47324],[141.32115,40.47403],[141.31985,40.47599],[141.32109,40.47637],[141.32289,40.47637],[141.32487,40.47695],[141.32594,40.47697],[141.3271,40.47777],[141.32776,40.47799],[141.32851,40.47904],[141.32959,40.47946],[141.33048,40.48014],[141.33176,40.48018],[141.33455,40.48076],[141.33629,40.48132],[141.33722,40.48113],[141.33881,40.48242],[141.33998,40.48318],[141.34197,40.48407],[141.34304,40.48419],[141.34443,40.48527],[141.346,40.48621],[141.34679,40.48645],[141.34764,40.48761],[141.34854,40.48818],[141.35006,40.48826],[141.35141,40.48886],[141.35357,40.49002],[141.35546,40.49135],[141.35719,40.49198],[141.35847,40.49217],[141.35891,40.49264],[141.36045,40.49303],[141.36225,40.49383],[141.36362,40.49476],[141.36641,40.4967],[141.36713,40.49825],[141.36654,40.49941],[141.36494,40.49957],[141.36326,40.49991],[141.36095,40.50272],[141.35971,40.50299],[141.35831,40.504],[141.35674,40.50589],[141.35487,40.50541],[141.35472,40.5062],[141.35745,40.50865],[141.35841,40.51038],[141.35837,40.51086],[141.35661,40.51268],[141.35628,40.51327],[141.35583,40.51502],[141.3549,40.51636],[141.35476,40.51707],[141.35931,40.51789],[141.36059,40.51823],[141.363,40.51962],[141.36635,40.52016],[141.36888,40.52043],[141.37099,40.52182],[141.37182,40.52214],[141.3743,40.5225],[141.37634,40.52335],[141.37704,40.52419],[141.37914,40.52406],[141.38059,40.52433],[141.38464,40.52388],[141.38451,40.5246],[141.38484,40.52545],[141.38559,40.52657],[141.38698,40.5275],[141.38922,40.52966],[141.39106,40.53128],[141.39277,40.53251],[141.39741,40.53473],[141.39864,40.53543],[141.40266,40.53719],[141.40505,40.53777],[141.40694,40.53785],[141.40926,40.53727],[141.41164,40.5375],[141.41465,40.53883],[141.4165,40.53927],[141.41852,40.53945],[141.41756,40.54067],[141.41583,40.5417],[141.41402,40.54233],[141.41426,40.54309],[141.41319,40.54379],[141.41234,40.54469],[141.41138,40.54531],[141.41044,40.54669],[141.41068,40.54718],[141.41261,40.54859],[141.41313,40.54932],[141.41426,40.54944],[141.41444,40.54836],[141.41563,40.54776],[141.416,40.5485],[141.41548,40.5503],[141.41719,40.55117],[141.41852,40.55059],[141.41841,40.55138],[141.4177,40.552],[141.41829,40.55318],[141.42052,40.5515],[141.42095,40.54995],[141.42138,40.54913],[141.42265,40.5484],[141.42321,40.54786],[141.42336,40.54703],[141.42437,40.54794],[141.42299,40.5496],[141.42441,40.55137],[141.42361,40.55198],[141.42211,40.55195],[141.41985,40.55409],[141.41971,40.55509],[141.4199,40.55587],[141.41969,40.55724],[141.42002,40.55781],[141.42097,40.55647],[141.42184,40.55562],[141.42332,40.55454],[141.42354,40.55492],[141.42204,40.55626],[141.42255,40.55701],[141.42187,40.55735],[141.42147,40.558],[141.42161,40.55866],[141.42243,40.55927],[141.42293,40.56034],[141.42311,40.56153],[141.42351,40.56231],[141.42282,40.56276],[141.42311,40.56351],[141.42049,40.57247],[141.42029,40.57299],[141.4189,40.57296],[141.41831,40.57376],[141.4165,40.57327],[141.4159,40.57385],[141.41608,40.57424],[141.41483,40.57444],[141.41196,40.57276],[141.4114,40.57276],[141.41043,40.57368],[141.40868,40.57349],[141.40907,40.57283],[141.40824,40.57241],[141.40691,40.57322],[141.40703,40.57383],[141.40771,40.57456],[141.40732,40.57592],[141.40653,40.57712],[141.40666,40.57814],[141.40968,40.57926],[141.4113,40.58105]]]]}},
  {"type":"Feature","properties":{"name":"田子町","code":"02443"},"geometry":{"type":"MultiPolygon","coordinates":[[[[140.98728,40.39503],[140.98694,40.39451],[140.98613,40.39423],[140.98562,40.39323],[140.98572,40.39151],[140.98478,40.39035],[140.98441,40.38843],[140.98553,40.38739],[140.98531,40.38722],[140.98619,40.38501],[140.98779,40.38168],[140.98845,40.38074],[140.98913,40.38026],[140.98963,40.37923],[140.99045,40.37821],[140.9936,40.37697],[140.9941,40.37641],[140.99346,40.37582],[140.99344,40.37512],[140.99404,40.37451],[140.99392,40.37409],[140.99497,40.37291],[140.99521,40.37202],[140.99491,40.37088],[140.99501,40.37017],[140.99403,40.36939],[140.99382,40.36867],[140.99421,40.36829],[140.99298,40.3672],[140.99117,40.36734],[140.9917,40.36552],[140.99143,40.36505],[140.99173,40.3638],[140.99242,40.36287],[140.99118,40.36106],[140.99214,40.3611],[140.99322,40.36045],[140.99322,40.35809],[140.99297,40.35769],[140.99387,40.35686],[140.99403,40.35624],[140.99496,40.35595],[140.99524,40.35524],[140.99443,40.35491],[140.99451,40.35425],[140.99543,40.35337],[140.99428,40.3525],[140.99316,40.35229],[140.99381,40.35079],[140.99184,40.34996],[140.99077,40.35033],[140.98811,40.34896],[140.98738,40.34781],[140.98521,40.3469],[140.98478,40.34643],[140.98383,40.34626],[140.98311,40.34533],[140.98173,40.34489],[140.98123,40.34433],[140.98201,40.34402],[140.98122,40.34337],[140.97874,40.34344],[140.9782,40.34385],[140.97735,40.34313],[140.97656,40.34367],[140.97561,40.34327],[140.97469,40.3433],[140.97393,40.34414],[140.97206,40.3436],[140.97172,40.34417],[140.97226,40.34495],[140.97216,40.34555],[140.97093,40.34594],[140.96999,40.34664],[140.96884,40.35003],[140.96741,40.3508],[140.96539,40.35029],[140.96458,40.34921],[140.9634,40.34808],[140.96208,40.34713],[140.96295,40.34669],[140.96415,40.34465],[140.96457,40.34429],[140.96517,40.34273],[140.96626,40.34192],[140.96658,40.34057],[140.96817,40.33872],[140.96856,40.33749],[140.96712,40.33523],[140.96713,40.33421],[140.96742,40.33366],[140.9656,40.33203],[140.96552,40.33103],[140.9643,40.3294],[140.96255,40.32817],[140.9629,40.32723],[140.96274,40.32584],[140.963,40.3244],[140.96258,40.32385],[140.96258,40.32316],[140.96129,40.32276],[140.96143,40.32346],[140.96018,40.32408],[140.95988,40.32528],[140.95936,40.32544],[140.95879,40.32437],[140.95734,40.32452],[140.95768,40.32243],[140.95891,40.32162],[140.9589,40.31885],[140.95789,40.31716],[140.95729,40.31506],[140.9571,40.31322],[140.95733,40.31203],[140.9569,40.3101],[140.95697,40.30909],[140.95758,40.30651],[140.9569,40.30472],[140.9559,40.30338],[140.9549,40.3026],[140.95391,40.30135],[140.95342,40.30105],[140.95122,40.30035],[140.94981,40.30014],[140.94827,40.29938],[140.9463,40.29913],[140.94495,40.29804],[140.94397,40.29626],[140.94517,40.29475],[140.94511,40.29389],[140.94421,40.29248],[140.94452,40.29114],[140.94434,40.28998],[140.94464,40.2889],[140.9446,40.28814],[140.94631,40.2874],[140.94958,40.28708],[140.95239,40.28742],[140.95377,40.28526],[140.95426,40.28476],[140.95679,40.28473],[140.95672,40.28403],[140.95727,40.2832],[140.95758,40.28204],[140.956,40.28061],[140.95428,40.27974],[140.9537,40.27798],[140.9532,40.27605],[140.95271,40.27563],[140.9527,40.27345],[140.95295,40.27309],[140.95278,40.27125],[140.95108,40.27022],[140.94984,40.26908],[140.94974,40.26774],[140.9493,40.26701],[140.94825,40.26606],[140.94727,40.26445],[140.94727,40.26175],[140.9468,40.26075],[140.94633,40.25893],[140.94571,40.25807],[140.9464,40.25759],[140.94703,40.25641],[140.94803,40.25542],[140.94895,40.25498],[140.94895,40.25378],[140.94933,40.25304],[140.95041,40.25233],[140.95144,40.25224],[140.95259,40.25133],[140.95424,40.25055],[140.955,40.24812],[140.95523,40.24616],[140.95493,40.24511],[140.95537,40.24448],[140.95639,40.24361],[140.95745,40.24307],[140.95846,40.24182],[140.95919,40.24149],[140.96311,40.24078],[140.96537,40.23972],[140.96669,40.23849],[140.96721,40.23768],[140.9674,40.23657],[140.96717,40.23578],[140.96613,40.23518],[140.96628,40.23482],[140.96826,40.23344],[140.96865,40.23292],[140.96861,40.23083],[140.96933,40.22978],[140.96943,40.22825],[140.96853,40.22654],[140.96873,40.22637],[140.97069,40.22644],[140.97213,40.22681],[140.97338,40.2263],[140.97468,40.22621],[140.97596,40.22576],[140.97642,40.225],[140.97592,40.22356],[140.97683,40.2229],[140.97754,40.22286],[140.97818,40.22227],[140.97827,40.22128],[140.97914,40.21992],[140.98006,40.21963],[140.9828,40.22032],[140.98397,40.22094],[140.98619,40.221],[140.98728,40.22171],[140.98835,40.22216],[140.99066,40.2228],[140.9914,40.22275],[140.993,40.22106],[140.99649,40.21915],[140.9982,40.21936],[141.00002,40.22013],[141.00177,40.2206],[141.00298,40.22013],[141.00529,40.21833],[141.00603,40.21792],[141.00745,40.2185],[141.00928,40.2189],[141.01046,40.21891],[141.01143,40.21805],[141.01293,40.21775],[141.01441,40.21814],[141.01584,40.21804],[141.01581,40.21892],[141.01618,40.21967],[141.01779,40.22005],[141.02006,40.22001],[141.02237,40.22027],[141.02381,40.22126],[141.02598,40.22168],[141.02605,40.22266],[141.02577,40.22394],[141.02684,40.22657],[141.02896,40.22715],[141.02998,40.22766],[141.03113,40.22912],[141.03325,40.22951],[141.0347,40.23091],[141.03704,40.23252],[141.03869,40.23298],[141.0403,40.23389],[141.04165,40.23432],[141.04158,40.23641],[141.04188,40.23686],[141.04365,40.23677],[141.04655,40.23715],[141.04963,40.23649],[141.05094,40.23661],[141.05204,40.23697],[141.05403,40.23686],[141.05564,40.23695],[141.05727,40.2375],[141.05876,40.23783],[141.05995,40.23831],[141.06051,40.23954],[141.06264,40.24134],[141.06375,40.24183],[141.06536,40.24506],[141.06597,40.24572],[141.0679,40.24708],[141.06918,40.2488],[141.07204,40.24957],[141.07434,40.25132],[141.07641,40.25264],[141.0779,40.2523],[141.079,40.25225],[141.0817,40.25307],[141.08315,40.25332],[141.08418,40.25293],[141.08527,40.25207],[141.08636,40.25175],[141.08829,40.25175],[141.09019,40.25217],[141.09101,40.25305],[141.09247,40.25377],[141.09289,40.25425],[141.09451,40.25488],[141.0972,40.25474],[141.10005,40.25503],[141.10406,40.25573],[141.10437,40.25652],[141.10508,40.25689],[141.10604,40.25803],[141.10641,40.25915],[141.10797,40.25985],[141.10805,40.26044],[141.10981,40.26073],[141.11005,40.26105],[141.10628,40.26806],[141.10335,40.27359],[141.0998,40.28018],[141.09997,40.28101],[141.10071,40.28102],[141.10172,40.28054],[141.10357,40.28053],[141.10533,40.28123],[141.10704,40.28169],[141.10877,40.28265],[141.11111,40.28378],[141.11269,40.28515],[141.11318,40.28588],[141.11376,40.28613],[141.11559,40.28636],[141.11806,40.28779],[141.11871,40.28836],[141.11898,40.28938],[141.11994,40.28999],[141.12229,40.29069],[141.1244,40.29149],[141.12481,40.29196],[141.12633,40.29233],[141.12741,40.29306],[141.1292,40.29374],[141.13118,40.29426],[141.13294,40.2942],[141.13439,40.29474],[141.13493,40.29523],[141.13522,40.29601],[141.13635,40.29803],[141.13663,40.29924],[141.13837,40.3005],[141.13894,40.30057],[141.14041,40.3001],[141.14174,40.29991],[141.14334,40.2999],[141.14521,40.29968],[141.14613,40.30039],[141.14798,40.30031],[141.14881,40.3007],[141.15101,40.3007],[141.15224,40.30087],[141.15419,40.30143],[141.15485,40.30208],[141.15639,40.3031],[141.1577,40.30417],[141.15919,40.30479],[141.15918,40.3072],[141.15885,40.30994],[141.15959,40.31075],[141.16127,40.31179],[141.16231,40.31277],[141.1621,40.31361],[141.16312,40.31507],[141.16645,40.31581],[141.16751,40.3159],[141.16841,40.31651],[141.17007,40.317],[141.17097,40.31759],[141.17145,40.31842],[141.17249,40.31937],[141.17225,40.32074],[141.17158,40.32131],[141.17085,40.32263],[141.17067,40.32353],[141.16985,40.32413],[141.17045,40.32538],[141.17187,40.32659],[141.17261,40.32846],[141.17483,40.32899],[141.17564,40.32958],[141.1782,40.33105],[141.1786,40.33157],[141.1811,40.33227],[141.18246,40.33297],[141.18236,40.33403],[141.18122,40.33554],[141.18124,40.33643],[141.17986,40.33764],[141.18006,40.33864],[141.17938,40.33922],[141.17892,40.34081],[141.1791,40.3429],[141.17846,40.34431],[141.17775,40.3453],[141.177,40.34586],[141.17761,40.34652],[141.17836,40.34671],[141.1809,40.3487],[141.18249,40.35044],[141.18336,40.35159],[141.18347,40.35226],[141.18258,40.35296],[141.18135,40.35204],[141.18015,40.35297],[141.18006,40.35412],[141.17896,40.355],[141.17819,40.35512],[141.17801,40.35564],[141.17898,40.35581],[141.18089,40.35675],[141.18171,40.35702],[141.18007,40.35782],[141.17776,40.35793],[141.176,40.35773],[141.17505,40.35741],[141.17401,40.35771],[141.17248,40.35771],[141.1707,40.35808],[141.16807,40.35913],[141.16752,40.35959],[141.1653,40.35987],[141.16464,40.36056],[141.16501,40.36175],[141.16561,40.36257],[141.16573,40.3638],[141.16615,40.36473],[141.16572,40.36577],[141.16566,40.36657],[141.1647,40.36725],[141.16399,40.36738],[141.16243,40.3666],[141.16041,40.36676],[141.15847,40.36651],[141.1566,40.36566],[141.1561,40.36565],[141.1552,40.3665],[141.15501,40.36707],[141.1542,40.36719],[141.15291,40.36648],[141.15085,40.36575],[141.1499,40.36594],[141.14849,40.36569],[141.14703,40.36603],[141.14617,40.3656],[141.14443,40.36523],[141.14384,40.36477],[141.14295,40.36477],[141.14061,40.36736],[141.13892,40.36884],[141.135,40.37013],[141.13445,40.37004],[141.13208,40.37027],[141.13034,40.36989],[141.12711,40.37031],[141.12681,40.37101],[141.12499,40.37055],[141.12488,40.37135],[141.12362,40.3717],[141.12264,40.37091],[141.12104,40.37177],[141.12048,40.37171],[141.12032,40.3725],[141.11929,40.37236],[141.11858,40.37177],[141.11762,40.37182],[141.11749,40.37265],[141.11682,40.37367],[141.11569,40.37315],[141.11512,40.37403],[141.11426,40.37468],[141.1133,40.3748],[141.11205,40.37431],[141.11094,40.37492],[141.11022,40.37643],[141.10708,40.37504],[141.10616,40.37491],[141.10508,40.37516],[141.10453,40.3762],[141.10243,40.37647],[141.1023,40.37706],[141.10125,40.37698],[141.10003,40.37605],[141.09849,40.37523],[141.09684,40.37502],[141.09633,40.37475],[141.0947,40.37456],[141.09393,40.37416],[141.09186,40.37364],[141.09206,40.37294],[141.09022,40.37208],[141.08942,40.37275],[141.08773,40.37257],[141.0866,40.37289],[141.08449,40.37319],[141.08359,40.37354],[141.08273,40.37428],[141.08043,40.3756],[141.07831,40.37507],[141.07551,40.37542],[141.07375,40.37513],[141.07274,40.37554],[141.07007,40.3757],[141.06828,40.3752],[141.06751,40.37531],[141.06669,40.37581],[141.06584,40.37583],[141.06451,40.37623],[141.06332,40.37621],[141.06188,40.37582],[141.06038,40.37677],[141.05924,40.37668],[141.05835,40.37597],[141.05709,40.37586],[141.05537,40.37601],[141.05404,40.37632],[141.05258,40.37592],[141.05046,40.37644],[141.04996,40.37726],[141.0494,40.37735],[141.04768,40.37819],[141.04603,40.37863],[141.0452,40.37922],[141.0435,40.38089],[141.04273,40.38104],[141.0417,40.38251],[141.04144,40.38331],[141.04202,40.3842],[141.0419,40.38485],[141.04043,40.38565],[141.03911,40.38558],[141.03812,40.38628],[141.03663,40.3867],[141.03453,40.38708],[141.03386,40.38705],[141.03152,40.38585],[141.02966,40.38514],[141.02731,40.38484],[141.02567,40.38515],[141.02397,40.38506],[141.02155,40.3852],[141.01655,40.38375],[141.01394,40.38317],[141.01285,40.38313],[141.01192,40.38336],[141.01113,40.38434],[141.0105,40.38638],[141.00927,40.38706],[141.00695,40.38716],[141.00638,40.38688],[141.00496,40.38682],[141.00271,40.38712],[141.00186,40.38758],[140.99948,40.38957],[140.99942,40.39007],[141.00059,40.39218],[141.00005,40.39314],[140.99997,40.39451],[140.99942,40.39537],[140.99831,40.39606],[140.99734,40.39637],[140.9962,40.39638],[140.99401,40.39589],[140.99075,40.39474],[140.98728,40.39503]]]]}},
  {"type":"Feature","properties":{"name":"南部町","code":"02445"},"geometry":{"type":"MultiPolygon","coordinates":[[[[141.36362,40.49476],[141.36225,40.49383],[141.36045,40.49303],[141.35891,40.49264],[141.35847,40.49217],[141.35719,40.49198],[141.35546,40.49135],[141.35357,40.49002],[141.35141,40.48886],[141.35006,40.48826],[141.34854,40.48818],[141.34764,40.48761],[141.34679,40.48645],[141.346,40.48621],[141.34443,40.48527],[141.34304,40.48419],[141.34197,40.48407],[141.33998,40.48318],[141.33881,40.48242],[141.33722,40.48113],[141.33629,40.48132],[141.33455,40.48076],[141.33176,40.48018],[141.33048,40.48014],[141.32959,40.47946],[141.32851,40.47904],[141.32776,40.47799],[141.3271,40.47777],[141.32594,40.47697],[141.32487,40.47695],[141.32289,40.47637],[141.32109,40.47637],[141.31985,40.47599],[141.32115,40.47403],[141.32143,40.47324],[141.32227,40.47219],[141.32224,40.47082],[141.32293,40.46994],[141.32313,40.46911],[141.32435,40.46804],[141.32468,40.46704],[141.32386,40.46509],[141.32285,40.46618],[141.32015,40.46752],[141.31921,40.46814],[141.31848,40.46625],[141.31663,40.4644],[141.31453,40.46369],[141.31277,40.46254],[141.3117,40.461],[141.3112,40.46059],[141.30933,40.45977],[141.30707,40.45945],[141.30615,40.45856],[141.30343,40.45868],[141.30278,40.45846],[141.30127,40.45702],[141.29995,40.45601],[141.29977,40.45526],[141.29875,40.45358],[141.29786,40.45299],[141.29761,40.45137],[141.29665,40.45088],[141.29557,40.44992],[141.29602,40.44897],[141.29595,40.44849],[141.29492,40.44761],[141.29359,40.44731],[141.29134,40.44709],[141.29058,40.44606],[141.2896,40.44509],[141.28857,40.44446],[141.28729,40.44412],[141.2857,40.44314],[141.28525,40.44259],[141.2854,40.44208],[141.28739,40.4407],[141.28761,40.43985],[141.28818,40.43923],[141.28937,40.43849],[141.29098,40.43711],[141.29188,40.43592],[141.29288,40.43562],[141.29371,40.43493],[141.29263,40.43383],[141.29455,40.43189],[141.29535,40.43079],[141.29601,40.42954],[141.29591,40.42886],[141.29511,40.42862],[141.29494,40.42725],[141.29436,40.42709],[141.29342,40.42589],[141.29245,40.42599],[141.29151,40.42651],[141.28897,40.42627],[141.28858,40.42673],[141.28697,40.42706],[141.28574,40.42633],[141.28358,40.42677],[141.28348,40.42724],[141.28185,40.42878],[141.28209,40.42973],[141.27997,40.43065],[141.27968,40.43147],[141.27741,40.43256],[141.27709,40.43393],[141.27646,40.43394],[141.27438,40.43493],[141.27356,40.43493],[141.27253,40.436],[141.27145,40.43594],[141.26908,40.43438],[141.26818,40.43327],[141.26814,40.43225],[141.26592,40.43094],[141.26569,40.42955],[141.26415,40.42812],[141.26306,40.42845],[141.26224,40.42837],[141.26056,40.42905],[141.25881,40.42893],[141.25594,40.42769],[141.25393,40.42768],[141.25313,40.42736],[141.25178,40.4272],[141.25128,40.42672],[141.25043,40.42475],[141.24981,40.42458],[141.24821,40.42484],[141.247,40.42473],[141.245,40.42389],[141.24475,40.42335],[141.24376,40.42281],[141.24306,40.42169],[141.24314,40.42092],[141.24242,40.42037],[141.24125,40.42103],[141.23997,40.42126],[141.23887,40.42092],[141.23641,40.42131],[141.2355,40.42034],[141.23407,40.41913],[141.23289,40.41842],[141.23102,40.41801],[141.23026,40.41748],[141.22653,40.41734],[141.22479,40.41845],[141.22286,40.41813],[141.22244,40.41738],[141.22084,40.41617],[141.21949,40.41618],[141.21873,40.41592],[141.21756,40.4151],[141.21654,40.41491],[141.21405,40.41493],[141.21277,40.41439],[141.21102,40.41406],[141.21214,40.41377],[141.21348,40.41182],[141.21554,40.41105],[141.2169,40.40905],[141.21692,40.4078],[141.21737,40.40687],[141.21869,40.40547],[141.22026,40.40495],[141.22064,40.40422],[141.22132,40.40386],[141.22313,40.40183],[141.2231,40.40096],[141.22347,40.40046],[141.22463,40.39986],[141.22765,40.40049],[141.22861,40.40088],[141.23,40.40025],[141.23154,40.40057],[141.2324,40.40117],[141.23373,40.40117],[141.23438,40.40085],[141.23492,40.40116],[141.23622,40.40106],[141.23838,40.40233],[141.23906,40.40243],[141.23957,40.40194],[141.24133,40.40195],[141.24315,40.40239],[141.24423,40.40282],[141.24646,40.40303],[141.24804,40.40378],[141.25091,40.40305],[141.25232,40.40323],[141.25276,40.40363],[141.25207,40.40468],[141.25272,40.4057],[141.25375,40.40617],[141.25448,40.40602],[141.25399,40.40482],[141.25345,40.40408],[141.25339,40.40331],[141.25473,40.40267],[141.256,40.40152],[141.25761,40.40163],[141.25869,40.40111],[141.2612,40.40229],[141.26378,40.40326],[141.26417,40.40187],[141.26516,40.40044],[141.26584,40.39915],[141.26732,40.39698],[141.26921,40.39455],[141.26989,40.39319],[141.27121,40.39251],[141.27236,40.3923],[141.27578,40.39327],[141.27687,40.39331],[141.27861,40.39363],[141.28002,40.39478],[141.28072,40.39464],[141.2816,40.395],[141.28219,40.39565],[141.28308,40.39615],[141.28487,40.39674],[141.28675,40.39676],[141.28751,40.3962],[141.28884,40.39463],[141.28894,40.39372],[141.29006,40.39344],[141.293,40.39121],[141.29525,40.38995],[141.29615,40.38859],[141.29757,40.38797],[141.29808,40.38722],[141.30055,40.38632],[141.30125,40.38586],[141.3023,40.38558],[141.30326,40.38563],[141.30484,40.38616],[141.3057,40.38718],[141.30702,40.38732],[141.30794,40.38768],[141.30889,40.38768],[141.30983,40.38732],[141.31075,40.38739],[141.31249,40.38447],[141.31333,40.3841],[141.31365,40.38311],[141.31462,40.38251],[141.31414,40.38189],[141.3141,40.38097],[141.31316,40.37925],[141.31342,40.37861],[141.31339,40.37736],[141.31508,40.37522],[141.31533,40.3744],[141.31638,40.37299],[141.3171,40.37266],[141.31802,40.37161],[141.31998,40.37101],[141.32037,40.36995],[141.32128,40.37023],[141.32382,40.37008],[141.32439,40.36986],[141.32478,40.36891],[141.3248,40.36796],[141.32429,40.36737],[141.32433,40.36677],[141.32513,40.36552],[141.32654,40.36572],[141.32762,40.36523],[141.32834,40.36427],[141.32832,40.36301],[141.32962,40.36257],[141.33045,40.36169],[141.33177,40.36176],[141.33296,40.36149],[141.33402,40.36185],[141.33453,40.36109],[141.33634,40.3602],[141.33614,40.3593],[141.33644,40.35731],[141.33707,40.35691],[141.33727,40.35493],[141.33682,40.35446],[141.33663,40.3536],[141.33698,40.35276],[141.33691,40.3517],[141.3365,40.35037],[141.33446,40.34837],[141.33459,40.34748],[141.334,40.3456],[141.33522,40.34488],[141.33683,40.34444],[141.3382,40.34246],[141.33951,40.34195],[141.34053,40.34212],[141.34205,40.34166],[141.34354,40.34157],[141.34688,40.34015],[141.34837,40.33871],[141.34841,40.33824],[141.34742,40.33705],[141.34619,40.33607],[141.34777,40.33481],[141.34883,40.33516],[141.35086,40.33474],[141.35102,40.33419],[141.3508,40.33297],[141.35106,40.33243],[141.351,40.33107],[141.35313,40.33101],[141.35464,40.33235],[141.35625,40.33318],[141.35712,40.33393],[141.35844,40.33401],[141.36043,40.33465],[141.36117,40.33512],[141.3625,40.33549],[141.3635,40.33607],[141.367,40.33741],[141.36791,40.33792],[141.36979,40.33839],[141.37064,40.33916],[141.37084,40.33976],[141.37311,40.34309],[141.37411,40.34307],[141.37624,40.34154],[141.37672,40.34067],[141.37643,40.33951],[141.37665,40.33893],[141.37918,40.34094],[141.38053,40.34151],[141.38182,40.34249],[141.38155,40.34361],[141.38217,40.3452],[141.3826,40.34559],[141.38336,40.347],[141.38433,40.34813],[141.38593,40.34908],[141.38888,40.35173],[141.38979,40.35304],[141.38984,40.35459],[141.3894,40.35647],[141.38867,40.35716],[141.38865,40.35803],[141.38912,40.35922],[141.39058,40.36017],[141.39122,40.36034],[141.39257,40.36019],[141.3931,40.36069],[141.39164,40.36129],[141.39162,40.36189],[141.39078,40.36205],[141.38994,40.36266],[141.38945,40.36339],[141.38864,40.36359],[141.38772,40.36465],[141.38662,40.36531],[141.38533,40.36559],[141.38433,40.36542],[141.38314,40.36444],[141.38194,40.36394],[141.38121,40.36392],[141.38042,40.36344],[141.37838,40.3635],[141.37672,40.36337],[141.37606,40.36312],[141.37313,40.36381],[141.37289,40.36413],[141.37279,40.36553],[141.37493,40.36534],[141.37693,40.36581],[141.37804,40.36557],[141.37891,40.36604],[141.37957,40.36684],[141.38154,40.36738],[141.38213,40.36827],[141.38322,40.36929],[141.38306,40.37012],[141.38377,40.37089],[141.38349,40.37125],[141.38421,40.37299],[141.38428,40.37398],[141.38376,40.37523],[141.38219,40.37593],[141.37919,40.37678],[141.37794,40.37686],[141.37683,40.37731],[141.37466,40.37775],[141.37401,40.37841],[141.37272,40.37916],[141.37155,40.37921],[141.37054,40.38017],[141.36869,40.37949],[141.36807,40.37868],[141.36725,40.37845],[141.36634,40.37873],[141.36532,40.37855],[141.36405,40.37903],[141.36358,40.37965],[141.36368,40.38057],[141.36427,40.38069],[141.36581,40.3805],[141.36687,40.38105],[141.36784,40.38111],[141.3688,40.38162],[141.37144,40.38143],[141.37259,40.38108],[141.37351,40.38107],[141.37663,40.38066],[141.3783,40.37998],[141.38032,40.37851],[141.38197,40.37805],[141.38496,40.37779],[141.3851,40.37873],[141.38453,40.37958],[141.38446,40.38034],[141.38521,40.38254],[141.38526,40.38386],[141.38628,40.38415],[141.38668,40.38481],[141.38622,40.38531],[141.38675,40.38597],[141.38702,40.38735],[141.38538,40.38783],[141.38529,40.38816],[141.38621,40.38953],[141.38394,40.39069],[141.38383,40.39169],[141.38432,40.39315],[141.38542,40.39306],[141.38747,40.39316],[141.38873,40.39272],[141.38917,40.39309],[141.38575,40.39446],[141.38474,40.39571],[141.3836,40.39647],[141.38414,40.39774],[141.38507,40.39802],[141.38487,40.39892],[141.38349,40.39908],[141.38334,40.39974],[141.38468,40.39953],[141.38637,40.39996],[141.38709,40.39988],[141.38853,40.40034],[141.39012,40.40242],[141.38833,40.40399],[141.38729,40.40568],[141.38758,40.40635],[141.38939,40.40793],[141.39124,40.40782],[141.39397,40.40844],[141.39807,40.41203],[141.39856,40.41283],[141.40052,40.4138],[141.40123,40.41494],[141.39913,40.41757],[141.39849,40.41897],[141.39821,40.42014],[141.39737,40.42151],[141.39595,40.4234],[141.39903,40.42262],[141.40148,40.42274],[141.40386,40.42363],[141.40592,40.42453],[141.40814,40.4253],[141.41047,40.42546],[141.41176,40.42569],[141.41274,40.42532],[141.41391,40.42557],[141.41604,40.42532],[141.41623,40.42563],[141.41774,40.42614],[141.41978,40.4273],[141.42113,40.42711],[141.42271,40.42739],[141.42429,40.42734],[141.42741,40.42812],[141.4303,40.42809],[141.43252,40.42837],[141.43467,40.42924],[141.43784,40.42942],[141.44012,40.4294],[141.44053,40.42965],[141.44306,40.43253],[141.44409,40.43481],[141.44399,40.43629],[141.44374,40.43724],[141.44396,40.43884],[141.44631,40.44138],[141.44817,40.44239],[141.45091,40.44419],[141.45213,40.44529],[141.4535,40.44835],[141.45321,40.44887],[141.45106,40.44901],[141.45062,40.44937],[141.44882,40.44993],[141.44818,40.44997],[141.44721,40.4506],[141.44612,40.45083],[141.44559,40.45158],[141.44432,40.45216],[141.44298,40.45233],[141.44139,40.45275],[141.4398,40.454],[141.43838,40.4547],[141.43739,40.45499],[141.43524,40.4575],[141.43355,40.45816],[141.43218,40.45815],[141.43156,40.45852],[141.42966,40.45824],[141.42794,40.45901],[141.42631,40.46084],[141.42539,40.4626],[141.42358,40.46328],[141.42383,40.46402],[141.42437,40.46444],[141.42532,40.46462],[141.42433,40.46582],[141.42498,40.46638],[141.42489,40.46791],[141.42357,40.46881],[141.42368,40.47],[141.42226,40.4708],[141.42208,40.47216],[141.42263,40.4725],[141.41958,40.47589],[141.4186,40.47657],[141.41815,40.47653],[141.41747,40.47575],[141.41661,40.47415],[141.41569,40.47275],[141.41497,40.47128],[141.41444,40.47083],[141.41305,40.4703],[141.41097,40.47016],[141.40956,40.47082],[141.40804,40.47234],[141.40821,40.47309],[141.40883,40.47406],[141.40877,40.47504],[141.40724,40.47508],[141.4049,40.47397],[141.40405,40.47464],[141.40124,40.47333],[141.40071,40.47391],[141.40028,40.47531],[141.39905,40.47573],[141.3988,40.4766],[141.39816,40.47741],[141.39703,40.47812],[141.3943,40.47917],[141.39314,40.48016],[141.39324,40.4811],[141.39361,40.48151],[141.39393,40.48351],[141.3916,40.48764],[141.39048,40.48796],[141.38837,40.48882],[141.38741,40.48909],[141.38503,40.48938],[141.38464,40.49096],[141.38374,40.49181],[141.38129,40.49347],[141.38119,40.49431],[141.38203,40.49563],[141.38234,40.49744],[141.38205,40.49891],[141.38216,40.50031],[141.38173,40.50166],[141.38107,40.50295],[141.38124,40.50425],[141.38062,40.50406],[141.37924,40.50315],[141.37732,40.50225],[141.37662,40.50172],[141.37542,40.50038],[141.37425,40.5004],[141.37365,40.49982],[141.37123,40.49836],[141.37075,40.49839],[141.36911,40.49728],[141.36845,40.49583],[141.36643,40.49548],[141.36522,40.4947],[141.36362,40.49476]]]]}},
  {"type":"Feature","properties":{"name":"階上町","code":"02446"},"geometry":{"type":"MultiPolygon","coordinates":[[[[141.5537,40.35866],[141.5548,40.36037],[141.55602,40.36123],[141.55665,40.3613],[141.55806,40.36076],[141.56064,40.36066],[141.56395,40.36157],[141.56442,40.36206],[141.56796,40.3638],[141.56966,40.36542],[141.57188,40.36586],[141.57231,40.36709],[141.572,40.36851],[141.57271,40.36961],[141.57677,40.3707],[141.57861,40.37222],[141.58139,40.37387],[141.58088,40.37564],[141.58113,40.37637],[141.58403,40.37777],[141.58561,40.37834],[141.58676,40.38071],[141.58636,40.38106],[141.58453,40.38199],[141.58381,40.38267],[141.58325,40.38369],[141.58274,40.38514],[141.584,40.38759],[141.58457,40.38955],[141.58304,40.39126],[141.58122,40.39176],[141.58109,40.392],[141.5815,40.39391],[141.5811,40.3949],[141.58153,40.39662],[141.58124,40.39843],[141.58185,40.39926],[141.58328,40.3996],[141.58506,40.40114],[141.58584,40.4028],[141.58555,40.40421],[141.58569,40.40478],[141.58692,40.40696],[141.58818,40.40683],[141.5897,40.40691],[141.59065,40.40776],[141.59106,40.40845],[141.59209,40.4091],[141.59347,40.40917],[141.59363,40.41042],[141.59512,40.41213],[141.59608,40.41225],[141.59791,40.41315],[141.59908,40.41318],[141.60136,40.41407],[141.60252,40.41429],[141.60431,40.41437],[141.60578,40.41386],[141.60714,40.41443],[141.60945,40.41519],[141.61107,40.41497],[141.61255,40.41544],[141.61327,40.4159],[141.6137,40.4166],[141.61335,40.41756],[141.61435,40.4184],[141.61456,40.41928],[141.61599,40.42014],[141.61935,40.4208],[141.62063,40.42082],[141.62176,40.42057],[141.62305,40.42069],[141.62739,40.42063],[141.62843,40.42044],[141.62931,40.42083],[141.63074,40.42024],[141.63134,40.42025],[141.63262,40.42117],[141.63472,40.42149],[141.63592,40.42217],[141.63754,40.42268],[141.63935,40.42287],[141.64092,40.42401],[141.64193,40.42452],[141.64228,40.42535],[141.6438,40.42597],[141.64538,40.42726],[141.6471,40.42829],[141.64837,40.42807],[141.64989,40.42811],[141.65236,40.42765],[141.65496,40.42859],[141.65575,40.42971],[141.65745,40.43],[141.65811,40.43055],[141.65997,40.43118],[141.66111,40.43264],[141.66102,40.43365],[141.66371,40.43482],[141.66757,40.43581],[141.66995,40.43724],[141.67093,40.43972],[141.67191,40.44025],[141.67253,40.44157],[141.6726,40.4422],[141.67357,40.4426],[141.67452,40.44327],[141.67475,40.44388],[141.67401,40.44477],[141.67421,40.44642],[141.67473,40.44684],[141.67576,40.44704],[141.67625,40.44772],[141.67603,40.44854],[141.67781,40.44942],[141.67883,40.4492],[141.67962,40.44955],[141.68011,40.44933],[141.68259,40.45026],[141.68287,40.45128],[141.68252,40.45188],[141.68088,40.45217],[141.68067,40.4527],[141.68031,40.45268],[141.67934,40.45299],[141.67901,40.45263],[141.67778,40.45316],[141.67559,40.45382],[141.673,40.45383],[141.67315,40.45463],[141.67227,40.45471],[141.67211,40.45555],[141.67135,40.45601],[141.67045,40.45605],[141.66986,40.4568],[141.6684,40.45636],[141.66818,40.4572],[141.66852,40.45783],[141.66603,40.45868],[141.66582,40.45928],[141.66608,40.46001],[141.66491,40.46091],[141.66492,40.46121],[141.66316,40.46148],[141.66219,40.46269],[141.66323,40.46302],[141.6625,40.46351],[141.66192,40.46275],[141.66078,40.46327],[141.66123,40.46375],[141.66145,40.46462],[141.66135,40.46547],[141.65994,40.46611],[141.65773,40.46576],[141.65701,40.46582],[141.65574,40.46733],[141.65661,40.46781],[141.65641,40.46821],[141.65529,40.46762],[141.65361,40.46835],[141.6536,40.46868],[141.65239,40.469],[141.65053,40.46982],[141.65031,40.47018],[141.64918,40.47021],[141.64842,40.47072],[141.64841,40.47127],[141.64744,40.47212],[141.64711,40.47459],[141.64652,40.4747],[141.64425,40.47407],[141.64354,40.47349],[141.64055,40.47373],[141.63934,40.47349],[141.63796,40.47421],[141.63704,40.47395],[141.63393,40.47397],[141.63319,40.47444],[141.63229,40.47462],[141.63067,40.47417],[141.63075,40.47366],[141.62946,40.47218],[141.62774,40.4718],[141.62756,40.47106],[141.62612,40.47024],[141.62511,40.4686],[141.62413,40.46824],[141.62341,40.46742],[141.62142,40.46707],[141.61942,40.46628],[141.61801,40.46624],[141.61202,40.46472],[141.6086,40.46378],[141.60564,40.46311],[141.60416,40.46311],[141.60258,40.46332],[141.60068,40.46386],[141.59843,40.46569],[141.59737,40.46619],[141.59611,40.46652],[141.59333,40.46787],[141.59369,40.46937],[141.5946,40.47035],[141.59526,40.47181],[141.59485,40.47391],[141.59472,40.47732],[141.59111,40.47672],[141.58804,40.4763],[141.58687,40.47578],[141.58486,40.47603],[141.5823,40.47719],[141.57681,40.4787],[141.57625,40.47906],[141.57472,40.47922],[141.57199,40.47907],[141.57039,40.47957],[141.56531,40.47696],[141.56295,40.47631],[141.55688,40.47425],[141.55655,40.47369],[141.5572,40.47165],[141.55742,40.46971],[141.55711,40.46857],[141.55839,40.46751],[141.55851,40.46587],[141.55746,40.46489],[141.55686,40.46395],[141.55291,40.46448],[141.55232,40.46288],[141.55231,40.46159],[141.55198,40.46077],[141.55201,40.45976],[141.55174,40.45886],[141.5527,40.4581],[141.55247,40.45712],[141.5518,40.45639],[141.54961,40.45587],[141.5498,40.45497],[141.54945,40.45459],[141.54924,40.45343],[141.54827,40.45275],[141.54774,40.45132],[141.54531,40.45443],[141.54495,40.45441],[141.54063,40.45291],[141.5396,40.45291],[141.53824,40.45257],[141.53768,40.45293],[141.53768,40.45401],[141.5363,40.45499],[141.53626,40.45572],[141.53679,40.45667],[141.53641,40.45732],[141.53523,40.45765],[141.53425,40.45866],[141.53347,40.45992],[141.53159,40.45959],[141.5306,40.45961],[141.52738,40.45925],[141.52598,40.45975],[141.52517,40.45935],[141.52293,40.45877],[141.52177,40.45822],[141.52103,40.45749],[141.51877,40.45684],[141.51916,40.45503],[141.5198,40.45316],[141.51961,40.4492],[141.51977,40.44706],[141.52043,40.44513],[141.52128,40.43921],[141.52126,40.4373],[141.52149,40.43592],[141.52135,40.43394],[141.5211,40.43316],[141.5212,40.43148],[141.52113,40.42935],[141.52177,40.4277],[141.52178,40.42683],[141.52214,40.42561],[141.52198,40.42381],[141.52162,40.42312],[141.52133,40.42085],[141.52088,40.41858],[141.51922,40.41647],[141.51893,40.4153],[141.51912,40.41281],[141.52,40.41166],[141.51903,40.40972],[141.52,40.40931],[141.5198,40.40742],[141.52021,40.40642],[141.52005,40.40444],[141.52034,40.40345],[141.52105,40.40245],[141.52176,40.4003],[141.52363,40.39711],[141.5267,40.3954],[141.5292,40.3934],[141.52934,40.39304],[141.53131,40.39095],[141.53173,40.39033],[141.53375,40.38904],[141.5345,40.38682],[141.5357,40.38576],[141.53665,40.38521],[141.53767,40.38429],[141.53807,40.38354],[141.53784,40.38264],[141.53849,40.38058],[141.53953,40.37976],[141.54045,40.37947],[141.54253,40.37953],[141.5421,40.3786],[141.543,40.37676],[141.54362,40.37605],[141.54379,40.37529],[141.54518,40.3744],[141.54571,40.37369],[141.54519,40.37275],[141.54523,40.37174],[141.54585,40.37035],[141.54651,40.36953],[141.54755,40.36885],[141.54792,40.36834],[141.54824,40.3669],[141.54993,40.36582],[141.5499,40.36437],[141.55071,40.36308],[141.55157,40.36129],[141.5537,40.35866]]]]}},
  {"type":"Feature","properties":{"name":"新郷村","code":"02450"},"geometry":{"type":"MultiPolygon","coordinates":[[[[140.98517,40.42708],[140.98528,40.42367],[140.98555,40.42171],[140.98484,40.4209],[140.9834,40.41996],[140.98219,40.41872],[140.9797,40.41771],[140.97911,40.41715],[140.97876,40.41598],[140.97923,40.41517],[140.98015,40.41554],[140.98155,40.41543],[140.98274,40.41351],[140.98254,40.41204],[140.98254,40.41156],[140.98373,40.4084],[140.98474,40.40757],[140.98697,40.40635],[140.98955,40.40358],[140.9908,40.40251],[140.99208,40.40316],[140.99318,40.40411],[140.99383,40.4043],[140.99474,40.40546],[140.99603,40.4068],[140.99946,40.40802],[141.00248,40.40877],[141.00428,40.41007],[141.00637,40.40998],[141.01104,40.40821],[141.01207,40.40776],[141.01364,40.40678],[141.01529,40.40647],[141.01669,40.40709],[141.019,40.40767],[141.02108,40.40767],[141.02273,40.40823],[141.02354,40.40828],[141.02509,40.4078],[141.02647,40.40656],[141.02762,40.40714],[141.03036,40.40695],[141.03162,40.40608],[141.0335,40.40614],[141.03338,40.40516],[141.03388,40.40443],[141.03635,40.40294],[141.03728,40.4026],[141.03835,40.40164],[141.04028,40.40103],[141.04185,40.40093],[141.04307,40.40139],[141.04603,40.40292],[141.0467,40.40403],[141.04813,40.40516],[141.05008,40.40748],[141.05191,40.40805],[141.05325,40.40862],[141.05776,40.40858],[141.05981,40.40887],[141.06121,40.40881],[141.06432,40.40949],[141.06593,40.41008],[141.06777,40.41044],[141.06984,40.41161],[141.07076,40.41183],[141.07371,40.41197],[141.07675,40.41189],[141.0774,40.41197],[141.07875,40.4116],[141.08046,40.41189],[141.08176,40.41162],[141.08357,40.41223],[141.08458,40.41241],[141.08713,40.41043],[141.08833,40.41006],[141.08996,40.40862],[141.09104,40.40803],[141.09348,40.40584],[141.09404,40.40583],[141.09589,40.40532],[141.09656,40.40582],[141.10143,40.40712],[141.10259,40.40719],[141.10314,40.40837],[141.10507,40.40988],[141.10631,40.41008],[141.10697,40.41075],[141.10748,40.41175],[141.1095,40.41248],[141.1123,40.41315],[141.11266,40.41353],[141.11228,40.41417],[141.11277,40.41451],[141.11574,40.41516],[141.11638,40.41543],[141.11781,40.4155],[141.118,40.41579],[141.11992,40.41667],[141.12097,40.41676],[141.12199,40.41591],[141.12375,40.41644],[141.12546,40.41613],[141.12637,40.41561],[141.12937,40.41566],[141.13059,40.41543],[141.1316,40.41486],[141.13302,40.41496],[141.13379,40.41537],[141.13388,40.41596],[141.13478,40.41626],[141.13636,40.4172],[141.1371,40.41729],[141.13807,40.41791],[141.139,40.41793],[141.14065,40.41859],[141.14208,40.41973],[141.14334,40.42024],[141.14599,40.42037],[141.14674,40.42067],[141.1489,40.42083],[141.1497,40.42119],[141.15016,40.42181],[141.15177,40.42158],[141.15405,40.42182],[141.15506,40.4217],[141.15595,40.42103],[141.15677,40.42114],[141.1574,40.42025],[141.15829,40.41994],[141.15937,40.42029],[141.16055,40.42024],[141.16125,40.42074],[141.1625,40.42092],[141.16333,40.42011],[141.16407,40.42068],[141.16506,40.42017],[141.16532,40.41967],[141.16613,40.41945],[141.16701,40.4201],[141.16869,40.42089],[141.16955,40.42078],[141.17082,40.42007],[141.17179,40.42025],[141.17206,40.42086],[141.17271,40.42128],[141.17387,40.42099],[141.17325,40.42004],[141.17432,40.41939],[141.175,40.41839],[141.17454,40.41727],[141.17537,40.41631],[141.17597,40.41604],[141.17764,40.41624],[141.17837,40.41662],[141.1795,40.41612],[141.18123,40.41624],[141.18329,40.41621],[141.18513,40.41661],[141.18672,40.41678],[141.18833,40.41732],[141.18953,40.41736],[141.19071,40.41672],[141.19202,40.41703],[141.19468,40.41622],[141.19587,40.41649],[141.19804,40.41639],[141.19822,40.416],[141.19965,40.41634],[141.20183,40.41723],[141.20244,40.41801],[141.20432,40.41874],[141.20461,40.4178],[141.20588,40.41638],[141.20665,40.41614],[141.20663,40.41496],[141.20818,40.41453],[141.20886,40.41494],[141.21039,40.41473],[141.21102,40.41406],[141.21277,40.41439],[141.21405,40.41493],[141.21654,40.41491],[141.21756,40.4151],[141.21873,40.41592],[141.21949,40.41618],[141.22084,40.41617],[141.22244,40.41738],[141.22286,40.41813],[141.22479,40.41845],[141.22653,40.41734],[141.23026,40.41748],[141.23102,40.41801],[141.23289,40.41842],[141.23407,40.41913],[141.23328,40.41909],[141.23185,40.41842],[141.22999,40.41987],[141.22968,40.42057],[141.22996,40.42177],[141.22989,40.42258],[141.23083,40.42288],[141.23024,40.42345],[141.22897,40.4233],[141.22623,40.424],[141.22578,40.42546],[141.22579,40.42604],[141.22496,40.42716],[141.22453,40.42823],[141.22403,40.42856],[141.22227,40.43044],[141.22498,40.4318],[141.22628,40.43228],[141.22918,40.434],[141.22966,40.43414],[141.23245,40.43724],[141.23363,40.43812],[141.23465,40.43962],[141.23503,40.44048],[141.23646,40.44205],[141.23662,40.44283],[141.23746,40.44309],[141.23839,40.44402],[141.23783,40.44468],[141.23685,40.44434],[141.23529,40.44421],[141.23396,40.44433],[141.23332,40.44464],[141.23394,40.44647],[141.23342,40.44881],[141.23299,40.44969],[141.23202,40.45105],[141.23165,40.4526],[141.23169,40.45335],[141.23106,40.45397],[141.22937,40.45459],[141.22807,40.4553],[141.2266,40.45564],[141.22411,40.45735],[141.22267,40.45851],[141.22262,40.45962],[141.22184,40.45949],[141.21952,40.45991],[141.21814,40.45996],[141.2163,40.46029],[141.21371,40.45951],[141.21306,40.45896],[141.21197,40.45904],[141.20991,40.45829],[141.20921,40.45788],[141.20677,40.45732],[141.20628,40.45638],[141.20461,40.45682],[141.20295,40.45682],[141.2018,40.45628],[141.19952,40.45644],[141.19637,40.45545],[141.1959,40.45542],[141.19469,40.45601],[141.19324,40.45617],[141.19227,40.45661],[141.19201,40.45724],[141.19239,40.45829],[141.19339,40.45904],[141.19406,40.46009],[141.19534,40.46126],[141.19503,40.46287],[141.19573,40.46478],[141.19515,40.46605],[141.19502,40.46716],[141.19466,40.46782],[141.1948,40.46878],[141.19445,40.47031],[141.1934,40.47087],[141.1932,40.47201],[141.19205,40.47199],[141.19124,40.47409],[141.19069,40.47472],[141.18989,40.47661],[141.1884,40.47659],[141.18606,40.4768],[141.18524,40.47706],[141.18413,40.47814],[141.18369,40.4796],[141.18362,40.48099],[141.18388,40.48284],[141.18323,40.48398],[141.18197,40.48497],[141.18029,40.48689],[141.17843,40.48716],[141.17586,40.48836],[141.17545,40.48882],[141.17693,40.49002],[141.17749,40.49014],[141.17855,40.49115],[141.18009,40.49169],[141.18349,40.49314],[141.18423,40.4941],[141.18536,40.49491],[141.18557,40.49556],[141.18496,40.49585],[141.18482,40.49543],[141.18304,40.49491],[141.18208,40.49484],[141.18051,40.49442],[141.17899,40.49468],[141.17856,40.49435],[141.17744,40.49445],[141.17629,40.49396],[141.17535,40.49386],[141.17497,40.4934],[141.17283,40.49304],[141.17194,40.49373],[141.17075,40.49347],[141.16903,40.49338],[141.16746,40.49392],[141.1663,40.49377],[141.16549,40.4941],[141.16425,40.4935],[141.16311,40.4941],[141.16123,40.49428],[141.16068,40.49465],[141.15926,40.49485],[141.1585,40.49527],[141.15716,40.49548],[141.15647,40.49506],[141.15203,40.49548],[141.15051,40.49686],[141.14916,40.49689],[141.14901,40.49745],[141.1478,40.49774],[141.14653,40.49709],[141.14571,40.49583],[141.14459,40.4961],[141.14383,40.4959],[141.14401,40.4953],[141.14318,40.49521],[141.14202,40.49619],[141.14107,40.49621],[141.14011,40.49587],[141.13942,40.49506],[141.13853,40.49473],[141.13752,40.49467],[141.13581,40.49486],[141.13462,40.49533],[141.13276,40.49465],[141.13089,40.49609],[141.1293,40.49599],[141.12792,40.49644],[141.12608,40.49611],[141.12541,40.49562],[141.12414,40.49533],[141.12199,40.49541],[141.1211,40.49575],[141.1192,40.49579],[141.11838,40.49651],[141.11681,40.49718],[141.11475,40.49788],[141.11403,40.49853],[141.11188,40.49867],[141.11059,40.49727],[141.10886,40.49716],[141.10718,40.49437],[141.10546,40.49384],[141.10413,40.49262],[141.1024,40.49267],[141.10118,40.4929],[141.10017,40.49282],[141.09919,40.49305],[141.09779,40.49306],[141.09716,40.49374],[141.09626,40.4938],[141.09544,40.49347],[141.09334,40.49356],[141.09145,40.49257],[141.0907,40.49247],[141.08929,40.49321],[141.08786,40.49358],[141.08718,40.49256],[141.08625,40.49074],[141.08503,40.49008],[141.08442,40.48952],[141.08239,40.48904],[141.08146,40.48833],[141.07919,40.48814],[141.07695,40.48684],[141.07594,40.48672],[141.07417,40.48535],[141.07169,40.48468],[141.06965,40.48352],[141.06799,40.48308],[141.0676,40.48223],[141.06962,40.48119],[141.06951,40.48055],[141.06825,40.48003],[141.06508,40.47964],[141.06373,40.47962],[141.06214,40.47998],[141.06114,40.47997],[141.05978,40.47936],[141.05837,40.4795],[141.05702,40.47881],[141.05604,40.47754],[141.05536,40.47712],[141.05414,40.47697],[141.05246,40.47703],[141.05042,40.47784],[141.0486,40.47723],[141.04715,40.47601],[141.04551,40.47567],[141.04307,40.47614],[141.04057,40.47551],[141.03866,40.47479],[141.03595,40.47487],[141.03375,40.47514],[141.03266,40.47472],[141.03109,40.47451],[141.02968,40.47377],[141.02699,40.47182],[141.02513,40.47095],[141.02367,40.46998],[141.02188,40.46907],[141.01905,40.46848],[141.01814,40.46667],[141.01597,40.46482],[141.01364,40.4634],[141.0121,40.46138],[141.01076,40.46053],[141.00954,40.4602],[141.00776,40.45916],[141.00574,40.45842],[141.00218,40.45546],[141.00116,40.45471],[141.00101,40.45408],[141.00143,40.45275],[141.00121,40.44923],[141.00144,40.44799],[141.00088,40.44682],[141.00116,40.44554],[141.00091,40.44488],[140.99949,40.44398],[140.99866,40.44315],[140.99842,40.44246],[140.99861,40.44159],[140.99759,40.43974],[140.99686,40.43899],[140.99618,40.43868],[140.99582,40.43717],[140.99595,40.4363],[140.99554,40.43533],[140.99495,40.43474],[140.99497,40.43394],[140.99426,40.43354],[140.99251,40.43329],[140.99168,40.43255],[140.99145,40.43152],[140.99079,40.43112],[140.9884,40.4303],[140.9877,40.4297],[140.98603,40.42868],[140.98537,40.42777],[140.98517,40.42708]]]]}}
]}
