{"type":"FeatureCollection", "features": [
  {"type":"Feature","properties":{"name":"岐阜市","code":"21201"},"geometry":{"type":"MultiPolygon","coordinates":[[[[136.69321,35.4116],[136.69329,35.40766],[136.6959,35.40765],[136.69622,35.40726],[136.69792,35.40752],[136.69795,35.40626],[136.69838,35.40614],[136.69862,35.40449],[136.69824,35.40334],[136.69878,35.40263],[136.70063,35.40291],[136.70093,35.40153],[136.7026,35.39612],[136.70291,35.39613],[136.70418,35.39396],[136.70586,35.39035],[136.70635,35.38857],[136.7065,35.38731],[136.70644,35.3851],[136.70603,35.38379],[136.70539,35.3827],[136.70322,35.37981],[136.70235,35.37881],[136.70039,35.37696],[136.69584,35.37297],[136.69335,35.37056],[136.69183,35.3688],[136.69058,35.36679],[136.68954,35.36471],[136.68902,35.36315],[136.68849,35.3606],[136.68836,35.35817],[136.68833,35.3549],[136.68842,35.35234],[136.6909,35.35419],[136.69259,35.35487],[136.69361,35.35545],[136.69439,35.35616],[136.69537,35.35591],[136.69647,35.35509],[136.69716,35.35521],[136.69985,35.35677],[136.70074,35.35627],[136.70239,35.35453],[136.70324,35.35398],[136.70505,35.35319],[136.70567,35.35338],[136.70637,35.35304],[136.70664,35.3523],[136.70844,35.35174],[136.71104,35.35128],[136.71176,35.35201],[136.71226,35.35306],[136.71386,35.35358],[136.71562,35.35537],[136.71768,35.3555],[136.71964,35.35484],[136.72068,35.35387],[136.72193,35.35308],[136.72209,35.35166],[136.72451,35.3526],[136.72491,35.35295],[136.72581,35.35265],[136.72644,35.35315],[136.72614,35.35369],[136.72675,35.35566],[136.72804,35.3566],[136.72898,35.35657],[136.72899,35.357],[136.73,35.35746],[136.73145,35.35746],[136.73196,35.35984],[136.73252,35.35976],[136.73333,35.36122],[136.73826,35.3603],[136.73818,35.36006],[136.74304,35.35913],[136.74397,35.36238],[136.7447,35.36355],[136.74568,35.36336],[136.74584,35.36393],[136.74751,35.36367],[136.74769,35.3642],[136.74886,35.36403],[136.74911,35.36433],[136.75066,35.36425],[136.7508,35.36496],[136.75203,35.36482],[136.75416,35.36508],[136.75599,35.36487],[136.75738,35.36499],[136.7577,35.36537],[136.75691,35.36642],[136.75573,35.36719],[136.75442,35.36775],[136.75377,35.3694],[136.75181,35.36972],[136.7521,35.37035],[136.75324,35.37113],[136.75608,35.3743],[136.75605,35.37476],[136.75507,35.37516],[136.75553,35.37555],[136.75718,35.3764],[136.75823,35.37661],[136.75821,35.37738],[136.7589,35.37798],[136.75961,35.37786],[136.76028,35.37851],[136.76086,35.37861],[136.76284,35.3785],[136.76465,35.37929],[136.76517,35.38015],[136.76607,35.37976],[136.76696,35.38012],[136.76699,35.38069],[136.76655,35.38194],[136.76543,35.3818],[136.76539,35.38267],[136.76473,35.38314],[136.76535,35.3852],[136.76754,35.38596],[136.76765,35.38711],[136.76852,35.38773],[136.76853,35.38827],[136.76764,35.38874],[136.76742,35.38941],[136.76773,35.38999],[136.76801,35.39132],[136.7689,35.39316],[136.76935,35.39358],[136.77015,35.39344],[136.7706,35.39385],[136.77057,35.39467],[136.77095,35.39519],[136.77228,35.39632],[136.77334,35.39675],[136.77454,35.39679],[136.77496,35.39603],[136.7756,35.39548],[136.77896,35.39658],[136.7784,35.39809],[136.77852,35.39835],[136.78053,35.39844],[136.78234,35.39943],[136.78606,35.39999],[136.78863,35.39948],[136.79112,35.39806],[136.79239,35.39672],[136.79221,35.39641],[136.79435,35.39535],[136.79403,35.39483],[136.7958,35.39426],[136.79698,35.39409],[136.79697,35.39342],[136.79741,35.3928],[136.79881,35.3918],[136.80099,35.39176],[136.80162,35.39151],[136.80269,35.39015],[136.80351,35.38866],[136.80361,35.38711],[136.80549,35.38689],[136.80546,35.38733],[136.80831,35.38819],[136.809,35.38817],[136.81143,35.38729],[136.81295,35.38741],[136.81311,35.3894],[136.81368,35.39011],[136.81449,35.38987],[136.81554,35.38899],[136.8163,35.38994],[136.81645,35.39047],[136.81579,35.39071],[136.81563,35.39178],[136.81586,35.39211],[136.81324,35.39381],[136.81475,35.39468],[136.81536,35.39558],[136.81689,35.39613],[136.81658,35.39815],[136.81591,35.39822],[136.8147,35.39778],[136.81418,35.39862],[136.81447,35.40045],[136.8137,35.40054],[136.81429,35.40136],[136.81451,35.40262],[136.81531,35.40343],[136.81525,35.40667],[136.81492,35.40722],[136.81574,35.40854],[136.81586,35.40968],[136.81559,35.41057],[136.81597,35.41114],[136.81629,35.41277],[136.81675,35.41361],[136.81693,35.41508],[136.8158,35.41576],[136.81578,35.41472],[136.81506,35.41488],[136.81545,35.41715],[136.81669,35.41767],[136.81763,35.41852],[136.81779,35.41921],[136.81686,35.41956],[136.81543,35.42078],[136.8154,35.42174],[136.81475,35.42173],[136.81503,35.42609],[136.8156,35.42737],[136.81878,35.42712],[136.82069,35.42713],[136.82273,35.42676],[136.82358,35.42791],[136.82485,35.42877],[136.82684,35.42847],[136.82769,35.42861],[136.82903,35.42815],[136.83022,35.42796],[136.83215,35.42821],[136.83519,35.42881],[136.836,35.42879],[136.83665,35.42913],[136.83803,35.4293],[136.83896,35.42987],[136.83922,35.43059],[136.84212,35.43118],[136.84487,35.42555],[136.84513,35.42454],[136.84791,35.42504],[136.84952,35.42513],[136.85389,35.42517],[136.85765,35.42507],[136.85894,35.4253],[136.85889,35.42707],[136.86005,35.4288],[136.86032,35.43005],[136.85996,35.43047],[136.85978,35.43157],[136.86004,35.43384],[136.86021,35.43431],[136.86268,35.43459],[136.86412,35.43461],[136.86531,35.43496],[136.86716,35.43516],[136.86942,35.43585],[136.86996,35.43621],[136.87188,35.43662],[136.87202,35.43791],[136.86916,35.43905],[136.86876,35.43949],[136.86935,35.44108],[136.86904,35.44412],[136.87027,35.44426],[136.87144,35.4452],[136.8734,35.44599],[136.87404,35.44575],[136.87637,35.44615],[136.87813,35.44623],[136.8794,35.44582],[136.88179,35.44466],[136.88249,35.44576],[136.88228,35.44689],[136.88214,35.44906],[136.88305,35.45058],[136.88471,35.45206],[136.88392,35.45299],[136.88429,35.45475],[136.88613,35.45477],[136.88617,35.45592],[136.88547,35.45665],[136.88546,35.45736],[136.88426,35.45735],[136.88195,35.45777],[136.88137,35.45827],[136.88054,35.4585],[136.87909,35.46062],[136.87765,35.46054],[136.8756,35.46121],[136.8735,35.46262],[136.87354,35.46356],[136.87256,35.46359],[136.87047,35.46403],[136.8698,35.46434],[136.86805,35.46394],[136.86778,35.46273],[136.8654,35.46415],[136.86378,35.46353],[136.86178,35.46346],[136.86014,35.46311],[136.85847,35.46426],[136.85763,35.46381],[136.85646,35.46397],[136.85635,35.46511],[136.85675,35.46576],[136.85653,35.46623],[136.85531,35.46677],[136.85437,35.4674],[136.85213,35.46849],[136.85092,35.46925],[136.84793,35.46885],[136.84565,35.46775],[136.84381,35.4667],[136.84305,35.46643],[136.8376,35.46335],[136.83723,35.46636],[136.8357,35.46613],[136.83535,35.46641],[136.83455,35.46783],[136.83441,35.46874],[136.8346,35.47007],[136.83506,35.47089],[136.83634,35.47225],[136.83824,35.47386],[136.83946,35.47504],[136.84022,35.47598],[136.84056,35.47721],[136.84053,35.47887],[136.83994,35.4805],[136.83966,35.48172],[136.83953,35.48387],[136.84016,35.48546],[136.84207,35.48723],[136.84256,35.4884],[136.84238,35.48959],[136.8419,35.49133],[136.84254,35.49293],[136.84319,35.4938],[136.8425,35.49633],[136.84461,35.49676],[136.84578,35.4972],[136.84567,35.49933],[136.84357,35.4997],[136.84501,35.5011],[136.84754,35.50319],[136.84971,35.50418],[136.85128,35.50528],[136.85252,35.50462],[136.85296,35.50395],[136.85427,35.50325],[136.8555,35.5021],[136.85596,35.50135],[136.85724,35.50057],[136.85898,35.50091],[136.85906,35.50138],[136.85862,35.50233],[136.8584,35.50355],[136.8588,35.50485],[136.85883,35.50599],[136.85914,35.50681],[136.86062,35.50814],[136.85898,35.50872],[136.85834,35.50927],[136.85729,35.50944],[136.85542,35.50885],[136.85261,35.50783],[136.85162,35.50799],[136.85013,35.50883],[136.84896,35.50821],[136.84803,35.50712],[136.84614,35.50688],[136.84549,35.50774],[136.84476,35.5081],[136.84453,35.50937],[136.844,35.51078],[136.84335,35.51082],[136.84173,35.51194],[136.84044,35.51237],[136.84036,35.51339],[136.84087,35.51477],[136.83927,35.51616],[136.83946,35.51725],[136.84019,35.51846],[136.83887,35.51885],[136.83784,35.51942],[136.83611,35.51929],[136.83562,35.51854],[136.83434,35.52046],[136.8346,35.52268],[136.83459,35.52374],[136.83064,35.52477],[136.8288,35.52581],[136.82834,35.52694],[136.82723,35.52906],[136.82691,35.53007],[136.82627,35.53059],[136.82502,35.53088],[136.82319,35.52949],[136.82202,35.5292],[136.82138,35.52931],[136.82082,35.5303],[136.82074,35.53128],[136.82003,35.53154],[136.81865,35.53259],[136.81522,35.53173],[136.81549,35.5311],[136.81494,35.5303],[136.81381,35.52995],[136.81295,35.52925],[136.81277,35.52815],[136.81243,35.52759],[136.81167,35.52758],[136.81126,35.52708],[136.8105,35.52526],[136.80942,35.52478],[136.81057,35.52363],[136.81149,35.52307],[136.8121,35.52226],[136.81253,35.52117],[136.81193,35.52046],[136.81194,35.51976],[136.81122,35.51885],[136.81201,35.51746],[136.81263,35.51711],[136.8131,35.51628],[136.81324,35.51509],[136.81242,35.51363],[136.81208,35.51258],[136.81351,35.51164],[136.8135,35.5114],[136.81472,35.51013],[136.81385,35.50937],[136.81343,35.50862],[136.8125,35.50799],[136.81187,35.50804],[136.8108,35.50756],[136.81064,35.5069],[136.80903,35.50672],[136.80867,35.50601],[136.80793,35.50551],[136.80462,35.50489],[136.80337,35.5052],[136.80207,35.50512],[136.80086,35.50478],[136.80097,35.50395],[136.80139,35.50342],[136.80217,35.50318],[136.80396,35.50164],[136.80447,35.50213],[136.80534,35.50101],[136.80564,35.49955],[136.80522,35.49826],[136.80456,35.49764],[136.80317,35.49762],[136.80319,35.49365],[136.80388,35.49313],[136.80216,35.49257],[136.80073,35.49311],[136.79973,35.49219],[136.79994,35.49129],[136.79979,35.49041],[136.80045,35.48929],[136.80019,35.48779],[136.7997,35.48733],[136.79923,35.48628],[136.79959,35.48498],[136.79808,35.48534],[136.79734,35.48518],[136.79665,35.48602],[136.7961,35.48586],[136.79503,35.48497],[136.79367,35.48439],[136.79292,35.48434],[136.7922,35.48585],[136.79125,35.48721],[136.7914,35.48793],[136.7912,35.4891],[136.79133,35.49082],[136.79107,35.49118],[136.79015,35.49126],[136.78935,35.49184],[136.78793,35.49089],[136.78665,35.49024],[136.78616,35.49049],[136.78291,35.49092],[136.78178,35.49123],[136.78086,35.49065],[136.78025,35.48988],[136.7794,35.48968],[136.77836,35.4898],[136.77818,35.49033],[136.77743,35.49108],[136.77566,35.49152],[136.77527,35.49117],[136.77528,35.4904],[136.77365,35.49076],[136.77267,35.49174],[136.77173,35.49218],[136.77153,35.49314],[136.771,35.49346],[136.77057,35.49457],[136.76994,35.49548],[136.76971,35.49644],[136.76994,35.49804],[136.76814,35.49906],[136.76722,35.49908],[136.76671,35.49946],[136.76356,35.49965],[136.76357,35.50094],[136.76196,35.50304],[136.76198,35.50394],[136.76105,35.50427],[136.76066,35.50492],[136.76011,35.505],[136.75985,35.50646],[136.75931,35.50661],[136.75868,35.50574],[136.757,35.50507],[136.75685,35.5047],[136.75525,35.50398],[136.75443,35.50534],[136.75298,35.50609],[136.75299,35.50677],[136.75183,35.50767],[136.75143,35.50837],[136.74982,35.50894],[136.74961,35.5096],[136.74821,35.51036],[136.74732,35.51041],[136.74582,35.50967],[136.7447,35.50965],[136.74358,35.51092],[136.74284,35.5103],[136.74205,35.51068],[136.74148,35.51057],[136.74016,35.51108],[136.73883,35.50931],[136.7387,35.50866],[136.73682,35.50793],[136.73386,35.51059],[136.7325,35.51317],[136.73213,35.51346],[136.73009,35.51401],[136.72972,35.5145],[136.73021,35.51613],[136.72989,35.51711],[136.72928,35.51756],[136.72855,35.51739],[136.72729,35.51744],[136.7262,35.51787],[136.72568,35.51915],[136.7241,35.51956],[136.72335,35.52001],[136.72242,35.51994],[136.72231,35.52097],[136.72185,35.52142],[136.72068,35.52129],[136.71948,35.52057],[136.71777,35.52054],[136.7174,35.52141],[136.71666,35.52204],[136.71646,35.5235],[136.71595,35.52458],[136.71633,35.526],[136.71545,35.5264],[136.71384,35.52604],[136.71329,35.52676],[136.71189,35.52665],[136.71085,35.52752],[136.71086,35.52942],[136.71027,35.53019],[136.70928,35.53037],[136.709,35.5309],[136.70899,35.53252],[136.70812,35.53309],[136.7079,35.53359],[136.70689,35.53433],[136.70626,35.53535],[136.7052,35.53614],[136.70489,35.5378],[136.70384,35.53823],[136.70277,35.5384],[136.70164,35.54016],[136.70114,35.54213],[136.70066,35.54269],[136.69994,35.54265],[136.6991,35.5431],[136.69678,35.543],[136.69637,35.54193],[136.69567,35.54178],[136.69445,35.54103],[136.69417,35.53956],[136.69444,35.53898],[136.6936,35.53834],[136.69132,35.53857],[136.68877,35.53867],[136.68898,35.5375],[136.68806,35.53734],[136.68719,35.53764],[136.68473,35.53762],[136.684,35.53854],[136.68346,35.5384],[136.68321,35.53775],[136.68339,35.53627],[136.68277,35.53599],[136.6808,35.53718],[136.67888,35.53659],[136.6787,35.53534],[136.67991,35.53446],[136.68079,35.53314],[136.68227,35.53195],[136.68362,35.53214],[136.68541,35.53201],[136.68623,35.53146],[136.68685,35.53147],[136.68831,35.52971],[136.6886,35.52859],[136.68918,35.52772],[136.68926,35.52709],[136.68988,35.52698],[136.68972,35.52631],[136.68828,35.52553],[136.68766,35.52495],[136.68647,35.52433],[136.6867,35.52329],[136.68731,35.5223],[136.68736,35.52145],[136.68691,35.52039],[136.6861,35.5196],[136.68536,35.51934],[136.68375,35.51819],[136.68253,35.5167],[136.68287,35.51563],[136.68374,35.51499],[136.68515,35.51452],[136.68619,35.51374],[136.68726,35.51369],[136.68795,35.51342],[136.68846,35.51268],[136.69036,35.5126],[136.69362,35.51107],[136.69444,35.51105],[136.69559,35.50991],[136.69674,35.50905],[136.69603,35.50789],[136.69616,35.50686],[136.69602,35.50603],[136.69629,35.5055],[136.69719,35.50544],[136.69695,35.50432],[136.69747,35.50408],[136.69789,35.50307],[136.69594,35.50301],[136.6954,35.50163],[136.69481,35.5011],[136.69372,35.50103],[136.69157,35.50114],[136.69127,35.50068],[136.6918,35.5002],[136.69168,35.49962],[136.69252,35.49893],[136.69227,35.49832],[136.69395,35.49814],[136.69407,35.49679],[136.6946,35.49654],[136.69457,35.49391],[136.69379,35.49307],[136.69194,35.49333],[136.69137,35.49249],[136.69244,35.49205],[136.69311,35.4915],[136.69429,35.49124],[136.69724,35.49124],[136.69734,35.49157],[136.6988,35.49154],[136.69892,35.48694],[136.69827,35.48696],[136.69823,35.48518],[136.69836,35.48338],[136.69806,35.48276],[136.69277,35.48268],[136.6918,35.48298],[136.68806,35.48298],[136.68681,35.48272],[136.68586,35.4829],[136.68471,35.48151],[136.68458,35.47909],[136.68414,35.47872],[136.68349,35.47727],[136.68308,35.47546],[136.68358,35.47476],[136.68465,35.47514],[136.68457,35.47395],[136.68688,35.47136],[136.68711,35.47072],[136.68792,35.47023],[136.68838,35.46954],[136.68895,35.46945],[136.69135,35.46626],[136.69154,35.46568],[136.6928,35.464],[136.69256,35.46312],[136.69561,35.46298],[136.69592,35.46287],[136.69808,35.46291],[136.69824,35.45897],[136.69861,35.45817],[136.69835,35.45661],[136.69823,35.45148],[136.69845,35.45052],[136.69843,35.44726],[136.69862,35.44325],[136.69849,35.44091],[136.69875,35.43833],[136.69864,35.43375],[136.69874,35.43145],[136.69865,35.43098],[136.69874,35.42637],[136.69887,35.42445],[136.69887,35.42158],[136.69774,35.42146],[136.69303,35.42131],[136.6932,35.4147],[136.69321,35.4116]]]]}},
  {"type":"Feature","properties":{"name":"大垣市","code":"21202"},"geometry":{"type":"MultiPolygon","coordinates":[[[[136.40266,35.30045],[136.4012,35.30019],[136.39938,35.29943],[136.39934,35.29847],[136.39895,35.29797],[136.39788,35.2974],[136.39789,35.2966],[136.39757,35.29606],[136.39656,35.29524],[136.39615,35.29426],[136.39486,35.29406],[136.39442,35.2934],[136.39449,35.29254],[136.39379,35.29192],[136.3925,35.29158],[136.39206,35.29064],[136.39115,35.2902],[136.39095,35.2895],[136.39091,35.28794],[136.39139,35.28736],[136.39307,35.2862],[136.39474,35.28344],[136.39434,35.28302],[136.39451,35.28236],[136.39574,35.28095],[136.39596,35.28023],[136.39569,35.27892],[136.39585,35.27476],[136.39553,35.27352],[136.39473,35.27224],[136.39446,35.27104],[136.39466,35.27034],[136.39457,35.2692],[136.39484,35.26709],[136.39426,35.2661],[136.39408,35.26498],[136.39446,35.26396],[136.39371,35.26271],[136.39354,35.26191],[136.39441,35.25993],[136.3944,35.25929],[136.39491,35.25878],[136.39694,35.25791],[136.39627,35.25671],[136.3945,35.2551],[136.39386,35.2539],[136.39396,35.25352],[136.39286,35.25281],[136.39137,35.25131],[136.39022,35.25074],[136.38915,35.24977],[136.38733,35.24947],[136.38513,35.24834],[136.38347,35.24844],[136.38173,35.24816],[136.38103,35.24862],[136.37913,35.24739],[136.37862,35.24531],[136.37895,35.2444],[136.37813,35.24372],[136.37734,35.24341],[136.37756,35.24288],[136.3787,35.24239],[136.37904,35.24138],[136.37974,35.24094],[136.3823,35.24045],[136.38374,35.23953],[136.38461,35.23835],[136.38533,35.237],[136.38569,35.23511],[136.38885,35.23427],[136.39138,35.23438],[136.39205,35.23418],[136.39269,35.23337],[136.39303,35.23238],[136.39365,35.23146],[136.39381,35.23065],[136.39249,35.23001],[136.39281,35.22965],[136.39498,35.22914],[136.3978,35.22811],[136.3987,35.22797],[136.39905,35.22716],[136.39913,35.22606],[136.39959,35.22582],[136.40081,35.22594],[136.40169,35.22506],[136.40335,35.22533],[136.4048,35.22406],[136.40634,35.22408],[136.40694,35.2237],[136.40827,35.22368],[136.41073,35.22148],[136.41073,35.22111],[136.4117,35.22001],[136.41215,35.21909],[136.41217,35.2184],[136.4139,35.21819],[136.41513,35.21774],[136.41511,35.21885],[136.41603,35.22032],[136.41718,35.2203],[136.41829,35.22108],[136.42167,35.22278],[136.42219,35.2234],[136.42327,35.22407],[136.42454,35.22421],[136.42482,35.22513],[136.42565,35.22556],[136.42783,35.22765],[136.42908,35.22827],[136.42946,35.22878],[136.4309,35.2294],[136.43227,35.22897],[136.43334,35.22817],[136.43275,35.22728],[136.43251,35.22625],[136.43298,35.22504],[136.43279,35.22386],[136.43357,35.22321],[136.43448,35.22154],[136.43454,35.22045],[136.43556,35.21966],[136.43719,35.21914],[136.43802,35.21821],[136.43943,35.21773],[136.44072,35.21674],[136.44222,35.21707],[136.44336,35.21793],[136.44357,35.21891],[136.44452,35.21971],[136.44651,35.22007],[136.44733,35.2214],[136.44868,35.22239],[136.44904,35.22305],[136.44983,35.22319],[136.44996,35.22391],[136.4506,35.22413],[136.45164,35.22708],[136.4525,35.22854],[136.45376,35.22956],[136.45512,35.22924],[136.45579,35.23004],[136.45635,35.23134],[136.45827,35.23286],[136.46007,35.23358],[136.46066,35.23416],[136.4613,35.23575],[136.46177,35.23627],[136.46321,35.23575],[136.46351,35.23618],[136.46582,35.23748],[136.46625,35.23805],[136.46693,35.23682],[136.46764,35.23456],[136.46902,35.23337],[136.47049,35.23285],[136.47027,35.23393],[136.47079,35.23425],[136.47113,35.23503],[136.4723,35.23586],[136.47241,35.2367],[136.47297,35.2374],[136.47422,35.23735],[136.47526,35.2369],[136.47604,35.23626],[136.47681,35.23646],[136.47898,35.23541],[136.47978,35.23427],[136.48034,35.23493],[136.48095,35.23493],[136.48151,35.23541],[136.48145,35.23619],[136.4824,35.23636],[136.48316,35.23725],[136.48282,35.23883],[136.48281,35.23976],[136.48363,35.23933],[136.48449,35.23922],[136.48662,35.23829],[136.48688,35.23756],[136.48752,35.23686],[136.48961,35.23552],[136.49039,35.23692],[136.49143,35.2373],[136.49232,35.23726],[136.49435,35.23792],[136.49709,35.23793],[136.49746,35.23693],[136.50074,35.23512],[136.50259,35.23477],[136.50377,35.23533],[136.50499,35.23499],[136.50598,35.23506],[136.50748,35.23587],[136.50802,35.23638],[136.50891,35.2377],[136.51019,35.23801],[136.51082,35.23883],[136.51055,35.2399],[136.51109,35.24051],[136.51155,35.24214],[136.51133,35.24403],[136.51169,35.24553],[136.51326,35.24653],[136.51301,35.24726],[136.51393,35.24865],[136.51325,35.24896],[136.51364,35.25042],[136.51468,35.2508],[136.51496,35.2526],[136.51601,35.25389],[136.51743,35.25455],[136.5191,35.25436],[136.52016,35.25396],[136.5219,35.25483],[136.52318,35.25504],[136.52405,35.25545],[136.5246,35.25603],[136.52625,35.25678],[136.52659,35.25717],[136.52767,35.25753],[136.52731,35.25795],[136.52686,35.25923],[136.527,35.25993],[136.52645,35.26085],[136.52641,35.26147],[136.52536,35.26198],[136.52524,35.26258],[136.52399,35.26308],[136.52249,35.26452],[136.52333,35.26592],[136.52355,35.26703],[136.52409,35.26839],[136.52547,35.26894],[136.52541,35.27016],[136.52429,35.2708],[136.52425,35.27205],[136.52336,35.2731],[136.52298,35.27391],[136.52272,35.27517],[136.52224,35.27572],[136.52223,35.2769],[136.52165,35.27767],[136.52154,35.27879],[136.52203,35.27994],[136.5225,35.28041],[136.52407,35.28087],[136.52498,35.28208],[136.52444,35.28268],[136.52168,35.2842],[136.52089,35.28572],[136.5216,35.28732],[136.52293,35.2882],[136.5231,35.2889],[136.52367,35.28973],[136.52327,35.2901],[136.52036,35.29093],[136.51965,35.29142],[136.51866,35.29289],[136.51892,35.29484],[136.51835,35.29563],[136.51882,35.2964],[136.52033,35.29642],[136.52126,35.29681],[136.52252,35.2969],[136.52277,35.29769],[136.52199,35.29964],[136.52195,35.30009],[136.52249,35.30131],[136.52055,35.30267],[136.52019,35.30339],[136.51866,35.30389],[136.51713,35.30384],[136.51652,35.30349],[136.51542,35.30383],[136.51527,35.30478],[136.51524,35.30855],[136.51609,35.30886],[136.51645,35.30951],[136.51471,35.31012],[136.51376,35.31072],[136.51244,35.3124],[136.51135,35.31302],[136.51063,35.31421],[136.50952,35.31454],[136.50866,35.31634],[136.50772,35.31737],[136.50733,35.31859],[136.50745,35.31964],[136.50804,35.32074],[136.50699,35.32163],[136.51037,35.3244],[136.51031,35.32572],[136.51122,35.32624],[136.51207,35.32723],[136.51292,35.32888],[136.51459,35.33034],[136.51405,35.33184],[136.51423,35.33232],[136.5159,35.33328],[136.5185,35.33329],[136.52095,35.33287],[136.52082,35.33204],[136.52129,35.33136],[136.52272,35.33105],[136.52311,35.33191],[136.52513,35.33091],[136.52881,35.32874],[136.53163,35.32683],[136.53307,35.32546],[136.53537,35.3274],[136.53335,35.32974],[136.53383,35.33037],[136.53618,35.33157],[136.53546,35.33235],[136.53562,35.3331],[136.53448,35.33366],[136.53422,35.33405],[136.53421,35.3357],[136.53321,35.3371],[136.53136,35.3387],[136.52916,35.33893],[136.52819,35.33948],[136.52704,35.34094],[136.52702,35.34176],[136.52757,35.34276],[136.52896,35.34365],[136.52785,35.34545],[136.52714,35.34565],[136.5263,35.34527],[136.52486,35.34538],[136.52347,35.34624],[136.52346,35.34792],[136.52318,35.3483],[136.52177,35.34867],[136.52043,35.34819],[136.5194,35.34833],[136.51838,35.34777],[136.51761,35.34697],[136.51666,35.34687],[136.51473,35.34518],[136.51329,35.34535],[136.51256,35.34606],[136.51064,35.34616],[136.50881,35.3478],[136.50862,35.34832],[136.50782,35.34914],[136.50678,35.34972],[136.50599,35.3509],[136.50584,35.35154],[136.50512,35.35195],[136.5048,35.3528],[136.50397,35.35356],[136.50391,35.35444],[136.50261,35.35498],[136.50167,35.35653],[136.50028,35.35816],[136.50005,35.35911],[136.49797,35.36063],[136.49513,35.35965],[136.49442,35.35904],[136.49282,35.35845],[136.4914,35.35746],[136.49073,35.35753],[136.4895,35.35838],[136.48678,35.35865],[136.48567,35.35848],[136.48511,35.35928],[136.48387,35.35971],[136.48298,35.3594],[136.48242,35.35871],[136.48102,35.3581],[136.48058,35.35644],[136.48015,35.35577],[136.47882,35.35473],[136.47836,35.35371],[136.47698,35.35256],[136.4764,35.35143],[136.4757,35.34861],[136.47451,35.34673],[136.474,35.3452],[136.47401,35.34458],[136.47302,35.34411],[136.47283,35.34352],[136.4721,35.3427],[136.47167,35.34291],[136.46987,35.34294],[136.46821,35.34413],[136.46716,35.34443],[136.46596,35.34377],[136.46512,35.34231],[136.46457,35.34171],[136.4637,35.34026],[136.46269,35.33816],[136.46208,35.33731],[136.46207,35.33639],[136.46099,35.3358],[136.45975,35.33359],[136.45909,35.33273],[136.45853,35.33137],[136.45807,35.33095],[136.45705,35.33078],[136.45627,35.33005],[136.45571,35.32918],[136.45584,35.32881],[136.45526,35.32789],[136.45501,35.32675],[136.45523,35.32544],[136.45604,35.32529],[136.4562,35.32449],[136.4574,35.32415],[136.45747,35.32238],[136.457,35.3217],[136.45684,35.32088],[136.45792,35.31935],[136.45798,35.31846],[136.45849,35.31735],[136.45789,35.3163],[136.45735,35.31588],[136.45747,35.3148],[136.45631,35.31471],[136.4554,35.31382],[136.45433,35.3141],[136.45356,35.31382],[136.4533,35.3131],[136.45145,35.31184],[136.45112,35.31186],[136.44962,35.311],[136.44799,35.31037],[136.4469,35.31052],[136.44506,35.30952],[136.44496,35.30898],[136.44403,35.30826],[136.44132,35.308],[136.44024,35.30714],[136.43881,35.30659],[136.43757,35.30651],[136.43657,35.30666],[136.43542,35.30655],[136.43473,35.30684],[136.43194,35.30736],[136.43105,35.30869],[136.4303,35.30861],[136.42881,35.30727],[136.42738,35.30757],[136.4265,35.30735],[136.42573,35.30674],[136.42603,35.30582],[136.42599,35.30476],[136.42692,35.30373],[136.42783,35.3018],[136.42839,35.30098],[136.42951,35.29994],[136.42955,35.29944],[136.42892,35.29774],[136.42849,35.29732],[136.42738,35.29718],[136.42736,35.29632],[136.42559,35.29364],[136.42583,35.29305],[136.42515,35.29164],[136.42359,35.29052],[136.42228,35.28929],[136.42179,35.28785],[136.42084,35.28782],[136.41993,35.28748],[136.41934,35.28816],[136.41735,35.28943],[136.41717,35.29068],[136.41656,35.29135],[136.41572,35.29159],[136.41353,35.29347],[136.41234,35.294],[136.41163,35.29543],[136.41018,35.29594],[136.40986,35.29696],[136.40847,35.29812],[136.40633,35.29864],[136.4049,35.29937],[136.40418,35.29954],[136.40266,35.30045]]],[[[136.5606,35.34392],[136.5616,35.34376],[136.56414,35.34395],[136.56525,35.34294],[136.5683,35.34336],[136.56867,35.3429],[136.56959,35.34253],[136.56995,35.34274],[136.57153,35.34244],[136.57243,35.3416],[136.57344,35.34204],[136.57436,35.34167],[136.57446,35.34127],[136.57595,35.34148],[136.57789,35.34129],[136.57794,35.34012],[136.5798,35.34023],[136.57968,35.33963],[136.58058,35.33901],[136.5816,35.33937],[136.58144,35.34108],[136.58186,35.34104],[136.58254,35.33922],[136.58266,35.33824],[136.58222,35.33781],[136.58159,35.33653],[136.58173,35.33534],[136.58239,35.33335],[136.58189,35.33276],[136.58222,35.33178],[136.58294,35.33081],[136.58443,35.33055],[136.58393,35.32989],[136.58283,35.32933],[136.58561,35.32842],[136.58718,35.32832],[136.58786,35.3273],[136.58809,35.32836],[136.58858,35.32845],[136.58927,35.32775],[136.58932,35.32715],[136.58869,35.32596],[136.58707,35.32482],[136.58618,35.32355],[136.58571,35.32218],[136.58739,35.32228],[136.59076,35.32042],[136.59272,35.31962],[136.59382,35.31865],[136.59451,35.31695],[136.59508,35.31476],[136.59464,35.31371],[136.5945,35.31162],[136.59469,35.31081],[136.59532,35.30941],[136.59618,35.30881],[136.5969,35.30744],[136.59656,35.30711],[136.59534,35.30732],[136.59401,35.30686],[136.59385,35.30654],[136.59403,35.3047],[136.59443,35.30353],[136.59606,35.3017],[136.59694,35.30108],[136.60113,35.29982],[136.60242,35.29989],[136.60557,35.29826],[136.60803,35.29688],[136.60765,35.29639],[136.60863,35.29555],[136.61009,35.29397],[136.61065,35.29431],[136.61235,35.29454],[136.61394,35.29442],[136.61529,35.29501],[136.61644,35.29601],[136.61844,35.30135],[136.61901,35.30155],[136.61953,35.30224],[136.62028,35.3027],[136.62304,35.30342],[136.62523,35.30375],[136.62682,35.30501],[136.63193,35.30884],[136.63473,35.31107],[136.63597,35.31172],[136.63927,35.31271],[136.64032,35.31454],[136.64075,35.31442],[136.6413,35.31541],[136.64145,35.31694],[136.63999,35.31867],[136.6392,35.32213],[136.63875,35.32476],[136.63794,35.32825],[136.63788,35.33086],[136.63817,35.33322],[136.6385,35.33397],[136.63981,35.33545],[136.6408,35.33626],[136.64404,35.33858],[136.65223,35.33903],[136.65272,35.33897],[136.65372,35.33791],[136.65459,35.33813],[136.65563,35.33913],[136.65674,35.34069],[136.65498,35.34222],[136.6553,35.34251],[136.65369,35.34393],[136.65566,35.34581],[136.65629,35.34673],[136.65721,35.34867],[136.6576,35.34978],[136.65793,35.35149],[136.65806,35.3553],[136.65812,35.36067],[136.6574,35.36709],[136.65723,35.36975],[136.6572,35.374],[136.65701,35.37535],[136.65649,35.37692],[136.6553,35.37886],[136.65271,35.38132],[136.65068,35.38269],[136.6489,35.38419],[136.64776,35.38532],[136.6464,35.38629],[136.6444,35.38729],[136.64293,35.38759],[136.64118,35.38761],[136.64095,35.38712],[136.63942,35.3872],[136.63805,35.38782],[136.63526,35.38775],[136.63376,35.38786],[136.63324,35.38807],[136.63158,35.38975],[136.63089,35.38999],[136.62953,35.38871],[136.62872,35.38822],[136.62733,35.38839],[136.62606,35.38946],[136.62505,35.39159],[136.62409,35.3929],[136.62207,35.39264],[136.6216,35.39298],[136.62197,35.39459],[136.62198,35.39937],[136.62155,35.40109],[136.62314,35.40137],[136.62407,35.40192],[136.62369,35.40311],[136.62281,35.40385],[136.62136,35.40359],[136.62072,35.40399],[136.61971,35.40417],[136.61858,35.40473],[136.61652,35.40437],[136.61512,35.40472],[136.61076,35.4046],[136.61074,35.40321],[136.61094,35.40136],[136.60969,35.40128],[136.60991,35.39857],[136.60849,35.39848],[136.6087,35.39667],[136.60752,35.39659],[136.60792,35.39277],[136.60843,35.39279],[136.60849,35.39183],[136.60619,35.3917],[136.60612,35.39268],[136.60396,35.39277],[136.60395,35.3932],[136.60013,35.39322],[136.59999,35.39511],[136.60011,35.3958],[136.6,35.39789],[136.5962,35.39815],[136.59617,35.39764],[136.59461,35.3977],[136.59465,35.39825],[136.59368,35.39831],[136.59374,35.39963],[136.593,35.40045],[136.59306,35.40115],[136.59211,35.40126],[136.59149,35.40182],[136.59155,35.40265],[136.59023,35.40273],[136.59087,35.40411],[136.59046,35.40467],[136.58876,35.40475],[136.58884,35.40542],[136.58712,35.40551],[136.5871,35.406],[136.58427,35.40612],[136.58517,35.40698],[136.58501,35.40816],[136.58289,35.40735],[136.58232,35.40826],[136.58133,35.40786],[136.58102,35.40859],[136.58012,35.40871],[136.57823,35.40857],[136.57699,35.40797],[136.57599,35.4068],[136.57609,35.4051],[136.57567,35.40441],[136.57401,35.40482],[136.57188,35.40591],[136.57042,35.40723],[136.56754,35.40822],[136.56602,35.40944],[136.56449,35.40985],[136.5638,35.40987],[136.56271,35.41087],[136.56148,35.41017],[136.56088,35.40956],[136.55878,35.40985],[136.55825,35.40968],[136.55602,35.41064],[136.55532,35.41019],[136.55447,35.40906],[136.55311,35.40848],[136.55186,35.40824],[136.54942,35.40744],[136.54854,35.40738],[136.54817,35.40676],[136.5482,35.40585],[136.54762,35.40451],[136.54694,35.40402],[136.54668,35.40324],[136.54567,35.40279],[136.54584,35.40124],[136.54709,35.39933],[136.54795,35.39922],[136.54868,35.39871],[136.55023,35.39823],[136.55275,35.3982],[136.55355,35.39835],[136.55503,35.39785],[136.55416,35.39731],[136.55376,35.3977],[136.55307,35.39716],[136.5518,35.39691],[136.55077,35.39534],[136.54982,35.39415],[136.54941,35.39303],[136.54853,35.39306],[136.54779,35.39266],[136.54714,35.39277],[136.54718,35.39344],[136.54918,35.39678],[136.54893,35.39697],[136.54667,35.39736],[136.54639,35.39797],[136.54473,35.39825],[136.54171,35.39837],[136.54119,35.39815],[136.54079,35.39684],[136.54097,35.39613],[136.54176,35.39501],[136.54161,35.39428],[136.54268,35.39408],[136.54381,35.39342],[136.5444,35.3928],[136.54512,35.39302],[136.54596,35.3924],[136.54622,35.39147],[136.54541,35.39078],[136.54543,35.38997],[136.5469,35.38828],[136.54788,35.38822],[136.54837,35.38726],[136.54835,35.38508],[136.54816,35.38156],[136.54646,35.38159],[136.54647,35.38094],[136.54774,35.38091],[136.54771,35.38011],[136.54728,35.37954],[136.54616,35.37952],[136.54591,35.3791],[136.54448,35.37827],[136.54278,35.37773],[136.54358,35.3772],[136.54589,35.3779],[136.54948,35.37464],[136.55112,35.37426],[136.55277,35.37419],[136.55448,35.37334],[136.55593,35.37322],[136.55663,35.3717],[136.55763,35.3707],[136.55896,35.37036],[136.55992,35.37049],[136.56068,35.37021],[136.56119,35.36724],[136.56097,35.36643],[136.56127,35.36411],[136.5618,35.36161],[136.56169,35.36088],[136.56207,35.35896],[136.56161,35.35872],[136.55911,35.3587],[136.55821,35.3585],[136.55812,35.35812],[136.5585,35.3567],[136.55756,35.35602],[136.55733,35.35502],[136.55752,35.35421],[136.55732,35.35358],[136.55677,35.35333],[136.55648,35.35225],[136.55688,35.35155],[136.55727,35.3502],[136.55807,35.35005],[136.55821,35.34754],[136.55982,35.34855],[136.56076,35.34866],[136.56099,35.34784],[136.56217,35.34785],[136.56178,35.34671],[136.56038,35.34521],[136.5606,35.34392]]],[[[136.69058,35.36679],[136.68775,35.36774],[136.6873,35.36683],[136.68433,35.36717],[136.68394,35.3676],[136.68257,35.36997],[136.68128,35.37123],[136.68051,35.3697],[136.67995,35.37048],[136.67813,35.37077],[136.67792,35.36722],[136.6768,35.36689],[136.67285,35.36718],[136.67326,35.36653],[136.67314,35.36551],[136.67437,35.36564],[136.67488,35.36442],[136.6753,35.36437],[136.67629,35.36341],[136.67602,35.36128],[136.6749,35.36139],[136.67435,35.36118],[136.67412,35.36026],[136.67338,35.35878],[136.67348,35.35794],[136.67398,35.35718],[136.67333,35.3558],[136.67363,35.35557],[136.67327,35.35435],[136.67512,35.35392],[136.67484,35.35289],[136.67303,35.35137],[136.67327,35.35098],[136.67304,35.34898],[136.67236,35.34804],[136.67221,35.34728],[136.67331,35.34704],[136.6741,35.34734],[136.67512,35.34738],[136.67586,35.34775],[136.67693,35.34756],[136.67794,35.34698],[136.67987,35.34677],[136.67976,35.34587],[136.67907,35.34529],[136.68025,35.34489],[136.68094,35.34443],[136.68277,35.34422],[136.68454,35.34431],[136.68868,35.34583],[136.68842,35.35234],[136.68833,35.3549],[136.68836,35.35817],[136.68849,35.3606],[136.68902,35.36315],[136.68954,35.36471],[136.69058,35.36679]]]]}},
  {"type":"Feature","properties":{"name":"高山市","code":"21203"},"geometry":{"type":"MultiPolygon","coordinates":[[[[136.76426,36.06768],[136.76477,36.06658],[136.76507,36.06403],[136.76496,36.0628],[136.76533,36.06199],[136.7671,36.06056],[136.76778,36.05901],[136.76806,36.05787],[136.76872,36.05729],[136.77044,36.05743],[136.77213,36.05684],[136.77256,36.0562],[136.77392,36.05533],[136.77524,36.05383],[136.776,36.05368],[136.77719,36.05268],[136.77847,36.05401],[136.78006,36.05456],[136.78128,36.05449],[136.78193,36.05418],[136.78325,36.05278],[136.78407,36.05266],[136.78555,36.05295],[136.78722,36.05189],[136.7878,36.05176],[136.79011,36.05182],[136.79273,36.05211],[136.7951,36.05152],[136.79631,36.05068],[136.79715,36.04933],[136.79793,36.04861],[136.79849,36.04724],[136.79959,36.04596],[136.80036,36.04432],[136.80185,36.04299],[136.80089,36.04165],[136.79918,36.04076],[136.79863,36.03988],[136.79895,36.03748],[136.79853,36.03533],[136.79891,36.03409],[136.79893,36.03333],[136.79762,36.0326],[136.79707,36.03192],[136.79736,36.03139],[136.7994,36.03114],[136.8027,36.03143],[136.80335,36.03119],[136.80622,36.0291],[136.80747,36.02768],[136.80821,36.02562],[136.80822,36.02407],[136.80993,36.02242],[136.81032,36.02158],[136.81053,36.01859],[136.81129,36.01787],[136.81187,36.01677],[136.81228,36.01483],[136.815,36.01197],[136.81545,36.01168],[136.81818,36.01075],[136.81954,36.0107],[136.82106,36.01126],[136.82202,36.01027],[136.82379,36.00993],[136.82545,36.01124],[136.82886,36.01169],[136.82961,36.01146],[136.83024,36.01043],[136.83112,36.00947],[136.83216,36.00903],[136.83295,36.00813],[136.83468,36.00791],[136.83538,36.00614],[136.83628,36.00488],[136.83654,36.0041],[136.83716,36.00348],[136.83723,36.00261],[136.8378,36.00144],[136.83985,36.00313],[136.84129,36.00445],[136.84242,36.00526],[136.84406,36.00677],[136.8454,36.00845],[136.84756,36.00859],[136.84829,36.00877],[136.85322,36.00947],[136.85436,36.00977],[136.85644,36.01076],[136.85796,36.01182],[136.85887,36.01224],[136.86152,36.01296],[136.86436,36.01461],[136.86538,36.01447],[136.86858,36.01491],[136.87036,36.01591],[136.87203,36.0161],[136.87461,36.01573],[136.87524,36.01677],[136.87662,36.0174],[136.87781,36.01747],[136.8792,36.01815],[136.88148,36.01813],[136.88209,36.0184],[136.88183,36.01943],[136.88212,36.0209],[136.8829,36.02134],[136.88432,36.02178],[136.88597,36.02136],[136.88685,36.02159],[136.88798,36.02263],[136.89013,36.02325],[136.89169,36.02436],[136.89226,36.02689],[136.89312,36.02689],[136.89361,36.02733],[136.89466,36.02772],[136.89591,36.02775],[136.89688,36.02721],[136.89677,36.02646],[136.89875,36.02663],[136.89971,36.02564],[136.89996,36.02479],[136.90146,36.02455],[136.90307,36.02338],[136.90253,36.02074],[136.90357,36.01969],[136.90386,36.01832],[136.90556,36.01791],[136.90649,36.01798],[136.90734,36.01747],[136.90809,36.01624],[136.9072,36.01517],[136.90684,36.01441],[136.90656,36.01316],[136.90741,36.01345],[136.90802,36.01287],[136.90968,36.01297],[136.91087,36.01369],[136.91221,36.01367],[136.91607,36.01252],[136.92505,36.00883],[136.93082,36.00577],[136.93051,36.00528],[136.93092,36.00448],[136.93083,36.00278],[136.93116,36.00133],[136.93159,35.99834],[136.93208,35.99719],[136.93235,35.99589],[136.93282,35.99548],[136.93511,35.99581],[136.93545,35.99572],[136.93583,35.99463],[136.93595,35.99328],[136.93649,35.99232],[136.93677,35.99012],[136.93725,35.989],[136.93837,35.98926],[136.94043,35.99052],[136.94173,35.9905],[136.94127,35.98922],[136.9414,35.98874],[136.94249,35.98745],[136.94334,35.98564],[136.94449,35.98458],[136.9446,35.98355],[136.94577,35.98383],[136.94696,35.98344],[136.94727,35.98225],[136.94957,35.98039],[136.95135,35.97974],[136.95276,35.9802],[136.95345,35.98065],[136.95454,35.98069],[136.95615,35.97938],[136.9566,35.97853],[136.95752,35.9781],[136.95938,35.97853],[136.95993,35.97683],[136.96059,35.97613],[136.96028,35.97517],[136.96053,35.97309],[136.96096,35.97224],[136.96038,35.97165],[136.96146,35.97009],[136.96249,35.96928],[136.96445,35.96846],[136.96492,35.96801],[136.96536,35.96625],[136.96484,35.96508],[136.96499,35.96388],[136.96541,35.96319],[136.96556,35.96192],[136.96608,35.96096],[136.96697,35.96067],[136.96747,35.96001],[136.96757,35.95912],[136.96836,35.95853],[136.96953,35.95828],[136.97021,35.95712],[136.97143,35.95692],[136.97108,35.95486],[136.97176,35.9531],[136.97128,35.95228],[136.97083,35.95074],[136.96961,35.95046],[136.96847,35.94871],[136.96899,35.94777],[136.96904,35.94705],[136.96951,35.94645],[136.97032,35.94397],[136.97084,35.94336],[136.97088,35.94228],[136.97158,35.94037],[136.97198,35.93989],[136.97209,35.93894],[136.9725,35.9379],[136.97231,35.93715],[136.97249,35.93597],[136.97216,35.9354],[136.97169,35.93354],[136.97272,35.93255],[136.97278,35.93183],[136.97344,35.93077],[136.97363,35.93004],[136.97321,35.92882],[136.97332,35.92763],[136.9731,35.9264],[136.97232,35.92555],[136.97198,35.92465],[136.97292,35.92384],[136.97515,35.92269],[136.97573,35.92158],[136.97677,35.92054],[136.97767,35.9192],[136.98151,35.91903],[136.98236,35.91784],[136.98291,35.91753],[136.98397,35.91779],[136.98428,35.91885],[136.98669,35.92066],[136.98748,35.92109],[136.98765,35.92231],[136.98812,35.92302],[136.98897,35.92577],[136.98994,35.92637],[136.99196,35.92819],[136.99353,35.92791],[136.99503,35.92871],[136.99616,35.92865],[136.99743,35.92913],[136.99808,35.92879],[136.9993,35.9307],[136.99891,35.93193],[136.99893,35.93292],[136.99753,35.93453],[136.99766,35.93508],[136.99729,35.93609],[136.99748,35.93799],[136.99778,35.93927],[136.99871,35.93965],[136.99933,35.9402],[137.00114,35.94232],[137.00166,35.94263],[137.00221,35.94347],[137.00295,35.94394],[137.00436,35.94593],[137.00523,35.94748],[137.00833,35.9511],[137.01011,35.95164],[137.01129,35.95177],[137.01416,35.95136],[137.01544,35.95215],[137.01667,35.9526],[137.01687,35.95352],[137.01641,35.9541],[137.01776,35.95561],[137.01856,35.95728],[137.01878,35.95879],[137.0194,35.95944],[137.02013,35.95951],[137.02106,35.96037],[137.02402,35.96065],[137.02516,35.95988],[137.02632,35.95949],[137.02757,35.95871],[137.02758,35.95803],[137.02843,35.95765],[137.03008,35.95788],[137.03212,35.95687],[137.03363,35.95677],[137.03505,35.95624],[137.0367,35.95658],[137.03808,35.95559],[137.03827,35.95507],[137.03787,35.95414],[137.03952,35.95372],[137.03996,35.95422],[137.04108,35.95459],[137.04254,35.95441],[137.04324,35.95462],[137.04365,35.9553],[137.04486,35.95588],[137.04583,35.9573],[137.04657,35.95759],[137.04718,35.95825],[137.04729,35.95901],[137.04853,35.96047],[137.04959,35.96053],[137.05111,35.95906],[137.05235,35.95853],[137.05256,35.95802],[137.05381,35.95743],[137.05463,35.95682],[137.0551,35.95384],[137.05618,35.95261],[137.0563,35.95077],[137.05728,35.95],[137.05783,35.94871],[137.05789,35.948],[137.06009,35.94635],[137.06044,35.94548],[137.06089,35.94523],[137.06179,35.94551],[137.06302,35.9445],[137.06267,35.94303],[137.06394,35.94324],[137.06502,35.94303],[137.06697,35.94213],[137.06713,35.94066],[137.06833,35.94033],[137.06908,35.93915],[137.0687,35.93788],[137.06804,35.93708],[137.06716,35.93663],[137.06746,35.93537],[137.06725,35.93475],[137.06536,35.93416],[137.06522,35.93299],[137.06582,35.93172],[137.06699,35.93118],[137.06724,35.92993],[137.06681,35.9286],[137.06881,35.92674],[137.06901,35.92624],[137.06853,35.92543],[137.06811,35.92412],[137.06885,35.92212],[137.06832,35.92135],[137.06854,35.92025],[137.07001,35.91944],[137.06959,35.91734],[137.07122,35.91555],[137.07126,35.91502],[137.07205,35.91356],[137.07325,35.91255],[137.07393,35.91242],[137.07441,35.91189],[137.07518,35.91174],[137.07623,35.9125],[137.07659,35.91316],[137.07727,35.91324],[137.07782,35.91261],[137.07903,35.91259],[137.07951,35.91123],[137.08039,35.91044],[137.08138,35.90874],[137.08395,35.9077],[137.08417,35.90678],[137.08355,35.90601],[137.08371,35.90518],[137.08334,35.9044],[137.08361,35.90308],[137.08426,35.90095],[137.08458,35.90041],[137.08461,35.89903],[137.08418,35.89823],[137.08461,35.89751],[137.08607,35.8978],[137.08658,35.8985],[137.08788,35.89875],[137.08846,35.89841],[137.09026,35.89838],[137.09068,35.89918],[137.09139,35.89949],[137.09188,35.90048],[137.09206,35.90191],[137.09258,35.90283],[137.09288,35.90411],[137.09223,35.90478],[137.09231,35.90556],[137.09318,35.90579],[137.09315,35.90647],[137.09348,35.90736],[137.09339,35.9082],[137.09364,35.90932],[137.09303,35.91002],[137.09262,35.91146],[137.09303,35.91327],[137.09167,35.91492],[137.09036,35.91588],[137.09019,35.91747],[137.08992,35.91821],[137.09104,35.91981],[137.09064,35.92087],[137.09247,35.92221],[137.09316,35.92341],[137.09326,35.92487],[137.09277,35.92541],[137.09267,35.92606],[137.09388,35.92747],[137.09359,35.92799],[137.09542,35.92883],[137.09746,35.92839],[137.09873,35.92733],[137.10019,35.9272],[137.10054,35.92646],[137.10245,35.92563],[137.10357,35.92551],[137.10496,35.92647],[137.10536,35.92701],[137.10656,35.92705],[137.10693,35.92757],[137.10687,35.92825],[137.10766,35.9292],[137.10832,35.92931],[137.10844,35.9299],[137.10986,35.93169],[137.1105,35.93169],[137.11137,35.93126],[137.11227,35.93141],[137.1132,35.93433],[137.11473,35.93493],[137.11541,35.93593],[137.11536,35.93641],[137.11594,35.93713],[137.11573,35.93849],[137.11761,35.9399],[137.11745,35.9407],[137.11801,35.94198],[137.11892,35.94298],[137.11926,35.94516],[137.12019,35.9455],[137.12092,35.94613],[137.12133,35.94848],[137.12096,35.94954],[137.11968,35.95066],[137.11833,35.9501],[137.11748,35.95032],[137.1166,35.95088],[137.11507,35.95137],[137.11395,35.95194],[137.11309,35.95283],[137.11187,35.95346],[137.11049,35.95479],[137.10968,35.95512],[137.10741,35.9557],[137.10639,35.95625],[137.10587,35.95696],[137.10538,35.95882],[137.10661,35.95969],[137.10738,35.96164],[137.10791,35.96363],[137.1088,35.96502],[137.10895,35.9661],[137.11082,35.96754],[137.11161,35.96873],[137.11239,35.96944],[137.11284,35.97028],[137.11454,35.97163],[137.11627,35.97213],[137.11675,35.97259],[137.11639,35.97327],[137.11685,35.97373],[137.11709,35.97508],[137.11669,35.97598],[137.11657,35.97736],[137.11724,35.9785],[137.1179,35.97877],[137.11835,35.9803],[137.11982,35.98107],[137.11984,35.98293],[137.12068,35.98426],[137.12073,35.98546],[137.12114,35.98588],[137.1219,35.98589],[137.12301,35.98675],[137.12328,35.98735],[137.12557,35.98816],[137.12666,35.99003],[137.12655,35.99063],[137.12698,35.9923],[137.12864,35.99478],[137.1296,35.99536],[137.1306,35.99638],[137.13119,35.99648],[137.13322,35.99631],[137.13497,35.99686],[137.13563,35.99747],[137.13656,35.99765],[137.13774,35.99885],[137.1381,36.00052],[137.13838,36.0008],[137.14057,36.00183],[137.14267,36.00215],[137.14402,36.00281],[137.14503,36.00278],[137.14744,36.00376],[137.14831,36.00442],[137.14794,36.00621],[137.15029,36.00904],[137.14999,36.00987],[137.15088,36.01052],[137.1512,36.01117],[137.1521,36.01153],[137.15259,36.01216],[137.1529,36.01339],[137.15284,36.0145],[137.15311,36.01557],[137.15397,36.01614],[137.15564,36.01636],[137.15701,36.01813],[137.1577,36.01999],[137.15917,36.0212],[137.16175,36.02195],[137.16306,36.02217],[137.16348,36.02419],[137.16415,36.02465],[137.16495,36.02464],[137.16664,36.02623],[137.16693,36.02689],[137.16917,36.02787],[137.16994,36.02845],[137.17022,36.02928],[137.17247,36.02831],[137.17458,36.02879],[137.17523,36.02942],[137.1761,36.03117],[137.17696,36.03219],[137.17785,36.03275],[137.17868,36.03259],[137.17946,36.03341],[137.17957,36.03409],[137.18032,36.03484],[137.18188,36.03564],[137.18282,36.03586],[137.18449,36.03706],[137.18685,36.03716],[137.18776,36.03635],[137.18901,36.03578],[137.19091,36.03604],[137.19187,36.03539],[137.19321,36.03612],[137.19512,36.03675],[137.19633,36.0376],[137.19671,36.03702],[137.19756,36.03389],[137.19751,36.03328],[137.19788,36.03229],[137.19898,36.03059],[137.20027,36.0302],[137.20108,36.0291],[137.20281,36.0293],[137.20427,36.03],[137.20506,36.02896],[137.20495,36.02838],[137.2057,36.0276],[137.20631,36.02747],[137.20748,36.02673],[137.20808,36.02607],[137.20908,36.02586],[137.21172,36.0266],[137.21376,36.02739],[137.21784,36.02463],[137.21882,36.02443],[137.21983,36.0246],[137.22131,36.02455],[137.22301,36.02424],[137.22506,36.02362],[137.22628,36.02273],[137.22846,36.02166],[137.22913,36.0212],[137.23025,36.02119],[137.23355,36.02168],[137.23422,36.02099],[137.23439,36.01923],[137.23372,36.01822],[137.23482,36.01698],[137.2342,36.01443],[137.23463,36.01327],[137.23578,36.01224],[137.23616,36.01134],[137.23674,36.01087],[137.23726,36.00989],[137.23926,36.00854],[137.23953,36.00755],[137.24111,36.00633],[137.24136,36.00537],[137.24213,36.00443],[137.2419,36.00411],[137.24247,36.00314],[137.24379,36.00247],[137.24523,36.00054],[137.24596,35.99804],[137.24626,35.99746],[137.2478,35.99659],[137.2484,35.99578],[137.24986,35.99595],[137.25085,35.99574],[137.2518,35.9952],[137.2521,35.99438],[137.25305,35.9938],[137.2542,35.99358],[137.25488,35.99276],[137.25571,35.99274],[137.25694,35.99334],[137.25832,35.9934],[137.25914,35.99288],[137.25938,35.99226],[137.2591,35.99134],[137.25945,35.99035],[137.26019,35.98957],[137.26104,35.9874],[137.26204,35.98759],[137.26435,35.98864],[137.26587,35.98981],[137.2684,35.99002],[137.26909,35.98984],[137.27023,35.98894],[137.271,35.98864],[137.27516,35.98789],[137.27559,35.98764],[137.27697,35.98746],[137.2777,35.98709],[137.279,35.98571],[137.27989,35.9863],[137.28024,35.9872],[137.2814,35.98784],[137.28162,35.98875],[137.28239,35.98928],[137.28378,35.98948],[137.28475,35.98884],[137.28597,35.98873],[137.28609,35.98813],[137.28665,35.9877],[137.288,35.98742],[137.2876,35.98625],[137.28831,35.98551],[137.28914,35.98543],[137.29131,35.98553],[137.29187,35.98611],[137.2933,35.98668],[137.29484,35.98644],[137.29581,35.98702],[137.29754,35.98715],[137.29881,35.98813],[137.30007,35.98834],[137.30197,35.98914],[137.30543,35.98896],[137.30673,35.98954],[137.30825,35.99155],[137.31029,35.99228],[137.31332,35.99366],[137.3152,35.99361],[137.31618,35.99384],[137.31771,35.99378],[137.31896,35.99391],[137.32025,35.99369],[137.32154,35.99412],[137.32413,35.99405],[137.32538,35.99465],[137.32747,35.99449],[137.32913,35.99537],[137.3294,35.99628],[137.33001,35.99724],[137.32996,35.9983],[137.33051,35.99943],[137.33111,35.99964],[137.33306,35.99973],[137.33492,35.99959],[137.33619,35.99995],[137.33687,35.99982],[137.3376,36.00058],[137.34011,36.00075],[137.34333,36.00148],[137.34473,36.00203],[137.34594,35.99908],[137.34595,35.9988],[137.34509,35.99661],[137.34412,35.99577],[137.34306,35.99387],[137.34315,35.99305],[137.34281,35.99187],[137.3424,35.99131],[137.34237,35.98979],[137.34348,35.98928],[137.34494,35.98986],[137.3465,35.98969],[137.34721,35.9892],[137.34917,35.98854],[137.34954,35.98733],[137.3505,35.98567],[137.35067,35.9845],[137.35103,35.98417],[137.35236,35.98373],[137.35255,35.98302],[137.35217,35.98256],[137.35232,35.98171],[137.35332,35.98007],[137.35429,35.97883],[137.35457,35.97795],[137.35555,35.97705],[137.35575,35.976],[137.35693,35.97561],[137.3579,35.97492],[137.36006,35.97409],[137.36189,35.97388],[137.36345,35.97329],[137.36463,35.97214],[137.36868,35.97046],[137.36972,35.96952],[137.37026,35.96867],[137.37,35.96795],[137.37039,35.96714],[137.37062,35.96572],[137.36886,35.9644],[137.36829,35.96317],[137.36765,35.96256],[137.36775,35.96212],[137.36896,35.96104],[137.36857,35.95958],[137.36979,35.95789],[137.36759,35.95643],[137.36615,35.95561],[137.36594,35.95492],[137.36599,35.95378],[137.36561,35.95284],[137.36464,35.95141],[137.3646,35.95063],[137.36571,35.94922],[137.36755,35.94723],[137.36763,35.94549],[137.36788,35.94529],[137.36969,35.94554],[137.37039,35.94622],[137.37198,35.9466],[137.3727,35.94646],[137.37458,35.94691],[137.37537,35.94673],[137.37691,35.94763],[137.37845,35.94828],[137.38034,35.94843],[137.38044,35.94895],[137.38149,35.94992],[137.38275,35.95045],[137.38432,35.95077],[137.38518,35.95115],[137.38503,35.95222],[137.38532,35.95309],[137.38617,35.95361],[137.38673,35.95431],[137.38759,35.95474],[137.38955,35.95484],[137.39166,35.95715],[137.392,35.95812],[137.39278,35.95888],[137.39418,35.95952],[137.395,35.96021],[137.39667,35.96022],[137.39755,35.96065],[137.39885,35.96092],[137.40027,35.9619],[137.39999,35.96459],[137.40009,35.96557],[137.40129,35.96634],[137.40152,35.96692],[137.40238,35.96704],[137.40398,35.96778],[137.40463,35.96786],[137.40633,35.96857],[137.40812,35.96791],[137.40884,35.96796],[137.40951,35.96717],[137.41075,35.96689],[137.41171,35.96727],[137.41405,35.96765],[137.41442,35.96849],[137.41582,35.96901],[137.41642,35.97001],[137.41791,35.97132],[137.41969,35.97115],[137.42148,35.97129],[137.42313,35.97091],[137.42347,35.97032],[137.42439,35.97022],[137.42503,35.96952],[137.42532,35.96844],[137.42663,35.96737],[137.42648,35.96674],[137.4255,35.96559],[137.42564,35.96494],[137.42623,35.96475],[137.42877,35.96234],[137.43288,35.96217],[137.43397,35.96152],[137.43628,35.96182],[137.43791,35.96132],[137.43902,35.96055],[137.43969,35.95972],[137.44074,35.9592],[137.44146,35.95752],[137.44221,35.95651],[137.44184,35.95553],[137.44225,35.95463],[137.44332,35.95344],[137.44388,35.95151],[137.44352,35.95105],[137.44485,35.95013],[137.44492,35.94871],[137.44454,35.94805],[137.44464,35.94655],[137.44548,35.94526],[137.44494,35.94353],[137.44413,35.94288],[137.44455,35.94189],[137.44553,35.94091],[137.44638,35.94046],[137.44871,35.93963],[137.45029,35.9389],[137.45081,35.93831],[137.45186,35.93599],[137.45249,35.93491],[137.45384,35.9333],[137.45485,35.93277],[137.45555,35.93156],[137.45805,35.92919],[137.45902,35.92839],[137.46177,35.92761],[137.46252,35.9262],[137.4634,35.92548],[137.46483,35.92514],[137.46584,35.92453],[137.46646,35.92341],[137.46837,35.9223],[137.46942,35.92155],[137.47024,35.92052],[137.47349,35.91772],[137.47441,35.91729],[137.47815,35.91597],[137.48053,35.915],[137.48229,35.91402],[137.48343,35.91379],[137.48421,35.9161],[137.4852,35.91673],[137.48697,35.91749],[137.48933,35.91982],[137.48954,35.92035],[137.49153,35.92308],[137.49242,35.92533],[137.49553,35.9271],[137.49775,35.92882],[137.49818,35.92961],[137.49877,35.93144],[137.50097,35.93549],[137.50188,35.93761],[137.50356,35.93989],[137.50422,35.94034],[137.50557,35.94062],[137.50912,35.94055],[137.51072,35.94112],[137.51278,35.94089],[137.51359,35.94096],[137.51768,35.94012],[137.51888,35.93973],[137.51928,35.9404],[137.52124,35.94136],[137.524,35.94217],[137.52452,35.94246],[137.52421,35.94423],[137.52426,35.94496],[137.52547,35.94777],[137.52624,35.94883],[137.52692,35.9504],[137.52739,35.95194],[137.52917,35.95356],[137.52944,35.95508],[137.531,35.95714],[137.53119,35.95784],[137.53219,35.95975],[137.53256,35.96162],[137.53282,35.96194],[137.53454,35.96292],[137.53624,35.96441],[137.53701,35.96438],[137.5375,35.96503],[137.53875,35.96556],[137.53986,35.96561],[137.54084,35.96659],[137.54173,35.9663],[137.54207,35.96757],[137.54137,35.96851],[137.54137,35.96926],[137.5422,35.97088],[137.54427,35.97238],[137.54421,35.97344],[137.54458,35.97421],[137.54469,35.97632],[137.54499,35.9771],[137.54495,35.97822],[137.54383,35.97952],[137.54306,35.98017],[137.54332,35.98096],[137.54346,35.98287],[137.54479,35.9841],[137.54565,35.98411],[137.54738,35.9854],[137.54902,35.98533],[137.55016,35.98689],[137.55309,35.98735],[137.55473,35.98799],[137.55527,35.98842],[137.55653,35.98863],[137.55834,35.98928],[137.56004,35.9893],[137.56223,35.99008],[137.56298,35.99067],[137.56323,35.99122],[137.56408,35.99178],[137.56494,35.99267],[137.56561,35.9928],[137.56688,35.99389],[137.56834,35.99436],[137.56889,35.99486],[137.56911,35.99569],[137.57055,35.99563],[137.57137,35.99587],[137.57229,35.99569],[137.5747,35.99569],[137.57572,35.99549],[137.57594,35.99716],[137.5767,35.9974],[137.57781,35.99842],[137.57876,35.99895],[137.57897,35.99959],[137.58082,36.00136],[137.58156,36.00161],[137.58241,36.00236],[137.58454,36.00322],[137.58554,36.00433],[137.58721,36.0053],[137.58859,36.00571],[137.58919,36.00623],[137.5903,36.00654],[137.5914,36.0081],[137.59133,36.009],[137.59236,36.01039],[137.59396,36.01185],[137.59478,36.01292],[137.59482,36.01335],[137.59403,36.01402],[137.59449,36.01526],[137.59597,36.01704],[137.59584,36.01921],[137.59703,36.02018],[137.59827,36.02225],[137.59842,36.02351],[137.59949,36.02594],[137.59909,36.02653],[137.59943,36.02761],[137.60022,36.02857],[137.6002,36.02933],[137.59939,36.03159],[137.59921,36.03342],[137.59889,36.03438],[137.59826,36.03752],[137.59837,36.03875],[137.59826,36.04057],[137.59782,36.0417],[137.59786,36.04241],[137.59832,36.04319],[137.6001,36.04487],[137.60075,36.0462],[137.60148,36.04693],[137.60265,36.04701],[137.60386,36.04799],[137.60542,36.04869],[137.60556,36.04924],[137.60525,36.05007],[137.60529,36.05213],[137.60658,36.053],[137.60695,36.0535],[137.60708,36.05438],[137.60697,36.05583],[137.60895,36.0567],[137.61074,36.05773],[137.61227,36.05882],[137.61372,36.05962],[137.61394,36.06111],[137.61478,36.06213],[137.6146,36.06313],[137.61297,36.06445],[137.61091,36.06757],[137.61153,36.0687],[137.61112,36.07014],[137.61153,36.0719],[137.61143,36.07269],[137.61166,36.07344],[137.61276,36.07389],[137.6129,36.07491],[137.61348,36.07546],[137.61395,36.07639],[137.612,36.07787],[137.60964,36.07807],[137.60823,36.07793],[137.60725,36.07729],[137.60539,36.0769],[137.60459,36.07652],[137.60289,36.07623],[137.60148,36.07657],[137.59911,36.07631],[137.59826,36.07585],[137.59681,36.07584],[137.59562,36.0766],[137.59508,36.0784],[137.59505,36.07902],[137.59395,36.07982],[137.59279,36.08094],[137.59159,36.08085],[137.59037,36.08115],[137.5884,36.08208],[137.58642,36.08341],[137.58437,36.08412],[137.58257,36.08543],[137.58165,36.08556],[137.58064,36.08531],[137.57948,36.08547],[137.5786,36.08487],[137.57772,36.08532],[137.57742,36.08595],[137.57659,36.08678],[137.57589,36.08713],[137.57457,36.08724],[137.57343,36.08768],[137.57235,36.08859],[137.57149,36.09115],[137.57027,36.09265],[137.56922,36.09352],[137.56824,36.09469],[137.56789,36.0967],[137.56754,36.09702],[137.56534,36.09721],[137.56384,36.09808],[137.56296,36.09842],[137.56229,36.09917],[137.56173,36.10019],[137.56191,36.1016],[137.56175,36.10206],[137.55775,36.1034],[137.55605,36.10476],[137.5547,36.106],[137.55315,36.10809],[137.55208,36.10916],[137.55086,36.10988],[137.55018,36.1126],[137.55033,36.11321],[137.55119,36.11426],[137.55134,36.11546],[137.55204,36.11671],[137.55367,36.11716],[137.55567,36.11732],[137.55689,36.11783],[137.55745,36.11901],[137.55732,36.11981],[137.5575,36.12061],[137.55692,36.12147],[137.55909,36.12535],[137.55941,36.12632],[137.55959,36.12812],[137.56016,36.12919],[137.56047,36.13047],[137.55942,36.13071],[137.55776,36.13207],[137.55615,36.13445],[137.55512,36.13649],[137.55471,36.13766],[137.55469,36.14001],[137.55489,36.14027],[137.55647,36.14036],[137.55824,36.14158],[137.55975,36.14449],[137.56084,36.1446],[137.56308,36.14516],[137.56402,36.14561],[137.5655,36.14592],[137.56751,36.14724],[137.56804,36.14817],[137.56786,36.14949],[137.56818,36.15142],[137.56789,36.15338],[137.56801,36.15382],[137.569,36.15443],[137.57001,36.15471],[137.57033,36.15548],[137.57223,36.15602],[137.57388,36.15712],[137.5746,36.15802],[137.57559,36.1582],[137.57677,36.15876],[137.57774,36.15952],[137.57988,36.15999],[137.58133,36.1599],[137.58314,36.16017],[137.58418,36.1608],[137.58583,36.16152],[137.58691,36.16173],[137.58857,36.16267],[137.58926,36.16323],[137.59084,36.1638],[137.59122,36.16412],[137.59138,36.16509],[137.59213,36.16641],[137.5919,36.16895],[137.59203,36.16953],[137.5933,36.17022],[137.59506,36.17205],[137.59509,36.17245],[137.59417,36.17297],[137.59395,36.17483],[137.59347,36.17628],[137.59202,36.17704],[137.59126,36.17788],[137.59116,36.17835],[137.59169,36.17941],[137.59172,36.18048],[137.592,36.18111],[137.5918,36.18168],[137.59244,36.18283],[137.59128,36.18367],[137.59103,36.18429],[137.59123,36.18512],[137.59112,36.18627],[137.59207,36.18715],[137.59353,36.18781],[137.59432,36.18917],[137.59475,36.18938],[137.59517,36.19035],[137.59439,36.19199],[137.59206,36.19181],[137.59091,36.19104],[137.58978,36.19173],[137.5871,36.19263],[137.5862,36.19275],[137.58501,36.19343],[137.58446,36.19396],[137.58104,36.19531],[137.58062,36.19562],[137.58002,36.1969],[137.57952,36.19735],[137.57869,36.19739],[137.57867,36.19927],[137.57783,36.20177],[137.5761,36.20331],[137.57512,36.20389],[137.57476,36.20498],[137.5752,36.20576],[137.57469,36.20697],[137.57406,36.20962],[137.57339,36.21045],[137.57352,36.21104],[137.57496,36.21264],[137.57605,36.21433],[137.57581,36.21527],[137.5749,36.21696],[137.5739,36.21797],[137.57298,36.21841],[137.57379,36.2198],[137.5747,36.22024],[137.57574,36.22022],[137.57762,36.21915],[137.57903,36.21955],[137.5818,36.21993],[137.58303,36.2204],[137.5837,36.22132],[137.5837,36.22215],[137.58454,36.22293],[137.58355,36.22476],[137.58361,36.22619],[137.58315,36.22677],[137.58367,36.22721],[137.58468,36.22716],[137.58616,36.22735],[137.58722,36.22691],[137.5879,36.22702],[137.58968,36.2286],[137.58981,36.23138],[137.59074,36.2323],[137.5908,36.23312],[137.59134,36.23435],[137.59284,36.23529],[137.59328,36.23627],[137.59432,36.2363],[137.59503,36.23659],[137.59561,36.23743],[137.59556,36.23912],[137.59533,36.24002],[137.59556,36.24149],[137.59635,36.24298],[137.59733,36.2436],[137.59841,36.2446],[137.60076,36.2459],[137.60161,36.24722],[137.60379,36.24787],[137.60592,36.24879],[137.6063,36.25026],[137.60732,36.25152],[137.60689,36.2524],[137.607,36.25312],[137.60916,36.25463],[137.60991,36.25492],[137.61158,36.25682],[137.61262,36.25741],[137.61271,36.25846],[137.61312,36.25988],[137.61472,36.26293],[137.61474,36.26478],[137.61584,36.2651],[137.61701,36.26476],[137.61825,36.26573],[137.6195,36.26631],[137.62092,36.26668],[137.62104,36.26749],[137.62259,36.26892],[137.62303,36.26983],[137.62379,36.27042],[137.62471,36.27065],[137.62547,36.27116],[137.62635,36.2722],[137.62664,36.27437],[137.62711,36.27504],[137.62703,36.27564],[137.6274,36.27627],[137.6283,36.27684],[137.6288,36.27837],[137.62952,36.27894],[137.63086,36.27924],[137.63167,36.28],[137.633,36.2809],[137.63526,36.28207],[137.63637,36.28314],[137.63758,36.28359],[137.63762,36.28424],[137.63869,36.285],[137.64062,36.28539],[137.64136,36.28572],[137.6436,36.28748],[137.64517,36.28783],[137.64782,36.28905],[137.64767,36.28991],[137.64814,36.29053],[137.64822,36.29229],[137.64788,36.29301],[137.64795,36.29446],[137.64686,36.29645],[137.64817,36.29834],[137.64823,36.29916],[137.64867,36.30006],[137.65003,36.30111],[137.65142,36.30186],[137.65199,36.30242],[137.65233,36.30355],[137.65306,36.30467],[137.65225,36.30566],[137.65097,36.30623],[137.65052,36.30711],[137.6489,36.30891],[137.64965,36.31124],[137.6492,36.3124],[137.64984,36.31475],[137.64974,36.31554],[137.65144,36.31709],[137.65085,36.31909],[137.65075,36.321],[137.6518,36.32136],[137.65242,36.32182],[137.65219,36.32277],[137.65117,36.32367],[137.6513,36.32465],[137.65067,36.3274],[137.64879,36.32879],[137.64851,36.32971],[137.64696,36.3299],[137.64637,36.33023],[137.64647,36.33215],[137.64638,36.33355],[137.64584,36.33472],[137.64606,36.33584],[137.64603,36.33696],[137.6457,36.33929],[137.64596,36.34038],[137.64542,36.34172],[137.64384,36.34188],[137.64122,36.34175],[137.63889,36.34217],[137.637,36.34218],[137.63547,36.34255],[137.63451,36.34497],[137.63304,36.34534],[137.63159,36.3466],[137.63014,36.34863],[137.62834,36.34978],[137.6278,36.35203],[137.62645,36.35301],[137.6256,36.35336],[137.62445,36.35475],[137.62398,36.35558],[137.62401,36.35613],[137.62287,36.35797],[137.6226,36.35871],[137.62264,36.35954],[137.62104,36.36114],[137.61984,36.3626],[137.61917,36.36421],[137.618,36.36513],[137.61655,36.3658],[137.61479,36.36601],[137.61406,36.36655],[137.61296,36.36683],[137.61168,36.36683],[137.6089,36.36662],[137.60771,36.36682],[137.60713,36.36733],[137.60533,36.3681],[137.60411,36.36812],[137.60344,36.36911],[137.6022,36.36963],[137.60118,36.3697],[137.59994,36.37022],[137.59689,36.37036],[137.59518,36.36895],[137.59373,36.36884],[137.59088,36.37028],[137.58989,36.37048],[137.58931,36.37098],[137.58709,36.37196],[137.58753,36.37309],[137.58715,36.37374],[137.58612,36.37628],[137.58616,36.37736],[137.58647,36.37902],[137.58726,36.38036],[137.5875,36.38129],[137.5875,36.38244],[137.58671,36.38312],[137.58657,36.3837],[137.58717,36.38629],[137.58674,36.38703],[137.58666,36.38802],[137.58716,36.38959],[137.58639,36.38992],[137.58577,36.38977],[137.58461,36.39056],[137.58372,36.3906],[137.58229,36.39099],[137.58083,36.39116],[137.57993,36.39156],[137.57766,36.39295],[137.57674,36.39298],[137.5743,36.39252],[137.57354,36.39253],[137.57291,36.39196],[137.57131,36.38911],[137.57095,36.38903],[137.56826,36.38943],[137.56636,36.38882],[137.56291,36.38798],[137.56128,36.38815],[137.55951,36.38745],[137.55801,36.38804],[137.55555,36.38834],[137.55345,36.38877],[137.54868,36.39032],[137.54714,36.39024],[137.54579,36.38988],[137.54395,36.39044],[137.54314,36.39093],[137.5409,36.39144],[137.53997,36.3927],[137.53824,36.39173],[137.53627,36.38965],[137.53454,36.38849],[137.5335,36.3881],[137.53218,36.38714],[137.53149,36.38624],[137.5286,36.38557],[137.52752,36.38452],[137.52591,36.38393],[137.52477,36.38277],[137.52311,36.3818],[137.52211,36.38189],[137.52094,36.38114],[137.51996,36.38107],[137.51856,36.38134],[137.51629,36.38127],[137.51461,36.38201],[137.51291,36.38256],[137.51051,36.38305],[137.50965,36.38305],[137.50531,36.3826],[137.50374,36.38272],[137.50293,36.38306],[137.5012,36.38278],[137.49986,36.38285],[137.49885,36.3826],[137.49777,36.38268],[137.4972,36.38225],[137.49696,36.38128],[137.49429,36.37973],[137.49433,36.37867],[137.49352,36.37731],[137.49153,36.37474],[137.48921,36.3731],[137.48821,36.37292],[137.48761,36.37216],[137.48658,36.37234],[137.4854,36.3721],[137.48411,36.3711],[137.48273,36.37113],[137.48085,36.37142],[137.48032,36.3719],[137.47951,36.37197],[137.4782,36.37157],[137.47634,36.37239],[137.47576,36.37294],[137.47605,36.3742],[137.47515,36.375],[137.47369,36.37585],[137.47287,36.37591],[137.47092,36.37512],[137.47012,36.37437],[137.46477,36.37341],[137.45804,36.37203],[137.4542,36.37128],[137.45276,36.37183],[137.45087,36.37163],[137.44899,36.37091],[137.44784,36.37018],[137.44666,36.36818],[137.44598,36.36772],[137.44366,36.36714],[137.44319,36.36816],[137.44325,36.36871],[137.44298,36.37083],[137.44101,36.37118],[137.43855,36.37217],[137.43614,36.37236],[137.43356,36.37216],[137.43283,36.37234],[137.43203,36.37342],[137.43109,36.37286],[137.42926,36.37255],[137.4289,36.37142],[137.42791,36.37024],[137.4253,36.36968],[137.42394,36.36979],[137.42243,36.37031],[137.42214,36.3701],[137.42202,36.36874],[137.42105,36.36799],[137.42029,36.36688],[137.41913,36.36436],[137.41837,36.36332],[137.41804,36.36225],[137.41753,36.36143],[137.41612,36.3609],[137.41402,36.36059],[137.41352,36.36013],[137.41313,36.35912],[137.4133,36.35877],[137.41457,36.35864],[137.41497,36.35796],[137.41563,36.35544],[137.41625,36.35447],[137.41764,36.3534],[137.41768,36.35249],[137.41838,36.35139],[137.41809,36.35094],[137.41518,36.34981],[137.41364,36.34905],[137.41094,36.34717],[137.40824,36.34572],[137.40696,36.34556],[137.40524,36.34475],[137.40465,36.3441],[137.40373,36.34356],[137.40216,36.34337],[137.40104,36.34366],[137.40038,36.34282],[137.39951,36.34333],[137.39871,36.34312],[137.39682,36.3437],[137.39639,36.34345],[137.3952,36.34206],[137.39379,36.34194],[137.39309,36.34226],[137.39256,36.34326],[137.39183,36.34364],[137.39086,36.34379],[137.38892,36.34375],[137.38763,36.34311],[137.38637,36.34347],[137.38525,36.34331],[137.3839,36.34354],[137.38288,36.34427],[137.37968,36.34392],[137.37849,36.34428],[137.3779,36.34473],[137.37694,36.34455],[137.37498,36.34565],[137.37463,36.34655],[137.37337,36.34666],[137.37252,36.34716],[137.37171,36.34864],[137.37018,36.34884],[137.36975,36.3497],[137.36832,36.34961],[137.36716,36.3499],[137.36475,36.35091],[137.3636,36.35086],[137.36232,36.35011],[137.36205,36.34898],[137.36071,36.3475],[137.35878,36.34591],[137.35852,36.34477],[137.35884,36.34326],[137.3592,36.34279],[137.36053,36.3419],[137.36137,36.33997],[137.36086,36.33808],[137.36049,36.33761],[137.3608,36.33696],[137.36304,36.335],[137.36341,36.33343],[137.36282,36.33292],[137.36276,36.33183],[137.36235,36.33082],[137.36126,36.32991],[137.36035,36.32876],[137.36207,36.32745],[137.36363,36.32671],[137.36547,36.32519],[137.36572,36.32454],[137.36721,36.32316],[137.36786,36.32194],[137.3686,36.32109],[137.36904,36.32015],[137.36994,36.31897],[137.36932,36.31785],[137.3674,36.31579],[137.36683,36.31574],[137.36625,36.31494],[137.3657,36.31264],[137.36583,36.31225],[137.36775,36.31148],[137.36952,36.31046],[137.3699,36.31001],[137.37023,36.30853],[137.37112,36.30751],[137.37137,36.30671],[137.37053,36.30571],[137.36989,36.3054],[137.36871,36.30431],[137.36706,36.30361],[137.36644,36.30307],[137.36537,36.30294],[137.36594,36.30042],[137.36527,36.29938],[137.36482,36.29803],[137.36399,36.29654],[137.36121,36.29631],[137.3574,36.29631],[137.35571,36.29644],[137.35421,36.29672],[137.34915,36.29787],[137.34633,36.29883],[137.3447,36.29967],[137.34284,36.29962],[137.33979,36.29975],[137.33855,36.29991],[137.33659,36.29984],[137.33589,36.29947],[137.33557,36.29805],[137.3343,36.29527],[137.33172,36.29422],[137.33108,36.29355],[137.33065,36.29239],[137.33025,36.29195],[137.33021,36.29064],[137.32908,36.28898],[137.32931,36.28811],[137.33006,36.28763],[137.32985,36.28688],[137.32754,36.28643],[137.32483,36.28725],[137.32366,36.28715],[137.32228,36.28678],[137.32135,36.28679],[137.31954,36.28745],[137.31906,36.28799],[137.31833,36.28815],[137.31672,36.289],[137.31621,36.28897],[137.31525,36.28824],[137.31361,36.288],[137.31217,36.28872],[137.31156,36.28829],[137.31059,36.28808],[137.30888,36.28732],[137.30682,36.28657],[137.30544,36.28629],[137.30372,36.28657],[137.30271,36.28601],[137.30107,36.28653],[137.29994,36.28664],[137.29882,36.28631],[137.29816,36.28652],[137.29743,36.28628],[137.29568,36.28661],[137.29491,36.28715],[137.29398,36.28726],[137.29168,36.2878],[137.29064,36.28776],[137.28974,36.28712],[137.28866,36.28742],[137.28487,36.28737],[137.28454,36.28669],[137.2828,36.28638],[137.28207,36.28658],[137.28108,36.28638],[137.27686,36.2864],[137.27604,36.28624],[137.27546,36.28561],[137.27468,36.28274],[137.27426,36.28216],[137.27331,36.28163],[137.272,36.28049],[137.27194,36.28004],[137.27069,36.2783],[137.26937,36.27753],[137.26908,36.27692],[137.26907,36.27584],[137.26853,36.27422],[137.26763,36.27278],[137.2663,36.27216],[137.26562,36.27101],[137.26461,36.27041],[137.26472,36.26922],[137.26287,36.26803],[137.26195,36.26785],[137.26096,36.26823],[137.25964,36.26824],[137.25931,36.26729],[137.25724,36.26618],[137.25688,36.26555],[137.25505,36.2652],[137.25357,36.26584],[137.25269,36.26552],[137.25261,36.26489],[137.25195,36.26425],[137.25025,36.26391],[137.24916,36.26304],[137.24797,36.26317],[137.24639,36.26246],[137.24539,36.26143],[137.24309,36.26059],[137.24234,36.25979],[137.24179,36.25747],[137.242,36.25669],[137.24055,36.2566],[137.23919,36.255],[137.23785,36.25573],[137.23587,36.25601],[137.23504,36.25599],[137.23431,36.25562],[137.23302,36.2559],[137.23191,36.25513],[137.231,36.25523],[137.22905,36.25474],[137.22784,36.25527],[137.22685,36.25513],[137.22576,36.25566],[137.22411,36.25615],[137.22268,36.25594],[137.22177,36.25649],[137.21996,36.25654],[137.2196,36.25501],[137.21843,36.25374],[137.21681,36.25353],[137.21625,36.25311],[137.21551,36.2515],[137.21389,36.25152],[137.21283,36.25039],[137.21293,36.24962],[137.21391,36.24914],[137.2148,36.24801],[137.21506,36.24712],[137.2158,36.24557],[137.2152,36.24525],[137.21456,36.24428],[137.21365,36.24337],[137.21279,36.24168],[137.21016,36.24107],[137.20907,36.24135],[137.20816,36.24107],[137.20701,36.24102],[137.20634,36.24053],[137.20618,36.23943],[137.2058,36.2389],[137.20449,36.2382],[137.20303,36.23707],[137.20065,36.23643],[137.19903,36.23551],[137.19654,36.23292],[137.19713,36.2324],[137.19587,36.23131],[137.19577,36.23062],[137.20069,36.22649],[137.20159,36.22538],[137.20352,36.22352],[137.20496,36.223],[137.20457,36.22101],[137.20377,36.22158],[137.20208,36.21998],[137.20221,36.21935],[137.20289,36.21934],[137.2051,36.21771],[137.20565,36.21656],[137.2059,36.2155],[137.2057,36.215],[137.2068,36.21311],[137.20627,36.2128],[137.20424,36.21432],[137.20187,36.21572],[137.1975,36.21754],[137.1917,36.21936],[137.1899,36.22099],[137.1882,36.22218],[137.18643,36.22033],[137.18592,36.22002],[137.18457,36.21988],[137.18374,36.21851],[137.18357,36.21759],[137.18254,36.21682],[137.18172,36.21555],[137.18032,36.21413],[137.17929,36.2133],[137.17782,36.21294],[137.17715,36.21183],[137.1747,36.21194],[137.17391,36.21158],[137.17313,36.21179],[137.17271,36.21248],[137.17293,36.21354],[137.17214,36.21415],[137.17029,36.21364],[137.16953,36.21383],[137.16848,36.21359],[137.16799,36.21405],[137.16768,36.21501],[137.16638,36.21508],[137.16577,36.21362],[137.16517,36.21374],[137.16332,36.21456],[137.16162,36.21426],[137.16114,36.21474],[137.15965,36.21441],[137.15867,36.21358],[137.15815,36.21193],[137.15714,36.21148],[137.15653,36.21033],[137.15767,36.20952],[137.15723,36.20701],[137.15809,36.20603],[137.15862,36.20453],[137.15734,36.2038],[137.15696,36.20316],[137.15588,36.20213],[137.1554,36.20112],[137.15346,36.20022],[137.15167,36.20021],[137.1511,36.19995],[137.14993,36.20046],[137.14857,36.20013],[137.1473,36.20044],[137.14379,36.20075],[137.14247,36.20075],[137.14169,36.20145],[137.141,36.20108],[137.1412,36.19969],[137.14068,36.19924],[137.14074,36.19819],[137.13952,36.19743],[137.13845,36.19649],[137.13801,36.19532],[137.13825,36.19363],[137.13801,36.19251],[137.13748,36.19175],[137.13588,36.19162],[137.13481,36.19099],[137.13442,36.19042],[137.13214,36.18952],[137.13169,36.18871],[137.13055,36.18854],[137.12976,36.18782],[137.12886,36.18752],[137.1274,36.18652],[137.12678,36.18567],[137.12611,36.18555],[137.1246,36.18479],[137.12407,36.18429],[137.12232,36.18332],[137.12136,36.18306],[137.11801,36.18377],[137.11647,36.18498],[137.11642,36.18578],[137.11594,36.18657],[137.11517,36.18721],[137.11491,36.18927],[137.11327,36.18976],[137.1135,36.1907],[137.11333,36.19145],[137.11352,36.19248],[137.11347,36.19407],[137.11281,36.19537],[137.11154,36.19585],[137.11052,36.19597],[137.10977,36.19657],[137.10899,36.19848],[137.10924,36.19992],[137.10867,36.20083],[137.10798,36.20122],[137.10767,36.20207],[137.10601,36.20343],[137.10563,36.2042],[137.10606,36.20462],[137.10555,36.20637],[137.10608,36.2083],[137.10744,36.20908],[137.10767,36.20995],[137.10681,36.2109],[137.10706,36.21241],[137.10608,36.21324],[137.10672,36.21423],[137.1064,36.21528],[137.10637,36.21684],[137.10537,36.21777],[137.10391,36.21797],[137.10232,36.21905],[137.10056,36.21967],[137.09901,36.21959],[137.09786,36.21906],[137.09749,36.21849],[137.09535,36.2181],[137.09269,36.21835],[137.09196,36.21822],[137.09039,36.21715],[137.09058,36.21663],[137.0901,36.21593],[137.08802,36.21711],[137.08622,36.21659],[137.08417,36.215],[137.08325,36.21366],[137.08344,36.21281],[137.08318,36.21215],[137.08248,36.21142],[137.08191,36.21039],[137.07966,36.20982],[137.07938,36.20831],[137.07842,36.20755],[137.07787,36.20661],[137.07686,36.20598],[137.07685,36.20534],[137.0749,36.20419],[137.07412,36.20358],[137.07369,36.2029],[137.0727,36.20251],[137.07152,36.20065],[137.07014,36.19878],[137.0697,36.19786],[137.06843,36.19794],[137.06692,36.1984],[137.06537,36.19859],[137.06376,36.19829],[137.06173,36.19868],[137.06023,36.19929],[137.05923,36.19763],[137.05733,36.19622],[137.0567,36.19489],[137.05438,36.1932],[137.05344,36.19282],[137.0511,36.19129],[137.05064,36.19154],[137.04976,36.19323],[137.04827,36.19434],[137.04769,36.19509],[137.04611,36.19511],[137.04264,36.1955],[137.04097,36.19643],[137.03949,36.19654],[137.03847,36.19709],[137.03616,36.1971],[137.03505,36.19688],[137.03253,36.19685],[137.03123,36.19708],[137.02945,36.19654],[137.02898,36.19541],[137.02778,36.19467],[137.02788,36.19347],[137.02754,36.19302],[137.02706,36.19154],[137.02446,36.19052],[137.02398,36.18996],[137.02198,36.18966],[137.01851,36.18947],[137.01775,36.18925],[137.01586,36.19054],[137.01409,36.18982],[137.01346,36.18993],[137.01254,36.18936],[137.01203,36.18958],[137.01066,36.18942],[137.0103,36.19036],[137.00982,36.19073],[137.00885,36.19076],[137.00841,36.19199],[137.00732,36.19196],[137.00567,36.19224],[137.00443,36.19297],[137.0027,36.19301],[137.00193,36.19263],[137.00133,36.19298],[136.99957,36.19478],[136.9983,36.19446],[136.99599,36.1942],[136.99529,36.19343],[136.99396,36.19316],[136.9924,36.1934],[136.99141,36.19386],[136.9898,36.19404],[136.98794,36.19322],[136.98647,36.19218],[136.98516,36.19196],[136.98325,36.1907],[136.98017,36.19139],[136.97937,36.1917],[136.97826,36.19258],[136.97748,36.19395],[136.97631,36.19463],[136.97538,36.19427],[136.97295,36.1946],[136.97045,36.1944],[136.96967,36.19462],[136.96917,36.19435],[136.96789,36.19458],[136.96601,36.19462],[136.96429,36.19499],[136.96331,36.19655],[136.96109,36.19725],[136.95999,36.19852],[136.95925,36.20035],[136.95855,36.20079],[136.95816,36.20149],[136.95682,36.20191],[136.95484,36.20336],[136.95348,36.20354],[136.95327,36.20442],[136.95274,36.20503],[136.95265,36.20647],[136.95183,36.20697],[136.95138,36.20761],[136.95146,36.20945],[136.94988,36.21042],[136.94772,36.20978],[136.94707,36.20938],[136.947,36.20875],[136.94642,36.20767],[136.94628,36.20632],[136.9467,36.20421],[136.9472,36.20345],[136.94752,36.20243],[136.94757,36.20059],[136.94867,36.19884],[136.9489,36.19796],[136.94881,36.19688],[136.94843,36.19628],[136.94796,36.19483],[136.94855,36.19332],[136.94761,36.19211],[136.94657,36.1902],[136.94635,36.18896],[136.94576,36.18805],[136.94657,36.1856],[136.94729,36.18404],[136.94733,36.18265],[136.94704,36.18114],[136.94638,36.18005],[136.94456,36.1785],[136.9437,36.17708],[136.9438,36.17594],[136.94439,36.1745],[136.94336,36.17299],[136.94373,36.17259],[136.94397,36.17088],[136.94349,36.17009],[136.94151,36.1689],[136.94084,36.16876],[136.93992,36.16817],[136.93889,36.16701],[136.93874,36.16578],[136.93971,36.1651],[136.93714,36.16349],[136.93787,36.16158],[136.93773,36.15838],[136.938,36.15696],[136.93855,36.15588],[136.93721,36.1547],[136.93672,36.15372],[136.93615,36.15107],[136.93559,36.1497],[136.93492,36.1474],[136.93428,36.14622],[136.93347,36.14557],[136.93329,36.14491],[136.93316,36.14271],[136.93501,36.14275],[136.93775,36.14251],[136.93841,36.14217],[136.94107,36.13965],[136.94341,36.13806],[136.9447,36.13681],[136.94549,36.13571],[136.94772,36.13404],[136.94729,36.13249],[136.94766,36.13166],[136.94972,36.13005],[136.9505,36.12962],[136.95144,36.1287],[136.9528,36.12877],[136.95405,36.12908],[136.95488,36.12869],[136.95603,36.12781],[136.95454,36.12494],[136.95372,36.12362],[136.95365,36.12115],[136.95408,36.11958],[136.95521,36.11877],[136.95529,36.11843],[136.95452,36.11749],[136.95348,36.11779],[136.95156,36.11715],[136.95011,36.117],[136.94949,36.11751],[136.94778,36.11706],[136.94589,36.1171],[136.94483,36.11682],[136.94438,36.1164],[136.94289,36.1159],[136.9414,36.11457],[136.94011,36.11469],[136.93759,36.11432],[136.93643,36.1138],[136.93282,36.1127],[136.93253,36.11198],[136.93402,36.10745],[136.93491,36.10514],[136.93459,36.10433],[136.93328,36.1031],[136.93062,36.10079],[136.92736,36.09756],[136.92477,36.09434],[136.92213,36.095],[136.91732,36.09689],[136.91672,36.09739],[136.91496,36.09984],[136.91451,36.10079],[136.91105,36.10025],[136.90974,36.10062],[136.90561,36.10002],[136.90424,36.10044],[136.90266,36.10065],[136.90027,36.10133],[136.8967,36.10466],[136.8964,36.10584],[136.89452,36.10595],[136.89295,36.1056],[136.88992,36.10363],[136.88925,36.10429],[136.8884,36.10452],[136.88746,36.10412],[136.88488,36.10377],[136.88321,36.1038],[136.88194,36.10332],[136.88126,36.10284],[136.87925,36.10219],[136.87721,36.10196],[136.87664,36.10204],[136.87621,36.10308],[136.87297,36.10309],[136.87035,36.10225],[136.86959,36.10223],[136.86917,36.10347],[136.86758,36.10466],[136.8662,36.10553],[136.86544,36.10573],[136.86371,36.10494],[136.86236,36.10482],[136.86048,36.10529],[136.85861,36.10511],[136.85694,36.10536],[136.85586,36.10372],[136.85509,36.10291],[136.85322,36.10198],[136.85076,36.10051],[136.84906,36.10083],[136.84755,36.1003],[136.84661,36.09978],[136.84556,36.09853],[136.84424,36.09766],[136.8418,36.09786],[136.84062,36.09849],[136.84005,36.09833],[136.83721,36.09706],[136.83618,36.09674],[136.83537,36.0968],[136.83441,36.09652],[136.83272,36.09686],[136.83201,36.09661],[136.83074,36.09579],[136.82976,36.09563],[136.82792,36.09657],[136.82691,36.09651],[136.8258,36.09583],[136.82487,36.09578],[136.82402,36.09543],[136.82235,36.0943],[136.82144,36.09389],[136.81951,36.09351],[136.81832,36.09301],[136.81797,36.09324],[136.81683,36.09521],[136.81653,36.09596],[136.81551,36.09704],[136.81501,36.09811],[136.81427,36.09904],[136.81347,36.09953],[136.81326,36.10033],[136.81241,36.10034],[136.81068,36.10069],[136.81009,36.10189],[136.80896,36.10259],[136.80768,36.10271],[136.80749,36.10438],[136.80714,36.10549],[136.80435,36.10549],[136.80355,36.10564],[136.80164,36.10539],[136.80011,36.106],[136.79854,36.10602],[136.79796,36.10552],[136.797,36.10421],[136.79685,36.1034],[136.79549,36.10247],[136.79498,36.10173],[136.7939,36.10162],[136.79189,36.1006],[136.79068,36.10044],[136.78873,36.0979],[136.78815,36.0977],[136.7871,36.09804],[136.78462,36.09942],[136.78397,36.09876],[136.7819,36.10002],[136.78038,36.10154],[136.77978,36.1018],[136.77846,36.10174],[136.77697,36.10238],[136.77556,36.1024],[136.77373,36.1031],[136.77174,36.10477],[136.76995,36.10485],[136.76899,36.10528],[136.76806,36.10542],[136.76596,36.10539],[136.76496,36.10561],[136.76365,36.10524],[136.76051,36.103],[136.75958,36.10207],[136.75871,36.10083],[136.75754,36.09989],[136.75618,36.09911],[136.75617,36.09833],[136.75579,36.0978],[136.75591,36.09646],[136.75641,36.09494],[136.75528,36.09207],[136.75397,36.0902],[136.75414,36.08914],[136.75478,36.08783],[136.75478,36.08694],[136.75428,36.08629],[136.75533,36.08566],[136.75579,36.08484],[136.7561,36.08364],[136.75725,36.08162],[136.75823,36.08085],[136.75984,36.08059],[136.76092,36.07923],[136.7606,36.07834],[136.76125,36.07671],[136.76169,36.07618],[136.76335,36.07517],[136.76407,36.0742],[136.76462,36.07088],[136.76497,36.06939],[136.76426,36.06768]]]]}},
  {"type":"Feature","properties":{"name":"多治見市","code":"21204"},"geometry":{"type":"MultiPolygon","coordinates":[[[[137.04762,35.36469],[137.04805,35.3634],[137.04859,35.36293],[137.04898,35.36145],[137.04956,35.36056],[137.04985,35.3596],[137.04911,35.35779],[137.04884,35.35529],[137.04799,35.35338],[137.04789,35.35235],[137.0474,35.35176],[137.0461,35.35131],[137.04524,35.3506],[137.04584,35.34907],[137.04664,35.34851],[137.04639,35.34635],[137.04653,35.34542],[137.046,35.34402],[137.04644,35.34304],[137.04611,35.34075],[137.04628,35.33962],[137.04732,35.33765],[137.04713,35.3369],[137.04765,35.33629],[137.04787,35.33543],[137.04898,35.33466],[137.0499,35.33437],[137.05089,35.33574],[137.05171,35.33598],[137.05254,35.33663],[137.05409,35.33608],[137.05488,35.33655],[137.05526,35.33751],[137.0574,35.33847],[137.0584,35.33871],[137.0596,35.33867],[137.06105,35.33911],[137.06176,35.33903],[137.06339,35.33824],[137.06376,35.33747],[137.06375,35.33619],[137.06619,35.33621],[137.06716,35.3358],[137.06822,35.33568],[137.06861,35.33365],[137.06977,35.33234],[137.07009,35.33099],[137.07137,35.33072],[137.07202,35.32844],[137.07259,35.32772],[137.07298,35.32646],[137.07269,35.32581],[137.06959,35.32479],[137.06899,35.32424],[137.0665,35.3226],[137.06515,35.32111],[137.06408,35.32066],[137.06352,35.3182],[137.0648,35.31615],[137.06561,35.31426],[137.06597,35.31285],[137.06695,35.31198],[137.06717,35.3115],[137.06685,35.31079],[137.06677,35.30897],[137.06767,35.30875],[137.06906,35.30873],[137.07112,35.30799],[137.07216,35.30665],[137.07364,35.3068],[137.07495,35.30634],[137.07655,35.30642],[137.07762,35.30706],[137.07978,35.30678],[137.08184,35.30512],[137.08112,35.30445],[137.08075,35.3037],[137.08016,35.30323],[137.08052,35.30226],[137.08042,35.3012],[137.08144,35.30009],[137.08121,35.29825],[137.08073,35.29774],[137.08042,35.29676],[137.07978,35.2962],[137.08112,35.29504],[137.08099,35.29426],[137.08108,35.29248],[137.08131,35.29219],[137.08414,35.2923],[137.08522,35.29256],[137.08599,35.2924],[137.09016,35.29242],[137.09209,35.29277],[137.09387,35.29113],[137.09515,35.29065],[137.09603,35.29055],[137.09656,35.29127],[137.09796,35.29164],[137.09893,35.29253],[137.0988,35.29363],[137.09801,35.29531],[137.09762,35.29648],[137.09777,35.29716],[137.10076,35.29915],[137.10112,35.29977],[137.10103,35.30162],[137.10233,35.30165],[137.1055,35.30045],[137.10651,35.30025],[137.10874,35.30006],[137.10922,35.30015],[137.11249,35.29878],[137.11285,35.29912],[137.1154,35.29865],[137.11636,35.29741],[137.11821,35.29749],[137.11895,35.2979],[137.11983,35.29723],[137.12017,35.29666],[137.12139,35.29636],[137.12253,35.29578],[137.12354,35.29608],[137.12426,35.29545],[137.12553,35.29547],[137.12643,35.29519],[137.12701,35.29441],[137.12812,35.29419],[137.12871,35.29466],[137.12943,35.29432],[137.13035,35.29274],[137.13081,35.29273],[137.13159,35.29363],[137.13273,35.29265],[137.1334,35.2926],[137.13335,35.29178],[137.13469,35.29035],[137.13527,35.29024],[137.13704,35.28862],[137.13833,35.28788],[137.13816,35.28703],[137.13845,35.28658],[137.1402,35.28578],[137.14061,35.28469],[137.14205,35.28389],[137.14266,35.2825],[137.14327,35.28173],[137.14351,35.28084],[137.14583,35.2798],[137.1472,35.28049],[137.14826,35.28069],[137.14936,35.28159],[137.15057,35.28094],[137.15071,35.28042],[137.15255,35.27931],[137.1541,35.27945],[137.1551,35.27997],[137.15573,35.2809],[137.15893,35.28219],[137.16064,35.28235],[137.16181,35.28199],[137.16265,35.28318],[137.16391,35.28279],[137.16537,35.28321],[137.16546,35.28226],[137.16601,35.28162],[137.1667,35.28012],[137.16833,35.27855],[137.16966,35.27792],[137.16945,35.27641],[137.16994,35.27565],[137.17126,35.27515],[137.17227,35.27536],[137.17305,35.27514],[137.17384,35.27388],[137.17365,35.27217],[137.17387,35.27172],[137.17609,35.27038],[137.17727,35.27063],[137.17856,35.27217],[137.17929,35.27253],[137.17979,35.27329],[137.18071,35.27358],[137.18272,35.27357],[137.1835,35.27376],[137.18509,35.27466],[137.18493,35.2751],[137.18529,35.27656],[137.18646,35.27742],[137.18523,35.27876],[137.18433,35.2795],[137.18349,35.27988],[137.1823,35.28005],[137.18132,35.2806],[137.18117,35.28104],[137.17882,35.28224],[137.17827,35.28225],[137.17763,35.28306],[137.176,35.28379],[137.17536,35.28467],[137.1765,35.28595],[137.17827,35.28664],[137.17878,35.28705],[137.18039,35.28745],[137.18175,35.28805],[137.18236,35.2887],[137.18204,35.28914],[137.18208,35.2905],[137.18155,35.29141],[137.18051,35.29206],[137.18081,35.29269],[137.18042,35.29335],[137.17944,35.29381],[137.17875,35.29487],[137.17827,35.29699],[137.17822,35.29839],[137.17904,35.29908],[137.17756,35.30121],[137.17698,35.30273],[137.17713,35.30359],[137.17685,35.30431],[137.17617,35.30484],[137.17593,35.30548],[137.17502,35.30614],[137.17415,35.3073],[137.17372,35.30877],[137.17198,35.30986],[137.1718,35.31117],[137.1721,35.31199],[137.17138,35.31232],[137.17129,35.31289],[137.17009,35.31355],[137.16901,35.31368],[137.16862,35.31423],[137.1679,35.31431],[137.16708,35.31581],[137.1668,35.31772],[137.16596,35.31852],[137.16475,35.31922],[137.1635,35.31933],[137.16281,35.31964],[137.16133,35.31957],[137.16034,35.31893],[137.15843,35.31901],[137.1559,35.3197],[137.15386,35.32037],[137.1538,35.32147],[137.15314,35.32301],[137.15342,35.3242],[137.155,35.32422],[137.15571,35.32442],[137.15743,35.32591],[137.15859,35.32636],[137.15924,35.32701],[137.16027,35.32755],[137.16044,35.32888],[137.16032,35.33051],[137.15925,35.3308],[137.15874,35.33123],[137.15768,35.33335],[137.15761,35.33433],[137.15722,35.33515],[137.15577,35.33667],[137.15478,35.33735],[137.15456,35.33781],[137.15246,35.33925],[137.15084,35.34122],[137.15049,35.34181],[137.14949,35.3427],[137.14911,35.34333],[137.14982,35.34365],[137.14976,35.34414],[137.14903,35.34424],[137.14853,35.34503],[137.1476,35.34557],[137.14736,35.34649],[137.1462,35.34672],[137.14612,35.34814],[137.14588,35.34899],[137.14535,35.34948],[137.14566,35.34997],[137.14677,35.3501],[137.14843,35.35004],[137.15047,35.35035],[137.15279,35.35084],[137.15582,35.35162],[137.15583,35.35229],[137.15653,35.35279],[137.15689,35.35389],[137.15894,35.35599],[137.15833,35.35714],[137.15708,35.35781],[137.15695,35.35831],[137.15734,35.35901],[137.15706,35.36005],[137.15653,35.36059],[137.15641,35.36133],[137.15531,35.36179],[137.15476,35.36262],[137.15422,35.36284],[137.15351,35.36462],[137.15238,35.36497],[137.15243,35.36684],[137.15181,35.36894],[137.15007,35.36897],[137.14913,35.36973],[137.14725,35.36921],[137.14728,35.36972],[137.14794,35.37049],[137.14776,35.37134],[137.14523,35.37704],[137.14438,35.37795],[137.14249,35.37791],[137.14108,35.37859],[137.1405,35.37931],[137.13944,35.37946],[137.13797,35.379],[137.13749,35.37964],[137.13582,35.37963],[137.13462,35.38012],[137.13292,35.38045],[137.13157,35.38114],[137.13051,35.38114],[137.12962,35.38201],[137.12755,35.38323],[137.12694,35.38412],[137.12372,35.38444],[137.12271,35.3837],[137.1221,35.38356],[137.12137,35.38262],[137.12084,35.38134],[137.11983,35.38057],[137.11831,35.37978],[137.11728,35.37944],[137.11775,35.37828],[137.11929,35.37681],[137.12006,35.37576],[137.12074,35.37536],[137.11996,35.37473],[137.11864,35.37411],[137.11751,35.37278],[137.11559,35.37118],[137.11393,35.36953],[137.11326,35.36912],[137.11194,35.36898],[137.11128,35.3692],[137.11043,35.3701],[137.10958,35.37066],[137.10993,35.37219],[137.10895,35.37234],[137.10826,35.37208],[137.10675,35.37263],[137.10534,35.37397],[137.10412,35.37407],[137.10357,35.37364],[137.1026,35.37362],[137.10211,35.3733],[137.10245,35.37224],[137.10196,35.37154],[137.10104,35.37198],[137.0998,35.3718],[137.09906,35.37101],[137.09833,35.37182],[137.09741,35.37184],[137.09687,35.37227],[137.09611,35.37218],[137.09555,35.37142],[137.09502,35.37126],[137.09479,35.37062],[137.09387,35.37066],[137.09332,35.37112],[137.09279,35.37211],[137.09158,35.37193],[137.0909,35.37247],[137.08973,35.37183],[137.09001,35.37113],[137.08933,35.37068],[137.08885,35.37095],[137.08806,35.37065],[137.08743,35.37145],[137.08695,35.37124],[137.08607,35.37162],[137.08536,35.37112],[137.08332,35.37237],[137.08258,35.37316],[137.0805,35.37346],[137.07929,35.37407],[137.07935,35.37483],[137.07863,35.3752],[137.07914,35.37688],[137.07791,35.37768],[137.07708,35.37731],[137.07611,35.38023],[137.07554,35.38083],[137.07612,35.38166],[137.07588,35.38289],[137.0761,35.38352],[137.0768,35.38411],[137.07676,35.38489],[137.07623,35.38545],[137.0752,35.38579],[137.07489,35.38646],[137.07413,35.38672],[137.07409,35.38741],[137.07326,35.38816],[137.07196,35.38845],[137.07199,35.39004],[137.07119,35.39051],[137.07121,35.39092],[137.07048,35.39149],[137.07072,35.39219],[137.06918,35.39266],[137.07006,35.39365],[137.06955,35.3941],[137.06917,35.39506],[137.06909,35.39601],[137.06731,35.39612],[137.06789,35.39674],[137.06775,35.39792],[137.06678,35.3981],[137.06696,35.39911],[137.06607,35.40024],[137.06506,35.4002],[137.06424,35.40098],[137.06285,35.40158],[137.0622,35.40273],[137.06018,35.40311],[137.06001,35.40226],[137.0602,35.40102],[137.06055,35.40022],[137.06188,35.39895],[137.06204,35.3985],[137.06174,35.39656],[137.06167,35.39525],[137.06246,35.39409],[137.06325,35.39413],[137.06436,35.39491],[137.06528,35.39408],[137.06661,35.39434],[137.06738,35.39348],[137.06541,35.393],[137.0647,35.39172],[137.06361,35.39215],[137.06257,35.39218],[137.06229,35.39089],[137.06072,35.3904],[137.05932,35.38914],[137.05861,35.38826],[137.05816,35.38713],[137.05717,35.38592],[137.05621,35.38511],[137.05513,35.38339],[137.05391,35.37979],[137.05414,35.37896],[137.05355,35.37763],[137.05292,35.37674],[137.05313,35.37556],[137.05301,35.37452],[137.05382,35.3731],[137.05391,35.37251],[137.05454,35.37177],[137.05495,35.37015],[137.05472,35.36887],[137.05284,35.36872],[137.05108,35.36881],[137.05045,35.36775],[137.05076,35.36697],[137.05029,35.36636],[137.04805,35.36578],[137.04762,35.36469]]]]}},
  {"type":"Feature","properties":{"name":"関市","code":"21205"},"geometry":{"type":"MultiPolygon","coordinates":[[[[136.88179,35.44466],[136.88475,35.44413],[136.88566,35.44456],[136.88613,35.44544],[136.88617,35.44627],[136.88695,35.44667],[136.88895,35.44673],[136.88926,35.44653],[136.88928,35.44542],[136.89034,35.44491],[136.8933,35.44458],[136.89402,35.44524],[136.89533,35.44414],[136.89678,35.44384],[136.89923,35.44361],[136.90007,35.44454],[136.90145,35.4448],[136.90234,35.44657],[136.90479,35.44625],[136.9067,35.4452],[136.90799,35.44414],[136.90906,35.44295],[136.90869,35.44165],[136.91071,35.44087],[136.91171,35.44103],[136.91346,35.44001],[136.9153,35.43939],[136.91638,35.43801],[136.9176,35.43758],[136.91971,35.43718],[136.92012,35.43664],[136.92124,35.43582],[136.92248,35.43598],[136.92465,35.43446],[136.92552,35.43414],[136.9269,35.43429],[136.92805,35.43366],[136.92865,35.43274],[136.92949,35.4322],[136.93032,35.43222],[136.93176,35.43175],[136.93324,35.43083],[136.93425,35.43047],[136.93476,35.42957],[136.94153,35.42742],[136.94219,35.4274],[136.94493,35.4285],[136.94638,35.42923],[136.94852,35.42944],[136.94924,35.4304],[136.95042,35.43036],[136.95129,35.43064],[136.95265,35.43053],[136.95378,35.43069],[136.95471,35.43122],[136.95515,35.4322],[136.9555,35.43363],[136.95514,35.43482],[136.95495,35.43642],[136.95504,35.43791],[136.95487,35.43824],[136.95574,35.43882],[136.95674,35.43891],[136.95691,35.43987],[136.95693,35.44183],[136.95739,35.44275],[136.95799,35.44333],[136.95837,35.44438],[136.95898,35.44531],[136.95901,35.44638],[136.9597,35.44663],[136.95906,35.44745],[136.95902,35.44794],[136.95996,35.44979],[136.96029,35.45147],[136.95986,35.45234],[136.96101,35.45619],[136.96123,35.45866],[136.96171,35.45965],[136.96213,35.45985],[136.96244,35.46201],[136.96287,35.46276],[136.96208,35.4637],[136.96232,35.46606],[136.96253,35.46626],[136.96301,35.46842],[136.96147,35.46876],[136.9595,35.46947],[136.95603,35.47096],[136.95638,35.47153],[136.95571,35.47247],[136.95389,35.4733],[136.95441,35.47421],[136.95657,35.47653],[136.95752,35.47792],[136.9583,35.47945],[136.95939,35.48214],[136.95978,35.48237],[136.9622,35.48286],[136.96398,35.48405],[136.96222,35.4854],[136.96003,35.48564],[136.95943,35.48612],[136.958,35.48592],[136.95728,35.48564],[136.95615,35.48565],[136.95535,35.48758],[136.95359,35.48729],[136.95256,35.48672],[136.95211,35.4881],[136.95101,35.48865],[136.95068,35.49521],[136.95082,35.49598],[136.95029,35.49633],[136.9494,35.49813],[136.94875,35.49875],[136.94719,35.49904],[136.94741,35.50154],[136.94824,35.50254],[136.94824,35.50508],[136.94912,35.50712],[136.95087,35.50706],[136.95233,35.50804],[136.95282,35.50778],[136.95537,35.50702],[136.95624,35.50659],[136.95891,35.50633],[136.96164,35.50593],[136.96219,35.50665],[136.96283,35.50817],[136.96407,35.50855],[136.96514,35.50859],[136.96672,35.50807],[136.96824,35.50896],[136.96924,35.50921],[136.97051,35.5082],[136.97151,35.50806],[136.97404,35.50842],[136.97476,35.50831],[136.97623,35.50865],[136.9773,35.50864],[136.97972,35.50995],[136.98074,35.51002],[136.98221,35.51068],[136.98359,35.51078],[136.98478,35.5097],[136.9856,35.5082],[136.98701,35.50773],[136.98864,35.50688],[136.98941,35.50732],[136.9896,35.50784],[136.99033,35.50815],[136.99077,35.5077],[136.99237,35.50812],[136.9925,35.50906],[136.99198,35.50986],[136.99205,35.51082],[136.99373,35.51071],[136.99416,35.51105],[136.99319,35.51161],[136.99275,35.5124],[136.99298,35.513],[136.99244,35.51381],[136.99178,35.51425],[136.99197,35.515],[136.99154,35.51548],[136.99295,35.51752],[136.99375,35.51756],[136.99703,35.51703],[136.99731,35.51721],[137.00046,35.51736],[137.00051,35.51775],[137.00276,35.5195],[137.00214,35.51991],[137.00174,35.52171],[137.00235,35.52256],[137.00215,35.52322],[137.00346,35.52385],[137.00392,35.52478],[137.00491,35.52524],[137.00634,35.52519],[137.00717,35.5259],[137.00703,35.52704],[137.00754,35.52782],[137.00861,35.52844],[137.00916,35.52931],[137.00921,35.53043],[137.00948,35.53111],[137.01011,35.53166],[137.01018,35.53284],[137.01043,35.53343],[137.01126,35.53401],[137.01247,35.53431],[137.01363,35.53422],[137.01444,35.53472],[137.01465,35.53538],[137.01577,35.53609],[137.01603,35.53708],[137.01669,35.53723],[137.01802,35.5371],[137.01948,35.53742],[137.01972,35.5381],[137.02048,35.53821],[137.02144,35.53794],[137.02221,35.53824],[137.02311,35.53913],[137.02404,35.53877],[137.02576,35.53959],[137.02897,35.53972],[137.02895,35.54077],[137.03023,35.5425],[137.03136,35.54308],[137.03209,35.54389],[137.03209,35.54538],[137.03256,35.54593],[137.0326,35.54678],[137.03316,35.54762],[137.03429,35.54864],[137.03429,35.55005],[137.03583,35.55226],[137.03617,35.55326],[137.03767,35.55371],[137.0384,35.55357],[137.03995,35.55274],[137.04063,35.55156],[137.04155,35.55149],[137.04217,35.55114],[137.0435,35.54967],[137.04405,35.54962],[137.0457,35.55174],[137.04591,35.5523],[137.04676,35.55296],[137.04779,35.5547],[137.04951,35.55558],[137.04947,35.55639],[137.04987,35.55732],[137.05093,35.55836],[137.0512,35.55901],[137.05263,35.55952],[137.05347,35.56006],[137.05401,35.56086],[137.05534,35.56134],[137.05727,35.56299],[137.05943,35.56419],[137.06122,35.56489],[137.0627,35.56627],[137.0635,35.56652],[137.06363,35.5676],[137.06617,35.56738],[137.0669,35.56793],[137.06786,35.56798],[137.06876,35.56899],[137.06969,35.56959],[137.07073,35.56993],[137.07129,35.57051],[137.07141,35.57194],[137.07285,35.57278],[137.07202,35.57323],[137.07127,35.57435],[137.07019,35.57468],[137.06872,35.57466],[137.0684,35.5743],[137.06674,35.57408],[137.06603,35.57416],[137.06533,35.57471],[137.06388,35.57548],[137.06371,35.57618],[137.06452,35.57774],[137.06443,35.5786],[137.06537,35.5797],[137.0645,35.58005],[137.06284,35.58119],[137.06335,35.58215],[137.06133,35.58319],[137.06061,35.58336],[137.05993,35.58303],[137.05921,35.58366],[137.05796,35.58418],[137.05737,35.58485],[137.05719,35.58576],[137.0577,35.58645],[137.05787,35.58741],[137.0575,35.5879],[137.05779,35.58857],[137.05759,35.58939],[137.05655,35.58958],[137.05611,35.59062],[137.05666,35.59224],[137.05567,35.59281],[137.05493,35.59269],[137.05306,35.59321],[137.05309,35.59388],[137.05383,35.59446],[137.05339,35.59587],[137.0538,35.59704],[137.05425,35.59758],[137.05379,35.59827],[137.05397,35.599],[137.05506,35.60141],[137.05495,35.60254],[137.05602,35.6042],[137.05741,35.60427],[137.05906,35.60463],[137.05955,35.60651],[137.0596,35.60815],[137.05991,35.60871],[137.05925,35.60911],[137.05888,35.61025],[137.05948,35.61097],[137.06052,35.61137],[137.06084,35.61215],[137.06096,35.61359],[137.06024,35.61416],[137.06075,35.6155],[137.06136,35.61794],[137.06139,35.61894],[137.062,35.62024],[137.06205,35.62207],[137.06124,35.62332],[137.06369,35.62317],[137.06517,35.62278],[137.06605,35.62236],[137.06714,35.62222],[137.06812,35.62281],[137.06907,35.62285],[137.07012,35.62339],[137.07119,35.62364],[137.07126,35.6252],[137.07081,35.62683],[137.07175,35.62721],[137.07342,35.62747],[137.07428,35.62813],[137.07507,35.62752],[137.0763,35.62783],[137.077,35.62861],[137.07898,35.62848],[137.07989,35.6282],[137.081,35.62889],[137.08128,35.62946],[137.08216,35.62974],[137.08188,35.63076],[137.08297,35.63173],[137.08454,35.63173],[137.08609,35.63323],[137.08687,35.633],[137.08734,35.63222],[137.08847,35.63189],[137.09018,35.6319],[137.09114,35.63143],[137.09117,35.63174],[137.09217,35.63353],[137.09262,35.63478],[137.09335,35.63601],[137.09414,35.63643],[137.09448,35.63699],[137.09475,35.63911],[137.09558,35.64062],[137.09468,35.64106],[137.09388,35.64252],[137.09304,35.64358],[137.09283,35.64559],[137.0908,35.64564],[137.0896,35.64533],[137.08926,35.64609],[137.08736,35.64831],[137.08597,35.64877],[137.08591,35.64968],[137.08629,35.65069],[137.08707,35.6519],[137.08742,35.65284],[137.08862,35.65415],[137.08922,35.6557],[137.09046,35.65655],[137.0916,35.65665],[137.09319,35.65635],[137.09488,35.65726],[137.09622,35.65763],[137.09605,35.65854],[137.09638,35.65889],[137.09671,35.66048],[137.0965,35.66106],[137.09661,35.66222],[137.09745,35.66378],[137.09749,35.66508],[137.09794,35.66594],[137.09793,35.66804],[137.09764,35.6687],[137.09819,35.66906],[137.09832,35.66996],[137.09886,35.67052],[137.09869,35.67192],[137.09892,35.6725],[137.09843,35.67341],[137.09874,35.67413],[137.0984,35.6746],[137.099,35.67521],[137.09912,35.67666],[137.10015,35.67792],[137.10129,35.67875],[137.10054,35.67917],[137.09967,35.67905],[137.09896,35.67939],[137.09668,35.67886],[137.09474,35.67899],[137.09382,35.67885],[137.09256,35.67897],[137.09167,35.67769],[137.0901,35.67669],[137.08807,35.67673],[137.08728,35.67798],[137.08665,35.67817],[137.08486,35.67725],[137.08413,35.67765],[137.08299,35.67718],[137.08244,35.67723],[137.08189,35.67834],[137.08242,35.6793],[137.08234,35.67994],[137.08163,35.68031],[137.08084,35.68133],[137.08063,35.68291],[137.07901,35.6844],[137.07705,35.68532],[137.07437,35.68508],[137.07253,35.68445],[137.07156,35.68532],[137.06947,35.68498],[137.06819,35.68558],[137.06757,35.6856],[137.06564,35.68507],[137.06565,35.68642],[137.06485,35.68697],[137.0633,35.68755],[137.06277,35.68843],[137.06219,35.68881],[137.06146,35.6904],[137.06044,35.6911],[137.05908,35.69071],[137.05696,35.69077],[137.05582,35.69183],[137.05393,35.69195],[137.05287,35.69375],[137.05101,35.69404],[137.05023,35.69294],[137.0499,35.6917],[137.05043,35.69013],[137.0512,35.68928],[137.05149,35.68817],[137.0513,35.68745],[137.05041,35.68699],[137.04983,35.68632],[137.05022,35.68546],[137.04926,35.68492],[137.04905,35.68359],[137.04821,35.68061],[137.04863,35.67951],[137.0488,35.67834],[137.04862,35.67745],[137.04902,35.67701],[137.04874,35.6765],[137.04898,35.67487],[137.04806,35.6739],[137.04847,35.67294],[137.04974,35.67264],[137.05024,35.67198],[137.05117,35.67165],[137.05161,35.67028],[137.05159,35.66939],[137.05053,35.66816],[137.05148,35.66776],[137.05209,35.6666],[137.05319,35.66497],[137.05429,35.66455],[137.05477,35.66363],[137.05424,35.66292],[137.0511,35.66102],[137.05086,35.65904],[137.05012,35.65861],[137.04915,35.65725],[137.04926,35.65654],[137.04883,35.65597],[137.04869,35.6549],[137.04808,35.65385],[137.04825,35.65322],[137.04964,35.65218],[137.04779,35.65044],[137.04672,35.65015],[137.04339,35.6499],[137.04258,35.64996],[137.04017,35.65058],[137.03977,35.65023],[137.03903,35.64876],[137.03792,35.64785],[137.03667,35.64575],[137.03578,35.64531],[137.035,35.64418],[137.0336,35.64384],[137.03305,35.64309],[137.03194,35.64312],[137.03004,35.64202],[137.02955,35.642],[137.02867,35.64279],[137.02752,35.64301],[137.02687,35.64342],[137.02611,35.64331],[137.02402,35.64235],[137.02327,35.64307],[137.02252,35.64345],[137.02187,35.64457],[137.02102,35.64535],[137.01992,35.64564],[137.01957,35.64746],[137.01909,35.64794],[137.01925,35.65027],[137.01892,35.65102],[137.0178,35.65171],[137.01599,35.65124],[137.0152,35.65132],[137.01479,35.65177],[137.01348,35.65222],[137.01271,35.65298],[137.01108,35.65281],[137.01072,35.65242],[137.00764,35.65196],[137.00693,35.65141],[137.00472,35.65051],[137.00343,35.65027],[137.00259,35.65062],[137.00046,35.64983],[136.99822,35.65062],[136.99588,35.65106],[136.99432,35.65152],[136.99241,35.65136],[136.99154,35.64964],[136.99156,35.64832],[136.99073,35.64713],[136.99116,35.64639],[136.9908,35.6457],[136.99004,35.64533],[136.98953,35.64474],[136.98767,35.64453],[136.98679,35.6439],[136.98503,35.64401],[136.98345,35.64327],[136.98179,35.64221],[136.98011,35.64191],[136.98006,35.64109],[136.97912,35.63957],[136.98045,35.63808],[136.9823,35.63748],[136.98306,35.6352],[136.98277,35.63448],[136.98263,35.63302],[136.98236,35.63227],[136.98259,35.63176],[136.98378,35.63107],[136.98333,35.63029],[136.98507,35.62949],[136.98499,35.62877],[136.98595,35.62781],[136.98643,35.62615],[136.98538,35.625],[136.98534,35.62447],[136.98597,35.62304],[136.98576,35.62197],[136.98627,35.62064],[136.98638,35.6194],[136.98525,35.61774],[136.98394,35.61664],[136.98255,35.61632],[136.98155,35.61637],[136.98059,35.61613],[136.98011,35.61567],[136.97867,35.61539],[136.97835,35.61429],[136.97836,35.61304],[136.97773,35.6117],[136.97748,35.61041],[136.97833,35.60938],[136.9784,35.60811],[136.9779,35.60701],[136.97791,35.6065],[136.97724,35.60595],[136.97644,35.60389],[136.97835,35.60297],[136.97901,35.60124],[136.97832,35.60066],[136.97833,35.59983],[136.97751,35.59889],[136.97679,35.59853],[136.97622,35.59739],[136.97566,35.59701],[136.97614,35.59547],[136.97624,35.59364],[136.97542,35.59222],[136.9751,35.592],[136.97421,35.59059],[136.97408,35.58884],[136.97246,35.58735],[136.97351,35.58591],[136.97407,35.58572],[136.97412,35.58442],[136.97227,35.58424],[136.97112,35.5838],[136.97013,35.58275],[136.96839,35.58307],[136.96739,35.58284],[136.96668,35.5817],[136.966,35.58097],[136.96671,35.58027],[136.96715,35.5793],[136.96713,35.57848],[136.96675,35.57793],[136.96625,35.57593],[136.96655,35.5753],[136.96643,35.57445],[136.96678,35.57405],[136.96673,35.57319],[136.96731,35.57271],[136.96741,35.57203],[136.96607,35.57077],[136.96532,35.57037],[136.96442,35.56951],[136.96353,35.56938],[136.96259,35.56837],[136.96205,35.56747],[136.96123,35.56538],[136.96043,35.56474],[136.9592,35.56478],[136.95728,35.56524],[136.95694,35.56441],[136.95561,35.56367],[136.95559,35.56278],[136.95591,35.56221],[136.95567,35.56171],[136.956,35.56084],[136.95662,35.56041],[136.95674,35.55969],[136.95762,35.55891],[136.95802,35.55814],[136.95782,35.5574],[136.95711,35.55684],[136.95678,35.55605],[136.95748,35.55481],[136.95823,35.55398],[136.95833,35.55347],[136.95939,35.55216],[136.95954,35.55095],[136.96018,35.55028],[136.95947,35.54973],[136.95939,35.54911],[136.95804,35.54759],[136.95718,35.54735],[136.95672,35.54671],[136.95463,35.54672],[136.95322,35.54639],[136.95238,35.5459],[136.9514,35.54566],[136.94988,35.54646],[136.9488,35.54622],[136.94671,35.54647],[136.94472,35.54639],[136.94421,35.54589],[136.94284,35.54374],[136.94264,35.54264],[136.94284,35.54126],[136.94279,35.53996],[136.9423,35.53856],[136.94109,35.5372],[136.94009,35.53794],[136.93921,35.53772],[136.93821,35.53716],[136.9374,35.53645],[136.93713,35.53535],[136.93637,35.53509],[136.93555,35.53402],[136.93583,35.53309],[136.93445,35.53206],[136.93311,35.53179],[136.93276,35.53102],[136.93319,35.53034],[136.93323,35.52952],[136.93261,35.52954],[136.93252,35.52884],[136.93139,35.52782],[136.93284,35.52669],[136.93321,35.52542],[136.93422,35.52453],[136.93398,35.52411],[136.93273,35.52357],[136.93213,35.52294],[136.93065,35.52319],[136.92975,35.52284],[136.9291,35.52299],[136.92838,35.52167],[136.92695,35.52122],[136.92587,35.52216],[136.92531,35.52307],[136.92435,35.52332],[136.92383,35.52236],[136.9223,35.52141],[136.92179,35.52134],[136.92092,35.52274],[136.91951,35.52311],[136.91855,35.52385],[136.91794,35.52405],[136.91721,35.52512],[136.9161,35.5251],[136.91571,35.52555],[136.91506,35.52536],[136.91393,35.52569],[136.91331,35.52612],[136.91137,35.52601],[136.91077,35.52633],[136.90907,35.52622],[136.90763,35.52598],[136.90732,35.52566],[136.90468,35.5263],[136.90352,35.52673],[136.90222,35.52695],[136.90056,35.52363],[136.90027,35.52136],[136.90068,35.5186],[136.9006,35.51686],[136.89972,35.51863],[136.89841,35.51874],[136.89721,35.51663],[136.89683,35.51526],[136.89568,35.51466],[136.89554,35.51368],[136.89574,35.51315],[136.89639,35.51284],[136.89663,35.51149],[136.89863,35.51201],[136.89881,35.51167],[136.89437,35.51048],[136.89192,35.51146],[136.89079,35.51177],[136.89006,35.5123],[136.88909,35.51256],[136.88847,35.51242],[136.88719,35.51272],[136.88622,35.51401],[136.88629,35.51455],[136.88546,35.51475],[136.88372,35.51487],[136.88343,35.51517],[136.88242,35.51511],[136.88193,35.51747],[136.87893,35.51841],[136.87825,35.51919],[136.87701,35.51927],[136.87621,35.51997],[136.87446,35.52005],[136.87348,35.52077],[136.87185,35.52071],[136.87113,35.52163],[136.86942,35.52068],[136.86728,35.5222],[136.86663,35.52245],[136.8665,35.52355],[136.86552,35.52432],[136.86413,35.52416],[136.86241,35.52432],[136.86236,35.52539],[136.863,35.52656],[136.86252,35.52677],[136.86227,35.52831],[136.86255,35.52927],[136.86161,35.52973],[136.86109,35.5316],[136.86095,35.53304],[136.86019,35.53413],[136.86065,35.53547],[136.85969,35.53657],[136.85891,35.53627],[136.85866,35.53685],[136.85778,35.53692],[136.85588,35.53945],[136.85507,35.5394],[136.85447,35.54003],[136.85331,35.53989],[136.85317,35.54184],[136.85351,35.5439],[136.85415,35.54483],[136.85377,35.54546],[136.85409,35.54626],[136.85298,35.54688],[136.85248,35.54753],[136.85088,35.54781],[136.85037,35.54833],[136.84893,35.54929],[136.84835,35.54945],[136.8456,35.54929],[136.84432,35.55009],[136.84267,35.55026],[136.84247,35.55089],[136.84172,35.55168],[136.84023,35.55416],[136.84023,35.55604],[136.83925,35.55628],[136.83954,35.5569],[136.83918,35.55765],[136.83902,35.55873],[136.83842,35.5593],[136.83842,35.56034],[136.8388,35.56177],[136.83864,35.56232],[136.8397,35.56325],[136.8396,35.56396],[136.84086,35.56399],[136.84316,35.56564],[136.84416,35.56598],[136.84492,35.56672],[136.847,35.56733],[136.84701,35.5689],[136.84649,35.56979],[136.84762,35.57137],[136.84752,35.57216],[136.84658,35.57262],[136.84594,35.57363],[136.84592,35.575],[136.84567,35.57553],[136.8466,35.57662],[136.84627,35.57755],[136.84749,35.57949],[136.84696,35.57989],[136.846,35.58012],[136.84429,35.57953],[136.84364,35.57978],[136.84411,35.58046],[136.8438,35.58128],[136.84394,35.58206],[136.84361,35.58326],[136.84286,35.58399],[136.84253,35.58544],[136.84385,35.58678],[136.84471,35.58728],[136.84494,35.58799],[136.8456,35.58883],[136.84666,35.58949],[136.84351,35.59206],[136.84247,35.59255],[136.84169,35.59347],[136.84201,35.59411],[136.84328,35.59504],[136.84363,35.59562],[136.84453,35.59577],[136.84609,35.59537],[136.84588,35.59662],[136.84635,35.5985],[136.84906,35.60112],[136.84997,35.60232],[136.85181,35.60324],[136.85267,35.60335],[136.85206,35.60479],[136.85218,35.60615],[136.85166,35.60667],[136.85154,35.60758],[136.85212,35.60857],[136.85199,35.60917],[136.8526,35.6096],[136.85346,35.61094],[136.85234,35.61223],[136.85219,35.61293],[136.85132,35.61405],[136.85008,35.61496],[136.84905,35.61533],[136.84759,35.61626],[136.84752,35.61777],[136.84829,35.61896],[136.84992,35.62029],[136.85122,35.62073],[136.85179,35.62152],[136.85263,35.62183],[136.85342,35.62176],[136.85387,35.62275],[136.85383,35.62384],[136.85317,35.62489],[136.85325,35.62617],[136.85446,35.62815],[136.85505,35.62995],[136.85431,35.63051],[136.85428,35.63354],[136.85553,35.63542],[136.85668,35.63561],[136.85894,35.63631],[136.85992,35.6363],[136.86073,35.63676],[136.86307,35.63747],[136.86495,35.63745],[136.8662,35.63704],[136.86767,35.63711],[136.8688,35.63659],[136.87026,35.63664],[136.87019,35.63894],[136.86989,35.6412],[136.87032,35.64227],[136.87036,35.64327],[136.86967,35.64407],[136.86954,35.64469],[136.86976,35.64566],[136.86943,35.64607],[136.86946,35.64699],[136.87042,35.6483],[136.87259,35.6483],[136.87379,35.6489],[136.87484,35.65024],[136.87653,35.65145],[136.87965,35.65228],[136.87913,35.65298],[136.87789,35.65367],[136.87723,35.65428],[136.87636,35.65571],[136.87501,35.65653],[136.87491,35.65718],[136.87416,35.65743],[136.87361,35.65839],[136.87298,35.65872],[136.87338,35.66052],[136.87319,35.66258],[136.87285,35.6632],[136.87167,35.66395],[136.87111,35.66513],[136.86965,35.66547],[136.86892,35.66592],[136.86828,35.66584],[136.86737,35.66617],[136.86578,35.66599],[136.86422,35.66722],[136.86321,35.66756],[136.86153,35.66891],[136.8606,35.66983],[136.85956,35.67133],[136.85951,35.6739],[136.85896,35.67452],[136.85875,35.67547],[136.85808,35.67666],[136.85814,35.67777],[136.85717,35.67905],[136.8572,35.67992],[136.85521,35.68091],[136.85516,35.68384],[136.85506,35.68422],[136.85344,35.68558],[136.85319,35.68661],[136.85242,35.68722],[136.8523,35.68776],[136.84999,35.68805],[136.84799,35.68865],[136.84718,35.6897],[136.84637,35.69115],[136.84578,35.6917],[136.84537,35.69312],[136.84423,35.69509],[136.84368,35.69635],[136.84112,35.69702],[136.84097,35.69789],[136.84016,35.69872],[136.83987,35.70027],[136.83951,35.70085],[136.8402,35.70245],[136.83952,35.70401],[136.83992,35.70465],[136.84019,35.70682],[136.84233,35.70867],[136.84367,35.71017],[136.84527,35.71028],[136.84735,35.71137],[136.84852,35.71184],[136.84813,35.71297],[136.84862,35.71444],[136.84859,35.71541],[136.84956,35.71687],[136.85,35.71794],[136.84976,35.71922],[136.85042,35.72037],[136.85093,35.72077],[136.852,35.72256],[136.85325,35.72411],[136.85326,35.72524],[136.85278,35.72622],[136.85259,35.7284],[136.85222,35.72952],[136.85316,35.73174],[136.85364,35.73333],[136.8532,35.73482],[136.85358,35.73583],[136.85346,35.7366],[136.854,35.73836],[136.85365,35.73938],[136.85284,35.74065],[136.85334,35.74262],[136.853,35.74405],[136.85475,35.74617],[136.854,35.74725],[136.85307,35.74762],[136.85295,35.7481],[136.85172,35.7485],[136.8501,35.74755],[136.84929,35.74794],[136.84896,35.74851],[136.84817,35.74912],[136.84584,35.74911],[136.8451,35.74995],[136.84488,35.7507],[136.84374,35.75137],[136.84206,35.75177],[136.84045,35.752],[136.8385,35.75029],[136.8376,35.75039],[136.83655,35.75173],[136.83569,35.75191],[136.83486,35.75261],[136.8334,35.75445],[136.83369,35.75644],[136.83429,35.75743],[136.8341,35.75849],[136.83423,35.7594],[136.83508,35.76113],[136.83529,35.76271],[136.83641,35.76305],[136.8363,35.76377],[136.83655,35.7649],[136.83565,35.76552],[136.8365,35.76619],[136.83755,35.76585],[136.83917,35.76626],[136.84107,35.76614],[136.84171,35.7668],[136.84322,35.76763],[136.84316,35.76832],[136.84217,35.76953],[136.84244,35.77036],[136.84245,35.77225],[136.8419,35.7726],[136.84197,35.77357],[136.84102,35.77414],[136.83994,35.77585],[136.83992,35.77675],[136.83758,35.77723],[136.836,35.77693],[136.835,35.7771],[136.83371,35.7769],[136.83302,35.77744],[136.83196,35.77671],[136.83103,35.77677],[136.82787,35.77568],[136.82675,35.77586],[136.82515,35.77795],[136.82344,35.77826],[136.82217,35.77783],[136.82072,35.779],[136.82009,35.77901],[136.8183,35.77974],[136.81775,35.7804],[136.81675,35.78057],[136.81597,35.78043],[136.81501,35.7799],[136.81195,35.78017],[136.81183,35.7826],[136.8112,35.78319],[136.81081,35.78501],[136.81001,35.78519],[136.80809,35.78489],[136.8072,35.78513],[136.80618,35.78425],[136.80577,35.78308],[136.80501,35.7825],[136.80366,35.78248],[136.80106,35.78169],[136.79992,35.78224],[136.79935,35.78333],[136.7986,35.78412],[136.79811,35.78499],[136.79623,35.78499],[136.79454,35.78481],[136.79418,35.78565],[136.79283,35.78664],[136.79381,35.78786],[136.79352,35.78885],[136.79341,35.79074],[136.79277,35.79233],[136.79221,35.79301],[136.79227,35.79366],[136.79282,35.79465],[136.79295,35.79567],[136.79227,35.79637],[136.79217,35.79782],[136.79099,35.79822],[136.79026,35.79913],[136.78925,35.7994],[136.78745,35.79854],[136.78551,35.79872],[136.7834,35.79811],[136.78212,35.79945],[136.78024,35.79881],[136.77857,35.79878],[136.77729,35.79892],[136.77602,35.79883],[136.77414,35.80005],[136.77422,35.80111],[136.77403,35.80245],[136.77364,35.80273],[136.77419,35.80438],[136.77393,35.80558],[136.77439,35.80667],[136.77318,35.80705],[136.77158,35.8068],[136.76928,35.80793],[136.76872,35.8085],[136.7659,35.80913],[136.76442,35.8104],[136.76391,35.81061],[136.76174,35.81059],[136.76015,35.81032],[136.75876,35.80972],[136.75594,35.80947],[136.75544,35.80958],[136.75447,35.80924],[136.75367,35.8085],[136.75305,35.80833],[136.75256,35.80749],[136.75087,35.80708],[136.74961,35.80594],[136.74869,35.80568],[136.74661,35.80473],[136.74516,35.80429],[136.74377,35.80294],[136.74344,35.80229],[136.7411,35.80107],[136.74071,35.80107],[136.73946,35.80222],[136.73802,35.80276],[136.73765,35.80344],[136.73695,35.80392],[136.73603,35.80414],[136.73593,35.80489],[136.73448,35.80534],[136.73238,35.80658],[136.73103,35.80694],[136.72951,35.80703],[136.72849,35.80738],[136.7272,35.80726],[136.72594,35.80741],[136.72452,35.80815],[136.72338,35.80819],[136.72251,35.80768],[136.72232,35.80673],[136.72287,35.8059],[136.72291,35.80455],[136.72218,35.80336],[136.72122,35.80263],[136.72058,35.80022],[136.71964,35.79952],[136.71919,35.79856],[136.7182,35.79783],[136.71758,35.79766],[136.71717,35.79677],[136.71668,35.79646],[136.71458,35.79613],[136.71368,35.79541],[136.71311,35.79537],[136.71199,35.79472],[136.71121,35.79341],[136.71034,35.79265],[136.71005,35.79204],[136.70821,35.79152],[136.70689,35.79195],[136.70571,35.79144],[136.70512,35.79143],[136.70446,35.79204],[136.70313,35.79211],[136.70118,35.79373],[136.70004,35.79417],[136.6977,35.79394],[136.69712,35.79406],[136.69622,35.79283],[136.69446,35.79116],[136.69374,35.7909],[136.69223,35.7909],[136.69131,35.79012],[136.68978,35.78928],[136.68895,35.78982],[136.68761,35.78956],[136.68654,35.78978],[136.68494,35.78949],[136.68262,35.78956],[136.68141,35.78983],[136.68079,35.79044],[136.67969,35.79077],[136.67759,35.79209],[136.67696,35.79325],[136.67488,35.79202],[136.67476,35.79112],[136.67304,35.79151],[136.67205,35.79131],[136.67201,35.79082],[136.67119,35.79007],[136.66846,35.78862],[136.66812,35.78783],[136.66738,35.78706],[136.66614,35.78514],[136.66629,35.78443],[136.667,35.78371],[136.6678,35.78198],[136.66819,35.78168],[136.66823,35.78044],[136.66913,35.77954],[136.66953,35.77822],[136.66925,35.77667],[136.66962,35.77574],[136.67091,35.77522],[136.67207,35.77569],[136.67275,35.77553],[136.67547,35.77392],[136.67731,35.77349],[136.67817,35.77266],[136.67888,35.77156],[136.67946,35.77125],[136.68054,35.77171],[136.68292,35.77176],[136.68261,35.76971],[136.68342,35.76793],[136.68382,35.76408],[136.68524,35.76222],[136.68593,35.7616],[136.68551,35.76001],[136.68646,35.75854],[136.68755,35.75764],[136.68926,35.75692],[136.68972,35.75599],[136.69016,35.75424],[136.69157,35.75349],[136.69181,35.75281],[136.69057,35.75109],[136.69016,35.75032],[136.6894,35.75],[136.6877,35.75],[136.68628,35.74867],[136.68471,35.74839],[136.6845,35.74787],[136.68473,35.74668],[136.68439,35.74584],[136.68459,35.74538],[136.68418,35.74474],[136.68312,35.74387],[136.68201,35.74388],[136.68188,35.74324],[136.68211,35.742],[136.68241,35.74146],[136.68156,35.7408],[136.68131,35.7402],[136.68138,35.73894],[136.68089,35.73836],[136.68084,35.73733],[136.68149,35.73554],[136.68093,35.73523],[136.68126,35.73455],[136.68192,35.73445],[136.68244,35.7337],[136.68345,35.73357],[136.68487,35.73269],[136.68584,35.73173],[136.68646,35.73145],[136.68666,35.73026],[136.68707,35.72974],[136.68677,35.72858],[136.68696,35.72771],[136.68552,35.72724],[136.68398,35.72606],[136.68384,35.72484],[136.68521,35.72363],[136.68569,35.72221],[136.68672,35.72222],[136.68941,35.72118],[136.69272,35.72079],[136.69326,35.71983],[136.69409,35.71892],[136.69439,35.71811],[136.69575,35.717],[136.69725,35.71762],[136.69845,35.71865],[136.6991,35.7188],[136.70045,35.71857],[136.70212,35.71901],[136.70284,35.71879],[136.70644,35.71862],[136.70729,35.71786],[136.70844,35.71719],[136.70871,35.71664],[136.70953,35.71655],[136.71177,35.71728],[136.71261,35.71825],[136.71358,35.71851],[136.71614,35.71652],[136.71652,35.71487],[136.71714,35.71459],[136.71913,35.71424],[136.71984,35.71467],[136.72229,35.71519],[136.72352,35.71569],[136.7244,35.71518],[136.72562,35.71515],[136.72793,35.71566],[136.72829,35.71444],[136.72822,35.71376],[136.72915,35.71278],[136.73008,35.71232],[136.73037,35.71142],[136.7299,35.71057],[136.72972,35.70969],[136.72909,35.70852],[136.72857,35.70622],[136.72702,35.70471],[136.72664,35.70356],[136.72616,35.70314],[136.72582,35.70224],[136.72589,35.70155],[136.72472,35.70051],[136.72333,35.70051],[136.72273,35.6973],[136.72231,35.69696],[136.72123,35.69724],[136.7206,35.69659],[136.71952,35.6965],[136.71956,35.69548],[136.71897,35.69497],[136.72046,35.69486],[136.72149,35.69441],[136.72246,35.6945],[136.72444,35.69428],[136.72525,35.69327],[136.72586,35.69307],[136.72643,35.69171],[136.72712,35.69133],[136.72831,35.69181],[136.72946,35.69203],[136.72994,35.6931],[136.73166,35.6936],[136.73375,35.69349],[136.7351,35.69287],[136.73579,35.69191],[136.73559,35.69136],[136.7356,35.68945],[136.73653,35.68777],[136.73674,35.68686],[136.73718,35.68652],[136.7383,35.68493],[136.73986,35.68372],[136.74132,35.68406],[136.74186,35.68451],[136.74311,35.68475],[136.74415,35.68451],[136.74492,35.68483],[136.74653,35.68435],[136.74767,35.68314],[136.74888,35.68329],[136.74926,35.68308],[136.74941,35.68194],[136.74976,35.68125],[136.75082,35.68113],[136.75143,35.68145],[136.75244,35.68101],[136.75295,35.68041],[136.75382,35.68007],[136.75692,35.67958],[136.75968,35.6812],[136.76253,35.6836],[136.76285,35.68437],[136.76451,35.6841],[136.76655,35.68332],[136.76847,35.68317],[136.76883,35.68227],[136.76888,35.6814],[136.76948,35.6804],[136.76946,35.67914],[136.77018,35.67835],[136.77046,35.67715],[136.76992,35.67644],[136.76993,35.67526],[136.77064,35.67421],[136.77035,35.673],[136.77041,35.67169],[136.77081,35.67146],[136.77199,35.66999],[136.77242,35.66858],[136.77247,35.66744],[136.77397,35.6672],[136.77564,35.66733],[136.77655,35.66677],[136.77738,35.6668],[136.7785,35.6665],[136.7794,35.6668],[136.78202,35.66704],[136.78246,35.66673],[136.78309,35.66416],[136.78393,35.66314],[136.78553,35.66406],[136.78798,35.66438],[136.78976,35.66305],[136.79121,35.66265],[136.79256,35.66113],[136.79364,35.66157],[136.79551,35.66123],[136.79738,35.66137],[136.79898,35.66069],[136.79938,35.66074],[136.8006,35.65975],[136.8006,35.65913],[136.80151,35.65783],[136.80254,35.65712],[136.80382,35.65595],[136.8046,35.65502],[136.80562,35.65332],[136.80557,35.6526],[136.80619,35.65093],[136.8062,35.65025],[136.80477,35.64928],[136.80497,35.64761],[136.80487,35.64662],[136.8051,35.646],[136.80477,35.64457],[136.8051,35.64359],[136.80504,35.64263],[136.80533,35.64185],[136.80528,35.64047],[136.80629,35.6389],[136.80622,35.63784],[136.80544,35.63701],[136.80582,35.63583],[136.80518,35.63521],[136.8043,35.63509],[136.80379,35.63465],[136.80346,35.63374],[136.80442,35.63247],[136.80523,35.63051],[136.8059,35.62953],[136.80567,35.62883],[136.80576,35.62762],[136.80537,35.62672],[136.80556,35.62619],[136.80658,35.62551],[136.80706,35.62347],[136.80673,35.62216],[136.80521,35.6204],[136.80509,35.61963],[136.80533,35.61902],[136.80455,35.61826],[136.80454,35.61769],[136.80357,35.61649],[136.80408,35.6142],[136.80492,35.61387],[136.80454,35.61337],[136.80734,35.61206],[136.80648,35.61061],[136.80644,35.60925],[136.80491,35.60824],[136.80464,35.60751],[136.80341,35.60637],[136.80261,35.60543],[136.8015,35.60462],[136.80133,35.60404],[136.80018,35.60329],[136.79957,35.60215],[136.79948,35.60127],[136.7986,35.60052],[136.79797,35.60037],[136.79693,35.59916],[136.79585,35.59871],[136.79442,35.59902],[136.79308,35.59908],[136.79224,35.59841],[136.79065,35.59824],[136.78953,35.59872],[136.78892,35.59793],[136.78741,35.5977],[136.78589,35.59703],[136.78703,35.59633],[136.78737,35.5958],[136.78727,35.59516],[136.78847,35.59414],[136.78945,35.59363],[136.79031,35.59366],[136.79148,35.59286],[136.7941,35.59181],[136.79506,35.59208],[136.79578,35.59162],[136.79642,35.59161],[136.7961,35.58926],[136.79638,35.58838],[136.79528,35.58608],[136.79449,35.58551],[136.7938,35.58439],[136.79268,35.58346],[136.79222,35.58272],[136.79242,35.58127],[136.79213,35.58086],[136.79252,35.57983],[136.79348,35.57938],[136.79431,35.57858],[136.79404,35.57742],[136.79462,35.57622],[136.79446,35.57464],[136.79369,35.57298],[136.79378,35.57127],[136.79511,35.57106],[136.79514,35.56971],[136.79675,35.56999],[136.7977,35.56945],[136.79915,35.56946],[136.79994,35.56895],[136.80054,35.56931],[136.80112,35.56893],[136.80228,35.5692],[136.8032,35.56903],[136.80413,35.56977],[136.80435,35.57079],[136.80419,35.57141],[136.80429,35.57322],[136.80503,35.57326],[136.80688,35.57172],[136.80817,35.57133],[136.80869,35.57079],[136.80887,35.56984],[136.81043,35.56872],[136.81169,35.56809],[136.81211,35.56708],[136.81311,35.56693],[136.81326,35.56634],[136.81415,35.56595],[136.81524,35.56628],[136.8158,35.56689],[136.81715,35.56734],[136.81799,35.56711],[136.81774,35.566],[136.81812,35.56423],[136.81931,35.56308],[136.82061,35.56127],[136.82071,35.56029],[136.81934,35.55961],[136.81785,35.55838],[136.81745,35.55703],[136.8157,35.55638],[136.81539,35.55578],[136.81377,35.55518],[136.81312,35.55471],[136.81287,35.55357],[136.8136,35.55293],[136.81315,35.55231],[136.81312,35.5505],[136.81261,35.54953],[136.81316,35.54863],[136.81261,35.54737],[136.80919,35.54778],[136.80882,35.54629],[136.80968,35.54604],[136.80921,35.54472],[136.80992,35.5445],[136.8089,35.54203],[136.80905,35.54096],[136.80945,35.53985],[136.80967,35.53842],[136.80948,35.53792],[136.80973,35.53589],[136.81034,35.53574],[136.81103,35.53616],[136.81202,35.53594],[136.81243,35.53476],[136.81298,35.53431],[136.81325,35.53315],[136.81457,35.53307],[136.81464,35.53228],[136.81522,35.53173],[136.81865,35.53259],[136.82003,35.53154],[136.82074,35.53128],[136.82082,35.5303],[136.82138,35.52931],[136.82202,35.5292],[136.82319,35.52949],[136.82502,35.53088],[136.82627,35.53059],[136.82691,35.53007],[136.82723,35.52906],[136.82834,35.52694],[136.8288,35.52581],[136.83064,35.52477],[136.83459,35.52374],[136.8346,35.52268],[136.83434,35.52046],[136.83562,35.51854],[136.83611,35.51929],[136.83784,35.51942],[136.83887,35.51885],[136.84019,35.51846],[136.83946,35.51725],[136.83927,35.51616],[136.84087,35.51477],[136.84036,35.51339],[136.84044,35.51237],[136.84173,35.51194],[136.84335,35.51082],[136.844,35.51078],[136.84453,35.50937],[136.84476,35.5081],[136.84549,35.50774],[136.84614,35.50688],[136.84803,35.50712],[136.84896,35.50821],[136.85013,35.50883],[136.85162,35.50799],[136.85261,35.50783],[136.85542,35.50885],[136.85729,35.50944],[136.85834,35.50927],[136.85898,35.50872],[136.86062,35.50814],[136.85914,35.50681],[136.85883,35.50599],[136.8588,35.50485],[136.8584,35.50355],[136.85862,35.50233],[136.85906,35.50138],[136.85898,35.50091],[136.85724,35.50057],[136.85596,35.50135],[136.8555,35.5021],[136.85427,35.50325],[136.85296,35.50395],[136.85252,35.50462],[136.85128,35.50528],[136.84971,35.50418],[136.84754,35.50319],[136.84501,35.5011],[136.84357,35.4997],[136.84567,35.49933],[136.84578,35.4972],[136.84461,35.49676],[136.8425,35.49633],[136.84319,35.4938],[136.84254,35.49293],[136.8419,35.49133],[136.84238,35.48959],[136.84256,35.4884],[136.84207,35.48723],[136.84016,35.48546],[136.83953,35.48387],[136.83966,35.48172],[136.83994,35.4805],[136.84053,35.47887],[136.84056,35.47721],[136.84022,35.47598],[136.83946,35.47504],[136.83824,35.47386],[136.83634,35.47225],[136.83506,35.47089],[136.8346,35.47007],[136.83441,35.46874],[136.83455,35.46783],[136.83535,35.46641],[136.8357,35.46613],[136.83723,35.46636],[136.8376,35.46335],[136.84305,35.46643],[136.84381,35.4667],[136.84565,35.46775],[136.84793,35.46885],[136.85092,35.46925],[136.85213,35.46849],[136.85437,35.4674],[136.85531,35.46677],[136.85653,35.46623],[136.85675,35.46576],[136.85635,35.46511],[136.85646,35.46397],[136.85763,35.46381],[136.85847,35.46426],[136.86014,35.46311],[136.86178,35.46346],[136.86378,35.46353],[136.8654,35.46415],[136.86778,35.46273],[136.86805,35.46394],[136.8698,35.46434],[136.87047,35.46403],[136.87256,35.46359],[136.87354,35.46356],[136.8735,35.46262],[136.8756,35.46121],[136.87765,35.46054],[136.87909,35.46062],[136.88054,35.4585],[136.88137,35.45827],[136.88195,35.45777],[136.88426,35.45735],[136.88546,35.45736],[136.88547,35.45665],[136.88617,35.45592],[136.88613,35.45477],[136.88429,35.45475],[136.88392,35.45299],[136.88471,35.45206],[136.88305,35.45058],[136.88214,35.44906],[136.88228,35.44689],[136.88249,35.44576],[136.88179,35.44466]]]]}},
  {"type":"Feature","properties":{"name":"中津川市","code":"21206"},"geometry":{"type":"MultiPolygon","coordinates":[[[[137.34153,35.54793],[137.34135,35.54675],[137.34043,35.54554],[137.34054,35.54458],[137.34089,35.5443],[137.34135,35.54294],[137.34155,35.54144],[137.34149,35.54022],[137.34212,35.53967],[137.34267,35.53877],[137.34469,35.53874],[137.34533,35.53829],[137.34746,35.53811],[137.34893,35.53731],[137.3493,35.53684],[137.35111,35.5318],[137.35105,35.53049],[137.35009,35.52814],[137.34996,35.52653],[137.35004,35.5256],[137.34972,35.52463],[137.34884,35.52304],[137.34911,35.52236],[137.34874,35.52135],[137.34894,35.52004],[137.34847,35.51886],[137.34826,35.51761],[137.34853,35.51695],[137.34785,35.51561],[137.34822,35.51457],[137.34804,35.51254],[137.34923,35.5118],[137.35044,35.51147],[137.351,35.51096],[137.35139,35.50931],[137.35364,35.50866],[137.35679,35.50897],[137.35764,35.50876],[137.35878,35.508],[137.36013,35.50754],[137.36172,35.50556],[137.36268,35.50528],[137.36382,35.50538],[137.36429,35.50504],[137.36515,35.50526],[137.36631,35.50446],[137.36861,35.50419],[137.36945,35.50448],[137.37236,35.50617],[137.37457,35.50693],[137.37681,35.50748],[137.37997,35.50717],[137.38141,35.5063],[137.38221,35.50617],[137.38396,35.50668],[137.38652,35.50824],[137.38725,35.50804],[137.38872,35.50828],[137.38979,35.50786],[137.39173,35.50779],[137.39245,35.50679],[137.39235,35.50573],[137.3928,35.50484],[137.39432,35.50413],[137.39434,35.50321],[137.39531,35.5013],[137.39464,35.50006],[137.39517,35.4995],[137.39517,35.49879],[137.39472,35.49766],[137.39346,35.49708],[137.39257,35.49624],[137.39262,35.49554],[137.39217,35.49466],[137.39131,35.49387],[137.3909,35.49306],[137.38972,35.49213],[137.38948,35.49171],[137.38946,35.49059],[137.38977,35.48968],[137.39119,35.48928],[137.39295,35.48825],[137.3936,35.48702],[137.39354,35.48573],[137.39295,35.48349],[137.39317,35.482],[137.39296,35.48128],[137.40097,35.48138],[137.40296,35.48147],[137.40477,35.48232],[137.407,35.48394],[137.40902,35.48133],[137.40973,35.48029],[137.41022,35.48013],[137.41153,35.4782],[137.41236,35.47837],[137.41327,35.47778],[137.41419,35.47757],[137.41486,35.47817],[137.41576,35.4784],[137.41595,35.47926],[137.41744,35.48005],[137.41862,35.47994],[137.42274,35.47808],[137.42902,35.47377],[137.43083,35.47327],[137.43173,35.47318],[137.43306,35.47179],[137.43316,35.47119],[137.434,35.46947],[137.43386,35.4689],[137.43443,35.46769],[137.4345,35.46684],[137.43552,35.46583],[137.43622,35.46413],[137.43735,35.46313],[137.43833,35.46187],[137.44024,35.46034],[137.44045,35.45995],[137.44175,35.45908],[137.4416,35.45835],[137.44103,35.4577],[137.44075,35.45647],[137.44108,35.45576],[137.44194,35.45502],[137.44199,35.45437],[137.44289,35.45395],[137.44332,35.45332],[137.44412,35.4531],[137.44596,35.45318],[137.44645,35.45235],[137.44846,35.45142],[137.45006,35.45091],[137.45178,35.44953],[137.45299,35.44887],[137.45305,35.4482],[137.45368,35.44753],[137.45523,35.44659],[137.45619,35.44547],[137.45745,35.44438],[137.45867,35.44512],[137.45961,35.44389],[137.4607,35.44218],[137.46133,35.44073],[137.46205,35.43972],[137.46339,35.4396],[137.46453,35.44032],[137.46531,35.44017],[137.46686,35.44076],[137.4686,35.44082],[137.46997,35.44072],[137.47099,35.44095],[137.47233,35.44077],[137.47313,35.43967],[137.47533,35.43957],[137.4764,35.44011],[137.4794,35.43967],[137.48084,35.4401],[137.48116,35.44054],[137.48105,35.44151],[137.48242,35.44216],[137.48395,35.44182],[137.48557,35.44175],[137.48864,35.44132],[137.49432,35.44068],[137.49671,35.44002],[137.49778,35.44083],[137.49904,35.44023],[137.50062,35.44059],[137.50033,35.43985],[137.50135,35.43935],[137.50255,35.43938],[137.50288,35.43908],[137.50207,35.43779],[137.50156,35.43762],[137.5,35.43645],[137.49939,35.43545],[137.49876,35.43548],[137.49757,35.43394],[137.49698,35.43297],[137.49595,35.43291],[137.49545,35.43203],[137.49479,35.43172],[137.49426,35.43082],[137.49333,35.43033],[137.49177,35.43026],[137.49106,35.42988],[137.48992,35.42998],[137.48911,35.42953],[137.48836,35.42847],[137.48676,35.42782],[137.48511,35.42749],[137.48433,35.42711],[137.48339,35.42728],[137.48238,35.42718],[137.48088,35.42771],[137.47879,35.42755],[137.47705,35.42796],[137.4755,35.42723],[137.47323,35.42712],[137.47067,35.42644],[137.46887,35.42632],[137.46676,35.42682],[137.46476,35.4265],[137.46325,35.42666],[137.46181,35.42651],[137.4592,35.4239],[137.45846,35.42383],[137.45736,35.42444],[137.45577,35.42484],[137.45484,35.42448],[137.45386,35.42351],[137.45206,35.42337],[137.44461,35.4225],[137.44384,35.4223],[137.4432,35.42137],[137.44119,35.42136],[137.44005,35.42119],[137.43851,35.42034],[137.43804,35.41988],[137.43715,35.41961],[137.43527,35.41969],[137.43461,35.41988],[137.43324,35.4209],[137.43082,35.42198],[137.43026,35.42122],[137.43115,35.41879],[137.43164,35.41829],[137.43282,35.41816],[137.43323,35.41886],[137.43404,35.41884],[137.43458,35.41722],[137.43603,35.41619],[137.43465,35.41637],[137.43356,35.4162],[137.43308,35.41557],[137.43285,35.41475],[137.43479,35.41353],[137.43578,35.41364],[137.43725,35.41226],[137.43809,35.41121],[137.43828,35.4103],[137.43813,35.40942],[137.43953,35.40604],[137.43922,35.40547],[137.43933,35.40414],[137.44077,35.40332],[137.44112,35.40199],[137.44177,35.40145],[137.44209,35.39993],[137.44257,35.39896],[137.44317,35.39842],[137.44317,35.39744],[137.44453,35.39725],[137.44579,35.3974],[137.4472,35.39673],[137.44748,35.39621],[137.44706,35.39492],[137.44788,35.39312],[137.44798,35.39138],[137.44839,35.39042],[137.44891,35.3898],[137.45067,35.38898],[137.45131,35.38831],[137.45246,35.38809],[137.4536,35.38713],[137.45459,35.38707],[137.45537,35.3865],[137.45605,35.38639],[137.45663,35.38519],[137.45931,35.38315],[137.46024,35.38145],[137.46042,35.38085],[137.46133,35.38012],[137.46303,35.37827],[137.46524,35.37536],[137.4666,35.37276],[137.46686,35.37133],[137.46731,35.37042],[137.46854,35.36981],[137.46963,35.36892],[137.47189,35.36838],[137.47289,35.36788],[137.47387,35.36714],[137.4766,35.36684],[137.47812,35.367],[137.48077,35.3661],[137.48151,35.36555],[137.48181,35.36478],[137.48244,35.36454],[137.48322,35.36349],[137.48527,35.36228],[137.48674,35.36195],[137.4873,35.3614],[137.48815,35.36104],[137.48829,35.36021],[137.4893,35.35943],[137.49083,35.36007],[137.49171,35.36012],[137.49216,35.36083],[137.49197,35.36178],[137.49257,35.36232],[137.49298,35.36325],[137.49573,35.36411],[137.49655,35.36569],[137.49831,35.36722],[137.49873,35.36799],[137.49992,35.36826],[137.50092,35.36777],[137.50136,35.36808],[137.5023,35.36953],[137.50379,35.37029],[137.5046,35.37019],[137.50563,35.36947],[137.50694,35.36986],[137.50701,35.37076],[137.50851,35.37181],[137.5091,35.37298],[137.5097,35.37369],[137.51098,35.37373],[137.51139,35.37399],[137.51308,35.37429],[137.51345,35.37487],[137.5145,35.37518],[137.51624,35.37479],[137.51695,35.37449],[137.51795,35.37516],[137.51944,35.3749],[137.52012,35.37559],[137.52107,35.37578],[137.52248,35.3749],[137.5232,35.37482],[137.52471,35.37579],[137.52516,35.37522],[137.52672,35.37425],[137.528,35.37405],[137.52894,35.37343],[137.52984,35.37351],[137.53064,35.37425],[137.5319,35.37489],[137.53218,35.37536],[137.53304,35.37535],[137.53351,35.37665],[137.53461,35.37747],[137.536,35.37804],[137.53745,35.37785],[137.53808,35.37756],[137.53944,35.37785],[137.5405,35.37876],[137.5408,35.37957],[137.54217,35.38075],[137.54315,35.38279],[137.54407,35.38394],[137.54653,35.38508],[137.54708,35.38565],[137.54821,35.38625],[137.54874,35.38607],[137.55109,35.38609],[137.55175,35.38644],[137.55318,35.38656],[137.55367,35.38723],[137.55457,35.3876],[137.55621,35.38901],[137.55672,35.38903],[137.55852,35.3901],[137.55844,35.39078],[137.55871,35.39197],[137.55783,35.39356],[137.55789,35.39494],[137.5584,35.39631],[137.55957,35.39743],[137.56119,35.39835],[137.56132,35.39889],[137.56259,35.40036],[137.56385,35.40135],[137.56425,35.40194],[137.56402,35.40252],[137.56432,35.40384],[137.56795,35.40319],[137.57026,35.40097],[137.57061,35.40028],[137.57211,35.39896],[137.57327,35.39915],[137.57424,35.39971],[137.57523,35.40001],[137.57659,35.40047],[137.5775,35.40007],[137.57829,35.39925],[137.57974,35.39932],[137.58058,35.39885],[137.58137,35.39803],[137.58331,35.39773],[137.58362,35.39695],[137.58627,35.3957],[137.58816,35.3953],[137.58898,35.39433],[137.59067,35.39361],[137.59142,35.39376],[137.59311,35.39367],[137.59502,35.39538],[137.59626,35.39413],[137.59761,35.39419],[137.59955,35.39406],[137.60012,35.39356],[137.60149,35.39369],[137.6035,35.39358],[137.60522,35.39399],[137.60715,35.39357],[137.60864,35.39345],[137.60942,35.39311],[137.61207,35.39265],[137.61289,35.39172],[137.61469,35.39244],[137.61659,35.39193],[137.61843,35.39174],[137.6195,35.39325],[137.62197,35.39378],[137.62367,35.3945],[137.62425,35.39505],[137.62556,35.39553],[137.62658,35.39631],[137.62895,35.39734],[137.63061,35.39746],[137.63138,35.39769],[137.63232,35.3985],[137.63369,35.39904],[137.63429,35.39975],[137.63482,35.40086],[137.63503,35.40202],[137.63482,35.40296],[137.63341,35.40514],[137.63275,35.40579],[137.6319,35.40599],[137.63102,35.4069],[137.63219,35.40849],[137.63196,35.40988],[137.63205,35.4107],[137.63043,35.4112],[137.62857,35.41087],[137.62692,35.41093],[137.62575,35.41078],[137.62487,35.41097],[137.62318,35.41182],[137.62197,35.4119],[137.62149,35.41238],[137.62088,35.41398],[137.61984,35.41536],[137.62052,35.41725],[137.61893,35.41885],[137.61747,35.42114],[137.61643,35.42207],[137.61568,35.42334],[137.61567,35.42391],[137.6163,35.42538],[137.61763,35.42645],[137.61752,35.42732],[137.61636,35.42847],[137.61597,35.42992],[137.6153,35.43084],[137.61357,35.43194],[137.61226,35.43311],[137.61182,35.43381],[137.60927,35.43609],[137.60882,35.43737],[137.60801,35.43809],[137.60642,35.43869],[137.60298,35.43943],[137.6016,35.43928],[137.59891,35.44183],[137.59844,35.44287],[137.59713,35.44324],[137.59554,35.44455],[137.59438,35.44589],[137.59315,35.44692],[137.59392,35.44769],[137.59474,35.44886],[137.59728,35.45078],[137.59763,35.45118],[137.60068,35.45235],[137.60214,35.45335],[137.60296,35.45415],[137.60333,35.45492],[137.60455,35.4558],[137.60546,35.45581],[137.60647,35.45635],[137.60721,35.45792],[137.61043,35.45888],[137.61082,35.46003],[137.61268,35.46183],[137.61328,35.46293],[137.61531,35.46337],[137.61694,35.46468],[137.6183,35.46779],[137.61939,35.46775],[137.62127,35.46867],[137.62197,35.46808],[137.62222,35.46722],[137.62312,35.46691],[137.62475,35.4677],[137.62592,35.46769],[137.62653,35.46792],[137.6275,35.46778],[137.62842,35.46731],[137.62885,35.46754],[137.62957,35.46864],[137.63025,35.46879],[137.63088,35.46956],[137.63175,35.47004],[137.63199,35.47146],[137.63162,35.47311],[137.63238,35.47416],[137.6315,35.47505],[137.63096,35.47623],[137.6298,35.47689],[137.62959,35.47738],[137.63053,35.47876],[137.63052,35.48059],[137.62938,35.48109],[137.62922,35.48143],[137.62978,35.48359],[137.62912,35.48394],[137.62711,35.48449],[137.62729,35.48551],[137.6271,35.48606],[137.62635,35.48664],[137.62626,35.48773],[137.62559,35.48832],[137.62575,35.48977],[137.62557,35.49058],[137.62586,35.49258],[137.62443,35.49383],[137.62483,35.49504],[137.62493,35.49721],[137.62445,35.49928],[137.62455,35.50061],[137.62493,35.50093],[137.62605,35.50116],[137.62822,35.50135],[137.6283,35.50162],[137.62756,35.50282],[137.62796,35.50414],[137.62898,35.50497],[137.62946,35.50606],[137.62893,35.50704],[137.63158,35.5089],[137.63177,35.50945],[137.63103,35.51051],[137.62976,35.51093],[137.62842,35.51168],[137.62617,35.51216],[137.62609,35.5132],[137.6256,35.515],[137.62449,35.51615],[137.62392,35.51629],[137.62231,35.51864],[137.62312,35.52015],[137.6209,35.521],[137.6202,35.5214],[137.61943,35.52141],[137.61933,35.52238],[137.61869,35.52339],[137.61884,35.52533],[137.6182,35.52617],[137.61631,35.52628],[137.61533,35.5273],[137.61373,35.52871],[137.61203,35.5298],[137.61043,35.5303],[137.60811,35.53308],[137.60726,35.53354],[137.60466,35.53249],[137.6025,35.5307],[137.60059,35.5323],[137.59962,35.5329],[137.59887,35.53399],[137.59705,35.53455],[137.59512,35.53389],[137.59294,35.53474],[137.59028,35.53527],[137.58935,35.53632],[137.58857,35.53693],[137.58793,35.53805],[137.58636,35.53823],[137.58407,35.53884],[137.58272,35.53905],[137.58195,35.53878],[137.58093,35.53893],[137.5805,35.5399],[137.58041,35.54079],[137.57917,35.54245],[137.57824,35.54289],[137.57701,35.54385],[137.57675,35.54495],[137.57451,35.54453],[137.57365,35.54527],[137.57435,35.54656],[137.57422,35.54777],[137.5748,35.54932],[137.57402,35.55056],[137.57222,35.55115],[137.57162,35.55159],[137.57219,35.55316],[137.57081,35.55407],[137.57152,35.55644],[137.57151,35.55712],[137.57261,35.55797],[137.57192,35.55964],[137.57235,35.56043],[137.57206,35.56125],[137.57109,35.56203],[137.57112,35.56263],[137.56962,35.56373],[137.5686,35.56363],[137.56769,35.56455],[137.56693,35.56478],[137.56639,35.56608],[137.56492,35.56589],[137.5646,35.56643],[137.56457,35.56805],[137.56428,35.56901],[137.56521,35.56945],[137.56615,35.5706],[137.56709,35.57096],[137.56796,35.57265],[137.56873,35.57347],[137.56885,35.57429],[137.56929,35.57492],[137.5684,35.57621],[137.5682,35.57709],[137.56942,35.57883],[137.57043,35.5799],[137.57055,35.58077],[137.57026,35.58204],[137.57046,35.58274],[137.5712,35.58364],[137.5713,35.58416],[137.56911,35.58435],[137.5681,35.58592],[137.56544,35.58504],[137.5641,35.58487],[137.56342,35.58528],[137.56106,35.58565],[137.55862,35.58558],[137.55662,35.5858],[137.55397,35.58629],[137.55221,35.58725],[137.5507,35.5877],[137.549,35.5871],[137.54756,35.58728],[137.54615,35.58724],[137.54435,35.58667],[137.54169,35.58558],[137.54034,35.58517],[137.5383,35.5848],[137.5376,35.58445],[137.53754,35.58546],[137.53691,35.58653],[137.53544,35.58738],[137.53421,35.58771],[137.53289,35.58767],[137.53166,35.58809],[137.53064,35.58975],[137.53126,35.59047],[137.53259,35.59145],[137.53201,35.59217],[137.53204,35.59323],[137.53086,35.59369],[137.52986,35.5938],[137.5283,35.5951],[137.52828,35.59579],[137.52727,35.59596],[137.52487,35.59744],[137.52307,35.59804],[137.52147,35.59972],[137.52009,35.60011],[137.51974,35.60063],[137.51963,35.60155],[137.51995,35.60261],[137.51951,35.60291],[137.51858,35.60277],[137.5181,35.60308],[137.51824,35.60443],[137.51714,35.60524],[137.51673,35.60608],[137.51611,35.60658],[137.51481,35.60719],[137.51381,35.60802],[137.51436,35.61048],[137.5153,35.6121],[137.51549,35.61317],[137.51518,35.61392],[137.51544,35.61442],[137.5164,35.61511],[137.51659,35.61631],[137.5166,35.61781],[137.51702,35.61848],[137.51794,35.61867],[137.51813,35.61913],[137.51971,35.61967],[137.52211,35.61921],[137.52265,35.6194],[137.52335,35.62123],[137.52331,35.62209],[137.52281,35.62293],[137.52313,35.62419],[137.52365,35.62496],[137.52378,35.62597],[137.52444,35.62657],[137.52472,35.62739],[137.52578,35.62797],[137.52706,35.62821],[137.52769,35.62871],[137.52795,35.63025],[137.52653,35.63146],[137.52622,35.6321],[137.5266,35.63426],[137.52815,35.63598],[137.52877,35.63616],[137.52994,35.63589],[137.53058,35.63622],[137.53122,35.6372],[137.53228,35.63781],[137.53309,35.63796],[137.53479,35.63773],[137.5352,35.63803],[137.53613,35.63782],[137.53734,35.63829],[137.53818,35.63833],[137.53941,35.63999],[137.54022,35.64071],[137.54102,35.64208],[137.54093,35.64253],[137.53935,35.64387],[137.5393,35.64504],[137.53956,35.64644],[137.54,35.64705],[137.54093,35.64737],[137.543,35.64883],[137.54371,35.64883],[137.54499,35.6492],[137.54542,35.65034],[137.54545,35.65108],[137.54386,35.6529],[137.54236,35.65427],[137.54155,35.65561],[137.53971,35.65719],[137.53934,35.65811],[137.53824,35.65914],[137.53683,35.66009],[137.53596,35.66115],[137.53526,35.66356],[137.53491,35.6641],[137.53537,35.66581],[137.53312,35.66691],[137.53252,35.66777],[137.53018,35.66891],[137.52779,35.6707],[137.52691,35.67105],[137.52511,35.67126],[137.52447,35.6715],[137.52209,35.67454],[137.52148,35.67573],[137.51987,35.67719],[137.51925,35.67743],[137.51722,35.67704],[137.51554,35.67763],[137.5147,35.67733],[137.51396,35.67801],[137.51263,35.67846],[137.51221,35.67888],[137.51205,35.67974],[137.51143,35.68079],[137.5105,35.68129],[137.50943,35.68238],[137.50766,35.68206],[137.5055,35.68299],[137.505,35.68333],[137.50425,35.68451],[137.50325,35.68451],[137.50199,35.68483],[137.50114,35.68622],[137.49982,35.68719],[137.49841,35.68728],[137.4972,35.68848],[137.49734,35.68987],[137.49782,35.69092],[137.49805,35.69237],[137.49798,35.69322],[137.49758,35.69404],[137.49868,35.69622],[137.49812,35.69669],[137.49763,35.69814],[137.49734,35.69842],[137.49553,35.69858],[137.49312,35.69951],[137.49183,35.70043],[137.49186,35.70216],[137.49083,35.70371],[137.49078,35.70423],[137.48986,35.70435],[137.48813,35.70502],[137.48604,35.7055],[137.48572,35.70603],[137.48555,35.70781],[137.48591,35.70955],[137.48588,35.71029],[137.48696,35.71188],[137.48744,35.71476],[137.48756,35.71668],[137.48658,35.7186],[137.48679,35.71909],[137.48643,35.72096],[137.48649,35.72145],[137.48593,35.72247],[137.48521,35.7247],[137.48078,35.72626],[137.47922,35.72648],[137.47887,35.72676],[137.47832,35.72841],[137.47826,35.73023],[137.4761,35.73178],[137.47464,35.73253],[137.47308,35.7338],[137.47269,35.73493],[137.47226,35.7354],[137.47084,35.73579],[137.47087,35.7364],[137.47013,35.73764],[137.46984,35.73889],[137.46897,35.73941],[137.4683,35.74025],[137.46656,35.74117],[137.46667,35.74238],[137.46554,35.74377],[137.4674,35.746],[137.46809,35.74702],[137.4674,35.74827],[137.4666,35.74849],[137.46569,35.7492],[137.46539,35.75011],[137.46523,35.75181],[137.46473,35.75274],[137.46444,35.75414],[137.46475,35.75637],[137.4639,35.7568],[137.4629,35.75783],[137.46194,35.75825],[137.46055,35.76041],[137.45957,35.7614],[137.45772,35.76104],[137.45714,35.76109],[137.45616,35.76166],[137.45336,35.7622],[137.4524,35.76333],[137.4517,35.76214],[137.45013,35.76125],[137.45046,35.76077],[137.45035,35.7598],[137.44994,35.75929],[137.44916,35.75925],[137.4482,35.7588],[137.44671,35.75843],[137.44574,35.75837],[137.44343,35.75858],[137.44018,35.75855],[137.4392,35.75966],[137.43793,35.76062],[137.43745,35.76335],[137.4367,35.76437],[137.4345,35.76617],[137.43368,35.76778],[137.43445,35.77091],[137.43317,35.77112],[137.42998,35.77144],[137.42917,35.77122],[137.42776,35.77119],[137.42676,35.77153],[137.42562,35.77241],[137.42525,35.77304],[137.42397,35.77436],[137.42354,35.77516],[137.42267,35.77425],[137.42133,35.77384],[137.41905,35.77355],[137.4177,35.7743],[137.41734,35.77557],[137.41628,35.7763],[137.41505,35.77633],[137.41347,35.7768],[137.41109,35.77727],[137.40952,35.77697],[137.40834,35.77703],[137.40341,35.77597],[137.40253,35.77548],[137.40086,35.77556],[137.39995,35.7754],[137.39762,35.77609],[137.3958,35.77648],[137.39464,35.77742],[137.39326,35.77773],[137.39198,35.77888],[137.3911,35.78043],[137.39168,35.78097],[137.39393,35.78194],[137.39437,35.7824],[137.39468,35.78365],[137.39642,35.78516],[137.39605,35.78681],[137.39592,35.78885],[137.39529,35.78975],[137.39638,35.79084],[137.39569,35.79187],[137.39521,35.79319],[137.39381,35.79528],[137.39421,35.79693],[137.39384,35.79765],[137.39179,35.79858],[137.39045,35.79888],[137.38866,35.79895],[137.38639,35.79871],[137.38582,35.79877],[137.38437,35.7995],[137.38356,35.80027],[137.38122,35.80129],[137.37871,35.80067],[137.37614,35.80044],[137.37332,35.80044],[137.37011,35.79917],[137.36897,35.79848],[137.36692,35.79907],[137.36552,35.7986],[137.36406,35.79838],[137.36265,35.79798],[137.36175,35.79679],[137.36029,35.79597],[137.3586,35.79476],[137.35786,35.79292],[137.35678,35.79229],[137.35545,35.79045],[137.3554,35.78935],[137.35424,35.78887],[137.35325,35.78805],[137.35337,35.78518],[137.3517,35.78331],[137.35061,35.78276],[137.34991,35.78217],[137.34798,35.78137],[137.34752,35.78001],[137.34629,35.77828],[137.34562,35.77672],[137.34475,35.77609],[137.34405,35.77512],[137.3442,35.77374],[137.34389,35.7734],[137.34249,35.77313],[137.34154,35.77227],[137.34114,35.7711],[137.34039,35.77024],[137.33884,35.76958],[137.33855,35.76875],[137.33754,35.76749],[137.33651,35.76662],[137.33605,35.76554],[137.33396,35.76443],[137.33432,35.76377],[137.334,35.76267],[137.33431,35.76167],[137.33366,35.76003],[137.3337,35.7591],[137.33318,35.75816],[137.33287,35.75706],[137.33109,35.75485],[137.33045,35.75348],[137.33037,35.75209],[137.33005,35.75101],[137.32881,35.75007],[137.32767,35.74948],[137.32707,35.74851],[137.32624,35.7481],[137.32489,35.74794],[137.32488,35.74718],[137.32528,35.74655],[137.32615,35.74588],[137.32621,35.74512],[137.32737,35.74362],[137.32779,35.74205],[137.3288,35.74109],[137.32762,35.73947],[137.32823,35.73906],[137.32894,35.73771],[137.32994,35.73682],[137.33018,35.7352],[137.33065,35.73425],[137.32963,35.73349],[137.33023,35.73087],[137.32987,35.72961],[137.33044,35.72809],[137.33109,35.72766],[137.33096,35.72678],[137.33115,35.72557],[137.33089,35.72485],[137.3316,35.72389],[137.33144,35.72248],[137.33159,35.72097],[137.33134,35.7203],[137.33141,35.7189],[137.33197,35.71831],[137.33222,35.71703],[137.33148,35.7161],[137.33143,35.7153],[137.33075,35.71435],[137.33052,35.71345],[137.33119,35.71285],[137.33137,35.71172],[137.33102,35.71097],[137.33183,35.71056],[137.33279,35.70962],[137.33356,35.70915],[137.33607,35.70916],[137.33747,35.7082],[137.33799,35.70733],[137.33957,35.70763],[137.34115,35.70739],[137.34183,35.7067],[137.34252,35.70523],[137.34406,35.70364],[137.34479,35.70347],[137.34419,35.70262],[137.34426,35.70218],[137.34199,35.7014],[137.34154,35.70043],[137.34187,35.69942],[137.34291,35.6977],[137.34391,35.69752],[137.34403,35.69643],[137.34369,35.69595],[137.34456,35.69531],[137.34568,35.69524],[137.34669,35.69451],[137.34852,35.69412],[137.34937,35.69446],[137.35051,35.69441],[137.3516,35.69487],[137.35214,35.69603],[137.35291,35.69531],[137.35392,35.69471],[137.35475,35.6936],[137.35535,35.69234],[137.35646,35.6912],[137.35798,35.68996],[137.35899,35.68868],[137.35975,35.68818],[137.36124,35.68654],[137.36268,35.68553],[137.36323,35.68415],[137.3642,35.68278],[137.364,35.68211],[137.36419,35.68118],[137.36514,35.67931],[137.36634,35.67871],[137.36872,35.6764],[137.36964,35.67595],[137.37085,35.67575],[137.37015,35.67436],[137.37126,35.67371],[137.37313,35.67207],[137.37616,35.67109],[137.37854,35.67003],[137.38042,35.66939],[137.38131,35.66868],[137.38384,35.66792],[137.38507,35.66787],[137.38573,35.66742],[137.38668,35.66613],[137.39041,35.66599],[137.39425,35.66516],[137.39534,35.66474],[137.39617,35.66391],[137.39703,35.66213],[137.39839,35.66146],[137.40007,35.66122],[137.40129,35.66171],[137.40342,35.66165],[137.40439,35.66116],[137.40562,35.6612],[137.4065,35.65994],[137.40856,35.65841],[137.40864,35.65722],[137.40915,35.65635],[137.40869,35.65537],[137.40774,35.65478],[137.4073,35.6535],[137.40602,35.65297],[137.40562,35.65144],[137.40495,35.65057],[137.40384,35.64955],[137.40113,35.64752],[137.40061,35.6467],[137.40073,35.64629],[137.40218,35.6457],[137.40378,35.64531],[137.4041,35.64505],[137.40387,35.64408],[137.40399,35.64317],[137.40531,35.64145],[137.40722,35.63939],[137.40785,35.63934],[137.40903,35.6385],[137.41101,35.63833],[137.41053,35.63757],[137.41045,35.63577],[137.41058,35.63477],[137.41093,35.63404],[137.41066,35.63297],[137.41118,35.63235],[137.41101,35.63178],[137.41122,35.63024],[137.41229,35.62852],[137.41268,35.62645],[137.41164,35.62556],[137.41084,35.62518],[137.40947,35.62492],[137.40851,35.62417],[137.40773,35.62401],[137.40525,35.62252],[137.40495,35.6219],[137.40533,35.62115],[137.40536,35.62017],[137.40505,35.61949],[137.40561,35.61826],[137.405,35.61695],[137.40498,35.61572],[137.40424,35.61492],[137.40423,35.61448],[137.40314,35.61384],[137.40179,35.61249],[137.40066,35.6117],[137.39977,35.61147],[137.39883,35.61091],[137.39777,35.60984],[137.39639,35.60898],[137.39578,35.60891],[137.39524,35.60821],[137.39459,35.608],[137.39369,35.60849],[137.39305,35.60834],[137.39296,35.60797],[137.39389,35.60645],[137.39372,35.60538],[137.39206,35.60495],[137.39106,35.60517],[137.38941,35.60507],[137.38904,35.60466],[137.38709,35.60393],[137.38664,35.60314],[137.387,35.602],[137.38711,35.60075],[137.38659,35.6002],[137.38642,35.59906],[137.3873,35.59839],[137.3878,35.59655],[137.38778,35.59539],[137.38892,35.59452],[137.38978,35.59296],[137.38974,35.59152],[137.38989,35.59085],[137.3914,35.58897],[137.39168,35.58815],[137.39322,35.58727],[137.39367,35.58653],[137.39389,35.58549],[137.39449,35.5841],[137.39579,35.58264],[137.39622,35.58183],[137.39689,35.58135],[137.39841,35.58118],[137.39838,35.58057],[137.39895,35.57944],[137.39807,35.57714],[137.39785,35.5758],[137.39896,35.57344],[137.39906,35.57224],[137.39808,35.57175],[137.39763,35.57102],[137.39526,35.56804],[137.39444,35.56742],[137.39455,35.56641],[137.39497,35.56508],[137.39546,35.56441],[137.39573,35.56292],[137.39483,35.56228],[137.39305,35.56234],[137.3922,35.5627],[137.39096,35.56193],[137.38854,35.56203],[137.38728,35.56249],[137.38617,35.56202],[137.38362,35.56241],[137.38241,35.56325],[137.38081,35.56347],[137.37976,35.56403],[137.3771,35.56458],[137.37549,35.56417],[137.37335,35.56509],[137.37186,35.56536],[137.37072,35.56591],[137.36926,35.56703],[137.36817,35.56709],[137.36655,35.56631],[137.36549,35.5663],[137.3646,35.56603],[137.36313,35.5661],[137.36219,35.56575],[137.36082,35.56561],[137.36027,35.56528],[137.35887,35.56501],[137.35805,35.56415],[137.35699,35.56449],[137.35587,35.5644],[137.35541,35.56483],[137.35484,35.56424],[137.35201,35.56383],[137.35045,35.56331],[137.34971,35.56288],[137.3483,35.56299],[137.34712,35.56258],[137.34528,35.56162],[137.34393,35.56276],[137.34301,35.56304],[137.34267,35.56261],[137.3431,35.56074],[137.34409,35.56079],[137.34371,35.55988],[137.3444,35.55916],[137.34393,35.55853],[137.34414,35.55744],[137.34361,35.55671],[137.34485,35.55582],[137.34494,35.5552],[137.34553,35.55453],[137.34496,35.55361],[137.3447,35.55272],[137.34498,35.55095],[137.3446,35.55029],[137.34336,35.5497],[137.34153,35.54793]]]]}},
  {"type":"Feature","properties":{"name":"美濃市","code":"21207"},"geometry":{"type":"MultiPolygon","coordinates":[[[[136.97867,35.61539],[136.9772,35.61639],[136.97672,35.61699],[136.97603,35.61725],[136.97462,35.61724],[136.97299,35.61767],[136.97243,35.61718],[136.97029,35.6163],[136.96928,35.61633],[136.96867,35.61597],[136.96736,35.61566],[136.96626,35.61574],[136.96488,35.61633],[136.96414,35.61616],[136.96145,35.6165],[136.9593,35.61588],[136.95789,35.61461],[136.95572,35.61503],[136.95488,35.61486],[136.95262,35.61501],[136.95047,35.61374],[136.9506,35.6123],[136.95009,35.61112],[136.9497,35.61097],[136.94833,35.6092],[136.94587,35.60688],[136.94532,35.60587],[136.94432,35.60515],[136.94367,35.60392],[136.94431,35.60246],[136.9438,35.60193],[136.94311,35.59994],[136.94253,35.59882],[136.94184,35.59837],[136.93982,35.59888],[136.93858,35.59903],[136.93463,35.59871],[136.93319,35.59914],[136.9316,35.60001],[136.93079,35.60092],[136.93069,35.60143],[136.92862,35.60141],[136.92796,35.60166],[136.92549,35.60115],[136.92476,35.60142],[136.92413,35.60223],[136.92356,35.60234],[136.92283,35.60363],[136.92319,35.60435],[136.92313,35.60531],[136.92249,35.60648],[136.92159,35.60699],[136.92113,35.60805],[136.9204,35.60905],[136.91972,35.6096],[136.91798,35.61034],[136.91712,35.61184],[136.91611,35.61231],[136.91556,35.61311],[136.91466,35.61532],[136.91451,35.61729],[136.91413,35.618],[136.91405,35.61972],[136.91353,35.62059],[136.91289,35.62102],[136.91242,35.62182],[136.91218,35.62285],[136.91136,35.62307],[136.91029,35.62416],[136.90882,35.6243],[136.90638,35.62587],[136.90583,35.62678],[136.90529,35.62716],[136.90366,35.62749],[136.90352,35.62776],[136.90404,35.63005],[136.90321,35.63115],[136.90269,35.63264],[136.90292,35.63343],[136.90257,35.63411],[136.90228,35.63562],[136.90147,35.63761],[136.90052,35.63856],[136.89983,35.63889],[136.89921,35.63986],[136.89928,35.64109],[136.89895,35.64162],[136.89895,35.64249],[136.89809,35.64354],[136.89845,35.64482],[136.89818,35.64532],[136.89631,35.64629],[136.8955,35.64635],[136.89446,35.64688],[136.89388,35.64759],[136.89286,35.64806],[136.89062,35.64831],[136.89023,35.6494],[136.88968,35.65],[136.88943,35.65111],[136.88723,35.65027],[136.88626,35.65011],[136.88535,35.65024],[136.88481,35.65105],[136.88424,35.65133],[136.88254,35.65163],[136.8819,35.6521],[136.87965,35.65228],[136.87653,35.65145],[136.87484,35.65024],[136.87379,35.6489],[136.87259,35.6483],[136.87042,35.6483],[136.86946,35.64699],[136.86943,35.64607],[136.86976,35.64566],[136.86954,35.64469],[136.86967,35.64407],[136.87036,35.64327],[136.87032,35.64227],[136.86989,35.6412],[136.87019,35.63894],[136.87026,35.63664],[136.8688,35.63659],[136.86767,35.63711],[136.8662,35.63704],[136.86495,35.63745],[136.86307,35.63747],[136.86073,35.63676],[136.85992,35.6363],[136.85894,35.63631],[136.85668,35.63561],[136.85553,35.63542],[136.85428,35.63354],[136.85431,35.63051],[136.85505,35.62995],[136.85446,35.62815],[136.85325,35.62617],[136.85317,35.62489],[136.85383,35.62384],[136.85387,35.62275],[136.85342,35.62176],[136.85263,35.62183],[136.85179,35.62152],[136.85122,35.62073],[136.84992,35.62029],[136.84829,35.61896],[136.84752,35.61777],[136.84759,35.61626],[136.84905,35.61533],[136.85008,35.61496],[136.85132,35.61405],[136.85219,35.61293],[136.85234,35.61223],[136.85346,35.61094],[136.8526,35.6096],[136.85199,35.60917],[136.85212,35.60857],[136.85154,35.60758],[136.85166,35.60667],[136.85218,35.60615],[136.85206,35.60479],[136.85267,35.60335],[136.85181,35.60324],[136.84997,35.60232],[136.84906,35.60112],[136.84635,35.5985],[136.84588,35.59662],[136.84609,35.59537],[136.84453,35.59577],[136.84363,35.59562],[136.84328,35.59504],[136.84201,35.59411],[136.84169,35.59347],[136.84247,35.59255],[136.84351,35.59206],[136.84666,35.58949],[136.8456,35.58883],[136.84494,35.58799],[136.84471,35.58728],[136.84385,35.58678],[136.84253,35.58544],[136.84286,35.58399],[136.84361,35.58326],[136.84394,35.58206],[136.8438,35.58128],[136.84411,35.58046],[136.84364,35.57978],[136.84429,35.57953],[136.846,35.58012],[136.84696,35.57989],[136.84749,35.57949],[136.84627,35.57755],[136.8466,35.57662],[136.84567,35.57553],[136.84592,35.575],[136.84594,35.57363],[136.84658,35.57262],[136.84752,35.57216],[136.84762,35.57137],[136.84649,35.56979],[136.84701,35.5689],[136.847,35.56733],[136.84492,35.56672],[136.84416,35.56598],[136.84316,35.56564],[136.84086,35.56399],[136.8396,35.56396],[136.8397,35.56325],[136.83864,35.56232],[136.8388,35.56177],[136.83842,35.56034],[136.83842,35.5593],[136.83902,35.55873],[136.83918,35.55765],[136.83954,35.5569],[136.83925,35.55628],[136.84023,35.55604],[136.84023,35.55416],[136.84172,35.55168],[136.84247,35.55089],[136.84267,35.55026],[136.84432,35.55009],[136.8456,35.54929],[136.84835,35.54945],[136.84893,35.54929],[136.85037,35.54833],[136.85088,35.54781],[136.85248,35.54753],[136.85298,35.54688],[136.85409,35.54626],[136.85377,35.54546],[136.85415,35.54483],[136.85351,35.5439],[136.85317,35.54184],[136.85331,35.53989],[136.85447,35.54003],[136.85507,35.5394],[136.85588,35.53945],[136.85778,35.53692],[136.85866,35.53685],[136.85891,35.53627],[136.85969,35.53657],[136.86065,35.53547],[136.86019,35.53413],[136.86095,35.53304],[136.86109,35.5316],[136.86161,35.52973],[136.86255,35.52927],[136.86227,35.52831],[136.86252,35.52677],[136.863,35.52656],[136.86236,35.52539],[136.86241,35.52432],[136.86413,35.52416],[136.86552,35.52432],[136.8665,35.52355],[136.86663,35.52245],[136.86728,35.5222],[136.86942,35.52068],[136.87113,35.52163],[136.87185,35.52071],[136.87348,35.52077],[136.87446,35.52005],[136.87621,35.51997],[136.87701,35.51927],[136.87825,35.51919],[136.87893,35.51841],[136.88193,35.51747],[136.88242,35.51511],[136.88343,35.51517],[136.88372,35.51487],[136.88546,35.51475],[136.88629,35.51455],[136.88622,35.51401],[136.88719,35.51272],[136.88847,35.51242],[136.88909,35.51256],[136.89006,35.5123],[136.89079,35.51177],[136.89192,35.51146],[136.89437,35.51048],[136.89881,35.51167],[136.89863,35.51201],[136.89663,35.51149],[136.89639,35.51284],[136.89574,35.51315],[136.89554,35.51368],[136.89568,35.51466],[136.89683,35.51526],[136.89721,35.51663],[136.89841,35.51874],[136.89972,35.51863],[136.9006,35.51686],[136.90068,35.5186],[136.90027,35.52136],[136.90056,35.52363],[136.90222,35.52695],[136.90352,35.52673],[136.90468,35.5263],[136.90732,35.52566],[136.90763,35.52598],[136.90907,35.52622],[136.91077,35.52633],[136.91137,35.52601],[136.91331,35.52612],[136.91393,35.52569],[136.91506,35.52536],[136.91571,35.52555],[136.9161,35.5251],[136.91721,35.52512],[136.91794,35.52405],[136.91855,35.52385],[136.91951,35.52311],[136.92092,35.52274],[136.92179,35.52134],[136.9223,35.52141],[136.92383,35.52236],[136.92435,35.52332],[136.92531,35.52307],[136.92587,35.52216],[136.92695,35.52122],[136.92838,35.52167],[136.9291,35.52299],[136.92975,35.52284],[136.93065,35.52319],[136.93213,35.52294],[136.93273,35.52357],[136.93398,35.52411],[136.93422,35.52453],[136.93321,35.52542],[136.93284,35.52669],[136.93139,35.52782],[136.93252,35.52884],[136.93261,35.52954],[136.93323,35.52952],[136.93319,35.53034],[136.93276,35.53102],[136.93311,35.53179],[136.93445,35.53206],[136.93583,35.53309],[136.93555,35.53402],[136.93637,35.53509],[136.93713,35.53535],[136.9374,35.53645],[136.93821,35.53716],[136.93921,35.53772],[136.94009,35.53794],[136.94109,35.5372],[136.9423,35.53856],[136.94279,35.53996],[136.94284,35.54126],[136.94264,35.54264],[136.94284,35.54374],[136.94421,35.54589],[136.94472,35.54639],[136.94671,35.54647],[136.9488,35.54622],[136.94988,35.54646],[136.9514,35.54566],[136.95238,35.5459],[136.95322,35.54639],[136.95463,35.54672],[136.95672,35.54671],[136.95718,35.54735],[136.95804,35.54759],[136.95939,35.54911],[136.95947,35.54973],[136.96018,35.55028],[136.95954,35.55095],[136.95939,35.55216],[136.95833,35.55347],[136.95823,35.55398],[136.95748,35.55481],[136.95678,35.55605],[136.95711,35.55684],[136.95782,35.5574],[136.95802,35.55814],[136.95762,35.55891],[136.95674,35.55969],[136.95662,35.56041],[136.956,35.56084],[136.95567,35.56171],[136.95591,35.56221],[136.95559,35.56278],[136.95561,35.56367],[136.95694,35.56441],[136.95728,35.56524],[136.9592,35.56478],[136.96043,35.56474],[136.96123,35.56538],[136.96205,35.56747],[136.96259,35.56837],[136.96353,35.56938],[136.96442,35.56951],[136.96532,35.57037],[136.96607,35.57077],[136.96741,35.57203],[136.96731,35.57271],[136.96673,35.57319],[136.96678,35.57405],[136.96643,35.57445],[136.96655,35.5753],[136.96625,35.57593],[136.96675,35.57793],[136.96713,35.57848],[136.96715,35.5793],[136.96671,35.58027],[136.966,35.58097],[136.96668,35.5817],[136.96739,35.58284],[136.96839,35.58307],[136.97013,35.58275],[136.97112,35.5838],[136.97227,35.58424],[136.97412,35.58442],[136.97407,35.58572],[136.97351,35.58591],[136.97246,35.58735],[136.97408,35.58884],[136.97421,35.59059],[136.9751,35.592],[136.97542,35.59222],[136.97624,35.59364],[136.97614,35.59547],[136.97566,35.59701],[136.97622,35.59739],[136.97679,35.59853],[136.97751,35.59889],[136.97833,35.59983],[136.97832,35.60066],[136.97901,35.60124],[136.97835,35.60297],[136.97644,35.60389],[136.97724,35.60595],[136.97791,35.6065],[136.9779,35.60701],[136.9784,35.60811],[136.97833,35.60938],[136.97748,35.61041],[136.97773,35.6117],[136.97836,35.61304],[136.97835,35.61429],[136.97867,35.61539]]]]}},
  {"type":"Feature","properties":{"name":"瑞浪市","code":"21208"},"geometry":{"type":"MultiPolygon","coordinates":[[[[137.30808,35.29116],[137.30932,35.2918],[137.31117,35.29173],[137.31188,35.2921],[137.3151,35.29133],[137.31553,35.29161],[137.31712,35.29186],[137.3194,35.2925],[137.32095,35.29336],[137.32206,35.29273],[137.32254,35.2921],[137.32364,35.29195],[137.32493,35.29122],[137.32604,35.29106],[137.32681,35.29164],[137.32807,35.29138],[137.3283,35.29172],[137.32765,35.29284],[137.32817,35.29502],[137.32762,35.29631],[137.32694,35.29653],[137.327,35.29729],[137.32589,35.29755],[137.32472,35.29698],[137.32381,35.29821],[137.32411,35.29882],[137.32488,35.29928],[137.32597,35.30026],[137.326,35.30153],[137.32628,35.30193],[137.32613,35.30328],[137.32691,35.30395],[137.32732,35.3047],[137.32879,35.30541],[137.33024,35.30693],[137.33051,35.3078],[137.33177,35.30729],[137.33295,35.30779],[137.33384,35.30909],[137.33397,35.31135],[137.33418,35.31166],[137.33569,35.31245],[137.3367,35.31252],[137.3378,35.31355],[137.33884,35.31341],[137.33974,35.31364],[137.34048,35.31243],[137.34034,35.31171],[137.34151,35.31176],[137.34304,35.31305],[137.34349,35.31409],[137.34331,35.31477],[137.34366,35.31598],[137.34467,35.31661],[137.34678,35.31692],[137.3465,35.31747],[137.34333,35.31873],[137.34305,35.31968],[137.34227,35.32026],[137.34149,35.32142],[137.34138,35.32198],[137.34028,35.32295],[137.34009,35.32457],[137.34082,35.32603],[137.34059,35.32669],[137.33976,35.32665],[137.33869,35.32709],[137.33785,35.32842],[137.33673,35.32911],[137.33635,35.32988],[137.33561,35.33055],[137.33467,35.33204],[137.33456,35.33296],[137.33291,35.33382],[137.33228,35.33307],[137.33158,35.33288],[137.33076,35.33307],[137.33017,35.33385],[137.3294,35.33355],[137.32899,35.33225],[137.32785,35.3321],[137.32615,35.33212],[137.32422,35.33194],[137.32158,35.33133],[137.32013,35.33148],[137.31927,35.33207],[137.3175,35.33165],[137.31674,35.33186],[137.31531,35.33298],[137.31471,35.33301],[137.31423,35.3325],[137.31368,35.33121],[137.31182,35.3309],[137.3112,35.32979],[137.30939,35.32908],[137.30916,35.32765],[137.30847,35.32658],[137.30656,35.32597],[137.30536,35.32613],[137.3047,35.32645],[137.30408,35.32779],[137.30309,35.32824],[137.30158,35.3284],[137.30008,35.32836],[137.29866,35.32738],[137.29708,35.32609],[137.29664,35.32644],[137.29591,35.32778],[137.29603,35.32822],[137.2975,35.32876],[137.29847,35.3305],[137.29828,35.33209],[137.29832,35.33334],[137.299,35.334],[137.29977,35.33402],[137.30036,35.33455],[137.30015,35.33524],[137.29959,35.33576],[137.30011,35.33687],[137.30143,35.33746],[137.30196,35.33826],[137.30197,35.33917],[137.30268,35.33941],[137.30295,35.34012],[137.30382,35.33986],[137.30478,35.34066],[137.30559,35.34098],[137.30516,35.34219],[137.3069,35.34307],[137.30782,35.34372],[137.30835,35.34441],[137.30856,35.34527],[137.30953,35.34625],[137.31026,35.348],[137.31033,35.34889],[137.3116,35.34989],[137.31253,35.35104],[137.3144,35.35199],[137.31637,35.35233],[137.31757,35.35194],[137.32023,35.35293],[137.32166,35.35315],[137.32305,35.35422],[137.32354,35.35524],[137.32438,35.35613],[137.32405,35.35797],[137.32316,35.3586],[137.3218,35.36129],[137.32257,35.36162],[137.32259,35.36288],[137.32404,35.36339],[137.32509,35.36517],[137.32457,35.3659],[137.32546,35.36667],[137.32577,35.36823],[137.32624,35.36822],[137.32714,35.36939],[137.32906,35.37033],[137.33111,35.37271],[137.3314,35.3737],[137.33246,35.37406],[137.33301,35.37452],[137.33311,35.37516],[137.33437,35.37587],[137.33476,35.37713],[137.33433,35.37758],[137.3345,35.37941],[137.3359,35.37998],[137.33745,35.38008],[137.33809,35.38053],[137.33956,35.38112],[137.34105,35.38243],[137.34062,35.38337],[137.34086,35.38424],[137.34023,35.38547],[137.34099,35.38695],[137.34188,35.38771],[137.34169,35.38847],[137.34266,35.39027],[137.34237,35.39177],[137.34275,35.39242],[137.34266,35.39343],[137.34353,35.39349],[137.34479,35.39394],[137.34524,35.39507],[137.34496,35.396],[137.34449,35.39663],[137.34409,35.39773],[137.34295,35.39922],[137.34157,35.39896],[137.33998,35.39932],[137.33902,35.39908],[137.33867,35.39963],[137.33854,35.40072],[137.33885,35.40134],[137.34072,35.40318],[137.34135,35.40404],[137.34137,35.40463],[137.34079,35.40625],[137.34097,35.40756],[137.34225,35.4083],[137.34268,35.40905],[137.34234,35.41074],[137.34487,35.41126],[137.34538,35.41172],[137.34677,35.41209],[137.34787,35.41196],[137.34857,35.4123],[137.34872,35.41342],[137.34833,35.41422],[137.34861,35.41484],[137.35089,35.41602],[137.35224,35.41685],[137.35224,35.41772],[137.35121,35.41858],[137.35079,35.41972],[137.34972,35.41981],[137.34852,35.42051],[137.34785,35.4206],[137.34681,35.42167],[137.34594,35.4222],[137.34411,35.42227],[137.34327,35.42277],[137.34255,35.42288],[137.34177,35.42349],[137.34093,35.42347],[137.3397,35.42413],[137.33954,35.42474],[137.33877,35.42479],[137.33827,35.42529],[137.33643,35.42637],[137.33572,35.42628],[137.33491,35.42683],[137.3348,35.42737],[137.33404,35.42767],[137.332,35.42755],[137.33246,35.4285],[137.3334,35.4296],[137.33482,35.43049],[137.336,35.43186],[137.33511,35.43276],[137.33475,35.43342],[137.3348,35.43425],[137.33435,35.43562],[137.33366,35.43673],[137.33249,35.4378],[137.3322,35.43893],[137.33248,35.44033],[137.3323,35.44076],[137.33013,35.44264],[137.32839,35.44352],[137.32624,35.44401],[137.32493,35.44332],[137.32362,35.44327],[137.32193,35.44344],[137.32047,35.44376],[137.31835,35.44306],[137.31638,35.44225],[137.31486,35.44147],[137.31303,35.44153],[137.31182,35.44205],[137.31045,35.44333],[137.30968,35.44362],[137.30889,35.44434],[137.30761,35.44465],[137.30653,35.44642],[137.30679,35.44737],[137.30411,35.44755],[137.30333,35.44855],[137.30254,35.44897],[137.30226,35.44978],[137.2999,35.45065],[137.29999,35.45148],[137.30051,35.45229],[137.30064,35.45319],[137.3004,35.45464],[137.30005,35.45561],[137.29969,35.45789],[137.29745,35.4592],[137.29656,35.46002],[137.29528,35.46087],[137.29451,35.46018],[137.29349,35.45862],[137.29203,35.45739],[137.28882,35.45616],[137.28835,35.45583],[137.287,35.45427],[137.28695,35.4531],[137.2864,35.45059],[137.28594,35.44905],[137.28533,35.4484],[137.28436,35.44838],[137.28298,35.4493],[137.28166,35.44973],[137.27784,35.4504],[137.27507,35.45112],[137.2728,35.45153],[137.27189,35.45191],[137.27083,35.45282],[137.26843,35.45612],[137.26678,35.45719],[137.26576,35.45844],[137.26517,35.45958],[137.26474,35.4611],[137.26397,35.4628],[137.26326,35.46375],[137.26232,35.4642],[137.26085,35.46428],[137.25929,35.46365],[137.25794,35.46329],[137.25389,35.46266],[137.2533,35.46275],[137.25146,35.464],[137.2506,35.46443],[137.24876,35.4646],[137.24751,35.46433],[137.24584,35.46356],[137.24492,35.46222],[137.24442,35.46073],[137.24359,35.45992],[137.24284,35.4596],[137.24038,35.45896],[137.23738,35.45724],[137.23637,35.45721],[137.23449,35.45839],[137.23362,35.46001],[137.23331,35.46141],[137.23237,35.46278],[137.2317,35.4648],[137.23164,35.46663],[137.23269,35.47],[137.23246,35.47127],[137.23032,35.47261],[137.22874,35.47302],[137.2275,35.47287],[137.22636,35.4724],[137.22405,35.47073],[137.22273,35.4696],[137.22215,35.46935],[137.22085,35.46942],[137.21942,35.47002],[137.21848,35.47104],[137.2162,35.47381],[137.21452,35.47473],[137.21311,35.47459],[137.21174,35.47387],[137.20963,35.47174],[137.20879,35.47101],[137.20752,35.47031],[137.20625,35.46985],[137.2047,35.46958],[137.2034,35.46973],[137.20255,35.46764],[137.20192,35.46701],[137.20226,35.46582],[137.202,35.4647],[137.20231,35.4644],[137.20239,35.46345],[137.20169,35.46248],[137.2014,35.46136],[137.20002,35.4597],[137.19974,35.45883],[137.19998,35.45801],[137.20207,35.45606],[137.20298,35.45461],[137.2031,35.4537],[137.20257,35.45273],[137.20127,35.45264],[137.19882,35.45209],[137.1975,35.45056],[137.1969,35.45046],[137.19709,35.44954],[137.19798,35.44915],[137.19808,35.44857],[137.19872,35.44793],[137.19847,35.44689],[137.19924,35.44637],[137.19929,35.44507],[137.19962,35.44368],[137.19963,35.44261],[137.19905,35.44122],[137.19926,35.44047],[137.19908,35.4386],[137.19858,35.43828],[137.19848,35.43765],[137.19923,35.43668],[137.19967,35.43568],[137.19936,35.43442],[137.20066,35.43236],[137.20186,35.43214],[137.20231,35.43105],[137.20331,35.43081],[137.2043,35.42924],[137.20434,35.42837],[137.20585,35.42676],[137.20607,35.42629],[137.20588,35.42487],[137.20457,35.42377],[137.20403,35.42372],[137.20353,35.42268],[137.20259,35.42221],[137.20231,35.42169],[137.20111,35.42079],[137.20062,35.42152],[137.1993,35.42143],[137.19892,35.42027],[137.19751,35.41978],[137.19685,35.41802],[137.19719,35.41758],[137.19704,35.41661],[137.19779,35.41509],[137.19855,35.41414],[137.19944,35.41212],[137.19886,35.41185],[137.19798,35.41089],[137.19686,35.41018],[137.19577,35.41012],[137.19386,35.41107],[137.19236,35.41134],[137.19136,35.41032],[137.19235,35.40862],[137.1934,35.4074],[137.19338,35.40632],[137.19417,35.40382],[137.19499,35.40173],[137.19596,35.40069],[137.19765,35.4012],[137.1982,35.40111],[137.1988,35.40035],[137.20054,35.39984],[137.20213,35.3996],[137.20288,35.39871],[137.20385,35.39853],[137.20613,35.39752],[137.2067,35.39699],[137.20818,35.39609],[137.20855,35.39531],[137.20927,35.39494],[137.21164,35.39432],[137.21221,35.39381],[137.21375,35.39387],[137.21454,35.39427],[137.21581,35.39403],[137.21621,35.39355],[137.2171,35.39363],[137.21762,35.39292],[137.21729,35.3909],[137.2177,35.39043],[137.21768,35.38896],[137.21803,35.38821],[137.21785,35.38763],[137.21819,35.38596],[137.21894,35.38501],[137.21944,35.3839],[137.21964,35.38229],[137.22038,35.381],[137.22073,35.3793],[137.22061,35.37849],[137.22121,35.37744],[137.22118,35.3764],[137.22154,35.37487],[137.22288,35.37243],[137.22339,35.37125],[137.2234,35.37057],[137.22515,35.37021],[137.22498,35.36951],[137.22415,35.36899],[137.22298,35.36899],[137.22231,35.36795],[137.22122,35.36716],[137.22066,35.36588],[137.21924,35.36519],[137.21959,35.36274],[137.22025,35.36148],[137.22062,35.35936],[137.21948,35.35814],[137.22008,35.35731],[137.22078,35.35699],[137.22174,35.35551],[137.22276,35.35521],[137.22299,35.35452],[137.22406,35.35427],[137.22484,35.35351],[137.2252,35.3528],[137.22714,35.35103],[137.23001,35.34866],[137.23073,35.34784],[137.23127,35.34768],[137.23362,35.34481],[137.2342,35.34446],[137.23566,35.34473],[137.23683,35.34529],[137.23723,35.34515],[137.23826,35.34403],[137.23905,35.34366],[137.2394,35.34245],[137.2404,35.34126],[137.2416,35.3411],[137.24287,35.3398],[137.24316,35.33904],[137.24448,35.33915],[137.24464,35.33883],[137.24397,35.33783],[137.24264,35.33668],[137.24249,35.33604],[137.24351,35.33477],[137.24475,35.33405],[137.24421,35.33249],[137.24473,35.33121],[137.24666,35.32951],[137.24766,35.32931],[137.24835,35.32873],[137.24954,35.32827],[137.2496,35.32732],[137.25161,35.32743],[137.25229,35.32796],[137.25237,35.32874],[137.25443,35.32997],[137.2548,35.33035],[137.256,35.33067],[137.25642,35.33124],[137.2571,35.33127],[137.258,35.33071],[137.25838,35.32985],[137.25801,35.32853],[137.25923,35.32761],[137.26014,35.32758],[137.26055,35.32709],[137.26165,35.32689],[137.26297,35.3256],[137.26323,35.32421],[137.2642,35.32385],[137.26567,35.32418],[137.26757,35.32426],[137.26822,35.32453],[137.26971,35.32452],[137.27067,35.32478],[137.27084,35.32371],[137.27153,35.32334],[137.27242,35.32334],[137.27316,35.32254],[137.27319,35.32123],[137.27447,35.31856],[137.27438,35.31782],[137.27547,35.31672],[137.2774,35.31785],[137.27803,35.31849],[137.28106,35.31915],[137.28132,35.31866],[137.28291,35.31738],[137.28048,35.31483],[137.2803,35.31316],[137.27881,35.3055],[137.27821,35.30173],[137.27741,35.29764],[137.27739,35.29502],[137.27708,35.29184],[137.27579,35.29061],[137.27672,35.28987],[137.27659,35.28899],[137.27795,35.28812],[137.2786,35.288],[137.28026,35.28846],[137.28094,35.28789],[137.28292,35.2877],[137.28377,35.28869],[137.28455,35.28827],[137.28715,35.28873],[137.28939,35.28815],[137.2902,35.28853],[137.29123,35.28824],[137.29271,35.28857],[137.29439,35.28945],[137.29523,35.29005],[137.29676,35.29005],[137.29684,35.28958],[137.29757,35.2888],[137.29843,35.28875],[137.30053,35.28959],[137.3015,35.28975],[137.30205,35.29057],[137.30277,35.29024],[137.30379,35.29059],[137.30475,35.29003],[137.30544,35.29052],[137.30808,35.29116]]]]}},
  {"type":"Feature","properties":{"name":"羽島市","code":"21209"},"geometry":{"type":"MultiPolygon","coordinates":[[[[136.68842,35.35234],[136.68868,35.34583],[136.68888,35.34183],[136.68915,35.3382],[136.68911,35.33698],[136.68872,35.33482],[136.68816,35.3329],[136.68722,35.33071],[136.68667,35.32974],[136.68518,35.32787],[136.68293,35.32604],[136.68037,35.32448],[136.67636,35.32264],[136.67446,35.3216],[136.67191,35.32038],[136.66991,35.31916],[136.66904,35.31849],[136.66788,35.31722],[136.66647,35.31515],[136.66577,35.3138],[136.66519,35.31226],[136.66499,35.31123],[136.66497,35.30964],[136.66522,35.3074],[136.66551,35.3055],[136.66621,35.30272],[136.66699,35.30079],[136.66796,35.29876],[136.6692,35.29661],[136.6721,35.2927],[136.67239,35.29214],[136.67373,35.28904],[136.6754,35.28403],[136.6762,35.28142],[136.6773,35.27817],[136.67727,35.2772],[136.67693,35.2759],[136.67522,35.27219],[136.67455,35.27117],[136.67278,35.26954],[136.66648,35.26617],[136.66613,35.26563],[136.66487,35.26483],[136.66157,35.26311],[136.66112,35.26276],[136.65931,35.26073],[136.6591,35.26019],[136.65723,35.25751],[136.6571,35.25644],[136.65753,35.25477],[136.65785,35.25419],[136.65909,35.25305],[136.66313,35.25211],[136.6634,35.25129],[136.66496,35.25148],[136.66571,35.25065],[136.66673,35.24908],[136.66944,35.2455],[136.67048,35.24439],[136.67171,35.24356],[136.67302,35.24304],[136.6752,35.24193],[136.67787,35.24106],[136.67812,35.24221],[136.67885,35.24377],[136.6796,35.24503],[136.68055,35.24595],[136.68419,35.24904],[136.68659,35.25083],[136.69064,35.25321],[136.69201,35.2544],[136.69438,35.25683],[136.69602,35.25864],[136.69736,35.26052],[136.6981,35.26192],[136.70009,35.26656],[136.70172,35.27014],[136.70406,35.27467],[136.7062,35.27804],[136.70789,35.28009],[136.71038,35.2827],[136.7126,35.28411],[136.71938,35.28875],[136.72075,35.2899],[136.72229,35.29147],[136.72573,35.29561],[136.7283,35.29969],[136.73052,35.30391],[136.73237,35.30764],[136.73419,35.31152],[136.73445,35.31222],[136.73652,35.31595],[136.73913,35.32013],[136.74225,35.32495],[136.74705,35.33144],[136.74857,35.33385],[136.7501,35.33654],[136.75076,35.33808],[136.75218,35.341],[136.75395,35.34489],[136.7485,35.34647],[136.74752,35.34533],[136.74648,35.34568],[136.74582,35.34548],[136.74565,35.34495],[136.74415,35.34454],[136.74105,35.345],[136.74087,35.34661],[136.73972,35.34661],[136.73938,35.34696],[136.73789,35.34724],[136.73795,35.34755],[136.73611,35.34787],[136.73617,35.34809],[136.73264,35.34877],[136.73299,35.35031],[136.73483,35.35192],[136.73501,35.35329],[136.73362,35.35525],[136.73228,35.35588],[136.73193,35.35641],[136.73086,35.35686],[136.72898,35.35657],[136.72804,35.3566],[136.72675,35.35566],[136.72614,35.35369],[136.72644,35.35315],[136.72581,35.35265],[136.72491,35.35295],[136.72451,35.3526],[136.72209,35.35166],[136.72193,35.35308],[136.72068,35.35387],[136.71964,35.35484],[136.71768,35.3555],[136.71562,35.35537],[136.71386,35.35358],[136.71226,35.35306],[136.71176,35.35201],[136.71104,35.35128],[136.70844,35.35174],[136.70664,35.3523],[136.70637,35.35304],[136.70567,35.35338],[136.70505,35.35319],[136.70324,35.35398],[136.70239,35.35453],[136.70074,35.35627],[136.69985,35.35677],[136.69716,35.35521],[136.69647,35.35509],[136.69537,35.35591],[136.69439,35.35616],[136.69361,35.35545],[136.69259,35.35487],[136.6909,35.35419],[136.68842,35.35234]]]]}},
  {"type":"Feature","properties":{"name":"恵那市","code":"21210"},"geometry":{"type":"MultiPolygon","coordinates":[[[[137.34153,35.54793],[137.33942,35.54713],[137.33794,35.54701],[137.33655,35.54554],[137.33656,35.54512],[137.33548,35.54356],[137.33384,35.54272],[137.33325,35.54276],[137.3292,35.54023],[137.32802,35.53891],[137.32636,35.53786],[137.32509,35.53795],[137.3241,35.537],[137.32346,35.53545],[137.32176,35.53464],[137.32061,35.53464],[137.31907,35.53416],[137.31624,35.53444],[137.31554,35.53517],[137.31413,35.53551],[137.31285,35.5353],[137.31067,35.53634],[137.30936,35.53623],[137.30813,35.53561],[137.30669,35.53549],[137.30549,35.53507],[137.30311,35.53493],[137.30211,35.53447],[137.30193,35.5339],[137.30062,35.53219],[137.2984,35.53256],[137.29568,35.53189],[137.29492,35.53148],[137.29184,35.53125],[137.29075,35.53109],[137.28973,35.53124],[137.28673,35.53113],[137.28529,35.53124],[137.28414,35.53061],[137.2818,35.53058],[137.27902,35.53016],[137.27854,35.52993],[137.27676,35.53131],[137.27635,35.53109],[137.2762,35.53007],[137.27503,35.52972],[137.27362,35.52956],[137.27194,35.5289],[137.27004,35.52778],[137.26901,35.52698],[137.26953,35.52619],[137.27142,35.52512],[137.27316,35.52265],[137.2732,35.52104],[137.27607,35.52017],[137.27621,35.52095],[137.27688,35.52152],[137.27788,35.52058],[137.27871,35.52027],[137.2797,35.5192],[137.28015,35.51781],[137.28081,35.51745],[137.28129,35.51613],[137.28114,35.5151],[137.28192,35.51359],[137.28291,35.51333],[137.28389,35.51278],[137.28415,35.51228],[137.28353,35.51147],[137.28448,35.51029],[137.28686,35.50822],[137.2866,35.5073],[137.2873,35.50592],[137.28625,35.50569],[137.28585,35.50491],[137.28507,35.50471],[137.28347,35.50343],[137.28347,35.50222],[137.28168,35.50118],[137.28098,35.50129],[137.28027,35.50084],[137.28055,35.49956],[137.27986,35.49827],[137.27886,35.49855],[137.2777,35.49833],[137.27705,35.49731],[137.27594,35.49631],[137.27513,35.49586],[137.27381,35.49604],[137.27203,35.49559],[137.2712,35.4958],[137.27,35.49557],[137.26943,35.49514],[137.2689,35.49383],[137.26795,35.49324],[137.26696,35.49298],[137.26517,35.49183],[137.26644,35.491],[137.26592,35.49009],[137.26608,35.4897],[137.26572,35.48816],[137.26394,35.48705],[137.26336,35.48584],[137.26287,35.48547],[137.26283,35.48403],[137.26344,35.48343],[137.26397,35.48226],[137.26459,35.48184],[137.26448,35.48129],[137.26363,35.48064],[137.26283,35.48082],[137.26171,35.48052],[137.26076,35.47984],[137.2601,35.47894],[137.25905,35.47963],[137.25782,35.47954],[137.25581,35.47979],[137.25568,35.47935],[137.25724,35.47794],[137.25742,35.47726],[137.2569,35.47694],[137.25655,35.47603],[137.25435,35.47541],[137.25418,35.47493],[137.2548,35.47407],[137.25559,35.47386],[137.25559,35.47295],[137.25633,35.47277],[137.25661,35.4717],[137.25596,35.47086],[137.25658,35.47041],[137.25725,35.47039],[137.25728,35.46971],[137.25573,35.46964],[137.25459,35.46884],[137.25178,35.46852],[137.25201,35.46788],[137.25124,35.46771],[137.25065,35.46623],[137.24986,35.46601],[137.25006,35.4652],[137.2506,35.46443],[137.25146,35.464],[137.2533,35.46275],[137.25389,35.46266],[137.25794,35.46329],[137.25929,35.46365],[137.26085,35.46428],[137.26232,35.4642],[137.26326,35.46375],[137.26397,35.4628],[137.26474,35.4611],[137.26517,35.45958],[137.26576,35.45844],[137.26678,35.45719],[137.26843,35.45612],[137.27083,35.45282],[137.27189,35.45191],[137.2728,35.45153],[137.27507,35.45112],[137.27784,35.4504],[137.28166,35.44973],[137.28298,35.4493],[137.28436,35.44838],[137.28533,35.4484],[137.28594,35.44905],[137.2864,35.45059],[137.28695,35.4531],[137.287,35.45427],[137.28835,35.45583],[137.28882,35.45616],[137.29203,35.45739],[137.29349,35.45862],[137.29451,35.46018],[137.29528,35.46087],[137.29656,35.46002],[137.29745,35.4592],[137.29969,35.45789],[137.30005,35.45561],[137.3004,35.45464],[137.30064,35.45319],[137.30051,35.45229],[137.29999,35.45148],[137.2999,35.45065],[137.30226,35.44978],[137.30254,35.44897],[137.30333,35.44855],[137.30411,35.44755],[137.30679,35.44737],[137.30653,35.44642],[137.30761,35.44465],[137.30889,35.44434],[137.30968,35.44362],[137.31045,35.44333],[137.31182,35.44205],[137.31303,35.44153],[137.31486,35.44147],[137.31638,35.44225],[137.31835,35.44306],[137.32047,35.44376],[137.32193,35.44344],[137.32362,35.44327],[137.32493,35.44332],[137.32624,35.44401],[137.32839,35.44352],[137.33013,35.44264],[137.3323,35.44076],[137.33248,35.44033],[137.3322,35.43893],[137.33249,35.4378],[137.33366,35.43673],[137.33435,35.43562],[137.3348,35.43425],[137.33475,35.43342],[137.33511,35.43276],[137.336,35.43186],[137.33482,35.43049],[137.3334,35.4296],[137.33246,35.4285],[137.332,35.42755],[137.33404,35.42767],[137.3348,35.42737],[137.33491,35.42683],[137.33572,35.42628],[137.33643,35.42637],[137.33827,35.42529],[137.33877,35.42479],[137.33954,35.42474],[137.3397,35.42413],[137.34093,35.42347],[137.34177,35.42349],[137.34255,35.42288],[137.34327,35.42277],[137.34411,35.42227],[137.34594,35.4222],[137.34681,35.42167],[137.34785,35.4206],[137.34852,35.42051],[137.34972,35.41981],[137.35079,35.41972],[137.35121,35.41858],[137.35224,35.41772],[137.35224,35.41685],[137.35089,35.41602],[137.34861,35.41484],[137.34833,35.41422],[137.34872,35.41342],[137.34857,35.4123],[137.34787,35.41196],[137.34677,35.41209],[137.34538,35.41172],[137.34487,35.41126],[137.34234,35.41074],[137.34268,35.40905],[137.34225,35.4083],[137.34097,35.40756],[137.34079,35.40625],[137.34137,35.40463],[137.34135,35.40404],[137.34072,35.40318],[137.33885,35.40134],[137.33854,35.40072],[137.33867,35.39963],[137.33902,35.39908],[137.33998,35.39932],[137.34157,35.39896],[137.34295,35.39922],[137.34409,35.39773],[137.34449,35.39663],[137.34496,35.396],[137.34524,35.39507],[137.34479,35.39394],[137.34353,35.39349],[137.34266,35.39343],[137.34275,35.39242],[137.34237,35.39177],[137.34266,35.39027],[137.34169,35.38847],[137.34188,35.38771],[137.34099,35.38695],[137.34023,35.38547],[137.34086,35.38424],[137.34062,35.38337],[137.34105,35.38243],[137.33956,35.38112],[137.33809,35.38053],[137.33745,35.38008],[137.3359,35.37998],[137.3345,35.37941],[137.33433,35.37758],[137.33476,35.37713],[137.33437,35.37587],[137.33311,35.37516],[137.33301,35.37452],[137.33246,35.37406],[137.3314,35.3737],[137.33111,35.37271],[137.32906,35.37033],[137.32714,35.36939],[137.32624,35.36822],[137.32577,35.36823],[137.32546,35.36667],[137.32457,35.3659],[137.32509,35.36517],[137.32404,35.36339],[137.32259,35.36288],[137.32257,35.36162],[137.3218,35.36129],[137.32316,35.3586],[137.32405,35.35797],[137.32438,35.35613],[137.32354,35.35524],[137.32305,35.35422],[137.32166,35.35315],[137.32023,35.35293],[137.31757,35.35194],[137.31637,35.35233],[137.3144,35.35199],[137.31253,35.35104],[137.3116,35.34989],[137.31033,35.34889],[137.31026,35.348],[137.30953,35.34625],[137.30856,35.34527],[137.30835,35.34441],[137.30782,35.34372],[137.3069,35.34307],[137.30516,35.34219],[137.30559,35.34098],[137.30478,35.34066],[137.30382,35.33986],[137.30295,35.34012],[137.30268,35.33941],[137.30197,35.33917],[137.30196,35.33826],[137.30143,35.33746],[137.30011,35.33687],[137.29959,35.33576],[137.30015,35.33524],[137.30036,35.33455],[137.29977,35.33402],[137.299,35.334],[137.29832,35.33334],[137.29828,35.33209],[137.29847,35.3305],[137.2975,35.32876],[137.29603,35.32822],[137.29591,35.32778],[137.29664,35.32644],[137.29708,35.32609],[137.29866,35.32738],[137.30008,35.32836],[137.30158,35.3284],[137.30309,35.32824],[137.30408,35.32779],[137.3047,35.32645],[137.30536,35.32613],[137.30656,35.32597],[137.30847,35.32658],[137.30916,35.32765],[137.30939,35.32908],[137.3112,35.32979],[137.31182,35.3309],[137.31368,35.33121],[137.31423,35.3325],[137.31471,35.33301],[137.31531,35.33298],[137.31674,35.33186],[137.3175,35.33165],[137.31927,35.33207],[137.32013,35.33148],[137.32158,35.33133],[137.32422,35.33194],[137.32615,35.33212],[137.32785,35.3321],[137.32899,35.33225],[137.3294,35.33355],[137.33017,35.33385],[137.33076,35.33307],[137.33158,35.33288],[137.33228,35.33307],[137.33291,35.33382],[137.33456,35.33296],[137.33467,35.33204],[137.33561,35.33055],[137.33635,35.32988],[137.33673,35.32911],[137.33785,35.32842],[137.33869,35.32709],[137.33976,35.32665],[137.34059,35.32669],[137.34082,35.32603],[137.34009,35.32457],[137.34028,35.32295],[137.34138,35.32198],[137.34149,35.32142],[137.34227,35.32026],[137.34305,35.31968],[137.34333,35.31873],[137.3465,35.31747],[137.34678,35.31692],[137.34467,35.31661],[137.34366,35.31598],[137.34331,35.31477],[137.34349,35.31409],[137.34304,35.31305],[137.34151,35.31176],[137.34034,35.31171],[137.34048,35.31243],[137.33974,35.31364],[137.33884,35.31341],[137.3378,35.31355],[137.3367,35.31252],[137.33569,35.31245],[137.33418,35.31166],[137.33397,35.31135],[137.33384,35.30909],[137.33295,35.30779],[137.33177,35.30729],[137.33051,35.3078],[137.33024,35.30693],[137.32879,35.30541],[137.32732,35.3047],[137.32691,35.30395],[137.32613,35.30328],[137.32628,35.30193],[137.326,35.30153],[137.32597,35.30026],[137.32488,35.29928],[137.32411,35.29882],[137.32381,35.29821],[137.32472,35.29698],[137.32589,35.29755],[137.327,35.29729],[137.32694,35.29653],[137.32762,35.29631],[137.32817,35.29502],[137.32765,35.29284],[137.3283,35.29172],[137.32807,35.29138],[137.32681,35.29164],[137.32604,35.29106],[137.32493,35.29122],[137.32364,35.29195],[137.32254,35.2921],[137.32206,35.29273],[137.32095,35.29336],[137.3194,35.2925],[137.31712,35.29186],[137.31553,35.29161],[137.3151,35.29133],[137.31188,35.2921],[137.31117,35.29173],[137.30932,35.2918],[137.30808,35.29116],[137.30786,35.29059],[137.30808,35.28966],[137.30868,35.28912],[137.30968,35.28892],[137.3116,35.28781],[137.31247,35.28788],[137.31291,35.28727],[137.31476,35.28644],[137.317,35.28582],[137.31754,35.28542],[137.31832,35.28553],[137.31975,35.28454],[137.32129,35.28426],[137.32354,35.28232],[137.32414,35.28211],[137.32458,35.28117],[137.32565,35.28045],[137.32664,35.28038],[137.32786,35.2806],[137.32918,35.27988],[137.33011,35.27869],[137.33127,35.27853],[137.33177,35.27799],[137.33105,35.277],[137.33155,35.27671],[137.33276,35.27744],[137.33387,35.27735],[137.33485,35.27647],[137.33543,35.27549],[137.3366,35.27469],[137.33784,35.27443],[137.33806,35.27468],[137.33781,35.27589],[137.34042,35.27512],[137.34105,35.27519],[137.34212,35.27484],[137.34239,35.27424],[137.34343,35.27411],[137.34463,35.27372],[137.34518,35.27304],[137.34532,35.27197],[137.34641,35.27123],[137.34634,35.27067],[137.34559,35.26994],[137.34512,35.26895],[137.34383,35.26838],[137.34177,35.26702],[137.34127,35.26618],[137.34062,35.2658],[137.33995,35.26455],[137.34063,35.26386],[137.34138,35.26374],[137.34197,35.26223],[137.34255,35.26123],[137.34493,35.26188],[137.34539,35.26059],[137.34506,35.25991],[137.34363,35.25901],[137.3441,35.25786],[137.34641,35.25783],[137.34679,35.2575],[137.34791,35.25803],[137.34877,35.25779],[137.34919,35.25722],[137.3505,35.25718],[137.35134,35.25755],[137.35292,35.25866],[137.35402,35.25814],[137.35624,35.25865],[137.35733,35.2593],[137.35844,35.25961],[137.35927,35.2603],[137.36136,35.26053],[137.36197,35.26097],[137.36342,35.26099],[137.36505,35.26081],[137.36626,35.26091],[137.36876,35.2604],[137.37016,35.26186],[137.37098,35.26308],[137.37255,35.26342],[137.3731,35.26333],[137.37453,35.26174],[137.37472,35.26111],[137.3758,35.25969],[137.3763,35.25942],[137.37715,35.25954],[137.37744,35.25895],[137.37928,35.25875],[137.38106,35.25984],[137.38287,35.2602],[137.38487,35.25904],[137.38512,35.2587],[137.38552,35.25641],[137.38549,35.25569],[137.38617,35.25305],[137.38678,35.25181],[137.38566,35.24936],[137.38516,35.24866],[137.38312,35.2477],[137.38319,35.24672],[137.38481,35.2459],[137.38544,35.24529],[137.38505,35.24415],[137.38656,35.24128],[137.38819,35.24012],[137.39334,35.24001],[137.39491,35.23985],[137.39639,35.24027],[137.39975,35.24162],[137.401,35.24159],[137.40258,35.2392],[137.40376,35.23838],[137.40539,35.23843],[137.40641,35.23817],[137.40736,35.23749],[137.40754,35.23705],[137.40755,35.23536],[137.4082,35.23481],[137.40893,35.23491],[137.41415,35.23829],[137.41571,35.24003],[137.41681,35.2404],[137.41738,35.24013],[137.41838,35.23904],[137.41958,35.23681],[137.42035,35.23422],[137.42056,35.23388],[137.42247,35.23267],[137.42344,35.23121],[137.42382,35.22909],[137.42429,35.22786],[137.42492,35.22688],[137.42585,35.22601],[137.42699,35.22562],[137.42762,35.2251],[137.42793,35.22372],[137.42838,35.22316],[137.42919,35.22288],[137.43031,35.22296],[137.43175,35.22343],[137.43471,35.22414],[137.43553,35.22456],[137.43678,35.22603],[137.43712,35.22667],[137.43733,35.22794],[137.43786,35.22933],[137.43863,35.23007],[137.44016,35.22976],[137.44123,35.2301],[137.44119,35.23155],[137.44145,35.2329],[137.44205,35.2337],[137.44381,35.23382],[137.44523,35.23366],[137.44617,35.23384],[137.44828,35.23468],[137.44989,35.23486],[137.45045,35.23509],[137.451,35.23581],[137.452,35.2384],[137.45337,35.24051],[137.45459,35.24059],[137.45628,35.23983],[137.45785,35.23955],[137.46074,35.24018],[137.46214,35.24112],[137.46289,35.24249],[137.46346,35.24431],[137.46482,35.24532],[137.4661,35.24664],[137.46666,35.24661],[137.46815,35.24553],[137.46947,35.24548],[137.47139,35.24691],[137.47213,35.24778],[137.47247,35.24887],[137.47315,35.24982],[137.47468,35.2509],[137.47629,35.25324],[137.47658,35.25341],[137.48159,35.25441],[137.48345,35.25547],[137.48352,35.25672],[137.4843,35.25743],[137.48573,35.25766],[137.48763,35.25778],[137.48966,35.25867],[137.49219,35.2595],[137.49471,35.25899],[137.49655,35.25902],[137.4979,35.25977],[137.49797,35.26081],[137.49656,35.26248],[137.49659,35.26367],[137.49724,35.26419],[137.50087,35.2636],[137.50238,35.26319],[137.5048,35.26294],[137.50552,35.26347],[137.50594,35.26513],[137.50611,35.26649],[137.5083,35.26618],[137.50918,35.26645],[137.51022,35.2678],[137.51082,35.26818],[137.51302,35.26877],[137.51387,35.26927],[137.51413,35.26996],[137.51314,35.27094],[137.51318,35.2722],[137.51621,35.27501],[137.5182,35.27477],[137.52075,35.27356],[137.52086,35.27503],[137.52074,35.27584],[137.52018,35.27711],[137.52022,35.2783],[137.51989,35.27935],[137.51874,35.28165],[137.51894,35.28333],[137.51976,35.28313],[137.52019,35.28371],[137.52073,35.28369],[137.52137,35.28426],[137.5237,35.28403],[137.52492,35.28437],[137.52759,35.28435],[137.52931,35.28418],[137.53055,35.28261],[137.53176,35.2821],[137.53301,35.28217],[137.53381,35.28132],[137.53459,35.28206],[137.53532,35.28163],[137.53616,35.28221],[137.53697,35.28171],[137.53952,35.28181],[137.54057,35.28116],[137.5419,35.2812],[137.54343,35.28055],[137.54485,35.28114],[137.54665,35.28159],[137.54766,35.28149],[137.54833,35.28183],[137.54966,35.2832],[137.55105,35.28413],[137.55199,35.28423],[137.55494,35.28368],[137.55801,35.28401],[137.55911,35.28344],[137.56152,35.28315],[137.56148,35.28437],[137.56084,35.28489],[137.56082,35.28566],[137.56157,35.28627],[137.56208,35.28773],[137.56198,35.28932],[137.56134,35.28926],[137.56058,35.29107],[137.5594,35.29238],[137.55901,35.29255],[137.55771,35.29417],[137.55759,35.29472],[137.55638,35.29554],[137.55688,35.29621],[137.55778,35.29664],[137.55846,35.29811],[137.55839,35.29971],[137.55925,35.30127],[137.55931,35.30288],[137.55895,35.30393],[137.55878,35.30551],[137.55654,35.30919],[137.55728,35.3101],[137.55857,35.31043],[137.56012,35.3096],[137.56123,35.31],[137.56226,35.31117],[137.56349,35.31133],[137.56493,35.31074],[137.56512,35.31129],[137.56453,35.31175],[137.56422,35.31299],[137.5644,35.31337],[137.56539,35.31361],[137.56733,35.31281],[137.56849,35.31322],[137.56877,35.31372],[137.56714,35.31434],[137.56737,35.31531],[137.569,35.31644],[137.57147,35.31835],[137.57219,35.31828],[137.57424,35.31674],[137.57501,35.31698],[137.57668,35.31836],[137.57785,35.31884],[137.57923,35.31898],[137.58057,35.31882],[137.58195,35.31847],[137.58337,35.319],[137.58353,35.31925],[137.58313,35.32048],[137.58338,35.32172],[137.58554,35.32297],[137.58758,35.32371],[137.58797,35.32416],[137.58799,35.32562],[137.58954,35.32703],[137.59106,35.32796],[137.59122,35.32858],[137.59055,35.33049],[137.59113,35.33073],[137.59233,35.33011],[137.59331,35.33022],[137.59422,35.33115],[137.59527,35.33131],[137.59584,35.33046],[137.59657,35.33068],[137.59735,35.33156],[137.59871,35.33098],[137.60023,35.33109],[137.60094,35.33084],[137.60155,35.33104],[137.60192,35.33207],[137.60309,35.33214],[137.60366,35.33256],[137.60391,35.33323],[137.60378,35.33461],[137.60273,35.33569],[137.60396,35.33638],[137.60393,35.33721],[137.60337,35.33828],[137.60193,35.34041],[137.60181,35.34111],[137.60097,35.34144],[137.60044,35.34212],[137.60195,35.34524],[137.60156,35.3463],[137.60007,35.34663],[137.60002,35.34815],[137.60059,35.34943],[137.60056,35.35029],[137.59984,35.35177],[137.59994,35.35258],[137.60096,35.35362],[137.60207,35.35362],[137.60257,35.3545],[137.6011,35.35564],[137.601,35.3568],[137.60155,35.3577],[137.60256,35.35826],[137.60186,35.35996],[137.60199,35.36057],[137.60133,35.36094],[137.60127,35.36157],[137.59952,35.3632],[137.59918,35.3645],[137.59804,35.36567],[137.59783,35.36651],[137.59842,35.36754],[137.59831,35.36935],[137.59785,35.37008],[137.59794,35.37113],[137.5983,35.3722],[137.59877,35.37288],[137.59801,35.37373],[137.59809,35.37521],[137.59877,35.37609],[137.59849,35.37777],[137.59862,35.37876],[137.59839,35.37918],[137.59679,35.37962],[137.59546,35.38046],[137.59533,35.38119],[137.59478,35.38185],[137.59415,35.38204],[137.59336,35.38333],[137.59263,35.38379],[137.59198,35.38376],[137.59102,35.38432],[137.59086,35.385],[137.58943,35.38516],[137.58853,35.38567],[137.58774,35.38661],[137.58766,35.38739],[137.58652,35.38853],[137.58649,35.38943],[137.58526,35.38983],[137.58447,35.38971],[137.58262,35.39013],[137.58161,35.39085],[137.58078,35.39092],[137.57967,35.39069],[137.57922,35.39031],[137.57795,35.39013],[137.57714,35.39065],[137.57674,35.39222],[137.5762,35.39349],[137.57609,35.39585],[137.57592,35.39669],[137.57591,35.39847],[137.57523,35.40001],[137.57424,35.39971],[137.57327,35.39915],[137.57211,35.39896],[137.57061,35.40028],[137.57026,35.40097],[137.56795,35.40319],[137.56432,35.40384],[137.56402,35.40252],[137.56425,35.40194],[137.56385,35.40135],[137.56259,35.40036],[137.56132,35.39889],[137.56119,35.39835],[137.55957,35.39743],[137.5584,35.39631],[137.55789,35.39494],[137.55783,35.39356],[137.55871,35.39197],[137.55844,35.39078],[137.55852,35.3901],[137.55672,35.38903],[137.55621,35.38901],[137.55457,35.3876],[137.55367,35.38723],[137.55318,35.38656],[137.55175,35.38644],[137.55109,35.38609],[137.54874,35.38607],[137.54821,35.38625],[137.54708,35.38565],[137.54653,35.38508],[137.54407,35.38394],[137.54315,35.38279],[137.54217,35.38075],[137.5408,35.37957],[137.5405,35.37876],[137.53944,35.37785],[137.53808,35.37756],[137.53745,35.37785],[137.536,35.37804],[137.53461,35.37747],[137.53351,35.37665],[137.53304,35.37535],[137.53218,35.37536],[137.5319,35.37489],[137.53064,35.37425],[137.52984,35.37351],[137.52894,35.37343],[137.528,35.37405],[137.52672,35.37425],[137.52516,35.37522],[137.52471,35.37579],[137.5232,35.37482],[137.52248,35.3749],[137.52107,35.37578],[137.52012,35.37559],[137.51944,35.3749],[137.51795,35.37516],[137.51695,35.37449],[137.51624,35.37479],[137.5145,35.37518],[137.51345,35.37487],[137.51308,35.37429],[137.51139,35.37399],[137.51098,35.37373],[137.5097,35.37369],[137.5091,35.37298],[137.50851,35.37181],[137.50701,35.37076],[137.50694,35.36986],[137.50563,35.36947],[137.5046,35.37019],[137.50379,35.37029],[137.5023,35.36953],[137.50136,35.36808],[137.50092,35.36777],[137.49992,35.36826],[137.49873,35.36799],[137.49831,35.36722],[137.49655,35.36569],[137.49573,35.36411],[137.49298,35.36325],[137.49257,35.36232],[137.49197,35.36178],[137.49216,35.36083],[137.49171,35.36012],[137.49083,35.36007],[137.4893,35.35943],[137.48829,35.36021],[137.48815,35.36104],[137.4873,35.3614],[137.48674,35.36195],[137.48527,35.36228],[137.48322,35.36349],[137.48244,35.36454],[137.48181,35.36478],[137.48151,35.36555],[137.48077,35.3661],[137.47812,35.367],[137.4766,35.36684],[137.47387,35.36714],[137.47289,35.36788],[137.47189,35.36838],[137.46963,35.36892],[137.46854,35.36981],[137.46731,35.37042],[137.46686,35.37133],[137.4666,35.37276],[137.46524,35.37536],[137.46303,35.37827],[137.46133,35.38012],[137.46042,35.38085],[137.46024,35.38145],[137.45931,35.38315],[137.45663,35.38519],[137.45605,35.38639],[137.45537,35.3865],[137.45459,35.38707],[137.4536,35.38713],[137.45246,35.38809],[137.45131,35.38831],[137.45067,35.38898],[137.44891,35.3898],[137.44839,35.39042],[137.44798,35.39138],[137.44788,35.39312],[137.44706,35.39492],[137.44748,35.39621],[137.4472,35.39673],[137.44579,35.3974],[137.44453,35.39725],[137.44317,35.39744],[137.44317,35.39842],[137.44257,35.39896],[137.44209,35.39993],[137.44177,35.40145],[137.44112,35.40199],[137.44077,35.40332],[137.43933,35.40414],[137.43922,35.40547],[137.43953,35.40604],[137.43813,35.40942],[137.43828,35.4103],[137.43809,35.41121],[137.43725,35.41226],[137.43578,35.41364],[137.43479,35.41353],[137.43285,35.41475],[137.43308,35.41557],[137.43356,35.4162],[137.43465,35.41637],[137.43603,35.41619],[137.43458,35.41722],[137.43404,35.41884],[137.43323,35.41886],[137.43282,35.41816],[137.43164,35.41829],[137.43115,35.41879],[137.43026,35.42122],[137.43082,35.42198],[137.43324,35.4209],[137.43461,35.41988],[137.43527,35.41969],[137.43715,35.41961],[137.43804,35.41988],[137.43851,35.42034],[137.44005,35.42119],[137.44119,35.42136],[137.4432,35.42137],[137.44384,35.4223],[137.44461,35.4225],[137.45206,35.42337],[137.45386,35.42351],[137.45484,35.42448],[137.45577,35.42484],[137.45736,35.42444],[137.45846,35.42383],[137.4592,35.4239],[137.46181,35.42651],[137.46325,35.42666],[137.46476,35.4265],[137.46676,35.42682],[137.46887,35.42632],[137.47067,35.42644],[137.47323,35.42712],[137.4755,35.42723],[137.47705,35.42796],[137.47879,35.42755],[137.48088,35.42771],[137.48238,35.42718],[137.48339,35.42728],[137.48433,35.42711],[137.48511,35.42749],[137.48676,35.42782],[137.48836,35.42847],[137.48911,35.42953],[137.48992,35.42998],[137.49106,35.42988],[137.49177,35.43026],[137.49333,35.43033],[137.49426,35.43082],[137.49479,35.43172],[137.49545,35.43203],[137.49595,35.43291],[137.49698,35.43297],[137.49757,35.43394],[137.49876,35.43548],[137.49939,35.43545],[137.5,35.43645],[137.50156,35.43762],[137.50207,35.43779],[137.50288,35.43908],[137.50255,35.43938],[137.50135,35.43935],[137.50033,35.43985],[137.50062,35.44059],[137.49904,35.44023],[137.49778,35.44083],[137.49671,35.44002],[137.49432,35.44068],[137.48864,35.44132],[137.48557,35.44175],[137.48395,35.44182],[137.48242,35.44216],[137.48105,35.44151],[137.48116,35.44054],[137.48084,35.4401],[137.4794,35.43967],[137.4764,35.44011],[137.47533,35.43957],[137.47313,35.43967],[137.47233,35.44077],[137.47099,35.44095],[137.46997,35.44072],[137.4686,35.44082],[137.46686,35.44076],[137.46531,35.44017],[137.46453,35.44032],[137.46339,35.4396],[137.46205,35.43972],[137.46133,35.44073],[137.4607,35.44218],[137.45961,35.44389],[137.45867,35.44512],[137.45745,35.44438],[137.45619,35.44547],[137.45523,35.44659],[137.45368,35.44753],[137.45305,35.4482],[137.45299,35.44887],[137.45178,35.44953],[137.45006,35.45091],[137.44846,35.45142],[137.44645,35.45235],[137.44596,35.45318],[137.44412,35.4531],[137.44332,35.45332],[137.44289,35.45395],[137.44199,35.45437],[137.44194,35.45502],[137.44108,35.45576],[137.44075,35.45647],[137.44103,35.4577],[137.4416,35.45835],[137.44175,35.45908],[137.44045,35.45995],[137.44024,35.46034],[137.43833,35.46187],[137.43735,35.46313],[137.43622,35.46413],[137.43552,35.46583],[137.4345,35.46684],[137.43443,35.46769],[137.43386,35.4689],[137.434,35.46947],[137.43316,35.47119],[137.43306,35.47179],[137.43173,35.47318],[137.43083,35.47327],[137.42902,35.47377],[137.42274,35.47808],[137.41862,35.47994],[137.41744,35.48005],[137.41595,35.47926],[137.41576,35.4784],[137.41486,35.47817],[137.41419,35.47757],[137.41327,35.47778],[137.41236,35.47837],[137.41153,35.4782],[137.41022,35.48013],[137.40973,35.48029],[137.40902,35.48133],[137.407,35.48394],[137.40477,35.48232],[137.40296,35.48147],[137.40097,35.48138],[137.39296,35.48128],[137.39317,35.482],[137.39295,35.48349],[137.39354,35.48573],[137.3936,35.48702],[137.39295,35.48825],[137.39119,35.48928],[137.38977,35.48968],[137.38946,35.49059],[137.38948,35.49171],[137.38972,35.49213],[137.3909,35.49306],[137.39131,35.49387],[137.39217,35.49466],[137.39262,35.49554],[137.39257,35.49624],[137.39346,35.49708],[137.39472,35.49766],[137.39517,35.49879],[137.39517,35.4995],[137.39464,35.50006],[137.39531,35.5013],[137.39434,35.50321],[137.39432,35.50413],[137.3928,35.50484],[137.39235,35.50573],[137.39245,35.50679],[137.39173,35.50779],[137.38979,35.50786],[137.38872,35.50828],[137.38725,35.50804],[137.38652,35.50824],[137.38396,35.50668],[137.38221,35.50617],[137.38141,35.5063],[137.37997,35.50717],[137.37681,35.50748],[137.37457,35.50693],[137.37236,35.50617],[137.36945,35.50448],[137.36861,35.50419],[137.36631,35.50446],[137.36515,35.50526],[137.36429,35.50504],[137.36382,35.50538],[137.36268,35.50528],[137.36172,35.50556],[137.36013,35.50754],[137.35878,35.508],[137.35764,35.50876],[137.35679,35.50897],[137.35364,35.50866],[137.35139,35.50931],[137.351,35.51096],[137.35044,35.51147],[137.34923,35.5118],[137.34804,35.51254],[137.34822,35.51457],[137.34785,35.51561],[137.34853,35.51695],[137.34826,35.51761],[137.34847,35.51886],[137.34894,35.52004],[137.34874,35.52135],[137.34911,35.52236],[137.34884,35.52304],[137.34972,35.52463],[137.35004,35.5256],[137.34996,35.52653],[137.35009,35.52814],[137.35105,35.53049],[137.35111,35.5318],[137.3493,35.53684],[137.34893,35.53731],[137.34746,35.53811],[137.34533,35.53829],[137.34469,35.53874],[137.34267,35.53877],[137.34212,35.53967],[137.34149,35.54022],[137.34155,35.54144],[137.34135,35.54294],[137.34089,35.5443],[137.34054,35.54458],[137.34043,35.54554],[137.34135,35.54675],[137.34153,35.54793]]]]}},
  {"type":"Feature","properties":{"name":"美濃加茂市","code":"21211"},"geometry":{"type":"MultiPolygon","coordinates":[[[[136.99237,35.50812],[136.99308,35.5078],[136.99341,35.50835],[136.99422,35.50893],[136.99546,35.50858],[136.99622,35.50862],[136.99773,35.50809],[136.99862,35.5071],[136.99775,35.50667],[136.99715,35.50691],[136.99592,35.50662],[136.99593,35.50602],[136.99799,35.50594],[136.99818,35.50557],[136.99949,35.50592],[136.99929,35.50452],[136.9999,35.50351],[136.99981,35.50296],[136.99744,35.50282],[136.99731,35.50232],[137.00011,35.50241],[137.00142,35.50141],[137.00181,35.50063],[137.0031,35.50016],[137.00308,35.49913],[137.00227,35.49856],[137.0014,35.49734],[137.00014,35.49659],[136.99911,35.49536],[136.99865,35.49511],[136.99738,35.49503],[136.99734,35.49426],[137.00006,35.49273],[137.00134,35.49253],[137.00307,35.49318],[137.00426,35.49334],[137.00595,35.49383],[137.00694,35.49446],[137.00802,35.49565],[137.00891,35.49589],[137.00908,35.49485],[137.00988,35.49412],[137.01093,35.49413],[137.01206,35.4937],[137.01321,35.49207],[137.0126,35.49202],[137.01146,35.4936],[137.01007,35.49391],[137.01001,35.49145],[137.0094,35.49107],[137.00914,35.49273],[137.00942,35.49327],[137.00914,35.49394],[137.00852,35.49438],[137.00812,35.49392],[137.00797,35.49273],[137.00885,35.4917],[137.00911,35.49092],[137.0098,35.48987],[137.01179,35.48913],[137.01224,35.48767],[137.01172,35.48662],[137.01008,35.48525],[137.00981,35.48463],[137.00841,35.48382],[137.00686,35.48425],[137.00588,35.48406],[137.00479,35.48425],[137.00354,35.48346],[137.00196,35.48328],[137.00164,35.48305],[137.00163,35.48211],[136.99931,35.48085],[136.99802,35.48026],[136.99776,35.47991],[136.99627,35.47944],[136.99446,35.47859],[136.99302,35.47843],[136.99205,35.47853],[136.99131,35.4783],[136.98965,35.47872],[136.98873,35.47933],[136.98689,35.47955],[136.98658,35.47938],[136.98431,35.47939],[136.98429,35.47568],[136.98401,35.47561],[136.98394,35.47132],[136.98024,35.47128],[136.97585,35.4713],[136.97417,35.47157],[136.97372,35.47144],[136.97107,35.47149],[136.97094,35.47222],[136.97027,35.47279],[136.96901,35.4732],[136.96923,35.4763],[136.96911,35.47841],[136.96887,35.47994],[136.96763,35.47987],[136.96719,35.48047],[136.96597,35.48096],[136.96488,35.48093],[136.96505,35.47991],[136.96448,35.47612],[136.96463,35.47587],[136.96422,35.47436],[136.96423,35.47366],[136.96375,35.4722],[136.96362,35.47086],[136.96301,35.46842],[136.96253,35.46626],[136.96232,35.46606],[136.96208,35.4637],[136.96287,35.46276],[136.96244,35.46201],[136.96213,35.45985],[136.96171,35.45965],[136.96123,35.45866],[136.96101,35.45619],[136.95986,35.45234],[136.96029,35.45147],[136.95996,35.44979],[136.95902,35.44794],[136.95906,35.44745],[136.9597,35.44663],[136.96281,35.44607],[136.96351,35.44537],[136.96455,35.44516],[136.96516,35.4448],[136.96639,35.44565],[136.96757,35.44672],[136.97003,35.44517],[136.97074,35.44649],[136.96957,35.44744],[136.96935,35.44878],[136.96985,35.45129],[136.97246,35.45048],[136.97287,35.45052],[136.97398,35.45202],[136.97469,35.45221],[136.97796,35.44997],[136.98002,35.44919],[136.98407,35.44811],[136.98456,35.44933],[136.98656,35.45128],[136.98686,35.45204],[136.9875,35.45251],[136.9913,35.45286],[136.99209,35.45269],[136.99337,35.45186],[136.99204,35.44798],[136.99235,35.44717],[136.99248,35.44318],[136.99292,35.44222],[136.99418,35.44115],[136.9958,35.44151],[136.9979,35.44125],[136.99787,35.44094],[137.00112,35.44009],[137.00138,35.44096],[137.00192,35.44076],[137.00146,35.43799],[137.00256,35.43798],[137.00347,35.43278],[137.00233,35.43141],[137.00404,35.43059],[137.0065,35.4299],[137.00654,35.43095],[137.00717,35.43282],[137.0081,35.43398],[137.01051,35.4355],[137.01157,35.4359],[137.01591,35.43633],[137.02091,35.43647],[137.02854,35.4363],[137.03136,35.43654],[137.0333,35.4369],[137.03655,35.43787],[137.03848,35.4386],[137.04248,35.43999],[137.04332,35.44035],[137.04754,35.44249],[137.04975,35.44368],[137.05216,35.44478],[137.05466,35.44525],[137.05678,35.44522],[137.06057,35.44479],[137.06279,35.44435],[137.06416,35.4438],[137.06623,35.44217],[137.06825,35.44084],[137.06981,35.44011],[137.07193,35.43951],[137.0748,35.43974],[137.07619,35.44012],[137.07794,35.44085],[137.08015,35.44224],[137.08121,35.44323],[137.0819,35.44428],[137.08309,35.44758],[137.08325,35.44848],[137.0834,35.44941],[137.08242,35.44956],[137.08193,35.44924],[137.08061,35.45009],[137.07992,35.44986],[137.08031,35.44916],[137.07935,35.44904],[137.07919,35.45006],[137.07848,35.4499],[137.07749,35.44895],[137.07772,35.45049],[137.07703,35.45069],[137.07732,35.45126],[137.07681,35.45271],[137.07741,35.45321],[137.07695,35.45461],[137.07771,35.45541],[137.07717,35.45673],[137.07642,35.4574],[137.07577,35.4591],[137.07705,35.46005],[137.07871,35.45961],[137.07973,35.45968],[137.08204,35.46094],[137.08283,35.46089],[137.08415,35.46129],[137.08437,35.46243],[137.08541,35.46457],[137.08538,35.4658],[137.08585,35.46653],[137.08666,35.46695],[137.0863,35.46784],[137.08666,35.46919],[137.08501,35.4712],[137.08412,35.47109],[137.08306,35.47179],[137.0827,35.47336],[137.0831,35.4741],[137.08305,35.47502],[137.08223,35.47526],[137.08077,35.47525],[137.07905,35.47497],[137.07841,35.47382],[137.07648,35.47341],[137.07472,35.47375],[137.07482,35.474],[137.07238,35.47445],[137.07226,35.47523],[137.07296,35.47762],[137.0702,35.47928],[137.06656,35.47845],[137.06539,35.47789],[137.0636,35.47634],[137.06203,35.47463],[137.06099,35.47245],[137.05997,35.47064],[137.05832,35.4691],[137.05644,35.46791],[137.05369,35.46649],[137.05309,35.46602],[137.05283,35.46502],[137.05385,35.4612],[137.05293,35.46069],[137.05243,35.46173],[137.05111,35.46114],[137.0502,35.4622],[137.04989,35.46297],[137.04997,35.46467],[137.05111,35.46562],[137.05122,35.46611],[137.05112,35.4689],[137.0505,35.4694],[137.05053,35.47002],[137.04936,35.47207],[137.04926,35.47267],[137.04953,35.47375],[137.05045,35.4749],[137.05096,35.47521],[137.05095,35.47621],[137.05136,35.47724],[137.05247,35.47852],[137.05272,35.47911],[137.05281,35.48115],[137.05264,35.48204],[137.05124,35.48276],[137.05049,35.48369],[137.05118,35.48506],[137.05128,35.48578],[137.05194,35.48611],[137.05159,35.48726],[137.05137,35.48897],[137.04991,35.4887],[137.04829,35.48877],[137.04724,35.48937],[137.04641,35.4903],[137.04565,35.49084],[137.04544,35.49209],[137.04459,35.49197],[137.0437,35.49216],[137.04237,35.49199],[137.04055,35.49315],[137.03951,35.49314],[137.03914,35.49355],[137.0392,35.49446],[137.03719,35.49532],[137.03678,35.49639],[137.03691,35.49721],[137.0375,35.49822],[137.03737,35.5003],[137.03897,35.50185],[137.03964,35.50308],[137.03968,35.50397],[137.04075,35.50438],[137.04116,35.50495],[137.04219,35.50544],[137.04362,35.50534],[137.04399,35.5059],[137.0447,35.50622],[137.04523,35.50732],[137.04603,35.50739],[137.04717,35.50781],[137.04915,35.50884],[137.05148,35.50837],[137.05292,35.50857],[137.05306,35.50913],[137.05171,35.51066],[137.05215,35.51144],[137.05168,35.51184],[137.05182,35.51245],[137.05139,35.51357],[137.05195,35.51455],[137.05172,35.51526],[137.05227,35.51659],[137.05347,35.51736],[137.05655,35.51796],[137.05664,35.519],[137.05718,35.5194],[137.05729,35.52043],[137.05801,35.52163],[137.06003,35.52203],[137.06091,35.52268],[137.0621,35.52463],[137.06242,35.52556],[137.06429,35.52791],[137.06639,35.52905],[137.06756,35.52919],[137.06954,35.52869],[137.07202,35.53033],[137.07111,35.53046],[137.07051,35.52981],[137.06964,35.52944],[137.06894,35.52987],[137.07044,35.53204],[137.07029,35.53288],[137.06943,35.53239],[137.06726,35.53165],[137.06709,35.53247],[137.06738,35.53393],[137.06724,35.53498],[137.06596,35.53684],[137.06607,35.53751],[137.06527,35.53845],[137.06701,35.54145],[137.06853,35.54261],[137.06875,35.54351],[137.06872,35.54456],[137.06837,35.54627],[137.06758,35.54771],[137.06614,35.5484],[137.06447,35.54895],[137.06235,35.54946],[137.0609,35.55024],[137.06037,35.55082],[137.0596,35.55097],[137.05897,35.55031],[137.05808,35.55065],[137.05831,35.54952],[137.05868,35.54875],[137.05819,35.54584],[137.05679,35.54545],[137.0555,35.5457],[137.05405,35.54548],[137.05213,35.54563],[137.05099,35.54594],[137.05043,35.54641],[137.04913,35.54691],[137.04876,35.54773],[137.04549,35.54913],[137.04489,35.54957],[137.04405,35.54962],[137.0435,35.54967],[137.04217,35.55114],[137.04155,35.55149],[137.04063,35.55156],[137.03995,35.55274],[137.0384,35.55357],[137.03767,35.55371],[137.03617,35.55326],[137.03583,35.55226],[137.03429,35.55005],[137.03429,35.54864],[137.03316,35.54762],[137.0326,35.54678],[137.03256,35.54593],[137.03209,35.54538],[137.03209,35.54389],[137.03136,35.54308],[137.03023,35.5425],[137.02895,35.54077],[137.02897,35.53972],[137.02576,35.53959],[137.02404,35.53877],[137.02311,35.53913],[137.02221,35.53824],[137.02144,35.53794],[137.02048,35.53821],[137.01972,35.5381],[137.01948,35.53742],[137.01802,35.5371],[137.01669,35.53723],[137.01603,35.53708],[137.01577,35.53609],[137.01465,35.53538],[137.01444,35.53472],[137.01363,35.53422],[137.01247,35.53431],[137.01126,35.53401],[137.01043,35.53343],[137.01018,35.53284],[137.01011,35.53166],[137.00948,35.53111],[137.00921,35.53043],[137.00916,35.52931],[137.00861,35.52844],[137.00754,35.52782],[137.00703,35.52704],[137.00717,35.5259],[137.00634,35.52519],[137.00491,35.52524],[137.00392,35.52478],[137.00346,35.52385],[137.00215,35.52322],[137.00235,35.52256],[137.00174,35.52171],[137.00214,35.51991],[137.00276,35.5195],[137.00051,35.51775],[137.00046,35.51736],[136.99731,35.51721],[136.99703,35.51703],[136.99375,35.51756],[136.99295,35.51752],[136.99154,35.51548],[136.99197,35.515],[136.99178,35.51425],[136.99244,35.51381],[136.99298,35.513],[136.99275,35.5124],[136.99319,35.51161],[136.99416,35.51105],[136.99373,35.51071],[136.99205,35.51082],[136.99198,35.50986],[136.9925,35.50906],[136.99237,35.50812]],[[137.07613,35.44767],[137.07661,35.44822],[137.07852,35.44793],[137.07871,35.4487],[137.07976,35.44768],[137.08159,35.44642],[137.08116,35.44591],[137.08045,35.44642],[137.07858,35.44472],[137.07783,35.44516],[137.07819,35.44574],[137.07744,35.44629],[137.07695,35.44727],[137.07613,35.44767]]]]}},
  {"type":"Feature","properties":{"name":"土岐市","code":"21212"},"geometry":{"type":"MultiPolygon","coordinates":[[[[137.17609,35.27038],[137.17664,35.27012],[137.17711,35.26924],[137.17719,35.26825],[137.17636,35.26773],[137.17555,35.26641],[137.17408,35.26565],[137.1732,35.26536],[137.17298,35.26485],[137.17519,35.26467],[137.17558,35.26435],[137.17562,35.26265],[137.17637,35.2604],[137.17804,35.259],[137.17911,35.25854],[137.1797,35.25787],[137.1805,35.25811],[137.18207,35.25717],[137.18375,35.2556],[137.18385,35.25468],[137.18447,35.2541],[137.18667,35.25306],[137.18766,35.25309],[137.18944,35.25256],[137.19009,35.25296],[137.19045,35.25379],[137.191,35.25405],[137.19168,35.25379],[137.19415,35.25357],[137.19474,35.25339],[137.19707,35.25334],[137.19813,35.25284],[137.19996,35.25146],[137.20195,35.25283],[137.20254,35.25245],[137.20299,35.25344],[137.20301,35.2546],[137.20354,35.25502],[137.20548,35.25488],[137.20642,35.25323],[137.20701,35.25306],[137.20774,35.25348],[137.2084,35.25447],[137.20878,35.25636],[137.20905,35.25689],[137.20867,35.25736],[137.20955,35.25829],[137.21105,35.2586],[137.21128,35.25969],[137.21226,35.25995],[137.21277,35.25957],[137.21345,35.25988],[137.21458,35.2593],[137.21578,35.25954],[137.21787,35.25956],[137.21821,35.25892],[137.21938,35.25897],[137.21987,35.25922],[137.22081,35.26032],[137.22136,35.25994],[137.2211,35.25769],[137.22127,35.2565],[137.2217,35.25585],[137.22334,35.25595],[137.22457,35.25649],[137.22501,35.25702],[137.22656,35.25832],[137.22781,35.25875],[137.22891,35.26011],[137.23012,35.26103],[137.23353,35.26112],[137.23396,35.26172],[137.23385,35.26243],[137.23444,35.26386],[137.23539,35.26466],[137.23702,35.26525],[137.23768,35.26523],[137.23894,35.26454],[137.23971,35.26459],[137.2402,35.26521],[137.24139,35.26431],[137.24243,35.26463],[137.24301,35.26578],[137.24374,35.26613],[137.24427,35.2669],[137.24359,35.26755],[137.24359,35.26854],[137.24489,35.26893],[137.24558,35.26839],[137.24629,35.26828],[137.24892,35.26838],[137.24994,35.26855],[137.25069,35.26924],[137.2515,35.26964],[137.25158,35.27064],[137.2527,35.27113],[137.25288,35.27207],[137.25376,35.27276],[137.25577,35.27274],[137.25671,35.27244],[137.25741,35.27256],[137.25753,35.27489],[137.25785,35.27508],[137.25932,35.27442],[137.25982,35.2745],[137.26088,35.27541],[137.26062,35.27725],[137.26019,35.27813],[137.25945,35.27871],[137.26027,35.28012],[137.26088,35.28065],[137.26009,35.28098],[137.26005,35.28182],[137.26107,35.28311],[137.26203,35.28346],[137.26266,35.2852],[137.26481,35.28571],[137.26568,35.28619],[137.2664,35.28628],[137.26797,35.28683],[137.26985,35.28663],[137.27058,35.286],[137.27173,35.28613],[137.27345,35.28789],[137.27404,35.28788],[137.27426,35.28883],[137.27509,35.29049],[137.27579,35.29061],[137.27708,35.29184],[137.27739,35.29502],[137.27741,35.29764],[137.27821,35.30173],[137.27881,35.3055],[137.2803,35.31316],[137.28048,35.31483],[137.28291,35.31738],[137.28132,35.31866],[137.28106,35.31915],[137.27803,35.31849],[137.2774,35.31785],[137.27547,35.31672],[137.27438,35.31782],[137.27447,35.31856],[137.27319,35.32123],[137.27316,35.32254],[137.27242,35.32334],[137.27153,35.32334],[137.27084,35.32371],[137.27067,35.32478],[137.26971,35.32452],[137.26822,35.32453],[137.26757,35.32426],[137.26567,35.32418],[137.2642,35.32385],[137.26323,35.32421],[137.26297,35.3256],[137.26165,35.32689],[137.26055,35.32709],[137.26014,35.32758],[137.25923,35.32761],[137.25801,35.32853],[137.25838,35.32985],[137.258,35.33071],[137.2571,35.33127],[137.25642,35.33124],[137.256,35.33067],[137.2548,35.33035],[137.25443,35.32997],[137.25237,35.32874],[137.25229,35.32796],[137.25161,35.32743],[137.2496,35.32732],[137.24954,35.32827],[137.24835,35.32873],[137.24766,35.32931],[137.24666,35.32951],[137.24473,35.33121],[137.24421,35.33249],[137.24475,35.33405],[137.24351,35.33477],[137.24249,35.33604],[137.24264,35.33668],[137.24397,35.33783],[137.24464,35.33883],[137.24448,35.33915],[137.24316,35.33904],[137.24287,35.3398],[137.2416,35.3411],[137.2404,35.34126],[137.2394,35.34245],[137.23905,35.34366],[137.23826,35.34403],[137.23723,35.34515],[137.23683,35.34529],[137.23566,35.34473],[137.2342,35.34446],[137.23362,35.34481],[137.23127,35.34768],[137.23073,35.34784],[137.23001,35.34866],[137.22714,35.35103],[137.2252,35.3528],[137.22484,35.35351],[137.22406,35.35427],[137.22299,35.35452],[137.22276,35.35521],[137.22174,35.35551],[137.22078,35.35699],[137.22008,35.35731],[137.21948,35.35814],[137.22062,35.35936],[137.22025,35.36148],[137.21959,35.36274],[137.21924,35.36519],[137.22066,35.36588],[137.22122,35.36716],[137.22231,35.36795],[137.22298,35.36899],[137.22415,35.36899],[137.22498,35.36951],[137.22515,35.37021],[137.2234,35.37057],[137.22339,35.37125],[137.22288,35.37243],[137.22154,35.37487],[137.22118,35.3764],[137.22121,35.37744],[137.22061,35.37849],[137.22073,35.3793],[137.22038,35.381],[137.21964,35.38229],[137.21944,35.3839],[137.21894,35.38501],[137.21819,35.38596],[137.21785,35.38763],[137.21803,35.38821],[137.21768,35.38896],[137.2177,35.39043],[137.21729,35.3909],[137.21762,35.39292],[137.2171,35.39363],[137.21621,35.39355],[137.21581,35.39403],[137.21454,35.39427],[137.21375,35.39387],[137.21221,35.39381],[137.21164,35.39432],[137.20927,35.39494],[137.20855,35.39531],[137.20818,35.39609],[137.2067,35.39699],[137.20613,35.39752],[137.20385,35.39853],[137.20288,35.39871],[137.20213,35.3996],[137.20054,35.39984],[137.1988,35.40035],[137.1982,35.40111],[137.19765,35.4012],[137.19596,35.40069],[137.19499,35.40173],[137.19417,35.40382],[137.19132,35.40318],[137.19168,35.40161],[137.19146,35.40008],[137.19215,35.39894],[137.1919,35.39814],[137.19108,35.39702],[137.19025,35.39637],[137.18909,35.39587],[137.18648,35.39589],[137.18578,35.39575],[137.18458,35.39492],[137.18381,35.3947],[137.18367,35.39402],[137.18156,35.39298],[137.18065,35.39266],[137.1795,35.39185],[137.17861,35.39196],[137.1771,35.39277],[137.17488,35.39431],[137.17367,35.39443],[137.17245,35.39408],[137.17062,35.39245],[137.17026,35.39237],[137.16776,35.39354],[137.16692,35.39438],[137.1652,35.39546],[137.16419,35.39702],[137.16336,35.39763],[137.16266,35.39772],[137.16131,35.39832],[137.16036,35.3984],[137.15972,35.39733],[137.15853,35.39613],[137.15816,35.39536],[137.15534,35.39425],[137.1546,35.39294],[137.15485,35.39205],[137.1547,35.39047],[137.15366,35.38965],[137.15319,35.38893],[137.15353,35.38806],[137.15343,35.38704],[137.15281,35.38566],[137.15291,35.38465],[137.1527,35.38367],[137.15203,35.3828],[137.15168,35.38138],[137.15086,35.38014],[137.15009,35.3795],[137.14636,35.37783],[137.14523,35.37704],[137.14776,35.37134],[137.14794,35.37049],[137.14728,35.36972],[137.14725,35.36921],[137.14913,35.36973],[137.15007,35.36897],[137.15181,35.36894],[137.15243,35.36684],[137.15238,35.36497],[137.15351,35.36462],[137.15422,35.36284],[137.15476,35.36262],[137.15531,35.36179],[137.15641,35.36133],[137.15653,35.36059],[137.15706,35.36005],[137.15734,35.35901],[137.15695,35.35831],[137.15708,35.35781],[137.15833,35.35714],[137.15894,35.35599],[137.15689,35.35389],[137.15653,35.35279],[137.15583,35.35229],[137.15582,35.35162],[137.15279,35.35084],[137.15047,35.35035],[137.14843,35.35004],[137.14677,35.3501],[137.14566,35.34997],[137.14535,35.34948],[137.14588,35.34899],[137.14612,35.34814],[137.1462,35.34672],[137.14736,35.34649],[137.1476,35.34557],[137.14853,35.34503],[137.14903,35.34424],[137.14976,35.34414],[137.14982,35.34365],[137.14911,35.34333],[137.14949,35.3427],[137.15049,35.34181],[137.15084,35.34122],[137.15246,35.33925],[137.15456,35.33781],[137.15478,35.33735],[137.15577,35.33667],[137.15722,35.33515],[137.15761,35.33433],[137.15768,35.33335],[137.15874,35.33123],[137.15925,35.3308],[137.16032,35.33051],[137.16044,35.32888],[137.16027,35.32755],[137.15924,35.32701],[137.15859,35.32636],[137.15743,35.32591],[137.15571,35.32442],[137.155,35.32422],[137.15342,35.3242],[137.15314,35.32301],[137.1538,35.32147],[137.15386,35.32037],[137.1559,35.3197],[137.15843,35.31901],[137.16034,35.31893],[137.16133,35.31957],[137.16281,35.31964],[137.1635,35.31933],[137.16475,35.31922],[137.16596,35.31852],[137.1668,35.31772],[137.16708,35.31581],[137.1679,35.31431],[137.16862,35.31423],[137.16901,35.31368],[137.17009,35.31355],[137.17129,35.31289],[137.17138,35.31232],[137.1721,35.31199],[137.1718,35.31117],[137.17198,35.30986],[137.17372,35.30877],[137.17415,35.3073],[137.17502,35.30614],[137.17593,35.30548],[137.17617,35.30484],[137.17685,35.30431],[137.17713,35.30359],[137.17698,35.30273],[137.17756,35.30121],[137.17904,35.29908],[137.17822,35.29839],[137.17827,35.29699],[137.17875,35.29487],[137.17944,35.29381],[137.18042,35.29335],[137.18081,35.29269],[137.18051,35.29206],[137.18155,35.29141],[137.18208,35.2905],[137.18204,35.28914],[137.18236,35.2887],[137.18175,35.28805],[137.18039,35.28745],[137.17878,35.28705],[137.17827,35.28664],[137.1765,35.28595],[137.17536,35.28467],[137.176,35.28379],[137.17763,35.28306],[137.17827,35.28225],[137.17882,35.28224],[137.18117,35.28104],[137.18132,35.2806],[137.1823,35.28005],[137.18349,35.27988],[137.18433,35.2795],[137.18523,35.27876],[137.18646,35.27742],[137.18529,35.27656],[137.18493,35.2751],[137.18509,35.27466],[137.1835,35.27376],[137.18272,35.27357],[137.18071,35.27358],[137.17979,35.27329],[137.17929,35.27253],[137.17856,35.27217],[137.17727,35.27063],[137.17609,35.27038]]]]}},
  {"type":"Feature","properties":{"name":"各務原市","code":"21213"},"geometry":{"type":"MultiPolygon","coordinates":[[[[136.81295,35.38741],[136.81588,35.38763],[136.81689,35.38736],[136.81724,35.38478],[136.81974,35.38497],[136.81949,35.38407],[136.81945,35.38246],[136.81887,35.38101],[136.81896,35.37896],[136.81963,35.37876],[136.81973,35.37812],[136.82071,35.3762],[136.81623,35.37559],[136.81633,35.37491],[136.8111,35.37409],[136.811,35.37459],[136.80632,35.37377],[136.80709,35.37285],[136.80243,35.37068],[136.80297,35.36991],[136.79896,35.36933],[136.79896,35.36864],[136.80072,35.36881],[136.80078,35.36592],[136.79998,35.36418],[136.79406,35.36607],[136.79356,35.36473],[136.79289,35.36346],[136.79665,35.36252],[136.80075,35.36093],[136.8021,35.36052],[136.80423,35.36014],[136.80835,35.35975],[136.81305,35.35962],[136.81713,35.35932],[136.82258,35.3583],[136.82608,35.35748],[136.82833,35.35706],[136.8302,35.35685],[136.83377,35.35592],[136.83425,35.356],[136.84434,35.361],[136.84837,35.36247],[136.84861,35.36277],[136.85135,35.3638],[136.85503,35.36534],[136.85819,35.36681],[136.8592,35.36746],[136.85982,35.36756],[136.86126,35.36838],[136.86493,35.37261],[136.86781,35.37264],[136.87113,35.37292],[136.87396,35.3734],[136.87606,35.37388],[136.87805,35.37447],[136.88618,35.37753],[136.8896,35.37799],[136.8949,35.37814],[136.90426,35.37768],[136.90853,35.37757],[136.9143,35.37783],[136.91713,35.37819],[136.92207,35.37918],[136.9242,35.38005],[136.92615,35.38104],[136.9291,35.38313],[136.93198,35.3855],[136.93512,35.38825],[136.93732,35.38941],[136.9412,35.39113],[136.94801,35.39403],[136.95035,35.39493],[136.95399,35.39567],[136.9567,35.39645],[136.95927,35.39779],[136.96098,35.39905],[136.96171,35.39977],[136.96229,35.40081],[136.9628,35.40325],[136.96286,35.40485],[136.96309,35.40655],[136.96302,35.40803],[136.96262,35.40958],[136.96136,35.41331],[136.96112,35.41458],[136.95997,35.4146],[136.95864,35.41484],[136.95768,35.41525],[136.95535,35.41492],[136.95419,35.41436],[136.95308,35.41412],[136.9525,35.4144],[136.95217,35.41531],[136.9507,35.41587],[136.95144,35.4166],[136.95173,35.41729],[136.9514,35.41794],[136.95162,35.41838],[136.95104,35.41955],[136.95134,35.42072],[136.95037,35.42206],[136.94989,35.42239],[136.95051,35.4232],[136.9502,35.42465],[136.95104,35.42575],[136.95212,35.42685],[136.95104,35.42797],[136.94897,35.42929],[136.94852,35.42944],[136.94638,35.42923],[136.94493,35.4285],[136.94219,35.4274],[136.94153,35.42742],[136.93476,35.42957],[136.93425,35.43047],[136.93324,35.43083],[136.93176,35.43175],[136.93032,35.43222],[136.92949,35.4322],[136.92865,35.43274],[136.92805,35.43366],[136.9269,35.43429],[136.92552,35.43414],[136.92465,35.43446],[136.92248,35.43598],[136.92124,35.43582],[136.92012,35.43664],[136.91971,35.43718],[136.9176,35.43758],[136.91638,35.43801],[136.9153,35.43939],[136.91346,35.44001],[136.91171,35.44103],[136.91071,35.44087],[136.90869,35.44165],[136.90906,35.44295],[136.90799,35.44414],[136.9067,35.4452],[136.90479,35.44625],[136.90234,35.44657],[136.90145,35.4448],[136.90007,35.44454],[136.89923,35.44361],[136.89678,35.44384],[136.89533,35.44414],[136.89402,35.44524],[136.8933,35.44458],[136.89034,35.44491],[136.88928,35.44542],[136.88926,35.44653],[136.88895,35.44673],[136.88695,35.44667],[136.88617,35.44627],[136.88613,35.44544],[136.88566,35.44456],[136.88475,35.44413],[136.88179,35.44466],[136.8794,35.44582],[136.87813,35.44623],[136.87637,35.44615],[136.87404,35.44575],[136.8734,35.44599],[136.87144,35.4452],[136.87027,35.44426],[136.86904,35.44412],[136.86935,35.44108],[136.86876,35.43949],[136.86916,35.43905],[136.87202,35.43791],[136.87188,35.43662],[136.86996,35.43621],[136.86942,35.43585],[136.86716,35.43516],[136.86531,35.43496],[136.86412,35.43461],[136.86268,35.43459],[136.86021,35.43431],[136.86004,35.43384],[136.85978,35.43157],[136.85996,35.43047],[136.86032,35.43005],[136.86005,35.4288],[136.85889,35.42707],[136.85894,35.4253],[136.85765,35.42507],[136.85389,35.42517],[136.84952,35.42513],[136.84791,35.42504],[136.84513,35.42454],[136.84487,35.42555],[136.84212,35.43118],[136.83922,35.43059],[136.83896,35.42987],[136.83803,35.4293],[136.83665,35.42913],[136.836,35.42879],[136.83519,35.42881],[136.83215,35.42821],[136.83022,35.42796],[136.82903,35.42815],[136.82769,35.42861],[136.82684,35.42847],[136.82485,35.42877],[136.82358,35.42791],[136.82273,35.42676],[136.82069,35.42713],[136.81878,35.42712],[136.8156,35.42737],[136.81503,35.42609],[136.81475,35.42173],[136.8154,35.42174],[136.81543,35.42078],[136.81686,35.41956],[136.81779,35.41921],[136.81763,35.41852],[136.81669,35.41767],[136.81545,35.41715],[136.81506,35.41488],[136.81578,35.41472],[136.8158,35.41576],[136.81693,35.41508],[136.81675,35.41361],[136.81629,35.41277],[136.81597,35.41114],[136.81559,35.41057],[136.81586,35.40968],[136.81574,35.40854],[136.81492,35.40722],[136.81525,35.40667],[136.81531,35.40343],[136.81451,35.40262],[136.81429,35.40136],[136.8137,35.40054],[136.81447,35.40045],[136.81418,35.39862],[136.8147,35.39778],[136.81591,35.39822],[136.81658,35.39815],[136.81689,35.39613],[136.81536,35.39558],[136.81475,35.39468],[136.81324,35.39381],[136.81586,35.39211],[136.81563,35.39178],[136.81579,35.39071],[136.81645,35.39047],[136.8163,35.38994],[136.81554,35.38899],[136.81449,35.38987],[136.81368,35.39011],[136.81311,35.3894],[136.81295,35.38741]]]]}},
  {"type":"Feature","properties":{"name":"可児市","code":"21214"},"geometry":{"type":"MultiPolygon","coordinates":[[[[137.14523,35.37704],[137.14636,35.37783],[137.15009,35.3795],[137.15086,35.38014],[137.15168,35.38138],[137.15203,35.3828],[137.1527,35.38367],[137.15291,35.38465],[137.15281,35.38566],[137.15343,35.38704],[137.15353,35.38806],[137.15319,35.38893],[137.15366,35.38965],[137.1547,35.39047],[137.15485,35.39205],[137.1546,35.39294],[137.15534,35.39425],[137.15816,35.39536],[137.15853,35.39613],[137.15972,35.39733],[137.16036,35.3984],[137.15952,35.39892],[137.15848,35.40007],[137.15689,35.4013],[137.15578,35.40176],[137.15467,35.40265],[137.15359,35.40283],[137.15317,35.40315],[137.15253,35.40448],[137.15092,35.40491],[137.15013,35.40488],[137.14871,35.40585],[137.14772,35.40605],[137.14651,35.40733],[137.14337,35.40726],[137.14179,35.40666],[137.141,35.4068],[137.14089,35.40733],[137.13992,35.40802],[137.13947,35.40916],[137.13739,35.41111],[137.1362,35.41155],[137.13514,35.41227],[137.13396,35.4127],[137.13338,35.4132],[137.13269,35.41444],[137.13181,35.41468],[137.1292,35.41382],[137.12762,35.41348],[137.12608,35.41418],[137.12321,35.41414],[137.12276,35.41396],[137.1222,35.41477],[137.12218,35.41635],[137.1219,35.41753],[137.11999,35.41798],[137.11974,35.41834],[137.1201,35.41987],[137.11986,35.42003],[137.11835,35.41937],[137.11505,35.41853],[137.1141,35.41678],[137.1132,35.41632],[137.11137,35.41694],[137.11068,35.4166],[137.11013,35.41593],[137.10935,35.41607],[137.10878,35.41673],[137.1075,35.41717],[137.10629,35.41805],[137.10546,35.41838],[137.10536,35.41987],[137.10564,35.42061],[137.10738,35.42183],[137.10775,35.42287],[137.10725,35.42379],[137.10662,35.42422],[137.106,35.42521],[137.10545,35.42532],[137.10464,35.42617],[137.10451,35.42704],[137.1056,35.42787],[137.10567,35.42879],[137.10655,35.42965],[137.10648,35.43052],[137.1068,35.431],[137.10252,35.43097],[137.10278,35.43254],[137.10091,35.43249],[137.10088,35.43277],[137.09922,35.43278],[137.09923,35.43487],[137.09897,35.43494],[137.09907,35.43648],[137.09864,35.4369],[137.09912,35.43769],[137.09737,35.43769],[137.09633,35.43743],[137.09513,35.43662],[137.0934,35.4351],[137.09208,35.435],[137.08999,35.43598],[137.08871,35.4358],[137.08677,35.4342],[137.08597,35.43378],[137.08467,35.43354],[137.08339,35.43354],[137.08221,35.43288],[137.08158,35.43191],[137.08076,35.43116],[137.07913,35.43051],[137.07888,35.43209],[137.07762,35.43319],[137.07535,35.43245],[137.07351,35.43239],[137.07215,35.4319],[137.07165,35.43122],[137.07169,35.43057],[137.07057,35.42944],[137.07018,35.42972],[137.07123,35.43094],[137.07132,35.43196],[137.06991,35.4334],[137.06984,35.43418],[137.06902,35.43528],[137.06961,35.43591],[137.07206,35.43692],[137.07171,35.43741],[137.06935,35.43719],[137.07143,35.43834],[137.0721,35.43897],[137.07193,35.43951],[137.06981,35.44011],[137.06825,35.44084],[137.06623,35.44217],[137.06416,35.4438],[137.06279,35.44435],[137.06057,35.44479],[137.05678,35.44522],[137.05466,35.44525],[137.05216,35.44478],[137.04975,35.44368],[137.04754,35.44249],[137.04332,35.44035],[137.04248,35.43999],[137.03848,35.4386],[137.03655,35.43787],[137.0333,35.4369],[137.03136,35.43654],[137.02854,35.4363],[137.02091,35.43647],[137.01591,35.43633],[137.01157,35.4359],[137.01051,35.4355],[137.0081,35.43398],[137.00717,35.43282],[137.00654,35.43095],[137.0065,35.4299],[137.00698,35.42698],[137.00685,35.42641],[137.0058,35.42516],[137.0049,35.42466],[136.99963,35.42374],[136.99703,35.42383],[136.99506,35.42409],[136.99322,35.4242],[136.99246,35.42352],[136.99051,35.4231],[136.99016,35.4223],[136.98945,35.42169],[136.98855,35.4205],[136.98749,35.42049],[136.98642,35.42],[136.98603,35.41924],[136.98584,35.41806],[136.98525,35.41748],[136.98702,35.41577],[136.9871,35.41537],[136.98498,35.41423],[136.98459,35.41379],[136.9849,35.41317],[136.98459,35.41189],[136.9835,35.41068],[136.98257,35.40992],[136.98116,35.40916],[136.98028,35.40819],[136.97999,35.40754],[136.97858,35.40642],[136.97822,35.40498],[136.97844,35.40416],[136.97826,35.40318],[136.98051,35.40277],[136.98082,35.40191],[136.98157,35.40158],[136.98282,35.40143],[136.98417,35.4015],[136.98522,35.402],[136.98731,35.40198],[136.9877,35.4016],[136.98896,35.40116],[136.9887,35.40003],[136.98983,35.39885],[136.98997,35.39759],[136.98934,35.39634],[136.99018,35.39558],[136.99011,35.39486],[136.99131,35.39425],[136.99149,35.39307],[136.99278,35.39283],[136.99374,35.39357],[136.99547,35.39306],[136.99619,35.39238],[136.99625,35.39172],[136.99703,35.39099],[136.99804,35.39151],[136.99845,35.39133],[136.99925,35.39005],[136.99909,35.38836],[136.99963,35.38721],[136.99905,35.38616],[136.99959,35.38517],[137.00096,35.38398],[137.00218,35.38335],[137.00212,35.38148],[137.00316,35.38111],[137.00417,35.38108],[137.00607,35.38182],[137.00752,35.38147],[137.00813,35.38165],[137.01039,35.38131],[137.01089,35.38173],[137.01244,35.38152],[137.01417,35.38177],[137.01526,35.38134],[137.01519,35.38051],[137.01601,35.37896],[137.01612,35.37767],[137.01704,35.37732],[137.01792,35.37667],[137.01887,35.37651],[137.02021,35.37565],[137.02135,35.3757],[137.023,35.37503],[137.0254,35.37531],[137.02641,35.37513],[137.02803,35.37617],[137.02828,35.37532],[137.02961,35.3742],[137.02976,35.37356],[137.02929,35.37252],[137.02939,35.37156],[137.0299,35.37072],[137.03104,35.37015],[137.03275,35.36901],[137.03406,35.36891],[137.03398,35.36805],[137.03539,35.36786],[137.03757,35.36779],[137.0381,35.36747],[137.0394,35.36759],[137.04075,35.36691],[137.04509,35.36741],[137.04608,35.36621],[137.04695,35.36613],[137.04694,35.36567],[137.04762,35.36469],[137.04805,35.36578],[137.05029,35.36636],[137.05076,35.36697],[137.05045,35.36775],[137.05108,35.36881],[137.05284,35.36872],[137.05472,35.36887],[137.05495,35.37015],[137.05454,35.37177],[137.05391,35.37251],[137.05382,35.3731],[137.05301,35.37452],[137.05313,35.37556],[137.05292,35.37674],[137.05355,35.37763],[137.05414,35.37896],[137.05391,35.37979],[137.05513,35.38339],[137.05621,35.38511],[137.05717,35.38592],[137.05816,35.38713],[137.05861,35.38826],[137.05932,35.38914],[137.06072,35.3904],[137.06229,35.39089],[137.06257,35.39218],[137.06361,35.39215],[137.0647,35.39172],[137.06541,35.393],[137.06738,35.39348],[137.06661,35.39434],[137.06528,35.39408],[137.06436,35.39491],[137.06325,35.39413],[137.06246,35.39409],[137.06167,35.39525],[137.06174,35.39656],[137.06204,35.3985],[137.06188,35.39895],[137.06055,35.40022],[137.0602,35.40102],[137.06001,35.40226],[137.06018,35.40311],[137.0622,35.40273],[137.06285,35.40158],[137.06424,35.40098],[137.06506,35.4002],[137.06607,35.40024],[137.06696,35.39911],[137.06678,35.3981],[137.06775,35.39792],[137.06789,35.39674],[137.06731,35.39612],[137.06909,35.39601],[137.06917,35.39506],[137.06955,35.3941],[137.07006,35.39365],[137.06918,35.39266],[137.07072,35.39219],[137.07048,35.39149],[137.07121,35.39092],[137.07119,35.39051],[137.07199,35.39004],[137.07196,35.38845],[137.07326,35.38816],[137.07409,35.38741],[137.07413,35.38672],[137.07489,35.38646],[137.0752,35.38579],[137.07623,35.38545],[137.07676,35.38489],[137.0768,35.38411],[137.0761,35.38352],[137.07588,35.38289],[137.07612,35.38166],[137.07554,35.38083],[137.07611,35.38023],[137.07708,35.37731],[137.07791,35.37768],[137.07914,35.37688],[137.07863,35.3752],[137.07935,35.37483],[137.07929,35.37407],[137.0805,35.37346],[137.08258,35.37316],[137.08332,35.37237],[137.08536,35.37112],[137.08607,35.37162],[137.08695,35.37124],[137.08743,35.37145],[137.08806,35.37065],[137.08885,35.37095],[137.08933,35.37068],[137.09001,35.37113],[137.08973,35.37183],[137.0909,35.37247],[137.09158,35.37193],[137.09279,35.37211],[137.09332,35.37112],[137.09387,35.37066],[137.09479,35.37062],[137.09502,35.37126],[137.09555,35.37142],[137.09611,35.37218],[137.09687,35.37227],[137.09741,35.37184],[137.09833,35.37182],[137.09906,35.37101],[137.0998,35.3718],[137.10104,35.37198],[137.10196,35.37154],[137.10245,35.37224],[137.10211,35.3733],[137.1026,35.37362],[137.10357,35.37364],[137.10412,35.37407],[137.10534,35.37397],[137.10675,35.37263],[137.10826,35.37208],[137.10895,35.37234],[137.10993,35.37219],[137.10958,35.37066],[137.11043,35.3701],[137.11128,35.3692],[137.11194,35.36898],[137.11326,35.36912],[137.11393,35.36953],[137.11559,35.37118],[137.11751,35.37278],[137.11864,35.37411],[137.11996,35.37473],[137.12074,35.37536],[137.12006,35.37576],[137.11929,35.37681],[137.11775,35.37828],[137.11728,35.37944],[137.11831,35.37978],[137.11983,35.38057],[137.12084,35.38134],[137.12137,35.38262],[137.1221,35.38356],[137.12271,35.3837],[137.12372,35.38444],[137.12694,35.38412],[137.12755,35.38323],[137.12962,35.38201],[137.13051,35.38114],[137.13157,35.38114],[137.13292,35.38045],[137.13462,35.38012],[137.13582,35.37963],[137.13749,35.37964],[137.13797,35.379],[137.13944,35.37946],[137.1405,35.37931],[137.14108,35.37859],[137.14249,35.37791],[137.14438,35.37795],[137.14523,35.37704]]],[[[137.08325,35.44848],[137.08763,35.44735],[137.08963,35.44593],[137.08999,35.44673],[137.09088,35.45105],[137.09126,35.45143],[137.09133,35.45225],[137.09201,35.45303],[137.09418,35.45274],[137.0948,35.45301],[137.09529,35.45183],[137.09625,35.45143],[137.09585,35.45016],[137.09645,35.44899],[137.09725,35.44902],[137.09738,35.44788],[137.09827,35.44737],[137.09929,35.44787],[137.09995,35.44743],[137.10094,35.44826],[137.10061,35.44905],[137.1015,35.44973],[137.10078,35.45025],[137.10053,35.45097],[137.10077,35.45202],[137.10147,35.4515],[137.10223,35.45029],[137.10253,35.45134],[137.10358,35.45188],[137.10367,35.45235],[137.1046,35.4528],[137.10514,35.45362],[137.10498,35.45455],[137.1063,35.45498],[137.10704,35.45591],[137.10667,35.45751],[137.10774,35.45758],[137.10851,35.45722],[137.10973,35.4572],[137.11055,35.45782],[137.11132,35.45752],[137.11265,35.45834],[137.11196,35.45923],[137.11181,35.46103],[137.11146,35.46193],[137.11088,35.46239],[137.11077,35.46329],[137.10671,35.46358],[137.10467,35.46399],[137.10368,35.46514],[137.10189,35.46424],[137.0998,35.46355],[137.09696,35.46247],[137.09618,35.462],[137.09541,35.4608],[137.09464,35.46008],[137.09263,35.45859],[137.08916,35.45623],[137.08624,35.45465],[137.08534,35.45404],[137.08447,35.45312],[137.08404,35.45224],[137.0834,35.44941],[137.08325,35.44848]]]]}},
  {"type":"Feature","properties":{"name":"山県市","code":"21215"},"geometry":{"type":"MultiPolygon","coordinates":[[[[136.81522,35.53173],[136.81464,35.53228],[136.81457,35.53307],[136.81325,35.53315],[136.81298,35.53431],[136.81243,35.53476],[136.81202,35.53594],[136.81103,35.53616],[136.81034,35.53574],[136.80973,35.53589],[136.80948,35.53792],[136.80967,35.53842],[136.80945,35.53985],[136.80905,35.54096],[136.8089,35.54203],[136.80992,35.5445],[136.80921,35.54472],[136.80968,35.54604],[136.80882,35.54629],[136.80919,35.54778],[136.81261,35.54737],[136.81316,35.54863],[136.81261,35.54953],[136.81312,35.5505],[136.81315,35.55231],[136.8136,35.55293],[136.81287,35.55357],[136.81312,35.55471],[136.81377,35.55518],[136.81539,35.55578],[136.8157,35.55638],[136.81745,35.55703],[136.81785,35.55838],[136.81934,35.55961],[136.82071,35.56029],[136.82061,35.56127],[136.81931,35.56308],[136.81812,35.56423],[136.81774,35.566],[136.81799,35.56711],[136.81715,35.56734],[136.8158,35.56689],[136.81524,35.56628],[136.81415,35.56595],[136.81326,35.56634],[136.81311,35.56693],[136.81211,35.56708],[136.81169,35.56809],[136.81043,35.56872],[136.80887,35.56984],[136.80869,35.57079],[136.80817,35.57133],[136.80688,35.57172],[136.80503,35.57326],[136.80429,35.57322],[136.80419,35.57141],[136.80435,35.57079],[136.80413,35.56977],[136.8032,35.56903],[136.80228,35.5692],[136.80112,35.56893],[136.80054,35.56931],[136.79994,35.56895],[136.79915,35.56946],[136.7977,35.56945],[136.79675,35.56999],[136.79514,35.56971],[136.79511,35.57106],[136.79378,35.57127],[136.79369,35.57298],[136.79446,35.57464],[136.79462,35.57622],[136.79404,35.57742],[136.79431,35.57858],[136.79348,35.57938],[136.79252,35.57983],[136.79213,35.58086],[136.79242,35.58127],[136.79222,35.58272],[136.79268,35.58346],[136.7938,35.58439],[136.79449,35.58551],[136.79528,35.58608],[136.79638,35.58838],[136.7961,35.58926],[136.79642,35.59161],[136.79578,35.59162],[136.79506,35.59208],[136.7941,35.59181],[136.79148,35.59286],[136.79031,35.59366],[136.78945,35.59363],[136.78847,35.59414],[136.78727,35.59516],[136.78737,35.5958],[136.78703,35.59633],[136.78589,35.59703],[136.78741,35.5977],[136.78892,35.59793],[136.78953,35.59872],[136.79065,35.59824],[136.79224,35.59841],[136.79308,35.59908],[136.79442,35.59902],[136.79585,35.59871],[136.79693,35.59916],[136.79797,35.60037],[136.7986,35.60052],[136.79948,35.60127],[136.79957,35.60215],[136.80018,35.60329],[136.80133,35.60404],[136.8015,35.60462],[136.80261,35.60543],[136.80341,35.60637],[136.80464,35.60751],[136.80491,35.60824],[136.80644,35.60925],[136.80648,35.61061],[136.80734,35.61206],[136.80454,35.61337],[136.80492,35.61387],[136.80408,35.6142],[136.80357,35.61649],[136.80454,35.61769],[136.80455,35.61826],[136.80533,35.61902],[136.80509,35.61963],[136.80521,35.6204],[136.80673,35.62216],[136.80706,35.62347],[136.80658,35.62551],[136.80556,35.62619],[136.80537,35.62672],[136.80576,35.62762],[136.80567,35.62883],[136.8059,35.62953],[136.80523,35.63051],[136.80442,35.63247],[136.80346,35.63374],[136.80379,35.63465],[136.8043,35.63509],[136.80518,35.63521],[136.80582,35.63583],[136.80544,35.63701],[136.80622,35.63784],[136.80629,35.6389],[136.80528,35.64047],[136.80533,35.64185],[136.80504,35.64263],[136.8051,35.64359],[136.80477,35.64457],[136.8051,35.646],[136.80487,35.64662],[136.80497,35.64761],[136.80477,35.64928],[136.8062,35.65025],[136.80619,35.65093],[136.80557,35.6526],[136.80562,35.65332],[136.8046,35.65502],[136.80382,35.65595],[136.80254,35.65712],[136.80151,35.65783],[136.8006,35.65913],[136.8006,35.65975],[136.79938,35.66074],[136.79898,35.66069],[136.79738,35.66137],[136.79551,35.66123],[136.79364,35.66157],[136.79256,35.66113],[136.79121,35.66265],[136.78976,35.66305],[136.78798,35.66438],[136.78553,35.66406],[136.78393,35.66314],[136.78309,35.66416],[136.78246,35.66673],[136.78202,35.66704],[136.7794,35.6668],[136.7785,35.6665],[136.77738,35.6668],[136.77655,35.66677],[136.77564,35.66733],[136.77397,35.6672],[136.77247,35.66744],[136.77242,35.66858],[136.77199,35.66999],[136.77081,35.67146],[136.77041,35.67169],[136.77035,35.673],[136.77064,35.67421],[136.76993,35.67526],[136.76992,35.67644],[136.77046,35.67715],[136.77018,35.67835],[136.76946,35.67914],[136.76948,35.6804],[136.76888,35.6814],[136.76883,35.68227],[136.76847,35.68317],[136.76655,35.68332],[136.76451,35.6841],[136.76285,35.68437],[136.76253,35.6836],[136.75968,35.6812],[136.75692,35.67958],[136.75382,35.68007],[136.75295,35.68041],[136.75244,35.68101],[136.75143,35.68145],[136.75082,35.68113],[136.74976,35.68125],[136.74941,35.68194],[136.74926,35.68308],[136.74888,35.68329],[136.74767,35.68314],[136.74653,35.68435],[136.74492,35.68483],[136.74415,35.68451],[136.74311,35.68475],[136.74186,35.68451],[136.74132,35.68406],[136.73986,35.68372],[136.7383,35.68493],[136.73718,35.68652],[136.73674,35.68686],[136.73653,35.68777],[136.7356,35.68945],[136.73559,35.69136],[136.73579,35.69191],[136.7351,35.69287],[136.73375,35.69349],[136.73166,35.6936],[136.72994,35.6931],[136.72946,35.69203],[136.72831,35.69181],[136.72712,35.69133],[136.72643,35.69171],[136.72586,35.69307],[136.72525,35.69327],[136.72444,35.69428],[136.72246,35.6945],[136.72149,35.69441],[136.72046,35.69486],[136.71897,35.69497],[136.71956,35.69548],[136.71952,35.6965],[136.7206,35.69659],[136.72123,35.69724],[136.72231,35.69696],[136.72273,35.6973],[136.72333,35.70051],[136.72472,35.70051],[136.72589,35.70155],[136.72582,35.70224],[136.72616,35.70314],[136.72664,35.70356],[136.72702,35.70471],[136.72857,35.70622],[136.72909,35.70852],[136.72972,35.70969],[136.7299,35.71057],[136.73037,35.71142],[136.73008,35.71232],[136.72915,35.71278],[136.72822,35.71376],[136.72829,35.71444],[136.72793,35.71566],[136.72562,35.71515],[136.7244,35.71518],[136.72352,35.71569],[136.72229,35.71519],[136.71984,35.71467],[136.71913,35.71424],[136.71714,35.71459],[136.71652,35.71487],[136.71614,35.71652],[136.71358,35.71851],[136.71261,35.71825],[136.71177,35.71728],[136.70953,35.71655],[136.70871,35.71664],[136.70844,35.71719],[136.70729,35.71786],[136.70644,35.71862],[136.70284,35.71879],[136.70212,35.71901],[136.70045,35.71857],[136.6991,35.7188],[136.69845,35.71865],[136.69725,35.71762],[136.69575,35.717],[136.69637,35.71587],[136.69651,35.71444],[136.69688,35.71407],[136.69598,35.71218],[136.69532,35.71151],[136.69585,35.70999],[136.69511,35.70964],[136.69365,35.70852],[136.69381,35.70791],[136.69346,35.70702],[136.69345,35.70537],[136.69373,35.70445],[136.69478,35.70359],[136.69531,35.70287],[136.69519,35.70153],[136.69557,35.7007],[136.69558,35.69931],[136.6951,35.69876],[136.69507,35.69713],[136.6947,35.69621],[136.69392,35.6955],[136.69361,35.6946],[136.69403,35.69385],[136.69451,35.69171],[136.69441,35.69101],[136.69489,35.69059],[136.69455,35.68926],[136.69356,35.68848],[136.69299,35.6875],[136.69156,35.68554],[136.69124,35.68424],[136.68991,35.68356],[136.68984,35.6813],[136.69019,35.68102],[136.69026,35.68014],[136.69095,35.67885],[136.69064,35.67808],[136.69187,35.67689],[136.69195,35.67606],[136.6924,35.67527],[136.69281,35.67392],[136.693,35.67058],[136.69358,35.66983],[136.69228,35.66957],[136.69115,35.66871],[136.69107,35.66804],[136.69013,35.66619],[136.68973,35.664],[136.68881,35.6609],[136.68847,35.66053],[136.68694,35.66002],[136.68571,35.65926],[136.68373,35.65847],[136.68181,35.6584],[136.67858,35.65668],[136.67789,35.6561],[136.67662,35.6559],[136.67477,35.65503],[136.675,35.6528],[136.67568,35.65142],[136.67608,35.65112],[136.67643,35.64944],[136.67704,35.64755],[136.67744,35.647],[136.67718,35.64571],[136.67617,35.64205],[136.67562,35.64104],[136.6757,35.64008],[136.67623,35.63942],[136.6768,35.63816],[136.67596,35.63645],[136.67514,35.63604],[136.67365,35.63461],[136.67282,35.632],[136.67121,35.63121],[136.66948,35.63105],[136.66853,35.62956],[136.66775,35.62889],[136.66658,35.62857],[136.66605,35.62724],[136.66508,35.6264],[136.6656,35.62482],[136.66829,35.62209],[136.66818,35.61961],[136.66878,35.61888],[136.66926,35.6175],[136.66867,35.61684],[136.66912,35.61612],[136.66896,35.61457],[136.66916,35.61394],[136.66888,35.61337],[136.66911,35.61241],[136.66884,35.61194],[136.66896,35.61036],[136.66718,35.60787],[136.66719,35.60716],[136.66677,35.60574],[136.66568,35.6049],[136.66452,35.60337],[136.66339,35.60247],[136.66349,35.6019],[136.66443,35.60091],[136.665,35.59971],[136.66681,35.59853],[136.66818,35.59717],[136.66875,35.59579],[136.66905,35.59435],[136.66912,35.59041],[136.6689,35.58977],[136.67093,35.5894],[136.67216,35.58827],[136.67455,35.58715],[136.67492,35.58608],[136.67592,35.58551],[136.67764,35.58384],[136.67792,35.58233],[136.67911,35.58147],[136.6791,35.58119],[136.68022,35.57876],[136.68269,35.57738],[136.68333,35.57628],[136.6832,35.57512],[136.68243,35.57427],[136.68117,35.57064],[136.68184,35.56957],[136.68264,35.56903],[136.68422,35.56701],[136.68484,35.56587],[136.68375,35.56405],[136.68389,35.56263],[136.68469,35.56101],[136.68469,35.55883],[136.6858,35.55731],[136.68588,35.55642],[136.68652,35.55534],[136.68745,35.55547],[136.68846,35.55526],[136.68882,35.5542],[136.68871,35.5535],[136.68896,35.55224],[136.68997,35.55098],[136.6903,35.55029],[136.69257,35.54915],[136.69404,35.548],[136.69582,35.5474],[136.69564,35.5461],[136.69593,35.54459],[136.69678,35.543],[136.6991,35.5431],[136.69994,35.54265],[136.70066,35.54269],[136.70114,35.54213],[136.70164,35.54016],[136.70277,35.5384],[136.70384,35.53823],[136.70489,35.5378],[136.7052,35.53614],[136.70626,35.53535],[136.70689,35.53433],[136.7079,35.53359],[136.70812,35.53309],[136.70899,35.53252],[136.709,35.5309],[136.70928,35.53037],[136.71027,35.53019],[136.71086,35.52942],[136.71085,35.52752],[136.71189,35.52665],[136.71329,35.52676],[136.71384,35.52604],[136.71545,35.5264],[136.71633,35.526],[136.71595,35.52458],[136.71646,35.5235],[136.71666,35.52204],[136.7174,35.52141],[136.71777,35.52054],[136.71948,35.52057],[136.72068,35.52129],[136.72185,35.52142],[136.72231,35.52097],[136.72242,35.51994],[136.72335,35.52001],[136.7241,35.51956],[136.72568,35.51915],[136.7262,35.51787],[136.72729,35.51744],[136.72855,35.51739],[136.72928,35.51756],[136.72989,35.51711],[136.73021,35.51613],[136.72972,35.5145],[136.73009,35.51401],[136.73213,35.51346],[136.7325,35.51317],[136.73386,35.51059],[136.73682,35.50793],[136.7387,35.50866],[136.73883,35.50931],[136.74016,35.51108],[136.74148,35.51057],[136.74205,35.51068],[136.74284,35.5103],[136.74358,35.51092],[136.7447,35.50965],[136.74582,35.50967],[136.74732,35.51041],[136.74821,35.51036],[136.74961,35.5096],[136.74982,35.50894],[136.75143,35.50837],[136.75183,35.50767],[136.75299,35.50677],[136.75298,35.50609],[136.75443,35.50534],[136.75525,35.50398],[136.75685,35.5047],[136.757,35.50507],[136.75868,35.50574],[136.75931,35.50661],[136.75985,35.50646],[136.76011,35.505],[136.76066,35.50492],[136.76105,35.50427],[136.76198,35.50394],[136.76196,35.50304],[136.76357,35.50094],[136.76356,35.49965],[136.76671,35.49946],[136.76722,35.49908],[136.76814,35.49906],[136.76994,35.49804],[136.76971,35.49644],[136.76994,35.49548],[136.77057,35.49457],[136.771,35.49346],[136.77153,35.49314],[136.77173,35.49218],[136.77267,35.49174],[136.77365,35.49076],[136.77528,35.4904],[136.77527,35.49117],[136.77566,35.49152],[136.77743,35.49108],[136.77818,35.49033],[136.77836,35.4898],[136.7794,35.48968],[136.78025,35.48988],[136.78086,35.49065],[136.78178,35.49123],[136.78291,35.49092],[136.78616,35.49049],[136.78665,35.49024],[136.78793,35.49089],[136.78935,35.49184],[136.79015,35.49126],[136.79107,35.49118],[136.79133,35.49082],[136.7912,35.4891],[136.7914,35.48793],[136.79125,35.48721],[136.7922,35.48585],[136.79292,35.48434],[136.79367,35.48439],[136.79503,35.48497],[136.7961,35.48586],[136.79665,35.48602],[136.79734,35.48518],[136.79808,35.48534],[136.79959,35.48498],[136.79923,35.48628],[136.7997,35.48733],[136.80019,35.48779],[136.80045,35.48929],[136.79979,35.49041],[136.79994,35.49129],[136.79973,35.49219],[136.80073,35.49311],[136.80216,35.49257],[136.80388,35.49313],[136.80319,35.49365],[136.80317,35.49762],[136.80456,35.49764],[136.80522,35.49826],[136.80564,35.49955],[136.80534,35.50101],[136.80447,35.50213],[136.80396,35.50164],[136.80217,35.50318],[136.80139,35.50342],[136.80097,35.50395],[136.80086,35.50478],[136.80207,35.50512],[136.80337,35.5052],[136.80462,35.50489],[136.80793,35.50551],[136.80867,35.50601],[136.80903,35.50672],[136.81064,35.5069],[136.8108,35.50756],[136.81187,35.50804],[136.8125,35.50799],[136.81343,35.50862],[136.81385,35.50937],[136.81472,35.51013],[136.8135,35.5114],[136.81351,35.51164],[136.81208,35.51258],[136.81242,35.51363],[136.81324,35.51509],[136.8131,35.51628],[136.81263,35.51711],[136.81201,35.51746],[136.81122,35.51885],[136.81194,35.51976],[136.81193,35.52046],[136.81253,35.52117],[136.8121,35.52226],[136.81149,35.52307],[136.81057,35.52363],[136.80942,35.52478],[136.8105,35.52526],[136.81126,35.52708],[136.81167,35.52758],[136.81243,35.52759],[136.81277,35.52815],[136.81295,35.52925],[136.81381,35.52995],[136.81494,35.5303],[136.81549,35.5311],[136.81522,35.53173]]]]}},
  {"type":"Feature","properties":{"name":"瑞穂市","code":"21216"},"geometry":{"type":"MultiPolygon","coordinates":[[[[136.69321,35.4116],[136.68966,35.41162],[136.68968,35.41258],[136.68787,35.41255],[136.68692,35.41386],[136.68687,35.4144],[136.68203,35.41429],[136.68187,35.41674],[136.68205,35.41747],[136.68024,35.4177],[136.68128,35.41944],[136.67972,35.41845],[136.67858,35.41798],[136.67771,35.41839],[136.67677,35.41815],[136.67411,35.41809],[136.6718,35.41789],[136.67064,35.41793],[136.67094,35.41986],[136.67088,35.42105],[136.66337,35.4209],[136.66091,35.42102],[136.65855,35.42093],[136.65633,35.42098],[136.65486,35.42155],[136.65443,35.42089],[136.6534,35.42117],[136.65327,35.42174],[136.65257,35.42213],[136.65231,35.4233],[136.65148,35.42412],[136.65007,35.42361],[136.6498,35.42332],[136.64722,35.42248],[136.64528,35.42271],[136.64408,35.42428],[136.64212,35.42555],[136.64216,35.42762],[136.64151,35.42819],[136.64056,35.42812],[136.64061,35.42872],[136.63935,35.42888],[136.63907,35.42865],[136.63494,35.42862],[136.63299,35.42879],[136.63268,35.42642],[136.63256,35.42464],[136.63338,35.42132],[136.634,35.41986],[136.63637,35.4162],[136.63835,35.41276],[136.63948,35.40947],[136.63998,35.40747],[136.6399,35.4065],[136.64003,35.40396],[136.64034,35.40172],[136.64126,35.39788],[136.64237,35.39491],[136.64027,35.3944],[136.63914,35.39319],[136.63787,35.3913],[136.63843,35.38995],[136.63804,35.38977],[136.63909,35.38877],[136.64118,35.38761],[136.64293,35.38759],[136.6444,35.38729],[136.6464,35.38629],[136.64776,35.38532],[136.6489,35.38419],[136.65068,35.38269],[136.65271,35.38132],[136.65645,35.38285],[136.65711,35.38127],[136.65771,35.38067],[136.65853,35.38059],[136.65898,35.38016],[136.65938,35.37872],[136.65892,35.37845],[136.65805,35.37712],[136.65828,35.37605],[136.66155,35.3772],[136.66174,35.37538],[136.66259,35.37515],[136.66326,35.37431],[136.66315,35.37128],[136.67059,35.36856],[136.67145,35.36864],[136.67121,35.36787],[136.67202,35.36731],[136.67285,35.36718],[136.6768,35.36689],[136.67792,35.36722],[136.67813,35.37077],[136.67995,35.37048],[136.68051,35.3697],[136.68128,35.37123],[136.68257,35.36997],[136.68394,35.3676],[136.68433,35.36717],[136.6873,35.36683],[136.68775,35.36774],[136.69058,35.36679],[136.69183,35.3688],[136.69335,35.37056],[136.69584,35.37297],[136.70039,35.37696],[136.70235,35.37881],[136.70322,35.37981],[136.70539,35.3827],[136.70603,35.38379],[136.70644,35.3851],[136.7065,35.38731],[136.70635,35.38857],[136.70586,35.39035],[136.70418,35.39396],[136.70291,35.39613],[136.7026,35.39612],[136.70093,35.40153],[136.70063,35.40291],[136.69878,35.40263],[136.69824,35.40334],[136.69862,35.40449],[136.69838,35.40614],[136.69795,35.40626],[136.69792,35.40752],[136.69622,35.40726],[136.6959,35.40765],[136.69329,35.40766],[136.69321,35.4116]]]]}},
  {"type":"Feature","properties":{"name":"飛騨市","code":"21217"},"geometry":{"type":"MultiPolygon","coordinates":[[[[137.53997,36.3927],[137.53938,36.3943],[137.53873,36.39459],[137.53668,36.39684],[137.53537,36.39794],[137.53417,36.39853],[137.53276,36.39889],[137.5312,36.40245],[137.53001,36.40329],[137.52778,36.40347],[137.52678,36.40329],[137.52516,36.40367],[137.52475,36.40487],[137.52408,36.40534],[137.52026,36.40607],[137.51938,36.40692],[137.51864,36.40798],[137.51752,36.40912],[137.51709,36.41004],[137.51592,36.41112],[137.51497,36.41145],[137.51517,36.41311],[137.51497,36.41406],[137.51415,36.41433],[137.51361,36.41581],[137.51272,36.41638],[137.51232,36.41808],[137.51213,36.41976],[137.51239,36.42072],[137.51227,36.4222],[137.51172,36.42345],[137.51084,36.42419],[137.50948,36.42453],[137.50619,36.42445],[137.50471,36.42511],[137.50424,36.42571],[137.49961,36.42565],[137.49866,36.42607],[137.49696,36.42609],[137.49145,36.42357],[137.48879,36.42353],[137.48744,36.42372],[137.48429,36.42375],[137.48302,36.42367],[137.48105,36.42417],[137.47856,36.42434],[137.4773,36.42495],[137.47449,36.4254],[137.47399,36.42535],[137.47365,36.42396],[137.47298,36.42228],[137.47192,36.4217],[137.47099,36.42074],[137.47008,36.41923],[137.46831,36.41688],[137.46537,36.41555],[137.46327,36.41419],[137.46272,36.41361],[137.46124,36.41306],[137.46083,36.41224],[137.45859,36.41256],[137.45752,36.41287],[137.45419,36.41461],[137.45258,36.41602],[137.45171,36.41614],[137.4501,36.41592],[137.44937,36.41682],[137.44723,36.4153],[137.44548,36.41296],[137.44383,36.41429],[137.4422,36.41425],[137.44061,36.41569],[137.43995,36.41588],[137.43975,36.41743],[137.4393,36.41769],[137.43807,36.41766],[137.43679,36.41923],[137.43601,36.42039],[137.43482,36.42073],[137.43342,36.42074],[137.4325,36.42134],[137.43179,36.42135],[137.42881,36.42066],[137.42759,36.42018],[137.4271,36.42036],[137.42678,36.42175],[137.42604,36.42235],[137.42307,36.42272],[137.42212,36.4226],[137.4207,36.42277],[137.4195,36.42427],[137.41821,36.42466],[137.4172,36.42564],[137.41551,36.42557],[137.41456,36.4253],[137.41343,36.42531],[137.41016,36.42463],[137.40927,36.42488],[137.40849,36.42547],[137.40716,36.42575],[137.40471,36.42669],[137.40376,36.42726],[137.40346,36.4289],[137.40236,36.43009],[137.4016,36.43036],[137.40118,36.43122],[137.40027,36.43231],[137.39861,36.43315],[137.39826,36.43391],[137.39706,36.43451],[137.39631,36.43592],[137.39522,36.4364],[137.39546,36.43718],[137.3955,36.43912],[137.3951,36.4397],[137.39531,36.44062],[137.39485,36.44164],[137.39532,36.44265],[137.39511,36.44578],[137.39472,36.44819],[137.39553,36.44909],[137.39618,36.45028],[137.39556,36.45207],[137.39487,36.45557],[137.3944,36.45617],[137.39357,36.45666],[137.39306,36.45754],[137.3923,36.45827],[137.39108,36.45872],[137.39007,36.45987],[137.38975,36.45906],[137.38896,36.45801],[137.38907,36.45726],[137.38792,36.45683],[137.38628,36.45585],[137.38573,36.45572],[137.38472,36.45647],[137.3842,36.45641],[137.38323,36.45537],[137.38256,36.45499],[137.38168,36.45502],[137.38074,36.45468],[137.37969,36.45493],[137.3787,36.45338],[137.37802,36.45272],[137.37678,36.4523],[137.37627,36.45237],[137.37523,36.45314],[137.37415,36.45299],[137.37346,36.45359],[137.37072,36.45336],[137.36925,36.45292],[137.36837,36.45248],[137.36654,36.45089],[137.36514,36.45081],[137.36353,36.45024],[137.3615,36.45005],[137.36146,36.44899],[137.36089,36.44788],[137.36072,36.44704],[137.35836,36.44484],[137.35773,36.44321],[137.35821,36.44226],[137.35901,36.44153],[137.35939,36.43981],[137.35919,36.43806],[137.35859,36.43684],[137.358,36.43631],[137.35668,36.43587],[137.355,36.43552],[137.35452,36.435],[137.3527,36.43492],[137.35128,36.43469],[137.35118,36.43416],[137.35163,36.43331],[137.35121,36.4329],[137.35011,36.43297],[137.34898,36.43359],[137.34835,36.43421],[137.34748,36.43396],[137.34636,36.43447],[137.34505,36.43324],[137.3445,36.433],[137.34355,36.43329],[137.3401,36.43329],[137.33862,36.43389],[137.33806,36.43368],[137.33711,36.43261],[137.33487,36.43093],[137.3348,36.43012],[137.33421,36.42981],[137.3331,36.42976],[137.3309,36.43079],[137.32914,36.42989],[137.32874,36.4293],[137.32774,36.42867],[137.32634,36.42841],[137.32457,36.42844],[137.32421,36.42782],[137.32265,36.42644],[137.32185,36.42626],[137.32066,36.42549],[137.31953,36.42446],[137.31765,36.42455],[137.31693,36.42494],[137.31553,36.42483],[137.3146,36.42509],[137.31381,36.42495],[137.3129,36.42534],[137.31146,36.42674],[137.31072,36.42717],[137.30973,36.42817],[137.30863,36.43001],[137.30869,36.43179],[137.30784,36.43171],[137.30674,36.43221],[137.30625,36.43291],[137.30622,36.43362],[137.30662,36.43449],[137.30512,36.43553],[137.30515,36.43621],[137.30664,36.43715],[137.30703,36.43776],[137.30821,36.43789],[137.3082,36.43916],[137.30879,36.43998],[137.3104,36.4401],[137.31097,36.44096],[137.31221,36.44068],[137.3123,36.44148],[137.31387,36.44167],[137.31314,36.44296],[137.31284,36.44394],[137.31204,36.4449],[137.31229,36.44532],[137.31341,36.44591],[137.31376,36.44683],[137.31377,36.44776],[137.31331,36.44894],[137.3144,36.44941],[137.31479,36.44995],[137.31573,36.45043],[137.31723,36.45065],[137.31779,36.45118],[137.31665,36.45515],[137.3164,36.45766],[137.31648,36.45848],[137.3173,36.45961],[137.3174,36.46011],[137.31678,36.46099],[137.31336,36.46115],[137.31154,36.46193],[137.30907,36.46282],[137.30852,36.46378],[137.30661,36.46388],[137.3049,36.46292],[137.30442,36.46224],[137.30364,36.46179],[137.3025,36.46204],[137.30105,36.46154],[137.30059,36.46065],[137.29976,36.45967],[137.29965,36.45887],[137.29907,36.45835],[137.29833,36.45826],[137.29598,36.45912],[137.29409,36.45958],[137.29271,36.46012],[137.29146,36.45989],[137.29016,36.45996],[137.28851,36.4606],[137.28763,36.46156],[137.286,36.46123],[137.28539,36.46144],[137.28464,36.46235],[137.28399,36.46248],[137.28216,36.46453],[137.28171,36.46467],[137.27984,36.46466],[137.27903,36.46506],[137.27777,36.46482],[137.27529,36.46347],[137.27411,36.46265],[137.27293,36.46212],[137.27083,36.46178],[137.26745,36.46027],[137.26616,36.45949],[137.26528,36.4587],[137.26394,36.45841],[137.26349,36.45779],[137.26335,36.45631],[137.26282,36.45545],[137.26188,36.45461],[137.26071,36.45389],[137.25829,36.45308],[137.25819,36.45269],[137.25638,36.45114],[137.25517,36.45318],[137.255,36.45399],[137.25424,36.45494],[137.25219,36.45608],[137.25209,36.45811],[137.25151,36.45881],[137.24977,36.45993],[137.24872,36.46045],[137.24761,36.46196],[137.24536,36.46057],[137.24441,36.45944],[137.24242,36.45767],[137.24036,36.45454],[137.2401,36.45279],[137.23906,36.45156],[137.23656,36.4498],[137.23585,36.44858],[137.2345,36.44678],[137.23322,36.44607],[137.2324,36.44482],[137.23136,36.44426],[137.22814,36.44434],[137.22482,36.44417],[137.22218,36.44363],[137.22181,36.44328],[137.22149,36.44191],[137.22045,36.44024],[137.21962,36.4394],[137.21823,36.43861],[137.2172,36.43847],[137.21626,36.43911],[137.21525,36.43927],[137.21387,36.43879],[137.21319,36.43797],[137.21305,36.43583],[137.2132,36.43341],[137.21422,36.43146],[137.21374,36.43051],[137.21255,36.43023],[137.21126,36.43068],[137.21024,36.43082],[137.20894,36.43169],[137.20822,36.43127],[137.2079,36.4307],[137.2076,36.42907],[137.20715,36.42817],[137.20563,36.4276],[137.20484,36.43148],[137.20476,36.4326],[137.20521,36.43396],[137.20489,36.43587],[137.20487,36.43677],[137.20427,36.43758],[137.20285,36.43886],[137.20099,36.43999],[137.19977,36.44147],[137.19898,36.44337],[137.19823,36.44599],[137.19721,36.44603],[137.19474,36.44664],[137.19329,36.4478],[137.19299,36.44851],[137.19399,36.44979],[137.19384,36.45214],[137.19433,36.45307],[137.19385,36.45359],[137.19164,36.45458],[137.19089,36.45503],[137.18963,36.45429],[137.18838,36.45413],[137.18586,36.45322],[137.18323,36.45282],[137.18226,36.45246],[137.1801,36.45231],[137.1792,36.45287],[137.1785,36.45295],[137.17845,36.45406],[137.17787,36.45412],[137.17671,36.45253],[137.17594,36.45103],[137.17511,36.45008],[137.17466,36.45026],[137.17395,36.45151],[137.1737,36.45251],[137.17184,36.45397],[137.17124,36.45473],[137.17002,36.45483],[137.16865,36.45548],[137.16641,36.45534],[137.16519,36.45445],[137.16441,36.45427],[137.16359,36.45451],[137.16178,36.45631],[137.16102,36.45662],[137.1597,36.45644],[137.15863,36.45478],[137.15873,36.45405],[137.15825,36.4533],[137.15713,36.45257],[137.15651,36.45239],[137.15606,36.45167],[137.15543,36.45005],[137.15486,36.44913],[137.15368,36.44871],[137.15268,36.44759],[137.15083,36.44777],[137.14862,36.44693],[137.14707,36.4459],[137.1448,36.44601],[137.14336,36.44413],[137.14272,36.44386],[137.14227,36.44315],[137.14285,36.44138],[137.14295,36.44011],[137.14351,36.43864],[137.14299,36.43824],[137.14204,36.43813],[137.14135,36.4384],[137.13974,36.438],[137.13699,36.4378],[137.13576,36.43678],[137.13469,36.43515],[137.1341,36.43484],[137.13227,36.43456],[137.13172,36.43367],[137.13214,36.43271],[137.13204,36.43202],[137.13095,36.43109],[137.12979,36.42948],[137.13019,36.4288],[137.12997,36.42799],[137.12921,36.42717],[137.12792,36.42619],[137.12765,36.42518],[137.1276,36.4239],[137.12605,36.42269],[137.12423,36.42209],[137.12346,36.41975],[137.12287,36.41906],[137.12249,36.41772],[137.122,36.41715],[137.12071,36.41664],[137.12029,36.41675],[137.11933,36.41817],[137.11846,36.41844],[137.11713,36.41841],[137.11613,36.4161],[137.11523,36.41582],[137.11228,36.41561],[137.11151,36.41538],[137.11082,36.41424],[137.11016,36.41392],[137.1097,36.4133],[137.1098,36.41196],[137.10932,36.41164],[137.10896,36.41079],[137.10808,36.40987],[137.10862,36.40906],[137.10915,36.40734],[137.10829,36.40692],[137.10759,36.40627],[137.10587,36.40548],[137.10452,36.40464],[137.10406,36.4036],[137.10382,36.40175],[137.10344,36.40133],[137.10182,36.40047],[137.10193,36.39919],[137.10032,36.39918],[137.0993,36.39954],[137.09777,36.39935],[137.0974,36.39892],[137.09618,36.3994],[137.09506,36.39897],[137.09393,36.39756],[137.09254,36.39699],[137.09189,36.39637],[137.09211,36.39529],[137.09269,36.39455],[137.09449,36.39324],[137.09481,36.39282],[137.09519,36.39105],[137.09475,36.38992],[137.09563,36.389],[137.09516,36.38616],[137.09544,36.385],[137.09488,36.38397],[137.09171,36.38348],[137.09122,36.38307],[137.08997,36.38274],[137.08692,36.38279],[137.08627,36.38351],[137.0839,36.38395],[137.08112,36.38368],[137.07928,36.38429],[137.07873,36.38431],[137.07659,36.38364],[137.07604,36.38331],[137.07532,36.38204],[137.0737,36.38186],[137.07266,36.38059],[137.07124,36.37988],[137.07086,36.37864],[137.07016,36.37774],[137.06836,36.37731],[137.06789,36.37703],[137.06685,36.3758],[137.06555,36.37517],[137.06335,36.37493],[137.06079,36.37431],[137.05947,36.37355],[137.05864,36.37233],[137.05809,36.371],[137.05876,36.37055],[137.05901,36.3699],[137.0584,36.36844],[137.05854,36.36799],[137.05943,36.36732],[137.06068,36.36739],[137.06184,36.36703],[137.06212,36.36661],[137.062,36.36575],[137.06086,36.36435],[137.06035,36.3625],[137.05948,36.36219],[137.05907,36.36168],[137.05903,36.36028],[137.05825,36.35968],[137.058,36.35886],[137.05698,36.35769],[137.05658,36.35617],[137.05661,36.35517],[137.0561,36.35454],[137.05487,36.35395],[137.05493,36.35304],[137.05455,36.35234],[137.05343,36.35181],[137.05285,36.35115],[137.05016,36.34955],[137.05066,36.34822],[137.04998,36.34741],[137.04941,36.34608],[137.04898,36.34569],[137.04919,36.34477],[137.05047,36.34445],[137.05124,36.34474],[137.05329,36.34398],[137.05554,36.34331],[137.0567,36.34335],[137.05874,36.3425],[137.05771,36.34132],[137.05565,36.33976],[137.05343,36.33863],[137.05253,36.33854],[137.05189,36.33595],[137.05215,36.33319],[137.05184,36.3326],[137.05145,36.331],[137.05228,36.32951],[137.05151,36.32813],[137.05058,36.32742],[137.04862,36.32654],[137.04775,36.32635],[137.04688,36.32516],[137.04544,36.32472],[137.04517,36.3239],[137.04408,36.3227],[137.04387,36.32188],[137.04225,36.3216],[137.04128,36.31997],[137.03948,36.31934],[137.03862,36.31888],[137.03851,36.31835],[137.03757,36.31744],[137.03568,36.31762],[137.03468,36.31755],[137.03375,36.3178],[137.03017,36.31716],[137.02961,36.31789],[137.02843,36.31761],[137.02722,36.31703],[137.02592,36.31728],[137.02446,36.31667],[137.02379,36.31758],[137.0222,36.31836],[137.02145,36.31853],[137.01974,36.31828],[137.01928,36.31716],[137.01965,36.31635],[137.01943,36.31588],[137.01841,36.31588],[137.01813,36.31537],[137.01846,36.31451],[137.01825,36.31383],[137.0182,36.31145],[137.01931,36.31052],[137.02017,36.31073],[137.02125,36.30918],[137.02031,36.30768],[137.01935,36.30758],[137.0183,36.30694],[137.01792,36.3061],[137.0166,36.30502],[137.01452,36.30422],[137.01439,36.30326],[137.014,36.30259],[137.01426,36.30123],[137.01353,36.30086],[137.01301,36.30015],[137.01227,36.29975],[137.01208,36.29857],[137.01081,36.29803],[137.0111,36.29708],[137.01078,36.29583],[137.01083,36.29502],[137.01152,36.29411],[137.01271,36.29351],[137.0126,36.2931],[137.01147,36.29306],[137.01029,36.29253],[137.00794,36.29217],[137.0076,36.29136],[137.00784,36.28967],[137.00609,36.28843],[137.00477,36.28773],[137.00311,36.28774],[137.00256,36.2869],[136.99897,36.28669],[136.99771,36.28605],[136.99674,36.28644],[136.99629,36.28768],[136.99435,36.28772],[136.99146,36.28702],[136.99015,36.28712],[136.98818,36.28592],[136.98635,36.2863],[136.98598,36.28594],[136.98562,36.28472],[136.9858,36.28409],[136.98682,36.28348],[136.98679,36.28289],[136.98622,36.28233],[136.98541,36.28227],[136.9845,36.28141],[136.98316,36.2811],[136.9826,36.28001],[136.982,36.27959],[136.98023,36.27927],[136.97998,36.27887],[136.97978,36.27746],[136.97746,36.27621],[136.97618,36.27588],[136.97567,36.27531],[136.97531,36.27436],[136.9755,36.27336],[136.9749,36.27237],[136.97493,36.27149],[136.9746,36.2703],[136.97382,36.26978],[136.97316,36.26735],[136.97184,36.26733],[136.97089,36.26761],[136.96993,36.26699],[136.96897,36.26698],[136.96853,36.26638],[136.96767,36.26601],[136.96635,36.2658],[136.96581,36.26477],[136.96519,36.26415],[136.96409,36.2626],[136.96398,36.26162],[136.96268,36.26027],[136.9628,36.25956],[136.96342,36.25908],[136.96298,36.25772],[136.96343,36.25665],[136.96283,36.25632],[136.96213,36.2553],[136.96155,36.25494],[136.96143,36.25417],[136.96074,36.25325],[136.95926,36.25245],[136.95806,36.25198],[136.9571,36.24989],[136.95698,36.24907],[136.95563,36.24665],[136.95418,36.24432],[136.95421,36.24292],[136.95554,36.23941],[136.95385,36.23871],[136.95174,36.23749],[136.95187,36.23682],[136.95306,36.23663],[136.95298,36.23468],[136.95661,36.23204],[136.95688,36.23136],[136.95799,36.2305],[136.95727,36.22964],[136.95659,36.22919],[136.95583,36.22757],[136.95547,36.2272],[136.95424,36.22668],[136.95355,36.22526],[136.95307,36.22351],[136.95273,36.22078],[136.95167,36.21901],[136.952,36.21778],[136.95109,36.21694],[136.95182,36.21481],[136.95242,36.21415],[136.95297,36.21221],[136.95288,36.21149],[136.95199,36.21045],[136.95146,36.20945],[136.95138,36.20761],[136.95183,36.20697],[136.95265,36.20647],[136.95274,36.20503],[136.95327,36.20442],[136.95348,36.20354],[136.95484,36.20336],[136.95682,36.20191],[136.95816,36.20149],[136.95855,36.20079],[136.95925,36.20035],[136.95999,36.19852],[136.96109,36.19725],[136.96331,36.19655],[136.96429,36.19499],[136.96601,36.19462],[136.96789,36.19458],[136.96917,36.19435],[136.96967,36.19462],[136.97045,36.1944],[136.97295,36.1946],[136.97538,36.19427],[136.97631,36.19463],[136.97748,36.19395],[136.97826,36.19258],[136.97937,36.1917],[136.98017,36.19139],[136.98325,36.1907],[136.98516,36.19196],[136.98647,36.19218],[136.98794,36.19322],[136.9898,36.19404],[136.99141,36.19386],[136.9924,36.1934],[136.99396,36.19316],[136.99529,36.19343],[136.99599,36.1942],[136.9983,36.19446],[136.99957,36.19478],[137.00133,36.19298],[137.00193,36.19263],[137.0027,36.19301],[137.00443,36.19297],[137.00567,36.19224],[137.00732,36.19196],[137.00841,36.19199],[137.00885,36.19076],[137.00982,36.19073],[137.0103,36.19036],[137.01066,36.18942],[137.01203,36.18958],[137.01254,36.18936],[137.01346,36.18993],[137.01409,36.18982],[137.01586,36.19054],[137.01775,36.18925],[137.01851,36.18947],[137.02198,36.18966],[137.02398,36.18996],[137.02446,36.19052],[137.02706,36.19154],[137.02754,36.19302],[137.02788,36.19347],[137.02778,36.19467],[137.02898,36.19541],[137.02945,36.19654],[137.03123,36.19708],[137.03253,36.19685],[137.03505,36.19688],[137.03616,36.1971],[137.03847,36.19709],[137.03949,36.19654],[137.04097,36.19643],[137.04264,36.1955],[137.04611,36.19511],[137.04769,36.19509],[137.04827,36.19434],[137.04976,36.19323],[137.05064,36.19154],[137.0511,36.19129],[137.05344,36.19282],[137.05438,36.1932],[137.0567,36.19489],[137.05733,36.19622],[137.05923,36.19763],[137.06023,36.19929],[137.06173,36.19868],[137.06376,36.19829],[137.06537,36.19859],[137.06692,36.1984],[137.06843,36.19794],[137.0697,36.19786],[137.07014,36.19878],[137.07152,36.20065],[137.0727,36.20251],[137.07369,36.2029],[137.07412,36.20358],[137.0749,36.20419],[137.07685,36.20534],[137.07686,36.20598],[137.07787,36.20661],[137.07842,36.20755],[137.07938,36.20831],[137.07966,36.20982],[137.08191,36.21039],[137.08248,36.21142],[137.08318,36.21215],[137.08344,36.21281],[137.08325,36.21366],[137.08417,36.215],[137.08622,36.21659],[137.08802,36.21711],[137.0901,36.21593],[137.09058,36.21663],[137.09039,36.21715],[137.09196,36.21822],[137.09269,36.21835],[137.09535,36.2181],[137.09749,36.21849],[137.09786,36.21906],[137.09901,36.21959],[137.10056,36.21967],[137.10232,36.21905],[137.10391,36.21797],[137.10537,36.21777],[137.10637,36.21684],[137.1064,36.21528],[137.10672,36.21423],[137.10608,36.21324],[137.10706,36.21241],[137.10681,36.2109],[137.10767,36.20995],[137.10744,36.20908],[137.10608,36.2083],[137.10555,36.20637],[137.10606,36.20462],[137.10563,36.2042],[137.10601,36.20343],[137.10767,36.20207],[137.10798,36.20122],[137.10867,36.20083],[137.10924,36.19992],[137.10899,36.19848],[137.10977,36.19657],[137.11052,36.19597],[137.11154,36.19585],[137.11281,36.19537],[137.11347,36.19407],[137.11352,36.19248],[137.11333,36.19145],[137.1135,36.1907],[137.11327,36.18976],[137.11491,36.18927],[137.11517,36.18721],[137.11594,36.18657],[137.11642,36.18578],[137.11647,36.18498],[137.11801,36.18377],[137.12136,36.18306],[137.12232,36.18332],[137.12407,36.18429],[137.1246,36.18479],[137.12611,36.18555],[137.12678,36.18567],[137.1274,36.18652],[137.12886,36.18752],[137.12976,36.18782],[137.13055,36.18854],[137.13169,36.18871],[137.13214,36.18952],[137.13442,36.19042],[137.13481,36.19099],[137.13588,36.19162],[137.13748,36.19175],[137.13801,36.19251],[137.13825,36.19363],[137.13801,36.19532],[137.13845,36.19649],[137.13952,36.19743],[137.14074,36.19819],[137.14068,36.19924],[137.1412,36.19969],[137.141,36.20108],[137.14169,36.20145],[137.14247,36.20075],[137.14379,36.20075],[137.1473,36.20044],[137.14857,36.20013],[137.14993,36.20046],[137.1511,36.19995],[137.15167,36.20021],[137.15346,36.20022],[137.1554,36.20112],[137.15588,36.20213],[137.15696,36.20316],[137.15734,36.2038],[137.15862,36.20453],[137.15809,36.20603],[137.15723,36.20701],[137.15767,36.20952],[137.15653,36.21033],[137.15714,36.21148],[137.15815,36.21193],[137.15867,36.21358],[137.15965,36.21441],[137.16114,36.21474],[137.16162,36.21426],[137.16332,36.21456],[137.16517,36.21374],[137.16577,36.21362],[137.16638,36.21508],[137.16768,36.21501],[137.16799,36.21405],[137.16848,36.21359],[137.16953,36.21383],[137.17029,36.21364],[137.17214,36.21415],[137.17293,36.21354],[137.17271,36.21248],[137.17313,36.21179],[137.17391,36.21158],[137.1747,36.21194],[137.17715,36.21183],[137.17782,36.21294],[137.17929,36.2133],[137.18032,36.21413],[137.18172,36.21555],[137.18254,36.21682],[137.18357,36.21759],[137.18374,36.21851],[137.18457,36.21988],[137.18592,36.22002],[137.18643,36.22033],[137.1882,36.22218],[137.1899,36.22099],[137.1917,36.21936],[137.1975,36.21754],[137.20187,36.21572],[137.20424,36.21432],[137.20627,36.2128],[137.2068,36.21311],[137.2057,36.215],[137.2059,36.2155],[137.20565,36.21656],[137.2051,36.21771],[137.20289,36.21934],[137.20221,36.21935],[137.20208,36.21998],[137.20377,36.22158],[137.20457,36.22101],[137.20496,36.223],[137.20352,36.22352],[137.20159,36.22538],[137.20069,36.22649],[137.19577,36.23062],[137.19587,36.23131],[137.19713,36.2324],[137.19654,36.23292],[137.19903,36.23551],[137.20065,36.23643],[137.20303,36.23707],[137.20449,36.2382],[137.2058,36.2389],[137.20618,36.23943],[137.20634,36.24053],[137.20701,36.24102],[137.20816,36.24107],[137.20907,36.24135],[137.21016,36.24107],[137.21279,36.24168],[137.21365,36.24337],[137.21456,36.24428],[137.2152,36.24525],[137.2158,36.24557],[137.21506,36.24712],[137.2148,36.24801],[137.21391,36.24914],[137.21293,36.24962],[137.21283,36.25039],[137.21389,36.25152],[137.21551,36.2515],[137.21625,36.25311],[137.21681,36.25353],[137.21843,36.25374],[137.2196,36.25501],[137.21996,36.25654],[137.22177,36.25649],[137.22268,36.25594],[137.22411,36.25615],[137.22576,36.25566],[137.22685,36.25513],[137.22784,36.25527],[137.22905,36.25474],[137.231,36.25523],[137.23191,36.25513],[137.23302,36.2559],[137.23431,36.25562],[137.23504,36.25599],[137.23587,36.25601],[137.23785,36.25573],[137.23919,36.255],[137.24055,36.2566],[137.242,36.25669],[137.24179,36.25747],[137.24234,36.25979],[137.24309,36.26059],[137.24539,36.26143],[137.24639,36.26246],[137.24797,36.26317],[137.24916,36.26304],[137.25025,36.26391],[137.25195,36.26425],[137.25261,36.26489],[137.25269,36.26552],[137.25357,36.26584],[137.25505,36.2652],[137.25688,36.26555],[137.25724,36.26618],[137.25931,36.26729],[137.25964,36.26824],[137.26096,36.26823],[137.26195,36.26785],[137.26287,36.26803],[137.26472,36.26922],[137.26461,36.27041],[137.26562,36.27101],[137.2663,36.27216],[137.26763,36.27278],[137.26853,36.27422],[137.26907,36.27584],[137.26908,36.27692],[137.26937,36.27753],[137.27069,36.2783],[137.27194,36.28004],[137.272,36.28049],[137.27331,36.28163],[137.27426,36.28216],[137.27468,36.28274],[137.27546,36.28561],[137.27604,36.28624],[137.27686,36.2864],[137.28108,36.28638],[137.28207,36.28658],[137.2828,36.28638],[137.28454,36.28669],[137.28487,36.28737],[137.28866,36.28742],[137.28974,36.28712],[137.29064,36.28776],[137.29168,36.2878],[137.29398,36.28726],[137.29491,36.28715],[137.29568,36.28661],[137.29743,36.28628],[137.29816,36.28652],[137.29882,36.28631],[137.29994,36.28664],[137.30107,36.28653],[137.30271,36.28601],[137.30372,36.28657],[137.30544,36.28629],[137.30682,36.28657],[137.30888,36.28732],[137.31059,36.28808],[137.31156,36.28829],[137.31217,36.28872],[137.31361,36.288],[137.31525,36.28824],[137.31621,36.28897],[137.31672,36.289],[137.31833,36.28815],[137.31906,36.28799],[137.31954,36.28745],[137.32135,36.28679],[137.32228,36.28678],[137.32366,36.28715],[137.32483,36.28725],[137.32754,36.28643],[137.32985,36.28688],[137.33006,36.28763],[137.32931,36.28811],[137.32908,36.28898],[137.33021,36.29064],[137.33025,36.29195],[137.33065,36.29239],[137.33108,36.29355],[137.33172,36.29422],[137.3343,36.29527],[137.33557,36.29805],[137.33589,36.29947],[137.33659,36.29984],[137.33855,36.29991],[137.33979,36.29975],[137.34284,36.29962],[137.3447,36.29967],[137.34633,36.29883],[137.34915,36.29787],[137.35421,36.29672],[137.35571,36.29644],[137.3574,36.29631],[137.36121,36.29631],[137.36399,36.29654],[137.36482,36.29803],[137.36527,36.29938],[137.36594,36.30042],[137.36537,36.30294],[137.36644,36.30307],[137.36706,36.30361],[137.36871,36.30431],[137.36989,36.3054],[137.37053,36.30571],[137.37137,36.30671],[137.37112,36.30751],[137.37023,36.30853],[137.3699,36.31001],[137.36952,36.31046],[137.36775,36.31148],[137.36583,36.31225],[137.3657,36.31264],[137.36625,36.31494],[137.36683,36.31574],[137.3674,36.31579],[137.36932,36.31785],[137.36994,36.31897],[137.36904,36.32015],[137.3686,36.32109],[137.36786,36.32194],[137.36721,36.32316],[137.36572,36.32454],[137.36547,36.32519],[137.36363,36.32671],[137.36207,36.32745],[137.36035,36.32876],[137.36126,36.32991],[137.36235,36.33082],[137.36276,36.33183],[137.36282,36.33292],[137.36341,36.33343],[137.36304,36.335],[137.3608,36.33696],[137.36049,36.33761],[137.36086,36.33808],[137.36137,36.33997],[137.36053,36.3419],[137.3592,36.34279],[137.35884,36.34326],[137.35852,36.34477],[137.35878,36.34591],[137.36071,36.3475],[137.36205,36.34898],[137.36232,36.35011],[137.3636,36.35086],[137.36475,36.35091],[137.36716,36.3499],[137.36832,36.34961],[137.36975,36.3497],[137.37018,36.34884],[137.37171,36.34864],[137.37252,36.34716],[137.37337,36.34666],[137.37463,36.34655],[137.37498,36.34565],[137.37694,36.34455],[137.3779,36.34473],[137.37849,36.34428],[137.37968,36.34392],[137.38288,36.34427],[137.3839,36.34354],[137.38525,36.34331],[137.38637,36.34347],[137.38763,36.34311],[137.38892,36.34375],[137.39086,36.34379],[137.39183,36.34364],[137.39256,36.34326],[137.39309,36.34226],[137.39379,36.34194],[137.3952,36.34206],[137.39639,36.34345],[137.39682,36.3437],[137.39871,36.34312],[137.39951,36.34333],[137.40038,36.34282],[137.40104,36.34366],[137.40216,36.34337],[137.40373,36.34356],[137.40465,36.3441],[137.40524,36.34475],[137.40696,36.34556],[137.40824,36.34572],[137.41094,36.34717],[137.41364,36.34905],[137.41518,36.34981],[137.41809,36.35094],[137.41838,36.35139],[137.41768,36.35249],[137.41764,36.3534],[137.41625,36.35447],[137.41563,36.35544],[137.41497,36.35796],[137.41457,36.35864],[137.4133,36.35877],[137.41313,36.35912],[137.41352,36.36013],[137.41402,36.36059],[137.41612,36.3609],[137.41753,36.36143],[137.41804,36.36225],[137.41837,36.36332],[137.41913,36.36436],[137.42029,36.36688],[137.42105,36.36799],[137.42202,36.36874],[137.42214,36.3701],[137.42243,36.37031],[137.42394,36.36979],[137.4253,36.36968],[137.42791,36.37024],[137.4289,36.37142],[137.42926,36.37255],[137.43109,36.37286],[137.43203,36.37342],[137.43283,36.37234],[137.43356,36.37216],[137.43614,36.37236],[137.43855,36.37217],[137.44101,36.37118],[137.44298,36.37083],[137.44325,36.36871],[137.44319,36.36816],[137.44366,36.36714],[137.44598,36.36772],[137.44666,36.36818],[137.44784,36.37018],[137.44899,36.37091],[137.45087,36.37163],[137.45276,36.37183],[137.4542,36.37128],[137.45804,36.37203],[137.46477,36.37341],[137.47012,36.37437],[137.47092,36.37512],[137.47287,36.37591],[137.47369,36.37585],[137.47515,36.375],[137.47605,36.3742],[137.47576,36.37294],[137.47634,36.37239],[137.4782,36.37157],[137.47951,36.37197],[137.48032,36.3719],[137.48085,36.37142],[137.48273,36.37113],[137.48411,36.3711],[137.4854,36.3721],[137.48658,36.37234],[137.48761,36.37216],[137.48821,36.37292],[137.48921,36.3731],[137.49153,36.37474],[137.49352,36.37731],[137.49433,36.37867],[137.49429,36.37973],[137.49696,36.38128],[137.4972,36.38225],[137.49777,36.38268],[137.49885,36.3826],[137.49986,36.38285],[137.5012,36.38278],[137.50293,36.38306],[137.50374,36.38272],[137.50531,36.3826],[137.50965,36.38305],[137.51051,36.38305],[137.51291,36.38256],[137.51461,36.38201],[137.51629,36.38127],[137.51856,36.38134],[137.51996,36.38107],[137.52094,36.38114],[137.52211,36.38189],[137.52311,36.3818],[137.52477,36.38277],[137.52591,36.38393],[137.52752,36.38452],[137.5286,36.38557],[137.53149,36.38624],[137.53218,36.38714],[137.5335,36.3881],[137.53454,36.38849],[137.53627,36.38965],[137.53824,36.39173],[137.53997,36.3927]]]]}},
  {"type":"Feature","properties":{"name":"本巣市","code":"21218"},"geometry":{"type":"MultiPolygon","coordinates":[[[[136.69678,35.543],[136.69593,35.54459],[136.69564,35.5461],[136.69582,35.5474],[136.69404,35.548],[136.69257,35.54915],[136.6903,35.55029],[136.68997,35.55098],[136.68896,35.55224],[136.68871,35.5535],[136.68882,35.5542],[136.68846,35.55526],[136.68745,35.55547],[136.68652,35.55534],[136.68588,35.55642],[136.6858,35.55731],[136.68469,35.55883],[136.68469,35.56101],[136.68389,35.56263],[136.68375,35.56405],[136.68484,35.56587],[136.68422,35.56701],[136.68264,35.56903],[136.68184,35.56957],[136.68117,35.57064],[136.68243,35.57427],[136.6832,35.57512],[136.68333,35.57628],[136.68269,35.57738],[136.68022,35.57876],[136.6791,35.58119],[136.67911,35.58147],[136.67792,35.58233],[136.67764,35.58384],[136.67592,35.58551],[136.67492,35.58608],[136.67455,35.58715],[136.67216,35.58827],[136.67093,35.5894],[136.6689,35.58977],[136.66912,35.59041],[136.66905,35.59435],[136.66875,35.59579],[136.66818,35.59717],[136.66681,35.59853],[136.665,35.59971],[136.66443,35.60091],[136.66349,35.6019],[136.66339,35.60247],[136.66452,35.60337],[136.66568,35.6049],[136.66677,35.60574],[136.66719,35.60716],[136.66718,35.60787],[136.66896,35.61036],[136.66884,35.61194],[136.66911,35.61241],[136.66888,35.61337],[136.66916,35.61394],[136.66896,35.61457],[136.66912,35.61612],[136.66867,35.61684],[136.66926,35.6175],[136.66878,35.61888],[136.66818,35.61961],[136.66829,35.62209],[136.6656,35.62482],[136.66508,35.6264],[136.66605,35.62724],[136.66658,35.62857],[136.66775,35.62889],[136.66853,35.62956],[136.66948,35.63105],[136.67121,35.63121],[136.67282,35.632],[136.67365,35.63461],[136.67514,35.63604],[136.67596,35.63645],[136.6768,35.63816],[136.67623,35.63942],[136.6757,35.64008],[136.67562,35.64104],[136.67617,35.64205],[136.67718,35.64571],[136.67744,35.647],[136.67704,35.64755],[136.67643,35.64944],[136.67608,35.65112],[136.67568,35.65142],[136.675,35.6528],[136.67477,35.65503],[136.67662,35.6559],[136.67789,35.6561],[136.67858,35.65668],[136.68181,35.6584],[136.68373,35.65847],[136.68571,35.65926],[136.68694,35.66002],[136.68847,35.66053],[136.68881,35.6609],[136.68973,35.664],[136.69013,35.66619],[136.69107,35.66804],[136.69115,35.66871],[136.69228,35.66957],[136.69358,35.66983],[136.693,35.67058],[136.69281,35.67392],[136.6924,35.67527],[136.69195,35.67606],[136.69187,35.67689],[136.69064,35.67808],[136.69095,35.67885],[136.69026,35.68014],[136.69019,35.68102],[136.68984,35.6813],[136.68991,35.68356],[136.69124,35.68424],[136.69156,35.68554],[136.69299,35.6875],[136.69356,35.68848],[136.69455,35.68926],[136.69489,35.69059],[136.69441,35.69101],[136.69451,35.69171],[136.69403,35.69385],[136.69361,35.6946],[136.69392,35.6955],[136.6947,35.69621],[136.69507,35.69713],[136.6951,35.69876],[136.69558,35.69931],[136.69557,35.7007],[136.69519,35.70153],[136.69531,35.70287],[136.69478,35.70359],[136.69373,35.70445],[136.69345,35.70537],[136.69346,35.70702],[136.69381,35.70791],[136.69365,35.70852],[136.69511,35.70964],[136.69585,35.70999],[136.69532,35.71151],[136.69598,35.71218],[136.69688,35.71407],[136.69651,35.71444],[136.69637,35.71587],[136.69575,35.717],[136.69439,35.71811],[136.69409,35.71892],[136.69326,35.71983],[136.69272,35.72079],[136.68941,35.72118],[136.68672,35.72222],[136.68569,35.72221],[136.68521,35.72363],[136.68384,35.72484],[136.68398,35.72606],[136.68552,35.72724],[136.68696,35.72771],[136.68677,35.72858],[136.68707,35.72974],[136.68666,35.73026],[136.68646,35.73145],[136.68584,35.73173],[136.68487,35.73269],[136.68345,35.73357],[136.68244,35.7337],[136.68192,35.73445],[136.68126,35.73455],[136.68093,35.73523],[136.68149,35.73554],[136.68084,35.73733],[136.68089,35.73836],[136.68138,35.73894],[136.68131,35.7402],[136.68156,35.7408],[136.68241,35.74146],[136.68211,35.742],[136.68188,35.74324],[136.68201,35.74388],[136.68312,35.74387],[136.68418,35.74474],[136.68459,35.74538],[136.68439,35.74584],[136.68473,35.74668],[136.6845,35.74787],[136.68471,35.74839],[136.68628,35.74867],[136.6877,35.75],[136.6894,35.75],[136.69016,35.75032],[136.69057,35.75109],[136.69181,35.75281],[136.69157,35.75349],[136.69016,35.75424],[136.68972,35.75599],[136.68926,35.75692],[136.68755,35.75764],[136.68646,35.75854],[136.68551,35.76001],[136.68593,35.7616],[136.68524,35.76222],[136.68382,35.76408],[136.68342,35.76793],[136.68261,35.76971],[136.68292,35.77176],[136.68054,35.77171],[136.67946,35.77125],[136.67888,35.77156],[136.67817,35.77266],[136.67731,35.77349],[136.67547,35.77392],[136.67275,35.77553],[136.67207,35.77569],[136.67091,35.77522],[136.66962,35.77574],[136.66925,35.77667],[136.66953,35.77822],[136.66913,35.77954],[136.66823,35.78044],[136.66819,35.78168],[136.6678,35.78198],[136.667,35.78371],[136.66629,35.78443],[136.66614,35.78514],[136.66401,35.78526],[136.66207,35.78452],[136.66082,35.78361],[136.66025,35.78345],[136.65767,35.78348],[136.65656,35.78433],[136.65583,35.78532],[136.65433,35.78588],[136.65375,35.78741],[136.65396,35.78883],[136.65317,35.78993],[136.65267,35.79106],[136.65323,35.79257],[136.65245,35.79425],[136.65247,35.79586],[136.65303,35.79697],[136.653,35.79767],[136.65251,35.79873],[136.65133,35.79963],[136.65031,35.80088],[136.64879,35.80363],[136.64694,35.80521],[136.64665,35.80584],[136.6452,35.80683],[136.64426,35.80642],[136.64367,35.80564],[136.64256,35.8053],[136.6408,35.80349],[136.63981,35.80168],[136.63935,35.79995],[136.63894,35.79962],[136.63818,35.79749],[136.63604,35.79662],[136.63243,35.79572],[136.62966,35.79567],[136.62765,35.79608],[136.62663,35.79684],[136.62611,35.79542],[136.62706,35.79334],[136.6268,35.79215],[136.62775,35.79107],[136.62706,35.79007],[136.626,35.78943],[136.62485,35.78911],[136.62302,35.78777],[136.62227,35.78691],[136.62167,35.78792],[136.61999,35.78826],[136.61863,35.78814],[136.61713,35.78833],[136.61618,35.78867],[136.61529,35.78929],[136.6145,35.78919],[136.61346,35.78869],[136.61145,35.7888],[136.6101,35.78973],[136.60948,35.79233],[136.60681,35.79221],[136.60478,35.79389],[136.60365,35.79424],[136.60295,35.79517],[136.60324,35.79626],[136.60146,35.79707],[136.6009,35.79785],[136.60006,35.79842],[136.59915,35.79853],[136.59802,35.79738],[136.59716,35.79691],[136.59543,35.79537],[136.59381,35.79536],[136.5926,35.79503],[136.59166,35.79513],[136.59001,35.79566],[136.58841,35.79412],[136.58755,35.79273],[136.58609,35.79152],[136.58574,35.79031],[136.58523,35.78963],[136.58482,35.78803],[136.58485,35.78743],[136.58537,35.78672],[136.58562,35.78506],[136.586,35.78443],[136.58437,35.78349],[136.58252,35.7833],[136.58132,35.78258],[136.58014,35.78156],[136.57862,35.78143],[136.57707,35.78152],[136.57465,35.78025],[136.57378,35.77925],[136.57232,35.77804],[136.57075,35.77742],[136.56936,35.77735],[136.56865,35.77767],[136.56748,35.7791],[136.56583,35.77966],[136.56368,35.77929],[136.56159,35.77869],[136.5602,35.7794],[136.55934,35.77934],[136.55854,35.77982],[136.55582,35.78098],[136.55416,35.78074],[136.55272,35.7807],[136.55068,35.78108],[136.54931,35.7807],[136.54833,35.7802],[136.54744,35.7793],[136.54648,35.77917],[136.54528,35.77871],[136.54378,35.77912],[136.54228,35.7799],[136.54064,35.78029],[136.53854,35.781],[136.53655,35.78095],[136.53451,35.78269],[136.53242,35.78372],[136.53122,35.78382],[136.53065,35.78415],[136.52976,35.78549],[136.52844,35.78633],[136.52598,35.78729],[136.52524,35.78797],[136.52303,35.78817],[136.52251,35.78603],[136.52138,35.78436],[136.52013,35.7832],[136.51991,35.7816],[136.51863,35.78014],[136.51846,35.77943],[136.51727,35.77827],[136.51635,35.77786],[136.5142,35.77624],[136.51331,35.77533],[136.51298,35.77319],[136.51196,35.77191],[136.51218,35.77121],[136.51307,35.76998],[136.51298,35.76801],[136.51379,35.76709],[136.5139,35.76664],[136.51312,35.76464],[136.5132,35.76344],[136.51371,35.76225],[136.51457,35.76217],[136.51586,35.76128],[136.51653,35.76037],[136.51795,35.75907],[136.51849,35.75686],[136.52091,35.75492],[136.52215,35.75307],[136.52475,35.75258],[136.5252,35.75266],[136.52842,35.75168],[136.52966,35.75108],[136.52942,35.75018],[136.52974,35.74819],[136.53019,35.74729],[136.53037,35.74579],[136.53095,35.74449],[136.53105,35.74376],[136.53091,35.74203],[136.53184,35.74093],[136.53238,35.73936],[136.53222,35.73873],[136.53238,35.73762],[136.53299,35.73723],[136.53306,35.73579],[136.53456,35.73473],[136.53467,35.73291],[136.53536,35.73148],[136.53461,35.73071],[136.53443,35.72925],[136.53459,35.72777],[136.53358,35.72638],[136.53332,35.72531],[136.534,35.72403],[136.53296,35.72291],[136.53225,35.72243],[136.5321,35.7218],[136.53285,35.7211],[136.53219,35.72039],[136.53108,35.7198],[136.53036,35.71852],[136.52973,35.71809],[136.52896,35.71698],[136.52867,35.71533],[136.52888,35.71488],[136.5298,35.71419],[136.53007,35.71325],[136.52993,35.71113],[136.53118,35.70867],[136.53141,35.70676],[136.53228,35.70554],[136.53187,35.70386],[136.53093,35.70289],[136.53184,35.70199],[136.53355,35.70126],[136.53438,35.70001],[136.53529,35.69936],[136.53641,35.69888],[136.53679,35.69847],[136.53689,35.69681],[136.53666,35.69634],[136.53763,35.69464],[136.53727,35.69306],[136.53648,35.69149],[136.53657,35.69091],[136.53568,35.68957],[136.53459,35.68934],[136.53343,35.6887],[136.53227,35.68871],[136.53138,35.68836],[136.52935,35.6882],[136.52887,35.68831],[136.52726,35.68811],[136.52628,35.68724],[136.52448,35.68654],[136.52357,35.68584],[136.52223,35.68532],[136.5219,35.68483],[136.52192,35.68405],[136.52147,35.68319],[136.5213,35.68149],[136.52006,35.67955],[136.51931,35.67942],[136.51859,35.67892],[136.51692,35.67722],[136.51574,35.67646],[136.51541,35.67587],[136.51525,35.67405],[136.5155,35.67302],[136.51643,35.67235],[136.51735,35.67102],[136.5183,35.67005],[136.51795,35.66884],[136.51844,35.66778],[136.51968,35.66645],[136.52056,35.66433],[136.52095,35.66379],[136.52274,35.66226],[136.52396,35.6614],[136.52637,35.66054],[136.52767,35.65975],[136.52831,35.65891],[136.53051,35.65648],[136.53121,35.65585],[136.53213,35.65387],[136.53449,35.65304],[136.53573,35.6523],[136.53693,35.65187],[136.53726,35.65153],[136.53761,35.65032],[136.53727,35.64968],[136.53724,35.64801],[136.53637,35.64694],[136.53633,35.64522],[136.53601,35.64488],[136.53734,35.644],[136.5382,35.64324],[136.54067,35.64175],[136.54217,35.64108],[136.543,35.64088],[136.54471,35.63997],[136.54536,35.63992],[136.54616,35.63932],[136.54616,35.63878],[136.54699,35.63639],[136.54894,35.63541],[136.54971,35.63456],[136.55148,35.63414],[136.55458,35.63189],[136.55506,35.63096],[136.55687,35.62937],[136.55826,35.62911],[136.5597,35.6284],[136.55988,35.6275],[136.55969,35.6263],[136.56002,35.62565],[136.56012,35.62421],[136.55975,35.62315],[136.55832,35.62199],[136.55803,35.62098],[136.55915,35.61989],[136.55994,35.61797],[136.56014,35.61708],[136.56109,35.6161],[136.5613,35.61544],[136.56107,35.61458],[136.5613,35.61338],[136.56194,35.61295],[136.56305,35.61163],[136.56267,35.61002],[136.5622,35.60937],[136.56238,35.60848],[136.56223,35.60743],[136.56169,35.60647],[136.56138,35.60502],[136.56156,35.60352],[136.56043,35.60248],[136.55991,35.60107],[136.56126,35.59985],[136.56192,35.59952],[136.56229,35.59848],[136.56371,35.59672],[136.56375,35.59561],[136.56317,35.59506],[136.56298,35.59438],[136.5633,35.5923],[136.56329,35.59073],[136.56353,35.58993],[136.56289,35.58935],[136.56295,35.58837],[136.5627,35.58763],[136.5635,35.58694],[136.56451,35.58639],[136.56704,35.58641],[136.56902,35.58567],[136.56936,35.5849],[136.5692,35.58305],[136.56933,35.58256],[136.57007,35.58235],[136.57113,35.58159],[136.57124,35.5807],[136.57213,35.58075],[136.57306,35.58027],[136.57405,35.58038],[136.57675,35.57974],[136.57879,35.58044],[136.57939,35.58114],[136.58047,35.58143],[136.58059,35.58213],[136.58113,35.58221],[136.5826,35.58154],[136.58288,35.58051],[136.58444,35.57895],[136.58506,35.57769],[136.58675,35.57749],[136.58977,35.57798],[136.59113,35.57809],[136.59299,35.57794],[136.59387,35.57857],[136.59524,35.57878],[136.59677,35.57861],[136.59851,35.57864],[136.59989,35.57906],[136.60261,35.57904],[136.60434,35.57825],[136.60702,35.5785],[136.60807,35.5782],[136.60835,35.57782],[136.60986,35.57739],[136.61128,35.57669],[136.61362,35.57661],[136.61491,35.57698],[136.61692,35.57548],[136.6173,35.5748],[136.61757,35.57287],[136.61806,35.57255],[136.61999,35.57266],[136.62206,35.57244],[136.62313,35.57296],[136.62424,35.57303],[136.62533,35.57254],[136.6262,35.57247],[136.62651,35.57196],[136.62815,35.5711],[136.62902,35.5712],[136.63058,35.5724],[136.63169,35.57278],[136.63384,35.57376],[136.63675,35.57441],[136.63866,35.57522],[136.63983,35.57437],[136.63995,35.57398],[136.63954,35.57284],[136.63706,35.57095],[136.63635,35.57011],[136.63599,35.56931],[136.63519,35.56673],[136.63529,35.56591],[136.63679,35.56319],[136.63825,35.5624],[136.63857,35.56172],[136.63853,35.56086],[136.63962,35.55968],[136.64053,35.55769],[136.64153,35.55652],[136.64228,35.55629],[136.64308,35.5555],[136.64334,35.55434],[136.64366,35.55391],[136.64531,35.55321],[136.64601,35.55313],[136.64657,35.55264],[136.64635,35.55143],[136.64481,35.55097],[136.64334,35.55085],[136.64019,35.55115],[136.6367,35.5506],[136.63549,35.54991],[136.63347,35.5484],[136.63329,35.54719],[136.63466,35.54464],[136.63655,35.5437],[136.63746,35.5431],[136.63858,35.54143],[136.63922,35.53938],[136.64109,35.53817],[136.64149,35.53651],[136.64257,35.53582],[136.64539,35.53493],[136.64645,35.53437],[136.64903,35.53235],[136.65001,35.53039],[136.65001,35.52971],[136.6495,35.52836],[136.64816,35.52688],[136.64668,35.52582],[136.64593,35.52548],[136.64255,35.52433],[136.63975,35.52349],[136.63988,35.52218],[136.64059,35.52077],[136.64217,35.51824],[136.64245,35.51798],[136.64532,35.51718],[136.64863,35.51683],[136.65017,35.51607],[136.65101,35.51526],[136.65184,35.51404],[136.6522,35.51289],[136.65203,35.51122],[136.65284,35.51018],[136.65385,35.50952],[136.65486,35.50955],[136.65739,35.51053],[136.65797,35.51059],[136.65896,35.51011],[136.65992,35.50888],[136.66018,35.50781],[136.65962,35.50572],[136.65873,35.50417],[136.65788,35.50318],[136.65685,35.5007],[136.65685,35.4999],[136.65751,35.49853],[136.65918,35.4959],[136.66004,35.49409],[136.65998,35.49157],[136.65974,35.49049],[136.65779,35.485],[136.65695,35.48208],[136.65625,35.47998],[136.65363,35.47611],[136.65128,35.47307],[136.64838,35.46887],[136.6478,35.46791],[136.64734,35.46651],[136.64492,35.45783],[136.64355,35.45396],[136.64237,35.4516],[136.64131,35.45015],[136.64031,35.44916],[136.63844,35.44844],[136.63609,35.44794],[136.63502,35.44807],[136.63433,35.44775],[136.63523,35.44692],[136.63594,35.44511],[136.63508,35.44353],[136.63452,35.44149],[136.63421,35.43894],[136.63366,35.43317],[136.63299,35.42879],[136.63494,35.42862],[136.63907,35.42865],[136.63935,35.42888],[136.64061,35.42872],[136.64056,35.42812],[136.64151,35.42819],[136.64216,35.42762],[136.64212,35.42555],[136.64408,35.42428],[136.64528,35.42271],[136.64722,35.42248],[136.6498,35.42332],[136.65007,35.42361],[136.65148,35.42412],[136.65231,35.4233],[136.65257,35.42213],[136.65327,35.42174],[136.6534,35.42117],[136.65443,35.42089],[136.65486,35.42155],[136.65633,35.42098],[136.65855,35.42093],[136.66091,35.42102],[136.66337,35.4209],[136.67088,35.42105],[136.67094,35.41986],[136.67064,35.41793],[136.6718,35.41789],[136.67411,35.41809],[136.67677,35.41815],[136.67771,35.41839],[136.67858,35.41798],[136.67972,35.41845],[136.68128,35.41944],[136.68206,35.42069],[136.68206,35.4221],[136.68329,35.42271],[136.6833,35.42514],[136.68218,35.42516],[136.68158,35.42877],[136.68108,35.42921],[136.68091,35.43004],[136.67995,35.43098],[136.67862,35.43159],[136.67825,35.43388],[136.67907,35.43425],[136.6811,35.4347],[136.67888,35.43672],[136.67849,35.43788],[136.67736,35.43985],[136.67701,35.4409],[136.6789,35.44007],[136.68108,35.44087],[136.68282,35.44165],[136.6832,35.44203],[136.68454,35.44213],[136.68649,35.44198],[136.68732,35.44223],[136.69021,35.44237],[136.69159,35.44233],[136.69183,35.44382],[136.69215,35.44416],[136.69231,35.44661],[136.6925,35.44719],[136.69202,35.44874],[136.69208,35.44911],[136.69616,35.44924],[136.69618,35.44809],[136.69654,35.44774],[136.69741,35.44774],[136.69762,35.44728],[136.69843,35.44726],[136.69845,35.45052],[136.69823,35.45148],[136.69835,35.45661],[136.69861,35.45817],[136.69824,35.45897],[136.69808,35.46291],[136.69592,35.46287],[136.69561,35.46298],[136.69256,35.46312],[136.6928,35.464],[136.69154,35.46568],[136.69135,35.46626],[136.68895,35.46945],[136.68838,35.46954],[136.68792,35.47023],[136.68711,35.47072],[136.68688,35.47136],[136.68457,35.47395],[136.68465,35.47514],[136.68358,35.47476],[136.68308,35.47546],[136.68349,35.47727],[136.68414,35.47872],[136.68458,35.47909],[136.68471,35.48151],[136.68586,35.4829],[136.68681,35.48272],[136.68806,35.48298],[136.6918,35.48298],[136.69277,35.48268],[136.69806,35.48276],[136.69836,35.48338],[136.69823,35.48518],[136.69827,35.48696],[136.69892,35.48694],[136.6988,35.49154],[136.69734,35.49157],[136.69724,35.49124],[136.69429,35.49124],[136.69311,35.4915],[136.69244,35.49205],[136.69137,35.49249],[136.69194,35.49333],[136.69379,35.49307],[136.69457,35.49391],[136.6946,35.49654],[136.69407,35.49679],[136.69395,35.49814],[136.69227,35.49832],[136.69252,35.49893],[136.69168,35.49962],[136.6918,35.5002],[136.69127,35.50068],[136.69157,35.50114],[136.69372,35.50103],[136.69481,35.5011],[136.6954,35.50163],[136.69594,35.50301],[136.69789,35.50307],[136.69747,35.50408],[136.69695,35.50432],[136.69719,35.50544],[136.69629,35.5055],[136.69602,35.50603],[136.69616,35.50686],[136.69603,35.50789],[136.69674,35.50905],[136.69559,35.50991],[136.69444,35.51105],[136.69362,35.51107],[136.69036,35.5126],[136.68846,35.51268],[136.68795,35.51342],[136.68726,35.51369],[136.68619,35.51374],[136.68515,35.51452],[136.68374,35.51499],[136.68287,35.51563],[136.68253,35.5167],[136.68375,35.51819],[136.68536,35.51934],[136.6861,35.5196],[136.68691,35.52039],[136.68736,35.52145],[136.68731,35.5223],[136.6867,35.52329],[136.68647,35.52433],[136.68766,35.52495],[136.68828,35.52553],[136.68972,35.52631],[136.68988,35.52698],[136.68926,35.52709],[136.68918,35.52772],[136.6886,35.52859],[136.68831,35.52971],[136.68685,35.53147],[136.68623,35.53146],[136.68541,35.53201],[136.68362,35.53214],[136.68227,35.53195],[136.68079,35.53314],[136.67991,35.53446],[136.6787,35.53534],[136.67888,35.53659],[136.6808,35.53718],[136.68277,35.53599],[136.68339,35.53627],[136.68321,35.53775],[136.68346,35.5384],[136.684,35.53854],[136.68473,35.53762],[136.68719,35.53764],[136.68806,35.53734],[136.68898,35.5375],[136.68877,35.53867],[136.69132,35.53857],[136.6936,35.53834],[136.69444,35.53898],[136.69417,35.53956],[136.69445,35.54103],[136.69567,35.54178],[136.69637,35.54193],[136.69678,35.543]]]]}},
  {"type":"Feature","properties":{"name":"郡上市","code":"21219"},"geometry":{"type":"MultiPolygon","coordinates":[[[[136.76426,36.06768],[136.76188,36.0671],[136.75902,36.06708],[136.75821,36.0666],[136.75776,36.06582],[136.75712,36.06532],[136.75532,36.06507],[136.75444,36.06463],[136.75366,36.06381],[136.75273,36.06237],[136.75172,36.0617],[136.75019,36.0612],[136.74904,36.06168],[136.74821,36.06156],[136.74624,36.06046],[136.74443,36.05994],[136.74364,36.059],[136.74272,36.05823],[136.74176,36.05695],[136.74005,36.05693],[136.74043,36.05602],[136.74051,36.05431],[136.73993,36.05359],[136.73827,36.05312],[136.7359,36.05141],[136.73518,36.05019],[136.73302,36.04872],[136.73452,36.04832],[136.7354,36.04789],[136.73534,36.04584],[136.73588,36.04412],[136.73586,36.04363],[136.73473,36.04226],[136.73556,36.04094],[136.73582,36.03979],[136.73533,36.0385],[136.73561,36.03571],[136.73495,36.03472],[136.7355,36.03413],[136.73573,36.03231],[136.73529,36.03071],[136.73354,36.02818],[136.7332,36.02748],[136.73297,36.02521],[136.73333,36.02317],[136.7343,36.02171],[136.73439,36.02099],[136.73336,36.01959],[136.73139,36.0185],[136.73087,36.01757],[136.7312,36.01627],[136.73235,36.01328],[136.732,36.0126],[136.73097,36.01193],[136.72976,36.01005],[136.72889,36.00936],[136.729,36.00822],[136.72826,36.00739],[136.72897,36.00596],[136.72897,36.00424],[136.72931,36.00313],[136.7294,36.00146],[136.72915,36.00013],[136.72866,35.99914],[136.72836,35.99757],[136.7274,35.9964],[136.72708,35.99562],[136.72924,35.99477],[136.73019,35.99468],[136.73207,35.99417],[136.73358,35.99393],[136.73451,35.9934],[136.73719,35.99334],[136.7377,35.99298],[136.7384,35.99316],[136.74006,35.99259],[136.74141,35.99195],[136.74339,35.99156],[136.74566,35.99145],[136.74737,35.99116],[136.7482,35.99061],[136.74969,35.9909],[136.75081,35.99041],[136.75225,35.98861],[136.75153,35.98727],[136.75199,35.98658],[136.75191,35.9858],[136.75257,35.9847],[136.75276,35.98347],[136.75209,35.98266],[136.75253,35.98084],[136.75317,35.97915],[136.75334,35.97821],[136.75285,35.97692],[136.75275,35.97531],[136.75289,35.97472],[136.75242,35.97313],[136.75258,35.97234],[136.75328,35.97113],[136.75304,35.96949],[136.75358,35.96859],[136.75348,35.96814],[136.75051,35.96703],[136.75038,35.96633],[136.74977,35.96542],[136.74966,35.96481],[136.74885,35.9636],[136.74933,35.96184],[136.7498,35.96135],[136.74971,35.96064],[136.74991,35.9594],[136.75131,35.9578],[136.75287,35.95646],[136.75467,35.95611],[136.75554,35.9555],[136.75688,35.95582],[136.75786,35.95571],[136.75935,35.95482],[136.76228,35.95424],[136.76381,35.95332],[136.76473,35.95306],[136.76658,35.95284],[136.76814,35.95197],[136.76895,35.95174],[136.7697,35.95064],[136.7721,35.95023],[136.77395,35.9506],[136.77498,35.95058],[136.77665,35.95119],[136.77849,35.95059],[136.78092,35.95047],[136.78171,35.95003],[136.78345,35.94938],[136.78486,35.94865],[136.7859,35.94875],[136.78676,35.94911],[136.78906,35.94866],[136.78996,35.94766],[136.79143,35.94678],[136.79215,35.94667],[136.79324,35.94598],[136.79346,35.94559],[136.7932,35.94405],[136.79357,35.94285],[136.79339,35.94092],[136.79273,35.94045],[136.79234,35.93914],[136.79051,35.93805],[136.78972,35.93737],[136.78891,35.93608],[136.78788,35.93498],[136.78779,35.93455],[136.78686,35.93365],[136.78662,35.93263],[136.7859,35.9316],[136.78583,35.93035],[136.7849,35.92892],[136.78386,35.92778],[136.78362,35.92705],[136.78392,35.92574],[136.7843,35.92532],[136.78478,35.92402],[136.78543,35.9232],[136.7865,35.9223],[136.78873,35.92128],[136.79072,35.92082],[136.79248,35.92079],[136.79368,35.92162],[136.79415,35.92164],[136.79524,35.92101],[136.7964,35.92107],[136.79728,35.92079],[136.79836,35.92079],[136.79947,35.92032],[136.799,35.91858],[136.79923,35.91831],[136.80072,35.91802],[136.80115,35.91772],[136.803,35.91542],[136.80531,35.91426],[136.80583,35.91288],[136.80721,35.91267],[136.80833,35.91299],[136.81149,35.91264],[136.8121,35.91228],[136.81224,35.91169],[136.8137,35.91092],[136.81408,35.9097],[136.81467,35.90877],[136.81441,35.90736],[136.81568,35.90677],[136.81645,35.90573],[136.81653,35.90504],[136.81576,35.90377],[136.81568,35.90295],[136.81653,35.90173],[136.81809,35.90166],[136.81906,35.90107],[136.81961,35.89966],[136.82089,35.89891],[136.82102,35.89757],[136.82231,35.89628],[136.82273,35.89393],[136.82377,35.89277],[136.82367,35.89219],[136.82259,35.89041],[136.82288,35.88641],[136.82221,35.88472],[136.82127,35.88379],[136.82049,35.88242],[136.819,35.88166],[136.82022,35.8794],[136.82305,35.87791],[136.8233,35.87691],[136.82416,35.87522],[136.8248,35.87477],[136.82601,35.87458],[136.82623,35.87267],[136.82565,35.87106],[136.82575,35.87008],[136.82777,35.86879],[136.82909,35.86737],[136.83015,35.86557],[136.83005,35.86481],[136.8303,35.8633],[136.83084,35.86198],[136.83163,35.86131],[136.83215,35.86034],[136.83235,35.85927],[136.832,35.85889],[136.83236,35.85744],[136.83142,35.8558],[136.83168,35.85404],[136.8311,35.85352],[136.83107,35.85181],[136.83033,35.8514],[136.83015,35.85078],[136.82851,35.84877],[136.82715,35.84791],[136.82661,35.84656],[136.82512,35.84541],[136.82275,35.84477],[136.82122,35.84403],[136.82009,35.84384],[136.81915,35.84405],[136.81766,35.844],[136.81636,35.84282],[136.81545,35.84254],[136.81353,35.84267],[136.8128,35.84289],[136.81197,35.84248],[136.81031,35.84299],[136.80933,35.84258],[136.80852,35.8432],[136.80726,35.84324],[136.80577,35.84292],[136.80462,35.84341],[136.80229,35.84403],[136.80171,35.84322],[136.80187,35.84191],[136.80143,35.84003],[136.79992,35.8372],[136.79971,35.83549],[136.79977,35.83463],[136.79921,35.83356],[136.79943,35.8325],[136.79942,35.83134],[136.79903,35.83026],[136.79841,35.82924],[136.79729,35.82847],[136.79709,35.8281],[136.79736,35.82717],[136.7981,35.82626],[136.79855,35.82509],[136.79787,35.82397],[136.79824,35.82154],[136.79844,35.82122],[136.79794,35.81982],[136.79784,35.81862],[136.79853,35.81774],[136.79798,35.81688],[136.79708,35.81611],[136.7966,35.81352],[136.79537,35.811],[136.79587,35.80906],[136.79362,35.80709],[136.79279,35.80695],[136.79202,35.80533],[136.79105,35.80437],[136.79073,35.80335],[136.78986,35.80206],[136.78999,35.80127],[136.78925,35.7994],[136.79026,35.79913],[136.79099,35.79822],[136.79217,35.79782],[136.79227,35.79637],[136.79295,35.79567],[136.79282,35.79465],[136.79227,35.79366],[136.79221,35.79301],[136.79277,35.79233],[136.79341,35.79074],[136.79352,35.78885],[136.79381,35.78786],[136.79283,35.78664],[136.79418,35.78565],[136.79454,35.78481],[136.79623,35.78499],[136.79811,35.78499],[136.7986,35.78412],[136.79935,35.78333],[136.79992,35.78224],[136.80106,35.78169],[136.80366,35.78248],[136.80501,35.7825],[136.80577,35.78308],[136.80618,35.78425],[136.8072,35.78513],[136.80809,35.78489],[136.81001,35.78519],[136.81081,35.78501],[136.8112,35.78319],[136.81183,35.7826],[136.81195,35.78017],[136.81501,35.7799],[136.81597,35.78043],[136.81675,35.78057],[136.81775,35.7804],[136.8183,35.77974],[136.82009,35.77901],[136.82072,35.779],[136.82217,35.77783],[136.82344,35.77826],[136.82515,35.77795],[136.82675,35.77586],[136.82787,35.77568],[136.83103,35.77677],[136.83196,35.77671],[136.83302,35.77744],[136.83371,35.7769],[136.835,35.7771],[136.836,35.77693],[136.83758,35.77723],[136.83992,35.77675],[136.83994,35.77585],[136.84102,35.77414],[136.84197,35.77357],[136.8419,35.7726],[136.84245,35.77225],[136.84244,35.77036],[136.84217,35.76953],[136.84316,35.76832],[136.84322,35.76763],[136.84171,35.7668],[136.84107,35.76614],[136.83917,35.76626],[136.83755,35.76585],[136.8365,35.76619],[136.83565,35.76552],[136.83655,35.7649],[136.8363,35.76377],[136.83641,35.76305],[136.83529,35.76271],[136.83508,35.76113],[136.83423,35.7594],[136.8341,35.75849],[136.83429,35.75743],[136.83369,35.75644],[136.8334,35.75445],[136.83486,35.75261],[136.83569,35.75191],[136.83655,35.75173],[136.8376,35.75039],[136.8385,35.75029],[136.84045,35.752],[136.84206,35.75177],[136.84374,35.75137],[136.84488,35.7507],[136.8451,35.74995],[136.84584,35.74911],[136.84817,35.74912],[136.84896,35.74851],[136.84929,35.74794],[136.8501,35.74755],[136.85172,35.7485],[136.85295,35.7481],[136.85307,35.74762],[136.854,35.74725],[136.85475,35.74617],[136.853,35.74405],[136.85334,35.74262],[136.85284,35.74065],[136.85365,35.73938],[136.854,35.73836],[136.85346,35.7366],[136.85358,35.73583],[136.8532,35.73482],[136.85364,35.73333],[136.85316,35.73174],[136.85222,35.72952],[136.85259,35.7284],[136.85278,35.72622],[136.85326,35.72524],[136.85325,35.72411],[136.852,35.72256],[136.85093,35.72077],[136.85042,35.72037],[136.84976,35.71922],[136.85,35.71794],[136.84956,35.71687],[136.84859,35.71541],[136.84862,35.71444],[136.84813,35.71297],[136.84852,35.71184],[136.84735,35.71137],[136.84527,35.71028],[136.84367,35.71017],[136.84233,35.70867],[136.84019,35.70682],[136.83992,35.70465],[136.83952,35.70401],[136.8402,35.70245],[136.83951,35.70085],[136.83987,35.70027],[136.84016,35.69872],[136.84097,35.69789],[136.84112,35.69702],[136.84368,35.69635],[136.84423,35.69509],[136.84537,35.69312],[136.84578,35.6917],[136.84637,35.69115],[136.84718,35.6897],[136.84799,35.68865],[136.84999,35.68805],[136.8523,35.68776],[136.85242,35.68722],[136.85319,35.68661],[136.85344,35.68558],[136.85506,35.68422],[136.85516,35.68384],[136.85521,35.68091],[136.8572,35.67992],[136.85717,35.67905],[136.85814,35.67777],[136.85808,35.67666],[136.85875,35.67547],[136.85896,35.67452],[136.85951,35.6739],[136.85956,35.67133],[136.8606,35.66983],[136.86153,35.66891],[136.86321,35.66756],[136.86422,35.66722],[136.86578,35.66599],[136.86737,35.66617],[136.86828,35.66584],[136.86892,35.66592],[136.86965,35.66547],[136.87111,35.66513],[136.87167,35.66395],[136.87285,35.6632],[136.87319,35.66258],[136.87338,35.66052],[136.87298,35.65872],[136.87361,35.65839],[136.87416,35.65743],[136.87491,35.65718],[136.87501,35.65653],[136.87636,35.65571],[136.87723,35.65428],[136.87789,35.65367],[136.87913,35.65298],[136.87965,35.65228],[136.8819,35.6521],[136.88254,35.65163],[136.88424,35.65133],[136.88481,35.65105],[136.88535,35.65024],[136.88626,35.65011],[136.88723,35.65027],[136.88943,35.65111],[136.88968,35.65],[136.89023,35.6494],[136.89062,35.64831],[136.89286,35.64806],[136.89388,35.64759],[136.89446,35.64688],[136.8955,35.64635],[136.89631,35.64629],[136.89818,35.64532],[136.89845,35.64482],[136.89809,35.64354],[136.89895,35.64249],[136.89895,35.64162],[136.89928,35.64109],[136.89921,35.63986],[136.89983,35.63889],[136.90052,35.63856],[136.90147,35.63761],[136.90228,35.63562],[136.90257,35.63411],[136.90292,35.63343],[136.90269,35.63264],[136.90321,35.63115],[136.90404,35.63005],[136.90352,35.62776],[136.90366,35.62749],[136.90529,35.62716],[136.90583,35.62678],[136.90638,35.62587],[136.90882,35.6243],[136.91029,35.62416],[136.91136,35.62307],[136.91218,35.62285],[136.91242,35.62182],[136.91289,35.62102],[136.91353,35.62059],[136.91405,35.61972],[136.91413,35.618],[136.91451,35.61729],[136.91466,35.61532],[136.91556,35.61311],[136.91611,35.61231],[136.91712,35.61184],[136.91798,35.61034],[136.91972,35.6096],[136.9204,35.60905],[136.92113,35.60805],[136.92159,35.60699],[136.92249,35.60648],[136.92313,35.60531],[136.92319,35.60435],[136.92283,35.60363],[136.92356,35.60234],[136.92413,35.60223],[136.92476,35.60142],[136.92549,35.60115],[136.92796,35.60166],[136.92862,35.60141],[136.93069,35.60143],[136.93079,35.60092],[136.9316,35.60001],[136.93319,35.59914],[136.93463,35.59871],[136.93858,35.59903],[136.93982,35.59888],[136.94184,35.59837],[136.94253,35.59882],[136.94311,35.59994],[136.9438,35.60193],[136.94431,35.60246],[136.94367,35.60392],[136.94432,35.60515],[136.94532,35.60587],[136.94587,35.60688],[136.94833,35.6092],[136.9497,35.61097],[136.95009,35.61112],[136.9506,35.6123],[136.95047,35.61374],[136.95262,35.61501],[136.95488,35.61486],[136.95572,35.61503],[136.95789,35.61461],[136.9593,35.61588],[136.96145,35.6165],[136.96414,35.61616],[136.96488,35.61633],[136.96626,35.61574],[136.96736,35.61566],[136.96867,35.61597],[136.96928,35.61633],[136.97029,35.6163],[136.97243,35.61718],[136.97299,35.61767],[136.97462,35.61724],[136.97603,35.61725],[136.97672,35.61699],[136.9772,35.61639],[136.97867,35.61539],[136.98011,35.61567],[136.98059,35.61613],[136.98155,35.61637],[136.98255,35.61632],[136.98394,35.61664],[136.98525,35.61774],[136.98638,35.6194],[136.98627,35.62064],[136.98576,35.62197],[136.98597,35.62304],[136.98534,35.62447],[136.98538,35.625],[136.98643,35.62615],[136.98595,35.62781],[136.98499,35.62877],[136.98507,35.62949],[136.98333,35.63029],[136.98378,35.63107],[136.98259,35.63176],[136.98236,35.63227],[136.98263,35.63302],[136.98277,35.63448],[136.98306,35.6352],[136.9823,35.63748],[136.98045,35.63808],[136.97912,35.63957],[136.98006,35.64109],[136.98011,35.64191],[136.98179,35.64221],[136.98345,35.64327],[136.98503,35.64401],[136.98679,35.6439],[136.98767,35.64453],[136.98953,35.64474],[136.99004,35.64533],[136.9908,35.6457],[136.99116,35.64639],[136.99073,35.64713],[136.99156,35.64832],[136.99154,35.64964],[136.99241,35.65136],[136.99432,35.65152],[136.99588,35.65106],[136.99822,35.65062],[137.00046,35.64983],[137.00259,35.65062],[137.00343,35.65027],[137.00472,35.65051],[137.00693,35.65141],[137.00764,35.65196],[137.01072,35.65242],[137.01108,35.65281],[137.01271,35.65298],[137.01348,35.65222],[137.01479,35.65177],[137.0152,35.65132],[137.01599,35.65124],[137.0178,35.65171],[137.01892,35.65102],[137.01925,35.65027],[137.01909,35.64794],[137.01957,35.64746],[137.01992,35.64564],[137.02102,35.64535],[137.02187,35.64457],[137.02252,35.64345],[137.02327,35.64307],[137.02402,35.64235],[137.02611,35.64331],[137.02687,35.64342],[137.02752,35.64301],[137.02867,35.64279],[137.02955,35.642],[137.03004,35.64202],[137.03194,35.64312],[137.03305,35.64309],[137.0336,35.64384],[137.035,35.64418],[137.03578,35.64531],[137.03667,35.64575],[137.03792,35.64785],[137.03903,35.64876],[137.03977,35.65023],[137.04017,35.65058],[137.04258,35.64996],[137.04339,35.6499],[137.04672,35.65015],[137.04779,35.65044],[137.04964,35.65218],[137.04825,35.65322],[137.04808,35.65385],[137.04869,35.6549],[137.04883,35.65597],[137.04926,35.65654],[137.04915,35.65725],[137.05012,35.65861],[137.05086,35.65904],[137.0511,35.66102],[137.05424,35.66292],[137.05477,35.66363],[137.05429,35.66455],[137.05319,35.66497],[137.05209,35.6666],[137.05148,35.66776],[137.05053,35.66816],[137.05159,35.66939],[137.05161,35.67028],[137.05117,35.67165],[137.05024,35.67198],[137.04974,35.67264],[137.04847,35.67294],[137.04806,35.6739],[137.04898,35.67487],[137.04874,35.6765],[137.04902,35.67701],[137.04862,35.67745],[137.0488,35.67834],[137.04863,35.67951],[137.04821,35.68061],[137.04905,35.68359],[137.04926,35.68492],[137.05022,35.68546],[137.04983,35.68632],[137.05041,35.68699],[137.0513,35.68745],[137.05149,35.68817],[137.0512,35.68928],[137.05043,35.69013],[137.0499,35.6917],[137.05023,35.69294],[137.05101,35.69404],[137.05118,35.69528],[137.05153,35.69614],[137.05152,35.69696],[137.05098,35.69775],[137.04988,35.69874],[137.05158,35.6993],[137.05359,35.69884],[137.05506,35.69886],[137.05552,35.69946],[137.05687,35.70025],[137.05786,35.70209],[137.05911,35.70195],[137.0597,35.70132],[137.06142,35.70103],[137.06262,35.70045],[137.06374,35.70024],[137.06494,35.70045],[137.06588,35.70124],[137.06763,35.70155],[137.0676,35.70226],[137.06664,35.70381],[137.0665,35.7053],[137.06702,35.70765],[137.06656,35.70842],[137.06703,35.71009],[137.06758,35.71086],[137.06711,35.71162],[137.06703,35.71258],[137.0666,35.71325],[137.06766,35.71496],[137.06894,35.7161],[137.07043,35.71645],[137.0714,35.71634],[137.07076,35.71723],[137.06913,35.7187],[137.06898,35.72001],[137.06932,35.7206],[137.07043,35.72163],[137.07101,35.72273],[137.07165,35.72293],[137.07334,35.725],[137.0742,35.72482],[137.07562,35.7236],[137.07622,35.7227],[137.07718,35.72364],[137.07742,35.72417],[137.07966,35.72417],[137.08053,35.72529],[137.08132,35.72571],[137.08289,35.72551],[137.08414,35.72613],[137.08525,35.72576],[137.08614,35.72609],[137.08733,35.72591],[137.0886,35.72663],[137.09024,35.72634],[137.09128,35.72664],[137.09199,35.72576],[137.09345,35.72638],[137.09688,35.72641],[137.0975,35.72775],[137.09759,35.72954],[137.09832,35.7302],[137.10063,35.72927],[137.1027,35.72993],[137.1039,35.73071],[137.10557,35.73075],[137.10716,35.73028],[137.10781,35.73053],[137.10805,35.7311],[137.10896,35.73152],[137.11016,35.73275],[137.11079,35.73439],[137.11181,35.73512],[137.11348,35.73535],[137.11728,35.73524],[137.11814,35.7349],[137.11957,35.73501],[137.12097,35.73565],[137.12201,35.73561],[137.12406,35.73596],[137.12385,35.73736],[137.12301,35.73896],[137.12277,35.74013],[137.12327,35.74086],[137.12662,35.74071],[137.12789,35.74048],[137.12887,35.73941],[137.1295,35.73922],[137.13016,35.73954],[137.13196,35.74105],[137.1318,35.74284],[137.13203,35.74373],[137.1314,35.74559],[137.13138,35.74648],[137.13175,35.74699],[137.13125,35.74898],[137.1314,35.75034],[137.13238,35.75115],[137.13236,35.75227],[137.13199,35.75317],[137.13148,35.75369],[137.13091,35.75508],[137.1309,35.75762],[137.12998,35.75888],[137.13006,35.75941],[137.13122,35.75999],[137.131,35.761],[137.13168,35.76164],[137.13148,35.76224],[137.13182,35.7641],[137.13142,35.76491],[137.13057,35.76582],[137.13004,35.76734],[137.13159,35.76915],[137.1311,35.76995],[137.13043,35.77224],[137.12997,35.77302],[137.12939,35.7734],[137.12919,35.77485],[137.12846,35.77523],[137.12756,35.77685],[137.12839,35.77846],[137.12816,35.77971],[137.12876,35.78061],[137.12886,35.78148],[137.1303,35.78191],[137.13116,35.78333],[137.13274,35.7848],[137.13241,35.78528],[137.13277,35.78616],[137.13259,35.7872],[137.13179,35.78735],[137.13112,35.78794],[137.13103,35.78893],[137.12922,35.78914],[137.12876,35.79014],[137.12944,35.79064],[137.12974,35.79191],[137.13032,35.79256],[137.1302,35.7932],[137.12912,35.79488],[137.1288,35.79601],[137.12914,35.79684],[137.12893,35.79758],[137.12839,35.79807],[137.1287,35.79911],[137.12842,35.79971],[137.12912,35.80046],[137.12836,35.80172],[137.12851,35.80286],[137.12924,35.80353],[137.13021,35.80369],[137.13038,35.80413],[137.1297,35.80511],[137.12912,35.80638],[137.12929,35.80757],[137.12885,35.80807],[137.1288,35.80908],[137.12793,35.80965],[137.12772,35.8108],[137.1273,35.8115],[137.12785,35.81285],[137.12675,35.81442],[137.12658,35.81564],[137.12697,35.81694],[137.12741,35.81766],[137.12836,35.81865],[137.12872,35.81956],[137.12813,35.82028],[137.12706,35.821],[137.12577,35.82239],[137.12526,35.82401],[137.12476,35.82463],[137.12484,35.82558],[137.12382,35.8269],[137.12339,35.82824],[137.12463,35.82985],[137.12486,35.8314],[137.12436,35.83222],[137.12348,35.83253],[137.12265,35.83342],[137.12236,35.83439],[137.12301,35.83623],[137.12412,35.83765],[137.1258,35.83873],[137.12721,35.83919],[137.1279,35.84167],[137.12874,35.84337],[137.12919,35.84571],[137.12976,35.84635],[137.13097,35.84662],[137.13246,35.84819],[137.13369,35.84917],[137.13525,35.84994],[137.13653,35.85018],[137.13782,35.85001],[137.14037,35.85029],[137.14269,35.8503],[137.1437,35.85068],[137.147,35.84993],[137.14827,35.84946],[137.14882,35.84891],[137.14908,35.84804],[137.14976,35.84778],[137.15125,35.8477],[137.15383,35.84579],[137.15542,35.84521],[137.15633,35.84558],[137.15729,35.84548],[137.15863,35.84589],[137.15969,35.84647],[137.16186,35.84674],[137.16247,35.84652],[137.16326,35.84691],[137.16445,35.84682],[137.16493,35.84704],[137.16499,35.84791],[137.16601,35.84868],[137.1667,35.85071],[137.16733,35.85165],[137.16665,35.85269],[137.16618,35.85302],[137.16618,35.85379],[137.16576,35.85486],[137.16588,35.85566],[137.16567,35.85671],[137.16571,35.85852],[137.16543,35.85935],[137.1654,35.86035],[137.1643,35.86129],[137.16404,35.86223],[137.16222,35.86222],[137.16195,35.86291],[137.16115,35.86348],[137.1603,35.86536],[137.15944,35.86585],[137.15912,35.86643],[137.15783,35.86747],[137.1576,35.86867],[137.15717,35.86911],[137.15488,35.86908],[137.15352,35.87062],[137.15295,35.87191],[137.15177,35.87295],[137.15083,35.87453],[137.14951,35.87566],[137.14914,35.87645],[137.14813,35.87735],[137.147,35.87766],[137.14703,35.87906],[137.14744,35.87965],[137.14734,35.88099],[137.14695,35.88254],[137.14457,35.88206],[137.14307,35.88295],[137.1416,35.88318],[137.14041,35.8827],[137.13914,35.88322],[137.13731,35.88438],[137.13631,35.88453],[137.13553,35.88547],[137.13588,35.88633],[137.13573,35.88732],[137.1361,35.88796],[137.13614,35.88894],[137.13559,35.88987],[137.1349,35.89036],[137.1341,35.89168],[137.13396,35.89247],[137.13295,35.89383],[137.13182,35.89442],[137.13101,35.89604],[137.13155,35.89762],[137.13031,35.89802],[137.12905,35.89889],[137.12788,35.90049],[137.12794,35.90114],[137.12758,35.90257],[137.12674,35.90317],[137.1265,35.90387],[137.12591,35.90412],[137.12537,35.90637],[137.12497,35.90682],[137.12343,35.90751],[137.1227,35.90975],[137.122,35.9106],[137.12072,35.91049],[137.11964,35.91087],[137.11845,35.91027],[137.11755,35.91035],[137.11716,35.91078],[137.11721,35.91204],[137.11685,35.9124],[137.11659,35.91424],[137.11581,35.9147],[137.11365,35.91435],[137.11201,35.91495],[137.11128,35.91446],[137.10964,35.91421],[137.10845,35.91445],[137.10759,35.9151],[137.10696,35.91619],[137.10745,35.9174],[137.10584,35.9185],[137.10562,35.91925],[137.10415,35.92043],[137.1031,35.92089],[137.10311,35.92161],[137.10237,35.92272],[137.10245,35.92563],[137.10054,35.92646],[137.10019,35.9272],[137.09873,35.92733],[137.09746,35.92839],[137.09542,35.92883],[137.09359,35.92799],[137.09388,35.92747],[137.09267,35.92606],[137.09277,35.92541],[137.09326,35.92487],[137.09316,35.92341],[137.09247,35.92221],[137.09064,35.92087],[137.09104,35.91981],[137.08992,35.91821],[137.09019,35.91747],[137.09036,35.91588],[137.09167,35.91492],[137.09303,35.91327],[137.09262,35.91146],[137.09303,35.91002],[137.09364,35.90932],[137.09339,35.9082],[137.09348,35.90736],[137.09315,35.90647],[137.09318,35.90579],[137.09231,35.90556],[137.09223,35.90478],[137.09288,35.90411],[137.09258,35.90283],[137.09206,35.90191],[137.09188,35.90048],[137.09139,35.89949],[137.09068,35.89918],[137.09026,35.89838],[137.08846,35.89841],[137.08788,35.89875],[137.08658,35.8985],[137.08607,35.8978],[137.08461,35.89751],[137.08418,35.89823],[137.08461,35.89903],[137.08458,35.90041],[137.08426,35.90095],[137.08361,35.90308],[137.08334,35.9044],[137.08371,35.90518],[137.08355,35.90601],[137.08417,35.90678],[137.08395,35.9077],[137.08138,35.90874],[137.08039,35.91044],[137.07951,35.91123],[137.07903,35.91259],[137.07782,35.91261],[137.07727,35.91324],[137.07659,35.91316],[137.07623,35.9125],[137.07518,35.91174],[137.07441,35.91189],[137.07393,35.91242],[137.07325,35.91255],[137.07205,35.91356],[137.07126,35.91502],[137.07122,35.91555],[137.06959,35.91734],[137.07001,35.91944],[137.06854,35.92025],[137.06832,35.92135],[137.06885,35.92212],[137.06811,35.92412],[137.06853,35.92543],[137.06901,35.92624],[137.06881,35.92674],[137.06681,35.9286],[137.06724,35.92993],[137.06699,35.93118],[137.06582,35.93172],[137.06522,35.93299],[137.06536,35.93416],[137.06725,35.93475],[137.06746,35.93537],[137.06716,35.93663],[137.06804,35.93708],[137.0687,35.93788],[137.06908,35.93915],[137.06833,35.94033],[137.06713,35.94066],[137.06697,35.94213],[137.06502,35.94303],[137.06394,35.94324],[137.06267,35.94303],[137.06302,35.9445],[137.06179,35.94551],[137.06089,35.94523],[137.06044,35.94548],[137.06009,35.94635],[137.05789,35.948],[137.05783,35.94871],[137.05728,35.95],[137.0563,35.95077],[137.05618,35.95261],[137.0551,35.95384],[137.05463,35.95682],[137.05381,35.95743],[137.05256,35.95802],[137.05235,35.95853],[137.05111,35.95906],[137.04959,35.96053],[137.04853,35.96047],[137.04729,35.95901],[137.04718,35.95825],[137.04657,35.95759],[137.04583,35.9573],[137.04486,35.95588],[137.04365,35.9553],[137.04324,35.95462],[137.04254,35.95441],[137.04108,35.95459],[137.03996,35.95422],[137.03952,35.95372],[137.03787,35.95414],[137.03827,35.95507],[137.03808,35.95559],[137.0367,35.95658],[137.03505,35.95624],[137.03363,35.95677],[137.03212,35.95687],[137.03008,35.95788],[137.02843,35.95765],[137.02758,35.95803],[137.02757,35.95871],[137.02632,35.95949],[137.02516,35.95988],[137.02402,35.96065],[137.02106,35.96037],[137.02013,35.95951],[137.0194,35.95944],[137.01878,35.95879],[137.01856,35.95728],[137.01776,35.95561],[137.01641,35.9541],[137.01687,35.95352],[137.01667,35.9526],[137.01544,35.95215],[137.01416,35.95136],[137.01129,35.95177],[137.01011,35.95164],[137.00833,35.9511],[137.00523,35.94748],[137.00436,35.94593],[137.00295,35.94394],[137.00221,35.94347],[137.00166,35.94263],[137.00114,35.94232],[136.99933,35.9402],[136.99871,35.93965],[136.99778,35.93927],[136.99748,35.93799],[136.99729,35.93609],[136.99766,35.93508],[136.99753,35.93453],[136.99893,35.93292],[136.99891,35.93193],[136.9993,35.9307],[136.99808,35.92879],[136.99743,35.92913],[136.99616,35.92865],[136.99503,35.92871],[136.99353,35.92791],[136.99196,35.92819],[136.98994,35.92637],[136.98897,35.92577],[136.98812,35.92302],[136.98765,35.92231],[136.98748,35.92109],[136.98669,35.92066],[136.98428,35.91885],[136.98397,35.91779],[136.98291,35.91753],[136.98236,35.91784],[136.98151,35.91903],[136.97767,35.9192],[136.97677,35.92054],[136.97573,35.92158],[136.97515,35.92269],[136.97292,35.92384],[136.97198,35.92465],[136.97232,35.92555],[136.9731,35.9264],[136.97332,35.92763],[136.97321,35.92882],[136.97363,35.93004],[136.97344,35.93077],[136.97278,35.93183],[136.97272,35.93255],[136.97169,35.93354],[136.97216,35.9354],[136.97249,35.93597],[136.97231,35.93715],[136.9725,35.9379],[136.97209,35.93894],[136.97198,35.93989],[136.97158,35.94037],[136.97088,35.94228],[136.97084,35.94336],[136.97032,35.94397],[136.96951,35.94645],[136.96904,35.94705],[136.96899,35.94777],[136.96847,35.94871],[136.96961,35.95046],[136.97083,35.95074],[136.97128,35.95228],[136.97176,35.9531],[136.97108,35.95486],[136.97143,35.95692],[136.97021,35.95712],[136.96953,35.95828],[136.96836,35.95853],[136.96757,35.95912],[136.96747,35.96001],[136.96697,35.96067],[136.96608,35.96096],[136.96556,35.96192],[136.96541,35.96319],[136.96499,35.96388],[136.96484,35.96508],[136.96536,35.96625],[136.96492,35.96801],[136.96445,35.96846],[136.96249,35.96928],[136.96146,35.97009],[136.96038,35.97165],[136.96096,35.97224],[136.96053,35.97309],[136.96028,35.97517],[136.96059,35.97613],[136.95993,35.97683],[136.95938,35.97853],[136.95752,35.9781],[136.9566,35.97853],[136.95615,35.97938],[136.95454,35.98069],[136.95345,35.98065],[136.95276,35.9802],[136.95135,35.97974],[136.94957,35.98039],[136.94727,35.98225],[136.94696,35.98344],[136.94577,35.98383],[136.9446,35.98355],[136.94449,35.98458],[136.94334,35.98564],[136.94249,35.98745],[136.9414,35.98874],[136.94127,35.98922],[136.94173,35.9905],[136.94043,35.99052],[136.93837,35.98926],[136.93725,35.989],[136.93677,35.99012],[136.93649,35.99232],[136.93595,35.99328],[136.93583,35.99463],[136.93545,35.99572],[136.93511,35.99581],[136.93282,35.99548],[136.93235,35.99589],[136.93208,35.99719],[136.93159,35.99834],[136.93116,36.00133],[136.93083,36.00278],[136.93092,36.00448],[136.93051,36.00528],[136.93082,36.00577],[136.92505,36.00883],[136.91607,36.01252],[136.91221,36.01367],[136.91087,36.01369],[136.90968,36.01297],[136.90802,36.01287],[136.90741,36.01345],[136.90656,36.01316],[136.90684,36.01441],[136.9072,36.01517],[136.90809,36.01624],[136.90734,36.01747],[136.90649,36.01798],[136.90556,36.01791],[136.90386,36.01832],[136.90357,36.01969],[136.90253,36.02074],[136.90307,36.02338],[136.90146,36.02455],[136.89996,36.02479],[136.89971,36.02564],[136.89875,36.02663],[136.89677,36.02646],[136.89688,36.02721],[136.89591,36.02775],[136.89466,36.02772],[136.89361,36.02733],[136.89312,36.02689],[136.89226,36.02689],[136.89169,36.02436],[136.89013,36.02325],[136.88798,36.02263],[136.88685,36.02159],[136.88597,36.02136],[136.88432,36.02178],[136.8829,36.02134],[136.88212,36.0209],[136.88183,36.01943],[136.88209,36.0184],[136.88148,36.01813],[136.8792,36.01815],[136.87781,36.01747],[136.87662,36.0174],[136.87524,36.01677],[136.87461,36.01573],[136.87203,36.0161],[136.87036,36.01591],[136.86858,36.01491],[136.86538,36.01447],[136.86436,36.01461],[136.86152,36.01296],[136.85887,36.01224],[136.85796,36.01182],[136.85644,36.01076],[136.85436,36.00977],[136.85322,36.00947],[136.84829,36.00877],[136.84756,36.00859],[136.8454,36.00845],[136.84406,36.00677],[136.84242,36.00526],[136.84129,36.00445],[136.83985,36.00313],[136.8378,36.00144],[136.83723,36.00261],[136.83716,36.00348],[136.83654,36.0041],[136.83628,36.00488],[136.83538,36.00614],[136.83468,36.00791],[136.83295,36.00813],[136.83216,36.00903],[136.83112,36.00947],[136.83024,36.01043],[136.82961,36.01146],[136.82886,36.01169],[136.82545,36.01124],[136.82379,36.00993],[136.82202,36.01027],[136.82106,36.01126],[136.81954,36.0107],[136.81818,36.01075],[136.81545,36.01168],[136.815,36.01197],[136.81228,36.01483],[136.81187,36.01677],[136.81129,36.01787],[136.81053,36.01859],[136.81032,36.02158],[136.80993,36.02242],[136.80822,36.02407],[136.80821,36.02562],[136.80747,36.02768],[136.80622,36.0291],[136.80335,36.03119],[136.8027,36.03143],[136.7994,36.03114],[136.79736,36.03139],[136.79707,36.03192],[136.79762,36.0326],[136.79893,36.03333],[136.79891,36.03409],[136.79853,36.03533],[136.79895,36.03748],[136.79863,36.03988],[136.79918,36.04076],[136.80089,36.04165],[136.80185,36.04299],[136.80036,36.04432],[136.79959,36.04596],[136.79849,36.04724],[136.79793,36.04861],[136.79715,36.04933],[136.79631,36.05068],[136.7951,36.05152],[136.79273,36.05211],[136.79011,36.05182],[136.7878,36.05176],[136.78722,36.05189],[136.78555,36.05295],[136.78407,36.05266],[136.78325,36.05278],[136.78193,36.05418],[136.78128,36.05449],[136.78006,36.05456],[136.77847,36.05401],[136.77719,36.05268],[136.776,36.05368],[136.77524,36.05383],[136.77392,36.05533],[136.77256,36.0562],[136.77213,36.05684],[136.77044,36.05743],[136.76872,36.05729],[136.76806,36.05787],[136.76778,36.05901],[136.7671,36.06056],[136.76533,36.06199],[136.76496,36.0628],[136.76507,36.06403],[136.76477,36.06658],[136.76426,36.06768]]]]}},
  {"type":"Feature","properties":{"name":"下呂市","code":"21220"},"geometry":{"type":"MultiPolygon","coordinates":[[[[137.10245,35.92563],[137.10237,35.92272],[137.10311,35.92161],[137.1031,35.92089],[137.10415,35.92043],[137.10562,35.91925],[137.10584,35.9185],[137.10745,35.9174],[137.10696,35.91619],[137.10759,35.9151],[137.10845,35.91445],[137.10964,35.91421],[137.11128,35.91446],[137.11201,35.91495],[137.11365,35.91435],[137.11581,35.9147],[137.11659,35.91424],[137.11685,35.9124],[137.11721,35.91204],[137.11716,35.91078],[137.11755,35.91035],[137.11845,35.91027],[137.11964,35.91087],[137.12072,35.91049],[137.122,35.9106],[137.1227,35.90975],[137.12343,35.90751],[137.12497,35.90682],[137.12537,35.90637],[137.12591,35.90412],[137.1265,35.90387],[137.12674,35.90317],[137.12758,35.90257],[137.12794,35.90114],[137.12788,35.90049],[137.12905,35.89889],[137.13031,35.89802],[137.13155,35.89762],[137.13101,35.89604],[137.13182,35.89442],[137.13295,35.89383],[137.13396,35.89247],[137.1341,35.89168],[137.1349,35.89036],[137.13559,35.88987],[137.13614,35.88894],[137.1361,35.88796],[137.13573,35.88732],[137.13588,35.88633],[137.13553,35.88547],[137.13631,35.88453],[137.13731,35.88438],[137.13914,35.88322],[137.14041,35.8827],[137.1416,35.88318],[137.14307,35.88295],[137.14457,35.88206],[137.14695,35.88254],[137.14734,35.88099],[137.14744,35.87965],[137.14703,35.87906],[137.147,35.87766],[137.14813,35.87735],[137.14914,35.87645],[137.14951,35.87566],[137.15083,35.87453],[137.15177,35.87295],[137.15295,35.87191],[137.15352,35.87062],[137.15488,35.86908],[137.15717,35.86911],[137.1576,35.86867],[137.15783,35.86747],[137.15912,35.86643],[137.15944,35.86585],[137.1603,35.86536],[137.16115,35.86348],[137.16195,35.86291],[137.16222,35.86222],[137.16404,35.86223],[137.1643,35.86129],[137.1654,35.86035],[137.16543,35.85935],[137.16571,35.85852],[137.16567,35.85671],[137.16588,35.85566],[137.16576,35.85486],[137.16618,35.85379],[137.16618,35.85302],[137.16665,35.85269],[137.16733,35.85165],[137.1667,35.85071],[137.16601,35.84868],[137.16499,35.84791],[137.16493,35.84704],[137.16445,35.84682],[137.16326,35.84691],[137.16247,35.84652],[137.16186,35.84674],[137.15969,35.84647],[137.15863,35.84589],[137.15729,35.84548],[137.15633,35.84558],[137.15542,35.84521],[137.15383,35.84579],[137.15125,35.8477],[137.14976,35.84778],[137.14908,35.84804],[137.14882,35.84891],[137.14827,35.84946],[137.147,35.84993],[137.1437,35.85068],[137.14269,35.8503],[137.14037,35.85029],[137.13782,35.85001],[137.13653,35.85018],[137.13525,35.84994],[137.13369,35.84917],[137.13246,35.84819],[137.13097,35.84662],[137.12976,35.84635],[137.12919,35.84571],[137.12874,35.84337],[137.1279,35.84167],[137.12721,35.83919],[137.1258,35.83873],[137.12412,35.83765],[137.12301,35.83623],[137.12236,35.83439],[137.12265,35.83342],[137.12348,35.83253],[137.12436,35.83222],[137.12486,35.8314],[137.12463,35.82985],[137.12339,35.82824],[137.12382,35.8269],[137.12484,35.82558],[137.12476,35.82463],[137.12526,35.82401],[137.12577,35.82239],[137.12706,35.821],[137.12813,35.82028],[137.12872,35.81956],[137.12836,35.81865],[137.12741,35.81766],[137.12697,35.81694],[137.12658,35.81564],[137.12675,35.81442],[137.12785,35.81285],[137.1273,35.8115],[137.12772,35.8108],[137.12793,35.80965],[137.1288,35.80908],[137.12885,35.80807],[137.12929,35.80757],[137.12912,35.80638],[137.1297,35.80511],[137.13038,35.80413],[137.13021,35.80369],[137.12924,35.80353],[137.12851,35.80286],[137.12836,35.80172],[137.12912,35.80046],[137.12842,35.79971],[137.1287,35.79911],[137.12839,35.79807],[137.12893,35.79758],[137.12914,35.79684],[137.1288,35.79601],[137.12912,35.79488],[137.1302,35.7932],[137.13032,35.79256],[137.12974,35.79191],[137.12944,35.79064],[137.12876,35.79014],[137.12922,35.78914],[137.13103,35.78893],[137.13112,35.78794],[137.13179,35.78735],[137.13259,35.7872],[137.13277,35.78616],[137.13241,35.78528],[137.13274,35.7848],[137.13116,35.78333],[137.1303,35.78191],[137.12886,35.78148],[137.12876,35.78061],[137.12816,35.77971],[137.12839,35.77846],[137.12756,35.77685],[137.12846,35.77523],[137.12919,35.77485],[137.12939,35.7734],[137.12997,35.77302],[137.13043,35.77224],[137.1311,35.76995],[137.13159,35.76915],[137.13004,35.76734],[137.13057,35.76582],[137.13142,35.76491],[137.13182,35.7641],[137.13148,35.76224],[137.13168,35.76164],[137.131,35.761],[137.13122,35.75999],[137.13006,35.75941],[137.12998,35.75888],[137.1309,35.75762],[137.13091,35.75508],[137.13148,35.75369],[137.13199,35.75317],[137.13236,35.75227],[137.13238,35.75115],[137.1314,35.75034],[137.13125,35.74898],[137.13175,35.74699],[137.13138,35.74648],[137.1314,35.74559],[137.13203,35.74373],[137.1318,35.74284],[137.13196,35.74105],[137.13016,35.73954],[137.1295,35.73922],[137.12887,35.73941],[137.12789,35.74048],[137.12662,35.74071],[137.12327,35.74086],[137.12277,35.74013],[137.12301,35.73896],[137.12385,35.73736],[137.12406,35.73596],[137.12201,35.73561],[137.12097,35.73565],[137.11957,35.73501],[137.11814,35.7349],[137.11728,35.73524],[137.11348,35.73535],[137.11181,35.73512],[137.11079,35.73439],[137.11016,35.73275],[137.10896,35.73152],[137.10805,35.7311],[137.10781,35.73053],[137.10716,35.73028],[137.10557,35.73075],[137.1039,35.73071],[137.1027,35.72993],[137.10063,35.72927],[137.09832,35.7302],[137.09759,35.72954],[137.0975,35.72775],[137.09688,35.72641],[137.09345,35.72638],[137.09199,35.72576],[137.09128,35.72664],[137.09024,35.72634],[137.0886,35.72663],[137.08733,35.72591],[137.08614,35.72609],[137.08525,35.72576],[137.08414,35.72613],[137.08289,35.72551],[137.08132,35.72571],[137.08053,35.72529],[137.07966,35.72417],[137.07742,35.72417],[137.07718,35.72364],[137.07622,35.7227],[137.07562,35.7236],[137.0742,35.72482],[137.07334,35.725],[137.07165,35.72293],[137.07101,35.72273],[137.07043,35.72163],[137.06932,35.7206],[137.06898,35.72001],[137.06913,35.7187],[137.07076,35.71723],[137.0714,35.71634],[137.07043,35.71645],[137.06894,35.7161],[137.06766,35.71496],[137.0666,35.71325],[137.06703,35.71258],[137.06711,35.71162],[137.06758,35.71086],[137.06703,35.71009],[137.06656,35.70842],[137.06702,35.70765],[137.0665,35.7053],[137.06664,35.70381],[137.0676,35.70226],[137.06763,35.70155],[137.06588,35.70124],[137.06494,35.70045],[137.06374,35.70024],[137.06262,35.70045],[137.06142,35.70103],[137.0597,35.70132],[137.05911,35.70195],[137.05786,35.70209],[137.05687,35.70025],[137.05552,35.69946],[137.05506,35.69886],[137.05359,35.69884],[137.05158,35.6993],[137.04988,35.69874],[137.05098,35.69775],[137.05152,35.69696],[137.05153,35.69614],[137.05118,35.69528],[137.05101,35.69404],[137.05287,35.69375],[137.05393,35.69195],[137.05582,35.69183],[137.05696,35.69077],[137.05908,35.69071],[137.06044,35.6911],[137.06146,35.6904],[137.06219,35.68881],[137.06277,35.68843],[137.0633,35.68755],[137.06485,35.68697],[137.06565,35.68642],[137.06564,35.68507],[137.06757,35.6856],[137.06819,35.68558],[137.06947,35.68498],[137.07156,35.68532],[137.07253,35.68445],[137.07437,35.68508],[137.07705,35.68532],[137.07901,35.6844],[137.08063,35.68291],[137.08084,35.68133],[137.08163,35.68031],[137.08234,35.67994],[137.08242,35.6793],[137.08189,35.67834],[137.08244,35.67723],[137.08299,35.67718],[137.08413,35.67765],[137.08486,35.67725],[137.08665,35.67817],[137.08728,35.67798],[137.08807,35.67673],[137.0901,35.67669],[137.09167,35.67769],[137.09256,35.67897],[137.09382,35.67885],[137.09474,35.67899],[137.09668,35.67886],[137.09896,35.67939],[137.09967,35.67905],[137.10054,35.67917],[137.10129,35.67875],[137.10015,35.67792],[137.09912,35.67666],[137.099,35.67521],[137.0984,35.6746],[137.09874,35.67413],[137.09843,35.67341],[137.09892,35.6725],[137.09869,35.67192],[137.09886,35.67052],[137.09832,35.66996],[137.09819,35.66906],[137.09764,35.6687],[137.09793,35.66804],[137.09794,35.66594],[137.09749,35.66508],[137.09745,35.66378],[137.09661,35.66222],[137.0965,35.66106],[137.09671,35.66048],[137.09638,35.65889],[137.09605,35.65854],[137.09622,35.65763],[137.09488,35.65726],[137.09319,35.65635],[137.0916,35.65665],[137.09046,35.65655],[137.08922,35.6557],[137.08862,35.65415],[137.08742,35.65284],[137.08707,35.6519],[137.08629,35.65069],[137.08591,35.64968],[137.08597,35.64877],[137.08736,35.64831],[137.08926,35.64609],[137.0896,35.64533],[137.0908,35.64564],[137.09283,35.64559],[137.09304,35.64358],[137.09388,35.64252],[137.09468,35.64106],[137.09558,35.64062],[137.09475,35.63911],[137.09448,35.63699],[137.09414,35.63643],[137.09335,35.63601],[137.09262,35.63478],[137.09217,35.63353],[137.09117,35.63174],[137.09114,35.63143],[137.09171,35.63129],[137.09247,35.63027],[137.09249,35.62897],[137.09299,35.62782],[137.09379,35.62655],[137.09462,35.62579],[137.09591,35.62506],[137.0972,35.62492],[137.09982,35.62568],[137.10144,35.62581],[137.10228,35.62545],[137.10299,35.62547],[137.10475,35.62588],[137.10633,35.62485],[137.10685,35.62474],[137.10822,35.62502],[137.10933,35.6246],[137.10964,35.62363],[137.10904,35.62254],[137.10917,35.62206],[137.11044,35.62183],[137.11133,35.62117],[137.11237,35.62083],[137.1151,35.62248],[137.11617,35.62243],[137.11703,35.62269],[137.11787,35.62347],[137.11958,35.62383],[137.12055,35.6231],[137.12131,35.62302],[137.12201,35.62199],[137.12342,35.6216],[137.12491,35.62204],[137.12659,35.623],[137.12777,35.62308],[137.12846,35.62262],[137.12965,35.62304],[137.13031,35.62292],[137.12968,35.62163],[137.12972,35.62048],[137.13052,35.62001],[137.13155,35.62],[137.13288,35.62106],[137.1329,35.62212],[137.13367,35.62376],[137.13618,35.62396],[137.13665,35.62377],[137.13801,35.62387],[137.13851,35.6242],[137.13991,35.62436],[137.14051,35.62488],[137.14224,35.62623],[137.14255,35.62671],[137.1426,35.62768],[137.14367,35.62904],[137.14269,35.63001],[137.14294,35.63092],[137.14275,35.63184],[137.14444,35.63184],[137.14608,35.63123],[137.1478,35.63238],[137.14895,35.6327],[137.15097,35.63256],[137.15175,35.63319],[137.15343,35.63346],[137.15451,35.63407],[137.15605,35.63437],[137.15759,35.63488],[137.15834,35.63487],[137.15938,35.63549],[137.16116,35.63539],[137.16258,35.63575],[137.1632,35.63625],[137.16471,35.63608],[137.16663,35.63634],[137.16745,35.63688],[137.16812,35.63666],[137.16933,35.63678],[137.17004,35.63721],[137.17085,35.63946],[137.17148,35.64019],[137.17156,35.64089],[137.17376,35.64137],[137.17503,35.64267],[137.17675,35.64336],[137.17686,35.64506],[137.17872,35.6452],[137.17899,35.64585],[137.17932,35.64787],[137.17971,35.64875],[137.17921,35.64916],[137.17952,35.65042],[137.18038,35.65043],[137.18099,35.65004],[137.18169,35.65011],[137.18309,35.6493],[137.1837,35.64862],[137.18595,35.64853],[137.1867,35.6481],[137.18824,35.64795],[137.1889,35.64967],[137.18965,35.65016],[137.19037,35.65106],[137.19006,35.65322],[137.19031,35.65373],[137.19329,35.65516],[137.19475,35.65544],[137.19714,35.65527],[137.19757,35.65557],[137.19775,35.65658],[137.19688,35.65746],[137.19558,35.65832],[137.19354,35.66092],[137.19454,35.66154],[137.19563,35.66258],[137.19518,35.66353],[137.19523,35.66438],[137.19454,35.6649],[137.19357,35.66662],[137.19318,35.66796],[137.1943,35.66855],[137.1957,35.67084],[137.19742,35.67104],[137.19951,35.67158],[137.19996,35.67215],[137.20131,35.67273],[137.20191,35.67322],[137.20208,35.67409],[137.20284,35.67445],[137.20404,35.67592],[137.20491,35.67739],[137.20555,35.67751],[137.20604,35.67712],[137.20721,35.67751],[137.20997,35.67777],[137.21192,35.67887],[137.21314,35.67885],[137.21486,35.67848],[137.21531,35.6788],[137.21603,35.67994],[137.21705,35.68051],[137.21787,35.68054],[137.2184,35.68169],[137.21999,35.6814],[137.22137,35.68143],[137.22211,35.68099],[137.22294,35.68098],[137.22362,35.68051],[137.22473,35.68026],[137.225,35.67961],[137.22607,35.67946],[137.23006,35.67867],[137.23147,35.67743],[137.23183,35.6767],[137.23293,35.67655],[137.23594,35.67647],[137.23731,35.67681],[137.23829,35.67676],[137.24042,35.67514],[137.24186,35.67509],[137.24243,35.67476],[137.24346,35.67475],[137.24476,35.67514],[137.24519,35.67562],[137.24466,35.67694],[137.24594,35.67851],[137.247,35.67912],[137.24819,35.67949],[137.24784,35.68039],[137.24819,35.68235],[137.24775,35.68331],[137.24839,35.68422],[137.24789,35.68611],[137.24804,35.68738],[137.24953,35.68951],[137.25173,35.68926],[137.25357,35.69012],[137.25482,35.69049],[137.25536,35.69148],[137.2553,35.69195],[137.25778,35.69259],[137.25827,35.69359],[137.25871,35.69371],[137.26014,35.69342],[137.26169,35.69402],[137.26263,35.69407],[137.26383,35.69459],[137.26413,35.69574],[137.2641,35.69674],[137.26629,35.69745],[137.26792,35.69828],[137.26907,35.69792],[137.26976,35.69726],[137.27061,35.69704],[137.2708,35.6961],[137.27159,35.69489],[137.27145,35.69402],[137.27235,35.69293],[137.27334,35.69229],[137.27375,35.69164],[137.27573,35.69219],[137.27672,35.69201],[137.27761,35.69153],[137.27946,35.6919],[137.2804,35.69178],[137.28109,35.69113],[137.28227,35.69141],[137.28331,35.69111],[137.28492,35.69126],[137.2864,35.69272],[137.28693,35.69278],[137.28777,35.69347],[137.28843,35.69351],[137.29002,35.69277],[137.29076,35.69305],[137.29101,35.69369],[137.2923,35.69442],[137.29354,35.69408],[137.29661,35.69433],[137.29783,35.69486],[137.29895,35.69509],[137.29974,35.695],[137.3005,35.69544],[137.30015,35.69611],[137.3005,35.69659],[137.3015,35.69948],[137.3025,35.70122],[137.30243,35.70218],[137.30454,35.70269],[137.30485,35.7032],[137.30641,35.70356],[137.30684,35.70389],[137.30823,35.70434],[137.3096,35.70404],[137.31051,35.70362],[137.31118,35.70392],[137.31212,35.7038],[137.31259,35.70415],[137.31262,35.70494],[137.31303,35.70614],[137.31342,35.70652],[137.31545,35.70707],[137.31698,35.70705],[137.31844,35.70722],[137.31908,35.708],[137.32035,35.70809],[137.32096,35.7078],[137.32241,35.7082],[137.32338,35.70889],[137.32402,35.7089],[137.32489,35.70848],[137.32558,35.70853],[137.32651,35.70904],[137.32782,35.70932],[137.32883,35.71004],[137.33047,35.71058],[137.33102,35.71097],[137.33137,35.71172],[137.33119,35.71285],[137.33052,35.71345],[137.33075,35.71435],[137.33143,35.7153],[137.33148,35.7161],[137.33222,35.71703],[137.33197,35.71831],[137.33141,35.7189],[137.33134,35.7203],[137.33159,35.72097],[137.33144,35.72248],[137.3316,35.72389],[137.33089,35.72485],[137.33115,35.72557],[137.33096,35.72678],[137.33109,35.72766],[137.33044,35.72809],[137.32987,35.72961],[137.33023,35.73087],[137.32963,35.73349],[137.33065,35.73425],[137.33018,35.7352],[137.32994,35.73682],[137.32894,35.73771],[137.32823,35.73906],[137.32762,35.73947],[137.3288,35.74109],[137.32779,35.74205],[137.32737,35.74362],[137.32621,35.74512],[137.32615,35.74588],[137.32528,35.74655],[137.32488,35.74718],[137.32489,35.74794],[137.32624,35.7481],[137.32707,35.74851],[137.32767,35.74948],[137.32881,35.75007],[137.33005,35.75101],[137.33037,35.75209],[137.33045,35.75348],[137.33109,35.75485],[137.33287,35.75706],[137.33318,35.75816],[137.3337,35.7591],[137.33366,35.76003],[137.33431,35.76167],[137.334,35.76267],[137.33432,35.76377],[137.33396,35.76443],[137.33605,35.76554],[137.33651,35.76662],[137.33754,35.76749],[137.33855,35.76875],[137.33884,35.76958],[137.34039,35.77024],[137.34114,35.7711],[137.34154,35.77227],[137.34249,35.77313],[137.34389,35.7734],[137.3442,35.77374],[137.34405,35.77512],[137.34475,35.77609],[137.34562,35.77672],[137.34629,35.77828],[137.34752,35.78001],[137.34798,35.78137],[137.34991,35.78217],[137.35061,35.78276],[137.3517,35.78331],[137.35337,35.78518],[137.35325,35.78805],[137.35424,35.78887],[137.3554,35.78935],[137.35545,35.79045],[137.35678,35.79229],[137.35786,35.79292],[137.3586,35.79476],[137.36029,35.79597],[137.35732,35.79831],[137.35448,35.80087],[137.35372,35.80134],[137.35254,35.80153],[137.35111,35.80153],[137.34746,35.80007],[137.34629,35.79975],[137.34387,35.79857],[137.34174,35.7985],[137.34021,35.79792],[137.33811,35.79804],[137.33628,35.79883],[137.33567,35.79942],[137.33508,35.80093],[137.33438,35.80174],[137.33477,35.80342],[137.33402,35.80392],[137.33364,35.80463],[137.33259,35.80493],[137.33282,35.80603],[137.33182,35.80711],[137.33239,35.8078],[137.33232,35.80933],[137.33043,35.80976],[137.32912,35.81047],[137.32797,35.81082],[137.32723,35.81163],[137.32603,35.81213],[137.32455,35.81202],[137.32611,35.81381],[137.32629,35.81488],[137.32536,35.81587],[137.32499,35.81667],[137.327,35.81916],[137.32683,35.82085],[137.32751,35.82148],[137.3288,35.82176],[137.32823,35.82367],[137.32826,35.82492],[137.32731,35.82561],[137.32955,35.82799],[137.33033,35.82916],[137.33014,35.83028],[137.33045,35.83187],[137.33033,35.8332],[137.33109,35.83568],[137.33141,35.83622],[137.33131,35.83738],[137.33165,35.83808],[137.33178,35.83968],[137.33214,35.84068],[137.33332,35.84197],[137.33605,35.84422],[137.33707,35.84406],[137.3387,35.84406],[137.33912,35.84422],[137.34134,35.84399],[137.34242,35.8431],[137.34314,35.8429],[137.34427,35.84332],[137.34578,35.84331],[137.34617,35.84301],[137.34733,35.84284],[137.34832,35.84243],[137.35184,35.84307],[137.35427,35.84222],[137.3558,35.8424],[137.35678,35.84273],[137.35694,35.84328],[137.358,35.84367],[137.35925,35.84452],[137.36113,35.84621],[137.36166,35.84766],[137.36258,35.84886],[137.36294,35.84999],[137.36372,35.85022],[137.36342,35.85091],[137.36366,35.85196],[137.36546,35.8536],[137.3654,35.85601],[137.36617,35.85697],[137.36701,35.85895],[137.36705,35.86002],[137.36759,35.86067],[137.36647,35.86362],[137.36683,35.86429],[137.36632,35.86527],[137.36698,35.86595],[137.36705,35.86709],[137.36806,35.87044],[137.367,35.87144],[137.36693,35.87186],[137.36776,35.87285],[137.36819,35.87421],[137.36717,35.8768],[137.36528,35.87771],[137.36437,35.87887],[137.36583,35.87958],[137.36712,35.87993],[137.36781,35.88069],[137.36943,35.88119],[137.36985,35.88157],[137.37017,35.88278],[137.3705,35.88315],[137.37351,35.88408],[137.3733,35.88521],[137.37365,35.88617],[137.37413,35.88673],[137.37575,35.88783],[137.3781,35.88873],[137.37892,35.88969],[137.37884,35.89059],[137.38008,35.89157],[137.38082,35.89242],[137.38296,35.89273],[137.38348,35.89312],[137.3854,35.8938],[137.38641,35.8936],[137.38733,35.89393],[137.39062,35.89418],[137.39227,35.89495],[137.39423,35.89512],[137.39781,35.89568],[137.39941,35.89668],[137.40103,35.89699],[137.40209,35.89749],[137.40363,35.89776],[137.40494,35.89819],[137.4065,35.89915],[137.40768,35.89966],[137.40891,35.89991],[137.41144,35.90092],[137.41359,35.90137],[137.41444,35.90139],[137.41563,35.90209],[137.41645,35.90302],[137.41733,35.90365],[137.4194,35.90447],[137.42222,35.9042],[137.42376,35.90332],[137.42435,35.90319],[137.42628,35.90383],[137.4286,35.90406],[137.43028,35.90461],[137.43135,35.90463],[137.4325,35.90531],[137.4349,35.90549],[137.43654,35.9051],[137.43761,35.90505],[137.43766,35.90305],[137.43805,35.90158],[137.43881,35.90013],[137.44142,35.89944],[137.44343,35.89808],[137.44489,35.89684],[137.44703,35.894],[137.44868,35.89289],[137.45156,35.89188],[137.45306,35.8918],[137.45563,35.89056],[137.45775,35.88978],[137.45865,35.88931],[137.45997,35.88956],[137.46115,35.88931],[137.46197,35.88949],[137.46242,35.8902],[137.46318,35.89049],[137.46477,35.89151],[137.46515,35.89265],[137.46747,35.89257],[137.47022,35.89272],[137.47223,35.89315],[137.47544,35.89364],[137.47652,35.89417],[137.47632,35.89507],[137.47679,35.89589],[137.47787,35.8963],[137.47926,35.89642],[137.47987,35.8972],[137.48003,35.89809],[137.481,35.89844],[137.48193,35.90053],[137.4811,35.90575],[137.48134,35.90624],[137.48333,35.90736],[137.48446,35.90863],[137.4834,35.91204],[137.48326,35.91332],[137.48343,35.91379],[137.48229,35.91402],[137.48053,35.915],[137.47815,35.91597],[137.47441,35.91729],[137.47349,35.91772],[137.47024,35.92052],[137.46942,35.92155],[137.46837,35.9223],[137.46646,35.92341],[137.46584,35.92453],[137.46483,35.92514],[137.4634,35.92548],[137.46252,35.9262],[137.46177,35.92761],[137.45902,35.92839],[137.45805,35.92919],[137.45555,35.93156],[137.45485,35.93277],[137.45384,35.9333],[137.45249,35.93491],[137.45186,35.93599],[137.45081,35.93831],[137.45029,35.9389],[137.44871,35.93963],[137.44638,35.94046],[137.44553,35.94091],[137.44455,35.94189],[137.44413,35.94288],[137.44494,35.94353],[137.44548,35.94526],[137.44464,35.94655],[137.44454,35.94805],[137.44492,35.94871],[137.44485,35.95013],[137.44352,35.95105],[137.44388,35.95151],[137.44332,35.95344],[137.44225,35.95463],[137.44184,35.95553],[137.44221,35.95651],[137.44146,35.95752],[137.44074,35.9592],[137.43969,35.95972],[137.43902,35.96055],[137.43791,35.96132],[137.43628,35.96182],[137.43397,35.96152],[137.43288,35.96217],[137.42877,35.96234],[137.42623,35.96475],[137.42564,35.96494],[137.4255,35.96559],[137.42648,35.96674],[137.42663,35.96737],[137.42532,35.96844],[137.42503,35.96952],[137.42439,35.97022],[137.42347,35.97032],[137.42313,35.97091],[137.42148,35.97129],[137.41969,35.97115],[137.41791,35.97132],[137.41642,35.97001],[137.41582,35.96901],[137.41442,35.96849],[137.41405,35.96765],[137.41171,35.96727],[137.41075,35.96689],[137.40951,35.96717],[137.40884,35.96796],[137.40812,35.96791],[137.40633,35.96857],[137.40463,35.96786],[137.40398,35.96778],[137.40238,35.96704],[137.40152,35.96692],[137.40129,35.96634],[137.40009,35.96557],[137.39999,35.96459],[137.40027,35.9619],[137.39885,35.96092],[137.39755,35.96065],[137.39667,35.96022],[137.395,35.96021],[137.39418,35.95952],[137.39278,35.95888],[137.392,35.95812],[137.39166,35.95715],[137.38955,35.95484],[137.38759,35.95474],[137.38673,35.95431],[137.38617,35.95361],[137.38532,35.95309],[137.38503,35.95222],[137.38518,35.95115],[137.38432,35.95077],[137.38275,35.95045],[137.38149,35.94992],[137.38044,35.94895],[137.38034,35.94843],[137.37845,35.94828],[137.37691,35.94763],[137.37537,35.94673],[137.37458,35.94691],[137.3727,35.94646],[137.37198,35.9466],[137.37039,35.94622],[137.36969,35.94554],[137.36788,35.94529],[137.36763,35.94549],[137.36755,35.94723],[137.36571,35.94922],[137.3646,35.95063],[137.36464,35.95141],[137.36561,35.95284],[137.36599,35.95378],[137.36594,35.95492],[137.36615,35.95561],[137.36759,35.95643],[137.36979,35.95789],[137.36857,35.95958],[137.36896,35.96104],[137.36775,35.96212],[137.36765,35.96256],[137.36829,35.96317],[137.36886,35.9644],[137.37062,35.96572],[137.37039,35.96714],[137.37,35.96795],[137.37026,35.96867],[137.36972,35.96952],[137.36868,35.97046],[137.36463,35.97214],[137.36345,35.97329],[137.36189,35.97388],[137.36006,35.97409],[137.3579,35.97492],[137.35693,35.97561],[137.35575,35.976],[137.35555,35.97705],[137.35457,35.97795],[137.35429,35.97883],[137.35332,35.98007],[137.35232,35.98171],[137.35217,35.98256],[137.35255,35.98302],[137.35236,35.98373],[137.35103,35.98417],[137.35067,35.9845],[137.3505,35.98567],[137.34954,35.98733],[137.34917,35.98854],[137.34721,35.9892],[137.3465,35.98969],[137.34494,35.98986],[137.34348,35.98928],[137.34237,35.98979],[137.3424,35.99131],[137.34281,35.99187],[137.34315,35.99305],[137.34306,35.99387],[137.34412,35.99577],[137.34509,35.99661],[137.34595,35.9988],[137.34594,35.99908],[137.34473,36.00203],[137.34333,36.00148],[137.34011,36.00075],[137.3376,36.00058],[137.33687,35.99982],[137.33619,35.99995],[137.33492,35.99959],[137.33306,35.99973],[137.33111,35.99964],[137.33051,35.99943],[137.32996,35.9983],[137.33001,35.99724],[137.3294,35.99628],[137.32913,35.99537],[137.32747,35.99449],[137.32538,35.99465],[137.32413,35.99405],[137.32154,35.99412],[137.32025,35.99369],[137.31896,35.99391],[137.31771,35.99378],[137.31618,35.99384],[137.3152,35.99361],[137.31332,35.99366],[137.31029,35.99228],[137.30825,35.99155],[137.30673,35.98954],[137.30543,35.98896],[137.30197,35.98914],[137.30007,35.98834],[137.29881,35.98813],[137.29754,35.98715],[137.29581,35.98702],[137.29484,35.98644],[137.2933,35.98668],[137.29187,35.98611],[137.29131,35.98553],[137.28914,35.98543],[137.28831,35.98551],[137.2876,35.98625],[137.288,35.98742],[137.28665,35.9877],[137.28609,35.98813],[137.28597,35.98873],[137.28475,35.98884],[137.28378,35.98948],[137.28239,35.98928],[137.28162,35.98875],[137.2814,35.98784],[137.28024,35.9872],[137.27989,35.9863],[137.279,35.98571],[137.2777,35.98709],[137.27697,35.98746],[137.27559,35.98764],[137.27516,35.98789],[137.271,35.98864],[137.27023,35.98894],[137.26909,35.98984],[137.2684,35.99002],[137.26587,35.98981],[137.26435,35.98864],[137.26204,35.98759],[137.26104,35.9874],[137.26019,35.98957],[137.25945,35.99035],[137.2591,35.99134],[137.25938,35.99226],[137.25914,35.99288],[137.25832,35.9934],[137.25694,35.99334],[137.25571,35.99274],[137.25488,35.99276],[137.2542,35.99358],[137.25305,35.9938],[137.2521,35.99438],[137.2518,35.9952],[137.25085,35.99574],[137.24986,35.99595],[137.2484,35.99578],[137.2478,35.99659],[137.24626,35.99746],[137.24596,35.99804],[137.24523,36.00054],[137.24379,36.00247],[137.24247,36.00314],[137.2419,36.00411],[137.24213,36.00443],[137.24136,36.00537],[137.24111,36.00633],[137.23953,36.00755],[137.23926,36.00854],[137.23726,36.00989],[137.23674,36.01087],[137.23616,36.01134],[137.23578,36.01224],[137.23463,36.01327],[137.2342,36.01443],[137.23482,36.01698],[137.23372,36.01822],[137.23439,36.01923],[137.23422,36.02099],[137.23355,36.02168],[137.23025,36.02119],[137.22913,36.0212],[137.22846,36.02166],[137.22628,36.02273],[137.22506,36.02362],[137.22301,36.02424],[137.22131,36.02455],[137.21983,36.0246],[137.21882,36.02443],[137.21784,36.02463],[137.21376,36.02739],[137.21172,36.0266],[137.20908,36.02586],[137.20808,36.02607],[137.20748,36.02673],[137.20631,36.02747],[137.2057,36.0276],[137.20495,36.02838],[137.20506,36.02896],[137.20427,36.03],[137.20281,36.0293],[137.20108,36.0291],[137.20027,36.0302],[137.19898,36.03059],[137.19788,36.03229],[137.19751,36.03328],[137.19756,36.03389],[137.19671,36.03702],[137.19633,36.0376],[137.19512,36.03675],[137.19321,36.03612],[137.19187,36.03539],[137.19091,36.03604],[137.18901,36.03578],[137.18776,36.03635],[137.18685,36.03716],[137.18449,36.03706],[137.18282,36.03586],[137.18188,36.03564],[137.18032,36.03484],[137.17957,36.03409],[137.17946,36.03341],[137.17868,36.03259],[137.17785,36.03275],[137.17696,36.03219],[137.1761,36.03117],[137.17523,36.02942],[137.17458,36.02879],[137.17247,36.02831],[137.17022,36.02928],[137.16994,36.02845],[137.16917,36.02787],[137.16693,36.02689],[137.16664,36.02623],[137.16495,36.02464],[137.16415,36.02465],[137.16348,36.02419],[137.16306,36.02217],[137.16175,36.02195],[137.15917,36.0212],[137.1577,36.01999],[137.15701,36.01813],[137.15564,36.01636],[137.15397,36.01614],[137.15311,36.01557],[137.15284,36.0145],[137.1529,36.01339],[137.15259,36.01216],[137.1521,36.01153],[137.1512,36.01117],[137.15088,36.01052],[137.14999,36.00987],[137.15029,36.00904],[137.14794,36.00621],[137.14831,36.00442],[137.14744,36.00376],[137.14503,36.00278],[137.14402,36.00281],[137.14267,36.00215],[137.14057,36.00183],[137.13838,36.0008],[137.1381,36.00052],[137.13774,35.99885],[137.13656,35.99765],[137.13563,35.99747],[137.13497,35.99686],[137.13322,35.99631],[137.13119,35.99648],[137.1306,35.99638],[137.1296,35.99536],[137.12864,35.99478],[137.12698,35.9923],[137.12655,35.99063],[137.12666,35.99003],[137.12557,35.98816],[137.12328,35.98735],[137.12301,35.98675],[137.1219,35.98589],[137.12114,35.98588],[137.12073,35.98546],[137.12068,35.98426],[137.11984,35.98293],[137.11982,35.98107],[137.11835,35.9803],[137.1179,35.97877],[137.11724,35.9785],[137.11657,35.97736],[137.11669,35.97598],[137.11709,35.97508],[137.11685,35.97373],[137.11639,35.97327],[137.11675,35.97259],[137.11627,35.97213],[137.11454,35.97163],[137.11284,35.97028],[137.11239,35.96944],[137.11161,35.96873],[137.11082,35.96754],[137.10895,35.9661],[137.1088,35.96502],[137.10791,35.96363],[137.10738,35.96164],[137.10661,35.95969],[137.10538,35.95882],[137.10587,35.95696],[137.10639,35.95625],[137.10741,35.9557],[137.10968,35.95512],[137.11049,35.95479],[137.11187,35.95346],[137.11309,35.95283],[137.11395,35.95194],[137.11507,35.95137],[137.1166,35.95088],[137.11748,35.95032],[137.11833,35.9501],[137.11968,35.95066],[137.12096,35.94954],[137.12133,35.94848],[137.12092,35.94613],[137.12019,35.9455],[137.11926,35.94516],[137.11892,35.94298],[137.11801,35.94198],[137.11745,35.9407],[137.11761,35.9399],[137.11573,35.93849],[137.11594,35.93713],[137.11536,35.93641],[137.11541,35.93593],[137.11473,35.93493],[137.1132,35.93433],[137.11227,35.93141],[137.11137,35.93126],[137.1105,35.93169],[137.10986,35.93169],[137.10844,35.9299],[137.10832,35.92931],[137.10766,35.9292],[137.10687,35.92825],[137.10693,35.92757],[137.10656,35.92705],[137.10536,35.92701],[137.10496,35.92647],[137.10357,35.92551],[137.10245,35.92563]]]]}},
  {"type":"Feature","properties":{"name":"海津市","code":"21221"},"geometry":{"type":"MultiPolygon","coordinates":[[[[136.67239,35.29214],[136.66836,35.28883],[136.667,35.28848],[136.66315,35.28844],[136.6604,35.28816],[136.65876,35.2882],[136.65691,35.2887],[136.65537,35.2889],[136.65391,35.28866],[136.65258,35.28785],[136.65196,35.28725],[136.65143,35.28548],[136.65146,35.28445],[136.65306,35.28098],[136.65437,35.27852],[136.65524,35.27716],[136.65542,35.27653],[136.65511,35.27515],[136.6532,35.27258],[136.65224,35.27157],[136.65083,35.27053],[136.64811,35.26954],[136.64498,35.26922],[136.64255,35.26864],[136.64135,35.26803],[136.63909,35.26593],[136.63761,35.26529],[136.63624,35.26523],[136.63327,35.26546],[136.63074,35.26531],[136.62852,35.26544],[136.62683,35.26472],[136.62643,35.26427],[136.62581,35.26172],[136.62593,35.26069],[136.62734,35.25813],[136.62779,35.25592],[136.62747,35.25458],[136.62522,35.2526],[136.62364,35.25126],[136.62207,35.25061],[136.61935,35.24828],[136.6178,35.24731],[136.61692,35.24611],[136.61747,35.24322],[136.61767,35.24028],[136.6173,35.23932],[136.61612,35.2376],[136.61493,35.23613],[136.61362,35.23482],[136.61154,35.2335],[136.61023,35.23419],[136.60863,35.23602],[136.60821,35.23524],[136.60921,35.23422],[136.6092,35.23349],[136.61049,35.23281],[136.60963,35.23123],[136.60817,35.2291],[136.60834,35.2276],[136.60621,35.22818],[136.60272,35.22952],[136.60242,35.22986],[136.6025,35.23123],[136.60281,35.2333],[136.6019,35.2355],[136.6019,35.23629],[136.60237,35.23761],[136.60201,35.23787],[136.60188,35.2411],[136.60119,35.24137],[136.59968,35.23912],[136.59916,35.23964],[136.59792,35.2394],[136.59842,35.23779],[136.5982,35.23752],[136.59551,35.23699],[136.59582,35.23598],[136.59411,35.23561],[136.59341,35.23576],[136.5924,35.23671],[136.59125,35.23897],[136.59118,35.23973],[136.59136,35.24262],[136.59115,35.24381],[136.58985,35.24466],[136.58838,35.24476],[136.58803,35.2444],[136.5861,35.24416],[136.58244,35.24529],[136.58332,35.24667],[136.58742,35.24435],[136.58838,35.24483],[136.58952,35.24481],[136.59073,35.24446],[136.59148,35.24401],[136.59209,35.24415],[136.59162,35.24573],[136.59204,35.24659],[136.59203,35.24757],[136.59298,35.24866],[136.59388,35.24926],[136.59377,35.25012],[136.59441,35.25088],[136.5928,35.2552],[136.59174,35.25785],[136.58716,35.25647],[136.58682,35.25536],[136.58828,35.25217],[136.58408,35.25098],[136.58429,35.25036],[136.58214,35.24868],[136.58217,35.24929],[136.58081,35.25117],[136.57927,35.25229],[136.57797,35.25395],[136.5766,35.25262],[136.57612,35.25251],[136.57329,35.25443],[136.57191,35.25597],[136.56967,35.26094],[136.56863,35.26141],[136.56813,35.26127],[136.5652,35.26134],[136.5641,35.26116],[136.56078,35.26029],[136.55974,35.26028],[136.55749,35.26167],[136.55647,35.26193],[136.55398,35.26142],[136.55313,35.26104],[136.55143,35.25934],[136.55133,35.25899],[136.55172,35.25765],[136.55111,35.25679],[136.54938,35.25637],[136.54893,35.25603],[136.5473,35.25569],[136.5465,35.25528],[136.54495,35.25376],[136.54415,35.25273],[136.54132,35.25152],[136.53846,35.24971],[136.53707,35.24967],[136.53634,35.2502],[136.53677,35.24871],[136.53646,35.24757],[136.53811,35.24679],[136.53959,35.24679],[136.5403,35.24623],[136.54139,35.24575],[136.54164,35.24407],[136.54073,35.24317],[136.5406,35.24206],[136.53978,35.241],[136.54027,35.23952],[136.54112,35.23842],[136.54101,35.23723],[136.54184,35.23685],[136.543,35.23557],[136.54406,35.23514],[136.547,35.23527],[136.54751,35.23464],[136.54843,35.23477],[136.54977,35.23407],[136.55045,35.23286],[136.55028,35.23191],[136.54864,35.23063],[136.54855,35.23002],[136.54913,35.22929],[136.54812,35.22881],[136.54788,35.22825],[136.54716,35.22774],[136.54817,35.22679],[136.54824,35.22536],[136.54758,35.22468],[136.54754,35.22378],[136.547,35.22326],[136.54696,35.22244],[136.54772,35.22144],[136.54748,35.2202],[136.54829,35.22017],[136.54932,35.21972],[136.54966,35.21921],[136.55155,35.21958],[136.55217,35.22008],[136.55436,35.22048],[136.55521,35.22007],[136.55683,35.22069],[136.55741,35.21912],[136.55747,35.21823],[136.55794,35.2178],[136.55762,35.21679],[136.55851,35.21664],[136.56004,35.21542],[136.55953,35.21441],[136.55953,35.21289],[136.55995,35.21258],[136.55995,35.21147],[136.56042,35.21097],[136.5614,35.20886],[136.56037,35.20787],[136.55974,35.20676],[136.56075,35.20628],[136.56175,35.20553],[136.56282,35.20577],[136.56342,35.20534],[136.56499,35.20528],[136.56582,35.2055],[136.56598,35.20498],[136.56678,35.20432],[136.56775,35.20448],[136.56882,35.20379],[136.56944,35.20367],[136.56978,35.20283],[136.57031,35.20267],[136.57202,35.20277],[136.57327,35.20212],[136.5745,35.2017],[136.57606,35.20225],[136.576,35.20055],[136.57569,35.20009],[136.57608,35.19919],[136.5771,35.1984],[136.57734,35.19681],[136.57944,35.1966],[136.58161,35.19713],[136.58303,35.1967],[136.58332,35.19604],[136.58436,35.19499],[136.58519,35.19446],[136.58483,35.19362],[136.58427,35.19317],[136.58418,35.19248],[136.58467,35.19198],[136.58384,35.19108],[136.58457,35.19022],[136.58449,35.18887],[136.5847,35.1886],[136.58692,35.18853],[136.58736,35.18748],[136.58831,35.18697],[136.588,35.18549],[136.58763,35.18468],[136.5882,35.18446],[136.59115,35.18589],[136.59135,35.18626],[136.59236,35.18667],[136.59269,35.18626],[136.59174,35.18567],[136.59214,35.18456],[136.592,35.18378],[136.59262,35.18354],[136.59353,35.18174],[136.59474,35.18056],[136.59678,35.17966],[136.5974,35.17832],[136.59702,35.17731],[136.59781,35.17691],[136.59919,35.17704],[136.59972,35.17772],[136.60115,35.17849],[136.6023,35.17804],[136.60286,35.17739],[136.60373,35.17553],[136.60491,35.17519],[136.60469,35.17424],[136.60524,35.17372],[136.60528,35.17288],[136.60613,35.17207],[136.60609,35.17067],[136.60583,35.16989],[136.60478,35.1685],[136.60527,35.16713],[136.6072,35.16582],[136.6076,35.16463],[136.60852,35.16349],[136.60859,35.16289],[136.60945,35.16221],[136.61078,35.16162],[136.61112,35.16041],[136.61251,35.15942],[136.61203,35.15766],[136.61241,35.15652],[136.61355,35.15489],[136.61326,35.15347],[136.61372,35.15266],[136.61485,35.15171],[136.61555,35.14993],[136.61609,35.14959],[136.61729,35.14982],[136.61904,35.14928],[136.62005,35.1483],[136.62135,35.14844],[136.62208,35.14799],[136.62242,35.1473],[136.62308,35.14702],[136.62396,35.14603],[136.62427,35.14653],[136.62669,35.14749],[136.62778,35.14811],[136.62978,35.15002],[136.63049,35.15022],[136.63407,35.14983],[136.6346,35.1495],[136.63506,35.14817],[136.63565,35.14784],[136.63658,35.14796],[136.63766,35.14749],[136.63902,35.14775],[136.63993,35.14758],[136.64183,35.14656],[136.64443,35.14441],[136.64522,35.14457],[136.64521,35.1466],[136.64602,35.14766],[136.64562,35.15028],[136.64581,35.15359],[136.64576,35.15457],[136.64616,35.15564],[136.64619,35.15657],[136.64558,35.15956],[136.64465,35.16185],[136.64468,35.16277],[136.64506,35.16366],[136.64628,35.16581],[136.6497,35.16434],[136.6527,35.16286],[136.65362,35.1622],[136.65525,35.16148],[136.65564,35.16105],[136.65796,35.15592],[136.65971,35.15245],[136.66149,35.1492],[136.66255,35.14765],[136.66498,35.14484],[136.66691,35.14245],[136.66766,35.14115],[136.66845,35.13683],[136.66915,35.13447],[136.66963,35.13373],[136.67278,35.13478],[136.6722,35.1361],[136.67123,35.13984],[136.67105,35.14208],[136.67178,35.14549],[136.67434,35.1525],[136.67463,35.15463],[136.67426,35.15803],[136.6739,35.16018],[136.67203,35.16989],[136.67112,35.17341],[136.67103,35.17449],[136.67131,35.17772],[136.67136,35.18039],[136.67156,35.18284],[136.67209,35.18639],[136.67232,35.18878],[136.67285,35.19],[136.67342,35.19067],[136.67583,35.19277],[136.67892,35.19505],[136.68047,35.19645],[136.68234,35.19845],[136.68313,35.19983],[136.68337,35.2023],[136.68327,35.20308],[136.68206,35.20551],[136.68176,35.2091],[136.68207,35.21232],[136.6816,35.21589],[136.68157,35.2194],[136.68096,35.22378],[136.68021,35.22714],[136.67946,35.22947],[136.67873,35.23228],[136.67785,35.23853],[136.67787,35.24106],[136.6752,35.24193],[136.67302,35.24304],[136.67171,35.24356],[136.67048,35.24439],[136.66944,35.2455],[136.66673,35.24908],[136.66571,35.25065],[136.66496,35.25148],[136.6634,35.25129],[136.66313,35.25211],[136.65909,35.25305],[136.65785,35.25419],[136.65753,35.25477],[136.6571,35.25644],[136.65723,35.25751],[136.6591,35.26019],[136.65931,35.26073],[136.66112,35.26276],[136.66157,35.26311],[136.66487,35.26483],[136.66613,35.26563],[136.66648,35.26617],[136.67278,35.26954],[136.67455,35.27117],[136.67522,35.27219],[136.67693,35.2759],[136.67727,35.2772],[136.6773,35.27817],[136.6762,35.28142],[136.6754,35.28403],[136.67373,35.28904],[136.67239,35.29214]]]]}},
  {"type":"Feature","properties":{"name":"岐南町","code":"21302"},"geometry":{"type":"MultiPolygon","coordinates":[[[[136.76284,35.3785],[136.76372,35.37838],[136.76528,35.37748],[136.76516,35.37627],[136.76599,35.37573],[136.76614,35.37525],[136.76844,35.37548],[136.76859,35.37488],[136.76955,35.37499],[136.76963,35.37438],[136.77169,35.37453],[136.77183,35.37423],[136.77018,35.37404],[136.77025,35.37324],[136.77752,35.3733],[136.77753,35.37486],[136.77771,35.37597],[136.77732,35.37607],[136.77726,35.378],[136.77832,35.37803],[136.77805,35.38182],[136.77935,35.3819],[136.77988,35.38087],[136.78194,35.38159],[136.78299,35.38153],[136.78293,35.38],[136.78469,35.37995],[136.78466,35.37961],[136.78855,35.37949],[136.78848,35.37759],[136.79226,35.37763],[136.79241,35.37673],[136.79336,35.37675],[136.79366,35.37772],[136.79442,35.37774],[136.79439,35.37697],[136.79626,35.37697],[136.79658,35.37575],[136.79927,35.37622],[136.80016,35.37722],[136.80154,35.37736],[136.80175,35.378],[136.80065,35.37795],[136.80032,35.37981],[136.80137,35.37967],[136.80248,35.37979],[136.80249,35.38017],[136.80381,35.38051],[136.80383,35.38184],[136.8102,35.38248],[136.81065,35.3828],[136.81193,35.38292],[136.81208,35.38196],[136.81304,35.38205],[136.81418,35.38124],[136.81542,35.3807],[136.81887,35.38101],[136.81945,35.38246],[136.81949,35.38407],[136.81974,35.38497],[136.81724,35.38478],[136.81689,35.38736],[136.81588,35.38763],[136.81295,35.38741],[136.81143,35.38729],[136.809,35.38817],[136.80831,35.38819],[136.80546,35.38733],[136.80549,35.38689],[136.80361,35.38711],[136.80351,35.38866],[136.80269,35.39015],[136.80162,35.39151],[136.80099,35.39176],[136.79881,35.3918],[136.79741,35.3928],[136.79697,35.39342],[136.79698,35.39409],[136.7958,35.39426],[136.79403,35.39483],[136.79435,35.39535],[136.79221,35.39641],[136.79239,35.39672],[136.79112,35.39806],[136.78863,35.39948],[136.78606,35.39999],[136.78234,35.39943],[136.78053,35.39844],[136.77852,35.39835],[136.7784,35.39809],[136.77896,35.39658],[136.7756,35.39548],[136.77496,35.39603],[136.77454,35.39679],[136.77334,35.39675],[136.77228,35.39632],[136.77095,35.39519],[136.77057,35.39467],[136.7706,35.39385],[136.77015,35.39344],[136.76935,35.39358],[136.7689,35.39316],[136.76801,35.39132],[136.76773,35.38999],[136.76742,35.38941],[136.76764,35.38874],[136.76853,35.38827],[136.76852,35.38773],[136.76765,35.38711],[136.76754,35.38596],[136.76535,35.3852],[136.76473,35.38314],[136.76539,35.38267],[136.76543,35.3818],[136.76655,35.38194],[136.76699,35.38069],[136.76696,35.38012],[136.76607,35.37976],[136.76517,35.38015],[136.76465,35.37929],[136.76284,35.3785]]],[[[136.7772,35.3695],[136.77709,35.37306],[136.7749,35.37293],[136.77507,35.37226],[136.77464,35.3696],[136.7772,35.3695]]]]}},
  {"type":"Feature","properties":{"name":"笠松町","code":"21303"},"geometry":{"type":"MultiPolygon","coordinates":[[[[136.72898,35.35657],[136.73086,35.35686],[136.73193,35.35641],[136.73228,35.35588],[136.73362,35.35525],[136.73501,35.35329],[136.73483,35.35192],[136.73299,35.35031],[136.73264,35.34877],[136.73617,35.34809],[136.73611,35.34787],[136.73795,35.34755],[136.73789,35.34724],[136.73938,35.34696],[136.73972,35.34661],[136.74087,35.34661],[136.74105,35.345],[136.74415,35.34454],[136.74565,35.34495],[136.74582,35.34548],[136.74648,35.34568],[136.74752,35.34533],[136.7485,35.34647],[136.75395,35.34489],[136.75489,35.34698],[136.75911,35.35719],[136.76045,35.35936],[136.76187,35.36112],[136.76812,35.3669],[136.77063,35.36843],[136.77287,35.36934],[136.77464,35.3696],[136.77507,35.37226],[136.7749,35.37293],[136.77709,35.37306],[136.7772,35.3695],[136.78275,35.36911],[136.79446,35.36833],[136.79406,35.36607],[136.79998,35.36418],[136.80078,35.36592],[136.80072,35.36881],[136.79896,35.36864],[136.79896,35.36933],[136.80297,35.36991],[136.80243,35.37068],[136.80709,35.37285],[136.80632,35.37377],[136.811,35.37459],[136.8111,35.37409],[136.81633,35.37491],[136.81623,35.37559],[136.82071,35.3762],[136.81973,35.37812],[136.81963,35.37876],[136.81896,35.37896],[136.81887,35.38101],[136.81542,35.3807],[136.81418,35.38124],[136.81304,35.38205],[136.81208,35.38196],[136.81193,35.38292],[136.81065,35.3828],[136.8102,35.38248],[136.80383,35.38184],[136.80381,35.38051],[136.80249,35.38017],[136.80248,35.37979],[136.80137,35.37967],[136.80032,35.37981],[136.80065,35.37795],[136.80175,35.378],[136.80154,35.37736],[136.80016,35.37722],[136.79927,35.37622],[136.79658,35.37575],[136.79626,35.37697],[136.79439,35.37697],[136.79442,35.37774],[136.79366,35.37772],[136.79336,35.37675],[136.79241,35.37673],[136.79226,35.37763],[136.78848,35.37759],[136.78855,35.37949],[136.78466,35.37961],[136.78469,35.37995],[136.78293,35.38],[136.78299,35.38153],[136.78194,35.38159],[136.77988,35.38087],[136.77935,35.3819],[136.77805,35.38182],[136.77832,35.37803],[136.77726,35.378],[136.77732,35.37607],[136.77771,35.37597],[136.77753,35.37486],[136.77752,35.3733],[136.77025,35.37324],[136.77018,35.37404],[136.77183,35.37423],[136.77169,35.37453],[136.76963,35.37438],[136.76955,35.37499],[136.76859,35.37488],[136.76844,35.37548],[136.76614,35.37525],[136.76599,35.37573],[136.76516,35.37627],[136.76528,35.37748],[136.76372,35.37838],[136.76284,35.3785],[136.76086,35.37861],[136.76028,35.37851],[136.75961,35.37786],[136.7589,35.37798],[136.75821,35.37738],[136.75823,35.37661],[136.75718,35.3764],[136.75553,35.37555],[136.75507,35.37516],[136.75605,35.37476],[136.75608,35.3743],[136.75324,35.37113],[136.7521,35.37035],[136.75181,35.36972],[136.75377,35.3694],[136.75442,35.36775],[136.75573,35.36719],[136.75691,35.36642],[136.7577,35.36537],[136.75738,35.36499],[136.75599,35.36487],[136.75416,35.36508],[136.75203,35.36482],[136.7508,35.36496],[136.75066,35.36425],[136.74911,35.36433],[136.74886,35.36403],[136.74769,35.3642],[136.74751,35.36367],[136.74584,35.36393],[136.74568,35.36336],[136.7447,35.36355],[136.74397,35.36238],[136.74304,35.35913],[136.73818,35.36006],[136.73826,35.3603],[136.73333,35.36122],[136.73252,35.35976],[136.73196,35.35984],[136.73145,35.35746],[136.73,35.35746],[136.72899,35.357],[136.72898,35.35657]],[[136.79384,35.36922],[136.79395,35.36852],[136.79219,35.36877],[136.79202,35.36957],[136.79384,35.36922]]]]}},
  {"type":"Feature","properties":{"name":"養老町","code":"21341"},"geometry":{"type":"MultiPolygon","coordinates":[[[[136.52767,35.25753],[136.52805,35.25765],[136.52993,35.25744],[136.53293,35.2573],[136.53417,35.25709],[136.53398,35.25601],[136.53354,35.25542],[136.53408,35.25356],[136.53515,35.25271],[136.53502,35.25231],[136.53557,35.25156],[136.53662,35.25076],[136.53634,35.2502],[136.53707,35.24967],[136.53846,35.24971],[136.54132,35.25152],[136.54415,35.25273],[136.54495,35.25376],[136.5465,35.25528],[136.5473,35.25569],[136.54893,35.25603],[136.54938,35.25637],[136.55111,35.25679],[136.55172,35.25765],[136.55133,35.25899],[136.55143,35.25934],[136.55313,35.26104],[136.55398,35.26142],[136.55647,35.26193],[136.55749,35.26167],[136.55974,35.26028],[136.56078,35.26029],[136.5641,35.26116],[136.5652,35.26134],[136.56813,35.26127],[136.56863,35.26141],[136.56967,35.26094],[136.57191,35.25597],[136.57329,35.25443],[136.57612,35.25251],[136.5766,35.25262],[136.57797,35.25395],[136.57927,35.25229],[136.58081,35.25117],[136.58217,35.24929],[136.58214,35.24868],[136.58429,35.25036],[136.58408,35.25098],[136.58828,35.25217],[136.58682,35.25536],[136.58716,35.25647],[136.59174,35.25785],[136.5928,35.2552],[136.59441,35.25088],[136.59377,35.25012],[136.59388,35.24926],[136.59298,35.24866],[136.59203,35.24757],[136.59204,35.24659],[136.59162,35.24573],[136.59209,35.24415],[136.59148,35.24401],[136.59073,35.24446],[136.58952,35.24481],[136.58838,35.24483],[136.58742,35.24435],[136.58332,35.24667],[136.58244,35.24529],[136.5861,35.24416],[136.58803,35.2444],[136.58838,35.24476],[136.58985,35.24466],[136.59115,35.24381],[136.59136,35.24262],[136.59118,35.23973],[136.59125,35.23897],[136.5924,35.23671],[136.59341,35.23576],[136.59411,35.23561],[136.59582,35.23598],[136.59551,35.23699],[136.5982,35.23752],[136.59842,35.23779],[136.59792,35.2394],[136.59916,35.23964],[136.59968,35.23912],[136.60119,35.24137],[136.60188,35.2411],[136.60201,35.23787],[136.60237,35.23761],[136.6019,35.23629],[136.6019,35.2355],[136.60281,35.2333],[136.6025,35.23123],[136.60242,35.22986],[136.60272,35.22952],[136.60621,35.22818],[136.60834,35.2276],[136.60817,35.2291],[136.60963,35.23123],[136.61049,35.23281],[136.6092,35.23349],[136.60921,35.23422],[136.60821,35.23524],[136.60863,35.23602],[136.61023,35.23419],[136.61154,35.2335],[136.61362,35.23482],[136.61493,35.23613],[136.61612,35.2376],[136.6173,35.23932],[136.61767,35.24028],[136.61747,35.24322],[136.61692,35.24611],[136.6178,35.24731],[136.61935,35.24828],[136.62207,35.25061],[136.62364,35.25126],[136.62522,35.2526],[136.62403,35.25412],[136.62316,35.25436],[136.6211,35.25417],[136.6206,35.25435],[136.61982,35.25543],[136.6189,35.25602],[136.61766,35.25639],[136.61494,35.25641],[136.61392,35.25665],[136.61289,35.25731],[136.61219,35.25826],[136.61193,35.26061],[136.61157,35.26164],[136.60989,35.26263],[136.60774,35.26322],[136.60703,35.2642],[136.60714,35.26508],[136.60841,35.26871],[136.60847,35.26948],[136.60816,35.27025],[136.60714,35.27144],[136.60564,35.27293],[136.60535,35.27399],[136.60728,35.27562],[136.60776,35.27628],[136.608,35.27796],[136.6089,35.28014],[136.60915,35.28224],[136.61016,35.28383],[136.61033,35.28444],[136.61059,35.28734],[136.60996,35.28783],[136.6091,35.28795],[136.60571,35.29052],[136.60613,35.2914],[136.60857,35.29312],[136.61009,35.29397],[136.60863,35.29555],[136.60765,35.29639],[136.60803,35.29688],[136.60557,35.29826],[136.60242,35.29989],[136.60113,35.29982],[136.59694,35.30108],[136.59606,35.3017],[136.59443,35.30353],[136.59403,35.3047],[136.59385,35.30654],[136.59401,35.30686],[136.59534,35.30732],[136.59656,35.30711],[136.5969,35.30744],[136.59618,35.30881],[136.59532,35.30941],[136.59469,35.31081],[136.5945,35.31162],[136.59464,35.31371],[136.59508,35.31476],[136.59451,35.31695],[136.59382,35.31865],[136.59272,35.31962],[136.59076,35.32042],[136.58739,35.32228],[136.58571,35.32218],[136.58618,35.32355],[136.58707,35.32482],[136.58869,35.32596],[136.58932,35.32715],[136.58927,35.32775],[136.58858,35.32845],[136.58809,35.32836],[136.58786,35.3273],[136.58718,35.32832],[136.58561,35.32842],[136.58283,35.32933],[136.58393,35.32989],[136.58443,35.33055],[136.58294,35.33081],[136.58222,35.33178],[136.58189,35.33276],[136.58239,35.33335],[136.58173,35.33534],[136.58159,35.33653],[136.58222,35.33781],[136.58266,35.33824],[136.58254,35.33922],[136.58186,35.34104],[136.58144,35.34108],[136.5816,35.33937],[136.58058,35.33901],[136.57968,35.33963],[136.5798,35.34023],[136.57794,35.34012],[136.57789,35.34129],[136.57595,35.34148],[136.57446,35.34127],[136.57436,35.34167],[136.57344,35.34204],[136.57243,35.3416],[136.57153,35.34244],[136.56995,35.34274],[136.56959,35.34253],[136.56867,35.3429],[136.5683,35.34336],[136.56525,35.34294],[136.56414,35.34395],[136.5616,35.34376],[136.5606,35.34392],[136.55989,35.34301],[136.55816,35.34386],[136.55637,35.34401],[136.55554,35.34377],[136.5534,35.34365],[136.55339,35.34214],[136.55358,35.33904],[136.55398,35.33521],[136.55439,35.33508],[136.55445,35.33426],[136.55342,35.33427],[136.55001,35.3335],[136.54866,35.33337],[136.53967,35.33313],[136.53834,35.33282],[136.53696,35.33317],[136.53562,35.3331],[136.53546,35.33235],[136.53618,35.33157],[136.53383,35.33037],[136.53335,35.32974],[136.53537,35.3274],[136.53307,35.32546],[136.53163,35.32683],[136.52881,35.32874],[136.52513,35.33091],[136.52311,35.33191],[136.52272,35.33105],[136.52129,35.33136],[136.52082,35.33204],[136.52095,35.33287],[136.5185,35.33329],[136.5159,35.33328],[136.51423,35.33232],[136.51405,35.33184],[136.51459,35.33034],[136.51292,35.32888],[136.51207,35.32723],[136.51122,35.32624],[136.51031,35.32572],[136.51037,35.3244],[136.50699,35.32163],[136.50804,35.32074],[136.50745,35.31964],[136.50733,35.31859],[136.50772,35.31737],[136.50866,35.31634],[136.50952,35.31454],[136.51063,35.31421],[136.51135,35.31302],[136.51244,35.3124],[136.51376,35.31072],[136.51471,35.31012],[136.51645,35.30951],[136.51609,35.30886],[136.51524,35.30855],[136.51527,35.30478],[136.51542,35.30383],[136.51652,35.30349],[136.51713,35.30384],[136.51866,35.30389],[136.52019,35.30339],[136.52055,35.30267],[136.52249,35.30131],[136.52195,35.30009],[136.52199,35.29964],[136.52277,35.29769],[136.52252,35.2969],[136.52126,35.29681],[136.52033,35.29642],[136.51882,35.2964],[136.51835,35.29563],[136.51892,35.29484],[136.51866,35.29289],[136.51965,35.29142],[136.52036,35.29093],[136.52327,35.2901],[136.52367,35.28973],[136.5231,35.2889],[136.52293,35.2882],[136.5216,35.28732],[136.52089,35.28572],[136.52168,35.2842],[136.52444,35.28268],[136.52498,35.28208],[136.52407,35.28087],[136.5225,35.28041],[136.52203,35.27994],[136.52154,35.27879],[136.52165,35.27767],[136.52223,35.2769],[136.52224,35.27572],[136.52272,35.27517],[136.52298,35.27391],[136.52336,35.2731],[136.52425,35.27205],[136.52429,35.2708],[136.52541,35.27016],[136.52547,35.26894],[136.52409,35.26839],[136.52355,35.26703],[136.52333,35.26592],[136.52249,35.26452],[136.52399,35.26308],[136.52524,35.26258],[136.52536,35.26198],[136.52641,35.26147],[136.52645,35.26085],[136.527,35.25993],[136.52686,35.25923],[136.52731,35.25795],[136.52767,35.25753]]]]}},
  {"type":"Feature","properties":{"name":"垂井町","code":"21361"},"geometry":{"type":"MultiPolygon","coordinates":[[[[136.53562,35.3331],[136.53696,35.33317],[136.53834,35.33282],[136.53967,35.33313],[136.54866,35.33337],[136.55001,35.3335],[136.55342,35.33427],[136.55445,35.33426],[136.55439,35.33508],[136.55398,35.33521],[136.55358,35.33904],[136.55339,35.34214],[136.5534,35.34365],[136.55554,35.34377],[136.55637,35.34401],[136.55816,35.34386],[136.55989,35.34301],[136.5606,35.34392],[136.56038,35.34521],[136.56178,35.34671],[136.56217,35.34785],[136.56099,35.34784],[136.56076,35.34866],[136.55982,35.34855],[136.55821,35.34754],[136.55807,35.35005],[136.55727,35.3502],[136.55688,35.35155],[136.55648,35.35225],[136.55677,35.35333],[136.55732,35.35358],[136.55752,35.35421],[136.55733,35.35502],[136.55756,35.35602],[136.5585,35.3567],[136.55812,35.35812],[136.55821,35.3585],[136.55911,35.3587],[136.56161,35.35872],[136.56207,35.35896],[136.56169,35.36088],[136.5618,35.36161],[136.56127,35.36411],[136.56097,35.36643],[136.56119,35.36724],[136.56068,35.37021],[136.55992,35.37049],[136.55896,35.37036],[136.55763,35.3707],[136.55663,35.3717],[136.55593,35.37322],[136.55448,35.37334],[136.55277,35.37419],[136.55112,35.37426],[136.54948,35.37464],[136.54589,35.3779],[136.54358,35.3772],[136.54278,35.37773],[136.54448,35.37827],[136.54591,35.3791],[136.54616,35.37952],[136.54728,35.37954],[136.54771,35.38011],[136.54774,35.38091],[136.54647,35.38094],[136.54646,35.38159],[136.54816,35.38156],[136.54835,35.38508],[136.54837,35.38726],[136.54788,35.38822],[136.5469,35.38828],[136.54543,35.38997],[136.54541,35.39078],[136.54622,35.39147],[136.54596,35.3924],[136.54512,35.39302],[136.5444,35.3928],[136.54381,35.39342],[136.54268,35.39408],[136.54161,35.39428],[136.54176,35.39501],[136.54097,35.39613],[136.54079,35.39684],[136.54119,35.39815],[136.54171,35.39837],[136.54473,35.39825],[136.54639,35.39797],[136.54667,35.39736],[136.54893,35.39697],[136.54918,35.39678],[136.54718,35.39344],[136.54714,35.39277],[136.54779,35.39266],[136.54853,35.39306],[136.54941,35.39303],[136.54982,35.39415],[136.55077,35.39534],[136.5518,35.39691],[136.55307,35.39716],[136.55376,35.3977],[136.55416,35.39731],[136.55503,35.39785],[136.55355,35.39835],[136.55275,35.3982],[136.55023,35.39823],[136.54868,35.39871],[136.54795,35.39922],[136.54709,35.39933],[136.54584,35.40124],[136.54567,35.40279],[136.54668,35.40324],[136.54694,35.40402],[136.54762,35.40451],[136.5482,35.40585],[136.54817,35.40676],[136.54854,35.40738],[136.54811,35.40791],[136.5483,35.40872],[136.5493,35.40927],[136.54938,35.40999],[136.55001,35.41063],[136.54876,35.41113],[136.54853,35.41158],[136.54698,35.4124],[136.54568,35.41338],[136.54561,35.41379],[136.5443,35.41454],[136.54406,35.41531],[136.5433,35.41626],[136.54145,35.41668],[136.54087,35.41477],[136.53933,35.41451],[136.53868,35.41389],[136.53686,35.41526],[136.53513,35.41554],[136.53406,35.41641],[136.53377,35.41697],[136.53301,35.41729],[136.53217,35.41841],[136.53121,35.41902],[136.52998,35.41935],[136.52831,35.41863],[136.52603,35.41803],[136.52509,35.41849],[136.52481,35.41925],[136.52298,35.42146],[136.52295,35.42213],[136.52196,35.42356],[136.52188,35.42442],[136.52242,35.42506],[136.5223,35.42559],[136.52128,35.42743],[136.52092,35.43026],[136.52064,35.43107],[136.51964,35.43196],[136.51875,35.43223],[136.51863,35.43425],[136.51919,35.43538],[136.51797,35.4365],[136.51707,35.43776],[136.5161,35.43759],[136.5126,35.43648],[136.51141,35.43493],[136.50978,35.43354],[136.50968,35.43294],[136.50899,35.43225],[136.50771,35.43158],[136.50499,35.43164],[136.50428,35.43142],[136.50232,35.43195],[136.50206,35.43296],[136.50107,35.43325],[136.50049,35.43375],[136.49983,35.43371],[136.49858,35.43405],[136.49781,35.43364],[136.49688,35.43365],[136.49494,35.43171],[136.49439,35.43074],[136.49339,35.42949],[136.49238,35.42865],[136.49132,35.42803],[136.49015,35.42706],[136.49011,35.42622],[136.49063,35.42509],[136.49006,35.42448],[136.48971,35.42343],[136.48914,35.42297],[136.48784,35.42257],[136.48654,35.42194],[136.48604,35.42101],[136.48599,35.42031],[136.48523,35.41986],[136.48569,35.41845],[136.48537,35.41789],[136.48565,35.41688],[136.48545,35.41612],[136.4846,35.41556],[136.48406,35.41561],[136.48169,35.41705],[136.48092,35.41699],[136.48035,35.41637],[136.47809,35.41578],[136.47709,35.41476],[136.47646,35.41486],[136.4745,35.41459],[136.47344,35.41464],[136.47255,35.41504],[136.47113,35.41497],[136.47016,35.41387],[136.47023,35.41288],[136.46989,35.41234],[136.46869,35.41181],[136.46808,35.41181],[136.46706,35.41008],[136.46713,35.40721],[136.46758,35.40638],[136.46643,35.40455],[136.46519,35.40385],[136.46467,35.40275],[136.46484,35.40202],[136.46378,35.39967],[136.46428,35.39916],[136.46375,35.39814],[136.46363,35.39699],[136.46382,35.3965],[136.46378,35.39497],[136.46432,35.39357],[136.46471,35.39317],[136.46733,35.3922],[136.4688,35.39194],[136.4711,35.39037],[136.4719,35.38954],[136.473,35.38785],[136.47413,35.38671],[136.47687,35.38591],[136.47675,35.3848],[136.47724,35.38413],[136.47733,35.38338],[136.47785,35.38297],[136.47689,35.38134],[136.47631,35.38085],[136.47638,35.3798],[136.47589,35.37918],[136.477,35.37738],[136.47886,35.37618],[136.47984,35.37614],[136.48029,35.37538],[136.48014,35.3746],[136.48051,35.37423],[136.48186,35.37366],[136.4834,35.37221],[136.48437,35.37084],[136.48592,35.37034],[136.48668,35.36935],[136.48765,35.3695],[136.48918,35.36769],[136.48988,35.36825],[136.49122,35.36859],[136.49368,35.37044],[136.49486,35.37163],[136.49531,35.37233],[136.49529,35.37289],[136.49783,35.37352],[136.49939,35.37419],[136.50058,35.37442],[136.50199,35.37436],[136.50418,35.37526],[136.50526,35.37508],[136.50767,35.37548],[136.50911,35.37457],[136.50859,35.37368],[136.50857,35.3731],[136.50743,35.37151],[136.5068,35.37142],[136.50581,35.37076],[136.50445,35.3691],[136.50441,35.36793],[136.50461,35.36648],[136.50431,35.36468],[136.50467,35.36415],[136.50478,35.36215],[136.50495,35.36137],[136.50408,35.35906],[136.50394,35.35808],[136.5023,35.35683],[136.50167,35.35653],[136.50261,35.35498],[136.50391,35.35444],[136.50397,35.35356],[136.5048,35.3528],[136.50512,35.35195],[136.50584,35.35154],[136.50599,35.3509],[136.50678,35.34972],[136.50782,35.34914],[136.50862,35.34832],[136.50881,35.3478],[136.51064,35.34616],[136.51256,35.34606],[136.51329,35.34535],[136.51473,35.34518],[136.51666,35.34687],[136.51761,35.34697],[136.51838,35.34777],[136.5194,35.34833],[136.52043,35.34819],[136.52177,35.34867],[136.52318,35.3483],[136.52346,35.34792],[136.52347,35.34624],[136.52486,35.34538],[136.5263,35.34527],[136.52714,35.34565],[136.52785,35.34545],[136.52896,35.34365],[136.52757,35.34276],[136.52702,35.34176],[136.52704,35.34094],[136.52819,35.33948],[136.52916,35.33893],[136.53136,35.3387],[136.53321,35.3371],[136.53421,35.3357],[136.53422,35.33405],[136.53448,35.33366],[136.53562,35.3331]]]]}},
  {"type":"Feature","properties":{"name":"関ケ原町","code":"21362"},"geometry":{"type":"MultiPolygon","coordinates":[[[[136.50167,35.35653],[136.5023,35.35683],[136.50394,35.35808],[136.50408,35.35906],[136.50495,35.36137],[136.50478,35.36215],[136.50467,35.36415],[136.50431,35.36468],[136.50461,35.36648],[136.50441,35.36793],[136.50445,35.3691],[136.50581,35.37076],[136.5068,35.37142],[136.50743,35.37151],[136.50857,35.3731],[136.50859,35.37368],[136.50911,35.37457],[136.50767,35.37548],[136.50526,35.37508],[136.50418,35.37526],[136.50199,35.37436],[136.50058,35.37442],[136.49939,35.37419],[136.49783,35.37352],[136.49529,35.37289],[136.49531,35.37233],[136.49486,35.37163],[136.49368,35.37044],[136.49122,35.36859],[136.48988,35.36825],[136.48918,35.36769],[136.48765,35.3695],[136.48668,35.36935],[136.48592,35.37034],[136.48437,35.37084],[136.4834,35.37221],[136.48186,35.37366],[136.48051,35.37423],[136.48014,35.3746],[136.48029,35.37538],[136.47984,35.37614],[136.47886,35.37618],[136.477,35.37738],[136.47589,35.37918],[136.47638,35.3798],[136.47631,35.38085],[136.47689,35.38134],[136.47785,35.38297],[136.47733,35.38338],[136.47724,35.38413],[136.47675,35.3848],[136.47687,35.38591],[136.47413,35.38671],[136.473,35.38785],[136.4719,35.38954],[136.4711,35.39037],[136.4688,35.39194],[136.46733,35.3922],[136.46471,35.39317],[136.46432,35.39357],[136.46378,35.39497],[136.46317,35.39491],[136.46149,35.39521],[136.46101,35.39445],[136.45972,35.39395],[136.45889,35.39398],[136.45799,35.39354],[136.45477,35.3935],[136.45386,35.39384],[136.45245,35.39398],[136.45124,35.39355],[136.44949,35.3923],[136.44897,35.39134],[136.44872,35.38977],[136.44814,35.38869],[136.44657,35.38965],[136.44435,35.38943],[136.44414,35.38866],[136.44352,35.38795],[136.443,35.38675],[136.44156,35.38439],[136.44061,35.38352],[136.43959,35.38285],[136.43781,35.38026],[136.43689,35.37913],[136.43539,35.37837],[136.43193,35.37634],[136.42941,35.375],[136.42812,35.37422],[136.42608,35.37332],[136.42494,35.37367],[136.42237,35.37341],[136.42117,35.37272],[136.41788,35.37337],[136.41557,35.37356],[136.41471,35.37292],[136.41397,35.3714],[136.41191,35.3699],[136.41218,35.36891],[136.41264,35.36852],[136.41298,35.36758],[136.41221,35.36634],[136.41223,35.36528],[136.41353,35.36443],[136.41363,35.36359],[136.41326,35.36173],[136.41353,35.35997],[136.41303,35.35916],[136.41174,35.35842],[136.41055,35.35827],[136.40962,35.35666],[136.40992,35.35499],[136.41077,35.35423],[136.41048,35.35279],[136.41098,35.35222],[136.41281,35.35215],[136.41379,35.35276],[136.41382,35.3536],[136.41616,35.35475],[136.41775,35.3538],[136.41863,35.35414],[136.41951,35.35392],[136.42142,35.35392],[136.42171,35.35328],[136.42091,35.3524],[136.42094,35.35168],[136.42233,35.34839],[136.42181,35.3474],[136.42013,35.34601],[136.41919,35.34455],[136.41945,35.34376],[136.41861,35.34252],[136.41902,35.34154],[136.41873,35.34064],[136.41765,35.34017],[136.41728,35.33939],[136.41535,35.33653],[136.41568,35.33505],[136.41539,35.33395],[136.41458,35.33331],[136.41444,35.33246],[136.41305,35.33221],[136.41257,35.3318],[136.41223,35.33075],[136.41234,35.32967],[136.41154,35.32913],[136.41117,35.32794],[136.41154,35.32728],[136.41254,35.32663],[136.41322,35.32563],[136.41358,35.32459],[136.41352,35.32402],[136.41263,35.32315],[136.41213,35.32218],[136.41222,35.31964],[136.41208,35.31851],[136.41228,35.31778],[136.41226,35.31556],[136.41143,35.3141],[136.40982,35.31267],[136.4082,35.31103],[136.40678,35.31],[136.40668,35.30941],[136.40721,35.30862],[136.4073,35.30799],[136.40685,35.30526],[136.40547,35.30413],[136.40324,35.30344],[136.40297,35.30272],[136.40325,35.302],[136.40324,35.3008],[136.40266,35.30045],[136.40418,35.29954],[136.4049,35.29937],[136.40633,35.29864],[136.40847,35.29812],[136.40986,35.29696],[136.41018,35.29594],[136.41163,35.29543],[136.41234,35.294],[136.41353,35.29347],[136.41572,35.29159],[136.41656,35.29135],[136.41717,35.29068],[136.41735,35.28943],[136.41934,35.28816],[136.41993,35.28748],[136.42084,35.28782],[136.42179,35.28785],[136.42228,35.28929],[136.42359,35.29052],[136.42515,35.29164],[136.42583,35.29305],[136.42559,35.29364],[136.42736,35.29632],[136.42738,35.29718],[136.42849,35.29732],[136.42892,35.29774],[136.42955,35.29944],[136.42951,35.29994],[136.42839,35.30098],[136.42783,35.3018],[136.42692,35.30373],[136.42599,35.30476],[136.42603,35.30582],[136.42573,35.30674],[136.4265,35.30735],[136.42738,35.30757],[136.42881,35.30727],[136.4303,35.30861],[136.43105,35.30869],[136.43194,35.30736],[136.43473,35.30684],[136.43542,35.30655],[136.43657,35.30666],[136.43757,35.30651],[136.43881,35.30659],[136.44024,35.30714],[136.44132,35.308],[136.44403,35.30826],[136.44496,35.30898],[136.44506,35.30952],[136.4469,35.31052],[136.44799,35.31037],[136.44962,35.311],[136.45112,35.31186],[136.45145,35.31184],[136.4533,35.3131],[136.45356,35.31382],[136.45433,35.3141],[136.4554,35.31382],[136.45631,35.31471],[136.45747,35.3148],[136.45735,35.31588],[136.45789,35.3163],[136.45849,35.31735],[136.45798,35.31846],[136.45792,35.31935],[136.45684,35.32088],[136.457,35.3217],[136.45747,35.32238],[136.4574,35.32415],[136.4562,35.32449],[136.45604,35.32529],[136.45523,35.32544],[136.45501,35.32675],[136.45526,35.32789],[136.45584,35.32881],[136.45571,35.32918],[136.45627,35.33005],[136.45705,35.33078],[136.45807,35.33095],[136.45853,35.33137],[136.45909,35.33273],[136.45975,35.33359],[136.46099,35.3358],[136.46207,35.33639],[136.46208,35.33731],[136.46269,35.33816],[136.4637,35.34026],[136.46457,35.34171],[136.46512,35.34231],[136.46596,35.34377],[136.46716,35.34443],[136.46821,35.34413],[136.46987,35.34294],[136.47167,35.34291],[136.4721,35.3427],[136.47283,35.34352],[136.47302,35.34411],[136.47401,35.34458],[136.474,35.3452],[136.47451,35.34673],[136.4757,35.34861],[136.4764,35.35143],[136.47698,35.35256],[136.47836,35.35371],[136.47882,35.35473],[136.48015,35.35577],[136.48058,35.35644],[136.48102,35.3581],[136.48242,35.35871],[136.48298,35.3594],[136.48387,35.35971],[136.48511,35.35928],[136.48567,35.35848],[136.48678,35.35865],[136.4895,35.35838],[136.49073,35.35753],[136.4914,35.35746],[136.49282,35.35845],[136.49442,35.35904],[136.49513,35.35965],[136.49797,35.36063],[136.50005,35.35911],[136.50028,35.35816],[136.50167,35.35653]]]]}},
  {"type":"Feature","properties":{"name":"神戸町","code":"21381"},"geometry":{"type":"MultiPolygon","coordinates":[[[[136.64118,35.38761],[136.63909,35.38877],[136.63804,35.38977],[136.63843,35.38995],[136.63787,35.3913],[136.63914,35.39319],[136.64027,35.3944],[136.64237,35.39491],[136.64126,35.39788],[136.64034,35.40172],[136.64003,35.40396],[136.63784,35.40682],[136.63583,35.40827],[136.63286,35.40972],[136.63168,35.41039],[136.62974,35.41187],[136.62864,35.4129],[136.6266,35.41509],[136.6244,35.41864],[136.62724,35.41958],[136.62881,35.41974],[136.62935,35.41997],[136.62965,35.41907],[136.63038,35.41838],[136.63086,35.41895],[136.63218,35.41894],[136.63074,35.42138],[136.63086,35.42159],[136.63029,35.42328],[136.63013,35.42526],[136.63037,35.42693],[136.62259,35.42691],[136.62245,35.42514],[136.6193,35.42372],[136.61552,35.42874],[136.61382,35.43124],[136.60978,35.43757],[136.6072,35.44153],[136.60587,35.44326],[136.60444,35.44482],[136.60054,35.44845],[136.59823,35.44703],[136.59716,35.44668],[136.59714,35.44604],[136.59595,35.44552],[136.59589,35.44447],[136.59398,35.44402],[136.59282,35.44456],[136.5918,35.44417],[136.5906,35.44421],[136.59044,35.44122],[136.59023,35.44124],[136.59011,35.43902],[136.58873,35.43907],[136.58855,35.43619],[136.58766,35.43623],[136.58763,35.43508],[136.58698,35.43312],[136.58488,35.43033],[136.58443,35.4292],[136.58524,35.4292],[136.58573,35.42373],[136.58622,35.42248],[136.585,35.42238],[136.58561,35.41848],[136.58643,35.4185],[136.58632,35.41715],[136.58455,35.41693],[136.5851,35.41338],[136.58553,35.41254],[136.58436,35.41207],[136.58436,35.4116],[136.58495,35.41069],[136.5857,35.41053],[136.58501,35.40816],[136.58517,35.40698],[136.58427,35.40612],[136.5871,35.406],[136.58712,35.40551],[136.58884,35.40542],[136.58876,35.40475],[136.59046,35.40467],[136.59087,35.40411],[136.59023,35.40273],[136.59155,35.40265],[136.59149,35.40182],[136.59211,35.40126],[136.59306,35.40115],[136.593,35.40045],[136.59374,35.39963],[136.59368,35.39831],[136.59465,35.39825],[136.59461,35.3977],[136.59617,35.39764],[136.5962,35.39815],[136.6,35.39789],[136.60011,35.3958],[136.59999,35.39511],[136.60013,35.39322],[136.60395,35.3932],[136.60396,35.39277],[136.60612,35.39268],[136.60619,35.3917],[136.60849,35.39183],[136.60843,35.39279],[136.60792,35.39277],[136.60752,35.39659],[136.6087,35.39667],[136.60849,35.39848],[136.60991,35.39857],[136.60969,35.40128],[136.61094,35.40136],[136.61074,35.40321],[136.61076,35.4046],[136.61512,35.40472],[136.61652,35.40437],[136.61858,35.40473],[136.61971,35.40417],[136.62072,35.40399],[136.62136,35.40359],[136.62281,35.40385],[136.62369,35.40311],[136.62407,35.40192],[136.62314,35.40137],[136.62155,35.40109],[136.62198,35.39937],[136.62197,35.39459],[136.6216,35.39298],[136.62207,35.39264],[136.62409,35.3929],[136.62505,35.39159],[136.62606,35.38946],[136.62733,35.38839],[136.62872,35.38822],[136.62953,35.38871],[136.63089,35.38999],[136.63158,35.38975],[136.63324,35.38807],[136.63376,35.38786],[136.63526,35.38775],[136.63805,35.38782],[136.63942,35.3872],[136.64095,35.38712],[136.64118,35.38761]]]]}},
  {"type":"Feature","properties":{"name":"輪之内町","code":"21382"},"geometry":{"type":"MultiPolygon","coordinates":[[[[136.61009,35.29397],[136.60857,35.29312],[136.60613,35.2914],[136.60571,35.29052],[136.6091,35.28795],[136.60996,35.28783],[136.61059,35.28734],[136.61033,35.28444],[136.61016,35.28383],[136.60915,35.28224],[136.6089,35.28014],[136.608,35.27796],[136.60776,35.27628],[136.60728,35.27562],[136.60535,35.27399],[136.60564,35.27293],[136.60714,35.27144],[136.60816,35.27025],[136.60847,35.26948],[136.60841,35.26871],[136.60714,35.26508],[136.60703,35.2642],[136.60774,35.26322],[136.60989,35.26263],[136.61157,35.26164],[136.61193,35.26061],[136.61219,35.25826],[136.61289,35.25731],[136.61392,35.25665],[136.61494,35.25641],[136.61766,35.25639],[136.6189,35.25602],[136.61982,35.25543],[136.6206,35.25435],[136.6211,35.25417],[136.62316,35.25436],[136.62403,35.25412],[136.62522,35.2526],[136.62747,35.25458],[136.62779,35.25592],[136.62734,35.25813],[136.62593,35.26069],[136.62581,35.26172],[136.62643,35.26427],[136.62683,35.26472],[136.62852,35.26544],[136.63074,35.26531],[136.63327,35.26546],[136.63624,35.26523],[136.63761,35.26529],[136.63909,35.26593],[136.64135,35.26803],[136.64255,35.26864],[136.64498,35.26922],[136.64811,35.26954],[136.65083,35.27053],[136.65224,35.27157],[136.6532,35.27258],[136.65511,35.27515],[136.65542,35.27653],[136.65524,35.27716],[136.65437,35.27852],[136.65306,35.28098],[136.65146,35.28445],[136.65143,35.28548],[136.65196,35.28725],[136.65258,35.28785],[136.65391,35.28866],[136.65537,35.2889],[136.65691,35.2887],[136.65876,35.2882],[136.6604,35.28816],[136.66315,35.28844],[136.667,35.28848],[136.66836,35.28883],[136.67239,35.29214],[136.6721,35.2927],[136.6692,35.29661],[136.66796,35.29876],[136.66699,35.30079],[136.66621,35.30272],[136.66551,35.3055],[136.66522,35.3074],[136.66138,35.30976],[136.66006,35.30979],[136.65747,35.30804],[136.65555,35.30784],[136.65116,35.30808],[136.65073,35.3084],[136.65,35.30982],[136.64872,35.31067],[136.6453,35.31109],[136.64483,35.31027],[136.6433,35.31016],[136.64297,35.31056],[136.64315,35.31156],[136.64087,35.31202],[136.63972,35.31274],[136.63927,35.31271],[136.63597,35.31172],[136.63473,35.31107],[136.63193,35.30884],[136.62682,35.30501],[136.62523,35.30375],[136.62304,35.30342],[136.62028,35.3027],[136.61953,35.30224],[136.61901,35.30155],[136.61844,35.30135],[136.61644,35.29601],[136.61529,35.29501],[136.61394,35.29442],[136.61235,35.29454],[136.61065,35.29431],[136.61009,35.29397]]]]}},
  {"type":"Feature","properties":{"name":"安八町","code":"21383"},"geometry":{"type":"MultiPolygon","coordinates":[[[[136.63927,35.31271],[136.63972,35.31274],[136.64087,35.31202],[136.64315,35.31156],[136.64297,35.31056],[136.6433,35.31016],[136.64483,35.31027],[136.6453,35.31109],[136.64872,35.31067],[136.65,35.30982],[136.65073,35.3084],[136.65116,35.30808],[136.65555,35.30784],[136.65747,35.30804],[136.66006,35.30979],[136.66138,35.30976],[136.66522,35.3074],[136.66497,35.30964],[136.66499,35.31123],[136.66519,35.31226],[136.66577,35.3138],[136.66647,35.31515],[136.66788,35.31722],[136.66904,35.31849],[136.66991,35.31916],[136.67191,35.32038],[136.67446,35.3216],[136.67636,35.32264],[136.68037,35.32448],[136.68293,35.32604],[136.68518,35.32787],[136.68667,35.32974],[136.68722,35.33071],[136.68816,35.3329],[136.68872,35.33482],[136.68911,35.33698],[136.68915,35.3382],[136.68888,35.34183],[136.68868,35.34583],[136.68454,35.34431],[136.68277,35.34422],[136.68094,35.34443],[136.68025,35.34489],[136.67907,35.34529],[136.67976,35.34587],[136.67987,35.34677],[136.67794,35.34698],[136.67693,35.34756],[136.67586,35.34775],[136.67512,35.34738],[136.6741,35.34734],[136.67331,35.34704],[136.67221,35.34728],[136.67236,35.34804],[136.67304,35.34898],[136.67327,35.35098],[136.67303,35.35137],[136.67484,35.35289],[136.67512,35.35392],[136.67327,35.35435],[136.67363,35.35557],[136.67333,35.3558],[136.67398,35.35718],[136.67348,35.35794],[136.67338,35.35878],[136.67412,35.36026],[136.67435,35.36118],[136.6749,35.36139],[136.67602,35.36128],[136.67629,35.36341],[136.6753,35.36437],[136.67488,35.36442],[136.67437,35.36564],[136.67314,35.36551],[136.67326,35.36653],[136.67285,35.36718],[136.67202,35.36731],[136.67121,35.36787],[136.67145,35.36864],[136.67059,35.36856],[136.66315,35.37128],[136.66326,35.37431],[136.66259,35.37515],[136.66174,35.37538],[136.66155,35.3772],[136.65828,35.37605],[136.65805,35.37712],[136.65892,35.37845],[136.65938,35.37872],[136.65898,35.38016],[136.65853,35.38059],[136.65771,35.38067],[136.65711,35.38127],[136.65645,35.38285],[136.65271,35.38132],[136.6553,35.37886],[136.65649,35.37692],[136.65701,35.37535],[136.6572,35.374],[136.65723,35.36975],[136.6574,35.36709],[136.65812,35.36067],[136.65806,35.3553],[136.65793,35.35149],[136.6576,35.34978],[136.65721,35.34867],[136.65629,35.34673],[136.65566,35.34581],[136.65369,35.34393],[136.6553,35.34251],[136.65498,35.34222],[136.65674,35.34069],[136.65563,35.33913],[136.65459,35.33813],[136.65372,35.33791],[136.65272,35.33897],[136.65223,35.33903],[136.64404,35.33858],[136.6408,35.33626],[136.63981,35.33545],[136.6385,35.33397],[136.63817,35.33322],[136.63788,35.33086],[136.63794,35.32825],[136.63875,35.32476],[136.6392,35.32213],[136.63999,35.31867],[136.64145,35.31694],[136.6413,35.31541],[136.64075,35.31442],[136.64032,35.31454],[136.63927,35.31271]]]]}},
  {"type":"Feature","properties":{"name":"揖斐川町","code":"21401"},"geometry":{"type":"MultiPolygon","coordinates":[[[[136.51371,35.76225],[136.51257,35.76059],[136.51241,35.75931],[136.51192,35.75857],[136.51031,35.75816],[136.50972,35.75772],[136.50863,35.75742],[136.50815,35.75701],[136.50747,35.75579],[136.50746,35.75471],[136.50815,35.75353],[136.50759,35.75228],[136.50616,35.75033],[136.50494,35.75039],[136.50336,35.75087],[136.50155,35.75315],[136.5006,35.75414],[136.49943,35.75579],[136.49897,35.75689],[136.49872,35.75856],[136.49769,35.75977],[136.49707,35.76076],[136.49744,35.76293],[136.49651,35.76553],[136.49391,35.76735],[136.49281,35.7676],[136.49144,35.76969],[136.49066,35.76993],[136.48859,35.77171],[136.48593,35.77311],[136.48529,35.77374],[136.48481,35.77476],[136.4856,35.77574],[136.48571,35.77645],[136.48502,35.7765],[136.48458,35.77514],[136.48297,35.77473],[136.48117,35.77391],[136.47984,35.77377],[136.47831,35.77421],[136.47527,35.77356],[136.47459,35.77275],[136.47349,35.77296],[136.4726,35.7727],[136.47075,35.77329],[136.46978,35.77333],[136.46904,35.77287],[136.46758,35.77322],[136.46669,35.77423],[136.46513,35.77484],[136.46445,35.77566],[136.46218,35.77766],[136.46158,35.77871],[136.45893,35.77907],[136.45779,35.77874],[136.45688,35.77818],[136.45522,35.77777],[136.45365,35.77657],[136.45154,35.77665],[136.45004,35.77565],[136.44952,35.77561],[136.4478,35.7746],[136.44662,35.77415],[136.4458,35.77291],[136.44531,35.77335],[136.44386,35.77381],[136.44311,35.77465],[136.44121,35.77518],[136.44046,35.77512],[136.4392,35.77451],[136.43851,35.77442],[136.4375,35.77486],[136.43653,35.77488],[136.43527,35.77439],[136.43073,35.77503],[136.42944,35.77638],[136.42746,35.77734],[136.4255,35.77804],[136.42454,35.77821],[136.42397,35.77859],[136.42339,35.77987],[136.42286,35.78024],[136.42115,35.78094],[136.41896,35.7823],[136.41797,35.78251],[136.41661,35.78213],[136.41564,35.78254],[136.41466,35.7826],[136.41116,35.78153],[136.40885,35.7803],[136.40796,35.78211],[136.40538,35.78296],[136.40452,35.78314],[136.4037,35.78387],[136.40346,35.78539],[136.40166,35.78608],[136.4014,35.78695],[136.40092,35.78737],[136.40095,35.78799],[136.40043,35.78925],[136.40014,35.78937],[136.3961,35.78804],[136.39555,35.78821],[136.39279,35.78841],[136.39162,35.78818],[136.3895,35.78804],[136.3897,35.78952],[136.38928,35.79024],[136.3893,35.7912],[136.38896,35.79179],[136.38787,35.79221],[136.38722,35.79271],[136.38344,35.79312],[136.3827,35.79373],[136.38191,35.79404],[136.37935,35.79428],[136.37833,35.79506],[136.37666,35.79518],[136.37609,35.79493],[136.37544,35.79414],[136.37281,35.79284],[136.37171,35.79204],[136.36904,35.79095],[136.36743,35.78997],[136.3663,35.78984],[136.36407,35.78818],[136.3616,35.78777],[136.36001,35.78699],[136.35709,35.78683],[136.35698,35.78577],[136.35602,35.78442],[136.35396,35.78346],[136.35304,35.78329],[136.35213,35.7828],[136.35183,35.78231],[136.35102,35.78204],[136.35003,35.78093],[136.34841,35.78002],[136.3479,35.77769],[136.34733,35.77723],[136.34677,35.77624],[136.34629,35.77607],[136.34551,35.77641],[136.34413,35.77626],[136.34298,35.77567],[136.34203,35.77613],[136.34059,35.77575],[136.33953,35.77589],[136.33756,35.77537],[136.33671,35.77473],[136.3358,35.77629],[136.33515,35.77645],[136.33281,35.77639],[136.33196,35.77595],[136.3297,35.77521],[136.32795,35.7751],[136.32652,35.77235],[136.32518,35.77116],[136.32496,35.7702],[136.32398,35.76937],[136.32388,35.76807],[136.32468,35.76724],[136.32383,35.76683],[136.32166,35.7653],[136.32154,35.76481],[136.32189,35.76362],[136.32162,35.7627],[136.32203,35.76099],[136.32128,35.76023],[136.32017,35.75853],[136.32033,35.75704],[136.31996,35.75656],[136.31983,35.75315],[136.31926,35.75267],[136.31941,35.75171],[136.3184,35.75098],[136.31949,35.74976],[136.31917,35.74843],[136.32005,35.74729],[136.32134,35.74703],[136.32202,35.74624],[136.32503,35.74466],[136.32519,35.7433],[136.32473,35.74284],[136.32404,35.74046],[136.32436,35.73998],[136.32433,35.73874],[136.32454,35.73754],[136.32532,35.73657],[136.32557,35.73497],[136.32588,35.73432],[136.32568,35.73345],[136.32637,35.73195],[136.32696,35.73152],[136.32611,35.7302],[136.32565,35.72914],[136.3247,35.72763],[136.32526,35.72638],[136.32436,35.72626],[136.32361,35.72497],[136.32294,35.72445],[136.32182,35.72402],[136.32052,35.72293],[136.32072,35.72144],[136.32141,35.71977],[136.3221,35.71899],[136.32351,35.71803],[136.32395,35.71675],[136.32269,35.71563],[136.32193,35.71549],[136.31969,35.71451],[136.31867,35.71429],[136.31716,35.71445],[136.3161,35.71324],[136.31368,35.71288],[136.31309,35.71289],[136.31175,35.71196],[136.31038,35.71053],[136.31072,35.70873],[136.31035,35.70781],[136.31032,35.70699],[136.31085,35.70632],[136.31085,35.70567],[136.30946,35.70352],[136.30783,35.70286],[136.30721,35.70165],[136.30633,35.70105],[136.30474,35.70153],[136.30348,35.69933],[136.3028,35.6989],[136.30193,35.69789],[136.30099,35.69609],[136.30035,35.69529],[136.29936,35.6936],[136.29812,35.69283],[136.29762,35.69178],[136.29641,35.69187],[136.29511,35.69095],[136.2933,35.6913],[136.29255,35.69105],[136.29177,35.69039],[136.29181,35.68962],[136.29144,35.68833],[136.29092,35.68791],[136.29109,35.6873],[136.29176,35.68661],[136.2921,35.68506],[136.29192,35.68407],[136.29325,35.68314],[136.29401,35.68207],[136.29435,35.68107],[136.29505,35.68044],[136.29566,35.6804],[136.2982,35.67905],[136.29893,35.67881],[136.29891,35.67768],[136.29758,35.6766],[136.2972,35.67565],[136.29601,35.67568],[136.29453,35.67504],[136.29392,35.67451],[136.29231,35.6736],[136.29187,35.67293],[136.28917,35.67173],[136.28855,35.67063],[136.28889,35.6694],[136.28994,35.66748],[136.29075,35.66684],[136.29042,35.66583],[136.28786,35.66495],[136.28445,35.66339],[136.28393,35.66229],[136.2826,35.66116],[136.28228,35.66044],[136.28121,35.65976],[136.28074,35.65863],[136.27982,35.65827],[136.27773,35.65605],[136.27715,35.65557],[136.27633,35.65375],[136.27622,35.65248],[136.27657,35.65148],[136.27766,35.65037],[136.2794,35.64932],[136.28005,35.64837],[136.28161,35.64755],[136.28163,35.64661],[136.2825,35.64542],[136.2831,35.64374],[136.28278,35.64237],[136.28282,35.64172],[136.2817,35.6403],[136.27979,35.63984],[136.27949,35.63894],[136.27899,35.63841],[136.27916,35.63669],[136.28117,35.63522],[136.28254,35.63446],[136.28326,35.63348],[136.28376,35.63128],[136.28441,35.63093],[136.28625,35.62941],[136.28741,35.62795],[136.28711,35.62548],[136.28719,35.62428],[136.28797,35.62255],[136.28856,35.62059],[136.28886,35.62041],[136.2903,35.62054],[136.29114,35.61965],[136.29262,35.61892],[136.2937,35.61819],[136.29451,35.61795],[136.29631,35.61815],[136.29817,35.61748],[136.30191,35.61922],[136.30326,35.61938],[136.30362,35.62028],[136.30529,35.62003],[136.30518,35.62132],[136.30649,35.62226],[136.31013,35.62332],[136.31074,35.62329],[136.31184,35.62279],[136.31449,35.62311],[136.31556,35.6234],[136.31612,35.6219],[136.31654,35.62151],[136.31865,35.62133],[136.31914,35.62092],[136.32037,35.61931],[136.32171,35.61868],[136.32214,35.61791],[136.32305,35.6169],[136.32368,35.61652],[136.32318,35.61513],[136.32248,35.61406],[136.32156,35.61316],[136.32077,35.61172],[136.32054,35.61072],[136.31907,35.60964],[136.31765,35.60772],[136.31507,35.6062],[136.31504,35.60569],[136.31627,35.6054],[136.31789,35.60471],[136.31906,35.6038],[136.3193,35.60279],[136.32031,35.60155],[136.32053,35.60035],[136.32112,35.59896],[136.32169,35.59826],[136.32132,35.59574],[136.32146,35.59381],[136.32268,35.59318],[136.32275,35.59271],[136.32233,35.59054],[136.32253,35.59004],[136.32208,35.5892],[136.32235,35.58769],[136.32337,35.5865],[136.32352,35.58573],[136.32422,35.58512],[136.32445,35.58418],[136.32422,35.58363],[136.32277,35.58309],[136.32273,35.58256],[136.3221,35.58123],[136.32235,35.58051],[136.3232,35.57903],[136.32265,35.57788],[136.32278,35.57645],[136.32319,35.57456],[136.32248,35.57359],[136.32186,35.57205],[136.3221,35.57084],[136.32275,35.57001],[136.32267,35.56947],[136.32184,35.5688],[136.31892,35.56559],[136.31841,35.56388],[136.3183,35.56228],[136.31782,35.56163],[136.31771,35.56064],[136.31721,35.5587],[136.31633,35.55742],[136.31626,35.55594],[136.31708,35.55463],[136.31743,35.55247],[136.3167,35.55101],[136.31655,35.54969],[136.31681,35.54876],[136.3175,35.5474],[136.3191,35.54656],[136.3196,35.54602],[136.3221,35.54435],[136.32297,35.54459],[136.32366,35.54514],[136.32465,35.54515],[136.32547,35.54568],[136.32597,35.54716],[136.32546,35.54879],[136.32721,35.54992],[136.32787,35.54988],[136.32975,35.55096],[136.33169,35.55048],[136.3325,35.55055],[136.3336,35.55009],[136.33486,35.55033],[136.33732,35.55025],[136.33884,35.54857],[136.33977,35.54584],[136.33971,35.54461],[136.34003,35.54383],[136.34126,35.54293],[136.34106,35.54195],[136.33987,35.54133],[136.33954,35.54036],[136.34041,35.53879],[136.34093,35.53728],[136.34321,35.53756],[136.34393,35.53711],[136.34476,35.53706],[136.34606,35.53623],[136.34632,35.53714],[136.34683,35.5377],[136.34823,35.53817],[136.34938,35.53736],[136.35016,35.53758],[136.35181,35.53858],[136.35308,35.53849],[136.35512,35.53868],[136.35666,35.53991],[136.35629,35.54096],[136.35677,35.54185],[136.35672,35.54268],[136.35784,35.54333],[136.35856,35.54432],[136.35873,35.54629],[136.35904,35.54693],[136.35913,35.54878],[136.35949,35.54944],[136.36008,35.54962],[136.36108,35.55063],[136.3611,35.55189],[136.36154,35.5529],[136.36219,35.55375],[136.36243,35.55529],[136.36277,35.55622],[136.36241,35.55719],[136.36252,35.55848],[136.36562,35.55992],[136.3667,35.55952],[136.36923,35.55916],[136.37013,35.55882],[136.37177,35.55962],[136.37244,35.55977],[136.37356,35.55939],[136.37409,35.55846],[136.37399,35.55791],[136.37492,35.55578],[136.3755,35.55389],[136.37509,35.55294],[136.37577,35.55124],[136.37749,35.54961],[136.37761,35.54885],[136.37809,35.54829],[136.37908,35.54768],[136.38027,35.54607],[136.38041,35.54433],[136.37998,35.54308],[136.38007,35.541],[136.38067,35.54017],[136.38106,35.53855],[136.381,35.53766],[136.38222,35.53731],[136.38267,35.53693],[136.38225,35.5361],[136.38252,35.53516],[136.38336,35.53482],[136.38425,35.53309],[136.38503,35.53294],[136.38596,35.5332],[136.38713,35.53271],[136.38849,35.53297],[136.38992,35.53255],[136.39037,35.53196],[136.39297,35.53187],[136.39561,35.53124],[136.39763,35.53197],[136.3994,35.53127],[136.4004,35.53008],[136.40015,35.52871],[136.40038,35.52792],[136.39982,35.52728],[136.40073,35.5269],[136.40176,35.52581],[136.4012,35.5244],[136.40105,35.5235],[136.39963,35.52242],[136.39903,35.52154],[136.39927,35.52112],[136.40153,35.5194],[136.4025,35.51897],[136.4031,35.51738],[136.40441,35.51664],[136.40533,35.51472],[136.40564,35.51339],[136.40463,35.51335],[136.40435,35.51218],[136.40361,35.51141],[136.4026,35.51225],[136.40229,35.51325],[136.39999,35.51341],[136.4006,35.51219],[136.40049,35.51156],[136.39958,35.51137],[136.39945,35.51051],[136.39854,35.51029],[136.39722,35.50966],[136.39672,35.50885],[136.39698,35.50838],[136.39683,35.50727],[136.39579,35.50678],[136.3947,35.50669],[136.3939,35.50606],[136.3938,35.50487],[136.39233,35.50396],[136.39082,35.50093],[136.39005,35.49991],[136.38942,35.49799],[136.38881,35.49737],[136.38783,35.49683],[136.38783,35.49606],[136.38834,35.49502],[136.38818,35.49366],[136.38692,35.49257],[136.38667,35.48916],[136.38688,35.48841],[136.38798,35.48741],[136.38873,35.4872],[136.39017,35.48619],[136.3908,35.4855],[136.39172,35.4852],[136.39285,35.48546],[136.3938,35.48438],[136.39399,35.48346],[136.39516,35.48274],[136.39567,35.48195],[136.39751,35.4813],[136.39801,35.48093],[136.39814,35.47951],[136.39877,35.4786],[136.39998,35.47571],[136.40144,35.4742],[136.40196,35.47347],[136.4015,35.47115],[136.40177,35.46994],[136.40488,35.46896],[136.40634,35.46913],[136.40815,35.46871],[136.41,35.46859],[136.41191,35.46809],[136.4134,35.46722],[136.41408,35.46663],[136.41558,35.46654],[136.4164,35.46686],[136.41792,35.46708],[136.41889,35.46748],[136.42036,35.46623],[136.42086,35.46504],[136.4211,35.46376],[136.42117,35.46207],[136.42077,35.45979],[136.42078,35.45856],[136.42117,35.45763],[136.42147,35.45564],[136.42216,35.45472],[136.42388,35.45399],[136.4246,35.45333],[136.42505,35.45106],[136.42562,35.44967],[136.42622,35.44895],[136.42617,35.44816],[136.4236,35.4453],[136.42293,35.4436],[136.42221,35.44256],[136.42215,35.44109],[136.42312,35.43973],[136.42196,35.43882],[136.42121,35.43731],[136.41949,35.43542],[136.4182,35.43495],[136.41727,35.43412],[136.41573,35.43342],[136.41555,35.43166],[136.41617,35.43095],[136.41633,35.43018],[136.41783,35.42911],[136.41889,35.42778],[136.41832,35.42664],[136.41633,35.42553],[136.41512,35.42507],[136.41401,35.4243],[136.41375,35.42386],[136.41184,35.42241],[136.41173,35.42096],[136.41181,35.4186],[136.41481,35.41707],[136.41616,35.41586],[136.41798,35.41492],[136.42031,35.41291],[136.4206,35.41164],[136.42137,35.41061],[136.42187,35.40947],[136.42296,35.40806],[136.42396,35.40769],[136.42463,35.40717],[136.42434,35.40488],[136.42468,35.40412],[136.42593,35.40267],[136.42758,35.40187],[136.42797,35.40078],[136.43023,35.39979],[136.43128,35.39971],[136.432,35.39872],[136.43277,35.39847],[136.43346,35.39782],[136.43481,35.39782],[136.43657,35.39724],[136.4369,35.39528],[136.439,35.39431],[136.43977,35.39427],[136.44089,35.39386],[136.44085,35.39278],[136.44107,35.39138],[136.44165,35.39063],[136.44261,35.39034],[136.44335,35.38976],[136.44435,35.38943],[136.44657,35.38965],[136.44814,35.38869],[136.44872,35.38977],[136.44897,35.39134],[136.44949,35.3923],[136.45124,35.39355],[136.45245,35.39398],[136.45386,35.39384],[136.45477,35.3935],[136.45799,35.39354],[136.45889,35.39398],[136.45972,35.39395],[136.46101,35.39445],[136.46149,35.39521],[136.46317,35.39491],[136.46378,35.39497],[136.46382,35.3965],[136.46363,35.39699],[136.46375,35.39814],[136.46428,35.39916],[136.46378,35.39967],[136.46484,35.40202],[136.46467,35.40275],[136.46519,35.40385],[136.46643,35.40455],[136.46758,35.40638],[136.46713,35.40721],[136.46706,35.41008],[136.46808,35.41181],[136.46869,35.41181],[136.46989,35.41234],[136.47023,35.41288],[136.47016,35.41387],[136.47113,35.41497],[136.47255,35.41504],[136.47344,35.41464],[136.4745,35.41459],[136.47646,35.41486],[136.47709,35.41476],[136.47809,35.41578],[136.48035,35.41637],[136.48092,35.41699],[136.48169,35.41705],[136.48406,35.41561],[136.4846,35.41556],[136.48545,35.41612],[136.48565,35.41688],[136.48537,35.41789],[136.48569,35.41845],[136.48523,35.41986],[136.48599,35.42031],[136.48604,35.42101],[136.48654,35.42194],[136.48784,35.42257],[136.48914,35.42297],[136.48971,35.42343],[136.49006,35.42448],[136.49063,35.42509],[136.49011,35.42622],[136.49015,35.42706],[136.49132,35.42803],[136.49238,35.42865],[136.49339,35.42949],[136.49439,35.43074],[136.49494,35.43171],[136.49688,35.43365],[136.49781,35.43364],[136.49858,35.43405],[136.49983,35.43371],[136.50049,35.43375],[136.50107,35.43325],[136.50206,35.43296],[136.50232,35.43195],[136.50428,35.43142],[136.50499,35.43164],[136.50771,35.43158],[136.50899,35.43225],[136.50968,35.43294],[136.50978,35.43354],[136.51141,35.43493],[136.5126,35.43648],[136.5161,35.43759],[136.51707,35.43776],[136.51636,35.43903],[136.51683,35.43967],[136.51697,35.44106],[136.51803,35.44242],[136.51806,35.44335],[136.51774,35.44447],[136.51897,35.44545],[136.51912,35.44722],[136.51937,35.44774],[136.51887,35.44884],[136.51801,35.44888],[136.51796,35.45035],[136.51989,35.45206],[136.52087,35.45235],[136.52121,35.4539],[136.52265,35.45498],[136.52309,35.456],[136.52312,35.45713],[136.52391,35.45776],[136.5251,35.45949],[136.52493,35.46044],[136.52556,35.46253],[136.52635,35.4634],[136.52815,35.46425],[136.52901,35.46487],[136.5308,35.46576],[136.53262,35.46583],[136.53408,35.46679],[136.53588,35.46716],[136.53658,35.469],[136.53459,35.47017],[136.53157,35.47181],[136.53873,35.47141],[136.53931,35.47109],[136.54448,35.46872],[136.54586,35.46872],[136.54595,35.46993],[136.54717,35.47031],[136.54768,35.4707],[136.54944,35.47124],[136.55177,35.47158],[136.55741,35.47173],[136.56386,35.47182],[136.5648,35.47187],[136.56883,35.47321],[136.56929,35.4719],[136.56981,35.47161],[136.5697,35.4705],[136.56975,35.46827],[136.56929,35.46727],[136.57037,35.4673],[136.57067,35.466],[136.57044,35.46401],[136.57368,35.46351],[136.57368,35.46258],[136.57395,35.46182],[136.5786,35.4617],[136.58034,35.46186],[136.58183,35.46242],[136.58346,35.46244],[136.58618,35.46295],[136.58597,35.46362],[136.58884,35.46439],[136.59122,35.46216],[136.59284,35.46031],[136.59493,35.46102],[136.59487,35.46168],[136.59609,35.46222],[136.59686,35.46107],[136.59907,35.46204],[136.59938,35.46158],[136.60037,35.462],[136.60283,35.46173],[136.60729,35.46178],[136.60771,35.46259],[136.60758,35.46639],[136.60671,35.46672],[136.60674,35.46771],[136.60586,35.46795],[136.60489,35.46873],[136.60522,35.46973],[136.60456,35.46973],[136.60442,35.47034],[136.60483,35.4709],[136.60545,35.4709],[136.60543,35.47327],[136.60532,35.47365],[136.60351,35.47355],[136.60375,35.47415],[136.60154,35.47406],[136.60115,35.4744],[136.59921,35.4748],[136.59764,35.47563],[136.59704,35.47635],[136.59537,35.47683],[136.59349,35.47805],[136.59268,35.47906],[136.59196,35.4805],[136.59305,35.48185],[136.59374,35.48208],[136.59347,35.484],[136.59265,35.48532],[136.5926,35.4866],[136.59383,35.48821],[136.5949,35.4886],[136.59531,35.48917],[136.59628,35.48953],[136.59752,35.48952],[136.59878,35.48914],[136.6,35.48942],[136.60056,35.48991],[136.60216,35.48991],[136.60318,35.48929],[136.60406,35.48931],[136.60526,35.48976],[136.60626,35.49065],[136.60729,35.49048],[136.60923,35.49086],[136.60943,35.49171],[136.61065,35.49227],[136.61206,35.49165],[136.61327,35.49214],[136.61416,35.49348],[136.61506,35.49392],[136.6159,35.49571],[136.61671,35.49606],[136.61716,35.49669],[136.61853,35.49722],[136.61842,35.49858],[136.61868,35.49903],[136.62008,35.49915],[136.62081,35.49878],[136.62206,35.49876],[136.62489,35.49987],[136.62603,35.50186],[136.62639,35.50296],[136.628,35.50305],[136.62858,35.50271],[136.63104,35.50254],[136.63228,35.50295],[136.63403,35.504],[136.63467,35.5048],[136.63608,35.50545],[136.63757,35.50475],[136.63945,35.50318],[136.64075,35.50276],[136.64124,35.50198],[136.6434,35.50074],[136.64524,35.5006],[136.64663,35.50114],[136.64694,35.50158],[136.64709,35.50264],[136.64856,35.50327],[136.65135,35.50523],[136.65156,35.50643],[136.65136,35.50799],[136.65308,35.50849],[136.65385,35.50952],[136.65284,35.51018],[136.65203,35.51122],[136.6522,35.51289],[136.65184,35.51404],[136.65101,35.51526],[136.65017,35.51607],[136.64863,35.51683],[136.64532,35.51718],[136.64245,35.51798],[136.64217,35.51824],[136.64059,35.52077],[136.63988,35.52218],[136.63975,35.52349],[136.64255,35.52433],[136.64593,35.52548],[136.64668,35.52582],[136.64816,35.52688],[136.6495,35.52836],[136.65001,35.52971],[136.65001,35.53039],[136.64903,35.53235],[136.64645,35.53437],[136.64539,35.53493],[136.64257,35.53582],[136.64149,35.53651],[136.64109,35.53817],[136.63922,35.53938],[136.63858,35.54143],[136.63746,35.5431],[136.63655,35.5437],[136.63466,35.54464],[136.63329,35.54719],[136.63347,35.5484],[136.63549,35.54991],[136.6367,35.5506],[136.64019,35.55115],[136.64334,35.55085],[136.64481,35.55097],[136.64635,35.55143],[136.64657,35.55264],[136.64601,35.55313],[136.64531,35.55321],[136.64366,35.55391],[136.64334,35.55434],[136.64308,35.5555],[136.64228,35.55629],[136.64153,35.55652],[136.64053,35.55769],[136.63962,35.55968],[136.63853,35.56086],[136.63857,35.56172],[136.63825,35.5624],[136.63679,35.56319],[136.63529,35.56591],[136.63519,35.56673],[136.63599,35.56931],[136.63635,35.57011],[136.63706,35.57095],[136.63954,35.57284],[136.63995,35.57398],[136.63983,35.57437],[136.63866,35.57522],[136.63675,35.57441],[136.63384,35.57376],[136.63169,35.57278],[136.63058,35.5724],[136.62902,35.5712],[136.62815,35.5711],[136.62651,35.57196],[136.6262,35.57247],[136.62533,35.57254],[136.62424,35.57303],[136.62313,35.57296],[136.62206,35.57244],[136.61999,35.57266],[136.61806,35.57255],[136.61757,35.57287],[136.6173,35.5748],[136.61692,35.57548],[136.61491,35.57698],[136.61362,35.57661],[136.61128,35.57669],[136.60986,35.57739],[136.60835,35.57782],[136.60807,35.5782],[136.60702,35.5785],[136.60434,35.57825],[136.60261,35.57904],[136.59989,35.57906],[136.59851,35.57864],[136.59677,35.57861],[136.59524,35.57878],[136.59387,35.57857],[136.59299,35.57794],[136.59113,35.57809],[136.58977,35.57798],[136.58675,35.57749],[136.58506,35.57769],[136.58444,35.57895],[136.58288,35.58051],[136.5826,35.58154],[136.58113,35.58221],[136.58059,35.58213],[136.58047,35.58143],[136.57939,35.58114],[136.57879,35.58044],[136.57675,35.57974],[136.57405,35.58038],[136.57306,35.58027],[136.57213,35.58075],[136.57124,35.5807],[136.57113,35.58159],[136.57007,35.58235],[136.56933,35.58256],[136.5692,35.58305],[136.56936,35.5849],[136.56902,35.58567],[136.56704,35.58641],[136.56451,35.58639],[136.5635,35.58694],[136.5627,35.58763],[136.56295,35.58837],[136.56289,35.58935],[136.56353,35.58993],[136.56329,35.59073],[136.5633,35.5923],[136.56298,35.59438],[136.56317,35.59506],[136.56375,35.59561],[136.56371,35.59672],[136.56229,35.59848],[136.56192,35.59952],[136.56126,35.59985],[136.55991,35.60107],[136.56043,35.60248],[136.56156,35.60352],[136.56138,35.60502],[136.56169,35.60647],[136.56223,35.60743],[136.56238,35.60848],[136.5622,35.60937],[136.56267,35.61002],[136.56305,35.61163],[136.56194,35.61295],[136.5613,35.61338],[136.56107,35.61458],[136.5613,35.61544],[136.56109,35.6161],[136.56014,35.61708],[136.55994,35.61797],[136.55915,35.61989],[136.55803,35.62098],[136.55832,35.62199],[136.55975,35.62315],[136.56012,35.62421],[136.56002,35.62565],[136.55969,35.6263],[136.55988,35.6275],[136.5597,35.6284],[136.55826,35.62911],[136.55687,35.62937],[136.55506,35.63096],[136.55458,35.63189],[136.55148,35.63414],[136.54971,35.63456],[136.54894,35.63541],[136.54699,35.63639],[136.54616,35.63878],[136.54616,35.63932],[136.54536,35.63992],[136.54471,35.63997],[136.543,35.64088],[136.54217,35.64108],[136.54067,35.64175],[136.5382,35.64324],[136.53734,35.644],[136.53601,35.64488],[136.53633,35.64522],[136.53637,35.64694],[136.53724,35.64801],[136.53727,35.64968],[136.53761,35.65032],[136.53726,35.65153],[136.53693,35.65187],[136.53573,35.6523],[136.53449,35.65304],[136.53213,35.65387],[136.53121,35.65585],[136.53051,35.65648],[136.52831,35.65891],[136.52767,35.65975],[136.52637,35.66054],[136.52396,35.6614],[136.52274,35.66226],[136.52095,35.66379],[136.52056,35.66433],[136.51968,35.66645],[136.51844,35.66778],[136.51795,35.66884],[136.5183,35.67005],[136.51735,35.67102],[136.51643,35.67235],[136.5155,35.67302],[136.51525,35.67405],[136.51541,35.67587],[136.51574,35.67646],[136.51692,35.67722],[136.51859,35.67892],[136.51931,35.67942],[136.52006,35.67955],[136.5213,35.68149],[136.52147,35.68319],[136.52192,35.68405],[136.5219,35.68483],[136.52223,35.68532],[136.52357,35.68584],[136.52448,35.68654],[136.52628,35.68724],[136.52726,35.68811],[136.52887,35.68831],[136.52935,35.6882],[136.53138,35.68836],[136.53227,35.68871],[136.53343,35.6887],[136.53459,35.68934],[136.53568,35.68957],[136.53657,35.69091],[136.53648,35.69149],[136.53727,35.69306],[136.53763,35.69464],[136.53666,35.69634],[136.53689,35.69681],[136.53679,35.69847],[136.53641,35.69888],[136.53529,35.69936],[136.53438,35.70001],[136.53355,35.70126],[136.53184,35.70199],[136.53093,35.70289],[136.53187,35.70386],[136.53228,35.70554],[136.53141,35.70676],[136.53118,35.70867],[136.52993,35.71113],[136.53007,35.71325],[136.5298,35.71419],[136.52888,35.71488],[136.52867,35.71533],[136.52896,35.71698],[136.52973,35.71809],[136.53036,35.71852],[136.53108,35.7198],[136.53219,35.72039],[136.53285,35.7211],[136.5321,35.7218],[136.53225,35.72243],[136.53296,35.72291],[136.534,35.72403],[136.53332,35.72531],[136.53358,35.72638],[136.53459,35.72777],[136.53443,35.72925],[136.53461,35.73071],[136.53536,35.73148],[136.53467,35.73291],[136.53456,35.73473],[136.53306,35.73579],[136.53299,35.73723],[136.53238,35.73762],[136.53222,35.73873],[136.53238,35.73936],[136.53184,35.74093],[136.53091,35.74203],[136.53105,35.74376],[136.53095,35.74449],[136.53037,35.74579],[136.53019,35.74729],[136.52974,35.74819],[136.52942,35.75018],[136.52966,35.75108],[136.52842,35.75168],[136.5252,35.75266],[136.52475,35.75258],[136.52215,35.75307],[136.52091,35.75492],[136.51849,35.75686],[136.51795,35.75907],[136.51653,35.76037],[136.51586,35.76128],[136.51457,35.76217],[136.51371,35.76225]]]]}},
  {"type":"Feature","properties":{"name":"大野町","code":"21403"},"geometry":{"type":"MultiPolygon","coordinates":[[[[136.63299,35.42879],[136.63366,35.43317],[136.63421,35.43894],[136.63452,35.44149],[136.63508,35.44353],[136.63594,35.44511],[136.63523,35.44692],[136.63433,35.44775],[136.63502,35.44807],[136.63609,35.44794],[136.63844,35.44844],[136.64031,35.44916],[136.64131,35.45015],[136.64237,35.4516],[136.64355,35.45396],[136.64492,35.45783],[136.64734,35.46651],[136.6478,35.46791],[136.64838,35.46887],[136.65128,35.47307],[136.65363,35.47611],[136.65625,35.47998],[136.65695,35.48208],[136.65779,35.485],[136.65974,35.49049],[136.65998,35.49157],[136.66004,35.49409],[136.65918,35.4959],[136.65751,35.49853],[136.65685,35.4999],[136.65685,35.5007],[136.65788,35.50318],[136.65873,35.50417],[136.65962,35.50572],[136.66018,35.50781],[136.65992,35.50888],[136.65896,35.51011],[136.65797,35.51059],[136.65739,35.51053],[136.65486,35.50955],[136.65385,35.50952],[136.65308,35.50849],[136.65136,35.50799],[136.65156,35.50643],[136.65135,35.50523],[136.64856,35.50327],[136.64709,35.50264],[136.64694,35.50158],[136.64663,35.50114],[136.64524,35.5006],[136.6434,35.50074],[136.64124,35.50198],[136.64075,35.50276],[136.63945,35.50318],[136.63757,35.50475],[136.63608,35.50545],[136.63467,35.5048],[136.63403,35.504],[136.63228,35.50295],[136.63104,35.50254],[136.62858,35.50271],[136.628,35.50305],[136.62639,35.50296],[136.62603,35.50186],[136.62489,35.49987],[136.62206,35.49876],[136.62081,35.49878],[136.62008,35.49915],[136.61868,35.49903],[136.61842,35.49858],[136.61853,35.49722],[136.61716,35.49669],[136.61671,35.49606],[136.6159,35.49571],[136.61506,35.49392],[136.61416,35.49348],[136.61327,35.49214],[136.61206,35.49165],[136.61065,35.49227],[136.60943,35.49171],[136.60923,35.49086],[136.60729,35.49048],[136.60626,35.49065],[136.60526,35.48976],[136.60406,35.48931],[136.60318,35.48929],[136.60216,35.48991],[136.60056,35.48991],[136.6,35.48942],[136.59878,35.48914],[136.59752,35.48952],[136.59628,35.48953],[136.59531,35.48917],[136.5949,35.4886],[136.59383,35.48821],[136.5926,35.4866],[136.59265,35.48532],[136.59347,35.484],[136.59374,35.48208],[136.59305,35.48185],[136.59196,35.4805],[136.59268,35.47906],[136.59349,35.47805],[136.59537,35.47683],[136.59704,35.47635],[136.59764,35.47563],[136.59921,35.4748],[136.60115,35.4744],[136.60154,35.47406],[136.60375,35.47415],[136.60351,35.47355],[136.60532,35.47365],[136.60543,35.47327],[136.60545,35.4709],[136.60483,35.4709],[136.60442,35.47034],[136.60456,35.46973],[136.60522,35.46973],[136.60489,35.46873],[136.60586,35.46795],[136.60674,35.46771],[136.60671,35.46672],[136.60758,35.46639],[136.60771,35.46259],[136.60729,35.46178],[136.60283,35.46173],[136.60037,35.462],[136.59938,35.46158],[136.59907,35.46204],[136.59686,35.46107],[136.59609,35.46222],[136.59487,35.46168],[136.59493,35.46102],[136.59284,35.46031],[136.5955,35.45422],[136.59585,35.4536],[136.59827,35.451],[136.60054,35.44845],[136.60444,35.44482],[136.60587,35.44326],[136.6072,35.44153],[136.60978,35.43757],[136.61382,35.43124],[136.61552,35.42874],[136.6193,35.42372],[136.62245,35.42514],[136.62259,35.42691],[136.63037,35.42693],[136.63013,35.42526],[136.63029,35.42328],[136.63086,35.42159],[136.63074,35.42138],[136.63218,35.41894],[136.63086,35.41895],[136.63038,35.41838],[136.62965,35.41907],[136.62935,35.41997],[136.62881,35.41974],[136.62724,35.41958],[136.6244,35.41864],[136.6266,35.41509],[136.62864,35.4129],[136.62974,35.41187],[136.63168,35.41039],[136.63286,35.40972],[136.63583,35.40827],[136.63784,35.40682],[136.64003,35.40396],[136.6399,35.4065],[136.63998,35.40747],[136.63948,35.40947],[136.63835,35.41276],[136.63637,35.4162],[136.634,35.41986],[136.63338,35.42132],[136.63256,35.42464],[136.63268,35.42642],[136.63299,35.42879]]]]}},
  {"type":"Feature","properties":{"name":"池田町","code":"21404"},"geometry":{"type":"MultiPolygon","coordinates":[[[[136.58501,35.40816],[136.5857,35.41053],[136.58495,35.41069],[136.58436,35.4116],[136.58436,35.41207],[136.58553,35.41254],[136.5851,35.41338],[136.58455,35.41693],[136.58632,35.41715],[136.58643,35.4185],[136.58561,35.41848],[136.585,35.42238],[136.58622,35.42248],[136.58573,35.42373],[136.58524,35.4292],[136.58443,35.4292],[136.58488,35.43033],[136.58698,35.43312],[136.58763,35.43508],[136.58766,35.43623],[136.58855,35.43619],[136.58873,35.43907],[136.59011,35.43902],[136.59023,35.44124],[136.59044,35.44122],[136.5906,35.44421],[136.5918,35.44417],[136.59282,35.44456],[136.59398,35.44402],[136.59589,35.44447],[136.59595,35.44552],[136.59714,35.44604],[136.59716,35.44668],[136.59823,35.44703],[136.60054,35.44845],[136.59827,35.451],[136.59585,35.4536],[136.5955,35.45422],[136.59284,35.46031],[136.59122,35.46216],[136.58884,35.46439],[136.58597,35.46362],[136.58618,35.46295],[136.58346,35.46244],[136.58183,35.46242],[136.58034,35.46186],[136.5786,35.4617],[136.57395,35.46182],[136.57368,35.46258],[136.57368,35.46351],[136.57044,35.46401],[136.57067,35.466],[136.57037,35.4673],[136.56929,35.46727],[136.56975,35.46827],[136.5697,35.4705],[136.56981,35.47161],[136.56929,35.4719],[136.56883,35.47321],[136.5648,35.47187],[136.56386,35.47182],[136.55741,35.47173],[136.55177,35.47158],[136.54944,35.47124],[136.54768,35.4707],[136.54717,35.47031],[136.54595,35.46993],[136.54586,35.46872],[136.54448,35.46872],[136.53931,35.47109],[136.53873,35.47141],[136.53157,35.47181],[136.53459,35.47017],[136.53658,35.469],[136.53588,35.46716],[136.53408,35.46679],[136.53262,35.46583],[136.5308,35.46576],[136.52901,35.46487],[136.52815,35.46425],[136.52635,35.4634],[136.52556,35.46253],[136.52493,35.46044],[136.5251,35.45949],[136.52391,35.45776],[136.52312,35.45713],[136.52309,35.456],[136.52265,35.45498],[136.52121,35.4539],[136.52087,35.45235],[136.51989,35.45206],[136.51796,35.45035],[136.51801,35.44888],[136.51887,35.44884],[136.51937,35.44774],[136.51912,35.44722],[136.51897,35.44545],[136.51774,35.44447],[136.51806,35.44335],[136.51803,35.44242],[136.51697,35.44106],[136.51683,35.43967],[136.51636,35.43903],[136.51707,35.43776],[136.51797,35.4365],[136.51919,35.43538],[136.51863,35.43425],[136.51875,35.43223],[136.51964,35.43196],[136.52064,35.43107],[136.52092,35.43026],[136.52128,35.42743],[136.5223,35.42559],[136.52242,35.42506],[136.52188,35.42442],[136.52196,35.42356],[136.52295,35.42213],[136.52298,35.42146],[136.52481,35.41925],[136.52509,35.41849],[136.52603,35.41803],[136.52831,35.41863],[136.52998,35.41935],[136.53121,35.41902],[136.53217,35.41841],[136.53301,35.41729],[136.53377,35.41697],[136.53406,35.41641],[136.53513,35.41554],[136.53686,35.41526],[136.53868,35.41389],[136.53933,35.41451],[136.54087,35.41477],[136.54145,35.41668],[136.5433,35.41626],[136.54406,35.41531],[136.5443,35.41454],[136.54561,35.41379],[136.54568,35.41338],[136.54698,35.4124],[136.54853,35.41158],[136.54876,35.41113],[136.55001,35.41063],[136.54938,35.40999],[136.5493,35.40927],[136.5483,35.40872],[136.54811,35.40791],[136.54854,35.40738],[136.54942,35.40744],[136.55186,35.40824],[136.55311,35.40848],[136.55447,35.40906],[136.55532,35.41019],[136.55602,35.41064],[136.55825,35.40968],[136.55878,35.40985],[136.56088,35.40956],[136.56148,35.41017],[136.56271,35.41087],[136.5638,35.40987],[136.56449,35.40985],[136.56602,35.40944],[136.56754,35.40822],[136.57042,35.40723],[136.57188,35.40591],[136.57401,35.40482],[136.57567,35.40441],[136.57609,35.4051],[136.57599,35.4068],[136.57699,35.40797],[136.57823,35.40857],[136.58012,35.40871],[136.58102,35.40859],[136.58133,35.40786],[136.58232,35.40826],[136.58289,35.40735],[136.58501,35.40816]]]]}},
  {"type":"Feature","properties":{"name":"北方町","code":"21421"},"geometry":{"type":"MultiPolygon","coordinates":[[[[136.69843,35.44726],[136.69762,35.44728],[136.69741,35.44774],[136.69654,35.44774],[136.69618,35.44809],[136.69616,35.44924],[136.69208,35.44911],[136.69202,35.44874],[136.6925,35.44719],[136.69231,35.44661],[136.69215,35.44416],[136.69183,35.44382],[136.69159,35.44233],[136.69021,35.44237],[136.68732,35.44223],[136.68649,35.44198],[136.68454,35.44213],[136.6832,35.44203],[136.68282,35.44165],[136.68108,35.44087],[136.6789,35.44007],[136.67701,35.4409],[136.67736,35.43985],[136.67849,35.43788],[136.67888,35.43672],[136.6811,35.4347],[136.67907,35.43425],[136.67825,35.43388],[136.67862,35.43159],[136.67995,35.43098],[136.68091,35.43004],[136.68108,35.42921],[136.68158,35.42877],[136.68218,35.42516],[136.6833,35.42514],[136.68329,35.42271],[136.68206,35.4221],[136.68206,35.42069],[136.68128,35.41944],[136.68024,35.4177],[136.68205,35.41747],[136.68187,35.41674],[136.68203,35.41429],[136.68687,35.4144],[136.68692,35.41386],[136.68787,35.41255],[136.68968,35.41258],[136.68966,35.41162],[136.69321,35.4116],[136.6932,35.4147],[136.69303,35.42131],[136.69774,35.42146],[136.69887,35.42158],[136.69887,35.42445],[136.69874,35.42637],[136.69865,35.43098],[136.69874,35.43145],[136.69864,35.43375],[136.69875,35.43833],[136.69849,35.44091],[136.69862,35.44325],[136.69843,35.44726]]]]}},
  {"type":"Feature","properties":{"name":"坂祝町","code":"21501"},"geometry":{"type":"MultiPolygon","coordinates":[[[[136.94852,35.42944],[136.94897,35.42929],[136.95104,35.42797],[136.95212,35.42685],[136.95104,35.42575],[136.9502,35.42465],[136.95051,35.4232],[136.94989,35.42239],[136.95037,35.42206],[136.95134,35.42072],[136.95104,35.41955],[136.95162,35.41838],[136.9514,35.41794],[136.95173,35.41729],[136.95144,35.4166],[136.9507,35.41587],[136.95217,35.41531],[136.9525,35.4144],[136.95308,35.41412],[136.95419,35.41436],[136.95535,35.41492],[136.95768,35.41525],[136.95864,35.41484],[136.95997,35.4146],[136.96112,35.41458],[136.96152,35.41586],[136.96182,35.41756],[136.9627,35.41922],[136.96342,35.42017],[136.96437,35.42094],[136.96565,35.42146],[136.96866,35.42205],[136.97138,35.42214],[136.97442,35.42162],[136.97535,35.42202],[136.97876,35.4227],[136.98202,35.42363],[136.98402,35.42402],[136.98572,35.42452],[136.98848,35.42478],[136.99133,35.42462],[136.99322,35.4242],[136.99506,35.42409],[136.99703,35.42383],[136.99963,35.42374],[137.0049,35.42466],[137.0058,35.42516],[137.00685,35.42641],[137.00698,35.42698],[137.0065,35.4299],[137.00404,35.43059],[137.00233,35.43141],[137.00347,35.43278],[137.00256,35.43798],[137.00146,35.43799],[137.00192,35.44076],[137.00138,35.44096],[137.00112,35.44009],[136.99787,35.44094],[136.9979,35.44125],[136.9958,35.44151],[136.99418,35.44115],[136.99292,35.44222],[136.99248,35.44318],[136.99235,35.44717],[136.99204,35.44798],[136.99337,35.45186],[136.99209,35.45269],[136.9913,35.45286],[136.9875,35.45251],[136.98686,35.45204],[136.98656,35.45128],[136.98456,35.44933],[136.98407,35.44811],[136.98002,35.44919],[136.97796,35.44997],[136.97469,35.45221],[136.97398,35.45202],[136.97287,35.45052],[136.97246,35.45048],[136.96985,35.45129],[136.96935,35.44878],[136.96957,35.44744],[136.97074,35.44649],[136.97003,35.44517],[136.96757,35.44672],[136.96639,35.44565],[136.96516,35.4448],[136.96455,35.44516],[136.96351,35.44537],[136.96281,35.44607],[136.9597,35.44663],[136.95901,35.44638],[136.95898,35.44531],[136.95837,35.44438],[136.95799,35.44333],[136.95739,35.44275],[136.95693,35.44183],[136.95691,35.43987],[136.95674,35.43891],[136.95574,35.43882],[136.95487,35.43824],[136.95504,35.43791],[136.95495,35.43642],[136.95514,35.43482],[136.9555,35.43363],[136.95515,35.4322],[136.95471,35.43122],[136.95378,35.43069],[136.95265,35.43053],[136.95129,35.43064],[136.95042,35.43036],[136.94924,35.4304],[136.94852,35.42944]]]]}},
  {"type":"Feature","properties":{"name":"富加町","code":"21502"},"geometry":{"type":"MultiPolygon","coordinates":[[[[136.96301,35.46842],[136.96362,35.47086],[136.96375,35.4722],[136.96423,35.47366],[136.96422,35.47436],[136.96463,35.47587],[136.96448,35.47612],[136.96505,35.47991],[136.96488,35.48093],[136.96597,35.48096],[136.96719,35.48047],[136.96763,35.47987],[136.96887,35.47994],[136.96911,35.47841],[136.96923,35.4763],[136.96901,35.4732],[136.97027,35.47279],[136.97094,35.47222],[136.97107,35.47149],[136.97372,35.47144],[136.97417,35.47157],[136.97585,35.4713],[136.98024,35.47128],[136.98394,35.47132],[136.98401,35.47561],[136.98429,35.47568],[136.98431,35.47939],[136.98658,35.47938],[136.98689,35.47955],[136.98873,35.47933],[136.98965,35.47872],[136.99131,35.4783],[136.99205,35.47853],[136.99302,35.47843],[136.99446,35.47859],[136.99627,35.47944],[136.99776,35.47991],[136.99802,35.48026],[136.99931,35.48085],[137.00163,35.48211],[137.00164,35.48305],[137.00196,35.48328],[137.00354,35.48346],[137.00479,35.48425],[137.00588,35.48406],[137.00686,35.48425],[137.00841,35.48382],[137.00981,35.48463],[137.01008,35.48525],[137.01172,35.48662],[137.01224,35.48767],[137.01179,35.48913],[137.0098,35.48987],[137.00911,35.49092],[137.00885,35.4917],[137.00797,35.49273],[137.00812,35.49392],[137.00852,35.49438],[137.00914,35.49394],[137.00942,35.49327],[137.00914,35.49273],[137.0094,35.49107],[137.01001,35.49145],[137.01007,35.49391],[137.01146,35.4936],[137.0126,35.49202],[137.01321,35.49207],[137.01206,35.4937],[137.01093,35.49413],[137.00988,35.49412],[137.00908,35.49485],[137.00891,35.49589],[137.00802,35.49565],[137.00694,35.49446],[137.00595,35.49383],[137.00426,35.49334],[137.00307,35.49318],[137.00134,35.49253],[137.00006,35.49273],[136.99734,35.49426],[136.99738,35.49503],[136.99865,35.49511],[136.99911,35.49536],[137.00014,35.49659],[137.0014,35.49734],[137.00227,35.49856],[137.00308,35.49913],[137.0031,35.50016],[137.00181,35.50063],[137.00142,35.50141],[137.00011,35.50241],[136.99731,35.50232],[136.99744,35.50282],[136.99981,35.50296],[136.9999,35.50351],[136.99929,35.50452],[136.99949,35.50592],[136.99818,35.50557],[136.99799,35.50594],[136.99593,35.50602],[136.99592,35.50662],[136.99715,35.50691],[136.99775,35.50667],[136.99862,35.5071],[136.99773,35.50809],[136.99622,35.50862],[136.99546,35.50858],[136.99422,35.50893],[136.99341,35.50835],[136.99308,35.5078],[136.99237,35.50812],[136.99077,35.5077],[136.99033,35.50815],[136.9896,35.50784],[136.98941,35.50732],[136.98864,35.50688],[136.98701,35.50773],[136.9856,35.5082],[136.98478,35.5097],[136.98359,35.51078],[136.98221,35.51068],[136.98074,35.51002],[136.97972,35.50995],[136.9773,35.50864],[136.97623,35.50865],[136.97476,35.50831],[136.97404,35.50842],[136.97151,35.50806],[136.97051,35.5082],[136.96924,35.50921],[136.96824,35.50896],[136.96672,35.50807],[136.96514,35.50859],[136.96407,35.50855],[136.96283,35.50817],[136.96219,35.50665],[136.96164,35.50593],[136.95891,35.50633],[136.95624,35.50659],[136.95537,35.50702],[136.95282,35.50778],[136.95233,35.50804],[136.95087,35.50706],[136.94912,35.50712],[136.94824,35.50508],[136.94824,35.50254],[136.94741,35.50154],[136.94719,35.49904],[136.94875,35.49875],[136.9494,35.49813],[136.95029,35.49633],[136.95082,35.49598],[136.95068,35.49521],[136.95101,35.48865],[136.95211,35.4881],[136.95256,35.48672],[136.95359,35.48729],[136.95535,35.48758],[136.95615,35.48565],[136.95728,35.48564],[136.958,35.48592],[136.95943,35.48612],[136.96003,35.48564],[136.96222,35.4854],[136.96398,35.48405],[136.9622,35.48286],[136.95978,35.48237],[136.95939,35.48214],[136.9583,35.47945],[136.95752,35.47792],[136.95657,35.47653],[136.95441,35.47421],[136.95389,35.4733],[136.95571,35.47247],[136.95638,35.47153],[136.95603,35.47096],[136.9595,35.46947],[136.96147,35.46876],[136.96301,35.46842]]]]}},
  {"type":"Feature","properties":{"name":"川辺町","code":"21503"},"geometry":{"type":"MultiPolygon","coordinates":[[[[137.08666,35.46919],[137.08735,35.46937],[137.08755,35.47011],[137.08812,35.47015],[137.0888,35.47107],[137.09058,35.47188],[137.09181,35.47285],[137.09172,35.47344],[137.09114,35.47433],[137.08979,35.47449],[137.08838,35.47558],[137.08801,35.47615],[137.08673,35.47715],[137.08449,35.47932],[137.08509,35.47993],[137.08394,35.48134],[137.08399,35.48185],[137.08337,35.48269],[137.0826,35.48303],[137.08336,35.48526],[137.08408,35.48666],[137.08401,35.48769],[137.08458,35.48847],[137.0871,35.48991],[137.08848,35.49006],[137.08915,35.49122],[137.0902,35.49141],[137.09084,35.49116],[137.09214,35.48937],[137.09268,35.48905],[137.09383,35.48911],[137.09447,35.48938],[137.09672,35.48939],[137.09859,35.4896],[137.09918,35.48952],[137.10013,35.48885],[137.10196,35.48905],[137.1031,35.49001],[137.10385,35.49119],[137.10405,35.49231],[137.10528,35.49356],[137.10596,35.49395],[137.10608,35.49445],[137.10722,35.49549],[137.10722,35.49606],[137.10788,35.49698],[137.10914,35.49765],[137.11048,35.49747],[137.11127,35.49766],[137.11259,35.49872],[137.11266,35.49963],[137.11505,35.5013],[137.11291,35.5032],[137.11319,35.50375],[137.11441,35.50453],[137.11528,35.50453],[137.11583,35.50582],[137.11639,35.50606],[137.11798,35.50558],[137.1185,35.50471],[137.11951,35.50377],[137.12115,35.50311],[137.12324,35.50288],[137.12448,35.50226],[137.12553,35.50195],[137.12657,35.50115],[137.12824,35.50176],[137.1303,35.5034],[137.13139,35.50467],[137.13131,35.50608],[137.1318,35.50688],[137.1325,35.50749],[137.13245,35.50892],[137.13272,35.51025],[137.13233,35.51105],[137.13229,35.51245],[137.13171,35.51343],[137.12988,35.51506],[137.128,35.51515],[137.12744,35.51615],[137.12649,35.51632],[137.12444,35.51594],[137.12305,35.51649],[137.12227,35.51669],[137.12258,35.51744],[137.12227,35.51783],[137.12122,35.51821],[137.12059,35.51901],[137.11906,35.51931],[137.11766,35.51839],[137.1167,35.5181],[137.1163,35.51719],[137.11535,35.51722],[137.11465,35.51798],[137.11394,35.51833],[137.11374,35.51932],[137.11243,35.51843],[137.10961,35.51822],[137.10674,35.51854],[137.10783,35.52069],[137.10878,35.52137],[137.10869,35.52273],[137.10823,35.52389],[137.10889,35.52417],[137.1086,35.52543],[137.10887,35.52653],[137.10842,35.52725],[137.10912,35.52739],[137.10977,35.52792],[137.10904,35.5282],[137.10803,35.52795],[137.10812,35.52899],[137.10755,35.5318],[137.10699,35.53242],[137.10696,35.53344],[137.10647,35.53423],[137.10615,35.53527],[137.10618,35.536],[137.10675,35.53816],[137.10723,35.53905],[137.10729,35.53989],[137.10598,35.54106],[137.10448,35.54159],[137.10451,35.54209],[137.10608,35.54259],[137.10644,35.54427],[137.10694,35.54515],[137.10827,35.54517],[137.1084,35.54563],[137.10712,35.54608],[137.10438,35.54493],[137.10334,35.54459],[137.10129,35.54462],[137.09998,35.54414],[137.09972,35.54453],[137.10078,35.54575],[137.09972,35.54784],[137.09994,35.5483],[137.10137,35.54839],[137.1021,35.54787],[137.10233,35.54869],[137.10306,35.54906],[137.10525,35.5488],[137.10705,35.54975],[137.10608,35.55008],[137.10486,35.5518],[137.10175,35.55312],[137.09874,35.5547],[137.09721,35.5549],[137.09518,35.55389],[137.09409,35.55318],[137.09375,35.55208],[137.0943,35.55087],[137.09517,35.5504],[137.09694,35.54893],[137.09741,35.54805],[137.09709,35.54703],[137.09572,35.54569],[137.09472,35.54503],[137.09159,35.54589],[137.08981,35.54599],[137.08884,35.5463],[137.08643,35.54835],[137.08514,35.54844],[137.08403,35.54886],[137.08064,35.55071],[137.07846,35.5511],[137.07814,35.55194],[137.07662,35.5522],[137.07518,35.55164],[137.07315,35.55154],[137.07061,35.5503],[137.06981,35.55046],[137.06838,35.55043],[137.06767,35.55079],[137.06679,35.55072],[137.06547,35.5511],[137.06463,35.55112],[137.06384,35.55155],[137.06434,35.55245],[137.06381,35.55312],[137.06289,35.5531],[137.0616,35.55392],[137.06084,35.55413],[137.05899,35.5543],[137.05764,35.553],[137.0581,35.55239],[137.05808,35.55065],[137.05897,35.55031],[137.0596,35.55097],[137.06037,35.55082],[137.0609,35.55024],[137.06235,35.54946],[137.06447,35.54895],[137.06614,35.5484],[137.06758,35.54771],[137.06837,35.54627],[137.06872,35.54456],[137.06875,35.54351],[137.06853,35.54261],[137.06701,35.54145],[137.06527,35.53845],[137.06607,35.53751],[137.06596,35.53684],[137.06724,35.53498],[137.06738,35.53393],[137.06709,35.53247],[137.06726,35.53165],[137.06943,35.53239],[137.07029,35.53288],[137.07044,35.53204],[137.06894,35.52987],[137.06964,35.52944],[137.07051,35.52981],[137.07111,35.53046],[137.07202,35.53033],[137.06954,35.52869],[137.06756,35.52919],[137.06639,35.52905],[137.06429,35.52791],[137.06242,35.52556],[137.0621,35.52463],[137.06091,35.52268],[137.06003,35.52203],[137.05801,35.52163],[137.05729,35.52043],[137.05718,35.5194],[137.05664,35.519],[137.05655,35.51796],[137.05347,35.51736],[137.05227,35.51659],[137.05172,35.51526],[137.05195,35.51455],[137.05139,35.51357],[137.05182,35.51245],[137.05168,35.51184],[137.05215,35.51144],[137.05171,35.51066],[137.05306,35.50913],[137.05292,35.50857],[137.05148,35.50837],[137.04915,35.50884],[137.04717,35.50781],[137.04603,35.50739],[137.04523,35.50732],[137.0447,35.50622],[137.04399,35.5059],[137.04362,35.50534],[137.04219,35.50544],[137.04116,35.50495],[137.04075,35.50438],[137.03968,35.50397],[137.03964,35.50308],[137.03897,35.50185],[137.03737,35.5003],[137.0375,35.49822],[137.03691,35.49721],[137.03678,35.49639],[137.03719,35.49532],[137.0392,35.49446],[137.03914,35.49355],[137.03951,35.49314],[137.04055,35.49315],[137.04237,35.49199],[137.0437,35.49216],[137.04459,35.49197],[137.04544,35.49209],[137.04565,35.49084],[137.04641,35.4903],[137.04724,35.48937],[137.04829,35.48877],[137.04991,35.4887],[137.05137,35.48897],[137.05159,35.48726],[137.05194,35.48611],[137.05128,35.48578],[137.05118,35.48506],[137.05049,35.48369],[137.05124,35.48276],[137.05264,35.48204],[137.05281,35.48115],[137.05272,35.47911],[137.05247,35.47852],[137.05136,35.47724],[137.05095,35.47621],[137.05096,35.47521],[137.05045,35.4749],[137.04953,35.47375],[137.04926,35.47267],[137.04936,35.47207],[137.05053,35.47002],[137.0505,35.4694],[137.05112,35.4689],[137.05122,35.46611],[137.05111,35.46562],[137.04997,35.46467],[137.04989,35.46297],[137.0502,35.4622],[137.05111,35.46114],[137.05243,35.46173],[137.05293,35.46069],[137.05385,35.4612],[137.05283,35.46502],[137.05309,35.46602],[137.05369,35.46649],[137.05644,35.46791],[137.05832,35.4691],[137.05997,35.47064],[137.06099,35.47245],[137.06203,35.47463],[137.0636,35.47634],[137.06539,35.47789],[137.06656,35.47845],[137.0702,35.47928],[137.07296,35.47762],[137.07226,35.47523],[137.07238,35.47445],[137.07482,35.474],[137.07472,35.47375],[137.07648,35.47341],[137.07841,35.47382],[137.07905,35.47497],[137.08077,35.47525],[137.08223,35.47526],[137.08305,35.47502],[137.0831,35.4741],[137.0827,35.47336],[137.08306,35.47179],[137.08412,35.47109],[137.08501,35.4712],[137.08666,35.46919]]]]}},
  {"type":"Feature","properties":{"name":"七宗町","code":"21504"},"geometry":{"type":"MultiPolygon","coordinates":[[[[137.04405,35.54962],[137.04489,35.54957],[137.04549,35.54913],[137.04876,35.54773],[137.04913,35.54691],[137.05043,35.54641],[137.05099,35.54594],[137.05213,35.54563],[137.05405,35.54548],[137.0555,35.5457],[137.05679,35.54545],[137.05819,35.54584],[137.05868,35.54875],[137.05831,35.54952],[137.05808,35.55065],[137.0581,35.55239],[137.05764,35.553],[137.05899,35.5543],[137.06084,35.55413],[137.0616,35.55392],[137.06289,35.5531],[137.06381,35.55312],[137.06434,35.55245],[137.06384,35.55155],[137.06463,35.55112],[137.06547,35.5511],[137.06679,35.55072],[137.06767,35.55079],[137.06838,35.55043],[137.06981,35.55046],[137.07061,35.5503],[137.07315,35.55154],[137.07518,35.55164],[137.07662,35.5522],[137.07814,35.55194],[137.07846,35.5511],[137.08064,35.55071],[137.08403,35.54886],[137.08514,35.54844],[137.08643,35.54835],[137.08884,35.5463],[137.08981,35.54599],[137.09159,35.54589],[137.09472,35.54503],[137.09572,35.54569],[137.09709,35.54703],[137.09741,35.54805],[137.09694,35.54893],[137.09517,35.5504],[137.0943,35.55087],[137.09375,35.55208],[137.09409,35.55318],[137.09518,35.55389],[137.09721,35.5549],[137.09874,35.5547],[137.10175,35.55312],[137.10486,35.5518],[137.10608,35.55008],[137.10705,35.54975],[137.10525,35.5488],[137.10306,35.54906],[137.10233,35.54869],[137.1021,35.54787],[137.10137,35.54839],[137.09994,35.5483],[137.09972,35.54784],[137.10078,35.54575],[137.09972,35.54453],[137.09998,35.54414],[137.10129,35.54462],[137.10334,35.54459],[137.10438,35.54493],[137.10712,35.54608],[137.1084,35.54563],[137.10827,35.54517],[137.10694,35.54515],[137.10644,35.54427],[137.10608,35.54259],[137.10451,35.54209],[137.10448,35.54159],[137.10598,35.54106],[137.10729,35.53989],[137.10723,35.53905],[137.10675,35.53816],[137.10618,35.536],[137.10615,35.53527],[137.10647,35.53423],[137.10696,35.53344],[137.10699,35.53242],[137.10755,35.5318],[137.10812,35.52899],[137.10803,35.52795],[137.10904,35.5282],[137.10977,35.52792],[137.10912,35.52739],[137.10842,35.52725],[137.10887,35.52653],[137.1086,35.52543],[137.10889,35.52417],[137.10823,35.52389],[137.10869,35.52273],[137.10878,35.52137],[137.10783,35.52069],[137.10674,35.51854],[137.10961,35.51822],[137.11243,35.51843],[137.11374,35.51932],[137.11394,35.51833],[137.11465,35.51798],[137.11535,35.51722],[137.1163,35.51719],[137.1167,35.5181],[137.11766,35.51839],[137.11906,35.51931],[137.12059,35.51901],[137.12122,35.51821],[137.12227,35.51783],[137.12258,35.51744],[137.12227,35.51669],[137.12305,35.51649],[137.12387,35.51702],[137.1239,35.51817],[137.12435,35.51879],[137.12669,35.51929],[137.12856,35.51931],[137.12999,35.51997],[137.13121,35.51976],[137.13155,35.52012],[137.13263,35.51985],[137.13266,35.52061],[137.13441,35.52108],[137.13361,35.52221],[137.13327,35.52307],[137.13355,35.52454],[137.13451,35.52473],[137.13549,35.52532],[137.13439,35.52613],[137.1334,35.52624],[137.13407,35.52707],[137.13633,35.52771],[137.13623,35.52798],[137.13768,35.52931],[137.1388,35.52937],[137.13982,35.53065],[137.13993,35.53145],[137.14078,35.53288],[137.14067,35.5337],[137.13942,35.53532],[137.1388,35.53543],[137.13753,35.53609],[137.13932,35.53721],[137.13975,35.53722],[137.14011,35.53638],[137.14156,35.53507],[137.14234,35.53481],[137.14336,35.5351],[137.14354,35.5361],[137.14419,35.53736],[137.1455,35.53948],[137.14624,35.53921],[137.1474,35.53992],[137.14862,35.53972],[137.14872,35.54133],[137.14959,35.54209],[137.15082,35.54167],[137.15149,35.5418],[137.15172,35.54258],[137.15272,35.54355],[137.15361,35.544],[137.15752,35.54224],[137.15971,35.54136],[137.15968,35.54039],[137.1603,35.53931],[137.16034,35.53849],[137.15959,35.53737],[137.15977,35.53661],[137.16211,35.53554],[137.16131,35.53484],[137.16173,35.53407],[137.16313,35.53393],[137.1628,35.53505],[137.16339,35.53624],[137.1631,35.53774],[137.16182,35.54097],[137.16201,35.54175],[137.16268,35.54249],[137.16363,35.54175],[137.16513,35.54113],[137.16647,35.5414],[137.16748,35.54074],[137.17038,35.54278],[137.17054,35.54402],[137.17035,35.5453],[137.16939,35.54574],[137.16825,35.54667],[137.16728,35.54694],[137.16721,35.5476],[137.16873,35.54777],[137.17014,35.54756],[137.17151,35.5471],[137.17272,35.54712],[137.17352,35.54588],[137.1744,35.54578],[137.17539,35.54614],[137.17657,35.54621],[137.1774,35.54731],[137.17874,35.54786],[137.18048,35.54791],[137.17981,35.54859],[137.17949,35.54931],[137.17848,35.55012],[137.17839,35.55062],[137.17917,35.55155],[137.18027,35.55216],[137.18215,35.55173],[137.18385,35.55198],[137.18446,35.55229],[137.18489,35.55336],[137.18469,35.55457],[137.18382,35.55653],[137.18352,35.55986],[137.18362,35.56085],[137.18313,35.56101],[137.1814,35.56231],[137.18081,35.56304],[137.1806,35.56568],[137.18006,35.56649],[137.17929,35.56694],[137.17814,35.56951],[137.17733,35.5706],[137.17598,35.57163],[137.17551,35.57248],[137.17442,35.57363],[137.17253,35.57446],[137.17248,35.57523],[137.17085,35.57591],[137.16943,35.57601],[137.16877,35.57586],[137.16695,35.57621],[137.16601,35.57691],[137.16462,35.5773],[137.16399,35.57789],[137.16359,35.58026],[137.16145,35.58155],[137.15966,35.58293],[137.1588,35.58453],[137.15842,35.58557],[137.15755,35.58605],[137.15748,35.58652],[137.15612,35.58897],[137.1562,35.5898],[137.15661,35.59014],[137.15504,35.591],[137.1536,35.59209],[137.15251,35.59244],[137.1513,35.59228],[137.14949,35.59266],[137.14777,35.59327],[137.14624,35.59483],[137.14538,35.59478],[137.14451,35.5944],[137.14295,35.5948],[137.14213,35.59466],[137.14154,35.59579],[137.14161,35.59658],[137.1409,35.59712],[137.14008,35.59728],[137.13984,35.59836],[137.14164,35.59903],[137.14306,35.59995],[137.14344,35.60057],[137.14432,35.60017],[137.14548,35.60017],[137.14591,35.60083],[137.14689,35.60094],[137.14819,35.60074],[137.14909,35.60164],[137.1487,35.60223],[137.14987,35.60367],[137.15147,35.60369],[137.15176,35.60433],[137.15356,35.60451],[137.15395,35.60478],[137.15492,35.60646],[137.15559,35.60668],[137.15732,35.60811],[137.15737,35.60938],[137.15812,35.61279],[137.1561,35.61439],[137.15528,35.61418],[137.15353,35.61441],[137.15104,35.61557],[137.14841,35.61508],[137.14676,35.61423],[137.14425,35.61403],[137.14346,35.61362],[137.14274,35.61243],[137.14111,35.61067],[137.14033,35.61017],[137.13966,35.60938],[137.13765,35.6092],[137.13677,35.60961],[137.13631,35.61034],[137.13542,35.61116],[137.13609,35.61241],[137.13698,35.61301],[137.13806,35.6146],[137.13846,35.61654],[137.13887,35.61723],[137.14003,35.61802],[137.13994,35.61884],[137.1388,35.61953],[137.13853,35.62086],[137.13884,35.62144],[137.13991,35.62206],[137.14051,35.62488],[137.13991,35.62436],[137.13851,35.6242],[137.13801,35.62387],[137.13665,35.62377],[137.13618,35.62396],[137.13367,35.62376],[137.1329,35.62212],[137.13288,35.62106],[137.13155,35.62],[137.13052,35.62001],[137.12972,35.62048],[137.12968,35.62163],[137.13031,35.62292],[137.12965,35.62304],[137.12846,35.62262],[137.12777,35.62308],[137.12659,35.623],[137.12491,35.62204],[137.12342,35.6216],[137.12201,35.62199],[137.12131,35.62302],[137.12055,35.6231],[137.11958,35.62383],[137.11787,35.62347],[137.11703,35.62269],[137.11617,35.62243],[137.1151,35.62248],[137.11237,35.62083],[137.11133,35.62117],[137.11044,35.62183],[137.10917,35.62206],[137.10904,35.62254],[137.10964,35.62363],[137.10933,35.6246],[137.10822,35.62502],[137.10685,35.62474],[137.10633,35.62485],[137.10475,35.62588],[137.10299,35.62547],[137.10228,35.62545],[137.10144,35.62581],[137.09982,35.62568],[137.0972,35.62492],[137.09591,35.62506],[137.09462,35.62579],[137.09379,35.62655],[137.09299,35.62782],[137.09249,35.62897],[137.09247,35.63027],[137.09171,35.63129],[137.09114,35.63143],[137.09018,35.6319],[137.08847,35.63189],[137.08734,35.63222],[137.08687,35.633],[137.08609,35.63323],[137.08454,35.63173],[137.08297,35.63173],[137.08188,35.63076],[137.08216,35.62974],[137.08128,35.62946],[137.081,35.62889],[137.07989,35.6282],[137.07898,35.62848],[137.077,35.62861],[137.0763,35.62783],[137.07507,35.62752],[137.07428,35.62813],[137.07342,35.62747],[137.07175,35.62721],[137.07081,35.62683],[137.07126,35.6252],[137.07119,35.62364],[137.07012,35.62339],[137.06907,35.62285],[137.06812,35.62281],[137.06714,35.62222],[137.06605,35.62236],[137.06517,35.62278],[137.06369,35.62317],[137.06124,35.62332],[137.06205,35.62207],[137.062,35.62024],[137.06139,35.61894],[137.06136,35.61794],[137.06075,35.6155],[137.06024,35.61416],[137.06096,35.61359],[137.06084,35.61215],[137.06052,35.61137],[137.05948,35.61097],[137.05888,35.61025],[137.05925,35.60911],[137.05991,35.60871],[137.0596,35.60815],[137.05955,35.60651],[137.05906,35.60463],[137.05741,35.60427],[137.05602,35.6042],[137.05495,35.60254],[137.05506,35.60141],[137.05397,35.599],[137.05379,35.59827],[137.05425,35.59758],[137.0538,35.59704],[137.05339,35.59587],[137.05383,35.59446],[137.05309,35.59388],[137.05306,35.59321],[137.05493,35.59269],[137.05567,35.59281],[137.05666,35.59224],[137.05611,35.59062],[137.05655,35.58958],[137.05759,35.58939],[137.05779,35.58857],[137.0575,35.5879],[137.05787,35.58741],[137.0577,35.58645],[137.05719,35.58576],[137.05737,35.58485],[137.05796,35.58418],[137.05921,35.58366],[137.05993,35.58303],[137.06061,35.58336],[137.06133,35.58319],[137.06335,35.58215],[137.06284,35.58119],[137.0645,35.58005],[137.06537,35.5797],[137.06443,35.5786],[137.06452,35.57774],[137.06371,35.57618],[137.06388,35.57548],[137.06533,35.57471],[137.06603,35.57416],[137.06674,35.57408],[137.0684,35.5743],[137.06872,35.57466],[137.07019,35.57468],[137.07127,35.57435],[137.07202,35.57323],[137.07285,35.57278],[137.07141,35.57194],[137.07129,35.57051],[137.07073,35.56993],[137.06969,35.56959],[137.06876,35.56899],[137.06786,35.56798],[137.0669,35.56793],[137.06617,35.56738],[137.06363,35.5676],[137.0635,35.56652],[137.0627,35.56627],[137.06122,35.56489],[137.05943,35.56419],[137.05727,35.56299],[137.05534,35.56134],[137.05401,35.56086],[137.05347,35.56006],[137.05263,35.55952],[137.0512,35.55901],[137.05093,35.55836],[137.04987,35.55732],[137.04947,35.55639],[137.04951,35.55558],[137.04779,35.5547],[137.04676,35.55296],[137.04591,35.5523],[137.0457,35.55174],[137.04405,35.54962]]]]}},
  {"type":"Feature","properties":{"name":"八百津町","code":"21505"},"geometry":{"type":"MultiPolygon","coordinates":[[[[137.2506,35.46443],[137.25006,35.4652],[137.24986,35.46601],[137.25065,35.46623],[137.25124,35.46771],[137.25201,35.46788],[137.25178,35.46852],[137.25459,35.46884],[137.25573,35.46964],[137.25728,35.46971],[137.25725,35.47039],[137.25658,35.47041],[137.25596,35.47086],[137.25661,35.4717],[137.25633,35.47277],[137.25559,35.47295],[137.25559,35.47386],[137.2548,35.47407],[137.25418,35.47493],[137.25435,35.47541],[137.25655,35.47603],[137.2569,35.47694],[137.25742,35.47726],[137.25724,35.47794],[137.25568,35.47935],[137.25581,35.47979],[137.25782,35.47954],[137.25905,35.47963],[137.2601,35.47894],[137.26076,35.47984],[137.26171,35.48052],[137.26283,35.48082],[137.26363,35.48064],[137.26448,35.48129],[137.26459,35.48184],[137.26397,35.48226],[137.26344,35.48343],[137.26283,35.48403],[137.26287,35.48547],[137.26336,35.48584],[137.26394,35.48705],[137.26572,35.48816],[137.26608,35.4897],[137.26592,35.49009],[137.26644,35.491],[137.26517,35.49183],[137.26696,35.49298],[137.26795,35.49324],[137.2689,35.49383],[137.26943,35.49514],[137.27,35.49557],[137.2712,35.4958],[137.27203,35.49559],[137.27381,35.49604],[137.27513,35.49586],[137.27594,35.49631],[137.27705,35.49731],[137.2777,35.49833],[137.27886,35.49855],[137.27986,35.49827],[137.28055,35.49956],[137.28027,35.50084],[137.28098,35.50129],[137.28168,35.50118],[137.28347,35.50222],[137.28347,35.50343],[137.28507,35.50471],[137.28585,35.50491],[137.28625,35.50569],[137.2873,35.50592],[137.2866,35.5073],[137.28686,35.50822],[137.28448,35.51029],[137.28353,35.51147],[137.28415,35.51228],[137.28389,35.51278],[137.28291,35.51333],[137.28192,35.51359],[137.28114,35.5151],[137.28129,35.51613],[137.28081,35.51745],[137.28015,35.51781],[137.2797,35.5192],[137.27871,35.52027],[137.27788,35.52058],[137.27688,35.52152],[137.27621,35.52095],[137.27607,35.52017],[137.2732,35.52104],[137.27316,35.52265],[137.27142,35.52512],[137.26953,35.52619],[137.26901,35.52698],[137.26821,35.52771],[137.26649,35.52878],[137.26611,35.52932],[137.26427,35.52988],[137.26284,35.52955],[137.26221,35.52985],[137.25969,35.53017],[137.25904,35.5299],[137.25777,35.5301],[137.25659,35.53133],[137.25532,35.53098],[137.2529,35.53314],[137.25183,35.53352],[137.25205,35.53507],[137.25239,35.53565],[137.25153,35.53649],[137.25164,35.53724],[137.25074,35.53749],[137.25052,35.53809],[137.24955,35.5389],[137.24789,35.53892],[137.247,35.53968],[137.24443,35.5411],[137.2433,35.54116],[137.2419,35.54187],[137.23981,35.54207],[137.23934,35.54259],[137.23915,35.54479],[137.23823,35.54603],[137.23632,35.54742],[137.23379,35.5473],[137.23195,35.5477],[137.23212,35.54846],[137.23111,35.54929],[137.22914,35.54949],[137.22797,35.5503],[137.228,35.55077],[137.2271,35.5514],[137.22693,35.55216],[137.22609,35.55297],[137.22508,35.55331],[137.22411,35.55327],[137.22306,35.55394],[137.2222,35.55319],[137.22154,35.55297],[137.21972,35.55367],[137.21937,35.55423],[137.21761,35.55262],[137.21286,35.55033],[137.21233,35.54978],[137.21145,35.54768],[137.21068,35.54676],[137.21076,35.54604],[137.20857,35.54528],[137.20797,35.5449],[137.20659,35.54462],[137.20622,35.54538],[137.20621,35.54628],[137.20448,35.54845],[137.20364,35.54906],[137.20347,35.54986],[137.20289,35.55054],[137.20384,35.55192],[137.20398,35.55243],[137.202,35.55377],[137.20152,35.55382],[137.20065,35.55464],[137.19998,35.55497],[137.19922,35.55452],[137.19805,35.55459],[137.19826,35.55393],[137.19696,35.55368],[137.19488,35.55348],[137.19413,35.55375],[137.19327,35.55358],[137.19161,35.55362],[137.19014,35.55337],[137.18919,35.5536],[137.18851,35.55329],[137.18661,35.55349],[137.18489,35.55336],[137.18446,35.55229],[137.18385,35.55198],[137.18215,35.55173],[137.18027,35.55216],[137.17917,35.55155],[137.17839,35.55062],[137.17848,35.55012],[137.17949,35.54931],[137.17981,35.54859],[137.18048,35.54791],[137.17874,35.54786],[137.1774,35.54731],[137.17657,35.54621],[137.17539,35.54614],[137.1744,35.54578],[137.17352,35.54588],[137.17272,35.54712],[137.17151,35.5471],[137.17014,35.54756],[137.16873,35.54777],[137.16721,35.5476],[137.16728,35.54694],[137.16825,35.54667],[137.16939,35.54574],[137.17035,35.5453],[137.17054,35.54402],[137.17038,35.54278],[137.16748,35.54074],[137.16647,35.5414],[137.16513,35.54113],[137.16363,35.54175],[137.16268,35.54249],[137.16201,35.54175],[137.16182,35.54097],[137.1631,35.53774],[137.16339,35.53624],[137.1628,35.53505],[137.16313,35.53393],[137.16173,35.53407],[137.16131,35.53484],[137.16211,35.53554],[137.15977,35.53661],[137.15959,35.53737],[137.16034,35.53849],[137.1603,35.53931],[137.15968,35.54039],[137.15971,35.54136],[137.15752,35.54224],[137.15361,35.544],[137.15272,35.54355],[137.15172,35.54258],[137.15149,35.5418],[137.15082,35.54167],[137.14959,35.54209],[137.14872,35.54133],[137.14862,35.53972],[137.1474,35.53992],[137.14624,35.53921],[137.1455,35.53948],[137.14419,35.53736],[137.14354,35.5361],[137.14336,35.5351],[137.14234,35.53481],[137.14156,35.53507],[137.14011,35.53638],[137.13975,35.53722],[137.13932,35.53721],[137.13753,35.53609],[137.1388,35.53543],[137.13942,35.53532],[137.14067,35.5337],[137.14078,35.53288],[137.13993,35.53145],[137.13982,35.53065],[137.1388,35.52937],[137.13768,35.52931],[137.13623,35.52798],[137.13633,35.52771],[137.13407,35.52707],[137.1334,35.52624],[137.13439,35.52613],[137.13549,35.52532],[137.13451,35.52473],[137.13355,35.52454],[137.13327,35.52307],[137.13361,35.52221],[137.13441,35.52108],[137.13266,35.52061],[137.13263,35.51985],[137.13155,35.52012],[137.13121,35.51976],[137.12999,35.51997],[137.12856,35.51931],[137.12669,35.51929],[137.12435,35.51879],[137.1239,35.51817],[137.12387,35.51702],[137.12305,35.51649],[137.12444,35.51594],[137.12649,35.51632],[137.12744,35.51615],[137.128,35.51515],[137.12988,35.51506],[137.13171,35.51343],[137.13229,35.51245],[137.13233,35.51105],[137.13272,35.51025],[137.13245,35.50892],[137.1325,35.50749],[137.1318,35.50688],[137.13131,35.50608],[137.13139,35.50467],[137.1303,35.5034],[137.12824,35.50176],[137.12657,35.50115],[137.12553,35.50195],[137.12448,35.50226],[137.12324,35.50288],[137.12115,35.50311],[137.11951,35.50377],[137.1185,35.50471],[137.11798,35.50558],[137.11639,35.50606],[137.11583,35.50582],[137.11528,35.50453],[137.11441,35.50453],[137.11319,35.50375],[137.11291,35.5032],[137.11505,35.5013],[137.11266,35.49963],[137.11259,35.49872],[137.11127,35.49766],[137.11048,35.49747],[137.10914,35.49765],[137.10788,35.49698],[137.10722,35.49606],[137.10722,35.49549],[137.10608,35.49445],[137.10596,35.49395],[137.10528,35.49356],[137.10405,35.49231],[137.10385,35.49119],[137.1031,35.49001],[137.10196,35.48905],[137.10013,35.48885],[137.09918,35.48952],[137.09859,35.4896],[137.09672,35.48939],[137.09447,35.48938],[137.09383,35.48911],[137.09268,35.48905],[137.09214,35.48937],[137.09084,35.49116],[137.0902,35.49141],[137.08915,35.49122],[137.08848,35.49006],[137.0871,35.48991],[137.08458,35.48847],[137.08401,35.48769],[137.08408,35.48666],[137.08336,35.48526],[137.0826,35.48303],[137.08337,35.48269],[137.08399,35.48185],[137.08394,35.48134],[137.08509,35.47993],[137.08449,35.47932],[137.08673,35.47715],[137.08801,35.47615],[137.08838,35.47558],[137.08979,35.47449],[137.09114,35.47433],[137.09172,35.47344],[137.09181,35.47285],[137.09058,35.47188],[137.0888,35.47107],[137.08812,35.47015],[137.08755,35.47011],[137.08735,35.46937],[137.08666,35.46919],[137.0863,35.46784],[137.08666,35.46695],[137.08585,35.46653],[137.08538,35.4658],[137.08541,35.46457],[137.08437,35.46243],[137.08415,35.46129],[137.08283,35.46089],[137.08204,35.46094],[137.07973,35.45968],[137.07871,35.45961],[137.07705,35.46005],[137.07577,35.4591],[137.07642,35.4574],[137.07717,35.45673],[137.07771,35.45541],[137.07695,35.45461],[137.07741,35.45321],[137.07681,35.45271],[137.07732,35.45126],[137.07703,35.45069],[137.07772,35.45049],[137.07749,35.44895],[137.07848,35.4499],[137.07919,35.45006],[137.07935,35.44904],[137.08031,35.44916],[137.07992,35.44986],[137.08061,35.45009],[137.08193,35.44924],[137.08242,35.44956],[137.0834,35.44941],[137.08404,35.45224],[137.08447,35.45312],[137.08534,35.45404],[137.08624,35.45465],[137.08916,35.45623],[137.09263,35.45859],[137.09464,35.46008],[137.09541,35.4608],[137.09618,35.462],[137.09696,35.46247],[137.0998,35.46355],[137.10189,35.46424],[137.10368,35.46514],[137.10467,35.46399],[137.10671,35.46358],[137.11077,35.46329],[137.11088,35.46239],[137.11146,35.46193],[137.11181,35.46103],[137.11196,35.45923],[137.11265,35.45834],[137.11338,35.45661],[137.11513,35.45501],[137.11551,35.45399],[137.11617,35.45394],[137.11739,35.45327],[137.11822,35.45335],[137.11932,35.45296],[137.12001,35.45239],[137.12078,35.4526],[137.1217,35.45333],[137.12379,35.45379],[137.1255,35.45324],[137.12622,35.4527],[137.12676,35.45332],[137.12738,35.45304],[137.12785,35.45227],[137.13207,35.45206],[137.13323,35.45161],[137.13486,35.45149],[137.135,35.45009],[137.13725,35.45069],[137.13796,35.45042],[137.13928,35.45099],[137.13973,35.45226],[137.1411,35.45203],[137.14279,35.45211],[137.14381,35.45266],[137.14375,35.45508],[137.14437,35.45566],[137.14682,35.45539],[137.14732,35.45558],[137.1492,35.45564],[137.15051,35.45528],[137.15125,35.4545],[137.15502,35.45394],[137.15484,35.45336],[137.15757,35.45327],[137.15922,35.45283],[137.16045,35.45304],[137.16248,35.45408],[137.1641,35.45401],[137.16443,35.45464],[137.16374,35.45517],[137.16442,35.45604],[137.16466,35.45681],[137.16527,35.4575],[137.16682,35.45827],[137.16688,35.45945],[137.16801,35.46474],[137.16799,35.46586],[137.16849,35.46656],[137.16845,35.46711],[137.16942,35.46769],[137.17262,35.46901],[137.17585,35.46985],[137.17975,35.47151],[137.1816,35.47218],[137.18498,35.47287],[137.18881,35.47344],[137.19279,35.47367],[137.19534,35.47341],[137.1968,35.47288],[137.20005,35.47098],[137.2034,35.46973],[137.2047,35.46958],[137.20625,35.46985],[137.20752,35.47031],[137.20879,35.47101],[137.20963,35.47174],[137.21174,35.47387],[137.21311,35.47459],[137.21452,35.47473],[137.2162,35.47381],[137.21848,35.47104],[137.21942,35.47002],[137.22085,35.46942],[137.22215,35.46935],[137.22273,35.4696],[137.22405,35.47073],[137.22636,35.4724],[137.2275,35.47287],[137.22874,35.47302],[137.23032,35.47261],[137.23246,35.47127],[137.23269,35.47],[137.23164,35.46663],[137.2317,35.4648],[137.23237,35.46278],[137.23331,35.46141],[137.23362,35.46001],[137.23449,35.45839],[137.23637,35.45721],[137.23738,35.45724],[137.24038,35.45896],[137.24284,35.4596],[137.24359,35.45992],[137.24442,35.46073],[137.24492,35.46222],[137.24584,35.46356],[137.24751,35.46433],[137.24876,35.4646],[137.2506,35.46443]]],[[[137.07613,35.44767],[137.07695,35.44727],[137.07744,35.44629],[137.07819,35.44574],[137.07783,35.44516],[137.07858,35.44472],[137.08045,35.44642],[137.08116,35.44591],[137.08159,35.44642],[137.07976,35.44768],[137.07871,35.4487],[137.07852,35.44793],[137.07661,35.44822],[137.07613,35.44767]]]]}},
  {"type":"Feature","properties":{"name":"白川町","code":"21506"},"geometry":{"type":"MultiPolygon","coordinates":[[[[137.39305,35.60834],[137.39214,35.60918],[137.39046,35.60965],[137.38992,35.61037],[137.38906,35.61036],[137.38835,35.60982],[137.3871,35.60936],[137.38459,35.61],[137.38393,35.61028],[137.38277,35.61031],[137.38115,35.61132],[137.3787,35.61184],[137.37755,35.61188],[137.37701,35.6124],[137.37573,35.61244],[137.37485,35.61267],[137.37412,35.61399],[137.37273,35.61426],[137.37012,35.61442],[137.3688,35.61466],[137.36853,35.61503],[137.36618,35.61565],[137.36578,35.61652],[137.36424,35.61682],[137.36355,35.61715],[137.36166,35.61739],[137.35993,35.61738],[137.35859,35.61805],[137.35801,35.61779],[137.35702,35.61789],[137.35526,35.61756],[137.35459,35.61669],[137.35189,35.61734],[137.35101,35.617],[137.34894,35.61708],[137.34774,35.61644],[137.3474,35.61666],[137.34466,35.61733],[137.34346,35.61846],[137.34229,35.6189],[137.34055,35.62032],[137.33975,35.62082],[137.33863,35.62105],[137.33719,35.6216],[137.33576,35.62162],[137.33306,35.62209],[137.33234,35.6216],[137.33068,35.61951],[137.32969,35.61913],[137.32896,35.61828],[137.32785,35.61776],[137.32584,35.61709],[137.3256,35.61658],[137.32562,35.61487],[137.32498,35.61392],[137.32406,35.614],[137.32286,35.61384],[137.32189,35.61347],[137.32133,35.61284],[137.31984,35.61197],[137.31857,35.61156],[137.31839,35.611],[137.3167,35.61074],[137.31564,35.6102],[137.31471,35.61015],[137.31417,35.60939],[137.31284,35.60903],[137.31038,35.6089],[137.30919,35.60905],[137.30799,35.60746],[137.30783,35.60702],[137.30684,35.60633],[137.30342,35.60648],[137.3031,35.60567],[137.30227,35.60518],[137.30095,35.60393],[137.30038,35.60318],[137.29937,35.60322],[137.29875,35.60293],[137.29695,35.60296],[137.29665,35.60237],[137.29558,35.60259],[137.29459,35.60209],[137.29267,35.6018],[137.29138,35.60089],[137.28993,35.60068],[137.28811,35.60022],[137.28596,35.59913],[137.28423,35.59885],[137.28362,35.59787],[137.28249,35.59754],[137.28102,35.59785],[137.27977,35.59846],[137.27884,35.59821],[137.27702,35.5988],[137.27615,35.59891],[137.27509,35.5996],[137.27532,35.60094],[137.27382,35.60271],[137.27285,35.60352],[137.27247,35.60435],[137.27252,35.6058],[137.27157,35.606],[137.27048,35.607],[137.26877,35.60797],[137.26788,35.6078],[137.26661,35.60852],[137.26534,35.60884],[137.26421,35.60891],[137.26299,35.60961],[137.26333,35.61127],[137.26323,35.61297],[137.26231,35.6143],[137.26142,35.61497],[137.26052,35.61626],[137.26028,35.61699],[137.25904,35.61805],[137.25938,35.61909],[137.26007,35.61965],[137.25984,35.62054],[137.259,35.62167],[137.25918,35.6228],[137.26026,35.6235],[137.26026,35.62415],[137.26131,35.62481],[137.26155,35.62545],[137.26116,35.62603],[137.26148,35.62669],[137.26144,35.62751],[137.26,35.62971],[137.25927,35.63022],[137.25758,35.63081],[137.25715,35.63174],[137.25837,35.63297],[137.25899,35.63326],[137.26069,35.63356],[137.26147,35.63404],[137.26261,35.63365],[137.26455,35.63378],[137.26571,35.63371],[137.26583,35.63429],[137.26805,35.6365],[137.26903,35.63554],[137.26965,35.63538],[137.27031,35.6347],[137.27084,35.63486],[137.27153,35.6362],[137.27245,35.63646],[137.2737,35.63651],[137.27424,35.63807],[137.27571,35.63929],[137.27699,35.63973],[137.27776,35.64081],[137.27974,35.64089],[137.27965,35.64181],[137.28024,35.64275],[137.28154,35.64328],[137.28291,35.64343],[137.28413,35.64486],[137.28565,35.64555],[137.28638,35.6465],[137.28776,35.64729],[137.28798,35.64768],[137.28704,35.64942],[137.28581,35.64961],[137.28494,35.65068],[137.2851,35.65147],[137.28592,35.65201],[137.28603,35.65289],[137.28639,35.65332],[137.28704,35.65532],[137.28886,35.65636],[137.28966,35.65703],[137.28998,35.65833],[137.29091,35.65908],[137.29109,35.66012],[137.29206,35.66168],[137.29522,35.66387],[137.29499,35.66536],[137.29535,35.66602],[137.29695,35.6673],[137.29844,35.66768],[137.29951,35.66766],[137.30065,35.66713],[137.30223,35.66707],[137.3031,35.66644],[137.30389,35.66651],[137.30456,35.66731],[137.30537,35.66887],[137.30754,35.67031],[137.30883,35.6705],[137.30928,35.67146],[137.30995,35.6719],[137.31104,35.67316],[137.31281,35.67404],[137.31382,35.67418],[137.31583,35.6767],[137.31592,35.67751],[137.31649,35.6789],[137.3169,35.67919],[137.31897,35.67961],[137.32064,35.68047],[137.32062,35.68133],[137.32164,35.68298],[137.32118,35.68369],[137.32051,35.6841],[137.32022,35.68486],[137.32097,35.68598],[137.32316,35.68626],[137.32893,35.68975],[137.32904,35.69045],[137.33282,35.69235],[137.33464,35.69257],[137.33607,35.69333],[137.33761,35.69286],[137.33844,35.69304],[137.34014,35.6941],[137.34122,35.69521],[137.34171,35.69524],[137.34281,35.69586],[137.34369,35.69595],[137.34403,35.69643],[137.34391,35.69752],[137.34291,35.6977],[137.34187,35.69942],[137.34154,35.70043],[137.34199,35.7014],[137.34426,35.70218],[137.34419,35.70262],[137.34479,35.70347],[137.34406,35.70364],[137.34252,35.70523],[137.34183,35.7067],[137.34115,35.70739],[137.33957,35.70763],[137.33799,35.70733],[137.33747,35.7082],[137.33607,35.70916],[137.33356,35.70915],[137.33279,35.70962],[137.33183,35.71056],[137.33102,35.71097],[137.33047,35.71058],[137.32883,35.71004],[137.32782,35.70932],[137.32651,35.70904],[137.32558,35.70853],[137.32489,35.70848],[137.32402,35.7089],[137.32338,35.70889],[137.32241,35.7082],[137.32096,35.7078],[137.32035,35.70809],[137.31908,35.708],[137.31844,35.70722],[137.31698,35.70705],[137.31545,35.70707],[137.31342,35.70652],[137.31303,35.70614],[137.31262,35.70494],[137.31259,35.70415],[137.31212,35.7038],[137.31118,35.70392],[137.31051,35.70362],[137.3096,35.70404],[137.30823,35.70434],[137.30684,35.70389],[137.30641,35.70356],[137.30485,35.7032],[137.30454,35.70269],[137.30243,35.70218],[137.3025,35.70122],[137.3015,35.69948],[137.3005,35.69659],[137.30015,35.69611],[137.3005,35.69544],[137.29974,35.695],[137.29895,35.69509],[137.29783,35.69486],[137.29661,35.69433],[137.29354,35.69408],[137.2923,35.69442],[137.29101,35.69369],[137.29076,35.69305],[137.29002,35.69277],[137.28843,35.69351],[137.28777,35.69347],[137.28693,35.69278],[137.2864,35.69272],[137.28492,35.69126],[137.28331,35.69111],[137.28227,35.69141],[137.28109,35.69113],[137.2804,35.69178],[137.27946,35.6919],[137.27761,35.69153],[137.27672,35.69201],[137.27573,35.69219],[137.27375,35.69164],[137.27334,35.69229],[137.27235,35.69293],[137.27145,35.69402],[137.27159,35.69489],[137.2708,35.6961],[137.27061,35.69704],[137.26976,35.69726],[137.26907,35.69792],[137.26792,35.69828],[137.26629,35.69745],[137.2641,35.69674],[137.26413,35.69574],[137.26383,35.69459],[137.26263,35.69407],[137.26169,35.69402],[137.26014,35.69342],[137.25871,35.69371],[137.25827,35.69359],[137.25778,35.69259],[137.2553,35.69195],[137.25536,35.69148],[137.25482,35.69049],[137.25357,35.69012],[137.25173,35.68926],[137.24953,35.68951],[137.24804,35.68738],[137.24789,35.68611],[137.24839,35.68422],[137.24775,35.68331],[137.24819,35.68235],[137.24784,35.68039],[137.24819,35.67949],[137.247,35.67912],[137.24594,35.67851],[137.24466,35.67694],[137.24519,35.67562],[137.24476,35.67514],[137.24346,35.67475],[137.24243,35.67476],[137.24186,35.67509],[137.24042,35.67514],[137.23829,35.67676],[137.23731,35.67681],[137.23594,35.67647],[137.23293,35.67655],[137.23183,35.6767],[137.23147,35.67743],[137.23006,35.67867],[137.22607,35.67946],[137.225,35.67961],[137.22473,35.68026],[137.22362,35.68051],[137.22294,35.68098],[137.22211,35.68099],[137.22137,35.68143],[137.21999,35.6814],[137.2184,35.68169],[137.21787,35.68054],[137.21705,35.68051],[137.21603,35.67994],[137.21531,35.6788],[137.21486,35.67848],[137.21314,35.67885],[137.21192,35.67887],[137.20997,35.67777],[137.20721,35.67751],[137.20604,35.67712],[137.20555,35.67751],[137.20491,35.67739],[137.20404,35.67592],[137.20284,35.67445],[137.20208,35.67409],[137.20191,35.67322],[137.20131,35.67273],[137.19996,35.67215],[137.19951,35.67158],[137.19742,35.67104],[137.1957,35.67084],[137.1943,35.66855],[137.19318,35.66796],[137.19357,35.66662],[137.19454,35.6649],[137.19523,35.66438],[137.19518,35.66353],[137.19563,35.66258],[137.19454,35.66154],[137.19354,35.66092],[137.19558,35.65832],[137.19688,35.65746],[137.19775,35.65658],[137.19757,35.65557],[137.19714,35.65527],[137.19475,35.65544],[137.19329,35.65516],[137.19031,35.65373],[137.19006,35.65322],[137.19037,35.65106],[137.18965,35.65016],[137.1889,35.64967],[137.18824,35.64795],[137.1867,35.6481],[137.18595,35.64853],[137.1837,35.64862],[137.18309,35.6493],[137.18169,35.65011],[137.18099,35.65004],[137.18038,35.65043],[137.17952,35.65042],[137.17921,35.64916],[137.17971,35.64875],[137.17932,35.64787],[137.17899,35.64585],[137.17872,35.6452],[137.17686,35.64506],[137.17675,35.64336],[137.17503,35.64267],[137.17376,35.64137],[137.17156,35.64089],[137.17148,35.64019],[137.17085,35.63946],[137.17004,35.63721],[137.16933,35.63678],[137.16812,35.63666],[137.16745,35.63688],[137.16663,35.63634],[137.16471,35.63608],[137.1632,35.63625],[137.16258,35.63575],[137.16116,35.63539],[137.15938,35.63549],[137.15834,35.63487],[137.15759,35.63488],[137.15605,35.63437],[137.15451,35.63407],[137.15343,35.63346],[137.15175,35.63319],[137.15097,35.63256],[137.14895,35.6327],[137.1478,35.63238],[137.14608,35.63123],[137.14444,35.63184],[137.14275,35.63184],[137.14294,35.63092],[137.14269,35.63001],[137.14367,35.62904],[137.1426,35.62768],[137.14255,35.62671],[137.14224,35.62623],[137.14051,35.62488],[137.13991,35.62206],[137.13884,35.62144],[137.13853,35.62086],[137.1388,35.61953],[137.13994,35.61884],[137.14003,35.61802],[137.13887,35.61723],[137.13846,35.61654],[137.13806,35.6146],[137.13698,35.61301],[137.13609,35.61241],[137.13542,35.61116],[137.13631,35.61034],[137.13677,35.60961],[137.13765,35.6092],[137.13966,35.60938],[137.14033,35.61017],[137.14111,35.61067],[137.14274,35.61243],[137.14346,35.61362],[137.14425,35.61403],[137.14676,35.61423],[137.14841,35.61508],[137.15104,35.61557],[137.15353,35.61441],[137.15528,35.61418],[137.1561,35.61439],[137.15812,35.61279],[137.15737,35.60938],[137.15732,35.60811],[137.15559,35.60668],[137.15492,35.60646],[137.15395,35.60478],[137.15356,35.60451],[137.15176,35.60433],[137.15147,35.60369],[137.14987,35.60367],[137.1487,35.60223],[137.14909,35.60164],[137.14819,35.60074],[137.14689,35.60094],[137.14591,35.60083],[137.14548,35.60017],[137.14432,35.60017],[137.14344,35.60057],[137.14306,35.59995],[137.14164,35.59903],[137.13984,35.59836],[137.14008,35.59728],[137.1409,35.59712],[137.14161,35.59658],[137.14154,35.59579],[137.14213,35.59466],[137.14295,35.5948],[137.14451,35.5944],[137.14538,35.59478],[137.14624,35.59483],[137.14777,35.59327],[137.14949,35.59266],[137.1513,35.59228],[137.15251,35.59244],[137.1536,35.59209],[137.15504,35.591],[137.15661,35.59014],[137.1562,35.5898],[137.15612,35.58897],[137.15748,35.58652],[137.15755,35.58605],[137.15842,35.58557],[137.1588,35.58453],[137.15966,35.58293],[137.16145,35.58155],[137.16359,35.58026],[137.16399,35.57789],[137.16462,35.5773],[137.16601,35.57691],[137.16695,35.57621],[137.16877,35.57586],[137.16943,35.57601],[137.17085,35.57591],[137.17248,35.57523],[137.17253,35.57446],[137.17442,35.57363],[137.17551,35.57248],[137.17598,35.57163],[137.17733,35.5706],[137.17814,35.56951],[137.17929,35.56694],[137.18006,35.56649],[137.1806,35.56568],[137.18081,35.56304],[137.1814,35.56231],[137.18313,35.56101],[137.18362,35.56085],[137.18352,35.55986],[137.18382,35.55653],[137.18469,35.55457],[137.18489,35.55336],[137.18661,35.55349],[137.18851,35.55329],[137.18919,35.5536],[137.19014,35.55337],[137.19161,35.55362],[137.19327,35.55358],[137.19413,35.55375],[137.19488,35.55348],[137.19696,35.55368],[137.19826,35.55393],[137.19805,35.55459],[137.19922,35.55452],[137.19998,35.55497],[137.20065,35.55464],[137.20152,35.55382],[137.202,35.55377],[137.20398,35.55243],[137.20384,35.55192],[137.20289,35.55054],[137.20347,35.54986],[137.20364,35.54906],[137.20448,35.54845],[137.20621,35.54628],[137.20622,35.54538],[137.20659,35.54462],[137.20797,35.5449],[137.20857,35.54528],[137.21076,35.54604],[137.21068,35.54676],[137.21145,35.54768],[137.21233,35.54978],[137.21286,35.55033],[137.21761,35.55262],[137.21937,35.55423],[137.21972,35.55367],[137.22154,35.55297],[137.2222,35.55319],[137.22306,35.55394],[137.22411,35.55327],[137.22508,35.55331],[137.22609,35.55297],[137.22693,35.55216],[137.2271,35.5514],[137.228,35.55077],[137.22797,35.5503],[137.22914,35.54949],[137.23111,35.54929],[137.23212,35.54846],[137.23195,35.5477],[137.23379,35.5473],[137.23632,35.54742],[137.23823,35.54603],[137.23915,35.54479],[137.23934,35.54259],[137.23981,35.54207],[137.2419,35.54187],[137.2433,35.54116],[137.24443,35.5411],[137.247,35.53968],[137.24789,35.53892],[137.24955,35.5389],[137.25052,35.53809],[137.25074,35.53749],[137.25164,35.53724],[137.25153,35.53649],[137.25239,35.53565],[137.25205,35.53507],[137.25183,35.53352],[137.2529,35.53314],[137.25532,35.53098],[137.25659,35.53133],[137.25777,35.5301],[137.25904,35.5299],[137.25969,35.53017],[137.26221,35.52985],[137.26284,35.52955],[137.26427,35.52988],[137.26611,35.52932],[137.26649,35.52878],[137.26821,35.52771],[137.26901,35.52698],[137.27004,35.52778],[137.27194,35.5289],[137.27362,35.52956],[137.27503,35.52972],[137.2762,35.53007],[137.27635,35.53109],[137.27676,35.53131],[137.27854,35.52993],[137.27902,35.53016],[137.2818,35.53058],[137.28414,35.53061],[137.28529,35.53124],[137.28673,35.53113],[137.28973,35.53124],[137.29075,35.53109],[137.29184,35.53125],[137.29492,35.53148],[137.29568,35.53189],[137.2984,35.53256],[137.30062,35.53219],[137.30193,35.5339],[137.30211,35.53447],[137.30311,35.53493],[137.30549,35.53507],[137.30669,35.53549],[137.30813,35.53561],[137.30936,35.53623],[137.31067,35.53634],[137.31285,35.5353],[137.31413,35.53551],[137.31554,35.53517],[137.31624,35.53444],[137.31907,35.53416],[137.32061,35.53464],[137.32176,35.53464],[137.32346,35.53545],[137.3241,35.537],[137.32509,35.53795],[137.32636,35.53786],[137.32802,35.53891],[137.3292,35.54023],[137.33325,35.54276],[137.33384,35.54272],[137.33548,35.54356],[137.33656,35.54512],[137.33655,35.54554],[137.33794,35.54701],[137.33942,35.54713],[137.34153,35.54793],[137.34336,35.5497],[137.3446,35.55029],[137.34498,35.55095],[137.3447,35.55272],[137.34496,35.55361],[137.34553,35.55453],[137.34494,35.5552],[137.34485,35.55582],[137.34361,35.55671],[137.34414,35.55744],[137.34393,35.55853],[137.3444,35.55916],[137.34371,35.55988],[137.34409,35.56079],[137.3431,35.56074],[137.34267,35.56261],[137.34301,35.56304],[137.34393,35.56276],[137.34528,35.56162],[137.34712,35.56258],[137.3483,35.56299],[137.34971,35.56288],[137.35045,35.56331],[137.35201,35.56383],[137.35484,35.56424],[137.35541,35.56483],[137.35587,35.5644],[137.35699,35.56449],[137.35805,35.56415],[137.35887,35.56501],[137.36027,35.56528],[137.36082,35.56561],[137.36219,35.56575],[137.36313,35.5661],[137.3646,35.56603],[137.36549,35.5663],[137.36655,35.56631],[137.36817,35.56709],[137.36926,35.56703],[137.37072,35.56591],[137.37186,35.56536],[137.37335,35.56509],[137.37549,35.56417],[137.3771,35.56458],[137.37976,35.56403],[137.38081,35.56347],[137.38241,35.56325],[137.38362,35.56241],[137.38617,35.56202],[137.38728,35.56249],[137.38854,35.56203],[137.39096,35.56193],[137.3922,35.5627],[137.39305,35.56234],[137.39483,35.56228],[137.39573,35.56292],[137.39546,35.56441],[137.39497,35.56508],[137.39455,35.56641],[137.39444,35.56742],[137.39526,35.56804],[137.39763,35.57102],[137.39808,35.57175],[137.39906,35.57224],[137.39896,35.57344],[137.39785,35.5758],[137.39807,35.57714],[137.39895,35.57944],[137.39838,35.58057],[137.39841,35.58118],[137.39689,35.58135],[137.39622,35.58183],[137.39579,35.58264],[137.39449,35.5841],[137.39389,35.58549],[137.39367,35.58653],[137.39322,35.58727],[137.39168,35.58815],[137.3914,35.58897],[137.38989,35.59085],[137.38974,35.59152],[137.38978,35.59296],[137.38892,35.59452],[137.38778,35.59539],[137.3878,35.59655],[137.3873,35.59839],[137.38642,35.59906],[137.38659,35.6002],[137.38711,35.60075],[137.387,35.602],[137.38664,35.60314],[137.38709,35.60393],[137.38904,35.60466],[137.38941,35.60507],[137.39106,35.60517],[137.39206,35.60495],[137.39372,35.60538],[137.39389,35.60645],[137.39296,35.60797],[137.39305,35.60834]]]]}},
  {"type":"Feature","properties":{"name":"東白川村","code":"21507"},"geometry":{"type":"MultiPolygon","coordinates":[[[[137.34369,35.69595],[137.34281,35.69586],[137.34171,35.69524],[137.34122,35.69521],[137.34014,35.6941],[137.33844,35.69304],[137.33761,35.69286],[137.33607,35.69333],[137.33464,35.69257],[137.33282,35.69235],[137.32904,35.69045],[137.32893,35.68975],[137.32316,35.68626],[137.32097,35.68598],[137.32022,35.68486],[137.32051,35.6841],[137.32118,35.68369],[137.32164,35.68298],[137.32062,35.68133],[137.32064,35.68047],[137.31897,35.67961],[137.3169,35.67919],[137.31649,35.6789],[137.31592,35.67751],[137.31583,35.6767],[137.31382,35.67418],[137.31281,35.67404],[137.31104,35.67316],[137.30995,35.6719],[137.30928,35.67146],[137.30883,35.6705],[137.30754,35.67031],[137.30537,35.66887],[137.30456,35.66731],[137.30389,35.66651],[137.3031,35.66644],[137.30223,35.66707],[137.30065,35.66713],[137.29951,35.66766],[137.29844,35.66768],[137.29695,35.6673],[137.29535,35.66602],[137.29499,35.66536],[137.29522,35.66387],[137.29206,35.66168],[137.29109,35.66012],[137.29091,35.65908],[137.28998,35.65833],[137.28966,35.65703],[137.28886,35.65636],[137.28704,35.65532],[137.28639,35.65332],[137.28603,35.65289],[137.28592,35.65201],[137.2851,35.65147],[137.28494,35.65068],[137.28581,35.64961],[137.28704,35.64942],[137.28798,35.64768],[137.28776,35.64729],[137.28638,35.6465],[137.28565,35.64555],[137.28413,35.64486],[137.28291,35.64343],[137.28154,35.64328],[137.28024,35.64275],[137.27965,35.64181],[137.27974,35.64089],[137.27776,35.64081],[137.27699,35.63973],[137.27571,35.63929],[137.27424,35.63807],[137.2737,35.63651],[137.27245,35.63646],[137.27153,35.6362],[137.27084,35.63486],[137.27031,35.6347],[137.26965,35.63538],[137.26903,35.63554],[137.26805,35.6365],[137.26583,35.63429],[137.26571,35.63371],[137.26455,35.63378],[137.26261,35.63365],[137.26147,35.63404],[137.26069,35.63356],[137.25899,35.63326],[137.25837,35.63297],[137.25715,35.63174],[137.25758,35.63081],[137.25927,35.63022],[137.26,35.62971],[137.26144,35.62751],[137.26148,35.62669],[137.26116,35.62603],[137.26155,35.62545],[137.26131,35.62481],[137.26026,35.62415],[137.26026,35.6235],[137.25918,35.6228],[137.259,35.62167],[137.25984,35.62054],[137.26007,35.61965],[137.25938,35.61909],[137.25904,35.61805],[137.26028,35.61699],[137.26052,35.61626],[137.26142,35.61497],[137.26231,35.6143],[137.26323,35.61297],[137.26333,35.61127],[137.26299,35.60961],[137.26421,35.60891],[137.26534,35.60884],[137.26661,35.60852],[137.26788,35.6078],[137.26877,35.60797],[137.27048,35.607],[137.27157,35.606],[137.27252,35.6058],[137.27247,35.60435],[137.27285,35.60352],[137.27382,35.60271],[137.27532,35.60094],[137.27509,35.5996],[137.27615,35.59891],[137.27702,35.5988],[137.27884,35.59821],[137.27977,35.59846],[137.28102,35.59785],[137.28249,35.59754],[137.28362,35.59787],[137.28423,35.59885],[137.28596,35.59913],[137.28811,35.60022],[137.28993,35.60068],[137.29138,35.60089],[137.29267,35.6018],[137.29459,35.60209],[137.29558,35.60259],[137.29665,35.60237],[137.29695,35.60296],[137.29875,35.60293],[137.29937,35.60322],[137.30038,35.60318],[137.30095,35.60393],[137.30227,35.60518],[137.3031,35.60567],[137.30342,35.60648],[137.30684,35.60633],[137.30783,35.60702],[137.30799,35.60746],[137.30919,35.60905],[137.31038,35.6089],[137.31284,35.60903],[137.31417,35.60939],[137.31471,35.61015],[137.31564,35.6102],[137.3167,35.61074],[137.31839,35.611],[137.31857,35.61156],[137.31984,35.61197],[137.32133,35.61284],[137.32189,35.61347],[137.32286,35.61384],[137.32406,35.614],[137.32498,35.61392],[137.32562,35.61487],[137.3256,35.61658],[137.32584,35.61709],[137.32785,35.61776],[137.32896,35.61828],[137.32969,35.61913],[137.33068,35.61951],[137.33234,35.6216],[137.33306,35.62209],[137.33576,35.62162],[137.33719,35.6216],[137.33863,35.62105],[137.33975,35.62082],[137.34055,35.62032],[137.34229,35.6189],[137.34346,35.61846],[137.34466,35.61733],[137.3474,35.61666],[137.34774,35.61644],[137.34894,35.61708],[137.35101,35.617],[137.35189,35.61734],[137.35459,35.61669],[137.35526,35.61756],[137.35702,35.61789],[137.35801,35.61779],[137.35859,35.61805],[137.35993,35.61738],[137.36166,35.61739],[137.36355,35.61715],[137.36424,35.61682],[137.36578,35.61652],[137.36618,35.61565],[137.36853,35.61503],[137.3688,35.61466],[137.37012,35.61442],[137.37273,35.61426],[137.37412,35.61399],[137.37485,35.61267],[137.37573,35.61244],[137.37701,35.6124],[137.37755,35.61188],[137.3787,35.61184],[137.38115,35.61132],[137.38277,35.61031],[137.38393,35.61028],[137.38459,35.61],[137.3871,35.60936],[137.38835,35.60982],[137.38906,35.61036],[137.38992,35.61037],[137.39046,35.60965],[137.39214,35.60918],[137.39305,35.60834],[137.39369,35.60849],[137.39459,35.608],[137.39524,35.60821],[137.39578,35.60891],[137.39639,35.60898],[137.39777,35.60984],[137.39883,35.61091],[137.39977,35.61147],[137.40066,35.6117],[137.40179,35.61249],[137.40314,35.61384],[137.40423,35.61448],[137.40424,35.61492],[137.40498,35.61572],[137.405,35.61695],[137.40561,35.61826],[137.40505,35.61949],[137.40536,35.62017],[137.40533,35.62115],[137.40495,35.6219],[137.40525,35.62252],[137.40773,35.62401],[137.40851,35.62417],[137.40947,35.62492],[137.41084,35.62518],[137.41164,35.62556],[137.41268,35.62645],[137.41229,35.62852],[137.41122,35.63024],[137.41101,35.63178],[137.41118,35.63235],[137.41066,35.63297],[137.41093,35.63404],[137.41058,35.63477],[137.41045,35.63577],[137.41053,35.63757],[137.41101,35.63833],[137.40903,35.6385],[137.40785,35.63934],[137.40722,35.63939],[137.40531,35.64145],[137.40399,35.64317],[137.40387,35.64408],[137.4041,35.64505],[137.40378,35.64531],[137.40218,35.6457],[137.40073,35.64629],[137.40061,35.6467],[137.40113,35.64752],[137.40384,35.64955],[137.40495,35.65057],[137.40562,35.65144],[137.40602,35.65297],[137.4073,35.6535],[137.40774,35.65478],[137.40869,35.65537],[137.40915,35.65635],[137.40864,35.65722],[137.40856,35.65841],[137.4065,35.65994],[137.40562,35.6612],[137.40439,35.66116],[137.40342,35.66165],[137.40129,35.66171],[137.40007,35.66122],[137.39839,35.66146],[137.39703,35.66213],[137.39617,35.66391],[137.39534,35.66474],[137.39425,35.66516],[137.39041,35.66599],[137.38668,35.66613],[137.38573,35.66742],[137.38507,35.66787],[137.38384,35.66792],[137.38131,35.66868],[137.38042,35.66939],[137.37854,35.67003],[137.37616,35.67109],[137.37313,35.67207],[137.37126,35.67371],[137.37015,35.67436],[137.37085,35.67575],[137.36964,35.67595],[137.36872,35.6764],[137.36634,35.67871],[137.36514,35.67931],[137.36419,35.68118],[137.364,35.68211],[137.3642,35.68278],[137.36323,35.68415],[137.36268,35.68553],[137.36124,35.68654],[137.35975,35.68818],[137.35899,35.68868],[137.35798,35.68996],[137.35646,35.6912],[137.35535,35.69234],[137.35475,35.6936],[137.35392,35.69471],[137.35291,35.69531],[137.35214,35.69603],[137.3516,35.69487],[137.35051,35.69441],[137.34937,35.69446],[137.34852,35.69412],[137.34669,35.69451],[137.34568,35.69524],[137.34456,35.69531],[137.34369,35.69595]]]]}},
  {"type":"Feature","properties":{"name":"御嵩町","code":"21521"},"geometry":{"type":"MultiPolygon","coordinates":[[[[137.2034,35.46973],[137.20005,35.47098],[137.1968,35.47288],[137.19534,35.47341],[137.19279,35.47367],[137.18881,35.47344],[137.18498,35.47287],[137.1816,35.47218],[137.17975,35.47151],[137.17585,35.46985],[137.17262,35.46901],[137.16942,35.46769],[137.16845,35.46711],[137.16849,35.46656],[137.16799,35.46586],[137.16801,35.46474],[137.16688,35.45945],[137.16682,35.45827],[137.16527,35.4575],[137.16466,35.45681],[137.16442,35.45604],[137.16374,35.45517],[137.16443,35.45464],[137.1641,35.45401],[137.16248,35.45408],[137.16045,35.45304],[137.15922,35.45283],[137.15757,35.45327],[137.15484,35.45336],[137.15502,35.45394],[137.15125,35.4545],[137.15051,35.45528],[137.1492,35.45564],[137.14732,35.45558],[137.14682,35.45539],[137.14437,35.45566],[137.14375,35.45508],[137.14381,35.45266],[137.14279,35.45211],[137.1411,35.45203],[137.13973,35.45226],[137.13928,35.45099],[137.13796,35.45042],[137.13725,35.45069],[137.135,35.45009],[137.13486,35.45149],[137.13323,35.45161],[137.13207,35.45206],[137.12785,35.45227],[137.12738,35.45304],[137.12676,35.45332],[137.12622,35.4527],[137.1255,35.45324],[137.12379,35.45379],[137.1217,35.45333],[137.12078,35.4526],[137.12001,35.45239],[137.11932,35.45296],[137.11822,35.45335],[137.11739,35.45327],[137.11617,35.45394],[137.11551,35.45399],[137.11513,35.45501],[137.11338,35.45661],[137.11265,35.45834],[137.11132,35.45752],[137.11055,35.45782],[137.10973,35.4572],[137.10851,35.45722],[137.10774,35.45758],[137.10667,35.45751],[137.10704,35.45591],[137.1063,35.45498],[137.10498,35.45455],[137.10514,35.45362],[137.1046,35.4528],[137.10367,35.45235],[137.10358,35.45188],[137.10253,35.45134],[137.10223,35.45029],[137.10147,35.4515],[137.10077,35.45202],[137.10053,35.45097],[137.10078,35.45025],[137.1015,35.44973],[137.10061,35.44905],[137.10094,35.44826],[137.09995,35.44743],[137.09929,35.44787],[137.09827,35.44737],[137.09738,35.44788],[137.09725,35.44902],[137.09645,35.44899],[137.09585,35.45016],[137.09625,35.45143],[137.09529,35.45183],[137.0948,35.45301],[137.09418,35.45274],[137.09201,35.45303],[137.09133,35.45225],[137.09126,35.45143],[137.09088,35.45105],[137.08999,35.44673],[137.08963,35.44593],[137.08763,35.44735],[137.08325,35.44848],[137.08309,35.44758],[137.0819,35.44428],[137.08121,35.44323],[137.08015,35.44224],[137.07794,35.44085],[137.07619,35.44012],[137.0748,35.43974],[137.07193,35.43951],[137.0721,35.43897],[137.07143,35.43834],[137.06935,35.43719],[137.07171,35.43741],[137.07206,35.43692],[137.06961,35.43591],[137.06902,35.43528],[137.06984,35.43418],[137.06991,35.4334],[137.07132,35.43196],[137.07123,35.43094],[137.07018,35.42972],[137.07057,35.42944],[137.07169,35.43057],[137.07165,35.43122],[137.07215,35.4319],[137.07351,35.43239],[137.07535,35.43245],[137.07762,35.43319],[137.07888,35.43209],[137.07913,35.43051],[137.08076,35.43116],[137.08158,35.43191],[137.08221,35.43288],[137.08339,35.43354],[137.08467,35.43354],[137.08597,35.43378],[137.08677,35.4342],[137.08871,35.4358],[137.08999,35.43598],[137.09208,35.435],[137.0934,35.4351],[137.09513,35.43662],[137.09633,35.43743],[137.09737,35.43769],[137.09912,35.43769],[137.09864,35.4369],[137.09907,35.43648],[137.09897,35.43494],[137.09923,35.43487],[137.09922,35.43278],[137.10088,35.43277],[137.10091,35.43249],[137.10278,35.43254],[137.10252,35.43097],[137.1068,35.431],[137.10648,35.43052],[137.10655,35.42965],[137.10567,35.42879],[137.1056,35.42787],[137.10451,35.42704],[137.10464,35.42617],[137.10545,35.42532],[137.106,35.42521],[137.10662,35.42422],[137.10725,35.42379],[137.10775,35.42287],[137.10738,35.42183],[137.10564,35.42061],[137.10536,35.41987],[137.10546,35.41838],[137.10629,35.41805],[137.1075,35.41717],[137.10878,35.41673],[137.10935,35.41607],[137.11013,35.41593],[137.11068,35.4166],[137.11137,35.41694],[137.1132,35.41632],[137.1141,35.41678],[137.11505,35.41853],[137.11835,35.41937],[137.11986,35.42003],[137.1201,35.41987],[137.11974,35.41834],[137.11999,35.41798],[137.1219,35.41753],[137.12218,35.41635],[137.1222,35.41477],[137.12276,35.41396],[137.12321,35.41414],[137.12608,35.41418],[137.12762,35.41348],[137.1292,35.41382],[137.13181,35.41468],[137.13269,35.41444],[137.13338,35.4132],[137.13396,35.4127],[137.13514,35.41227],[137.1362,35.41155],[137.13739,35.41111],[137.13947,35.40916],[137.13992,35.40802],[137.14089,35.40733],[137.141,35.4068],[137.14179,35.40666],[137.14337,35.40726],[137.14651,35.40733],[137.14772,35.40605],[137.14871,35.40585],[137.15013,35.40488],[137.15092,35.40491],[137.15253,35.40448],[137.15317,35.40315],[137.15359,35.40283],[137.15467,35.40265],[137.15578,35.40176],[137.15689,35.4013],[137.15848,35.40007],[137.15952,35.39892],[137.16036,35.3984],[137.16131,35.39832],[137.16266,35.39772],[137.16336,35.39763],[137.16419,35.39702],[137.1652,35.39546],[137.16692,35.39438],[137.16776,35.39354],[137.17026,35.39237],[137.17062,35.39245],[137.17245,35.39408],[137.17367,35.39443],[137.17488,35.39431],[137.1771,35.39277],[137.17861,35.39196],[137.1795,35.39185],[137.18065,35.39266],[137.18156,35.39298],[137.18367,35.39402],[137.18381,35.3947],[137.18458,35.39492],[137.18578,35.39575],[137.18648,35.39589],[137.18909,35.39587],[137.19025,35.39637],[137.19108,35.39702],[137.1919,35.39814],[137.19215,35.39894],[137.19146,35.40008],[137.19168,35.40161],[137.19132,35.40318],[137.19417,35.40382],[137.19338,35.40632],[137.1934,35.4074],[137.19235,35.40862],[137.19136,35.41032],[137.19236,35.41134],[137.19386,35.41107],[137.19577,35.41012],[137.19686,35.41018],[137.19798,35.41089],[137.19886,35.41185],[137.19944,35.41212],[137.19855,35.41414],[137.19779,35.41509],[137.19704,35.41661],[137.19719,35.41758],[137.19685,35.41802],[137.19751,35.41978],[137.19892,35.42027],[137.1993,35.42143],[137.20062,35.42152],[137.20111,35.42079],[137.20231,35.42169],[137.20259,35.42221],[137.20353,35.42268],[137.20403,35.42372],[137.20457,35.42377],[137.20588,35.42487],[137.20607,35.42629],[137.20585,35.42676],[137.20434,35.42837],[137.2043,35.42924],[137.20331,35.43081],[137.20231,35.43105],[137.20186,35.43214],[137.20066,35.43236],[137.19936,35.43442],[137.19967,35.43568],[137.19923,35.43668],[137.19848,35.43765],[137.19858,35.43828],[137.19908,35.4386],[137.19926,35.44047],[137.19905,35.44122],[137.19963,35.44261],[137.19962,35.44368],[137.19929,35.44507],[137.19924,35.44637],[137.19847,35.44689],[137.19872,35.44793],[137.19808,35.44857],[137.19798,35.44915],[137.19709,35.44954],[137.1969,35.45046],[137.1975,35.45056],[137.19882,35.45209],[137.20127,35.45264],[137.20257,35.45273],[137.2031,35.4537],[137.20298,35.45461],[137.20207,35.45606],[137.19998,35.45801],[137.19974,35.45883],[137.20002,35.4597],[137.2014,35.46136],[137.20169,35.46248],[137.20239,35.46345],[137.20231,35.4644],[137.202,35.4647],[137.20226,35.46582],[137.20192,35.46701],[137.20255,35.46764],[137.2034,35.46973]]]]}},
  {"type":"Feature","properties":{"name":"白川村","code":"21604"},"geometry":{"type":"MultiPolygon","coordinates":[[[[136.95146,36.20945],[136.95199,36.21045],[136.95288,36.21149],[136.95297,36.21221],[136.95242,36.21415],[136.95182,36.21481],[136.95109,36.21694],[136.952,36.21778],[136.95167,36.21901],[136.95273,36.22078],[136.95307,36.22351],[136.95355,36.22526],[136.95424,36.22668],[136.95547,36.2272],[136.95583,36.22757],[136.95659,36.22919],[136.95727,36.22964],[136.95799,36.2305],[136.95688,36.23136],[136.95661,36.23204],[136.95298,36.23468],[136.95306,36.23663],[136.95187,36.23682],[136.95174,36.23749],[136.95385,36.23871],[136.95554,36.23941],[136.95421,36.24292],[136.95418,36.24432],[136.95563,36.24665],[136.95698,36.24907],[136.9571,36.24989],[136.95806,36.25198],[136.95926,36.25245],[136.96074,36.25325],[136.96143,36.25417],[136.96155,36.25494],[136.96213,36.2553],[136.96283,36.25632],[136.96343,36.25665],[136.96298,36.25772],[136.96342,36.25908],[136.9628,36.25956],[136.96268,36.26027],[136.96398,36.26162],[136.96409,36.2626],[136.96519,36.26415],[136.96581,36.26477],[136.96635,36.2658],[136.96767,36.26601],[136.96853,36.26638],[136.96897,36.26698],[136.96993,36.26699],[136.97089,36.26761],[136.97184,36.26733],[136.97316,36.26735],[136.97382,36.26978],[136.9746,36.2703],[136.97493,36.27149],[136.9749,36.27237],[136.9755,36.27336],[136.97531,36.27436],[136.97384,36.27509],[136.97283,36.27518],[136.9721,36.27574],[136.97179,36.27636],[136.97067,36.27773],[136.96872,36.27544],[136.96771,36.27529],[136.96688,36.27676],[136.96672,36.27745],[136.96594,36.27774],[136.96515,36.27713],[136.96427,36.27718],[136.96333,36.27689],[136.96159,36.27711],[136.96038,36.277],[136.95955,36.27739],[136.95824,36.27768],[136.95771,36.27808],[136.95803,36.27882],[136.95737,36.27998],[136.95834,36.28144],[136.95876,36.28253],[136.95959,36.28307],[136.96064,36.28339],[136.96127,36.28396],[136.96161,36.28471],[136.96108,36.28567],[136.96024,36.28647],[136.96051,36.28778],[136.96271,36.29022],[136.96373,36.29056],[136.96471,36.29168],[136.96549,36.29218],[136.96587,36.29459],[136.96573,36.29536],[136.96724,36.29563],[136.96804,36.29675],[136.96787,36.29781],[136.96746,36.29839],[136.96731,36.29924],[136.96809,36.30062],[136.96848,36.3027],[136.96887,36.30359],[136.96883,36.30492],[136.97082,36.30777],[136.97327,36.30991],[136.9722,36.31065],[136.97208,36.31233],[136.97159,36.31434],[136.97112,36.31554],[136.96757,36.31771],[136.96524,36.31851],[136.96439,36.31861],[136.96379,36.31924],[136.96361,36.32017],[136.96267,36.32185],[136.96141,36.32295],[136.96067,36.32427],[136.96028,36.32548],[136.96066,36.32642],[136.96143,36.32756],[136.9605,36.32884],[136.9601,36.32981],[136.95906,36.33109],[136.95809,36.33159],[136.95783,36.3339],[136.95685,36.33615],[136.9549,36.33935],[136.95239,36.33943],[136.95107,36.33924],[136.95042,36.34006],[136.94956,36.34211],[136.94808,36.34334],[136.94676,36.3458],[136.94509,36.3462],[136.9442,36.3469],[136.94298,36.34716],[136.94194,36.34771],[136.93964,36.34921],[136.93851,36.34928],[136.93649,36.34847],[136.93529,36.34817],[136.9333,36.34824],[136.93235,36.34848],[136.93171,36.34924],[136.92865,36.35173],[136.92706,36.35213],[136.92623,36.35283],[136.92541,36.35391],[136.92281,36.35496],[136.92123,36.35527],[136.91875,36.3556],[136.91698,36.35634],[136.91611,36.35703],[136.91528,36.35706],[136.91308,36.35757],[136.9113,36.35826],[136.90876,36.35964],[136.90747,36.36084],[136.90641,36.36034],[136.9047,36.35855],[136.90312,36.35567],[136.90193,36.35537],[136.89892,36.35337],[136.8971,36.35328],[136.89686,36.35131],[136.89389,36.34862],[136.89245,36.34776],[136.89084,36.34701],[136.89009,36.34556],[136.88864,36.34592],[136.88698,36.34541],[136.88509,36.34414],[136.88386,36.34275],[136.88277,36.34204],[136.88193,36.34194],[136.88096,36.34241],[136.87909,36.34476],[136.87802,36.34477],[136.87635,36.34376],[136.87511,36.34275],[136.87422,36.34329],[136.87464,36.34511],[136.87654,36.34686],[136.87639,36.34808],[136.87574,36.35011],[136.8751,36.35017],[136.87339,36.34965],[136.87203,36.34957],[136.87051,36.34894],[136.86986,36.34929],[136.86958,36.35072],[136.86959,36.35165],[136.86992,36.35252],[136.87061,36.35332],[136.87287,36.3531],[136.87348,36.35333],[136.87462,36.35483],[136.87601,36.35565],[136.87595,36.35672],[136.87626,36.35764],[136.87635,36.35965],[136.87605,36.36073],[136.87339,36.36098],[136.8728,36.36158],[136.87275,36.36296],[136.87379,36.36442],[136.87337,36.36632],[136.87304,36.36691],[136.87111,36.36753],[136.86959,36.36677],[136.86829,36.36575],[136.86812,36.36523],[136.86868,36.36477],[136.86884,36.36388],[136.86844,36.36305],[136.86857,36.36245],[136.86799,36.36064],[136.86729,36.36017],[136.86694,36.3585],[136.86591,36.35722],[136.86502,36.35647],[136.86423,36.35546],[136.86417,36.35492],[136.86518,36.35396],[136.86471,36.35294],[136.86545,36.35245],[136.86608,36.35136],[136.86518,36.35061],[136.8651,36.34966],[136.86392,36.34967],[136.863,36.34907],[136.86164,36.34958],[136.85995,36.3495],[136.85863,36.34924],[136.85754,36.34986],[136.85571,36.34978],[136.85519,36.34956],[136.8555,36.34844],[136.85486,36.34754],[136.85419,36.34737],[136.85333,36.3477],[136.85165,36.34757],[136.85168,36.34833],[136.84989,36.34826],[136.84923,36.34921],[136.84837,36.349],[136.8475,36.35042],[136.84677,36.35078],[136.84535,36.35064],[136.84397,36.35109],[136.8434,36.35067],[136.84199,36.35048],[136.84162,36.34969],[136.83983,36.34867],[136.83903,36.3479],[136.83735,36.34731],[136.83756,36.34646],[136.83735,36.34516],[136.8382,36.34459],[136.83733,36.34394],[136.83732,36.34322],[136.83804,36.34206],[136.83863,36.34054],[136.83921,36.33839],[136.84081,36.33695],[136.84143,36.33566],[136.84148,36.3351],[136.84249,36.33326],[136.8425,36.33272],[136.84167,36.33106],[136.84101,36.33019],[136.83979,36.32812],[136.83992,36.3268],[136.83865,36.32529],[136.83829,36.32316],[136.83665,36.32112],[136.8366,36.32025],[136.83536,36.31869],[136.83457,36.3172],[136.83368,36.31659],[136.8334,36.31578],[136.83252,36.31542],[136.83258,36.31413],[136.83243,36.31303],[136.83181,36.31276],[136.83151,36.31143],[136.83075,36.31004],[136.8304,36.30774],[136.83085,36.30743],[136.83219,36.30732],[136.83237,36.30681],[136.83053,36.30616],[136.82905,36.3052],[136.82748,36.30478],[136.82773,36.3042],[136.82676,36.30356],[136.82696,36.30296],[136.82657,36.30258],[136.82537,36.30296],[136.82462,36.30296],[136.82298,36.30339],[136.82179,36.30273],[136.82106,36.30263],[136.81925,36.30321],[136.81756,36.30319],[136.81699,36.30343],[136.8159,36.30322],[136.81558,36.30291],[136.81462,36.30293],[136.81376,36.30337],[136.81248,36.3033],[136.81139,36.30292],[136.80915,36.30271],[136.8088,36.304],[136.80619,36.30528],[136.80528,36.30597],[136.80418,36.30619],[136.80289,36.3056],[136.80003,36.30498],[136.79858,36.30448],[136.7954,36.30266],[136.79391,36.30129],[136.79229,36.29921],[136.7923,36.2985],[136.79339,36.29736],[136.79413,36.29554],[136.7952,36.29433],[136.79546,36.29249],[136.79698,36.29199],[136.79824,36.2912],[136.80086,36.29034],[136.8016,36.2895],[136.80241,36.28816],[136.80267,36.28679],[136.80402,36.28605],[136.80455,36.2851],[136.80569,36.2847],[136.80612,36.28364],[136.80587,36.28285],[136.80605,36.28222],[136.80589,36.28097],[136.80557,36.2805],[136.80563,36.27974],[136.80542,36.27787],[136.80581,36.2771],[136.806,36.27581],[136.80749,36.2752],[136.80988,36.27386],[136.81101,36.27334],[136.8132,36.27122],[136.8144,36.27031],[136.81502,36.26887],[136.8149,36.26728],[136.81458,36.2664],[136.81665,36.26587],[136.81788,36.26568],[136.81912,36.26579],[136.82049,36.26561],[136.82232,36.26631],[136.82437,36.26618],[136.82561,36.26579],[136.82764,36.26545],[136.83043,36.26621],[136.83123,36.2662],[136.83367,36.26583],[136.83355,36.26486],[136.8344,36.26377],[136.83527,36.26305],[136.8361,36.26179],[136.83805,36.26063],[136.8398,36.26099],[136.84102,36.2605],[136.84212,36.25943],[136.84369,36.25966],[136.84457,36.25885],[136.84402,36.25762],[136.84451,36.25456],[136.84525,36.25337],[136.84665,36.2531],[136.84753,36.25253],[136.8504,36.25192],[136.85095,36.25133],[136.85059,36.25039],[136.85088,36.24923],[136.85172,36.24807],[136.85182,36.2471],[136.85148,36.24683],[136.85031,36.24703],[136.84944,36.24686],[136.84776,36.24617],[136.8473,36.24563],[136.84678,36.24378],[136.84683,36.24247],[136.84613,36.24102],[136.84533,36.23994],[136.8447,36.23951],[136.84395,36.23794],[136.84385,36.2368],[136.84291,36.23617],[136.84215,36.23523],[136.84195,36.23444],[136.84061,36.23371],[136.83968,36.23263],[136.84042,36.23141],[136.83946,36.23042],[136.83833,36.22993],[136.83756,36.22929],[136.83588,36.2265],[136.83517,36.22586],[136.83378,36.22537],[136.83229,36.22361],[136.83242,36.22262],[136.8322,36.2214],[136.83225,36.21999],[136.83155,36.21839],[136.83168,36.21767],[136.83071,36.21685],[136.82714,36.21532],[136.82636,36.21452],[136.82574,36.21351],[136.82347,36.21266],[136.82252,36.21179],[136.82099,36.21074],[136.82085,36.20944],[136.82029,36.20877],[136.82009,36.20735],[136.81958,36.20624],[136.82049,36.20451],[136.8216,36.20343],[136.82263,36.20285],[136.82284,36.20196],[136.82157,36.20047],[136.82093,36.20024],[136.81983,36.20054],[136.81867,36.20109],[136.81795,36.20089],[136.81554,36.19959],[136.81454,36.19862],[136.81323,36.19787],[136.81268,36.19733],[136.81068,36.19619],[136.8105,36.1955],[136.80935,36.19402],[136.80922,36.19324],[136.80725,36.19228],[136.80632,36.19008],[136.80555,36.18903],[136.80406,36.18852],[136.80288,36.1879],[136.80197,36.18681],[136.802,36.18567],[136.80075,36.18453],[136.80001,36.18295],[136.79944,36.18131],[136.79968,36.18029],[136.8003,36.1788],[136.80017,36.1771],[136.79956,36.1761],[136.79936,36.17474],[136.79841,36.17256],[136.79719,36.1717],[136.79565,36.1712],[136.7926,36.17054],[136.7911,36.1699],[136.79036,36.16916],[136.78852,36.1678],[136.78774,36.16704],[136.78644,36.16619],[136.78426,36.16616],[136.78309,36.16668],[136.78146,36.16671],[136.77731,36.16642],[136.77514,36.16477],[136.77388,36.16424],[136.77137,36.16393],[136.77042,36.16364],[136.76977,36.1642],[136.76842,36.16418],[136.76774,36.16381],[136.76727,36.16312],[136.76645,36.16256],[136.76599,36.16088],[136.7662,36.16033],[136.76719,36.16002],[136.76817,36.15902],[136.76909,36.15869],[136.77144,36.15861],[136.77351,36.15721],[136.77243,36.15649],[136.77183,36.15502],[136.77273,36.15407],[136.77356,36.15262],[136.77357,36.15115],[136.77389,36.15065],[136.77535,36.15025],[136.77641,36.14907],[136.77627,36.14837],[136.7755,36.14773],[136.77571,36.14682],[136.77566,36.14501],[136.77583,36.14391],[136.77707,36.14355],[136.77853,36.14244],[136.78044,36.14212],[136.78073,36.14138],[136.77982,36.13966],[136.78,36.13722],[136.77967,36.1359],[136.77998,36.13486],[136.77994,36.13395],[136.77884,36.13332],[136.7787,36.13256],[136.77741,36.13167],[136.77744,36.13112],[136.77803,36.13067],[136.77862,36.12959],[136.77734,36.12924],[136.77585,36.1283],[136.77456,36.12663],[136.77336,36.12616],[136.7725,36.12616],[136.77227,36.12532],[136.77106,36.12397],[136.77066,36.12324],[136.77029,36.121],[136.77032,36.11958],[136.76958,36.11778],[136.77046,36.11633],[136.77055,36.11575],[136.76967,36.11383],[136.76894,36.11282],[136.76883,36.11191],[136.76807,36.1115],[136.76705,36.11043],[136.76706,36.1094],[136.76545,36.10729],[136.76544,36.106],[136.76496,36.10561],[136.76596,36.10539],[136.76806,36.10542],[136.76899,36.10528],[136.76995,36.10485],[136.77174,36.10477],[136.77373,36.1031],[136.77556,36.1024],[136.77697,36.10238],[136.77846,36.10174],[136.77978,36.1018],[136.78038,36.10154],[136.7819,36.10002],[136.78397,36.09876],[136.78462,36.09942],[136.7871,36.09804],[136.78815,36.0977],[136.78873,36.0979],[136.79068,36.10044],[136.79189,36.1006],[136.7939,36.10162],[136.79498,36.10173],[136.79549,36.10247],[136.79685,36.1034],[136.797,36.10421],[136.79796,36.10552],[136.79854,36.10602],[136.80011,36.106],[136.80164,36.10539],[136.80355,36.10564],[136.80435,36.10549],[136.80714,36.10549],[136.80749,36.10438],[136.80768,36.10271],[136.80896,36.10259],[136.81009,36.10189],[136.81068,36.10069],[136.81241,36.10034],[136.81326,36.10033],[136.81347,36.09953],[136.81427,36.09904],[136.81501,36.09811],[136.81551,36.09704],[136.81653,36.09596],[136.81683,36.09521],[136.81797,36.09324],[136.81832,36.09301],[136.81951,36.09351],[136.82144,36.09389],[136.82235,36.0943],[136.82402,36.09543],[136.82487,36.09578],[136.8258,36.09583],[136.82691,36.09651],[136.82792,36.09657],[136.82976,36.09563],[136.83074,36.09579],[136.83201,36.09661],[136.83272,36.09686],[136.83441,36.09652],[136.83537,36.0968],[136.83618,36.09674],[136.83721,36.09706],[136.84005,36.09833],[136.84062,36.09849],[136.8418,36.09786],[136.84424,36.09766],[136.84556,36.09853],[136.84661,36.09978],[136.84755,36.1003],[136.84906,36.10083],[136.85076,36.10051],[136.85322,36.10198],[136.85509,36.10291],[136.85586,36.10372],[136.85694,36.10536],[136.85861,36.10511],[136.86048,36.10529],[136.86236,36.10482],[136.86371,36.10494],[136.86544,36.10573],[136.8662,36.10553],[136.86758,36.10466],[136.86917,36.10347],[136.86959,36.10223],[136.87035,36.10225],[136.87297,36.10309],[136.87621,36.10308],[136.87664,36.10204],[136.87721,36.10196],[136.87925,36.10219],[136.88126,36.10284],[136.88194,36.10332],[136.88321,36.1038],[136.88488,36.10377],[136.88746,36.10412],[136.8884,36.10452],[136.88925,36.10429],[136.88992,36.10363],[136.89295,36.1056],[136.89452,36.10595],[136.8964,36.10584],[136.8967,36.10466],[136.90027,36.10133],[136.90266,36.10065],[136.90424,36.10044],[136.90561,36.10002],[136.90974,36.10062],[136.91105,36.10025],[136.91451,36.10079],[136.91496,36.09984],[136.91672,36.09739],[136.91732,36.09689],[136.92213,36.095],[136.92477,36.09434],[136.92736,36.09756],[136.93062,36.10079],[136.93328,36.1031],[136.93459,36.10433],[136.93491,36.10514],[136.93402,36.10745],[136.93253,36.11198],[136.93282,36.1127],[136.93643,36.1138],[136.93759,36.11432],[136.94011,36.11469],[136.9414,36.11457],[136.94289,36.1159],[136.94438,36.1164],[136.94483,36.11682],[136.94589,36.1171],[136.94778,36.11706],[136.94949,36.11751],[136.95011,36.117],[136.95156,36.11715],[136.95348,36.11779],[136.95452,36.11749],[136.95529,36.11843],[136.95521,36.11877],[136.95408,36.11958],[136.95365,36.12115],[136.95372,36.12362],[136.95454,36.12494],[136.95603,36.12781],[136.95488,36.12869],[136.95405,36.12908],[136.9528,36.12877],[136.95144,36.1287],[136.9505,36.12962],[136.94972,36.13005],[136.94766,36.13166],[136.94729,36.13249],[136.94772,36.13404],[136.94549,36.13571],[136.9447,36.13681],[136.94341,36.13806],[136.94107,36.13965],[136.93841,36.14217],[136.93775,36.14251],[136.93501,36.14275],[136.93316,36.14271],[136.93329,36.14491],[136.93347,36.14557],[136.93428,36.14622],[136.93492,36.1474],[136.93559,36.1497],[136.93615,36.15107],[136.93672,36.15372],[136.93721,36.1547],[136.93855,36.15588],[136.938,36.15696],[136.93773,36.15838],[136.93787,36.16158],[136.93714,36.16349],[136.93971,36.1651],[136.93874,36.16578],[136.93889,36.16701],[136.93992,36.16817],[136.94084,36.16876],[136.94151,36.1689],[136.94349,36.17009],[136.94397,36.17088],[136.94373,36.17259],[136.94336,36.17299],[136.94439,36.1745],[136.9438,36.17594],[136.9437,36.17708],[136.94456,36.1785],[136.94638,36.18005],[136.94704,36.18114],[136.94733,36.18265],[136.94729,36.18404],[136.94657,36.1856],[136.94576,36.18805],[136.94635,36.18896],[136.94657,36.1902],[136.94761,36.19211],[136.94855,36.19332],[136.94796,36.19483],[136.94843,36.19628],[136.94881,36.19688],[136.9489,36.19796],[136.94867,36.19884],[136.94757,36.20059],[136.94752,36.20243],[136.9472,36.20345],[136.9467,36.20421],[136.94628,36.20632],[136.94642,36.20767],[136.947,36.20875],[136.94707,36.20938],[136.94772,36.20978],[136.94988,36.21042],[136.95146,36.20945]]]]}}
]}
