{"type":"FeatureCollection", "features": [
  {"type":"Feature","properties":{"name":"前橋市","code":"10201"},"geometry":{"type":"MultiPolygon","coordinates":[[[[139.092988,36.32431],[139.093785,36.321955],[139.094699,36.321056],[139.098315,36.320592],[139.100329,36.319866],[139.101261,36.31913],[139.10239,36.317958],[139.103163,36.31739],[139.105435,36.3165],[139.106568,36.316238],[139.108459,36.316255],[139.110511,36.316579],[139.111595,36.316602],[139.111667,36.317178],[139.110894,36.31739],[139.109669,36.317148],[139.108662,36.318796],[139.109223,36.319142],[139.107924,36.321268],[139.107963,36.321975],[139.108886,36.324756],[139.108752,36.327086],[139.11733,36.327146],[139.121473,36.327238],[139.124302,36.327239],[139.126449,36.327369],[139.121429,36.332208],[139.121729,36.332461],[139.119989,36.334228],[139.122945,36.33423],[139.123197,36.334115],[139.126125,36.334206],[139.136179,36.334343],[139.14168,36.334503],[139.141709,36.335471],[139.143051,36.337121],[139.144251,36.337642],[139.146948,36.337614],[139.146908,36.338966],[139.146548,36.340506],[139.147318,36.341381],[139.148943,36.341096],[139.151175,36.342191],[139.15361,36.341235],[139.154614,36.34067],[139.15555,36.34083],[139.156485,36.339475],[139.157755,36.33886],[139.161321,36.338384],[139.161566,36.337605],[139.163917,36.337205],[139.166162,36.337339],[139.166967,36.338319],[139.166011,36.33973],[139.164434,36.341121],[139.164139,36.34248],[139.165614,36.343955],[139.165779,36.345036],[139.167029,36.345498],[139.16794,36.346276],[139.169234,36.346782],[139.169843,36.347867],[139.172469,36.349008],[139.172966,36.349918],[139.173085,36.350799],[139.174129,36.350976],[139.174542,36.351417],[139.174606,36.352146],[139.175271,36.352726],[139.176922,36.352775],[139.178667,36.353818],[139.180396,36.355065],[139.181965,36.357249],[139.183723,36.358306],[139.184858,36.358833],[139.185411,36.359448],[139.186047,36.359504],[139.187077,36.360136],[139.187133,36.361095],[139.186335,36.362356],[139.187056,36.364106],[139.186545,36.365045],[139.187217,36.365289],[139.189025,36.364849],[139.190127,36.365461],[139.190408,36.36655],[139.190826,36.36709],[139.191417,36.368895],[139.191461,36.369729],[139.191817,36.370678],[139.191632,36.37294],[139.193348,36.374065],[139.194666,36.374175],[139.195301,36.373445],[139.196469,36.373489],[139.19675,36.373895],[139.196622,36.375027],[139.197886,36.375116],[139.199484,36.376166],[139.201186,36.375981],[139.202974,36.37522],[139.203219,36.376299],[139.204048,36.37886],[139.2043,36.381834],[139.204521,36.382617],[139.206192,36.385977],[139.20714,36.386526],[139.206815,36.388226],[139.207124,36.390031],[139.207058,36.390779],[139.210743,36.392011],[139.211953,36.393731],[139.213042,36.394579],[139.214195,36.394997],[139.215608,36.394904],[139.21611,36.395304],[139.215685,36.396087],[139.215564,36.397704],[139.215182,36.398088],[139.215275,36.398748],[139.215982,36.399305],[139.217201,36.399855],[139.217117,36.400784],[139.217406,36.40166],[139.218317,36.401567],[139.218875,36.402236],[139.220486,36.4022],[139.221853,36.401513],[139.222457,36.402023],[139.222448,36.402878],[139.223595,36.402899],[139.223641,36.403652],[139.224459,36.403568],[139.226545,36.403797],[139.225705,36.40497],[139.224801,36.405529],[139.224934,36.406377],[139.226176,36.407054],[139.226396,36.408373],[139.227072,36.409591],[139.226491,36.409764],[139.226301,36.411203],[139.225752,36.411368],[139.225689,36.413262],[139.226066,36.413827],[139.225438,36.414564],[139.225602,36.415156],[139.226639,36.415595],[139.227377,36.415062],[139.228195,36.413718],[139.22814,36.412806],[139.229122,36.413238],[139.229948,36.414637],[139.230144,36.416476],[139.229626,36.416397],[139.229587,36.418785],[139.228856,36.419626],[139.228978,36.420734],[139.227763,36.420494],[139.226664,36.420487],[139.226307,36.421511],[139.226599,36.422274],[139.225995,36.422594],[139.225587,36.424157],[139.225689,36.424781],[139.225041,36.425413],[139.224605,36.426271],[139.221994,36.426097],[139.220132,36.425595],[139.219644,36.425966],[139.219972,36.427875],[139.219819,36.42906],[139.220044,36.429532],[139.219702,36.433326],[139.21933,36.434371],[139.219606,36.434924],[139.219075,36.436428],[139.21794,36.436297],[139.218253,36.437139],[139.218304,36.439094],[139.217707,36.440918],[139.217227,36.442909],[139.21599,36.442953],[139.214238,36.441919],[139.212157,36.441846],[139.212917,36.443699],[139.213979,36.443742],[139.214488,36.444338],[139.215339,36.446416],[139.215761,36.446765],[139.214785,36.449316],[139.214014,36.45058],[139.21293,36.451714],[139.213804,36.453579],[139.21362,36.455366],[139.212864,36.457168],[139.212224,36.457909],[139.211814,36.459166],[139.210913,36.460307],[139.211378,36.461455],[139.211152,36.46487],[139.210701,36.466237],[139.210672,36.467901],[139.210898,36.469412],[139.211262,36.474113],[139.211057,36.476584],[139.210657,36.476925],[139.209273,36.479934],[139.207614,36.484127],[139.20589,36.488174],[139.203774,36.488841],[139.203011,36.489881],[139.20237,36.491203],[139.20181,36.4919],[139.202887,36.492366],[139.202072,36.493136],[139.202494,36.493812],[139.202574,36.494648],[139.201365,36.496217],[139.201067,36.498433],[139.200121,36.498818],[139.200354,36.500678],[139.199921,36.501182],[139.200055,36.50262],[139.19965,36.503928],[139.198951,36.505546],[139.199098,36.506011],[139.198792,36.507433],[139.197971,36.508329],[139.197775,36.508928],[139.19628,36.511317],[139.196182,36.512752],[139.196365,36.513938],[139.195937,36.514562],[139.194613,36.5159],[139.193903,36.517392],[139.193547,36.518791],[139.192837,36.519598],[139.191821,36.521176],[139.191488,36.522134],[139.190557,36.522929],[139.190557,36.523655],[139.190079,36.524132],[139.188684,36.526066],[139.189995,36.526429],[139.191647,36.527223],[139.192486,36.52848],[139.192618,36.529955],[139.192219,36.530411],[139.190501,36.531424],[139.189619,36.532716],[139.190356,36.535241],[139.18996,36.537123],[139.190181,36.538041],[139.192055,36.539794],[139.192716,36.54062],[139.194195,36.541514],[139.19523,36.543796],[139.194249,36.544842],[139.193653,36.545869],[139.193576,36.546849],[139.192695,36.548339],[139.193036,36.549748],[139.193862,36.551172],[139.19394,36.551711],[139.192705,36.552881],[139.192342,36.55363],[139.19331,36.554965],[139.193464,36.556021],[139.193983,36.557434],[139.193884,36.558458],[139.19344,36.559428],[139.191017,36.559486],[139.188186,36.558297],[139.187462,36.558272],[139.186855,36.558721],[139.184723,36.559013],[139.18279,36.559712],[139.182074,36.559654],[139.181118,36.560078],[139.179593,36.560072],[139.178279,36.561568],[139.177305,36.561445],[139.175522,36.561837],[139.17405,36.562328],[139.172699,36.562203],[139.170944,36.562253],[139.169344,36.561696],[139.168607,36.560922],[139.168144,36.560086],[139.166991,36.559231],[139.16553,36.55887],[139.164789,36.558027],[139.163593,36.557153],[139.162504,36.555428],[139.151878,36.554447],[139.144937,36.546863],[139.136906,36.538208],[139.136443,36.536356],[139.135671,36.534643],[139.135118,36.534078],[139.133058,36.532931],[139.132055,36.532904],[139.13137,36.532477],[139.129441,36.531706],[139.128258,36.530613],[139.125683,36.529595],[139.124524,36.528281],[139.123701,36.528229],[139.123045,36.527779],[139.122119,36.527805],[139.121121,36.527406],[139.117854,36.525513],[139.11759,36.524898],[139.118026,36.523871],[139.117119,36.522753],[139.115485,36.521504],[139.114517,36.520534],[139.113446,36.520414],[139.112571,36.520061],[139.110007,36.519825],[139.109449,36.518944],[139.108045,36.518201],[139.106262,36.518299],[139.103679,36.517978],[139.103336,36.517043],[139.102813,36.516909],[139.101019,36.516973],[139.100788,36.516411],[139.099586,36.515467],[139.099521,36.514328],[139.098289,36.512987],[139.098291,36.512628],[139.092417,36.507548],[139.087371,36.503396],[139.085439,36.501907],[139.083325,36.500051],[139.08097,36.497311],[139.078892,36.495753],[139.077727,36.495224],[139.076164,36.494043],[139.074448,36.491243],[139.072402,36.488792],[139.070707,36.487152],[139.070307,36.486306],[139.070155,36.484971],[139.069663,36.48435],[139.069121,36.483032],[139.068457,36.482569],[139.067663,36.481284],[139.06717,36.481061],[139.066251,36.48009],[139.066006,36.479522],[139.064468,36.478237],[139.063924,36.478],[139.063911,36.477053],[139.063599,36.476019],[139.062144,36.47459],[139.060506,36.474009],[139.060137,36.474096],[139.058555,36.472943],[139.058119,36.472303],[139.056243,36.472029],[139.055415,36.470335],[139.053939,36.469913],[139.053222,36.4692],[139.052926,36.468289],[139.05306,36.467519],[139.052859,36.466117],[139.052175,36.465092],[139.052172,36.463941],[139.0514,36.462049],[139.050113,36.46068],[139.049858,36.459877],[139.050191,36.459111],[139.05011,36.457268],[139.049322,36.455734],[139.045793,36.454318],[139.043691,36.453563],[139.041774,36.452444],[139.041217,36.451911],[139.040461,36.451288],[139.039992,36.450226],[139.038746,36.44663],[139.038917,36.442917],[139.038734,36.440954],[139.037861,36.437836],[139.037486,36.436901],[139.036613,36.435465],[139.033906,36.432287],[139.033979,36.429322],[139.034513,36.426927],[139.035498,36.424532],[139.035304,36.422903],[139.033773,36.424971],[139.0325,36.428094],[139.032009,36.428109],[139.031818,36.428877],[139.030761,36.429561],[139.030299,36.428516],[139.03045,36.428228],[139.030572,36.424757],[139.030814,36.423604],[139.030499,36.422842],[139.030675,36.420878],[139.029909,36.420455],[139.028816,36.418962],[139.028649,36.418287],[139.02746,36.417815],[139.027466,36.41724],[139.023472,36.417184],[139.023354,36.420078],[139.022173,36.421285],[139.022403,36.421955],[139.021036,36.422288],[139.020547,36.422729],[139.019427,36.423045],[139.019574,36.423453],[139.018563,36.423771],[139.016814,36.426635],[139.016503,36.427499],[139.014774,36.429666],[139.013663,36.43069],[139.013424,36.431453],[139.012571,36.432713],[139.011162,36.433091],[139.010063,36.433203],[139.009448,36.433962],[139.008761,36.43431],[139.007446,36.434298],[139.005641,36.43484],[139.004901,36.43527],[139.003895,36.434956],[139.003786,36.433935],[139.00419,36.433709],[139.004083,36.432906],[139.006021,36.432764],[139.005886,36.430328],[139.005194,36.430368],[139.005108,36.429769],[139.004343,36.429759],[139.00429,36.428857],[139.003735,36.428548],[139.004463,36.427514],[139.002452,36.427026],[139.002875,36.426616],[139.002129,36.424739],[139.002968,36.424921],[139.003117,36.423604],[139.002875,36.422866],[139.002395,36.419797],[139.002432,36.419339],[139.003196,36.419189],[139.003784,36.418692],[139.003629,36.4181],[139.00344,36.41459],[139.00354,36.414042],[139.005354,36.413468],[139.006892,36.411702],[139.007331,36.410671],[139.006952,36.408614],[139.007195,36.406787],[139.007793,36.406627],[139.009745,36.405436],[139.012056,36.405694],[139.013151,36.405597],[139.014281,36.405183],[139.014712,36.405911],[139.016323,36.406422],[139.016231,36.407119],[139.016703,36.407546],[139.016245,36.408269],[139.016964,36.408796],[139.016522,36.409979],[139.014992,36.410913],[139.015522,36.411526],[139.017186,36.412299],[139.020492,36.412124],[139.021519,36.41171],[139.021855,36.410535],[139.021325,36.41001],[139.023408,36.409727],[139.025152,36.408869],[139.025305,36.407919],[139.025197,36.406911],[139.028191,36.40668],[139.027533,36.405597],[139.027855,36.404356],[139.027005,36.404197],[139.027336,36.403006],[139.026347,36.402814],[139.026839,36.400903],[139.02748,36.401056],[139.028622,36.400648],[139.027964,36.399931],[139.029994,36.398654],[139.03053,36.397951],[139.030594,36.397168],[139.029914,36.395993],[139.030447,36.395254],[139.030514,36.394363],[139.027272,36.394165],[139.026394,36.39494],[139.02512,36.394854],[139.02512,36.394479],[139.023625,36.394465],[139.023062,36.394859],[139.022106,36.394421],[139.022275,36.393229],[139.022731,36.392532],[139.022189,36.39169],[139.021209,36.391743],[139.020512,36.391476],[139.02057,36.390652],[139.022092,36.390133],[139.023795,36.390904],[139.023787,36.390318],[139.024845,36.390307],[139.026667,36.388646],[139.026906,36.387366],[139.027425,36.386969],[139.027561,36.386233],[139.027311,36.385497],[139.026211,36.385205],[139.025484,36.384319],[139.025848,36.382302],[139.0263,36.381242],[139.0274,36.379925],[139.027453,36.379442],[139.022548,36.377528],[139.022876,36.376467],[139.024642,36.376665],[139.02547,36.374629],[139.02622,36.374657],[139.026389,36.375904],[139.026853,36.376256],[139.029311,36.376398],[139.02985,36.375454],[139.030858,36.374596],[139.031969,36.375198],[139.032364,36.376395],[139.033947,36.377204],[139.034616,36.378584],[139.03468,36.379123],[139.035705,36.378853],[139.035769,36.376968],[139.035608,36.376154],[139.03468,36.376187],[139.034467,36.375498],[139.034575,36.371232],[139.034994,36.370974],[139.038148,36.370947],[139.037875,36.368916],[139.038125,36.36698],[139.039352,36.367014],[139.039419,36.366497],[139.0404,36.366172],[139.040672,36.364939],[139.042514,36.364994],[139.042733,36.364292],[139.044297,36.363903],[139.044608,36.363009],[139.044733,36.359173],[139.046016,36.359315],[139.049463,36.359243],[139.049321,36.358082],[139.04848,36.35821],[139.04858,36.356316],[139.045058,36.356413],[139.044588,36.356132],[139.044647,36.351666],[139.044944,36.351336],[139.047797,36.351244],[139.052793,36.351269],[139.055213,36.351374],[139.056357,36.352691],[139.056348,36.353749],[139.056079,36.354765],[139.056512,36.35571],[139.05771,36.355516],[139.060665,36.355702],[139.060868,36.35611],[139.063034,36.356118],[139.063076,36.352816],[139.063556,36.352622],[139.069056,36.352463],[139.070181,36.351774],[139.071258,36.351738],[139.070542,36.350597],[139.070239,36.349222],[139.070759,36.348289],[139.073397,36.346095],[139.074508,36.344867],[139.074808,36.344076],[139.075087,36.33947],[139.07595,36.337118],[139.076771,36.334133],[139.077336,36.332723],[139.07893,36.330975],[139.079848,36.330324],[139.082343,36.329015],[139.08464,36.328021],[139.0855,36.327814],[139.089463,36.327241],[139.090563,36.326948],[139.091785,36.326309],[139.092988,36.32431]]]]}},
  {"type":"Feature","properties":{"name":"高崎市","code":"10202"},"geometry":{"type":"MultiPolygon","coordinates":[[[[139.002432,36.419339],[139.001446,36.419633],[139.001032,36.419339],[138.999004,36.419725],[138.998697,36.421011],[138.998042,36.421783],[138.996485,36.422316],[138.995643,36.422337],[138.994666,36.422787],[138.993702,36.423553],[138.992682,36.422726],[138.991756,36.423664],[138.990206,36.424126],[138.989547,36.424809],[138.988944,36.424911],[138.988095,36.42572],[138.986595,36.425631],[138.985906,36.426178],[138.984972,36.426255],[138.984212,36.425944],[138.983158,36.426449],[138.982887,36.42506],[138.983702,36.42543],[138.984474,36.424972],[138.985579,36.425422],[138.987583,36.424734],[138.987965,36.424034],[138.987243,36.423368],[138.987511,36.422826],[138.98706,36.422461],[138.987698,36.421906],[138.987572,36.420907],[138.988274,36.420463],[138.986861,36.418858],[138.987187,36.418532],[138.986982,36.417526],[138.985984,36.416671],[138.984375,36.417349],[138.98316,36.417586],[138.982137,36.41811],[138.981845,36.417721],[138.983363,36.416781],[138.982453,36.415624],[138.981068,36.415698],[138.981769,36.41353],[138.980996,36.413568],[138.980479,36.414361],[138.979682,36.414577],[138.978595,36.416065],[138.977788,36.415315],[138.9779,36.414974],[138.976658,36.414338],[138.976325,36.41374],[138.976836,36.413294],[138.976776,36.412534],[138.975261,36.412581],[138.974537,36.413032],[138.973434,36.413279],[138.972808,36.414675],[138.97191,36.415009],[138.971737,36.415478],[138.970974,36.415649],[138.970392,36.416177],[138.970087,36.417243],[138.969061,36.418289],[138.968393,36.417819],[138.966544,36.418347],[138.965405,36.417264],[138.965743,36.416518],[138.966587,36.415734],[138.965371,36.41477],[138.964404,36.414701],[138.963671,36.413289],[138.962862,36.41213],[138.961635,36.413296],[138.962135,36.413694],[138.961501,36.414416],[138.960488,36.41379],[138.959531,36.415115],[138.958312,36.416529],[138.958264,36.417694],[138.957797,36.418328],[138.957016,36.418832],[138.957391,36.419294],[138.958622,36.420046],[138.957165,36.421211],[138.958249,36.421965],[138.960138,36.423961],[138.959828,36.424917],[138.959179,36.425445],[138.95825,36.426951],[138.957459,36.426493],[138.956614,36.427312],[138.955453,36.426791],[138.954371,36.425042],[138.951832,36.426075],[138.950367,36.426933],[138.950627,36.427666],[138.950054,36.428027],[138.950404,36.428651],[138.949808,36.429061],[138.949836,36.429648],[138.94841,36.430452],[138.947084,36.431575],[138.946064,36.431944],[138.944365,36.432057],[138.943073,36.432563],[138.940354,36.434226],[138.937766,36.43527],[138.936928,36.435895],[138.935789,36.437071],[138.934456,36.43921],[138.932985,36.440803],[138.93147,36.441535],[138.930277,36.442553],[138.929346,36.442691],[138.927847,36.444577],[138.92663,36.445897],[138.925796,36.446366],[138.925366,36.447593],[138.92475,36.44805],[138.923134,36.448203],[138.922878,36.44856],[138.921879,36.448795],[138.920486,36.448471],[138.919328,36.448769],[138.917997,36.449899],[138.916976,36.450285],[138.916251,36.450943],[138.914396,36.451747],[138.913284,36.453127],[138.912438,36.453045],[138.910523,36.454468],[138.909927,36.455305],[138.909044,36.455696],[138.908521,36.456536],[138.907343,36.457312],[138.904542,36.457983],[138.902807,36.457655],[138.901924,36.457785],[138.901812,36.458348],[138.901148,36.458994],[138.901376,36.460039],[138.900425,36.460934],[138.899743,36.462296],[138.899857,36.463416],[138.900239,36.463997],[138.901759,36.464501],[138.904627,36.464393],[138.904852,36.464879],[138.904822,36.466655],[138.905053,36.467535],[138.905604,36.468042],[138.907581,36.468865],[138.908565,36.469778],[138.909351,36.471728],[138.909139,36.472653],[138.908153,36.473709],[138.907948,36.474481],[138.906232,36.475185],[138.905597,36.475182],[138.900163,36.474581],[138.899195,36.476376],[138.899423,36.477511],[138.898876,36.478208],[138.89889,36.479595],[138.89929,36.480486],[138.896882,36.481821],[138.895125,36.482243],[138.893039,36.481879],[138.887604,36.481091],[138.885872,36.480553],[138.884602,36.480571],[138.883874,36.480062],[138.882957,36.479873],[138.87854,36.481947],[138.877671,36.482074],[138.877445,36.482995],[138.876955,36.483172],[138.875692,36.482375],[138.874821,36.482441],[138.874084,36.482116],[138.87219,36.481647],[138.871464,36.482108],[138.870749,36.482149],[138.868984,36.481432],[138.867318,36.481539],[138.865793,36.48133],[138.862134,36.478534],[138.861894,36.477518],[138.861923,36.475936],[138.860929,36.474499],[138.860564,36.473458],[138.86005,36.473464],[138.858595,36.474416],[138.856205,36.474733],[138.855817,36.476195],[138.853457,36.477038],[138.851997,36.476913],[138.850747,36.477181],[138.849714,36.476483],[138.849097,36.475448],[138.847745,36.475084],[138.846552,36.475214],[138.844446,36.475028],[138.842792,36.475281],[138.84075,36.474167],[138.839274,36.473795],[138.837908,36.473843],[138.837136,36.473388],[138.835832,36.473562],[138.833518,36.473459],[138.832624,36.473202],[138.830901,36.473136],[138.827959,36.473208],[138.826326,36.473088],[138.824852,36.474041],[138.8235,36.474573],[138.821774,36.475046],[138.819995,36.475119],[138.818907,36.475388],[138.817026,36.475172],[138.815528,36.474831],[138.814481,36.474969],[138.810283,36.474904],[138.808913,36.474417],[138.807905,36.474394],[138.806254,36.475184],[138.805169,36.475131],[138.804173,36.47577],[138.803328,36.476628],[138.802389,36.476915],[138.801173,36.476507],[138.80067,36.476011],[138.799447,36.476024],[138.798867,36.476502],[138.798819,36.477058],[138.797926,36.477183],[138.796095,36.476561],[138.794582,36.476364],[138.794313,36.476681],[138.792869,36.47655],[138.791769,36.476777],[138.791639,36.475981],[138.790326,36.475674],[138.789713,36.475148],[138.787587,36.474734],[138.786456,36.474232],[138.783568,36.473586],[138.782901,36.473226],[138.780022,36.473419],[138.779945,36.472965],[138.780663,36.470744],[138.780794,36.468645],[138.779669,36.468147],[138.778973,36.467112],[138.77807,36.467106],[138.77601,36.466082],[138.774334,36.465861],[138.773843,36.466383],[138.774873,36.468376],[138.774873,36.469352],[138.775184,36.46983],[138.775561,36.471375],[138.775472,36.472662],[138.775981,36.474687],[138.775747,36.476106],[138.775951,36.477758],[138.774448,36.478131],[138.771314,36.478371],[138.769806,36.47794],[138.767154,36.477869],[138.765976,36.478387],[138.763908,36.478889],[138.762596,36.479052],[138.761357,36.47884],[138.760627,36.478932],[138.759004,36.478506],[138.75825,36.477473],[138.757406,36.476982],[138.756252,36.476855],[138.754507,36.476069],[138.753658,36.476069],[138.752872,36.476571],[138.750943,36.476451],[138.750441,36.476034],[138.748452,36.475826],[138.747867,36.476392],[138.746838,36.476183],[138.744425,36.476408],[138.743554,36.477119],[138.742511,36.476989],[138.741729,36.477229],[138.740497,36.476529],[138.739312,36.476685],[138.738487,36.477665],[138.737823,36.477773],[138.734485,36.476862],[138.732874,36.477426],[138.731619,36.477666],[138.730724,36.477608],[138.730226,36.478204],[138.727215,36.479769],[138.725675,36.481078],[138.723232,36.482229],[138.7225,36.482195],[138.721343,36.481305],[138.719229,36.481427],[138.718232,36.481223],[138.716625,36.480541],[138.715864,36.480532],[138.714371,36.480852],[138.712687,36.479828],[138.712539,36.479126],[138.711326,36.479046],[138.710811,36.478755],[138.709942,36.479032],[138.706676,36.478485],[138.705903,36.478194],[138.704508,36.477222],[138.704166,36.476197],[138.703495,36.47546],[138.701588,36.474718],[138.699961,36.473771],[138.698789,36.473677],[138.697673,36.47304],[138.696329,36.473032],[138.6949,36.473564],[138.691085,36.474092],[138.688553,36.474028],[138.68716,36.473491],[138.686834,36.472711],[138.685813,36.472325],[138.683919,36.470789],[138.683836,36.469803],[138.684146,36.469093],[138.684194,36.468138],[138.683009,36.467081],[138.682156,36.466593],[138.681779,36.465372],[138.679613,36.464891],[138.678172,36.463801],[138.675761,36.463744],[138.674853,36.46332],[138.673601,36.463557],[138.672708,36.462571],[138.671191,36.462686],[138.670304,36.462581],[138.669838,36.461864],[138.668682,36.461435],[138.667764,36.460524],[138.667465,36.459746],[138.66612,36.459526],[138.665666,36.458883],[138.665766,36.458089],[138.66499,36.45729],[138.664053,36.45672],[138.663919,36.455746],[138.662681,36.454781],[138.661576,36.453527],[138.660221,36.453555],[138.659445,36.454371],[138.658597,36.454352],[138.657669,36.453903],[138.656613,36.452494],[138.655671,36.452216],[138.655196,36.451709],[138.651574,36.448915],[138.650926,36.44771],[138.65001,36.447333],[138.649938,36.446182],[138.649494,36.445415],[138.648282,36.444736],[138.64778,36.444039],[138.646806,36.443656],[138.646053,36.442652],[138.64559,36.441199],[138.643642,36.439343],[138.642511,36.437813],[138.64329,36.437256],[138.643532,36.435109],[138.643159,36.434213],[138.643276,36.432029],[138.64499,36.430921],[138.645159,36.42841],[138.645417,36.427554],[138.646418,36.426132],[138.646532,36.425378],[138.647144,36.424687],[138.645403,36.423566],[138.645463,36.421972],[138.645917,36.421428],[138.645062,36.420192],[138.644947,36.418526],[138.645781,36.417592],[138.645247,36.416317],[138.644548,36.41595],[138.643826,36.413141],[138.644423,36.411439],[138.645325,36.410884],[138.64663,36.410773],[138.646888,36.410204],[138.647836,36.409282],[138.647805,36.408689],[138.648387,36.407468],[138.649925,36.407477],[138.652159,36.407659],[138.653293,36.407323],[138.655471,36.408281],[138.656315,36.409082],[138.656997,36.40895],[138.660955,36.409618],[138.661363,36.410226],[138.662981,36.411019],[138.665331,36.411863],[138.666743,36.41136],[138.667924,36.411299],[138.669556,36.410971],[138.670676,36.412385],[138.67415,36.412328],[138.675185,36.412868],[138.676,36.413649],[138.677977,36.413767],[138.679429,36.414263],[138.680533,36.415489],[138.682237,36.415964],[138.683093,36.415915],[138.683998,36.415054],[138.684377,36.414399],[138.687062,36.412786],[138.688471,36.412668],[138.690098,36.412289],[138.691191,36.412233],[138.692132,36.411846],[138.695209,36.411714],[138.696145,36.411315],[138.698242,36.41072],[138.699657,36.410449],[138.70143,36.408774],[138.702323,36.408713],[138.703818,36.408215],[138.705948,36.408869],[138.70966,36.408659],[138.710232,36.409877],[138.71148,36.410761],[138.712255,36.410918],[138.71296,36.412026],[138.713915,36.412969],[138.714283,36.414242],[138.715495,36.414511],[138.716249,36.415296],[138.716957,36.415473],[138.719095,36.414665],[138.720102,36.414786],[138.721375,36.413793],[138.722488,36.413696],[138.723999,36.412972],[138.725759,36.412834],[138.726804,36.412062],[138.72804,36.411826],[138.729002,36.411983],[138.729442,36.41163],[138.731551,36.411637],[138.732376,36.411165],[138.732931,36.410497],[138.735702,36.409774],[138.736877,36.409889],[138.738305,36.409463],[138.739222,36.408992],[138.741492,36.408665],[138.741834,36.407982],[138.742909,36.407201],[138.744693,36.407237],[138.746009,36.40764],[138.747859,36.407152],[138.748987,36.406328],[138.750268,36.406634],[138.752083,36.406587],[138.752068,36.40594],[138.752767,36.405374],[138.753675,36.405022],[138.754681,36.405204],[138.755773,36.40451],[138.75662,36.404466],[138.758597,36.403121],[138.758814,36.402384],[138.761128,36.401683],[138.761564,36.401127],[138.762221,36.401019],[138.763073,36.400438],[138.764267,36.39829],[138.766438,36.397595],[138.767072,36.397643],[138.768254,36.396224],[138.768912,36.396155],[138.770222,36.395442],[138.771227,36.395704],[138.77181,36.395096],[138.773186,36.394796],[138.773967,36.394816],[138.776213,36.392589],[138.776958,36.39172],[138.777992,36.391471],[138.778636,36.390862],[138.782112,36.390194],[138.783127,36.3895],[138.784186,36.38949],[138.785321,36.389148],[138.786017,36.388705],[138.786735,36.388681],[138.787442,36.388257],[138.788236,36.38827],[138.790359,36.38707],[138.791926,36.386687],[138.792682,36.386799],[138.794004,36.385889],[138.795119,36.385484],[138.796767,36.38561],[138.797975,36.384737],[138.79954,36.384564],[138.800174,36.38466],[138.800966,36.38419],[138.801463,36.383299],[138.803576,36.382441],[138.804214,36.382022],[138.805414,36.382272],[138.806567,36.382082],[138.807955,36.381492],[138.808526,36.380527],[138.809478,36.380142],[138.810743,36.380027],[138.811484,36.379749],[138.813052,36.379909],[138.814129,36.379496],[138.815251,36.378691],[138.815937,36.378771],[138.816617,36.378327],[138.817683,36.378284],[138.818193,36.377945],[138.819806,36.377457],[138.82103,36.375795],[138.822059,36.37533],[138.823361,36.374026],[138.823662,36.373522],[138.825019,36.373743],[138.826799,36.373613],[138.828764,36.37499],[138.829446,36.374529],[138.830969,36.3746],[138.832853,36.374415],[138.834735,36.373676],[138.836517,36.372311],[138.837594,36.372104],[138.839811,36.372077],[138.841279,36.371416],[138.842341,36.371311],[138.843009,36.37088],[138.844474,36.371462],[138.848755,36.371864],[138.849663,36.371572],[138.852364,36.371428],[138.851627,36.372774],[138.851619,36.373234],[138.853543,36.373966],[138.855462,36.374256],[138.856561,36.374083],[138.857036,36.374281],[138.858432,36.374124],[138.859005,36.373865],[138.860019,36.374464],[138.861026,36.374179],[138.862028,36.374255],[138.863376,36.373358],[138.864026,36.373249],[138.866512,36.372269],[138.867115,36.371617],[138.86766,36.371502],[138.86861,36.370689],[138.869403,36.370536],[138.871981,36.370595],[138.873061,36.370753],[138.874439,36.370162],[138.875141,36.369242],[138.876318,36.368851],[138.877637,36.368632],[138.879605,36.367969],[138.881745,36.367044],[138.882981,36.366811],[138.884418,36.366068],[138.886325,36.365727],[138.887203,36.364908],[138.888468,36.364549],[138.889949,36.363417],[138.892673,36.362662],[138.893366,36.362296],[138.89445,36.361333],[138.894809,36.360533],[138.895816,36.360473],[138.897392,36.359639],[138.898444,36.359364],[138.900392,36.357837],[138.901839,36.357381],[138.902998,36.357435],[138.904131,36.356734],[138.907741,36.353906],[138.909469,36.353636],[138.911226,36.352538],[138.912113,36.352489],[138.913939,36.350803],[138.915304,36.350261],[138.917698,36.351598],[138.919737,36.352518],[138.921758,36.353243],[138.922546,36.353968],[138.925867,36.353128],[138.926634,36.352828],[138.928949,36.351012],[138.930259,36.349846],[138.930846,36.349095],[138.932606,36.34923],[138.934591,36.349213],[138.934447,36.348084],[138.934505,36.34621],[138.935362,36.345468],[138.938504,36.343758],[138.937734,36.342468],[138.938135,36.34193],[138.939195,36.341551],[138.938605,36.340388],[138.93735,36.339447],[138.93911,36.338598],[138.940969,36.33835],[138.941983,36.338446],[138.943414,36.338299],[138.943115,36.336784],[138.943359,36.336234],[138.944737,36.336169],[138.945655,36.335887],[138.949087,36.335352],[138.950822,36.335209],[138.951101,36.334814],[138.950594,36.332804],[138.948928,36.332743],[138.947428,36.332847],[138.944516,36.333488],[138.941385,36.333776],[138.939347,36.333748],[138.936593,36.333583],[138.937458,36.331242],[138.938228,36.330328],[138.938455,36.329243],[138.939392,36.329058],[138.940969,36.328246],[138.942594,36.328018],[138.943833,36.326998],[138.944559,36.326036],[138.945433,36.324449],[138.94598,36.322921],[138.946081,36.319623],[138.947526,36.318454],[138.948646,36.316916],[138.949135,36.315156],[138.950495,36.313452],[138.95058,36.312321],[138.951427,36.310477],[138.951136,36.309842],[138.95111,36.307532],[138.951319,36.306982],[138.952499,36.306707],[138.952605,36.305951],[138.953648,36.305766],[138.951979,36.303836],[138.951942,36.302246],[138.950846,36.30205],[138.949656,36.301487],[138.949883,36.300307],[138.948462,36.299669],[138.948189,36.299185],[138.948833,36.298697],[138.947747,36.297321],[138.947654,36.296788],[138.948232,36.295333],[138.948356,36.294372],[138.949046,36.293624],[138.949859,36.293252],[138.949493,36.292471],[138.949928,36.290718],[138.949401,36.289592],[138.949916,36.288656],[138.94968,36.286909],[138.948687,36.285929],[138.948818,36.285049],[138.948578,36.284225],[138.947573,36.282843],[138.946903,36.282589],[138.946556,36.281696],[138.945427,36.281486],[138.943992,36.280531],[138.943341,36.279633],[138.943328,36.279],[138.942611,36.27819],[138.93954,36.277105],[138.939013,36.276497],[138.939164,36.27591],[138.937719,36.275383],[138.939358,36.274989],[138.939973,36.274463],[138.938943,36.273582],[138.938426,36.272356],[138.938364,36.271278],[138.938067,36.270348],[138.939303,36.269544],[138.939184,36.268577],[138.943675,36.268172],[138.944136,36.267954],[138.945574,36.268201],[138.946509,36.267866],[138.947165,36.266673],[138.946895,36.265095],[138.947746,36.263982],[138.949071,36.263458],[138.951309,36.263288],[138.952518,36.262875],[138.951453,36.261781],[138.951203,36.26047],[138.951108,36.258013],[138.951294,36.256592],[138.952224,36.256587],[138.951849,36.257435],[138.952299,36.258713],[138.954306,36.259331],[138.954771,36.259795],[138.955678,36.258968],[138.956848,36.258418],[138.957268,36.257784],[138.957143,36.256851],[138.957843,36.256981],[138.957983,36.256307],[138.957323,36.256167],[138.957259,36.255234],[138.958379,36.255154],[138.958099,36.25398],[138.957161,36.252483],[138.955583,36.251662],[138.953542,36.251317],[138.953104,36.249115],[138.953472,36.246884],[138.954374,36.246153],[138.955525,36.244459],[138.955956,36.242601],[138.956453,36.241291],[138.95649,36.24055],[138.956112,36.239589],[138.956123,36.238323],[138.956787,36.237176],[138.959241,36.235894],[138.960611,36.23406],[138.960685,36.233221],[138.959909,36.232783],[138.958841,36.232883],[138.95864,36.231917],[138.959037,36.231502],[138.958729,36.22993],[138.958272,36.229094],[138.959015,36.227666],[138.959888,36.227436],[138.962086,36.226489],[138.962153,36.22499],[138.96347,36.223507],[138.963043,36.221225],[138.961817,36.220638],[138.959437,36.220267],[138.955368,36.219249],[138.954907,36.218851],[138.953018,36.218286],[138.952988,36.216449],[138.952524,36.215751],[138.950609,36.214893],[138.949788,36.213973],[138.949387,36.213044],[138.948299,36.211886],[138.948036,36.210704],[138.9468,36.209986],[138.946414,36.208747],[138.946558,36.207867],[138.946102,36.207339],[138.945671,36.206263],[138.945204,36.205707],[138.945619,36.204157],[138.943944,36.20098],[138.943016,36.20003],[138.942923,36.199261],[138.944781,36.19935],[138.945637,36.19968],[138.947164,36.199636],[138.947968,36.199218],[138.949434,36.198949],[138.951666,36.198987],[138.952633,36.198593],[138.953991,36.198912],[138.955308,36.199945],[138.957163,36.200997],[138.95796,36.200904],[138.958891,36.201137],[138.960998,36.201074],[138.962689,36.201596],[138.963934,36.202507],[138.966641,36.2036],[138.967965,36.203027],[138.969962,36.203267],[138.970868,36.203051],[138.971695,36.20315],[138.97237,36.202867],[138.973667,36.202829],[138.975715,36.201579],[138.976576,36.202134],[138.977472,36.204291],[138.978465,36.204523],[138.979611,36.205326],[138.981033,36.205939],[138.981647,36.206761],[138.982012,36.208452],[138.982698,36.209424],[138.982698,36.209921],[138.982178,36.21101],[138.982646,36.212234],[138.982181,36.213552],[138.983315,36.215276],[138.984634,36.216347],[138.986198,36.216937],[138.986994,36.216932],[138.990249,36.216356],[138.991718,36.216792],[138.992387,36.217682],[138.992957,36.218036],[138.9939,36.219101],[138.994482,36.220229],[138.995916,36.222326],[138.997103,36.223725],[138.997877,36.22367],[138.998529,36.222657],[139.000662,36.223186],[139.002569,36.222733],[139.004108,36.222716],[139.005404,36.221946],[139.005861,36.221475],[139.007119,36.221246],[139.008072,36.221628],[139.009069,36.2216],[139.00994,36.221117],[139.013286,36.223365],[139.014815,36.223634],[139.01534,36.223519],[139.016158,36.222755],[139.017043,36.222675],[139.017565,36.222321],[139.018591,36.222496],[139.018731,36.223635],[139.017785,36.224638],[139.017601,36.226187],[139.018688,36.226173],[139.017988,36.227326],[139.01797,36.229142],[139.01694,36.230333],[139.016643,36.231543],[139.016722,36.232158],[139.01735,36.233695],[139.018699,36.234083],[139.01951,36.234743],[139.020988,36.23551],[139.021321,36.236063],[139.02095,36.238016],[139.021972,36.241404],[139.023156,36.243379],[139.025387,36.244649],[139.026666,36.246367],[139.027298,36.246824],[139.027427,36.248804],[139.026411,36.24935],[139.025174,36.252661],[139.025106,36.253925],[139.024848,36.25458],[139.023854,36.255305],[139.022674,36.254748],[139.020781,36.25357],[139.019932,36.253959],[139.019832,36.254863],[139.020103,36.257324],[139.021958,36.257878],[139.023424,36.258682],[139.023139,36.25987],[139.028216,36.260128],[139.030359,36.259847],[139.03137,36.25997],[139.032603,36.26044],[139.033053,36.261092],[139.033501,36.262787],[139.034103,36.264056],[139.03484,36.265055],[139.037176,36.267838],[139.040703,36.270395],[139.04679,36.269176],[139.049267,36.269202],[139.051822,36.270007],[139.053803,36.270888],[139.056087,36.272351],[139.05623,36.277684],[139.056368,36.279352],[139.055566,36.281283],[139.055551,36.282915],[139.055954,36.284512],[139.057097,36.285227],[139.058756,36.285589],[139.058896,36.285811],[139.062848,36.285221],[139.063425,36.285996],[139.066868,36.286677],[139.068584,36.287321],[139.072926,36.288168],[139.074478,36.289027],[139.075864,36.29081],[139.076494,36.291142],[139.080764,36.291195],[139.085046,36.291176],[139.093209,36.28997],[139.094482,36.288369],[139.096445,36.288159],[139.096672,36.288429],[139.095663,36.288796],[139.095639,36.28921],[139.096644,36.289287],[139.096844,36.289913],[139.096626,36.292076],[139.096827,36.292337],[139.096378,36.293351],[139.09727,36.293507],[139.096886,36.294056],[139.096708,36.294993],[139.097917,36.294808],[139.097788,36.295332],[139.099326,36.295315],[139.099415,36.297088],[139.100618,36.297069],[139.100741,36.299248],[139.09961,36.299365],[139.099138,36.300942],[139.097772,36.301386],[139.097777,36.302199],[139.096588,36.302156],[139.095385,36.304178],[139.094821,36.304122],[139.093808,36.306002],[139.094049,36.306608],[139.093991,36.307657],[139.093548,36.308099],[139.091774,36.308289],[139.091245,36.308013],[139.089112,36.310669],[139.087657,36.312273],[139.088489,36.316378],[139.089062,36.320568],[139.089561,36.320764],[139.090405,36.320462],[139.090213,36.322198],[139.091178,36.323317],[139.092988,36.32431],[139.091785,36.326309],[139.090563,36.326948],[139.089463,36.327241],[139.0855,36.327814],[139.08464,36.328021],[139.082343,36.329015],[139.079848,36.330324],[139.07893,36.330975],[139.077336,36.332723],[139.076771,36.334133],[139.07595,36.337118],[139.075087,36.33947],[139.074808,36.344076],[139.074508,36.344867],[139.073397,36.346095],[139.070759,36.348289],[139.070239,36.349222],[139.070542,36.350597],[139.071258,36.351738],[139.070181,36.351774],[139.069056,36.352463],[139.063556,36.352622],[139.063076,36.352816],[139.063034,36.356118],[139.060868,36.35611],[139.060665,36.355702],[139.05771,36.355516],[139.056512,36.35571],[139.056079,36.354765],[139.056348,36.353749],[139.056357,36.352691],[139.055213,36.351374],[139.052793,36.351269],[139.047797,36.351244],[139.044944,36.351336],[139.044647,36.351666],[139.044588,36.356132],[139.045058,36.356413],[139.04858,36.356316],[139.04848,36.35821],[139.049321,36.358082],[139.049463,36.359243],[139.046016,36.359315],[139.044733,36.359173],[139.044608,36.363009],[139.044297,36.363903],[139.042733,36.364292],[139.042514,36.364994],[139.040672,36.364939],[139.0404,36.366172],[139.039419,36.366497],[139.039352,36.367014],[139.038125,36.36698],[139.037875,36.368916],[139.038148,36.370947],[139.034994,36.370974],[139.034575,36.371232],[139.034467,36.375498],[139.03468,36.376187],[139.035608,36.376154],[139.035769,36.376968],[139.035705,36.378853],[139.03468,36.379123],[139.034616,36.378584],[139.033947,36.377204],[139.032364,36.376395],[139.031969,36.375198],[139.030858,36.374596],[139.02985,36.375454],[139.029311,36.376398],[139.026853,36.376256],[139.026389,36.375904],[139.02622,36.374657],[139.02547,36.374629],[139.024642,36.376665],[139.022876,36.376467],[139.022548,36.377528],[139.027453,36.379442],[139.0274,36.379925],[139.0263,36.381242],[139.025848,36.382302],[139.025484,36.384319],[139.026211,36.385205],[139.027311,36.385497],[139.027561,36.386233],[139.027425,36.386969],[139.026906,36.387366],[139.026667,36.388646],[139.024845,36.390307],[139.023787,36.390318],[139.023795,36.390904],[139.022092,36.390133],[139.02057,36.390652],[139.020512,36.391476],[139.021209,36.391743],[139.022189,36.39169],[139.022731,36.392532],[139.022275,36.393229],[139.022106,36.394421],[139.023062,36.394859],[139.023625,36.394465],[139.02512,36.394479],[139.02512,36.394854],[139.026394,36.39494],[139.027272,36.394165],[139.030514,36.394363],[139.030447,36.395254],[139.029914,36.395993],[139.030594,36.397168],[139.03053,36.397951],[139.029994,36.398654],[139.027964,36.399931],[139.028622,36.400648],[139.02748,36.401056],[139.026839,36.400903],[139.026347,36.402814],[139.027336,36.403006],[139.027005,36.404197],[139.027855,36.404356],[139.027533,36.405597],[139.028191,36.40668],[139.025197,36.406911],[139.025305,36.407919],[139.025152,36.408869],[139.023408,36.409727],[139.021325,36.41001],[139.021855,36.410535],[139.021519,36.41171],[139.020492,36.412124],[139.017186,36.412299],[139.015522,36.411526],[139.014992,36.410913],[139.016522,36.409979],[139.016964,36.408796],[139.016245,36.408269],[139.016703,36.407546],[139.016231,36.407119],[139.016323,36.406422],[139.014712,36.405911],[139.014281,36.405183],[139.013151,36.405597],[139.012056,36.405694],[139.009745,36.405436],[139.007793,36.406627],[139.007195,36.406787],[139.006952,36.408614],[139.007331,36.410671],[139.006892,36.411702],[139.005354,36.413468],[139.00354,36.414042],[139.00344,36.41459],[139.003629,36.4181],[139.003784,36.418692],[139.003196,36.419189],[139.002432,36.419339]]],[[[139.110738,36.282071],[139.111176,36.281559],[139.108821,36.281531],[139.107708,36.280174],[139.106567,36.27967],[139.105085,36.279379],[139.104062,36.278616],[139.101783,36.278891],[139.100042,36.279561],[139.097868,36.27898],[139.09661,36.277127],[139.096818,36.276647],[139.100873,36.274848],[139.101992,36.274723],[139.102382,36.274166],[139.102472,36.272089],[139.102775,36.271964],[139.105105,36.271953],[139.105156,36.270861],[139.105732,36.270161],[139.104517,36.268538],[139.103983,36.26757],[139.103146,36.266844],[139.100249,36.266193],[139.099382,36.265632],[139.100236,36.264668],[139.100834,36.264342],[139.100588,36.262565],[139.100318,36.262167],[139.101218,36.261548],[139.102982,36.260913],[139.103981,36.26034],[139.104929,36.26134],[139.105932,36.260861],[139.106916,36.260701],[139.107712,36.261354],[139.108281,36.2622],[139.110157,36.263506],[139.11183,36.265025],[139.11333,36.266783],[139.11778,36.268756],[139.12181,36.272954],[139.124533,36.276196],[139.126996,36.278535],[139.127323,36.279573],[139.129439,36.283344],[139.129664,36.283398],[139.120954,36.283058],[139.120834,36.283129],[139.116006,36.283005],[139.113498,36.284104],[139.111267,36.284844],[139.110738,36.282071]]]]}},
  {"type":"Feature","properties":{"name":"桐生市","code":"10203"},"geometry":{"type":"MultiPolygon","coordinates":[[[[139.451101,36.549707],[139.450898,36.550993],[139.449083,36.551675],[139.448556,36.55152],[139.447255,36.552671],[139.446242,36.553233],[139.445517,36.554224],[139.44442,36.55488],[139.443058,36.555967],[139.440685,36.55666],[139.439018,36.556004],[139.436974,36.555816],[139.434861,36.555797],[139.434291,36.554955],[139.431609,36.553985],[139.431288,36.553601],[139.430073,36.553366],[139.42872,36.552346],[139.427456,36.551165],[139.427593,36.550589],[139.427271,36.549277],[139.426422,36.548188],[139.426093,36.547396],[139.425341,36.547106],[139.425099,36.546282],[139.423848,36.545416],[139.423532,36.544655],[139.422722,36.544309],[139.421669,36.542817],[139.420783,36.54291],[139.420126,36.542433],[139.419176,36.542268],[139.419039,36.54184],[139.41798,36.540696],[139.417063,36.540312],[139.415714,36.539338],[139.415103,36.538069],[139.415087,36.535612],[139.414524,36.533709],[139.41381,36.533012],[139.41325,36.531759],[139.411631,36.530412],[139.411441,36.529881],[139.410354,36.529135],[139.408264,36.527329],[139.407835,36.52652],[139.404979,36.52535],[139.403662,36.525501],[139.402829,36.524851],[139.402162,36.523971],[139.401274,36.524265],[139.400139,36.524994],[139.398346,36.525223],[139.39614,36.52582],[139.394625,36.525376],[139.393149,36.525345],[139.392475,36.52586],[139.390444,36.52489],[139.387937,36.524445],[139.386469,36.524969],[139.385977,36.524216],[139.385882,36.523455],[139.385406,36.522654],[139.385188,36.521688],[139.385197,36.520459],[139.384371,36.519745],[139.38188,36.521046],[139.380667,36.520941],[139.378128,36.5211],[139.376922,36.519728],[139.377255,36.518644],[139.376771,36.517795],[139.376176,36.515441],[139.375328,36.514835],[139.374813,36.515287],[139.373353,36.51543],[139.372067,36.515034],[139.371165,36.515729],[139.370162,36.515408],[139.369241,36.515708],[139.368356,36.515623],[139.368021,36.515048],[139.366682,36.514435],[139.36609,36.513889],[139.365491,36.513812],[139.364529,36.514303],[139.362831,36.514342],[139.361836,36.513751],[139.360795,36.512638],[139.359503,36.512099],[139.359656,36.51091],[139.359153,36.510181],[139.358826,36.509185],[139.357746,36.507838],[139.357472,36.507081],[139.357924,36.506185],[139.357751,36.50485],[139.358665,36.503511],[139.358851,36.5018],[139.358685,36.501208],[139.359016,36.500433],[139.358189,36.499789],[139.35702,36.499511],[139.355149,36.499514],[139.352896,36.499308],[139.351425,36.497844],[139.350708,36.497657],[139.350072,36.497108],[139.348337,36.49696],[139.34711,36.497103],[139.344682,36.496491],[139.344565,36.495902],[139.342992,36.494956],[139.34177,36.494886],[139.33941,36.494375],[139.338879,36.493683],[139.337744,36.49316],[139.336885,36.49203],[139.335093,36.491935],[139.334314,36.491381],[139.332845,36.488923],[139.332956,36.488092],[139.333591,36.487553],[139.333811,36.486751],[139.333362,36.485036],[139.333945,36.483561],[139.332371,36.480683],[139.331783,36.480315],[139.331562,36.478994],[139.330687,36.478645],[139.329275,36.478659],[139.328491,36.478139],[139.327655,36.477924],[139.327244,36.477317],[139.326248,36.476927],[139.325994,36.475061],[139.325344,36.473801],[139.324372,36.473005],[139.322889,36.472608],[139.32033,36.471422],[139.320483,36.469433],[139.322194,36.467467],[139.322018,36.467083],[139.320818,36.466796],[139.319825,36.466209],[139.319742,36.465108],[139.317957,36.462859],[139.316184,36.46278],[139.315165,36.461993],[139.313285,36.461311],[139.312131,36.461379],[139.311196,36.461179],[139.310261,36.460528],[139.308847,36.460889],[139.307512,36.460795],[139.30667,36.460017],[139.305009,36.459864],[139.30463,36.459339],[139.304725,36.457389],[139.303862,36.456781],[139.301964,36.454794],[139.301113,36.454442],[139.301008,36.453136],[139.300508,36.451562],[139.30168,36.449781],[139.300923,36.44865],[139.300723,36.44747],[139.299898,36.447302],[139.299509,36.44673],[139.297453,36.446639],[139.296413,36.445553],[139.295877,36.44538],[139.29432,36.445751],[139.293989,36.44511],[139.294693,36.444685],[139.293648,36.442756],[139.293631,36.442249],[139.29308,36.440948],[139.291729,36.439633],[139.29189,36.438765],[139.291238,36.437492],[139.29045,36.436479],[139.290297,36.43528],[139.290466,36.434784],[139.291456,36.433803],[139.291416,36.43234],[139.291868,36.431283],[139.290387,36.431304],[139.288983,36.430732],[139.287452,36.42951],[139.286375,36.429038],[139.28477,36.429414],[139.283889,36.428512],[139.28406,36.427871],[139.285451,36.427122],[139.286496,36.426341],[139.285987,36.425534],[139.288755,36.424317],[139.292527,36.421905],[139.293228,36.420367],[139.29506,36.417377],[139.294167,36.417403],[139.290531,36.418018],[139.290385,36.416081],[139.290812,36.415396],[139.290597,36.414929],[139.289006,36.417732],[139.288549,36.416529],[139.289975,36.414629],[139.29028,36.413455],[139.289707,36.413303],[139.289091,36.414796],[139.287855,36.415481],[139.287231,36.416287],[139.28681,36.415853],[139.286911,36.415069],[139.28745,36.415056],[139.288306,36.413771],[139.28737,36.412772],[139.286962,36.414512],[139.286,36.415011],[139.284975,36.415022],[139.284986,36.414394],[139.283475,36.413926],[139.28439,36.412882],[139.284473,36.411481],[139.285947,36.409672],[139.287649,36.409549],[139.290325,36.409576],[139.291733,36.409419],[139.29274,36.409096],[139.298357,36.405915],[139.303852,36.402941],[139.305934,36.401727],[139.306234,36.401101],[139.309019,36.399564],[139.31014,36.399193],[139.311475,36.398307],[139.315095,36.397005],[139.315482,36.396666],[139.315186,36.395436],[139.315963,36.393792],[139.315766,36.392522],[139.316116,36.391854],[139.315555,36.390971],[139.315843,36.390582],[139.314863,36.387965],[139.314633,36.386687],[139.315032,36.385624],[139.315499,36.385049],[139.31516,36.383811],[139.315942,36.383529],[139.31611,36.38256],[139.31519,36.381859],[139.315309,36.38145],[139.314557,36.379441],[139.313654,36.377577],[139.316621,36.376775],[139.317092,36.37699],[139.318174,36.376787],[139.320397,36.375671],[139.321499,36.37552],[139.322896,36.37475],[139.325711,36.374776],[139.327564,36.374569],[139.327633,36.37364],[139.328454,36.373104],[139.328342,36.372407],[139.328558,36.370842],[139.329841,36.370042],[139.330652,36.368797],[139.33169,36.369058],[139.333167,36.368691],[139.335223,36.368903],[139.336369,36.368445],[139.335973,36.368017],[139.336063,36.367158],[139.336647,36.365485],[139.33716,36.364653],[139.337672,36.364405],[139.339306,36.364482],[139.339962,36.363329],[139.3409,36.363012],[139.341242,36.361786],[139.341357,36.360616],[139.342056,36.360535],[139.343547,36.360866],[139.345173,36.360108],[139.3462,36.360479],[139.347113,36.360154],[139.349695,36.36009],[139.350704,36.358526],[139.352176,36.359488],[139.353467,36.359468],[139.354334,36.359099],[139.354772,36.359694],[139.354933,36.361034],[139.356041,36.362109],[139.358064,36.363834],[139.359008,36.364411],[139.359781,36.364282],[139.360142,36.363628],[139.361193,36.36389],[139.362826,36.36319],[139.363268,36.36277],[139.363735,36.361675],[139.364339,36.361637],[139.365089,36.362067],[139.36538,36.363265],[139.366999,36.363033],[139.367256,36.363687],[139.368883,36.363525],[139.370346,36.366082],[139.368599,36.367318],[139.36737,36.368803],[139.366447,36.370526],[139.366431,36.371045],[139.367537,36.371413],[139.368157,36.372474],[139.367772,36.373958],[139.367882,36.375523],[139.366665,36.378067],[139.366315,36.379421],[139.363708,36.381111],[139.361947,36.382515],[139.361987,36.382867],[139.360978,36.38368],[139.361025,36.385234],[139.361844,36.385199],[139.36207,36.385951],[139.362892,36.386858],[139.365004,36.3886],[139.365167,36.389988],[139.36612,36.390276],[139.366937,36.391062],[139.367404,36.392151],[139.368136,36.392801],[139.368524,36.395614],[139.368857,36.396359],[139.369942,36.397765],[139.371201,36.398382],[139.373964,36.399111],[139.374871,36.399604],[139.375459,36.400309],[139.375672,36.40247],[139.375543,36.403001],[139.376312,36.404482],[139.375407,36.405572],[139.37629,36.40664],[139.376706,36.408355],[139.376645,36.40956],[139.376863,36.411028],[139.377748,36.412607],[139.378349,36.413224],[139.378643,36.414559],[139.380063,36.415043],[139.380518,36.416032],[139.380636,36.417081],[139.382077,36.418336],[139.385089,36.419378],[139.385866,36.420517],[139.38587,36.421523],[139.386998,36.422253],[139.388711,36.422249],[139.39063,36.424068],[139.391738,36.42431],[139.392154,36.426128],[139.391949,36.427442],[139.392598,36.428535],[139.394104,36.428936],[139.394439,36.430249],[139.395031,36.430919],[139.394697,36.432423],[139.394771,36.433351],[139.394391,36.434222],[139.394856,36.434539],[139.396392,36.4349],[139.397596,36.435639],[139.399423,36.435755],[139.400655,36.436483],[139.402526,36.436815],[139.403397,36.437746],[139.403376,36.438832],[139.404108,36.439634],[139.404577,36.440636],[139.404447,36.441505],[139.404782,36.44211],[139.405137,36.443948],[139.404987,36.444979],[139.405969,36.445225],[139.406431,36.445676],[139.407593,36.446076],[139.40923,36.447738],[139.409602,36.448473],[139.410463,36.449096],[139.41131,36.44925],[139.412308,36.450704],[139.412359,36.451739],[139.411673,36.45358],[139.411987,36.454649],[139.411505,36.45533],[139.410844,36.455396],[139.40889,36.457142],[139.408229,36.457881],[139.409032,36.45842],[139.4111,36.458435],[139.41209,36.459616],[139.413447,36.460589],[139.414741,36.461856],[139.417754,36.460792],[139.41818,36.460387],[139.418096,36.45888],[139.420403,36.457074],[139.421469,36.456919],[139.422619,36.457404],[139.424406,36.45884],[139.42589,36.459316],[139.427052,36.459053],[139.427838,36.459112],[139.430145,36.458071],[139.430755,36.457578],[139.431382,36.457757],[139.430851,36.458981],[139.43124,36.460149],[139.430897,36.460701],[139.429876,36.460805],[139.429534,36.461251],[139.430662,36.462433],[139.431547,36.462737],[139.432989,36.463827],[139.435362,36.464171],[139.435714,36.465528],[139.436475,36.465975],[139.436788,36.467445],[139.436705,36.468263],[139.437258,36.469872],[139.437353,36.472858],[139.437693,36.474335],[139.438026,36.474915],[139.436685,36.474737],[139.43511,36.474145],[139.43407,36.472732],[139.433083,36.472299],[139.432401,36.471488],[139.43166,36.471198],[139.430986,36.471471],[139.431709,36.472158],[139.431471,36.47393],[139.430765,36.474458],[139.431306,36.475746],[139.430844,36.47703],[139.430297,36.477428],[139.430245,36.47815],[139.429516,36.478267],[139.429812,36.479688],[139.429852,36.480759],[139.42966,36.481946],[139.428938,36.482813],[139.426447,36.483939],[139.425935,36.484515],[139.426439,36.485718],[139.426283,36.486501],[139.4269,36.48732],[139.428081,36.490418],[139.427142,36.49055],[139.425402,36.490162],[139.424046,36.490411],[139.42237,36.490303],[139.42147,36.490518],[139.421128,36.491269],[139.421681,36.492144],[139.422513,36.492927],[139.422569,36.493663],[139.420976,36.49381],[139.419916,36.494083],[139.41894,36.494603],[139.417928,36.494639],[139.418331,36.495884],[139.418232,36.4978],[139.419486,36.499673],[139.419675,36.50018],[139.419098,36.500825],[139.419305,36.501683],[139.419029,36.502278],[139.420603,36.502836],[139.42299,36.504419],[139.423242,36.505395],[139.4239,36.506169],[139.423917,36.507044],[139.423167,36.507751],[139.422358,36.508037],[139.421685,36.508744],[139.422283,36.50935],[139.424443,36.510307],[139.425361,36.510189],[139.426195,36.510517],[139.427677,36.510635],[139.428461,36.512546],[139.429789,36.512924],[139.431465,36.514683],[139.43128,36.51528],[139.431836,36.515836],[139.431575,36.517113],[139.432754,36.517256],[139.432906,36.519074],[139.434414,36.51936],[139.434857,36.520512],[139.434646,36.522069],[139.436003,36.523373],[139.436855,36.52392],[139.437057,36.52445],[139.438354,36.525241],[139.439912,36.525401],[139.440292,36.526865],[139.441703,36.528714],[139.441425,36.529775],[139.441509,36.530598],[139.442848,36.531583],[139.441096,36.531777],[139.439344,36.531667],[139.438308,36.531861],[139.437468,36.532463],[139.43612,36.532522],[139.434797,36.532783],[139.434511,36.533616],[139.436129,36.533658],[139.437089,36.534516],[139.437831,36.536088],[139.436744,36.53698],[139.437005,36.537586],[139.436289,36.538065],[139.43623,36.539369],[139.436466,36.54],[139.437864,36.540471],[139.436854,36.541237],[139.436921,36.542188],[139.437612,36.543374],[139.437544,36.544383],[139.438227,36.544905],[139.438397,36.547379],[139.438153,36.548625],[139.439299,36.550963],[139.440217,36.551611],[139.442466,36.552554],[139.443907,36.552511],[139.445076,36.551619],[139.44629,36.551611],[139.447696,36.55082],[139.448985,36.550483],[139.44992,36.549801],[139.451101,36.549707]]],[[[139.226545,36.403797],[139.228093,36.404182],[139.228372,36.404545],[139.229685,36.4045],[139.230736,36.405215],[139.232654,36.404694],[139.23415,36.404704],[139.233983,36.403487],[139.232943,36.401439],[139.232924,36.399897],[139.232655,36.398782],[139.232096,36.397599],[139.233286,36.396809],[139.2339,36.396651],[139.234495,36.397014],[139.235558,36.396846],[139.235585,36.395617],[139.235195,36.394883],[139.235148,36.393533],[139.236088,36.392752],[139.236636,36.393207],[139.237511,36.396039],[139.238991,36.397426],[139.240776,36.397073],[139.241393,36.398255],[139.243848,36.401343],[139.244463,36.401866],[139.245608,36.405551],[139.246793,36.405792],[139.247669,36.40625],[139.249454,36.406597],[139.252544,36.406781],[139.253266,36.408374],[139.254297,36.407854],[139.255755,36.407822],[139.257737,36.408228],[139.25888,36.408615],[139.260862,36.409924],[139.261409,36.41104],[139.262586,36.412273],[139.263826,36.412979],[139.268227,36.414201],[139.269192,36.414037],[139.270933,36.413438],[139.27168,36.412951],[139.273437,36.413217],[139.273139,36.415397],[139.272201,36.415528],[139.271485,36.41658],[139.27092,36.416749],[139.271063,36.418466],[139.270888,36.41936],[139.271002,36.420395],[139.27077,36.422109],[139.270748,36.424998],[139.269533,36.425101],[139.269098,36.425821],[139.267975,36.425721],[139.267074,36.425966],[139.266885,36.426475],[139.268144,36.429317],[139.267801,36.430654],[139.266765,36.430935],[139.266594,36.431442],[139.265722,36.431938],[139.265224,36.432694],[139.26381,36.433095],[139.263242,36.435239],[139.261936,36.435639],[139.261274,36.436253],[139.26097,36.436938],[139.260239,36.437728],[139.26034,36.438218],[139.262695,36.438514],[139.264039,36.439196],[139.264644,36.440149],[139.264625,36.441689],[139.265262,36.443149],[139.265507,36.444969],[139.264875,36.445572],[139.265376,36.447354],[139.264428,36.44764],[139.264137,36.44814],[139.264539,36.449718],[139.264086,36.452032],[139.263325,36.452936],[139.261797,36.452876],[139.26019,36.453081],[139.258307,36.454127],[139.25587,36.456992],[139.254667,36.457614],[139.253754,36.458388],[139.253745,36.459323],[139.254165,36.459897],[139.253633,36.461081],[139.252254,36.461097],[139.250592,36.460904],[139.248861,36.461653],[139.247748,36.46191],[139.247223,36.461761],[139.245682,36.463014],[139.244746,36.464092],[139.243325,36.464796],[139.241732,36.465083],[139.242018,36.466337],[139.241116,36.467173],[139.240279,36.467547],[139.239112,36.466865],[139.238276,36.466964],[139.23772,36.46781],[139.236498,36.468767],[139.236542,36.470141],[139.235954,36.471014],[139.236124,36.471384],[139.237889,36.47236],[139.238605,36.472965],[139.239628,36.474252],[139.238924,36.476132],[139.238473,36.475824],[139.236348,36.475318],[139.236282,36.476055],[139.235146,36.479386],[139.234949,36.480558],[139.234085,36.482041],[139.232422,36.483908],[139.232455,36.485559],[139.231801,36.486581],[139.234991,36.485263],[139.236867,36.484246],[139.237586,36.482521],[139.239914,36.482696],[139.243153,36.483833],[139.245637,36.483705],[139.246156,36.484103],[139.247339,36.484269],[139.249125,36.484164],[139.249431,36.483711],[139.250709,36.482902],[139.250783,36.482303],[139.24977,36.481893],[139.249902,36.481312],[139.251287,36.480494],[139.252378,36.480706],[139.253998,36.480326],[139.254693,36.480644],[139.255865,36.480546],[139.256741,36.479849],[139.258731,36.479375],[139.261732,36.479272],[139.26235,36.478929],[139.264105,36.47928],[139.264726,36.480207],[139.265468,36.480305],[139.266498,36.479851],[139.268272,36.480186],[139.268519,36.480968],[139.268599,36.482868],[139.269218,36.483089],[139.270213,36.48417],[139.271128,36.484578],[139.271758,36.485761],[139.273348,36.486151],[139.27436,36.485721],[139.275467,36.486056],[139.275738,36.486872],[139.27656,36.487401],[139.277435,36.48724],[139.279562,36.48844],[139.280494,36.489463],[139.280649,36.490268],[139.281353,36.490875],[139.28152,36.491626],[139.283002,36.492977],[139.284469,36.492879],[139.286042,36.493081],[139.288116,36.492194],[139.289204,36.492177],[139.290122,36.491607],[139.291612,36.491814],[139.29247,36.491653],[139.293772,36.490607],[139.293551,36.489419],[139.294436,36.48954],[139.295997,36.490295],[139.296982,36.490237],[139.298029,36.491216],[139.299032,36.493959],[139.29906,36.49512],[139.299688,36.496413],[139.299671,36.49689],[139.300626,36.497574],[139.30136,36.499009],[139.301854,36.499377],[139.303058,36.499662],[139.30323,36.500743],[139.304468,36.502287],[139.302289,36.502873],[139.300218,36.502902],[139.298978,36.503063],[139.296451,36.504208],[139.295534,36.504794],[139.296723,36.506192],[139.296834,36.507025],[139.295954,36.507319],[139.295716,36.50804],[139.294208,36.507869],[139.293606,36.508267],[139.293223,36.508984],[139.291251,36.508938],[139.289776,36.510566],[139.287042,36.511289],[139.282755,36.51091],[139.282277,36.511245],[139.281806,36.512134],[139.280407,36.512555],[139.279998,36.514352],[139.280584,36.514539],[139.280795,36.515977],[139.281952,36.516583],[139.282206,36.517804],[139.28256,36.51834],[139.283435,36.518683],[139.284256,36.51864],[139.285687,36.519723],[139.286966,36.519567],[139.288016,36.518989],[139.290191,36.518943],[139.290501,36.52068],[139.291131,36.521315],[139.290882,36.522884],[139.291454,36.523562],[139.291664,36.524964],[139.291124,36.526557],[139.291717,36.527264],[139.292183,36.528286],[139.292922,36.528914],[139.292995,36.530114],[139.29415,36.530958],[139.294648,36.53175],[139.295424,36.532335],[139.296156,36.5334],[139.296968,36.534155],[139.300816,36.535717],[139.301534,36.535816],[139.302809,36.536451],[139.30381,36.537963],[139.305479,36.538363],[139.305699,36.539173],[139.307217,36.54012],[139.30791,36.541238],[139.308097,36.542171],[139.309675,36.542427],[139.3115,36.543046],[139.313183,36.542464],[139.314961,36.544122],[139.314769,36.544984],[139.314875,36.546364],[139.314595,36.547401],[139.315327,36.548398],[139.315146,36.550449],[139.315814,36.551624],[139.315878,36.553019],[139.315423,36.553685],[139.315736,36.554683],[139.315715,36.55585],[139.31613,36.556237],[139.31606,36.557032],[139.316813,36.557877],[139.317401,36.559543],[139.319058,36.560625],[139.319171,36.563205],[139.318297,36.563812],[139.316492,36.563904],[139.315441,36.565413],[139.314131,36.565782],[139.313509,36.566424],[139.31338,36.567347],[139.311842,36.56899],[139.309938,36.56954],[139.308932,36.570101],[139.308319,36.571627],[139.308813,36.572793],[139.307839,36.574394],[139.307675,36.576364],[139.307746,36.577276],[139.306956,36.578347],[139.306522,36.579285],[139.305895,36.579903],[139.304207,36.579232],[139.302624,36.580694],[139.30197,36.581028],[139.30076,36.582522],[139.300366,36.583538],[139.299555,36.584403],[139.299971,36.585248],[139.300035,36.586047],[139.300558,36.58645],[139.300444,36.58761],[139.29956,36.588317],[139.299303,36.589798],[139.298726,36.590732],[139.299179,36.591911],[139.300735,36.593094],[139.300106,36.594023],[139.299057,36.59426],[139.297858,36.595147],[139.297159,36.595263],[139.296264,36.595027],[139.294989,36.594],[139.293633,36.594054],[139.291625,36.592589],[139.291479,36.592142],[139.290385,36.591614],[139.289203,36.590474],[139.288609,36.589682],[139.287265,36.589293],[139.285422,36.589729],[139.284236,36.589336],[139.283421,36.589309],[139.282859,36.588491],[139.281305,36.587853],[139.280646,36.587387],[139.279214,36.587995],[139.278432,36.588641],[139.278188,36.590275],[139.277533,36.590337],[139.27576,36.589844],[139.275603,36.591037],[139.274541,36.591594],[139.27312,36.591535],[139.270856,36.590686],[139.270203,36.590893],[139.268871,36.589799],[139.268054,36.589791],[139.267605,36.59033],[139.265491,36.591638],[139.264221,36.5916],[139.263074,36.590398],[139.260854,36.591156],[139.260202,36.592084],[139.259215,36.591795],[139.257678,36.591751],[139.256761,36.59097],[139.256015,36.589231],[139.255216,36.588516],[139.253588,36.588917],[139.252416,36.588541],[139.250437,36.588517],[139.24843,36.588359],[139.246788,36.588597],[139.245687,36.588998],[139.244163,36.588279],[139.242867,36.5884],[139.241791,36.588067],[139.241071,36.586931],[139.240275,36.586537],[139.239805,36.585969],[139.239539,36.584847],[139.237841,36.582791],[139.23749,36.581608],[139.236641,36.581176],[139.236065,36.580501],[139.235034,36.580759],[139.233586,36.579709],[139.233095,36.578953],[139.231719,36.578161],[139.229773,36.577263],[139.228339,36.577012],[139.227441,36.576414],[139.226291,36.576054],[139.223979,36.574924],[139.22287,36.575215],[139.221672,36.575232],[139.219516,36.575723],[139.217134,36.575563],[139.215437,36.575031],[139.214427,36.574872],[139.211715,36.574124],[139.208884,36.573216],[139.207143,36.573165],[139.205454,36.572642],[139.204287,36.572075],[139.199867,36.571202],[139.198769,36.571335],[139.197842,36.571168],[139.196212,36.571309],[139.19492,36.571007],[139.193073,36.569728],[139.190859,36.568719],[139.18947,36.566556],[139.189677,36.565264],[139.191926,36.563074],[139.193183,36.562232],[139.193707,36.561601],[139.193382,36.560517],[139.19344,36.559428],[139.193884,36.558458],[139.193983,36.557434],[139.193464,36.556021],[139.19331,36.554965],[139.192342,36.55363],[139.192705,36.552881],[139.19394,36.551711],[139.193862,36.551172],[139.193036,36.549748],[139.192695,36.548339],[139.193576,36.546849],[139.193653,36.545869],[139.194249,36.544842],[139.19523,36.543796],[139.194195,36.541514],[139.192716,36.54062],[139.192055,36.539794],[139.190181,36.538041],[139.18996,36.537123],[139.190356,36.535241],[139.189619,36.532716],[139.190501,36.531424],[139.192219,36.530411],[139.192618,36.529955],[139.192486,36.52848],[139.191647,36.527223],[139.189995,36.526429],[139.188684,36.526066],[139.190079,36.524132],[139.190557,36.523655],[139.190557,36.522929],[139.191488,36.522134],[139.191821,36.521176],[139.192837,36.519598],[139.193547,36.518791],[139.193903,36.517392],[139.194613,36.5159],[139.195937,36.514562],[139.196365,36.513938],[139.196182,36.512752],[139.19628,36.511317],[139.197775,36.508928],[139.197971,36.508329],[139.198792,36.507433],[139.199098,36.506011],[139.198951,36.505546],[139.19965,36.503928],[139.200055,36.50262],[139.199921,36.501182],[139.200354,36.500678],[139.200121,36.498818],[139.201067,36.498433],[139.201365,36.496217],[139.202574,36.494648],[139.202494,36.493812],[139.202072,36.493136],[139.202887,36.492366],[139.20181,36.4919],[139.20237,36.491203],[139.203011,36.489881],[139.203774,36.488841],[139.20589,36.488174],[139.207614,36.484127],[139.209273,36.479934],[139.210657,36.476925],[139.211057,36.476584],[139.211262,36.474113],[139.210898,36.469412],[139.210672,36.467901],[139.210701,36.466237],[139.211152,36.46487],[139.211378,36.461455],[139.210913,36.460307],[139.211814,36.459166],[139.212224,36.457909],[139.212864,36.457168],[139.21362,36.455366],[139.213804,36.453579],[139.21293,36.451714],[139.214014,36.45058],[139.214785,36.449316],[139.215761,36.446765],[139.215339,36.446416],[139.214488,36.444338],[139.213979,36.443742],[139.212917,36.443699],[139.212157,36.441846],[139.214238,36.441919],[139.21599,36.442953],[139.217227,36.442909],[139.217707,36.440918],[139.218304,36.439094],[139.218253,36.437139],[139.21794,36.436297],[139.219075,36.436428],[139.219606,36.434924],[139.21933,36.434371],[139.219702,36.433326],[139.220044,36.429532],[139.219819,36.42906],[139.219972,36.427875],[139.219644,36.425966],[139.220132,36.425595],[139.221994,36.426097],[139.224605,36.426271],[139.225041,36.425413],[139.225689,36.424781],[139.225587,36.424157],[139.225995,36.422594],[139.226599,36.422274],[139.226307,36.421511],[139.226664,36.420487],[139.227763,36.420494],[139.228978,36.420734],[139.228856,36.419626],[139.229587,36.418785],[139.229626,36.416397],[139.230144,36.416476],[139.229948,36.414637],[139.229122,36.413238],[139.22814,36.412806],[139.228195,36.413718],[139.227377,36.415062],[139.226639,36.415595],[139.225602,36.415156],[139.225438,36.414564],[139.226066,36.413827],[139.225689,36.413262],[139.225752,36.411368],[139.226301,36.411203],[139.226491,36.409764],[139.227072,36.409591],[139.226396,36.408373],[139.226176,36.407054],[139.224934,36.406377],[139.224801,36.405529],[139.225705,36.40497],[139.226545,36.403797]]]]}},
  {"type":"Feature","properties":{"name":"伊勢崎市","code":"10204"},"geometry":{"type":"MultiPolygon","coordinates":[[[[139.136179,36.334343],[139.136251,36.331445],[139.137295,36.33147],[139.137408,36.326414],[139.138694,36.326438],[139.138856,36.317975],[139.137756,36.317963],[139.139042,36.316569],[139.139858,36.315328],[139.14143,36.311892],[139.142588,36.310493],[139.142192,36.310104],[139.144011,36.308668],[139.142614,36.308995],[139.141452,36.309514],[139.140752,36.307735],[139.14328,36.306988],[139.148986,36.306044],[139.153564,36.303484],[139.154332,36.302831],[139.155024,36.301813],[139.156422,36.298881],[139.161448,36.288016],[139.164089,36.286524],[139.171745,36.27742],[139.171571,36.273969],[139.171368,36.273722],[139.171903,36.273399],[139.180551,36.2691],[139.182466,36.268197],[139.184599,36.267358],[139.187755,36.266442],[139.193232,36.26402],[139.198002,36.262248],[139.201506,36.262639],[139.203285,36.262396],[139.204359,36.262533],[139.205242,36.263148],[139.208253,36.262465],[139.210101,36.261307],[139.211001,36.261363],[139.211568,36.260173],[139.211973,36.260173],[139.211602,36.25641],[139.212145,36.256336],[139.223722,36.258306],[139.224004,36.258302],[139.22983,36.253252],[139.231012,36.252625],[139.232123,36.251129],[139.233487,36.248911],[139.235295,36.247564],[139.237474,36.246205],[139.244067,36.244434],[139.247397,36.244825],[139.253894,36.245844],[139.256244,36.245434],[139.25918,36.244491],[139.261693,36.242703],[139.263538,36.242496],[139.265718,36.242479],[139.267011,36.242622],[139.267364,36.244617],[139.267223,36.245599],[139.266815,36.250421],[139.267661,36.250429],[139.272649,36.249241],[139.280467,36.251096],[139.281675,36.251429],[139.282307,36.252563],[139.281968,36.252961],[139.282354,36.254016],[139.280795,36.256402],[139.279853,36.256276],[139.278184,36.256967],[139.275472,36.255931],[139.273374,36.25592],[139.271954,36.256235],[139.270584,36.257686],[139.270463,36.258438],[139.270721,36.259581],[139.271228,36.259778],[139.27009,36.261154],[139.269307,36.263599],[139.269146,36.264743],[139.269416,36.265438],[139.270209,36.266083],[139.269703,36.266774],[139.269979,36.267107],[139.27156,36.26713],[139.271945,36.267635],[139.271693,36.270662],[139.271325,36.27313],[139.271553,36.274836],[139.271878,36.276002],[139.275392,36.27545],[139.275938,36.277778],[139.275116,36.27795],[139.275186,36.278524],[139.275864,36.280086],[139.273904,36.280976],[139.273971,36.282217],[139.273588,36.28332],[139.272523,36.283861],[139.271788,36.283462],[139.270383,36.284316],[139.265187,36.288609],[139.264552,36.28885],[139.263915,36.288214],[139.257615,36.293388],[139.255762,36.295036],[139.256338,36.296746],[139.256291,36.298678],[139.2573,36.300591],[139.257713,36.303064],[139.2594,36.302847],[139.260919,36.303077],[139.263088,36.303182],[139.265197,36.302668],[139.266023,36.302829],[139.267447,36.302644],[139.267579,36.304038],[139.267514,36.305386],[139.266664,36.30999],[139.267464,36.309981],[139.267952,36.310658],[139.268164,36.311546],[139.267983,36.314878],[139.266778,36.315043],[139.266986,36.316118],[139.268698,36.315868],[139.268584,36.317606],[139.268351,36.318658],[139.267321,36.318855],[139.267827,36.321169],[139.26932,36.321226],[139.269048,36.324207],[139.267766,36.324571],[139.265229,36.324968],[139.264167,36.325367],[139.263877,36.326575],[139.263718,36.329029],[139.261758,36.33035],[139.262286,36.331088],[139.26252,36.332798],[139.263724,36.333862],[139.264149,36.336479],[139.265513,36.337332],[139.265445,36.339128],[139.264128,36.340776],[139.263881,36.342472],[139.264019,36.343954],[139.264504,36.344096],[139.264589,36.347548],[139.264928,36.347691],[139.266958,36.3475],[139.267384,36.348353],[139.26813,36.35085],[139.268318,36.352043],[139.268931,36.352769],[139.268654,36.353766],[139.269309,36.356171],[139.269048,36.358352],[139.268395,36.359397],[139.26726,36.360706],[139.267243,36.360984],[139.27165,36.360302],[139.271843,36.361467],[139.272741,36.365179],[139.273148,36.367163],[139.273082,36.368685],[139.272775,36.368964],[139.271755,36.37084],[139.271394,36.371838],[139.271174,36.373689],[139.268144,36.373756],[139.26766,36.374327],[139.266593,36.37702],[139.266327,36.378186],[139.266352,36.379283],[139.266679,36.381037],[139.266824,36.382872],[139.267276,36.383986],[139.267277,36.385371],[139.26799,36.38654],[139.267787,36.387992],[139.267267,36.388916],[139.266898,36.390215],[139.267031,36.391021],[139.267641,36.392446],[139.266287,36.392833],[139.2646,36.393524],[139.261044,36.394168],[139.260068,36.394125],[139.257755,36.394392],[139.256192,36.394835],[139.253804,36.395035],[139.250604,36.395033],[139.250176,36.395136],[139.249982,36.396439],[139.250296,36.397104],[139.25098,36.3997],[139.251971,36.401171],[139.253502,36.403897],[139.254433,36.405003],[139.255114,36.405189],[139.255542,36.406458],[139.255755,36.407822],[139.254297,36.407854],[139.253266,36.408374],[139.252544,36.406781],[139.249454,36.406597],[139.247669,36.40625],[139.246793,36.405792],[139.245608,36.405551],[139.244463,36.401866],[139.243848,36.401343],[139.241393,36.398255],[139.240776,36.397073],[139.238991,36.397426],[139.237511,36.396039],[139.236636,36.393207],[139.236088,36.392752],[139.235148,36.393533],[139.235195,36.394883],[139.235585,36.395617],[139.235558,36.396846],[139.234495,36.397014],[139.2339,36.396651],[139.233286,36.396809],[139.232096,36.397599],[139.232655,36.398782],[139.232924,36.399897],[139.232943,36.401439],[139.233983,36.403487],[139.23415,36.404704],[139.232654,36.404694],[139.230736,36.405215],[139.229685,36.4045],[139.228372,36.404545],[139.228093,36.404182],[139.226545,36.403797],[139.224459,36.403568],[139.223641,36.403652],[139.223595,36.402899],[139.222448,36.402878],[139.222457,36.402023],[139.221853,36.401513],[139.220486,36.4022],[139.218875,36.402236],[139.218317,36.401567],[139.217406,36.40166],[139.217117,36.400784],[139.217201,36.399855],[139.215982,36.399305],[139.215275,36.398748],[139.215182,36.398088],[139.215564,36.397704],[139.215685,36.396087],[139.21611,36.395304],[139.215608,36.394904],[139.214195,36.394997],[139.213042,36.394579],[139.211953,36.393731],[139.210743,36.392011],[139.207058,36.390779],[139.207124,36.390031],[139.206815,36.388226],[139.20714,36.386526],[139.206192,36.385977],[139.204521,36.382617],[139.2043,36.381834],[139.204048,36.37886],[139.203219,36.376299],[139.202974,36.37522],[139.201186,36.375981],[139.199484,36.376166],[139.197886,36.375116],[139.196622,36.375027],[139.19675,36.373895],[139.196469,36.373489],[139.195301,36.373445],[139.194666,36.374175],[139.193348,36.374065],[139.191632,36.37294],[139.191817,36.370678],[139.191461,36.369729],[139.191417,36.368895],[139.190826,36.36709],[139.190408,36.36655],[139.190127,36.365461],[139.189025,36.364849],[139.187217,36.365289],[139.186545,36.365045],[139.187056,36.364106],[139.186335,36.362356],[139.187133,36.361095],[139.187077,36.360136],[139.186047,36.359504],[139.185411,36.359448],[139.184858,36.358833],[139.183723,36.358306],[139.181965,36.357249],[139.180396,36.355065],[139.178667,36.353818],[139.176922,36.352775],[139.175271,36.352726],[139.174606,36.352146],[139.174542,36.351417],[139.174129,36.350976],[139.173085,36.350799],[139.172966,36.349918],[139.172469,36.349008],[139.169843,36.347867],[139.169234,36.346782],[139.16794,36.346276],[139.167029,36.345498],[139.165779,36.345036],[139.165614,36.343955],[139.164139,36.34248],[139.164434,36.341121],[139.166011,36.33973],[139.166967,36.338319],[139.166162,36.337339],[139.163917,36.337205],[139.161566,36.337605],[139.161321,36.338384],[139.157755,36.33886],[139.156485,36.339475],[139.15555,36.34083],[139.154614,36.34067],[139.15361,36.341235],[139.151175,36.342191],[139.148943,36.341096],[139.147318,36.341381],[139.146548,36.340506],[139.146908,36.338966],[139.146948,36.337614],[139.144251,36.337642],[139.143051,36.337121],[139.141709,36.335471],[139.14168,36.334503],[139.136179,36.334343]],[[139.262462,36.244067],[139.261724,36.244279],[139.262235,36.245373],[139.26289,36.245101],[139.263584,36.243881],[139.262462,36.244067]]]]}},
  {"type":"Feature","properties":{"name":"太田市","code":"10205"},"geometry":{"type":"MultiPolygon","coordinates":[[[[139.313654,36.377577],[139.312944,36.37773],[139.311535,36.378691],[139.310231,36.37776],[139.309521,36.376591],[139.309121,36.376373],[139.305422,36.375737],[139.305484,36.374995],[139.303959,36.374297],[139.302219,36.373716],[139.301633,36.373945],[139.299031,36.373439],[139.298608,36.37242],[139.298096,36.372102],[139.296782,36.372135],[139.296777,36.371776],[139.294874,36.371847],[139.294671,36.37315],[139.291116,36.372884],[139.28695,36.372862],[139.286458,36.373142],[139.279608,36.373237],[139.279354,36.369099],[139.278883,36.368848],[139.273082,36.368685],[139.273148,36.367163],[139.272741,36.365179],[139.271843,36.361467],[139.27165,36.360302],[139.267243,36.360984],[139.26726,36.360706],[139.268395,36.359397],[139.269048,36.358352],[139.269309,36.356171],[139.268654,36.353766],[139.268931,36.352769],[139.268318,36.352043],[139.26813,36.35085],[139.267384,36.348353],[139.266958,36.3475],[139.264928,36.347691],[139.264589,36.347548],[139.264504,36.344096],[139.264019,36.343954],[139.263881,36.342472],[139.264128,36.340776],[139.265445,36.339128],[139.265513,36.337332],[139.264149,36.336479],[139.263724,36.333862],[139.26252,36.332798],[139.262286,36.331088],[139.261758,36.33035],[139.263718,36.329029],[139.263877,36.326575],[139.264167,36.325367],[139.265229,36.324968],[139.267766,36.324571],[139.269048,36.324207],[139.26932,36.321226],[139.267827,36.321169],[139.267321,36.318855],[139.268351,36.318658],[139.268584,36.317606],[139.268698,36.315868],[139.266986,36.316118],[139.266778,36.315043],[139.267983,36.314878],[139.268164,36.311546],[139.267952,36.310658],[139.267464,36.309981],[139.266664,36.30999],[139.267514,36.305386],[139.267579,36.304038],[139.267447,36.302644],[139.266023,36.302829],[139.265197,36.302668],[139.263088,36.303182],[139.260919,36.303077],[139.2594,36.302847],[139.257713,36.303064],[139.2573,36.300591],[139.256291,36.298678],[139.256338,36.296746],[139.255762,36.295036],[139.257615,36.293388],[139.263915,36.288214],[139.264552,36.28885],[139.265187,36.288609],[139.270383,36.284316],[139.271788,36.283462],[139.272523,36.283861],[139.273588,36.28332],[139.273971,36.282217],[139.273904,36.280976],[139.275864,36.280086],[139.275186,36.278524],[139.275116,36.27795],[139.275938,36.277778],[139.275392,36.27545],[139.271878,36.276002],[139.271553,36.274836],[139.271325,36.27313],[139.271693,36.270662],[139.271945,36.267635],[139.27156,36.26713],[139.269979,36.267107],[139.269703,36.266774],[139.270209,36.266083],[139.269416,36.265438],[139.269146,36.264743],[139.269307,36.263599],[139.27009,36.261154],[139.271228,36.259778],[139.270721,36.259581],[139.270463,36.258438],[139.270584,36.257686],[139.271954,36.256235],[139.273374,36.25592],[139.275472,36.255931],[139.278184,36.256967],[139.279853,36.256276],[139.280795,36.256402],[139.282354,36.254016],[139.281968,36.252961],[139.282307,36.252563],[139.281675,36.251429],[139.280467,36.251096],[139.272649,36.249241],[139.277688,36.247971],[139.281301,36.246854],[139.28632,36.245133],[139.288331,36.244688],[139.291672,36.244165],[139.292577,36.243917],[139.294979,36.243587],[139.298482,36.243275],[139.297025,36.24187],[139.301443,36.239787],[139.305467,36.238381],[139.309257,36.237435],[139.312048,36.236954],[139.315149,36.236614],[139.318219,36.236475],[139.322266,36.236595],[139.324994,36.23687],[139.327973,36.237358],[139.327873,36.240183],[139.32798,36.240539],[139.333379,36.242888],[139.337073,36.243109],[139.340249,36.243864],[139.339655,36.245164],[139.339481,36.245988],[139.340491,36.246439],[139.343435,36.246997],[139.345196,36.248229],[139.345861,36.248982],[139.346384,36.250743],[139.346847,36.251562],[139.346414,36.252243],[139.347302,36.253651],[139.350595,36.254151],[139.351224,36.253857],[139.353584,36.251513],[139.35421,36.251527],[139.355962,36.252528],[139.358233,36.253328],[139.359289,36.253229],[139.361543,36.252092],[139.363666,36.250513],[139.366137,36.248389],[139.367817,36.246809],[139.371924,36.245515],[139.373022,36.245397],[139.375526,36.244868],[139.376673,36.244505],[139.377497,36.243698],[139.378623,36.241989],[139.379339,36.241182],[139.382919,36.237869],[139.384897,36.240778],[139.384053,36.241244],[139.384519,36.242978],[139.384448,36.243712],[139.385271,36.244577],[139.383921,36.244772],[139.384204,36.246035],[139.383092,36.24669],[139.382686,36.247566],[139.382486,36.248709],[139.382526,36.250224],[139.382793,36.251448],[139.382443,36.25254],[139.384003,36.254895],[139.383895,36.255732],[139.384618,36.257818],[139.385002,36.259273],[139.385912,36.261193],[139.387245,36.260967],[139.388341,36.260985],[139.388478,36.261374],[139.388433,36.263285],[139.388789,36.264291],[139.38843,36.264905],[139.388323,36.266097],[139.38846,36.267334],[139.38927,36.267326],[139.389298,36.266668],[139.39374,36.266282],[139.397613,36.265737],[139.398194,36.265567],[139.399092,36.26637],[139.401452,36.264979],[139.402529,36.264545],[139.403887,36.265854],[139.398656,36.269552],[139.398922,36.270004],[139.400994,36.271982],[139.405963,36.276451],[139.413904,36.270889],[139.414537,36.270954],[139.417528,36.270741],[139.418121,36.270839],[139.420592,36.270615],[139.42323,36.270018],[139.426279,36.269943],[139.426807,36.269705],[139.428784,36.26796],[139.429758,36.267639],[139.430418,36.268428],[139.431126,36.26878],[139.434886,36.267669],[139.435009,36.268431],[139.434339,36.269136],[139.433872,36.270695],[139.433839,36.271542],[139.434326,36.272732],[139.434303,36.273218],[139.433593,36.274167],[139.432753,36.276063],[139.432333,36.277378],[139.430701,36.277438],[139.430781,36.279195],[139.429717,36.279245],[139.429941,36.281415],[139.430412,36.283028],[139.431538,36.28302],[139.431748,36.285302],[139.433266,36.286986],[139.434188,36.286549],[139.435368,36.286851],[139.436134,36.287425],[139.438121,36.287112],[139.441043,36.287162],[139.441148,36.28833],[139.443649,36.288361],[139.443533,36.293694],[139.442159,36.294819],[139.440278,36.295551],[139.439169,36.296615],[139.437105,36.297009],[139.436487,36.296192],[139.436483,36.295717],[139.435864,36.294853],[139.436078,36.293505],[139.435714,36.291994],[139.435055,36.292269],[139.434788,36.29299],[139.431565,36.295057],[139.430364,36.295686],[139.430684,36.296383],[139.431129,36.298612],[139.431211,36.300172],[139.431523,36.30101],[139.430816,36.301621],[139.429674,36.302116],[139.426715,36.30395],[139.427208,36.305147],[139.428813,36.305623],[139.429163,36.306178],[139.42696,36.306987],[139.426096,36.307888],[139.423199,36.307865],[139.42284,36.308807],[139.421515,36.309394],[139.42056,36.310805],[139.420307,36.31178],[139.419831,36.312472],[139.418801,36.31294],[139.417263,36.312957],[139.416733,36.3137],[139.417127,36.314109],[139.4157,36.31587],[139.417499,36.316942],[139.41708,36.317347],[139.415445,36.317996],[139.415666,36.319706],[139.417206,36.32058],[139.418199,36.321417],[139.417475,36.321923],[139.415803,36.322523],[139.416146,36.323293],[139.414861,36.324318],[139.414803,36.325081],[139.415681,36.325926],[139.416992,36.325376],[139.417496,36.325988],[139.418391,36.326219],[139.418435,36.326894],[139.419136,36.326837],[139.420043,36.325653],[139.419714,36.32464],[139.420472,36.323118],[139.421166,36.322669],[139.422047,36.322554],[139.422648,36.323012],[139.423097,36.324063],[139.422926,36.324773],[139.423571,36.325251],[139.424002,36.323813],[139.425686,36.323802],[139.426562,36.324351],[139.426729,36.324932],[139.426578,36.326706],[139.425816,36.328223],[139.424993,36.3289],[139.424421,36.32867],[139.42291,36.33069],[139.423523,36.331127],[139.422793,36.332256],[139.420815,36.333862],[139.419366,36.335451],[139.418165,36.335986],[139.417944,36.336559],[139.415198,36.337996],[139.414576,36.3381],[139.413511,36.337713],[139.412418,36.33812],[139.407073,36.340912],[139.396937,36.345821],[139.393456,36.347754],[139.392511,36.348427],[139.391511,36.349434],[139.390633,36.35073],[139.389437,36.353023],[139.388436,36.354645],[139.386789,36.355944],[139.386426,36.355992],[139.382617,36.358027],[139.380764,36.358752],[139.378146,36.359989],[139.375204,36.362246],[139.373017,36.364073],[139.371784,36.364892],[139.370346,36.366082],[139.368883,36.363525],[139.367256,36.363687],[139.366999,36.363033],[139.36538,36.363265],[139.365089,36.362067],[139.364339,36.361637],[139.363735,36.361675],[139.363268,36.36277],[139.362826,36.36319],[139.361193,36.36389],[139.360142,36.363628],[139.359781,36.364282],[139.359008,36.364411],[139.358064,36.363834],[139.356041,36.362109],[139.354933,36.361034],[139.354772,36.359694],[139.354334,36.359099],[139.353467,36.359468],[139.352176,36.359488],[139.350704,36.358526],[139.349695,36.36009],[139.347113,36.360154],[139.3462,36.360479],[139.345173,36.360108],[139.343547,36.360866],[139.342056,36.360535],[139.341357,36.360616],[139.341242,36.361786],[139.3409,36.363012],[139.339962,36.363329],[139.339306,36.364482],[139.337672,36.364405],[139.33716,36.364653],[139.336647,36.365485],[139.336063,36.367158],[139.335973,36.368017],[139.336369,36.368445],[139.335223,36.368903],[139.333167,36.368691],[139.33169,36.369058],[139.330652,36.368797],[139.329841,36.370042],[139.328558,36.370842],[139.328342,36.372407],[139.328454,36.373104],[139.327633,36.37364],[139.327564,36.374569],[139.325711,36.374776],[139.322896,36.37475],[139.321499,36.37552],[139.320397,36.375671],[139.318174,36.376787],[139.317092,36.37699],[139.316621,36.376775],[139.313654,36.377577]]]]}},
  {"type":"Feature","properties":{"name":"沼田市","code":"10206"},"geometry":{"type":"MultiPolygon","coordinates":[[[[139.19344,36.559428],[139.193382,36.560517],[139.193707,36.561601],[139.193183,36.562232],[139.191926,36.563074],[139.189677,36.565264],[139.18947,36.566556],[139.190859,36.568719],[139.193073,36.569728],[139.19492,36.571007],[139.196212,36.571309],[139.197842,36.571168],[139.198769,36.571335],[139.199867,36.571202],[139.204287,36.572075],[139.205454,36.572642],[139.207143,36.573165],[139.208884,36.573216],[139.211715,36.574124],[139.214427,36.574872],[139.215437,36.575031],[139.217134,36.575563],[139.219516,36.575723],[139.221672,36.575232],[139.22287,36.575215],[139.223979,36.574924],[139.226291,36.576054],[139.227441,36.576414],[139.228339,36.577012],[139.229773,36.577263],[139.231719,36.578161],[139.233095,36.578953],[139.233586,36.579709],[139.235034,36.580759],[139.236065,36.580501],[139.236641,36.581176],[139.23749,36.581608],[139.237841,36.582791],[139.239539,36.584847],[139.239805,36.585969],[139.240275,36.586537],[139.241071,36.586931],[139.241791,36.588067],[139.242867,36.5884],[139.244163,36.588279],[139.245687,36.588998],[139.246788,36.588597],[139.24843,36.588359],[139.250437,36.588517],[139.252416,36.588541],[139.253588,36.588917],[139.255216,36.588516],[139.256015,36.589231],[139.256761,36.59097],[139.257678,36.591751],[139.259215,36.591795],[139.260202,36.592084],[139.260854,36.591156],[139.263074,36.590398],[139.264221,36.5916],[139.265491,36.591638],[139.267605,36.59033],[139.268054,36.589791],[139.268871,36.589799],[139.270203,36.590893],[139.270856,36.590686],[139.27312,36.591535],[139.274541,36.591594],[139.275603,36.591037],[139.27576,36.589844],[139.277533,36.590337],[139.278188,36.590275],[139.278432,36.588641],[139.279214,36.587995],[139.280646,36.587387],[139.281305,36.587853],[139.282859,36.588491],[139.283421,36.589309],[139.284236,36.589336],[139.285422,36.589729],[139.287265,36.589293],[139.288609,36.589682],[139.289203,36.590474],[139.290385,36.591614],[139.291479,36.592142],[139.291625,36.592589],[139.293633,36.594054],[139.294989,36.594],[139.296264,36.595027],[139.297159,36.595263],[139.297858,36.595147],[139.298111,36.595568],[139.297985,36.596525],[139.298816,36.597472],[139.2981,36.598313],[139.298224,36.599539],[139.29915,36.600769],[139.29975,36.601908],[139.300875,36.602673],[139.301828,36.603585],[139.302304,36.605515],[139.30154,36.606849],[139.3019,36.608035],[139.302789,36.608879],[139.303545,36.610116],[139.304772,36.611221],[139.305618,36.613198],[139.306321,36.61411],[139.305566,36.615996],[139.306802,36.616735],[139.307519,36.618008],[139.308404,36.619111],[139.309749,36.620245],[139.311397,36.62113],[139.311979,36.622185],[139.311944,36.623153],[139.312327,36.623493],[139.314868,36.624504],[139.316727,36.625433],[139.318462,36.626025],[139.319279,36.626744],[139.320026,36.627836],[139.321423,36.629099],[139.322455,36.630306],[139.32403,36.631304],[139.324403,36.632309],[139.325593,36.633501],[139.328149,36.633422],[139.329088,36.635163],[139.328477,36.636409],[139.328762,36.638093],[139.329677,36.639012],[139.329287,36.639752],[139.330068,36.640761],[139.330534,36.642264],[139.330173,36.643537],[139.329397,36.644789],[139.328731,36.645512],[139.32882,36.646947],[139.328665,36.647975],[139.32735,36.648785],[139.327522,36.649611],[139.326566,36.650696],[139.327049,36.651632],[139.328314,36.652158],[139.328583,36.652635],[139.32841,36.653464],[139.327998,36.653857],[139.327603,36.655719],[139.326702,36.657112],[139.328247,36.658735],[139.328567,36.659504],[139.32954,36.660415],[139.329558,36.66203],[139.330653,36.663799],[139.334522,36.665691],[139.33384,36.66679],[139.333837,36.667325],[139.335736,36.670709],[139.334865,36.673075],[139.33493,36.674514],[139.336152,36.67686],[139.337322,36.677294],[139.338658,36.678175],[139.33926,36.678334],[139.338601,36.680273],[139.337263,36.681278],[139.336715,36.682389],[139.337282,36.683308],[139.339127,36.684987],[139.339099,36.686205],[139.338633,36.687247],[139.338085,36.689288],[139.337099,36.690014],[139.336918,36.69213],[139.337066,36.692638],[139.337936,36.693141],[139.341013,36.694142],[139.342268,36.69565],[139.343395,36.696618],[139.343729,36.697357],[139.345891,36.698258],[139.348747,36.699832],[139.349097,36.700302],[139.351991,36.703097],[139.352446,36.704271],[139.354034,36.705475],[139.355401,36.706321],[139.356342,36.707098],[139.356583,36.708173],[139.356211,36.708945],[139.355432,36.709856],[139.355991,36.710479],[139.357213,36.711364],[139.357936,36.711539],[139.358544,36.713136],[139.361115,36.713702],[139.360123,36.714909],[139.359745,36.716742],[139.361144,36.717724],[139.362907,36.718266],[139.36436,36.719183],[139.364874,36.71973],[139.364979,36.721628],[139.364897,36.723071],[139.36533,36.723601],[139.366934,36.724589],[139.366874,36.725596],[139.366102,36.725848],[139.365444,36.72787],[139.364809,36.729055],[139.36505,36.72975],[139.36482,36.730563],[139.365149,36.73088],[139.36566,36.733072],[139.3671,36.733871],[139.367515,36.734811],[139.367345,36.735938],[139.366967,36.736671],[139.368322,36.73795],[139.368272,36.740233],[139.367994,36.741376],[139.368218,36.741977],[139.369111,36.742759],[139.369598,36.743929],[139.370277,36.744952],[139.37198,36.745744],[139.372486,36.746452],[139.371989,36.746754],[139.369671,36.746672],[139.365771,36.747918],[139.363948,36.747693],[139.362189,36.74789],[139.361186,36.748828],[139.359612,36.749534],[139.357722,36.749747],[139.356076,36.750453],[139.355393,36.751609],[139.355185,36.752587],[139.354499,36.753394],[139.354758,36.753869],[139.355096,36.755627],[139.35474,36.756246],[139.354617,36.758153],[139.355279,36.760246],[139.353671,36.761472],[139.352363,36.762053],[139.35082,36.76345],[139.35177,36.764656],[139.352695,36.765144],[139.353066,36.765812],[139.353237,36.767159],[139.354447,36.769087],[139.354421,36.769654],[139.35382,36.770529],[139.352969,36.772866],[139.353057,36.773609],[139.35144,36.77463],[139.349731,36.775269],[139.349447,36.775706],[139.348012,36.776418],[139.346458,36.776681],[139.345565,36.776019],[139.344315,36.775415],[139.343044,36.77515],[139.339464,36.775054],[139.338972,36.774687],[139.336852,36.774719],[139.33482,36.774058],[139.332871,36.774066],[139.332406,36.773403],[139.332329,36.771644],[139.332609,36.77092],[139.33255,36.769803],[139.331476,36.769058],[139.329123,36.768382],[139.326917,36.768285],[139.324567,36.767292],[139.323616,36.766544],[139.322298,36.766261],[139.32109,36.76574],[139.320893,36.765374],[139.317892,36.765594],[139.316065,36.765099],[139.314144,36.765139],[139.312879,36.764231],[139.311216,36.763889],[139.310682,36.763425],[139.308912,36.763192],[139.307437,36.762788],[139.305561,36.76176],[139.30469,36.761828],[139.303138,36.762352],[139.302339,36.76292],[139.301197,36.761981],[139.299754,36.759697],[139.297447,36.758333],[139.296676,36.757667],[139.294645,36.757322],[139.292908,36.756165],[139.292585,36.755462],[139.291404,36.754867],[139.288508,36.753803],[139.287947,36.752766],[139.287405,36.750958],[139.286623,36.750327],[139.285513,36.749989],[139.284529,36.748896],[139.283138,36.747974],[139.281825,36.747472],[139.280264,36.747576],[139.278828,36.746524],[139.277206,36.743762],[139.275148,36.743449],[139.274233,36.743683],[139.273153,36.743429],[139.273029,36.742928],[139.273576,36.742188],[139.273159,36.741468],[139.270519,36.741091],[139.269445,36.742025],[139.26792,36.742992],[139.266791,36.743011],[139.2661,36.743389],[139.264937,36.744738],[139.263216,36.744509],[139.261015,36.744544],[139.260234,36.744725],[139.258729,36.744037],[139.257751,36.744401],[139.257345,36.743491],[139.25577,36.744335],[139.255611,36.744996],[139.254335,36.745312],[139.252918,36.746001],[139.251352,36.745243],[139.250654,36.745312],[139.250047,36.744891],[139.247391,36.743616],[139.246918,36.743146],[139.245602,36.742996],[139.244866,36.742143],[139.243825,36.741893],[139.242387,36.742176],[139.240257,36.741535],[139.239332,36.741441],[139.237971,36.741947],[139.236362,36.741859],[139.236088,36.742774],[139.234995,36.742897],[139.233858,36.74252],[139.23222,36.742856],[139.231059,36.741251],[139.230622,36.740063],[139.229397,36.738792],[139.22815,36.737816],[139.226488,36.736733],[139.224825,36.735135],[139.224878,36.734499],[139.225401,36.73373],[139.22533,36.733082],[139.224574,36.732591],[139.223684,36.73295],[139.223172,36.73225],[139.222494,36.732067],[139.221468,36.730317],[139.221568,36.729084],[139.220105,36.727196],[139.217274,36.725632],[139.215961,36.72502],[139.213942,36.72476],[139.213347,36.724095],[139.212845,36.722042],[139.212277,36.721143],[139.211211,36.720372],[139.210851,36.719379],[139.21038,36.719003],[139.209077,36.718844],[139.208282,36.717752],[139.209172,36.716206],[139.20903,36.715329],[139.208274,36.714525],[139.208492,36.713843],[139.208133,36.712995],[139.208928,36.711531],[139.209004,36.710197],[139.208668,36.709632],[139.207172,36.709644],[139.205874,36.711796],[139.204513,36.712178],[139.20381,36.712983],[139.202507,36.715294],[139.202147,36.717442],[139.200954,36.717594],[139.199844,36.7184],[139.199083,36.718097],[139.196912,36.717726],[139.196179,36.716346],[139.195477,36.715953],[139.193314,36.7153],[139.19082,36.713969],[139.190037,36.713309],[139.187761,36.712214],[139.187065,36.712077],[139.186029,36.712351],[139.184586,36.712082],[139.18368,36.712358],[139.182782,36.71123],[139.181975,36.711243],[139.181488,36.710223],[139.18057,36.709908],[139.179221,36.708528],[139.177765,36.708082],[139.175847,36.706426],[139.175919,36.705121],[139.175741,36.703918],[139.176359,36.702867],[139.175825,36.701604],[139.174976,36.700354],[139.175156,36.699695],[139.174669,36.699089],[139.17377,36.698716],[139.173257,36.697877],[139.17215,36.698663],[139.171294,36.69904],[139.170768,36.69892],[139.170195,36.697922],[139.168709,36.69697],[139.167418,36.696947],[139.166025,36.697626],[139.165039,36.697406],[139.164646,36.697872],[139.162795,36.697966],[139.160576,36.697014],[139.160971,36.696206],[139.160225,36.695347],[139.159362,36.694831],[139.158655,36.695104],[139.156989,36.695084],[139.155547,36.693917],[139.154061,36.692253],[139.152558,36.69175],[139.152504,36.690832],[139.150325,36.688755],[139.150386,36.687797],[139.150119,36.687158],[139.148924,36.686807],[139.148098,36.686129],[139.146998,36.685949],[139.145909,36.684975],[139.145009,36.685241],[139.14423,36.686852],[139.143225,36.686889],[139.142272,36.687674],[139.140786,36.688294],[139.13982,36.688307],[139.138158,36.689357],[139.136832,36.688718],[139.135341,36.688303],[139.133928,36.688343],[139.132689,36.688922],[139.131809,36.688962],[139.130138,36.689897],[139.128852,36.689723],[139.128353,36.688944],[139.12715,36.688049],[139.125651,36.687809],[139.124892,36.687369],[139.123088,36.687489],[139.121798,36.686889],[139.121203,36.687011],[139.120372,36.6866],[139.119393,36.686792],[139.118888,36.686438],[139.113622,36.687663],[139.113349,36.686927],[139.110162,36.687683],[139.109684,36.686312],[139.109863,36.685173],[139.109598,36.683652],[139.108506,36.680012],[139.108348,36.67721],[139.108531,36.674997],[139.107423,36.674013],[139.106635,36.672777],[139.105045,36.672047],[139.104194,36.671315],[139.102374,36.671514],[139.101202,36.671449],[139.099937,36.671145],[139.097407,36.671029],[139.097431,36.669377],[139.09571,36.669221],[139.095944,36.67015],[139.095597,36.670614],[139.095809,36.671813],[139.095339,36.672808],[139.09571,36.673252],[139.094818,36.673911],[139.093076,36.674109],[139.092331,36.673487],[139.090074,36.672679],[139.089398,36.67133],[139.087554,36.670153],[139.08674,36.669995],[139.085859,36.669179],[139.084265,36.668767],[139.082613,36.667401],[139.082303,36.666896],[139.079324,36.664451],[139.079203,36.663849],[139.078285,36.663255],[139.0747,36.662361],[139.073492,36.662716],[139.073847,36.663503],[139.074553,36.66343],[139.076864,36.663889],[139.077334,36.664424],[139.076564,36.66733],[139.077628,36.668754],[139.07807,36.669771],[139.078679,36.670536],[139.079463,36.67049],[139.080187,36.672045],[139.080017,36.672648],[139.08079,36.673071],[139.080981,36.673652],[139.080667,36.674513],[139.081786,36.675797],[139.082628,36.677755],[139.082718,36.678929],[139.083424,36.679671],[139.084363,36.680068],[139.084894,36.680671],[139.085363,36.681753],[139.084832,36.682361],[139.083878,36.68267],[139.083733,36.683119],[139.084466,36.683562],[139.084729,36.684494],[139.084012,36.685803],[139.084565,36.686317],[139.085102,36.687482],[139.08726,36.688614],[139.087866,36.689785],[139.086895,36.690152],[139.08546,36.690227],[139.085271,36.688806],[139.084254,36.689549],[139.082166,36.690173],[139.082269,36.690949],[139.08207,36.691941],[139.08053,36.692911],[139.081323,36.693545],[139.081746,36.694477],[139.081094,36.697604],[139.08018,36.699307],[139.07986,36.701348],[139.080609,36.704242],[139.081292,36.704623],[139.083858,36.704299],[139.084027,36.704482],[139.083678,36.706373],[139.083735,36.707761],[139.083594,36.709455],[139.083853,36.711478],[139.08439,36.712597],[139.084221,36.713854],[139.08481,36.717711],[139.085432,36.719522],[139.085239,36.72098],[139.08529,36.722861],[139.084205,36.724031],[139.083725,36.725629],[139.083786,36.7261],[139.083164,36.727016],[139.082863,36.728033],[139.082925,36.728991],[139.084296,36.731988],[139.084964,36.732716],[139.08503,36.733413],[139.084206,36.734331],[139.083909,36.735157],[139.083914,36.736483],[139.084348,36.73978],[139.085394,36.741234],[139.085923,36.744164],[139.086479,36.745514],[139.087246,36.746717],[139.087566,36.748356],[139.08826,36.749956],[139.089108,36.750601],[139.08951,36.751396],[139.090754,36.752667],[139.09111,36.753699],[139.09237,36.756008],[139.092714,36.758619],[139.093216,36.75915],[139.095621,36.760659],[139.097368,36.762449],[139.097548,36.76349],[139.098418,36.76407],[139.100206,36.764779],[139.100982,36.76531],[139.101105,36.76584],[139.10097,36.767697],[139.102614,36.768459],[139.104344,36.770377],[139.105816,36.77138],[139.106633,36.772682],[139.108756,36.773971],[139.109453,36.774745],[139.11375,36.776793],[139.116424,36.779119],[139.115812,36.780833],[139.115653,36.781837],[139.116699,36.78262],[139.118252,36.783525],[139.11826,36.784236],[139.117693,36.785252],[139.117897,36.786704],[139.117341,36.787516],[139.118436,36.789307],[139.119259,36.790388],[139.119591,36.791587],[139.120229,36.791848],[139.121246,36.793085],[139.12114,36.794321],[139.119368,36.794297],[139.118199,36.79462],[139.114671,36.7967],[139.112661,36.797009],[139.109887,36.796816],[139.108085,36.796787],[139.105655,36.795744],[139.104519,36.79563],[139.101059,36.794865],[139.100295,36.794347],[139.098384,36.794092],[139.097068,36.793586],[139.09481,36.793053],[139.092189,36.79293],[139.091185,36.793212],[139.087755,36.793637],[139.086715,36.792705],[139.084651,36.79217],[139.08305,36.79135],[139.080534,36.790224],[139.079182,36.790306],[139.077605,36.790767],[139.076253,36.791978],[139.075722,36.792652],[139.074517,36.793154],[139.073458,36.792909],[139.072558,36.792271],[139.071815,36.791009],[139.070815,36.789712],[139.069602,36.789038],[139.068043,36.789692],[139.066599,36.790965],[139.066044,36.791949],[139.065027,36.792982],[139.064577,36.793019],[139.062808,36.792321],[139.062195,36.792296],[139.059258,36.793329],[139.058846,36.791864],[139.057987,36.790159],[139.057371,36.789732],[139.056305,36.789508],[139.054338,36.790596],[139.05323,36.791507],[139.052442,36.791531],[139.050438,36.789782],[139.048466,36.788967],[139.047043,36.788127],[139.047219,36.786291],[139.047088,36.785422],[139.045911,36.783447],[139.045169,36.782771],[139.044058,36.782644],[139.042824,36.782852],[139.040966,36.782521],[139.039684,36.781695],[139.038205,36.781821],[139.035867,36.778791],[139.035846,36.778044],[139.036594,36.77698],[139.037809,36.774552],[139.037441,36.773296],[139.036253,36.773074],[139.034918,36.772535],[139.033142,36.77255],[139.031994,36.771513],[139.030373,36.770486],[139.029204,36.770682],[139.027869,36.76998],[139.027126,36.769968],[139.025173,36.77107],[139.024658,36.770404],[139.024722,36.768345],[139.024976,36.76677],[139.024245,36.765199],[139.02504,36.763885],[139.025287,36.762531],[139.027147,36.760875],[139.027224,36.759964],[139.028493,36.759296],[139.028583,36.758615],[139.029572,36.757252],[139.029621,36.75648],[139.028347,36.754648],[139.027283,36.753575],[139.02672,36.751187],[139.025336,36.749942],[139.025699,36.748819],[139.025279,36.746627],[139.025894,36.746081],[139.027295,36.745399],[139.028516,36.745611],[139.029168,36.74447],[139.030552,36.743362],[139.032524,36.742806],[139.033228,36.742033],[139.033191,36.741635],[139.032222,36.740648],[139.032009,36.739083],[139.030401,36.738777],[139.029517,36.738212],[139.028098,36.736757],[139.026724,36.736304],[139.025674,36.735254],[139.023965,36.7346],[139.023969,36.733633],[139.023538,36.732244],[139.023906,36.731856],[139.026297,36.731353],[139.026527,36.730943],[139.028103,36.729885],[139.028613,36.729075],[139.028066,36.728865],[139.027319,36.729451],[139.026459,36.729645],[139.025937,36.730386],[139.025089,36.730323],[139.023386,36.729021],[139.022077,36.728172],[139.021754,36.727469],[139.0226,36.726079],[139.022703,36.725361],[139.020934,36.723487],[139.018962,36.722473],[139.018511,36.721956],[139.017987,36.719736],[139.018692,36.719705],[139.020795,36.719073],[139.0214,36.718301],[139.021835,36.717293],[139.021447,36.715964],[139.022477,36.714561],[139.022429,36.713357],[139.023472,36.71232],[139.024791,36.711927],[139.026452,36.711988],[139.026733,36.71111],[139.026502,36.709982],[139.025755,36.709264],[139.024923,36.70769],[139.023812,36.706236],[139.023508,36.705449],[139.02366,36.704527],[139.024319,36.703408],[139.025455,36.701895],[139.027046,36.69921],[139.027815,36.697235],[139.027913,36.696517],[139.02758,36.695242],[139.028725,36.692646],[139.028733,36.691463],[139.028393,36.691077],[139.027861,36.689461],[139.026411,36.68846],[139.026276,36.687504],[139.027699,36.68724],[139.028628,36.686279],[139.02907,36.684843],[139.030283,36.683488],[139.029691,36.682768],[139.02814,36.681964],[139.028183,36.681062],[139.026913,36.680478],[139.026164,36.679611],[139.024336,36.679343],[139.023552,36.679369],[139.02305,36.67638],[139.021709,36.674513],[139.023132,36.67421],[139.023689,36.673727],[139.023878,36.673079],[139.021364,36.671693],[139.022812,36.67121],[139.023007,36.670614],[139.022673,36.669427],[139.021823,36.669616],[139.021994,36.670111],[139.020622,36.670262],[139.020218,36.668621],[139.019524,36.667451],[139.017841,36.667336],[139.016706,36.666403],[139.017241,36.665478],[139.016596,36.664148],[139.01598,36.663706],[139.015714,36.662703],[139.013135,36.661323],[139.014954,36.659907],[139.014261,36.65906],[139.013309,36.659137],[139.012712,36.659721],[139.011097,36.659151],[139.01076,36.659899],[139.010053,36.66042],[139.00983,36.659038],[139.009889,36.657952],[139.009666,36.657464],[139.008923,36.657497],[139.008117,36.656859],[139.007197,36.656667],[139.005865,36.655772],[139.005682,36.655339],[139.004345,36.655086],[139.003885,36.654621],[139.001359,36.654847],[139.000893,36.65455],[139.000347,36.653595],[138.999279,36.652698],[138.998718,36.651164],[138.997807,36.650749],[138.995848,36.650495],[138.994144,36.65118],[138.992229,36.651719],[138.991568,36.652497],[138.991042,36.652443],[138.990634,36.651588],[138.989717,36.650443],[138.988169,36.650001],[138.987907,36.649116],[138.988058,36.648412],[138.987396,36.647641],[138.986712,36.647465],[138.985356,36.645458],[138.985281,36.644731],[138.986149,36.644739],[138.986811,36.643519],[138.987433,36.642906],[138.987649,36.641799],[138.986596,36.640983],[138.986619,36.638963],[138.986943,36.638086],[138.987742,36.637421],[138.988216,36.636684],[138.988689,36.636588],[138.991121,36.63679],[138.990893,36.635125],[138.991015,36.633704],[138.991861,36.633441],[138.991508,36.632559],[138.990503,36.631856],[138.990319,36.630454],[138.989886,36.629405],[138.990004,36.628931],[138.989266,36.628124],[138.988215,36.628133],[138.987466,36.627449],[138.987179,36.62625],[138.986493,36.625434],[138.986808,36.624103],[138.987813,36.623173],[138.988222,36.62248],[138.988288,36.621204],[138.988551,36.620093],[138.988993,36.619329],[138.988284,36.618353],[138.988899,36.617096],[138.989134,36.615488],[138.989759,36.614292],[138.989459,36.612073],[138.989648,36.610811],[138.990235,36.608466],[138.990672,36.607396],[138.990146,36.606205],[138.990818,36.601759],[138.990691,36.601066],[138.989173,36.599867],[138.989253,36.599059],[138.988896,36.597597],[138.990037,36.596992],[138.991039,36.595642],[138.991082,36.594587],[138.992729,36.593209],[138.994026,36.592651],[138.995242,36.591558],[138.996812,36.591969],[138.997791,36.591976],[138.998351,36.590244],[138.998324,36.58948],[138.998732,36.588654],[139.000214,36.588318],[139.001654,36.587209],[139.001982,36.584885],[139.004279,36.582908],[139.00596,36.582979],[139.006881,36.582734],[139.008309,36.581871],[139.009176,36.581596],[139.010809,36.581621],[139.011791,36.581919],[139.013939,36.581649],[139.015868,36.583958],[139.017678,36.584782],[139.018996,36.584647],[139.020496,36.584942],[139.022709,36.58568],[139.024833,36.58595],[139.029435,36.586352],[139.030771,36.586574],[139.031298,36.586886],[139.031561,36.5878],[139.03318,36.587698],[139.036023,36.588904],[139.035786,36.589344],[139.036781,36.589769],[139.038322,36.588468],[139.039166,36.588129],[139.040085,36.588436],[139.041444,36.588161],[139.042052,36.588349],[139.042616,36.587946],[139.04409,36.587775],[139.045012,36.587102],[139.046308,36.587016],[139.048451,36.586446],[139.050915,36.584832],[139.051603,36.585442],[139.053275,36.585661],[139.053783,36.585356],[139.054338,36.584333],[139.055036,36.584034],[139.05617,36.584031],[139.05778,36.584882],[139.058205,36.585463],[139.057988,36.58647],[139.056853,36.58692],[139.055905,36.587655],[139.05486,36.588871],[139.050826,36.591694],[139.050289,36.592281],[139.049847,36.593779],[139.050386,36.596425],[139.050523,36.597652],[139.050408,36.599356],[139.049855,36.600959],[139.045824,36.606468],[139.044235,36.607923],[139.043472,36.608857],[139.042924,36.609914],[139.042633,36.612226],[139.042524,36.614843],[139.04279,36.615382],[139.043874,36.616213],[139.045439,36.618407],[139.046103,36.619965],[139.046646,36.621787],[139.048042,36.622456],[139.051841,36.62335],[139.052574,36.623674],[139.056926,36.626596],[139.059054,36.628286],[139.059898,36.628785],[139.060901,36.629018],[139.061917,36.630326],[139.062832,36.633185],[139.062833,36.63408],[139.064193,36.636539],[139.064746,36.637921],[139.065325,36.640487],[139.065648,36.641362],[139.066908,36.642724],[139.06958,36.644154],[139.070515,36.645093],[139.071732,36.647012],[139.072897,36.648023],[139.07492,36.648866],[139.077444,36.649637],[139.080161,36.649878],[139.082831,36.651534],[139.084745,36.652492],[139.085558,36.653112],[139.086441,36.654431],[139.087094,36.654908],[139.089943,36.656084],[139.091227,36.656503],[139.092755,36.656712],[139.094204,36.657555],[139.097271,36.657874],[139.098163,36.657291],[139.098885,36.657185],[139.099962,36.657658],[139.101172,36.657716],[139.10251,36.657499],[139.103545,36.657133],[139.105412,36.656766],[139.108601,36.656829],[139.111062,36.657223],[139.113192,36.657923],[139.114147,36.657965],[139.115637,36.658725],[139.116994,36.658984],[139.118458,36.658078],[139.119544,36.656186],[139.120754,36.65557],[139.121799,36.655551],[139.12262,36.655194],[139.123824,36.653568],[139.125558,36.653078],[139.127206,36.65305],[139.128056,36.651879],[139.128427,36.650499],[139.127642,36.648994],[139.127784,36.648221],[139.128392,36.64714],[139.127834,36.646788],[139.124569,36.645702],[139.125308,36.64364],[139.12921,36.635182],[139.128932,36.634955],[139.131719,36.630377],[139.135337,36.627989],[139.13667,36.626038],[139.139185,36.624031],[139.14099,36.622794],[139.142953,36.621917],[139.143382,36.61599],[139.142857,36.614724],[139.142921,36.613932],[139.143679,36.613251],[139.145636,36.612795],[139.146481,36.612061],[139.146749,36.610948],[139.144791,36.609159],[139.144751,36.608271],[139.145548,36.606182],[139.146758,36.605522],[139.146941,36.605133],[139.146531,36.603993],[139.147063,36.603333],[139.146356,36.602691],[139.146324,36.601935],[139.147585,36.600422],[139.147892,36.599517],[139.149133,36.597884],[139.149529,36.596914],[139.150738,36.596226],[139.151836,36.5947],[139.153089,36.593894],[139.153943,36.592649],[139.155018,36.592207],[139.155594,36.590963],[139.157342,36.589928],[139.15831,36.589771],[139.15904,36.588859],[139.159294,36.588082],[139.158936,36.587797],[139.158929,36.586449],[139.159418,36.585234],[139.16068,36.583149],[139.161787,36.580846],[139.162263,36.579625],[139.162843,36.579043],[139.162907,36.578401],[139.162366,36.576573],[139.1627,36.57522],[139.161719,36.569574],[139.163318,36.569065],[139.163933,36.568574],[139.164742,36.567342],[139.165366,36.566876],[139.166665,36.56481],[139.166682,36.56437],[139.168337,36.562389],[139.169344,36.561696],[139.170944,36.562253],[139.172699,36.562203],[139.17405,36.562328],[139.175522,36.561837],[139.177305,36.561445],[139.178279,36.561568],[139.179593,36.560072],[139.181118,36.560078],[139.182074,36.559654],[139.18279,36.559712],[139.184723,36.559013],[139.186855,36.558721],[139.187462,36.558272],[139.188186,36.558297],[139.191017,36.559486],[139.19344,36.559428]]]]}},
  {"type":"Feature","properties":{"name":"館林市","code":"10207"},"geometry":{"type":"MultiPolygon","coordinates":[[[[139.500124,36.276093],[139.500479,36.274735],[139.498227,36.273389],[139.497776,36.272815],[139.497303,36.2709],[139.49751,36.2703],[139.497431,36.268087],[139.496599,36.267233],[139.495907,36.267057],[139.494922,36.264353],[139.49585,36.263872],[139.495473,36.261782],[139.493684,36.261633],[139.492773,36.261871],[139.491541,36.26257],[139.490039,36.263004],[139.489956,36.262617],[139.490652,36.261744],[139.489799,36.261616],[139.489169,36.26228],[139.48876,36.261906],[139.488608,36.259864],[139.489263,36.258892],[139.48982,36.258739],[139.491031,36.257639],[139.492674,36.257141],[139.493866,36.257019],[139.494683,36.257237],[139.494883,36.256673],[139.493447,36.256514],[139.492267,36.256042],[139.489249,36.255587],[139.488729,36.254315],[139.489296,36.252803],[139.483375,36.249511],[139.481895,36.24757],[139.479007,36.241677],[139.479276,36.24082],[139.482286,36.240443],[139.482973,36.240642],[139.483599,36.240301],[139.489361,36.241909],[139.490978,36.242145],[139.491512,36.241472],[139.497548,36.243145],[139.49797,36.242219],[139.499608,36.242698],[139.499964,36.241904],[139.500239,36.240483],[139.502919,36.238052],[139.503839,36.236575],[139.503193,36.236396],[139.501084,36.237448],[139.49937,36.241289],[139.498839,36.241044],[139.491618,36.239026],[139.492996,36.235833],[139.492909,36.235259],[139.494182,36.232179],[139.495323,36.23249],[139.495886,36.230617],[139.49604,36.228901],[139.493598,36.227877],[139.491692,36.227699],[139.490259,36.227412],[139.489519,36.227021],[139.489023,36.226325],[139.488429,36.226612],[139.487546,36.225412],[139.484727,36.226703],[139.483777,36.225364],[139.482404,36.226009],[139.481847,36.225293],[139.480447,36.225993],[139.480124,36.225387],[139.478927,36.224174],[139.47847,36.222839],[139.478104,36.22091],[139.477742,36.22102],[139.476419,36.219253],[139.474863,36.219981],[139.474134,36.221206],[139.472982,36.221752],[139.473135,36.224589],[139.463043,36.224591],[139.462602,36.222262],[139.463006,36.221839],[139.460287,36.2197],[139.460563,36.219399],[139.45945,36.218393],[139.459885,36.217652],[139.45978,36.216896],[139.459111,36.216037],[139.45952,36.2154],[139.460497,36.214857],[139.462531,36.214126],[139.463147,36.214288],[139.46544,36.21395],[139.467808,36.213431],[139.469165,36.212964],[139.46953,36.213184],[139.479002,36.21177],[139.479136,36.212339],[139.480564,36.212205],[139.482514,36.212205],[139.482462,36.211093],[139.482956,36.210658],[139.484953,36.210381],[139.487368,36.210214],[139.487587,36.212112],[139.490409,36.211681],[139.495492,36.211724],[139.498131,36.211224],[139.501161,36.210468],[139.502729,36.211552],[139.504021,36.213077],[139.504499,36.214326],[139.505805,36.215162],[139.507112,36.216337],[139.510069,36.216421],[139.510571,36.216594],[139.511538,36.217618],[139.512621,36.217584],[139.513407,36.217811],[139.515981,36.217138],[139.518419,36.217231],[139.52086,36.216871],[139.522609,36.216484],[139.523671,36.216611],[139.525266,36.217179],[139.52649,36.217924],[139.532468,36.217042],[139.53309,36.217475],[139.533947,36.217636],[139.534339,36.218618],[139.534958,36.219519],[139.535965,36.220231],[139.536582,36.220934],[139.537777,36.221497],[139.540005,36.221262],[139.54219,36.219685],[139.545066,36.218012],[139.546407,36.217665],[139.550957,36.217351],[139.552279,36.217487],[139.554899,36.217394],[139.557383,36.21813],[139.558496,36.217998],[139.560772,36.21659],[139.561965,36.216524],[139.563303,36.217005],[139.565617,36.219117],[139.568671,36.219807],[139.569574,36.220171],[139.571524,36.221303],[139.574212,36.221875],[139.575301,36.221856],[139.576244,36.221486],[139.577983,36.219638],[139.578026,36.219237],[139.579363,36.218338],[139.580969,36.21848],[139.581297,36.219549],[139.581188,36.220845],[139.581566,36.22212],[139.580451,36.223297],[139.580991,36.223701],[139.5809,36.22553],[139.580981,36.227145],[139.579653,36.228869],[139.579495,36.229641],[139.579747,36.231358],[139.580116,36.231613],[139.579694,36.232931],[139.578247,36.234604],[139.575723,36.236283],[139.575096,36.238291],[139.574222,36.238742],[139.57498,36.240585],[139.575941,36.242469],[139.578448,36.241695],[139.5793,36.243389],[139.581365,36.242722],[139.58316,36.246159],[139.585692,36.245559],[139.587499,36.249301],[139.591091,36.248142],[139.592023,36.249924],[139.593243,36.249516],[139.594494,36.252071],[139.593894,36.253162],[139.593438,36.2546],[139.59506,36.254311],[139.594717,36.252867],[139.595306,36.251833],[139.597027,36.251328],[139.598268,36.255463],[139.600226,36.255794],[139.601007,36.2552],[139.601373,36.253086],[139.601892,36.251533],[139.601671,36.249779],[139.602221,36.24943],[139.603604,36.249148],[139.604892,36.249345],[139.607439,36.251221],[139.608894,36.251686],[139.609547,36.251686],[139.610616,36.251109],[139.61224,36.249908],[139.613022,36.250114],[139.615129,36.25178],[139.616178,36.25195],[139.619524,36.251237],[139.620248,36.250738],[139.620997,36.249664],[139.621906,36.249464],[139.623432,36.251014],[139.624906,36.251829],[139.625618,36.252727],[139.620527,36.254982],[139.620823,36.256041],[139.618211,36.257236],[139.613212,36.258623],[139.613494,36.259393],[139.605571,36.261634],[139.605593,36.26199],[139.601058,36.262333],[139.600784,36.262718],[139.601021,36.264736],[139.595413,36.266169],[139.59404,36.266259],[139.592743,36.266125],[139.591874,36.266275],[139.590621,36.267711],[139.590213,36.267763],[139.589751,36.268625],[139.58794,36.26867],[139.586406,36.269067],[139.584574,36.269218],[139.582624,36.268784],[139.578135,36.266961],[139.575807,36.266739],[139.572434,36.26699],[139.571041,36.267988],[139.570383,36.268088],[139.566747,36.267465],[139.564063,36.266921],[139.562258,36.266921],[139.56127,36.26713],[139.559951,36.267893],[139.55868,36.2692],[139.553525,36.273884],[139.555915,36.276615],[139.555194,36.278043],[139.553268,36.279457],[139.552552,36.279681],[139.551763,36.279509],[139.551155,36.27862],[139.550303,36.27826],[139.549843,36.278583],[139.549172,36.280446],[139.548592,36.280759],[139.547577,36.278881],[139.54403,36.275784],[139.540734,36.276688],[139.53978,36.277055],[139.540332,36.278227],[139.5399,36.278451],[139.540345,36.280026],[139.539247,36.280758],[139.537217,36.28143],[139.53655,36.2818],[139.53547,36.280647],[139.535167,36.279894],[139.535366,36.279106],[139.534587,36.279022],[139.533597,36.279649],[139.532672,36.27979],[139.531688,36.280387],[139.531453,36.280946],[139.528575,36.282763],[139.527696,36.28388],[139.526786,36.284463],[139.525608,36.284703],[139.524463,36.284211],[139.523914,36.283704],[139.522747,36.283463],[139.521591,36.281736],[139.520549,36.280899],[139.519204,36.280721],[139.516698,36.281281],[139.515073,36.281145],[139.51435,36.28035],[139.514167,36.279472],[139.513471,36.278628],[139.511943,36.278168],[139.509669,36.278467],[139.509003,36.278675],[139.506174,36.280505],[139.505194,36.280899],[139.503222,36.281066],[139.502156,36.279829],[139.501098,36.276793],[139.500124,36.276093]]]]}},
  {"type":"Feature","properties":{"name":"渋川市","code":"10208"},"geometry":{"type":"MultiPolygon","coordinates":[[[[139.169344,36.561696],[139.168337,36.562389],[139.166682,36.56437],[139.166665,36.56481],[139.165366,36.566876],[139.164742,36.567342],[139.163933,36.568574],[139.163318,36.569065],[139.161719,36.569574],[139.161053,36.569898],[139.159871,36.571023],[139.159912,36.57182],[139.158522,36.574053],[139.157798,36.575451],[139.15629,36.576956],[139.155924,36.577081],[139.154402,36.576458],[139.153634,36.576475],[139.152053,36.577031],[139.148823,36.577473],[139.14798,36.577413],[139.145717,36.5763],[139.14445,36.576041],[139.143602,36.576124],[139.141636,36.576831],[139.139663,36.577722],[139.138506,36.578046],[139.13699,36.578004],[139.136216,36.577696],[139.135135,36.578103],[139.13257,36.578437],[139.13147,36.577869],[139.129557,36.577346],[139.127167,36.576947],[139.126409,36.577013],[139.125266,36.57677],[139.124502,36.576162],[139.12253,36.575754],[139.122081,36.575322],[139.121567,36.574193],[139.120915,36.573795],[139.119644,36.574425],[139.118385,36.576581],[139.116728,36.577168],[139.114924,36.578198],[139.112602,36.57871],[139.111219,36.579484],[139.109711,36.580145],[139.108201,36.580507],[139.107051,36.580263],[139.105875,36.580236],[139.103856,36.580573],[139.102733,36.580613],[139.101587,36.580225],[139.098696,36.57996],[139.097844,36.579793],[139.096056,36.579004],[139.095434,36.578984],[139.094007,36.579449],[139.091343,36.580112],[139.089428,36.580349],[139.08771,36.581001],[139.087001,36.581583],[139.086175,36.582621],[139.085464,36.583083],[139.082603,36.583337],[139.081427,36.58301],[139.080074,36.583248],[139.07909,36.583708],[139.077232,36.586147],[139.074065,36.586191],[139.073222,36.586512],[139.072834,36.585898],[139.073044,36.585157],[139.074028,36.584334],[139.076451,36.584206],[139.076874,36.583848],[139.076718,36.582179],[139.075001,36.579539],[139.073531,36.579984],[139.071897,36.579779],[139.070132,36.579789],[139.06897,36.580824],[139.066571,36.583448],[139.065644,36.585167],[139.064957,36.586095],[139.063856,36.587019],[139.06163,36.586886],[139.060624,36.586953],[139.057988,36.58647],[139.058205,36.585463],[139.05778,36.584882],[139.05617,36.584031],[139.055036,36.584034],[139.054338,36.584333],[139.053783,36.585356],[139.053275,36.585661],[139.051603,36.585442],[139.050915,36.584832],[139.048451,36.586446],[139.046308,36.587016],[139.045012,36.587102],[139.04409,36.587775],[139.042616,36.587946],[139.042052,36.588349],[139.041444,36.588161],[139.040085,36.588436],[139.039166,36.588129],[139.038322,36.588468],[139.036781,36.589769],[139.035786,36.589344],[139.036023,36.588904],[139.03318,36.587698],[139.031561,36.5878],[139.031298,36.586886],[139.030771,36.586574],[139.029435,36.586352],[139.024833,36.58595],[139.022709,36.58568],[139.020496,36.584942],[139.018996,36.584647],[139.017678,36.584782],[139.015868,36.583958],[139.013939,36.581649],[139.011791,36.581919],[139.010809,36.581621],[139.009176,36.581596],[139.008309,36.581871],[139.006881,36.582734],[139.00596,36.582979],[139.004279,36.582908],[139.001982,36.584885],[139.001654,36.587209],[139.000214,36.588318],[138.998732,36.588654],[138.998324,36.58948],[138.998351,36.590244],[138.997791,36.591976],[138.996812,36.591969],[138.995242,36.591558],[138.994598,36.59043],[138.993969,36.590107],[138.993551,36.589454],[138.991336,36.588777],[138.989394,36.588795],[138.987848,36.588443],[138.98635,36.587547],[138.985182,36.587216],[138.984474,36.586445],[138.982044,36.585067],[138.981178,36.584879],[138.980264,36.584232],[138.977215,36.583212],[138.975754,36.583011],[138.972536,36.581874],[138.971584,36.581238],[138.970316,36.580785],[138.968517,36.580993],[138.966687,36.580324],[138.963815,36.580981],[138.962342,36.580904],[138.961412,36.581818],[138.960034,36.581469],[138.958963,36.581478],[138.95772,36.582271],[138.954647,36.583188],[138.95262,36.583891],[138.949997,36.584924],[138.949335,36.585404],[138.947443,36.585727],[138.944795,36.585816],[138.942094,36.585244],[138.94128,36.584855],[138.940231,36.584741],[138.937796,36.582081],[138.937246,36.580903],[138.936372,36.581769],[138.935758,36.583117],[138.935815,36.584025],[138.934883,36.585353],[138.9344,36.5857],[138.932797,36.585983],[138.930996,36.587016],[138.928604,36.587536],[138.927432,36.587568],[138.9264,36.587048],[138.923743,36.586792],[138.922843,36.586933],[138.92179,36.586226],[138.920698,36.58623],[138.920075,36.585468],[138.91872,36.584905],[138.917419,36.583882],[138.915983,36.583836],[138.914388,36.584302],[138.912965,36.583954],[138.911964,36.584152],[138.910526,36.584126],[138.908961,36.58498],[138.907788,36.585407],[138.906263,36.586321],[138.904904,36.586774],[138.903256,36.586474],[138.902114,36.586478],[138.900907,36.585491],[138.900192,36.585186],[138.899472,36.584311],[138.898001,36.58342],[138.897134,36.583514],[138.89614,36.582807],[138.896543,36.581736],[138.897721,36.580346],[138.897185,36.578944],[138.896561,36.578385],[138.896663,36.577948],[138.897823,36.577168],[138.897915,36.575885],[138.899364,36.575856],[138.901669,36.575606],[138.902586,36.574898],[138.90425,36.573114],[138.902687,36.571587],[138.902594,36.57071],[138.901455,36.569678],[138.90323,36.569],[138.9044,36.568226],[138.904797,36.566976],[138.904016,36.565979],[138.903589,36.564799],[138.902658,36.563465],[138.901458,36.562885],[138.900415,36.562863],[138.898253,36.562532],[138.897427,36.562123],[138.896459,36.561961],[138.896446,36.560419],[138.896622,36.559892],[138.900457,36.555612],[138.901438,36.554959],[138.90233,36.554687],[138.903532,36.55464],[138.907233,36.555568],[138.90961,36.555759],[138.910902,36.554059],[138.911117,36.551959],[138.911349,36.550949],[138.912487,36.549933],[138.913885,36.549514],[138.916207,36.54963],[138.919423,36.551135],[138.921647,36.55168],[138.922592,36.55171],[138.926368,36.551555],[138.929711,36.550688],[138.93084,36.55015],[138.933963,36.5483],[138.936313,36.546671],[138.937464,36.546647],[138.939773,36.547729],[138.940847,36.548387],[138.942965,36.550173],[138.944314,36.550281],[138.945045,36.549613],[138.94699,36.54835],[138.948756,36.547403],[138.950016,36.547018],[138.952626,36.546708],[138.952273,36.545976],[138.949168,36.545916],[138.947592,36.545623],[138.945313,36.544768],[138.944557,36.543529],[138.944487,36.542941],[138.943472,36.541593],[138.942831,36.540454],[138.942884,36.539532],[138.943399,36.538822],[138.943483,36.537533],[138.944236,36.537149],[138.943889,36.536087],[138.943227,36.535957],[138.942598,36.534923],[138.942014,36.53468],[138.941426,36.533816],[138.941573,36.53305],[138.940668,36.532975],[138.940608,36.532419],[138.941106,36.53049],[138.940003,36.52942],[138.938985,36.530006],[138.938493,36.528931],[138.937525,36.528339],[138.937338,36.527944],[138.936372,36.527765],[138.936099,36.526816],[138.935324,36.526184],[138.934701,36.526275],[138.934386,36.525474],[138.933708,36.524902],[138.932781,36.524655],[138.931754,36.523942],[138.929801,36.522893],[138.930091,36.521332],[138.929675,36.520451],[138.928723,36.519906],[138.928074,36.519212],[138.927169,36.518716],[138.926662,36.518071],[138.925373,36.517399],[138.924558,36.516366],[138.923835,36.515975],[138.923002,36.51408],[138.922447,36.513371],[138.920865,36.513475],[138.92015,36.514262],[138.919029,36.514704],[138.917979,36.514535],[138.917805,36.51393],[138.917166,36.513588],[138.917399,36.51297],[138.916352,36.512602],[138.915315,36.512605],[138.914749,36.512017],[138.91417,36.512221],[138.913663,36.511298],[138.912996,36.510832],[138.911606,36.51033],[138.910408,36.50918],[138.909283,36.508769],[138.906415,36.508833],[138.905539,36.508588],[138.904174,36.508722],[138.903214,36.508327],[138.902271,36.50748],[138.901826,36.506774],[138.900972,36.506463],[138.897258,36.505469],[138.89608,36.504366],[138.894771,36.503726],[138.893534,36.502826],[138.893126,36.50284],[138.891895,36.50179],[138.89082,36.50027],[138.890683,36.499566],[138.88979,36.49899],[138.88894,36.497873],[138.888032,36.497149],[138.888027,36.496588],[138.887512,36.495845],[138.886657,36.495125],[138.886316,36.494118],[138.885398,36.493533],[138.885407,36.491025],[138.884726,36.490311],[138.884409,36.489375],[138.883693,36.488579],[138.883707,36.487524],[138.882883,36.486743],[138.881635,36.486095],[138.881703,36.485174],[138.880934,36.483078],[138.880268,36.48264],[138.879164,36.483235],[138.877445,36.482995],[138.877671,36.482074],[138.87854,36.481947],[138.882957,36.479873],[138.883874,36.480062],[138.884602,36.480571],[138.885872,36.480553],[138.887604,36.481091],[138.893039,36.481879],[138.895125,36.482243],[138.896882,36.481821],[138.89929,36.480486],[138.89889,36.479595],[138.898876,36.478208],[138.899423,36.477511],[138.899195,36.476376],[138.900163,36.474581],[138.905597,36.475182],[138.906232,36.475185],[138.907948,36.474481],[138.908153,36.473709],[138.909139,36.472653],[138.909351,36.471728],[138.911357,36.470758],[138.911989,36.46901],[138.912568,36.468654],[138.91282,36.468025],[138.914024,36.467283],[138.915953,36.46639],[138.917149,36.466331],[138.920968,36.465861],[138.922204,36.465912],[138.923807,36.467448],[138.926405,36.468105],[138.928151,36.468717],[138.929101,36.469409],[138.92911,36.47016],[138.930986,36.470815],[138.932129,36.471751],[138.934842,36.47222],[138.937513,36.472219],[138.939618,36.473014],[138.941718,36.472825],[138.944045,36.472918],[138.944991,36.472691],[138.948856,36.471198],[138.950162,36.471049],[138.951457,36.472346],[138.951935,36.473198],[138.952545,36.473534],[138.954799,36.473303],[138.956841,36.474335],[138.958546,36.473821],[138.959433,36.47431],[138.960922,36.474038],[138.961393,36.473156],[138.962119,36.472895],[138.963565,36.472802],[138.965001,36.472896],[138.965963,36.472191],[138.966907,36.471824],[138.967592,36.469981],[138.968699,36.469689],[138.970291,36.468948],[138.970463,36.46816],[138.972485,36.468071],[138.973273,36.467515],[138.973718,36.467583],[138.975787,36.466643],[138.975907,36.466278],[138.977072,36.4661],[138.977666,36.465469],[138.98054,36.464921],[138.983632,36.464006],[138.986412,36.463064],[138.987462,36.462553],[138.988668,36.462318],[138.991066,36.462097],[138.993704,36.460852],[138.994436,36.46079],[138.996489,36.461223],[138.997968,36.460907],[138.998877,36.461126],[139.000142,36.461738],[139.001353,36.462071],[139.002319,36.462596],[139.003748,36.462816],[139.005781,36.463558],[139.007875,36.463408],[139.007124,36.46207],[139.007188,36.460631],[139.008997,36.459969],[139.009482,36.460393],[139.010757,36.460612],[139.01153,36.460418],[139.014722,36.460846],[139.015049,36.460688],[139.015441,36.459371],[139.016149,36.458815],[139.016445,36.457691],[139.016743,36.455649],[139.018038,36.453856],[139.017945,36.453059],[139.018636,36.450788],[139.019574,36.450472],[139.020544,36.450551],[139.020474,36.449814],[139.021021,36.449738],[139.022634,36.450226],[139.023112,36.449925],[139.023417,36.448908],[139.024388,36.448386],[139.025189,36.448339],[139.025473,36.449125],[139.026772,36.449695],[139.027147,36.450248],[139.028651,36.450156],[139.029032,36.451495],[139.028722,36.452287],[139.027959,36.453246],[139.027878,36.453839],[139.026508,36.456791],[139.026405,36.458518],[139.026609,36.458604],[139.026798,36.46029],[139.02819,36.460309],[139.033225,36.458212],[139.03942,36.455766],[139.039662,36.455267],[139.040446,36.455485],[139.04118,36.453922],[139.041217,36.451911],[139.041774,36.452444],[139.043691,36.453563],[139.045793,36.454318],[139.049322,36.455734],[139.05011,36.457268],[139.050191,36.459111],[139.049858,36.459877],[139.050113,36.46068],[139.0514,36.462049],[139.052172,36.463941],[139.052175,36.465092],[139.052859,36.466117],[139.05306,36.467519],[139.052926,36.468289],[139.053222,36.4692],[139.053939,36.469913],[139.055415,36.470335],[139.056243,36.472029],[139.058119,36.472303],[139.058555,36.472943],[139.060137,36.474096],[139.060506,36.474009],[139.062144,36.47459],[139.063599,36.476019],[139.063911,36.477053],[139.063924,36.478],[139.064468,36.478237],[139.066006,36.479522],[139.066251,36.48009],[139.06717,36.481061],[139.067663,36.481284],[139.068457,36.482569],[139.069121,36.483032],[139.069663,36.48435],[139.070155,36.484971],[139.070307,36.486306],[139.070707,36.487152],[139.072402,36.488792],[139.074448,36.491243],[139.076164,36.494043],[139.077727,36.495224],[139.078892,36.495753],[139.08097,36.497311],[139.083325,36.500051],[139.085439,36.501907],[139.087371,36.503396],[139.092417,36.507548],[139.098291,36.512628],[139.098289,36.512987],[139.099521,36.514328],[139.099586,36.515467],[139.100788,36.516411],[139.101019,36.516973],[139.102813,36.516909],[139.103336,36.517043],[139.103679,36.517978],[139.106262,36.518299],[139.108045,36.518201],[139.109449,36.518944],[139.110007,36.519825],[139.112571,36.520061],[139.113446,36.520414],[139.114517,36.520534],[139.115485,36.521504],[139.117119,36.522753],[139.118026,36.523871],[139.11759,36.524898],[139.117854,36.525513],[139.121121,36.527406],[139.122119,36.527805],[139.123045,36.527779],[139.123701,36.528229],[139.124524,36.528281],[139.125683,36.529595],[139.128258,36.530613],[139.129441,36.531706],[139.13137,36.532477],[139.132055,36.532904],[139.133058,36.532931],[139.135118,36.534078],[139.135671,36.534643],[139.136443,36.536356],[139.136906,36.538208],[139.144937,36.546863],[139.151878,36.554447],[139.162504,36.555428],[139.163593,36.557153],[139.164789,36.558027],[139.16553,36.55887],[139.166991,36.559231],[139.168144,36.560086],[139.168607,36.560922],[139.169344,36.561696]]]]}},
  {"type":"Feature","properties":{"name":"藤岡市","code":"10209"},"geometry":{"type":"MultiPolygon","coordinates":[[[[138.942923,36.199261],[138.942848,36.198136],[138.940963,36.197906],[138.939956,36.198282],[138.939016,36.19823],[138.936881,36.199028],[138.935867,36.198683],[138.930904,36.197602],[138.929248,36.197446],[138.928802,36.19671],[138.92728,36.195616],[138.92689,36.194498],[138.924733,36.194368],[138.923793,36.195144],[138.922999,36.195181],[138.921639,36.194294],[138.917997,36.193098],[138.914477,36.193109],[138.913304,36.193316],[138.911489,36.192726],[138.91019,36.190929],[138.909283,36.190153],[138.907735,36.189231],[138.90729,36.18859],[138.905211,36.187661],[138.904372,36.186842],[138.90282,36.1834],[138.902344,36.180986],[138.901505,36.180418],[138.899158,36.179211],[138.898546,36.178046],[138.897477,36.177786],[138.896396,36.176701],[138.895639,36.176441],[138.894035,36.17552],[138.892364,36.175141],[138.890657,36.174462],[138.889654,36.172979],[138.889305,36.172151],[138.887831,36.170374],[138.886552,36.169937],[138.884456,36.168379],[138.882884,36.168924],[138.881239,36.169062],[138.880314,36.168446],[138.878513,36.168077],[138.877151,36.16838],[138.875736,36.169509],[138.873203,36.169377],[138.872152,36.169751],[138.870183,36.170137],[138.868894,36.16966],[138.8671,36.16928],[138.865369,36.168559],[138.864112,36.168577],[138.862874,36.168866],[138.861146,36.168488],[138.858729,36.166153],[138.857715,36.165675],[138.855848,36.165335],[138.854229,36.16475],[138.851828,36.164758],[138.849934,36.164139],[138.848508,36.162832],[138.847295,36.162885],[138.845984,36.161773],[138.844767,36.160279],[138.844126,36.160086],[138.842958,36.160386],[138.841296,36.159841],[138.839809,36.159965],[138.838455,36.159686],[138.837561,36.159023],[138.835185,36.159258],[138.834141,36.158758],[138.830231,36.158466],[138.829573,36.158301],[138.826687,36.157974],[138.825526,36.156045],[138.824812,36.154012],[138.823514,36.153101],[138.823622,36.15242],[138.822787,36.152241],[138.821792,36.151393],[138.821097,36.150533],[138.820001,36.150606],[138.81856,36.150084],[138.818005,36.149313],[138.816492,36.149679],[138.815624,36.148041],[138.813652,36.147106],[138.813422,36.145806],[138.812925,36.144149],[138.812012,36.142811],[138.810054,36.141456],[138.811407,36.140819],[138.813035,36.141829],[138.814564,36.141845],[138.815903,36.143128],[138.818641,36.143638],[138.820021,36.144275],[138.82118,36.144586],[138.822392,36.144171],[138.823717,36.144524],[138.826001,36.144578],[138.826452,36.144062],[138.827553,36.143475],[138.829747,36.143027],[138.830377,36.142278],[138.831694,36.142021],[138.83277,36.142099],[138.833582,36.142643],[138.835571,36.142891],[138.837604,36.142673],[138.838389,36.142735],[138.841028,36.143734],[138.843134,36.143889],[138.84483,36.144736],[138.845968,36.144953],[138.846533,36.145505],[138.848815,36.146105],[138.850173,36.146864],[138.855024,36.146893],[138.855994,36.146707],[138.857944,36.147171],[138.858813,36.147146],[138.859488,36.147829],[138.86045,36.148133],[138.861538,36.149058],[138.861808,36.149547],[138.863723,36.151251],[138.864736,36.151655],[138.866601,36.149901],[138.867267,36.149454],[138.870311,36.148082],[138.870961,36.146168],[138.871908,36.144913],[138.872257,36.144044],[138.873876,36.142455],[138.874821,36.142057],[138.875442,36.140482],[138.875756,36.140425],[138.877081,36.141301],[138.877859,36.142094],[138.879309,36.142866],[138.881982,36.143031],[138.883617,36.142632],[138.885946,36.14275],[138.88847,36.14219],[138.889275,36.142518],[138.890452,36.143907],[138.890887,36.144064],[138.893218,36.144072],[138.898227,36.146902],[138.901581,36.146241],[138.902956,36.146604],[138.904709,36.145977],[138.905566,36.146562],[138.906485,36.147494],[138.907105,36.148557],[138.908262,36.14889],[138.910014,36.148747],[138.911562,36.149278],[138.91236,36.149862],[138.913097,36.149949],[138.914244,36.150669],[138.914536,36.151104],[138.915819,36.151944],[138.920833,36.152081],[138.922816,36.152202],[138.924062,36.151775],[138.924976,36.151233],[138.926187,36.150955],[138.927337,36.151111],[138.928671,36.150769],[138.930646,36.149513],[138.931423,36.149314],[138.934089,36.149621],[138.935023,36.149934],[138.936906,36.149493],[138.940199,36.149322],[138.942573,36.148739],[138.944116,36.148036],[138.945725,36.147577],[138.946782,36.147085],[138.949163,36.145693],[138.951737,36.145002],[138.952942,36.144878],[138.95523,36.14499],[138.958473,36.145015],[138.959388,36.144777],[138.961333,36.141899],[138.961862,36.140084],[138.961756,36.139139],[138.96221,36.138511],[138.961843,36.137113],[138.960954,36.136652],[138.960594,36.135591],[138.9617,36.135188],[138.963011,36.134332],[138.96318,36.133883],[138.963292,36.132019],[138.961737,36.131068],[138.960271,36.130646],[138.959623,36.13026],[138.95881,36.129252],[138.958692,36.128749],[138.95912,36.128147],[138.95891,36.127133],[138.959158,36.126773],[138.959618,36.123992],[138.960497,36.124297],[138.962438,36.125516],[138.964245,36.125905],[138.965339,36.12553],[138.966101,36.124753],[138.966945,36.124306],[138.968253,36.124281],[138.969043,36.124462],[138.970012,36.124239],[138.970758,36.123177],[138.972151,36.122225],[138.97307,36.121836],[138.974039,36.120898],[138.973882,36.120136],[138.974254,36.1194],[138.975622,36.118421],[138.976493,36.117211],[138.977845,36.1163],[138.978722,36.116002],[138.97984,36.116234],[138.981507,36.117086],[138.982368,36.116879],[138.984383,36.115629],[138.985691,36.115571],[138.986586,36.116501],[138.987174,36.117468],[138.988609,36.117619],[138.989296,36.117917],[138.989802,36.119418],[138.990696,36.120626],[138.991102,36.12182],[138.993042,36.124465],[138.994607,36.125317],[138.996827,36.125665],[139.000007,36.125098],[139.001385,36.125026],[139.001958,36.12533],[139.004686,36.127814],[139.006732,36.12955],[139.006263,36.130445],[139.004857,36.131141],[139.003749,36.132134],[139.004032,36.132702],[139.004853,36.13341],[139.00659,36.133228],[139.007883,36.132631],[139.009527,36.132067],[139.010735,36.132053],[139.015622,36.134069],[139.01673,36.132295],[139.019074,36.131173],[139.019856,36.131045],[139.021088,36.131331],[139.022182,36.132041],[139.023759,36.133901],[139.02471,36.1341],[139.025478,36.133886],[139.026447,36.133271],[139.026589,36.132788],[139.025737,36.130545],[139.02605,36.130148],[139.026959,36.129921],[139.028527,36.129956],[139.029066,36.129658],[139.031198,36.127727],[139.033301,36.126847],[139.036831,36.126191],[139.04024,36.127199],[139.04186,36.127937],[139.042404,36.12846],[139.0432,36.130915],[139.043029,36.131682],[139.041751,36.133087],[139.041238,36.134406],[139.041011,36.135542],[139.041224,36.136876],[139.041679,36.137515],[139.041693,36.138325],[139.041096,36.13956],[139.04128,36.140866],[139.041765,36.142582],[139.041978,36.144668],[139.042276,36.145648],[139.042722,36.148027],[139.043006,36.148297],[139.045493,36.148553],[139.046473,36.148851],[139.047169,36.149334],[139.047397,36.149972],[139.047098,36.15108],[139.047453,36.151903],[139.049016,36.152428],[139.051212,36.152306],[139.056029,36.15259],[139.060561,36.152263],[139.061755,36.152519],[139.06213,36.153476],[139.061377,36.155123],[139.061562,36.156017],[139.062144,36.157252],[139.063765,36.158853],[139.063651,36.159577],[139.062979,36.161286],[139.062084,36.162507],[139.061032,36.163245],[139.058717,36.164282],[139.058304,36.165077],[139.059256,36.165465],[139.059412,36.166459],[139.058233,36.167268],[139.058432,36.16819],[139.058276,36.168858],[139.057665,36.169284],[139.057447,36.170552],[139.057716,36.171423],[139.057805,36.173402],[139.057168,36.177047],[139.056531,36.179507],[139.056386,36.18052],[139.056699,36.182415],[139.057683,36.183723],[139.0598,36.184776],[139.06107,36.185031],[139.063049,36.185811],[139.064228,36.186621],[139.064528,36.18722],[139.064683,36.188568],[139.064577,36.189375],[139.063641,36.193479],[139.063323,36.195712],[139.063837,36.196984],[139.065316,36.19869],[139.069356,36.201868],[139.071965,36.203818],[139.073583,36.205296],[139.077518,36.209685],[139.080147,36.21284],[139.081726,36.214887],[139.082801,36.217002],[139.083227,36.218399],[139.083973,36.219764],[139.085723,36.222171],[139.087029,36.224873],[139.088982,36.228433],[139.091868,36.232642],[139.096087,36.237653],[139.1,36.243207],[139.103573,36.247935],[139.106203,36.251018],[139.107474,36.252618],[139.108605,36.254788],[139.110328,36.257375],[139.111195,36.258497],[139.109657,36.259092],[139.108258,36.260318],[139.107712,36.261354],[139.106916,36.260701],[139.105932,36.260861],[139.104929,36.26134],[139.103981,36.26034],[139.102982,36.260913],[139.101218,36.261548],[139.100318,36.262167],[139.100588,36.262565],[139.100834,36.264342],[139.100236,36.264668],[139.099382,36.265632],[139.100249,36.266193],[139.103146,36.266844],[139.103983,36.26757],[139.104517,36.268538],[139.105732,36.270161],[139.105156,36.270861],[139.105105,36.271953],[139.102775,36.271964],[139.102472,36.272089],[139.102382,36.274166],[139.101992,36.274723],[139.100873,36.274848],[139.096818,36.276647],[139.09661,36.277127],[139.097868,36.27898],[139.100042,36.279561],[139.101783,36.278891],[139.104062,36.278616],[139.105085,36.279379],[139.106567,36.27967],[139.107708,36.280174],[139.108821,36.281531],[139.111176,36.281559],[139.110738,36.282071],[139.109377,36.282705],[139.106981,36.282846],[139.104705,36.283697],[139.104204,36.28426],[139.103269,36.284623],[139.101717,36.285729],[139.101893,36.287279],[139.098728,36.287916],[139.096672,36.288429],[139.096445,36.288159],[139.094482,36.288369],[139.093209,36.28997],[139.085046,36.291176],[139.080764,36.291195],[139.076494,36.291142],[139.075864,36.29081],[139.074478,36.289027],[139.072926,36.288168],[139.068584,36.287321],[139.066868,36.286677],[139.063425,36.285996],[139.062848,36.285221],[139.058896,36.285811],[139.058756,36.285589],[139.057097,36.285227],[139.055954,36.284512],[139.055551,36.282915],[139.055566,36.281283],[139.056368,36.279352],[139.05623,36.277684],[139.056087,36.272351],[139.053803,36.270888],[139.051822,36.270007],[139.049267,36.269202],[139.04679,36.269176],[139.040703,36.270395],[139.037176,36.267838],[139.03484,36.265055],[139.034103,36.264056],[139.033501,36.262787],[139.033053,36.261092],[139.032603,36.26044],[139.03137,36.25997],[139.030359,36.259847],[139.028216,36.260128],[139.023139,36.25987],[139.023424,36.258682],[139.021958,36.257878],[139.020103,36.257324],[139.019832,36.254863],[139.019932,36.253959],[139.020781,36.25357],[139.022674,36.254748],[139.023854,36.255305],[139.024848,36.25458],[139.025106,36.253925],[139.025174,36.252661],[139.026411,36.24935],[139.027427,36.248804],[139.027298,36.246824],[139.026666,36.246367],[139.025387,36.244649],[139.023156,36.243379],[139.021972,36.241404],[139.02095,36.238016],[139.021321,36.236063],[139.020988,36.23551],[139.01951,36.234743],[139.018699,36.234083],[139.01735,36.233695],[139.016722,36.232158],[139.016643,36.231543],[139.01694,36.230333],[139.01797,36.229142],[139.017988,36.227326],[139.018688,36.226173],[139.017601,36.226187],[139.017785,36.224638],[139.018731,36.223635],[139.018591,36.222496],[139.017565,36.222321],[139.017043,36.222675],[139.016158,36.222755],[139.01534,36.223519],[139.014815,36.223634],[139.013286,36.223365],[139.00994,36.221117],[139.009069,36.2216],[139.008072,36.221628],[139.007119,36.221246],[139.005861,36.221475],[139.005404,36.221946],[139.004108,36.222716],[139.002569,36.222733],[139.000662,36.223186],[138.998529,36.222657],[138.997877,36.22367],[138.997103,36.223725],[138.995916,36.222326],[138.994482,36.220229],[138.9939,36.219101],[138.992957,36.218036],[138.992387,36.217682],[138.991718,36.216792],[138.990249,36.216356],[138.986994,36.216932],[138.986198,36.216937],[138.984634,36.216347],[138.983315,36.215276],[138.982181,36.213552],[138.982646,36.212234],[138.982178,36.21101],[138.982698,36.209921],[138.982698,36.209424],[138.982012,36.208452],[138.981647,36.206761],[138.981033,36.205939],[138.979611,36.205326],[138.978465,36.204523],[138.977472,36.204291],[138.976576,36.202134],[138.975715,36.201579],[138.973667,36.202829],[138.97237,36.202867],[138.971695,36.20315],[138.970868,36.203051],[138.969962,36.203267],[138.967965,36.203027],[138.966641,36.2036],[138.963934,36.202507],[138.962689,36.201596],[138.960998,36.201074],[138.958891,36.201137],[138.95796,36.200904],[138.957163,36.200997],[138.955308,36.199945],[138.953991,36.198912],[138.952633,36.198593],[138.951666,36.198987],[138.949434,36.198949],[138.947968,36.199218],[138.947164,36.199636],[138.945637,36.19968],[138.944781,36.19935],[138.942923,36.199261]]]]}},
  {"type":"Feature","properties":{"name":"富岡市","code":"10210"},"geometry":{"type":"MultiPolygon","coordinates":[[[[138.949656,36.301487],[138.949026,36.301613],[138.948624,36.302184],[138.94758,36.302094],[138.946194,36.302862],[138.946035,36.303565],[138.945294,36.303422],[138.9446,36.303975],[138.943754,36.304081],[138.943584,36.304514],[138.94206,36.304969],[138.941149,36.304832],[138.94072,36.305276],[138.939811,36.304879],[138.938906,36.305244],[138.938133,36.304911],[138.938048,36.304213],[138.936964,36.303655],[138.935747,36.302777],[138.934842,36.303248],[138.933184,36.303242],[138.932381,36.303555],[138.931147,36.303661],[138.930004,36.303349],[138.928538,36.303422],[138.928088,36.303766],[138.927603,36.305256],[138.926529,36.305796],[138.925435,36.306768],[138.923471,36.307921],[138.922994,36.308058],[138.921195,36.307865],[138.920274,36.307256],[138.919607,36.307415],[138.917933,36.306132],[138.917567,36.305603],[138.916034,36.304749],[138.915525,36.305177],[138.913498,36.305288],[138.910512,36.303198],[138.909035,36.302304],[138.908808,36.299629],[138.907906,36.298879],[138.907058,36.298848],[138.905689,36.298228],[138.90463,36.298244],[138.903757,36.297308],[138.902679,36.297104],[138.901287,36.296147],[138.902236,36.295196],[138.902294,36.294313],[138.903158,36.293298],[138.903825,36.292822],[138.903301,36.291542],[138.903264,36.290591],[138.902212,36.289272],[138.901507,36.289034],[138.900565,36.289161],[138.89966,36.288257],[138.899046,36.288315],[138.897204,36.289394],[138.89595,36.289733],[138.89433,36.289087],[138.893441,36.289363],[138.892663,36.289088],[138.890122,36.289136],[138.889455,36.288851],[138.887974,36.288806],[138.885888,36.288113],[138.88474,36.287969],[138.883327,36.288218],[138.881157,36.287616],[138.878669,36.287869],[138.878145,36.287796],[138.876545,36.286463],[138.875641,36.285265],[138.874328,36.284566],[138.873137,36.284355],[138.869389,36.283141],[138.867581,36.282481],[138.86665,36.28188],[138.863872,36.280622],[138.863119,36.280088],[138.862136,36.280124],[138.860664,36.279611],[138.860682,36.278903],[138.858841,36.277652],[138.857666,36.276345],[138.856445,36.277038],[138.854864,36.277618],[138.853852,36.277715],[138.852648,36.278367],[138.851309,36.278214],[138.849909,36.278574],[138.849054,36.27809],[138.847819,36.277733],[138.846794,36.277189],[138.846247,36.277604],[138.844821,36.277761],[138.845075,36.279474],[138.843249,36.27963],[138.843172,36.279064],[138.840123,36.27928],[138.835883,36.279399],[138.834967,36.27959],[138.834793,36.280482],[138.833596,36.28107],[138.832622,36.282041],[138.832519,36.28317],[138.830906,36.284773],[138.825608,36.286421],[138.823885,36.28758],[138.821976,36.289253],[138.820698,36.288937],[138.816934,36.291098],[138.8135,36.293467],[138.812407,36.294076],[138.810129,36.293181],[138.808705,36.293508],[138.807235,36.294589],[138.804154,36.295709],[138.801963,36.296765],[138.799319,36.297729],[138.798651,36.297776],[138.796928,36.297244],[138.795754,36.297428],[138.789138,36.299741],[138.78659,36.300692],[138.785527,36.301223],[138.784286,36.301489],[138.782989,36.302233],[138.781884,36.302639],[138.778831,36.30339],[138.777508,36.303629],[138.772919,36.304036],[138.771466,36.304298],[138.770203,36.304119],[138.766539,36.304295],[138.765033,36.304557],[138.762896,36.304067],[138.761782,36.303953],[138.76083,36.30346],[138.758913,36.303659],[138.757749,36.3031],[138.756181,36.303044],[138.755656,36.302334],[138.753842,36.300871],[138.752445,36.300009],[138.751437,36.299704],[138.750986,36.300194],[138.75006,36.300492],[138.749661,36.300172],[138.749024,36.298645],[138.747813,36.298817],[138.74657,36.297625],[138.745091,36.297137],[138.743535,36.295954],[138.742803,36.294433],[138.742096,36.294091],[138.740463,36.293846],[138.740528,36.292795],[138.740244,36.291219],[138.739875,36.290741],[138.740015,36.289966],[138.741637,36.289861],[138.743027,36.289023],[138.743577,36.289066],[138.74472,36.288628],[138.745861,36.286866],[138.746729,36.286128],[138.747411,36.286156],[138.74918,36.285367],[138.751124,36.285115],[138.753685,36.283913],[138.754187,36.282918],[138.753655,36.281528],[138.753786,36.280622],[138.753332,36.279505],[138.75341,36.277954],[138.752757,36.2763],[138.75323,36.275419],[138.753264,36.274717],[138.752085,36.27359],[138.751912,36.272328],[138.752923,36.271484],[138.752072,36.270029],[138.75306,36.269307],[138.753006,36.267826],[138.752734,36.267414],[138.753767,36.266891],[138.755434,36.26527],[138.756988,36.264404],[138.756927,36.263728],[138.7581,36.263171],[138.75972,36.261727],[138.760336,36.260806],[138.760346,36.259693],[138.763074,36.257697],[138.763546,36.256262],[138.763443,36.255477],[138.763958,36.255089],[138.766187,36.254869],[138.766788,36.253885],[138.769209,36.251976],[138.76995,36.251794],[138.770612,36.251257],[138.771023,36.249402],[138.771388,36.248761],[138.771182,36.247331],[138.770074,36.246172],[138.772005,36.245589],[138.772439,36.244979],[138.774287,36.244548],[138.774949,36.244084],[138.776043,36.242739],[138.776559,36.241456],[138.778211,36.238262],[138.778307,36.23744],[138.777616,36.23667],[138.777845,36.236024],[138.777623,36.234738],[138.779789,36.233965],[138.780149,36.233114],[138.780586,36.230902],[138.781882,36.229362],[138.782292,36.227961],[138.783224,36.227006],[138.784217,36.227013],[138.785148,36.227316],[138.785799,36.227821],[138.788505,36.228233],[138.789488,36.228715],[138.790839,36.228143],[138.791791,36.228196],[138.792333,36.226202],[138.793811,36.225965],[138.794373,36.226311],[138.795554,36.226268],[138.796797,36.226526],[138.797983,36.226384],[138.798722,36.227208],[138.801319,36.228679],[138.803029,36.229396],[138.804162,36.2296],[138.805855,36.230423],[138.808159,36.231218],[138.810786,36.23187],[138.813011,36.232322],[138.814263,36.232292],[138.815923,36.232528],[138.817787,36.234941],[138.817996,36.236212],[138.81831,36.236895],[138.81929,36.237258],[138.821549,36.237397],[138.824552,36.236943],[138.82654,36.236386],[138.827663,36.236346],[138.830268,36.237516],[138.833091,36.238052],[138.836961,36.238644],[138.838899,36.23901],[138.840488,36.238687],[138.840481,36.236867],[138.840808,36.235575],[138.841872,36.233439],[138.84174,36.23268],[138.840642,36.232742],[138.839106,36.232225],[138.839202,36.231196],[138.838781,36.229382],[138.838157,36.228568],[138.836834,36.228354],[138.83659,36.227539],[138.836367,36.224433],[138.834166,36.224303],[138.833185,36.224089],[138.833191,36.223274],[138.831977,36.221566],[138.831019,36.221005],[138.831248,36.219401],[138.832272,36.218867],[138.832305,36.218429],[138.831763,36.217523],[138.83179,36.216948],[138.831324,36.214855],[138.829677,36.212258],[138.829618,36.211437],[138.830213,36.209981],[138.83007,36.208441],[138.830203,36.207465],[138.829962,36.206628],[138.830286,36.205896],[138.832415,36.203661],[138.832696,36.203041],[138.832792,36.201531],[138.833242,36.199355],[138.833334,36.196305],[138.832736,36.195679],[138.833229,36.19461],[138.832629,36.193108],[138.832858,36.192713],[138.831617,36.190905],[138.831391,36.189798],[138.830243,36.188088],[138.830364,36.187039],[138.830853,36.185561],[138.830218,36.184252],[138.829203,36.183479],[138.828672,36.182738],[138.829556,36.18173],[138.830041,36.180675],[138.830352,36.179093],[138.831142,36.17844],[138.832882,36.17857],[138.835015,36.178935],[138.835332,36.179153],[138.837722,36.179512],[138.838476,36.179733],[138.839776,36.181099],[138.840101,36.182199],[138.842253,36.183971],[138.843145,36.184174],[138.844294,36.183961],[138.845221,36.184421],[138.845214,36.185267],[138.845741,36.186015],[138.846631,36.186339],[138.848543,36.187576],[138.849292,36.188739],[138.849252,36.190134],[138.850162,36.191847],[138.84961,36.192668],[138.849634,36.193437],[138.850641,36.195377],[138.852592,36.196338],[138.855666,36.197254],[138.857799,36.198026],[138.85817,36.198871],[138.857497,36.199773],[138.857512,36.201098],[138.858295,36.202229],[138.858549,36.20318],[138.85931,36.203368],[138.861227,36.202786],[138.862621,36.203135],[138.863652,36.203815],[138.86457,36.20387],[138.86547,36.204343],[138.866732,36.204555],[138.868603,36.204318],[138.869451,36.203534],[138.872265,36.203332],[138.87508,36.202667],[138.875924,36.202687],[138.877155,36.203551],[138.878779,36.205398],[138.87776,36.206371],[138.877855,36.208252],[138.8786,36.210892],[138.880013,36.212386],[138.880402,36.213868],[138.879647,36.214656],[138.878712,36.215089],[138.877346,36.216326],[138.877009,36.217463],[138.877607,36.218954],[138.878339,36.220037],[138.878358,36.220534],[138.879564,36.221903],[138.880309,36.222248],[138.881379,36.223503],[138.881024,36.224134],[138.881182,36.224942],[138.883958,36.224938],[138.884523,36.224777],[138.886052,36.225161],[138.887255,36.226181],[138.888921,36.226087],[138.890024,36.225476],[138.890477,36.225747],[138.891844,36.225373],[138.892759,36.226231],[138.89376,36.225555],[138.894762,36.22591],[138.896186,36.225393],[138.897118,36.225649],[138.897651,36.225471],[138.898828,36.226271],[138.899538,36.225823],[138.900678,36.22634],[138.900851,36.227058],[138.901576,36.228212],[138.902124,36.230433],[138.902515,36.230727],[138.902974,36.232815],[138.903098,36.235991],[138.903785,36.237852],[138.904846,36.23794],[138.905117,36.238286],[138.904821,36.2392],[138.905265,36.239959],[138.903725,36.240538],[138.904174,36.241155],[138.905413,36.241493],[138.905906,36.242361],[138.905156,36.242775],[138.906436,36.243496],[138.905771,36.244973],[138.907729,36.245589],[138.907206,36.246031],[138.906353,36.246036],[138.906234,36.246549],[138.90835,36.247509],[138.908322,36.246215],[138.908705,36.243898],[138.909515,36.241513],[138.911373,36.242379],[138.911995,36.242099],[138.913378,36.243296],[138.915605,36.243276],[138.916309,36.243644],[138.916729,36.244469],[138.917638,36.245465],[138.918464,36.245118],[138.918778,36.246291],[138.9194,36.24751],[138.918553,36.248165],[138.918881,36.248807],[138.918799,36.249884],[138.919209,36.250716],[138.920588,36.251997],[138.920545,36.254054],[138.921085,36.254644],[138.920748,36.255241],[138.920553,36.25643],[138.921803,36.25866],[138.921968,36.260033],[138.92576,36.260418],[138.92815,36.260334],[138.930988,36.260851],[138.931687,36.261251],[138.931982,36.261805],[138.932133,36.263068],[138.933637,36.265294],[138.934396,36.265788],[138.935436,36.266093],[138.937715,36.266474],[138.941452,36.266666],[138.942307,36.26693],[138.943287,36.267639],[138.944136,36.267954],[138.943675,36.268172],[138.939184,36.268577],[138.939303,36.269544],[138.938067,36.270348],[138.938364,36.271278],[138.938426,36.272356],[138.938943,36.273582],[138.939973,36.274463],[138.939358,36.274989],[138.937719,36.275383],[138.939164,36.27591],[138.939013,36.276497],[138.93954,36.277105],[138.942611,36.27819],[138.943328,36.279],[138.943341,36.279633],[138.943992,36.280531],[138.945427,36.281486],[138.946556,36.281696],[138.946903,36.282589],[138.947573,36.282843],[138.948578,36.284225],[138.948818,36.285049],[138.948687,36.285929],[138.94968,36.286909],[138.949916,36.288656],[138.949401,36.289592],[138.949928,36.290718],[138.949493,36.292471],[138.949859,36.293252],[138.949046,36.293624],[138.948356,36.294372],[138.948232,36.295333],[138.947654,36.296788],[138.947747,36.297321],[138.948833,36.298697],[138.948189,36.299185],[138.948462,36.299669],[138.949883,36.300307],[138.949656,36.301487]]]]}},
  {"type":"Feature","properties":{"name":"安中市","code":"10211"},"geometry":{"type":"MultiPolygon","coordinates":[[[[138.648387,36.407468],[138.648152,36.406215],[138.648317,36.404965],[138.648107,36.403927],[138.648473,36.402681],[138.648557,36.400723],[138.648464,36.399799],[138.649457,36.398173],[138.650488,36.397667],[138.651249,36.396437],[138.651987,36.396135],[138.65217,36.395069],[138.651658,36.394085],[138.651734,36.392345],[138.652184,36.390581],[138.651637,36.38732],[138.652158,36.385372],[138.65153,36.384088],[138.651334,36.383016],[138.650342,36.381849],[138.65004,36.380521],[138.649652,36.37995],[138.649639,36.378944],[138.651045,36.376168],[138.651321,36.373663],[138.651655,36.372817],[138.653671,36.372247],[138.655228,36.370418],[138.657163,36.368902],[138.656986,36.36821],[138.655958,36.367168],[138.655802,36.366573],[138.654192,36.365118],[138.653369,36.363685],[138.65239,36.362634],[138.652132,36.36158],[138.652181,36.359476],[138.652866,36.358661],[138.653957,36.358126],[138.653983,36.357093],[138.65107,36.354749],[138.650451,36.353059],[138.650081,36.352483],[138.650214,36.351162],[138.650944,36.350427],[138.651278,36.349648],[138.650259,36.347135],[138.650086,36.345991],[138.651007,36.343606],[138.650469,36.342915],[138.650482,36.342384],[138.649739,36.341593],[138.649726,36.340354],[138.649944,36.339512],[138.64965,36.338443],[138.650171,36.337144],[138.650483,36.335814],[138.651178,36.335161],[138.650425,36.334058],[138.65054,36.33213],[138.651325,36.331529],[138.651474,36.330662],[138.652902,36.330369],[138.653179,36.329622],[138.652556,36.328279],[138.651552,36.327317],[138.653034,36.325995],[138.652924,36.325138],[138.653306,36.32437],[138.652556,36.322866],[138.651918,36.322223],[138.651869,36.321236],[138.651157,36.320044],[138.650535,36.320044],[138.649693,36.319553],[138.648808,36.317495],[138.648211,36.316659],[138.647829,36.315577],[138.647892,36.314476],[138.649488,36.312427],[138.650242,36.311963],[138.650584,36.309826],[138.6513,36.307924],[138.652396,36.30768],[138.65317,36.307879],[138.653719,36.306783],[138.653024,36.306124],[138.65328,36.305377],[138.652966,36.304807],[138.653479,36.303575],[138.653452,36.303044],[138.655532,36.302692],[138.656035,36.302223],[138.657458,36.301602],[138.658404,36.30032],[138.657783,36.299652],[138.656457,36.298751],[138.655707,36.297921],[138.655875,36.296886],[138.654335,36.295635],[138.65493,36.294836],[138.654713,36.292347],[138.655705,36.291271],[138.656836,36.290429],[138.657676,36.290106],[138.65723,36.286897],[138.658491,36.286505],[138.660507,36.285051],[138.662031,36.284682],[138.663527,36.284599],[138.664984,36.284219],[138.665589,36.282958],[138.666067,36.282865],[138.667548,36.283529],[138.668842,36.284525],[138.66986,36.285682],[138.671058,36.287856],[138.672433,36.287819],[138.673059,36.288211],[138.674376,36.288265],[138.674842,36.287763],[138.675996,36.287355],[138.675957,36.286714],[138.676767,36.285794],[138.677653,36.285725],[138.678077,36.284952],[138.678367,36.283628],[138.679716,36.283357],[138.679705,36.282196],[138.680398,36.281323],[138.681048,36.279924],[138.683153,36.280263],[138.68567,36.282306],[138.687221,36.28304],[138.690213,36.285105],[138.690907,36.28585],[138.692081,36.286393],[138.692771,36.287173],[138.694307,36.287472],[138.694382,36.286249],[138.694884,36.285298],[138.694953,36.283982],[138.695677,36.283368],[138.697005,36.283605],[138.698517,36.283115],[138.699295,36.283115],[138.699985,36.282519],[138.70079,36.28234],[138.7016,36.281242],[138.702253,36.279991],[138.70303,36.280438],[138.70409,36.28006],[138.705314,36.27987],[138.706211,36.28054],[138.707217,36.280742],[138.707366,36.28178],[138.708435,36.282658],[138.709603,36.283232],[138.709957,36.283679],[138.710882,36.284032],[138.711113,36.284671],[138.712376,36.28546],[138.712732,36.286006],[138.713684,36.286021],[138.714489,36.285493],[138.715954,36.284909],[138.716867,36.285072],[138.719043,36.284583],[138.71944,36.284714],[138.719836,36.285627],[138.721288,36.285886],[138.722062,36.286538],[138.723884,36.286987],[138.725692,36.286616],[138.727296,36.286563],[138.72791,36.287053],[138.729896,36.287366],[138.731376,36.288344],[138.73222,36.288069],[138.734611,36.288379],[138.735291,36.287727],[138.736799,36.287455],[138.737626,36.287625],[138.739416,36.288921],[138.740015,36.289966],[138.739875,36.290741],[138.740244,36.291219],[138.740528,36.292795],[138.740463,36.293846],[138.742096,36.294091],[138.742803,36.294433],[138.743535,36.295954],[138.745091,36.297137],[138.74657,36.297625],[138.747813,36.298817],[138.749024,36.298645],[138.749661,36.300172],[138.75006,36.300492],[138.750986,36.300194],[138.751437,36.299704],[138.752445,36.300009],[138.753842,36.300871],[138.755656,36.302334],[138.756181,36.303044],[138.757749,36.3031],[138.758913,36.303659],[138.76083,36.30346],[138.761782,36.303953],[138.762896,36.304067],[138.765033,36.304557],[138.766539,36.304295],[138.770203,36.304119],[138.771466,36.304298],[138.772919,36.304036],[138.777508,36.303629],[138.778831,36.30339],[138.781884,36.302639],[138.782989,36.302233],[138.784286,36.301489],[138.785527,36.301223],[138.78659,36.300692],[138.789138,36.299741],[138.795754,36.297428],[138.796928,36.297244],[138.798651,36.297776],[138.799319,36.297729],[138.801963,36.296765],[138.804154,36.295709],[138.807235,36.294589],[138.808705,36.293508],[138.810129,36.293181],[138.812407,36.294076],[138.8135,36.293467],[138.816934,36.291098],[138.820698,36.288937],[138.821976,36.289253],[138.823885,36.28758],[138.825608,36.286421],[138.830906,36.284773],[138.832519,36.28317],[138.832622,36.282041],[138.833596,36.28107],[138.834793,36.280482],[138.834967,36.27959],[138.835883,36.279399],[138.840123,36.27928],[138.843172,36.279064],[138.843249,36.27963],[138.845075,36.279474],[138.844821,36.277761],[138.846247,36.277604],[138.846794,36.277189],[138.847819,36.277733],[138.849054,36.27809],[138.849909,36.278574],[138.851309,36.278214],[138.852648,36.278367],[138.853852,36.277715],[138.854864,36.277618],[138.856445,36.277038],[138.857666,36.276345],[138.858841,36.277652],[138.860682,36.278903],[138.860664,36.279611],[138.862136,36.280124],[138.863119,36.280088],[138.863872,36.280622],[138.86665,36.28188],[138.867581,36.282481],[138.869389,36.283141],[138.873137,36.284355],[138.874328,36.284566],[138.875641,36.285265],[138.876545,36.286463],[138.878145,36.287796],[138.878669,36.287869],[138.881157,36.287616],[138.883327,36.288218],[138.88474,36.287969],[138.885888,36.288113],[138.887974,36.288806],[138.889455,36.288851],[138.890122,36.289136],[138.892663,36.289088],[138.893441,36.289363],[138.89433,36.289087],[138.89595,36.289733],[138.897204,36.289394],[138.899046,36.288315],[138.89966,36.288257],[138.900565,36.289161],[138.901507,36.289034],[138.902212,36.289272],[138.903264,36.290591],[138.903301,36.291542],[138.903825,36.292822],[138.903158,36.293298],[138.902294,36.294313],[138.902236,36.295196],[138.901287,36.296147],[138.902679,36.297104],[138.903757,36.297308],[138.90463,36.298244],[138.905689,36.298228],[138.907058,36.298848],[138.907906,36.298879],[138.908808,36.299629],[138.909035,36.302304],[138.910512,36.303198],[138.913498,36.305288],[138.915525,36.305177],[138.916034,36.304749],[138.917567,36.305603],[138.917933,36.306132],[138.919607,36.307415],[138.920274,36.307256],[138.921195,36.307865],[138.922994,36.308058],[138.923471,36.307921],[138.925435,36.306768],[138.926529,36.305796],[138.927603,36.305256],[138.928088,36.303766],[138.928538,36.303422],[138.930004,36.303349],[138.931147,36.303661],[138.932381,36.303555],[138.933184,36.303242],[138.934842,36.303248],[138.935747,36.302777],[138.936964,36.303655],[138.938048,36.304213],[138.938133,36.304911],[138.938906,36.305244],[138.939811,36.304879],[138.94072,36.305276],[138.941149,36.304832],[138.94206,36.304969],[138.943584,36.304514],[138.943754,36.304081],[138.9446,36.303975],[138.945294,36.303422],[138.946035,36.303565],[138.946194,36.302862],[138.94758,36.302094],[138.948624,36.302184],[138.949026,36.301613],[138.949656,36.301487],[138.950846,36.30205],[138.951942,36.302246],[138.951979,36.303836],[138.953648,36.305766],[138.952605,36.305951],[138.952499,36.306707],[138.951319,36.306982],[138.95111,36.307532],[138.951136,36.309842],[138.951427,36.310477],[138.95058,36.312321],[138.950495,36.313452],[138.949135,36.315156],[138.948646,36.316916],[138.947526,36.318454],[138.946081,36.319623],[138.94598,36.322921],[138.945433,36.324449],[138.944559,36.326036],[138.943833,36.326998],[138.942594,36.328018],[138.940969,36.328246],[138.939392,36.329058],[138.938455,36.329243],[138.938228,36.330328],[138.937458,36.331242],[138.936593,36.333583],[138.939347,36.333748],[138.941385,36.333776],[138.944516,36.333488],[138.947428,36.332847],[138.948928,36.332743],[138.950594,36.332804],[138.951101,36.334814],[138.950822,36.335209],[138.949087,36.335352],[138.945655,36.335887],[138.944737,36.336169],[138.943359,36.336234],[138.943115,36.336784],[138.943414,36.338299],[138.941983,36.338446],[138.940969,36.33835],[138.93911,36.338598],[138.93735,36.339447],[138.938605,36.340388],[138.939195,36.341551],[138.938135,36.34193],[138.937734,36.342468],[138.938504,36.343758],[138.935362,36.345468],[138.934505,36.34621],[138.934447,36.348084],[138.934591,36.349213],[138.932606,36.34923],[138.930846,36.349095],[138.930259,36.349846],[138.928949,36.351012],[138.926634,36.352828],[138.925867,36.353128],[138.922546,36.353968],[138.921758,36.353243],[138.919737,36.352518],[138.917698,36.351598],[138.915304,36.350261],[138.913939,36.350803],[138.912113,36.352489],[138.911226,36.352538],[138.909469,36.353636],[138.907741,36.353906],[138.904131,36.356734],[138.902998,36.357435],[138.901839,36.357381],[138.900392,36.357837],[138.898444,36.359364],[138.897392,36.359639],[138.895816,36.360473],[138.894809,36.360533],[138.89445,36.361333],[138.893366,36.362296],[138.892673,36.362662],[138.889949,36.363417],[138.888468,36.364549],[138.887203,36.364908],[138.886325,36.365727],[138.884418,36.366068],[138.882981,36.366811],[138.881745,36.367044],[138.879605,36.367969],[138.877637,36.368632],[138.876318,36.368851],[138.875141,36.369242],[138.874439,36.370162],[138.873061,36.370753],[138.871981,36.370595],[138.869403,36.370536],[138.86861,36.370689],[138.86766,36.371502],[138.867115,36.371617],[138.866512,36.372269],[138.864026,36.373249],[138.863376,36.373358],[138.862028,36.374255],[138.861026,36.374179],[138.860019,36.374464],[138.859005,36.373865],[138.858432,36.374124],[138.857036,36.374281],[138.856561,36.374083],[138.855462,36.374256],[138.853543,36.373966],[138.851619,36.373234],[138.851627,36.372774],[138.852364,36.371428],[138.849663,36.371572],[138.848755,36.371864],[138.844474,36.371462],[138.843009,36.37088],[138.842341,36.371311],[138.841279,36.371416],[138.839811,36.372077],[138.837594,36.372104],[138.836517,36.372311],[138.834735,36.373676],[138.832853,36.374415],[138.830969,36.3746],[138.829446,36.374529],[138.828764,36.37499],[138.826799,36.373613],[138.825019,36.373743],[138.823662,36.373522],[138.823361,36.374026],[138.822059,36.37533],[138.82103,36.375795],[138.819806,36.377457],[138.818193,36.377945],[138.817683,36.378284],[138.816617,36.378327],[138.815937,36.378771],[138.815251,36.378691],[138.814129,36.379496],[138.813052,36.379909],[138.811484,36.379749],[138.810743,36.380027],[138.809478,36.380142],[138.808526,36.380527],[138.807955,36.381492],[138.806567,36.382082],[138.805414,36.382272],[138.804214,36.382022],[138.803576,36.382441],[138.801463,36.383299],[138.800966,36.38419],[138.800174,36.38466],[138.79954,36.384564],[138.797975,36.384737],[138.796767,36.38561],[138.795119,36.385484],[138.794004,36.385889],[138.792682,36.386799],[138.791926,36.386687],[138.790359,36.38707],[138.788236,36.38827],[138.787442,36.388257],[138.786735,36.388681],[138.786017,36.388705],[138.785321,36.389148],[138.784186,36.38949],[138.783127,36.3895],[138.782112,36.390194],[138.778636,36.390862],[138.777992,36.391471],[138.776958,36.39172],[138.776213,36.392589],[138.773967,36.394816],[138.773186,36.394796],[138.77181,36.395096],[138.771227,36.395704],[138.770222,36.395442],[138.768912,36.396155],[138.768254,36.396224],[138.767072,36.397643],[138.766438,36.397595],[138.764267,36.39829],[138.763073,36.400438],[138.762221,36.401019],[138.761564,36.401127],[138.761128,36.401683],[138.758814,36.402384],[138.758597,36.403121],[138.75662,36.404466],[138.755773,36.40451],[138.754681,36.405204],[138.753675,36.405022],[138.752767,36.405374],[138.752068,36.40594],[138.752083,36.406587],[138.750268,36.406634],[138.748987,36.406328],[138.747859,36.407152],[138.746009,36.40764],[138.744693,36.407237],[138.742909,36.407201],[138.741834,36.407982],[138.741492,36.408665],[138.739222,36.408992],[138.738305,36.409463],[138.736877,36.409889],[138.735702,36.409774],[138.732931,36.410497],[138.732376,36.411165],[138.731551,36.411637],[138.729442,36.41163],[138.729002,36.411983],[138.72804,36.411826],[138.726804,36.412062],[138.725759,36.412834],[138.723999,36.412972],[138.722488,36.413696],[138.721375,36.413793],[138.720102,36.414786],[138.719095,36.414665],[138.716957,36.415473],[138.716249,36.415296],[138.715495,36.414511],[138.714283,36.414242],[138.713915,36.412969],[138.71296,36.412026],[138.712255,36.410918],[138.71148,36.410761],[138.710232,36.409877],[138.70966,36.408659],[138.705948,36.408869],[138.703818,36.408215],[138.702323,36.408713],[138.70143,36.408774],[138.699657,36.410449],[138.698242,36.41072],[138.696145,36.411315],[138.695209,36.411714],[138.692132,36.411846],[138.691191,36.412233],[138.690098,36.412289],[138.688471,36.412668],[138.687062,36.412786],[138.684377,36.414399],[138.683998,36.415054],[138.683093,36.415915],[138.682237,36.415964],[138.680533,36.415489],[138.679429,36.414263],[138.677977,36.413767],[138.676,36.413649],[138.675185,36.412868],[138.67415,36.412328],[138.670676,36.412385],[138.669556,36.410971],[138.667924,36.411299],[138.666743,36.41136],[138.665331,36.411863],[138.662981,36.411019],[138.661363,36.410226],[138.660955,36.409618],[138.656997,36.40895],[138.656315,36.409082],[138.655471,36.408281],[138.653293,36.407323],[138.652159,36.407659],[138.649925,36.407477],[138.648387,36.407468]]]]}},
  {"type":"Feature","properties":{"name":"みどり市","code":"10212"},"geometry":{"type":"MultiPolygon","coordinates":[[[[139.451101,36.549707],[139.452236,36.549595],[139.453381,36.550588],[139.456773,36.552986],[139.457742,36.553348],[139.459646,36.553028],[139.460758,36.553247],[139.46096,36.554164],[139.461684,36.554863],[139.46238,36.556503],[139.461942,36.557765],[139.462826,36.558498],[139.463047,36.559632],[139.464538,36.560457],[139.465338,36.561374],[139.4654,36.563275],[139.465619,36.56362],[139.466832,36.5641],[139.467523,36.564605],[139.469309,36.564807],[139.469621,36.565531],[139.470152,36.565682],[139.472273,36.565115],[139.473166,36.566209],[139.474026,36.56673],[139.473554,36.567926],[139.474221,36.568656],[139.473909,36.571088],[139.474061,36.571836],[139.473909,36.573132],[139.474617,36.573763],[139.475375,36.573839],[139.476908,36.574344],[139.479804,36.57611],[139.480916,36.577213],[139.482634,36.578096],[139.482249,36.578895],[139.482569,36.580906],[139.48353,36.582024],[139.483041,36.583278],[139.482123,36.583497],[139.48048,36.584708],[139.480401,36.585631],[139.478229,36.586235],[139.477484,36.587177],[139.476318,36.587418],[139.475358,36.58917],[139.47384,36.590456],[139.473924,36.591147],[139.474488,36.591778],[139.474888,36.593151],[139.474705,36.594645],[139.47383,36.595519],[139.473741,36.596358],[139.472564,36.598104],[139.472786,36.598874],[139.472316,36.599728],[139.471733,36.599856],[139.470996,36.60112],[139.471308,36.601687],[139.471446,36.602891],[139.470636,36.603295],[139.470015,36.604153],[139.466404,36.605424],[139.465358,36.606494],[139.464067,36.605775],[139.462473,36.605545],[139.459936,36.605665],[139.457567,36.606293],[139.456064,36.604938],[139.454113,36.603872],[139.452599,36.603626],[139.451811,36.604749],[139.451562,36.605854],[139.450984,36.60648],[139.449855,36.606351],[139.447701,36.606751],[139.447366,36.607124],[139.446138,36.607496],[139.445042,36.607293],[139.443872,36.605989],[139.44272,36.60591],[139.441522,36.605456],[139.43974,36.604505],[139.438152,36.604168],[139.437679,36.6035],[139.437493,36.602504],[139.436275,36.601733],[139.434962,36.601673],[139.432283,36.601809],[139.431715,36.601637],[139.430019,36.601712],[139.429408,36.601305],[139.427766,36.600972],[139.426865,36.601133],[139.426172,36.602597],[139.424687,36.603476],[139.421725,36.603509],[139.421425,36.603863],[139.420212,36.603777],[139.419037,36.60434],[139.417427,36.60464],[139.416547,36.605273],[139.415002,36.605819],[139.412373,36.608124],[139.410614,36.607781],[139.409091,36.608415],[139.406827,36.608426],[139.405679,36.608769],[139.403726,36.608823],[139.404048,36.608115],[139.405486,36.607483],[139.406343,36.606169],[139.406547,36.604786],[139.405206,36.604754],[139.403103,36.603586],[139.401575,36.603626],[139.400427,36.602939],[139.398704,36.602189],[139.39777,36.602147],[139.396612,36.603186],[139.395163,36.603497],[139.393607,36.604762],[139.392899,36.605759],[139.391769,36.606315],[139.391758,36.606991],[139.390449,36.608148],[139.388802,36.610183],[139.386689,36.611983],[139.384195,36.611871],[139.383055,36.612026],[139.381921,36.612475],[139.380128,36.612787],[139.37944,36.613117],[139.377662,36.612806],[139.376204,36.612317],[139.374323,36.612086],[139.371775,36.611952],[139.371154,36.612079],[139.370533,36.612778],[139.369172,36.613066],[139.367528,36.612521],[139.363227,36.614333],[139.362539,36.614088],[139.35917,36.613558],[139.357093,36.614403],[139.355899,36.614717],[139.35507,36.614484],[139.354592,36.614771],[139.352288,36.61509],[139.351876,36.615365],[139.350105,36.617646],[139.347611,36.619119],[139.346733,36.620345],[139.346545,36.621575],[139.346735,36.622244],[139.345733,36.623347],[139.345914,36.624862],[139.345689,36.62587],[139.344501,36.625637],[139.34301,36.625606],[139.341632,36.625978],[139.339544,36.626298],[139.338697,36.62719],[139.337289,36.627258],[139.336076,36.627498],[139.333333,36.627581],[139.332558,36.627019],[139.330694,36.627066],[139.329654,36.627589],[139.329078,36.630726],[139.328149,36.633422],[139.325593,36.633501],[139.324403,36.632309],[139.32403,36.631304],[139.322455,36.630306],[139.321423,36.629099],[139.320026,36.627836],[139.319279,36.626744],[139.318462,36.626025],[139.316727,36.625433],[139.314868,36.624504],[139.312327,36.623493],[139.311944,36.623153],[139.311979,36.622185],[139.311397,36.62113],[139.309749,36.620245],[139.308404,36.619111],[139.307519,36.618008],[139.306802,36.616735],[139.305566,36.615996],[139.306321,36.61411],[139.305618,36.613198],[139.304772,36.611221],[139.303545,36.610116],[139.302789,36.608879],[139.3019,36.608035],[139.30154,36.606849],[139.302304,36.605515],[139.301828,36.603585],[139.300875,36.602673],[139.29975,36.601908],[139.29915,36.600769],[139.298224,36.599539],[139.2981,36.598313],[139.298816,36.597472],[139.297985,36.596525],[139.298111,36.595568],[139.297858,36.595147],[139.299057,36.59426],[139.300106,36.594023],[139.300735,36.593094],[139.299179,36.591911],[139.298726,36.590732],[139.299303,36.589798],[139.29956,36.588317],[139.300444,36.58761],[139.300558,36.58645],[139.300035,36.586047],[139.299971,36.585248],[139.299555,36.584403],[139.300366,36.583538],[139.30076,36.582522],[139.30197,36.581028],[139.302624,36.580694],[139.304207,36.579232],[139.305895,36.579903],[139.306522,36.579285],[139.306956,36.578347],[139.307746,36.577276],[139.307675,36.576364],[139.307839,36.574394],[139.308813,36.572793],[139.308319,36.571627],[139.308932,36.570101],[139.309938,36.56954],[139.311842,36.56899],[139.31338,36.567347],[139.313509,36.566424],[139.314131,36.565782],[139.315441,36.565413],[139.316492,36.563904],[139.318297,36.563812],[139.319171,36.563205],[139.319058,36.560625],[139.317401,36.559543],[139.316813,36.557877],[139.31606,36.557032],[139.31613,36.556237],[139.315715,36.55585],[139.315736,36.554683],[139.315423,36.553685],[139.315878,36.553019],[139.315814,36.551624],[139.315146,36.550449],[139.315327,36.548398],[139.314595,36.547401],[139.314875,36.546364],[139.314769,36.544984],[139.314961,36.544122],[139.313183,36.542464],[139.3115,36.543046],[139.309675,36.542427],[139.308097,36.542171],[139.30791,36.541238],[139.307217,36.54012],[139.305699,36.539173],[139.305479,36.538363],[139.30381,36.537963],[139.302809,36.536451],[139.301534,36.535816],[139.300816,36.535717],[139.296968,36.534155],[139.296156,36.5334],[139.295424,36.532335],[139.294648,36.53175],[139.29415,36.530958],[139.292995,36.530114],[139.292922,36.528914],[139.292183,36.528286],[139.291717,36.527264],[139.291124,36.526557],[139.291664,36.524964],[139.291454,36.523562],[139.290882,36.522884],[139.291131,36.521315],[139.290501,36.52068],[139.290191,36.518943],[139.288016,36.518989],[139.286966,36.519567],[139.285687,36.519723],[139.284256,36.51864],[139.283435,36.518683],[139.28256,36.51834],[139.282206,36.517804],[139.281952,36.516583],[139.280795,36.515977],[139.280584,36.514539],[139.279998,36.514352],[139.280407,36.512555],[139.281806,36.512134],[139.282277,36.511245],[139.282755,36.51091],[139.287042,36.511289],[139.289776,36.510566],[139.291251,36.508938],[139.293223,36.508984],[139.293606,36.508267],[139.294208,36.507869],[139.295716,36.50804],[139.295954,36.507319],[139.296834,36.507025],[139.296723,36.506192],[139.295534,36.504794],[139.296451,36.504208],[139.298978,36.503063],[139.300218,36.502902],[139.302289,36.502873],[139.304468,36.502287],[139.30323,36.500743],[139.303058,36.499662],[139.301854,36.499377],[139.30136,36.499009],[139.300626,36.497574],[139.299671,36.49689],[139.299688,36.496413],[139.29906,36.49512],[139.299032,36.493959],[139.298029,36.491216],[139.296982,36.490237],[139.295997,36.490295],[139.294436,36.48954],[139.293551,36.489419],[139.293772,36.490607],[139.29247,36.491653],[139.291612,36.491814],[139.290122,36.491607],[139.289204,36.492177],[139.288116,36.492194],[139.286042,36.493081],[139.284469,36.492879],[139.283002,36.492977],[139.28152,36.491626],[139.281353,36.490875],[139.280649,36.490268],[139.280494,36.489463],[139.279562,36.48844],[139.277435,36.48724],[139.27656,36.487401],[139.275738,36.486872],[139.275467,36.486056],[139.27436,36.485721],[139.273348,36.486151],[139.271758,36.485761],[139.271128,36.484578],[139.270213,36.48417],[139.269218,36.483089],[139.268599,36.482868],[139.268519,36.480968],[139.268272,36.480186],[139.266498,36.479851],[139.265468,36.480305],[139.264726,36.480207],[139.264105,36.47928],[139.26235,36.478929],[139.261732,36.479272],[139.258731,36.479375],[139.256741,36.479849],[139.255865,36.480546],[139.254693,36.480644],[139.253998,36.480326],[139.252378,36.480706],[139.251287,36.480494],[139.249902,36.481312],[139.24977,36.481893],[139.250783,36.482303],[139.250709,36.482902],[139.249431,36.483711],[139.249125,36.484164],[139.247339,36.484269],[139.246156,36.484103],[139.245637,36.483705],[139.243153,36.483833],[139.239914,36.482696],[139.237586,36.482521],[139.236867,36.484246],[139.234991,36.485263],[139.231801,36.486581],[139.232455,36.485559],[139.232422,36.483908],[139.234085,36.482041],[139.234949,36.480558],[139.235146,36.479386],[139.236282,36.476055],[139.236348,36.475318],[139.238473,36.475824],[139.238924,36.476132],[139.239628,36.474252],[139.238605,36.472965],[139.237889,36.47236],[139.236124,36.471384],[139.235954,36.471014],[139.236542,36.470141],[139.236498,36.468767],[139.23772,36.46781],[139.238276,36.466964],[139.239112,36.466865],[139.240279,36.467547],[139.241116,36.467173],[139.242018,36.466337],[139.241732,36.465083],[139.243325,36.464796],[139.244746,36.464092],[139.245682,36.463014],[139.247223,36.461761],[139.247748,36.46191],[139.248861,36.461653],[139.250592,36.460904],[139.252254,36.461097],[139.253633,36.461081],[139.254165,36.459897],[139.253745,36.459323],[139.253754,36.458388],[139.254667,36.457614],[139.25587,36.456992],[139.258307,36.454127],[139.26019,36.453081],[139.261797,36.452876],[139.263325,36.452936],[139.264086,36.452032],[139.264539,36.449718],[139.264137,36.44814],[139.264428,36.44764],[139.265376,36.447354],[139.264875,36.445572],[139.265507,36.444969],[139.265262,36.443149],[139.264625,36.441689],[139.264644,36.440149],[139.264039,36.439196],[139.262695,36.438514],[139.26034,36.438218],[139.260239,36.437728],[139.26097,36.436938],[139.261274,36.436253],[139.261936,36.435639],[139.263242,36.435239],[139.26381,36.433095],[139.265224,36.432694],[139.265722,36.431938],[139.266594,36.431442],[139.266765,36.430935],[139.267801,36.430654],[139.268144,36.429317],[139.266885,36.426475],[139.267074,36.425966],[139.267975,36.425721],[139.269098,36.425821],[139.269533,36.425101],[139.270748,36.424998],[139.27077,36.422109],[139.271002,36.420395],[139.270888,36.41936],[139.271063,36.418466],[139.27092,36.416749],[139.271485,36.41658],[139.272201,36.415528],[139.273139,36.415397],[139.273437,36.413217],[139.27168,36.412951],[139.270933,36.413438],[139.269192,36.414037],[139.268227,36.414201],[139.263826,36.412979],[139.262586,36.412273],[139.261409,36.41104],[139.260862,36.409924],[139.25888,36.408615],[139.257737,36.408228],[139.255755,36.407822],[139.255542,36.406458],[139.255114,36.405189],[139.254433,36.405003],[139.253502,36.403897],[139.251971,36.401171],[139.25098,36.3997],[139.250296,36.397104],[139.249982,36.396439],[139.250176,36.395136],[139.250604,36.395033],[139.253804,36.395035],[139.256192,36.394835],[139.257755,36.394392],[139.260068,36.394125],[139.261044,36.394168],[139.2646,36.393524],[139.266287,36.392833],[139.267641,36.392446],[139.267031,36.391021],[139.266898,36.390215],[139.267267,36.388916],[139.267787,36.387992],[139.26799,36.38654],[139.267277,36.385371],[139.267276,36.383986],[139.266824,36.382872],[139.266679,36.381037],[139.266352,36.379283],[139.266327,36.378186],[139.266593,36.37702],[139.26766,36.374327],[139.268144,36.373756],[139.271174,36.373689],[139.271394,36.371838],[139.271755,36.37084],[139.272775,36.368964],[139.273082,36.368685],[139.278883,36.368848],[139.279354,36.369099],[139.279608,36.373237],[139.286458,36.373142],[139.28695,36.372862],[139.291116,36.372884],[139.294671,36.37315],[139.294874,36.371847],[139.296777,36.371776],[139.296782,36.372135],[139.298096,36.372102],[139.298608,36.37242],[139.299031,36.373439],[139.301633,36.373945],[139.302219,36.373716],[139.303959,36.374297],[139.305484,36.374995],[139.305422,36.375737],[139.309121,36.376373],[139.309521,36.376591],[139.310231,36.37776],[139.311535,36.378691],[139.312944,36.37773],[139.313654,36.377577],[139.314557,36.379441],[139.315309,36.38145],[139.31519,36.381859],[139.31611,36.38256],[139.315942,36.383529],[139.31516,36.383811],[139.315499,36.385049],[139.315032,36.385624],[139.314633,36.386687],[139.314863,36.387965],[139.315843,36.390582],[139.315555,36.390971],[139.316116,36.391854],[139.315766,36.392522],[139.315963,36.393792],[139.315186,36.395436],[139.315482,36.396666],[139.315095,36.397005],[139.311475,36.398307],[139.31014,36.399193],[139.309019,36.399564],[139.306234,36.401101],[139.305934,36.401727],[139.303852,36.402941],[139.298357,36.405915],[139.29274,36.409096],[139.291733,36.409419],[139.290325,36.409576],[139.287649,36.409549],[139.285947,36.409672],[139.284473,36.411481],[139.28439,36.412882],[139.283475,36.413926],[139.284986,36.414394],[139.284975,36.415022],[139.286,36.415011],[139.286962,36.414512],[139.28737,36.412772],[139.288306,36.413771],[139.28745,36.415056],[139.286911,36.415069],[139.28681,36.415853],[139.287231,36.416287],[139.287855,36.415481],[139.289091,36.414796],[139.289707,36.413303],[139.29028,36.413455],[139.289975,36.414629],[139.288549,36.416529],[139.289006,36.417732],[139.290597,36.414929],[139.290812,36.415396],[139.290385,36.416081],[139.290531,36.418018],[139.294167,36.417403],[139.29506,36.417377],[139.293228,36.420367],[139.292527,36.421905],[139.288755,36.424317],[139.285987,36.425534],[139.286496,36.426341],[139.285451,36.427122],[139.28406,36.427871],[139.283889,36.428512],[139.28477,36.429414],[139.286375,36.429038],[139.287452,36.42951],[139.288983,36.430732],[139.290387,36.431304],[139.291868,36.431283],[139.291416,36.43234],[139.291456,36.433803],[139.290466,36.434784],[139.290297,36.43528],[139.29045,36.436479],[139.291238,36.437492],[139.29189,36.438765],[139.291729,36.439633],[139.29308,36.440948],[139.293631,36.442249],[139.293648,36.442756],[139.294693,36.444685],[139.293989,36.44511],[139.29432,36.445751],[139.295877,36.44538],[139.296413,36.445553],[139.297453,36.446639],[139.299509,36.44673],[139.299898,36.447302],[139.300723,36.44747],[139.300923,36.44865],[139.30168,36.449781],[139.300508,36.451562],[139.301008,36.453136],[139.301113,36.454442],[139.301964,36.454794],[139.303862,36.456781],[139.304725,36.457389],[139.30463,36.459339],[139.305009,36.459864],[139.30667,36.460017],[139.307512,36.460795],[139.308847,36.460889],[139.310261,36.460528],[139.311196,36.461179],[139.312131,36.461379],[139.313285,36.461311],[139.315165,36.461993],[139.316184,36.46278],[139.317957,36.462859],[139.319742,36.465108],[139.319825,36.466209],[139.320818,36.466796],[139.322018,36.467083],[139.322194,36.467467],[139.320483,36.469433],[139.32033,36.471422],[139.322889,36.472608],[139.324372,36.473005],[139.325344,36.473801],[139.325994,36.475061],[139.326248,36.476927],[139.327244,36.477317],[139.327655,36.477924],[139.328491,36.478139],[139.329275,36.478659],[139.330687,36.478645],[139.331562,36.478994],[139.331783,36.480315],[139.332371,36.480683],[139.333945,36.483561],[139.333362,36.485036],[139.333811,36.486751],[139.333591,36.487553],[139.332956,36.488092],[139.332845,36.488923],[139.334314,36.491381],[139.335093,36.491935],[139.336885,36.49203],[139.337744,36.49316],[139.338879,36.493683],[139.33941,36.494375],[139.34177,36.494886],[139.342992,36.494956],[139.344565,36.495902],[139.344682,36.496491],[139.34711,36.497103],[139.348337,36.49696],[139.350072,36.497108],[139.350708,36.497657],[139.351425,36.497844],[139.352896,36.499308],[139.355149,36.499514],[139.35702,36.499511],[139.358189,36.499789],[139.359016,36.500433],[139.358685,36.501208],[139.358851,36.5018],[139.358665,36.503511],[139.357751,36.50485],[139.357924,36.506185],[139.357472,36.507081],[139.357746,36.507838],[139.358826,36.509185],[139.359153,36.510181],[139.359656,36.51091],[139.359503,36.512099],[139.360795,36.512638],[139.361836,36.513751],[139.362831,36.514342],[139.364529,36.514303],[139.365491,36.513812],[139.36609,36.513889],[139.366682,36.514435],[139.368021,36.515048],[139.368356,36.515623],[139.369241,36.515708],[139.370162,36.515408],[139.371165,36.515729],[139.372067,36.515034],[139.373353,36.51543],[139.374813,36.515287],[139.375328,36.514835],[139.376176,36.515441],[139.376771,36.517795],[139.377255,36.518644],[139.376922,36.519728],[139.378128,36.5211],[139.380667,36.520941],[139.38188,36.521046],[139.384371,36.519745],[139.385197,36.520459],[139.385188,36.521688],[139.385406,36.522654],[139.385882,36.523455],[139.385977,36.524216],[139.386469,36.524969],[139.387937,36.524445],[139.390444,36.52489],[139.392475,36.52586],[139.393149,36.525345],[139.394625,36.525376],[139.39614,36.52582],[139.398346,36.525223],[139.400139,36.524994],[139.401274,36.524265],[139.402162,36.523971],[139.402829,36.524851],[139.403662,36.525501],[139.404979,36.52535],[139.407835,36.52652],[139.408264,36.527329],[139.410354,36.529135],[139.411441,36.529881],[139.411631,36.530412],[139.41325,36.531759],[139.41381,36.533012],[139.414524,36.533709],[139.415087,36.535612],[139.415103,36.538069],[139.415714,36.539338],[139.417063,36.540312],[139.41798,36.540696],[139.419039,36.54184],[139.419176,36.542268],[139.420126,36.542433],[139.420783,36.54291],[139.421669,36.542817],[139.422722,36.544309],[139.423532,36.544655],[139.423848,36.545416],[139.425099,36.546282],[139.425341,36.547106],[139.426093,36.547396],[139.426422,36.548188],[139.427271,36.549277],[139.427593,36.550589],[139.427456,36.551165],[139.42872,36.552346],[139.430073,36.553366],[139.431288,36.553601],[139.431609,36.553985],[139.434291,36.554955],[139.434861,36.555797],[139.436974,36.555816],[139.439018,36.556004],[139.440685,36.55666],[139.443058,36.555967],[139.44442,36.55488],[139.445517,36.554224],[139.446242,36.553233],[139.447255,36.552671],[139.448556,36.55152],[139.449083,36.551675],[139.450898,36.550993],[139.451101,36.549707]]]]}},
  {"type":"Feature","properties":{"name":"榛東村","code":"10344"},"geometry":{"type":"MultiPolygon","coordinates":[[[[139.002452,36.427026],[139.002474,36.427621],[139.002057,36.428375],[139.001902,36.429881],[139.001019,36.43011],[138.999263,36.431659],[138.998022,36.431828],[138.997506,36.432377],[138.995717,36.432885],[138.994945,36.432735],[138.99378,36.433053],[138.992434,36.432828],[138.990859,36.433588],[138.990678,36.43417],[138.991478,36.436352],[138.992817,36.436751],[138.992671,36.437597],[138.992261,36.438051],[138.99254,36.43902],[138.993679,36.440519],[138.993139,36.442512],[138.993178,36.443243],[138.992066,36.444672],[138.992327,36.446593],[138.992817,36.447632],[138.993868,36.4475],[138.993582,36.44836],[138.992643,36.448729],[138.992885,36.449918],[138.994123,36.449776],[138.994234,36.450373],[138.99264,36.450548],[138.992773,36.451377],[138.991455,36.451323],[138.990687,36.451963],[138.98845,36.452135],[138.987739,36.451641],[138.98679,36.452126],[138.986029,36.452866],[138.985653,36.453986],[138.985659,36.455145],[138.98478,36.455731],[138.983055,36.455454],[138.981651,36.455613],[138.981347,36.455944],[138.979908,36.456538],[138.979392,36.457278],[138.978285,36.457243],[138.977483,36.457819],[138.977143,36.458459],[138.976203,36.459032],[138.975065,36.458246],[138.974703,36.458546],[138.973811,36.4581],[138.971323,36.457896],[138.971006,36.457371],[138.969302,36.457605],[138.967687,36.457994],[138.966809,36.457712],[138.968214,36.456479],[138.967922,36.455929],[138.967882,36.454712],[138.966446,36.455756],[138.965047,36.45651],[138.964321,36.454933],[138.963862,36.455576],[138.962505,36.456603],[138.962527,36.456996],[138.960795,36.457614],[138.958673,36.457792],[138.957239,36.457721],[138.956316,36.458409],[138.954034,36.458909],[138.953399,36.459191],[138.952763,36.4589],[138.951494,36.45956],[138.949949,36.460146],[138.949426,36.461203],[138.948627,36.461931],[138.946377,36.462204],[138.945221,36.462597],[138.944201,36.462394],[138.941041,36.462853],[138.939721,36.463393],[138.937131,36.463653],[138.936332,36.464076],[138.931241,36.468195],[138.929906,36.469989],[138.92911,36.47016],[138.929101,36.469409],[138.928151,36.468717],[138.926405,36.468105],[138.923807,36.467448],[138.922204,36.465912],[138.920968,36.465861],[138.917149,36.466331],[138.915953,36.46639],[138.914024,36.467283],[138.91282,36.468025],[138.912568,36.468654],[138.911989,36.46901],[138.911357,36.470758],[138.909351,36.471728],[138.908565,36.469778],[138.907581,36.468865],[138.905604,36.468042],[138.905053,36.467535],[138.904822,36.466655],[138.904852,36.464879],[138.904627,36.464393],[138.901759,36.464501],[138.900239,36.463997],[138.899857,36.463416],[138.899743,36.462296],[138.900425,36.460934],[138.901376,36.460039],[138.901148,36.458994],[138.901812,36.458348],[138.901924,36.457785],[138.902807,36.457655],[138.904542,36.457983],[138.907343,36.457312],[138.908521,36.456536],[138.909044,36.455696],[138.909927,36.455305],[138.910523,36.454468],[138.912438,36.453045],[138.913284,36.453127],[138.914396,36.451747],[138.916251,36.450943],[138.916976,36.450285],[138.917997,36.449899],[138.919328,36.448769],[138.920486,36.448471],[138.921879,36.448795],[138.922878,36.44856],[138.923134,36.448203],[138.92475,36.44805],[138.925366,36.447593],[138.925796,36.446366],[138.92663,36.445897],[138.927847,36.444577],[138.929346,36.442691],[138.930277,36.442553],[138.93147,36.441535],[138.932985,36.440803],[138.934456,36.43921],[138.935789,36.437071],[138.936928,36.435895],[138.937766,36.43527],[138.940354,36.434226],[138.943073,36.432563],[138.944365,36.432057],[138.946064,36.431944],[138.947084,36.431575],[138.94841,36.430452],[138.949836,36.429648],[138.949808,36.429061],[138.950404,36.428651],[138.950054,36.428027],[138.950627,36.427666],[138.950367,36.426933],[138.951832,36.426075],[138.954371,36.425042],[138.955453,36.426791],[138.956614,36.427312],[138.957459,36.426493],[138.95825,36.426951],[138.959179,36.425445],[138.959828,36.424917],[138.960138,36.423961],[138.958249,36.421965],[138.957165,36.421211],[138.958622,36.420046],[138.957391,36.419294],[138.957016,36.418832],[138.957797,36.418328],[138.958264,36.417694],[138.958312,36.416529],[138.959531,36.415115],[138.960488,36.41379],[138.961501,36.414416],[138.962135,36.413694],[138.961635,36.413296],[138.962862,36.41213],[138.963671,36.413289],[138.964404,36.414701],[138.965371,36.41477],[138.966587,36.415734],[138.965743,36.416518],[138.965405,36.417264],[138.966544,36.418347],[138.968393,36.417819],[138.969061,36.418289],[138.970087,36.417243],[138.970392,36.416177],[138.970974,36.415649],[138.971737,36.415478],[138.97191,36.415009],[138.972808,36.414675],[138.973434,36.413279],[138.974537,36.413032],[138.975261,36.412581],[138.976776,36.412534],[138.976836,36.413294],[138.976325,36.41374],[138.976658,36.414338],[138.9779,36.414974],[138.977788,36.415315],[138.978595,36.416065],[138.979682,36.414577],[138.980479,36.414361],[138.980996,36.413568],[138.981769,36.41353],[138.981068,36.415698],[138.982453,36.415624],[138.983363,36.416781],[138.981845,36.417721],[138.982137,36.41811],[138.98316,36.417586],[138.984375,36.417349],[138.985984,36.416671],[138.986982,36.417526],[138.987187,36.418532],[138.986861,36.418858],[138.988274,36.420463],[138.987572,36.420907],[138.987698,36.421906],[138.98706,36.422461],[138.987511,36.422826],[138.987243,36.423368],[138.987965,36.424034],[138.987583,36.424734],[138.985579,36.425422],[138.984474,36.424972],[138.983702,36.42543],[138.982887,36.42506],[138.983158,36.426449],[138.984212,36.425944],[138.984972,36.426255],[138.985906,36.426178],[138.986595,36.425631],[138.988095,36.42572],[138.988944,36.424911],[138.989547,36.424809],[138.990206,36.424126],[138.991756,36.423664],[138.992682,36.422726],[138.993702,36.423553],[138.994666,36.422787],[138.995643,36.422337],[138.996485,36.422316],[138.998042,36.421783],[138.998697,36.421011],[138.999004,36.419725],[139.001032,36.419339],[139.001446,36.419633],[139.002432,36.419339],[139.002395,36.419797],[139.002875,36.422866],[139.003117,36.423604],[139.002968,36.424921],[139.002129,36.424739],[139.002875,36.426616],[139.002452,36.427026]]]]}},
  {"type":"Feature","properties":{"name":"吉岡町","code":"10345"},"geometry":{"type":"MultiPolygon","coordinates":[[[[139.041217,36.451911],[139.04118,36.453922],[139.040446,36.455485],[139.039662,36.455267],[139.03942,36.455766],[139.033225,36.458212],[139.02819,36.460309],[139.026798,36.46029],[139.026609,36.458604],[139.026405,36.458518],[139.026508,36.456791],[139.027878,36.453839],[139.027959,36.453246],[139.028722,36.452287],[139.029032,36.451495],[139.028651,36.450156],[139.027147,36.450248],[139.026772,36.449695],[139.025473,36.449125],[139.025189,36.448339],[139.024388,36.448386],[139.023417,36.448908],[139.023112,36.449925],[139.022634,36.450226],[139.021021,36.449738],[139.020474,36.449814],[139.020544,36.450551],[139.019574,36.450472],[139.018636,36.450788],[139.017945,36.453059],[139.018038,36.453856],[139.016743,36.455649],[139.016445,36.457691],[139.016149,36.458815],[139.015441,36.459371],[139.015049,36.460688],[139.014722,36.460846],[139.01153,36.460418],[139.010757,36.460612],[139.009482,36.460393],[139.008997,36.459969],[139.007188,36.460631],[139.007124,36.46207],[139.007875,36.463408],[139.005781,36.463558],[139.003748,36.462816],[139.002319,36.462596],[139.001353,36.462071],[139.000142,36.461738],[138.998877,36.461126],[138.997968,36.460907],[138.996489,36.461223],[138.994436,36.46079],[138.993704,36.460852],[138.991066,36.462097],[138.988668,36.462318],[138.987462,36.462553],[138.986412,36.463064],[138.983632,36.464006],[138.98054,36.464921],[138.977666,36.465469],[138.977072,36.4661],[138.975907,36.466278],[138.975787,36.466643],[138.973718,36.467583],[138.973273,36.467515],[138.972485,36.468071],[138.970463,36.46816],[138.970291,36.468948],[138.968699,36.469689],[138.967592,36.469981],[138.966907,36.471824],[138.965963,36.472191],[138.965001,36.472896],[138.963565,36.472802],[138.962119,36.472895],[138.961393,36.473156],[138.960922,36.474038],[138.959433,36.47431],[138.958546,36.473821],[138.956841,36.474335],[138.954799,36.473303],[138.952545,36.473534],[138.951935,36.473198],[138.951457,36.472346],[138.950162,36.471049],[138.948856,36.471198],[138.944991,36.472691],[138.944045,36.472918],[138.941718,36.472825],[138.939618,36.473014],[138.937513,36.472219],[138.934842,36.47222],[138.932129,36.471751],[138.930986,36.470815],[138.92911,36.47016],[138.929906,36.469989],[138.931241,36.468195],[138.936332,36.464076],[138.937131,36.463653],[138.939721,36.463393],[138.941041,36.462853],[138.944201,36.462394],[138.945221,36.462597],[138.946377,36.462204],[138.948627,36.461931],[138.949426,36.461203],[138.949949,36.460146],[138.951494,36.45956],[138.952763,36.4589],[138.953399,36.459191],[138.954034,36.458909],[138.956316,36.458409],[138.957239,36.457721],[138.958673,36.457792],[138.960795,36.457614],[138.962527,36.456996],[138.962505,36.456603],[138.963862,36.455576],[138.964321,36.454933],[138.965047,36.45651],[138.966446,36.455756],[138.967882,36.454712],[138.967922,36.455929],[138.968214,36.456479],[138.966809,36.457712],[138.967687,36.457994],[138.969302,36.457605],[138.971006,36.457371],[138.971323,36.457896],[138.973811,36.4581],[138.974703,36.458546],[138.975065,36.458246],[138.976203,36.459032],[138.977143,36.458459],[138.977483,36.457819],[138.978285,36.457243],[138.979392,36.457278],[138.979908,36.456538],[138.981347,36.455944],[138.981651,36.455613],[138.983055,36.455454],[138.98478,36.455731],[138.985659,36.455145],[138.985653,36.453986],[138.986029,36.452866],[138.98679,36.452126],[138.987739,36.451641],[138.98845,36.452135],[138.990687,36.451963],[138.991455,36.451323],[138.992773,36.451377],[138.99264,36.450548],[138.994234,36.450373],[138.994123,36.449776],[138.992885,36.449918],[138.992643,36.448729],[138.993582,36.44836],[138.993868,36.4475],[138.992817,36.447632],[138.992327,36.446593],[138.992066,36.444672],[138.993178,36.443243],[138.993139,36.442512],[138.993679,36.440519],[138.99254,36.43902],[138.992261,36.438051],[138.992671,36.437597],[138.992817,36.436751],[138.991478,36.436352],[138.990678,36.43417],[138.990859,36.433588],[138.992434,36.432828],[138.99378,36.433053],[138.994945,36.432735],[138.995717,36.432885],[138.997506,36.432377],[138.998022,36.431828],[138.999263,36.431659],[139.001019,36.43011],[139.001902,36.429881],[139.002057,36.428375],[139.002474,36.427621],[139.002452,36.427026],[139.004463,36.427514],[139.003735,36.428548],[139.00429,36.428857],[139.004343,36.429759],[139.005108,36.429769],[139.005194,36.430368],[139.005886,36.430328],[139.006021,36.432764],[139.004083,36.432906],[139.00419,36.433709],[139.003786,36.433935],[139.003895,36.434956],[139.004901,36.43527],[139.005641,36.43484],[139.007446,36.434298],[139.008761,36.43431],[139.009448,36.433962],[139.010063,36.433203],[139.011162,36.433091],[139.012571,36.432713],[139.013424,36.431453],[139.013663,36.43069],[139.014774,36.429666],[139.016503,36.427499],[139.016814,36.426635],[139.018563,36.423771],[139.019574,36.423453],[139.019427,36.423045],[139.020547,36.422729],[139.021036,36.422288],[139.022403,36.421955],[139.022173,36.421285],[139.023354,36.420078],[139.023472,36.417184],[139.027466,36.41724],[139.02746,36.417815],[139.028649,36.418287],[139.028816,36.418962],[139.029909,36.420455],[139.030675,36.420878],[139.030499,36.422842],[139.030814,36.423604],[139.030572,36.424757],[139.03045,36.428228],[139.030299,36.428516],[139.030761,36.429561],[139.031818,36.428877],[139.032009,36.428109],[139.0325,36.428094],[139.033773,36.424971],[139.035304,36.422903],[139.035498,36.424532],[139.034513,36.426927],[139.033979,36.429322],[139.033906,36.432287],[139.036613,36.435465],[139.037486,36.436901],[139.037861,36.437836],[139.038734,36.440954],[139.038917,36.442917],[139.038746,36.44663],[139.039992,36.450226],[139.040461,36.451288],[139.041217,36.451911]]]]}},
  {"type":"Feature","properties":{"name":"上野村","code":"10366"},"geometry":{"type":"MultiPolygon","coordinates":[[[[138.645098,36.119632],[138.644215,36.119547],[138.641281,36.117667],[138.640181,36.11735],[138.640987,36.116235],[138.641498,36.11615],[138.642003,36.115393],[138.64205,36.114464],[138.642584,36.114007],[138.642793,36.113333],[138.642236,36.112242],[138.644091,36.110927],[138.645377,36.110525],[138.646408,36.109572],[138.646231,36.108413],[138.64641,36.107407],[138.647564,36.106641],[138.647549,36.105921],[138.646709,36.105031],[138.645864,36.10452],[138.644981,36.103413],[138.644973,36.102569],[138.64547,36.100595],[138.645183,36.098807],[138.643068,36.097994],[138.641381,36.097694],[138.63867,36.0962],[138.637476,36.097075],[138.636627,36.096017],[138.635868,36.095568],[138.635496,36.094778],[138.634892,36.094329],[138.635209,36.092796],[138.633625,36.09204],[138.632137,36.092017],[138.630626,36.091328],[138.630882,36.089942],[138.630657,36.088728],[138.630466,36.086058],[138.6314,36.08519],[138.632269,36.084674],[138.632667,36.083753],[138.632707,36.082808],[138.633119,36.081893],[138.633212,36.080874],[138.63294,36.080046],[138.634558,36.079814],[138.635473,36.079065],[138.637367,36.076887],[138.639186,36.075285],[138.64038,36.074775],[138.640672,36.072814],[138.64054,36.071073],[138.641017,36.070265],[138.642165,36.069643],[138.642815,36.068742],[138.643056,36.067268],[138.642751,36.066685],[138.642485,36.065341],[138.642505,36.062162],[138.64273,36.060803],[138.641795,36.059671],[138.642856,36.057598],[138.64287,36.055631],[138.642306,36.055293],[138.642373,36.053763],[138.642831,36.052683],[138.643069,36.051477],[138.643772,36.050795],[138.644171,36.04957],[138.643249,36.048987],[138.642109,36.047192],[138.641956,36.045655],[138.641319,36.044522],[138.639373,36.043278],[138.63869,36.042629],[138.638165,36.041174],[138.638357,36.0401],[138.637222,36.038008],[138.63705,36.037332],[138.635611,36.036835],[138.635271,36.034803],[138.634747,36.034127],[138.634554,36.033353],[138.633234,36.03169],[138.632224,36.029399],[138.631488,36.028279],[138.631852,36.027213],[138.632588,36.026948],[138.634671,36.027604],[138.636134,36.027699],[138.637314,36.027282],[138.63938,36.026151],[138.641893,36.025847],[138.643167,36.024833],[138.643689,36.024121],[138.644863,36.024134],[138.646223,36.021041],[138.646011,36.020027],[138.646933,36.019948],[138.648604,36.019464],[138.6502,36.018531],[138.652196,36.018564],[138.653502,36.018823],[138.65563,36.01789],[138.656804,36.016744],[138.658136,36.016499],[138.660781,36.016506],[138.661425,36.016367],[138.661432,36.015075],[138.662009,36.014254],[138.661696,36.012015],[138.662174,36.011465],[138.664024,36.011789],[138.665654,36.011422],[138.669036,36.011581],[138.669963,36.012139],[138.671508,36.012206],[138.672748,36.011901],[138.676308,36.011482],[138.678138,36.011814],[138.679749,36.011615],[138.680862,36.010666],[138.680305,36.010223],[138.679854,36.009109],[138.680477,36.007911],[138.681273,36.005844],[138.681054,36.004302],[138.681525,36.003891],[138.684863,36.002163],[138.685588,36.001448],[138.685709,36.000939],[138.686442,36.000551],[138.687167,35.999818],[138.686994,35.998658],[138.686511,35.997804],[138.687029,35.996321],[138.686987,35.995593],[138.686426,35.994903],[138.688695,35.991775],[138.689337,35.991612],[138.690803,35.990802],[138.693314,35.991216],[138.694355,35.990868],[138.695615,35.991247],[138.697323,35.991032],[138.697712,35.990084],[138.699942,35.988562],[138.701167,35.988011],[138.703721,35.9877],[138.706831,35.987033],[138.707702,35.986447],[138.709199,35.98623],[138.71255,35.985333],[138.713863,35.986032],[138.714566,35.986883],[138.714453,35.988628],[138.714664,35.989576],[138.715701,35.991597],[138.716809,35.992904],[138.719542,35.99378],[138.722158,35.993849],[138.722792,35.99446],[138.724729,35.994683],[138.726065,35.994477],[138.727761,35.995714],[138.727693,35.996502],[138.728704,35.996953],[138.729917,35.998098],[138.732168,35.998332],[138.733702,35.999585],[138.735698,36.001621],[138.735919,36.003172],[138.737371,36.004298],[138.736738,36.005345],[138.736686,36.006466],[138.737775,36.006731],[138.738643,36.007282],[138.740313,36.007932],[138.740838,36.008632],[138.742302,36.009085],[138.743148,36.010022],[138.74377,36.0101],[138.744757,36.013679],[138.747061,36.014772],[138.747465,36.01536],[138.749185,36.016722],[138.749059,36.017526],[138.748549,36.018413],[138.748724,36.019337],[138.749576,36.020111],[138.749377,36.021943],[138.750647,36.023808],[138.750655,36.025053],[138.752768,36.026391],[138.753164,36.027727],[138.753571,36.02829],[138.75285,36.029094],[138.752946,36.030503],[138.753967,36.033842],[138.754411,36.034526],[138.757435,36.034551],[138.759798,36.034853],[138.760654,36.035585],[138.761539,36.035963],[138.764385,36.036753],[138.76551,36.037637],[138.766229,36.037707],[138.767857,36.038486],[138.769141,36.038813],[138.770331,36.038263],[138.772951,36.038815],[138.774075,36.038651],[138.77496,36.03823],[138.776412,36.037145],[138.777806,36.037222],[138.780632,36.036851],[138.781179,36.035289],[138.781811,36.034292],[138.783451,36.033527],[138.784463,36.033653],[138.786324,36.033094],[138.787632,36.031836],[138.787867,36.030516],[138.788812,36.030081],[138.789793,36.029926],[138.790976,36.0294],[138.791875,36.029944],[138.79501,36.030383],[138.795871,36.03111],[138.797112,36.031018],[138.7996,36.032098],[138.800643,36.032163],[138.801681,36.032704],[138.802191,36.033402],[138.803008,36.033578],[138.804713,36.033484],[138.805822,36.034072],[138.806581,36.034072],[138.808682,36.033052],[138.809939,36.033423],[138.812045,36.033618],[138.813319,36.033453],[138.814074,36.033676],[138.815202,36.034686],[138.81568,36.035376],[138.818542,36.035747],[138.820729,36.036314],[138.821605,36.036741],[138.822761,36.036368],[138.824784,36.036839],[138.825713,36.037458],[138.827137,36.037353],[138.828489,36.037442],[138.828959,36.038703],[138.829112,36.041313],[138.82758,36.04179],[138.82593,36.043698],[138.824444,36.045937],[138.823554,36.046075],[138.822895,36.047322],[138.822159,36.048224],[138.822413,36.049015],[138.821245,36.050704],[138.820994,36.051634],[138.82014,36.052781],[138.820341,36.05453],[138.819786,36.055151],[138.817907,36.05601],[138.817432,36.056796],[138.817329,36.057821],[138.816148,36.057786],[138.814049,36.058733],[138.814247,36.060271],[138.813082,36.062277],[138.813046,36.063263],[138.812413,36.063779],[138.81224,36.06455],[138.813274,36.066363],[138.815487,36.068312],[138.816635,36.070777],[138.816761,36.071398],[138.815136,36.071808],[138.81485,36.072953],[138.816701,36.072936],[138.817767,36.073209],[138.818632,36.075389],[138.817361,36.075449],[138.818014,36.0771],[138.818154,36.078618],[138.816621,36.079686],[138.815841,36.07909],[138.814825,36.079619],[138.813887,36.079368],[138.811895,36.07934],[138.810953,36.08038],[138.808121,36.082678],[138.807409,36.082598],[138.806812,36.082936],[138.805553,36.083117],[138.803906,36.087237],[138.80242,36.088401],[138.801558,36.089424],[138.80026,36.090608],[138.801106,36.092587],[138.800373,36.094077],[138.799285,36.095301],[138.799095,36.096296],[138.799645,36.097757],[138.796797,36.098781],[138.79604,36.098819],[138.794814,36.098447],[138.793802,36.099],[138.793034,36.100343],[138.792085,36.100734],[138.791173,36.101557],[138.790361,36.101855],[138.789226,36.101351],[138.787867,36.101009],[138.785261,36.100693],[138.784248,36.100955],[138.783581,36.100408],[138.783136,36.101463],[138.783241,36.10195],[138.782528,36.102535],[138.7812,36.103097],[138.78099,36.103876],[138.781575,36.106318],[138.78123,36.107195],[138.781508,36.10799],[138.781395,36.108627],[138.780614,36.109272],[138.780861,36.110021],[138.780583,36.111191],[138.781738,36.113086],[138.781558,36.114158],[138.779645,36.116339],[138.780253,36.118078],[138.780283,36.118872],[138.779825,36.120042],[138.779863,36.12138],[138.780118,36.121883],[138.779863,36.123255],[138.77834,36.123787],[138.777414,36.124391],[138.775681,36.124691],[138.772571,36.124694],[138.771663,36.125241],[138.772241,36.12833],[138.772248,36.129597],[138.771835,36.130744],[138.771745,36.132475],[138.771441,36.132664],[138.770223,36.132287],[138.769547,36.131864],[138.768073,36.130148],[138.764893,36.128893],[138.762778,36.128898],[138.760213,36.128573],[138.759139,36.128862],[138.757066,36.129114],[138.756272,36.128459],[138.755122,36.126888],[138.753761,36.126029],[138.752804,36.125649],[138.751914,36.124942],[138.751781,36.1234],[138.750916,36.122449],[138.749473,36.122145],[138.746431,36.122266],[138.745262,36.121675],[138.743248,36.120301],[138.742835,36.119041],[138.742079,36.11885],[138.739527,36.121617],[138.738483,36.123205],[138.737867,36.123759],[138.736402,36.124219],[138.735161,36.124271],[138.733762,36.124107],[138.732844,36.124703],[138.730604,36.124985],[138.730098,36.125602],[138.728882,36.125969],[138.727195,36.125889],[138.726419,36.125436],[138.724291,36.125279],[138.723017,36.124688],[138.722833,36.125653],[138.720489,36.126115],[138.720036,36.126639],[138.719333,36.126777],[138.718013,36.125622],[138.717205,36.125596],[138.714952,36.124715],[138.714217,36.124925],[138.711707,36.124984],[138.710016,36.124423],[138.708548,36.12303],[138.70705,36.12263],[138.706459,36.122177],[138.704972,36.122493],[138.703967,36.123746],[138.70234,36.125148],[138.699278,36.125995],[138.698365,36.125975],[138.695976,36.125397],[138.694886,36.124872],[138.693792,36.12486],[138.692182,36.125392],[138.691407,36.125425],[138.690481,36.126363],[138.689223,36.126569],[138.687765,36.127908],[138.687449,36.127973],[138.685067,36.12729],[138.683175,36.126319],[138.682706,36.125377],[138.681209,36.124057],[138.676803,36.123655],[138.675282,36.122029],[138.672316,36.120154],[138.670483,36.119353],[138.669276,36.117933],[138.666209,36.117185],[138.665453,36.11729],[138.663779,36.118207],[138.662997,36.118246],[138.66129,36.117459],[138.659522,36.117511],[138.658183,36.116612],[138.657651,36.116553],[138.655739,36.117215],[138.654334,36.11709],[138.653422,36.117879],[138.652752,36.11805],[138.651405,36.117945],[138.650545,36.118102],[138.648036,36.118085],[138.646953,36.118439],[138.645098,36.119632]]]]}},
  {"type":"Feature","properties":{"name":"神流町","code":"10367"},"geometry":{"type":"MultiPolygon","coordinates":[[[[138.810054,36.141456],[138.808971,36.141448],[138.807472,36.142652],[138.806522,36.143188],[138.805756,36.143277],[138.806567,36.142007],[138.807594,36.140723],[138.805769,36.140238],[138.804998,36.139085],[138.803772,36.138354],[138.803096,36.137644],[138.80092,36.137286],[138.799692,36.137375],[138.798347,36.137093],[138.79714,36.137245],[138.794967,36.137291],[138.792898,36.136436],[138.792091,36.136602],[138.790608,36.136306],[138.789028,36.136843],[138.787415,36.138018],[138.786483,36.138453],[138.783745,36.13848],[138.782707,36.139453],[138.780541,36.139439],[138.779589,36.139018],[138.777377,36.138826],[138.775804,36.139101],[138.774977,36.138653],[138.773887,36.13986],[138.773418,36.140025],[138.772158,36.141622],[138.771496,36.142828],[138.770337,36.143793],[138.767988,36.145474],[138.767498,36.146157],[138.767373,36.147264],[138.766479,36.148232],[138.766285,36.149297],[138.765876,36.149878],[138.765779,36.150728],[138.766651,36.151358],[138.766823,36.152445],[138.766368,36.154965],[138.765998,36.155623],[138.765953,36.156593],[138.76625,36.156959],[138.76634,36.157973],[138.765863,36.159825],[138.764812,36.160407],[138.765247,36.158151],[138.765107,36.156704],[138.764838,36.15607],[138.765423,36.15376],[138.765557,36.15144],[138.765154,36.150352],[138.764039,36.148961],[138.76391,36.147909],[138.764127,36.147048],[138.76357,36.146254],[138.76423,36.143001],[138.764767,36.142691],[138.765904,36.141408],[138.767091,36.140908],[138.768577,36.139917],[138.769484,36.139516],[138.771698,36.137985],[138.772975,36.136781],[138.772747,36.136131],[138.772019,36.135523],[138.771167,36.133672],[138.771441,36.132664],[138.771745,36.132475],[138.771835,36.130744],[138.772248,36.129597],[138.772241,36.12833],[138.771663,36.125241],[138.772571,36.124694],[138.775681,36.124691],[138.777414,36.124391],[138.77834,36.123787],[138.779863,36.123255],[138.780118,36.121883],[138.779863,36.12138],[138.779825,36.120042],[138.780283,36.118872],[138.780253,36.118078],[138.779645,36.116339],[138.781558,36.114158],[138.781738,36.113086],[138.780583,36.111191],[138.780861,36.110021],[138.780614,36.109272],[138.781395,36.108627],[138.781508,36.10799],[138.78123,36.107195],[138.781575,36.106318],[138.78099,36.103876],[138.7812,36.103097],[138.782528,36.102535],[138.783241,36.10195],[138.783136,36.101463],[138.783581,36.100408],[138.784248,36.100955],[138.785261,36.100693],[138.787867,36.101009],[138.789226,36.101351],[138.790361,36.101855],[138.791173,36.101557],[138.792085,36.100734],[138.793034,36.100343],[138.793802,36.099],[138.794814,36.098447],[138.79604,36.098819],[138.796797,36.098781],[138.799645,36.097757],[138.799095,36.096296],[138.799285,36.095301],[138.800373,36.094077],[138.801106,36.092587],[138.80026,36.090608],[138.801558,36.089424],[138.80242,36.088401],[138.803906,36.087237],[138.805553,36.083117],[138.806812,36.082936],[138.807409,36.082598],[138.808121,36.082678],[138.810953,36.08038],[138.811895,36.07934],[138.813887,36.079368],[138.814825,36.079619],[138.815841,36.07909],[138.816621,36.079686],[138.818154,36.078618],[138.818014,36.0771],[138.817361,36.075449],[138.818632,36.075389],[138.817767,36.073209],[138.816701,36.072936],[138.81485,36.072953],[138.815136,36.071808],[138.816761,36.071398],[138.816635,36.070777],[138.815487,36.068312],[138.813274,36.066363],[138.81224,36.06455],[138.812413,36.063779],[138.813046,36.063263],[138.813082,36.062277],[138.814247,36.060271],[138.814049,36.058733],[138.816148,36.057786],[138.817329,36.057821],[138.817432,36.056796],[138.817907,36.05601],[138.819786,36.055151],[138.820341,36.05453],[138.82014,36.052781],[138.820994,36.051634],[138.821245,36.050704],[138.822413,36.049015],[138.822159,36.048224],[138.822895,36.047322],[138.823554,36.046075],[138.824444,36.045937],[138.82593,36.043698],[138.82758,36.04179],[138.829112,36.041313],[138.829236,36.041863],[138.830114,36.042597],[138.831115,36.043742],[138.831801,36.044781],[138.832184,36.046286],[138.832484,36.046721],[138.831966,36.047401],[138.832193,36.047729],[138.833821,36.048422],[138.834939,36.050149],[138.83595,36.049631],[138.837271,36.049761],[138.838966,36.051199],[138.839328,36.052098],[138.840908,36.054506],[138.842827,36.055818],[138.843715,36.057637],[138.8437,36.058964],[138.844143,36.059856],[138.845135,36.060877],[138.845325,36.061697],[138.844988,36.062306],[138.845367,36.06339],[138.845549,36.065071],[138.846037,36.066625],[138.847512,36.06721],[138.848583,36.06729],[138.84932,36.067704],[138.850601,36.069155],[138.850935,36.06928],[138.852592,36.069091],[138.853584,36.069132],[138.854712,36.068515],[138.857512,36.069239],[138.859177,36.069919],[138.860153,36.070792],[138.861523,36.071408],[138.861911,36.072859],[138.862272,36.073422],[138.863684,36.074511],[138.864249,36.075857],[138.864037,36.076201],[138.864333,36.077086],[138.865102,36.077476],[138.867406,36.078004],[138.868,36.078791],[138.87046,36.079299],[138.871843,36.07939],[138.87237,36.080156],[138.873422,36.080827],[138.876129,36.082036],[138.880437,36.083318],[138.882725,36.083688],[138.884852,36.083541],[138.885774,36.084081],[138.886713,36.084178],[138.889364,36.086011],[138.889773,36.086558],[138.890518,36.086773],[138.89152,36.087559],[138.892376,36.087832],[138.893502,36.087585],[138.894835,36.087519],[138.896084,36.088468],[138.897677,36.089977],[138.897859,36.090655],[138.89978,36.090878],[138.900889,36.090688],[138.902464,36.091625],[138.903692,36.091542],[138.905538,36.091836],[138.907976,36.092033],[138.909508,36.09109],[138.910381,36.090777],[138.911234,36.090884],[138.913496,36.091846],[138.913985,36.092533],[138.916314,36.093749],[138.917639,36.093038],[138.919447,36.092456],[138.920937,36.091431],[138.923216,36.090849],[138.924322,36.090899],[138.925191,36.090535],[138.925846,36.089325],[138.926752,36.089167],[138.928366,36.0892],[138.92907,36.088687],[138.931491,36.088103],[138.934359,36.090549],[138.935436,36.090863],[138.937274,36.091831],[138.938104,36.092893],[138.939247,36.093017],[138.942239,36.09407],[138.943034,36.094095],[138.944795,36.094489],[138.945234,36.094762],[138.946378,36.09656],[138.946891,36.096758],[138.948723,36.09859],[138.950141,36.099172],[138.950439,36.099594],[138.950289,36.100837],[138.950646,36.102031],[138.951533,36.103065],[138.954366,36.104623],[138.954989,36.105603],[138.956553,36.105702],[138.956719,36.10643],[138.957326,36.107293],[138.957905,36.107641],[138.957789,36.108906],[138.958029,36.109621],[138.956429,36.111445],[138.956272,36.111917],[138.956629,36.114808],[138.957283,36.118083],[138.958243,36.118901],[138.958741,36.121139],[138.958617,36.122449],[138.958261,36.123277],[138.958452,36.12409],[138.959618,36.123992],[138.959158,36.126773],[138.95891,36.127133],[138.95912,36.128147],[138.958692,36.128749],[138.95881,36.129252],[138.959623,36.13026],[138.960271,36.130646],[138.961737,36.131068],[138.963292,36.132019],[138.96318,36.133883],[138.963011,36.134332],[138.9617,36.135188],[138.960594,36.135591],[138.960954,36.136652],[138.961843,36.137113],[138.96221,36.138511],[138.961756,36.139139],[138.961862,36.140084],[138.961333,36.141899],[138.959388,36.144777],[138.958473,36.145015],[138.95523,36.14499],[138.952942,36.144878],[138.951737,36.145002],[138.949163,36.145693],[138.946782,36.147085],[138.945725,36.147577],[138.944116,36.148036],[138.942573,36.148739],[138.940199,36.149322],[138.936906,36.149493],[138.935023,36.149934],[138.934089,36.149621],[138.931423,36.149314],[138.930646,36.149513],[138.928671,36.150769],[138.927337,36.151111],[138.926187,36.150955],[138.924976,36.151233],[138.924062,36.151775],[138.922816,36.152202],[138.920833,36.152081],[138.915819,36.151944],[138.914536,36.151104],[138.914244,36.150669],[138.913097,36.149949],[138.91236,36.149862],[138.911562,36.149278],[138.910014,36.148747],[138.908262,36.14889],[138.907105,36.148557],[138.906485,36.147494],[138.905566,36.146562],[138.904709,36.145977],[138.902956,36.146604],[138.901581,36.146241],[138.898227,36.146902],[138.893218,36.144072],[138.890887,36.144064],[138.890452,36.143907],[138.889275,36.142518],[138.88847,36.14219],[138.885946,36.14275],[138.883617,36.142632],[138.881982,36.143031],[138.879309,36.142866],[138.877859,36.142094],[138.877081,36.141301],[138.875756,36.140425],[138.875442,36.140482],[138.874821,36.142057],[138.873876,36.142455],[138.872257,36.144044],[138.871908,36.144913],[138.870961,36.146168],[138.870311,36.148082],[138.867267,36.149454],[138.866601,36.149901],[138.864736,36.151655],[138.863723,36.151251],[138.861808,36.149547],[138.861538,36.149058],[138.86045,36.148133],[138.859488,36.147829],[138.858813,36.147146],[138.857944,36.147171],[138.855994,36.146707],[138.855024,36.146893],[138.850173,36.146864],[138.848815,36.146105],[138.846533,36.145505],[138.845968,36.144953],[138.84483,36.144736],[138.843134,36.143889],[138.841028,36.143734],[138.838389,36.142735],[138.837604,36.142673],[138.835571,36.142891],[138.833582,36.142643],[138.83277,36.142099],[138.831694,36.142021],[138.830377,36.142278],[138.829747,36.143027],[138.827553,36.143475],[138.826452,36.144062],[138.826001,36.144578],[138.823717,36.144524],[138.822392,36.144171],[138.82118,36.144586],[138.820021,36.144275],[138.818641,36.143638],[138.815903,36.143128],[138.814564,36.141845],[138.813035,36.141829],[138.811407,36.140819],[138.810054,36.141456]]]]}},
  {"type":"Feature","properties":{"name":"下仁田町","code":"10382"},"geometry":{"type":"MultiPolygon","coordinates":[[[[138.826687,36.157974],[138.825853,36.159855],[138.826211,36.162627],[138.826609,36.164195],[138.827678,36.164945],[138.827587,36.166036],[138.828049,36.166569],[138.827406,36.167399],[138.8267,36.169346],[138.826739,36.170235],[138.827438,36.171122],[138.829636,36.17198],[138.830648,36.172869],[138.830329,36.173486],[138.830424,36.174233],[138.830074,36.174916],[138.830405,36.17522],[138.830509,36.176282],[138.830279,36.177843],[138.831142,36.17844],[138.830352,36.179093],[138.830041,36.180675],[138.829556,36.18173],[138.828672,36.182738],[138.829203,36.183479],[138.830218,36.184252],[138.830853,36.185561],[138.830364,36.187039],[138.830243,36.188088],[138.831391,36.189798],[138.831617,36.190905],[138.832858,36.192713],[138.832629,36.193108],[138.833229,36.19461],[138.832736,36.195679],[138.833334,36.196305],[138.833242,36.199355],[138.832792,36.201531],[138.832696,36.203041],[138.832415,36.203661],[138.830286,36.205896],[138.829962,36.206628],[138.830203,36.207465],[138.83007,36.208441],[138.830213,36.209981],[138.829618,36.211437],[138.829677,36.212258],[138.831324,36.214855],[138.83179,36.216948],[138.831763,36.217523],[138.832305,36.218429],[138.832272,36.218867],[138.831248,36.219401],[138.831019,36.221005],[138.831977,36.221566],[138.833191,36.223274],[138.833185,36.224089],[138.834166,36.224303],[138.836367,36.224433],[138.83659,36.227539],[138.836834,36.228354],[138.838157,36.228568],[138.838781,36.229382],[138.839202,36.231196],[138.839106,36.232225],[138.840642,36.232742],[138.84174,36.23268],[138.841872,36.233439],[138.840808,36.235575],[138.840481,36.236867],[138.840488,36.238687],[138.838899,36.23901],[138.836961,36.238644],[138.833091,36.238052],[138.830268,36.237516],[138.827663,36.236346],[138.82654,36.236386],[138.824552,36.236943],[138.821549,36.237397],[138.81929,36.237258],[138.81831,36.236895],[138.817996,36.236212],[138.817787,36.234941],[138.815923,36.232528],[138.814263,36.232292],[138.813011,36.232322],[138.810786,36.23187],[138.808159,36.231218],[138.805855,36.230423],[138.804162,36.2296],[138.803029,36.229396],[138.801319,36.228679],[138.798722,36.227208],[138.797983,36.226384],[138.796797,36.226526],[138.795554,36.226268],[138.794373,36.226311],[138.793811,36.225965],[138.792333,36.226202],[138.791791,36.228196],[138.790839,36.228143],[138.789488,36.228715],[138.788505,36.228233],[138.785799,36.227821],[138.785148,36.227316],[138.784217,36.227013],[138.783224,36.227006],[138.782292,36.227961],[138.781882,36.229362],[138.780586,36.230902],[138.780149,36.233114],[138.779789,36.233965],[138.777623,36.234738],[138.777845,36.236024],[138.777616,36.23667],[138.778307,36.23744],[138.778211,36.238262],[138.776559,36.241456],[138.776043,36.242739],[138.774949,36.244084],[138.774287,36.244548],[138.772439,36.244979],[138.772005,36.245589],[138.770074,36.246172],[138.771182,36.247331],[138.771388,36.248761],[138.771023,36.249402],[138.770612,36.251257],[138.76995,36.251794],[138.769209,36.251976],[138.766788,36.253885],[138.766187,36.254869],[138.763958,36.255089],[138.763443,36.255477],[138.763546,36.256262],[138.763074,36.257697],[138.760346,36.259693],[138.760336,36.260806],[138.75972,36.261727],[138.7581,36.263171],[138.756927,36.263728],[138.756988,36.264404],[138.755434,36.26527],[138.753767,36.266891],[138.752734,36.267414],[138.753006,36.267826],[138.75306,36.269307],[138.752072,36.270029],[138.752923,36.271484],[138.751912,36.272328],[138.752085,36.27359],[138.753264,36.274717],[138.75323,36.275419],[138.752757,36.2763],[138.75341,36.277954],[138.753332,36.279505],[138.753786,36.280622],[138.753655,36.281528],[138.754187,36.282918],[138.753685,36.283913],[138.751124,36.285115],[138.74918,36.285367],[138.747411,36.286156],[138.746729,36.286128],[138.745861,36.286866],[138.74472,36.288628],[138.743577,36.289066],[138.743027,36.289023],[138.741637,36.289861],[138.740015,36.289966],[138.739416,36.288921],[138.737626,36.287625],[138.736799,36.287455],[138.735291,36.287727],[138.734611,36.288379],[138.73222,36.288069],[138.731376,36.288344],[138.729896,36.287366],[138.72791,36.287053],[138.727296,36.286563],[138.725692,36.286616],[138.723884,36.286987],[138.722062,36.286538],[138.721288,36.285886],[138.719836,36.285627],[138.71944,36.284714],[138.719043,36.284583],[138.716867,36.285072],[138.715954,36.284909],[138.714489,36.285493],[138.713684,36.286021],[138.712732,36.286006],[138.712376,36.28546],[138.711113,36.284671],[138.710882,36.284032],[138.709957,36.283679],[138.709603,36.283232],[138.708435,36.282658],[138.707366,36.28178],[138.707217,36.280742],[138.706211,36.28054],[138.705314,36.27987],[138.70409,36.28006],[138.70303,36.280438],[138.702253,36.279991],[138.7016,36.281242],[138.70079,36.28234],[138.699985,36.282519],[138.699295,36.283115],[138.698517,36.283115],[138.697005,36.283605],[138.695677,36.283368],[138.694953,36.283982],[138.694884,36.285298],[138.694382,36.286249],[138.694307,36.287472],[138.692771,36.287173],[138.692081,36.286393],[138.690907,36.28585],[138.690213,36.285105],[138.687221,36.28304],[138.68567,36.282306],[138.683153,36.280263],[138.681048,36.279924],[138.680398,36.281323],[138.679705,36.282196],[138.679716,36.283357],[138.678367,36.283628],[138.678077,36.284952],[138.677653,36.285725],[138.676767,36.285794],[138.675957,36.286714],[138.675996,36.287355],[138.674842,36.287763],[138.674376,36.288265],[138.673059,36.288211],[138.672433,36.287819],[138.671058,36.287856],[138.66986,36.285682],[138.668842,36.284525],[138.667548,36.283529],[138.666067,36.282865],[138.665589,36.282958],[138.664984,36.284219],[138.663527,36.284599],[138.662031,36.284682],[138.660507,36.285051],[138.658491,36.286505],[138.65723,36.286897],[138.657676,36.290106],[138.656836,36.290429],[138.655705,36.291271],[138.654713,36.292347],[138.65493,36.294836],[138.654335,36.295635],[138.655875,36.296886],[138.655707,36.297921],[138.656457,36.298751],[138.657783,36.299652],[138.658404,36.30032],[138.657458,36.301602],[138.656035,36.302223],[138.655532,36.302692],[138.653452,36.303044],[138.651938,36.302505],[138.650123,36.30148],[138.650018,36.300733],[138.651222,36.299097],[138.649998,36.298533],[138.648074,36.298453],[138.647028,36.297648],[138.646409,36.297577],[138.646132,36.296715],[138.645494,36.29591],[138.645456,36.295268],[138.644886,36.294537],[138.644907,36.293533],[138.644373,36.293204],[138.643662,36.29371],[138.642617,36.293587],[138.641723,36.292871],[138.640767,36.292769],[138.639999,36.293574],[138.638848,36.293553],[138.638278,36.293281],[138.637435,36.293427],[138.636862,36.292797],[138.636151,36.29254],[138.6358,36.291992],[138.634281,36.29175],[138.633959,36.291254],[138.632932,36.29084],[138.631899,36.289132],[138.630583,36.288456],[138.628936,36.288362],[138.626836,36.288777],[138.626092,36.288142],[138.624551,36.288153],[138.623518,36.287519],[138.620925,36.286561],[138.619629,36.286831],[138.619297,36.286617],[138.616934,36.286226],[138.616338,36.28591],[138.615547,36.286113],[138.614778,36.285598],[138.612509,36.285655],[138.612306,36.285393],[138.612374,36.283839],[138.611457,36.283374],[138.611165,36.28208],[138.610041,36.281787],[138.608836,36.280824],[138.607597,36.280135],[138.607179,36.279596],[138.605459,36.279363],[138.604822,36.279051],[138.602551,36.278814],[138.600336,36.2784],[138.601364,36.276845],[138.60356,36.274947],[138.603491,36.27407],[138.603079,36.273295],[138.603394,36.272606],[138.604553,36.271774],[138.604008,36.270987],[138.603813,36.269549],[138.605035,36.267795],[138.605952,36.266795],[138.605642,36.266036],[138.604977,36.265334],[138.604077,36.263942],[138.603733,36.26283],[138.604358,36.261514],[138.604307,36.259931],[138.604875,36.259359],[138.604972,36.258606],[138.604771,36.257461],[138.605012,36.256791],[138.604616,36.255674],[138.604754,36.254129],[138.604118,36.253547],[138.603064,36.251782],[138.603047,36.250603],[138.602178,36.2495],[138.60248,36.248247],[138.603356,36.247642],[138.607306,36.246277],[138.607664,36.244757],[138.610239,36.244043],[138.611319,36.242731],[138.611299,36.242041],[138.612497,36.240918],[138.612523,36.239635],[138.612093,36.237905],[138.612169,36.232088],[138.612048,36.230818],[138.61171,36.22987],[138.61187,36.229391],[138.614518,36.228068],[138.614633,36.226434],[138.614984,36.225513],[138.614581,36.224677],[138.614735,36.224224],[138.615769,36.223119],[138.617527,36.221785],[138.617875,36.219366],[138.619404,36.218157],[138.620411,36.216914],[138.620868,36.216776],[138.621133,36.215812],[138.622245,36.214586],[138.623175,36.214431],[138.625105,36.214964],[138.626481,36.215826],[138.627681,36.21608],[138.628817,36.21581],[138.630001,36.216633],[138.631442,36.217303],[138.63321,36.216089],[138.633663,36.214354],[138.634661,36.213675],[138.634586,36.21273],[138.635027,36.211805],[138.634443,36.208713],[138.634885,36.207839],[138.636047,36.206676],[138.635721,36.20616],[138.636707,36.20427],[138.638609,36.203243],[138.639053,36.202558],[138.640483,36.200987],[138.640149,36.200302],[138.640325,36.199807],[138.64102,36.199649],[138.642009,36.198718],[138.643257,36.198621],[138.643972,36.198929],[138.646126,36.198828],[138.647715,36.199465],[138.649273,36.199525],[138.650188,36.200298],[138.651809,36.201322],[138.653548,36.202201],[138.655342,36.201322],[138.656272,36.201051],[138.658188,36.202114],[138.65943,36.202423],[138.660874,36.202456],[138.662074,36.202065],[138.662712,36.200826],[138.66401,36.199917],[138.664269,36.198995],[138.664933,36.198613],[138.666083,36.198881],[138.666967,36.198473],[138.668514,36.198433],[138.669739,36.197216],[138.67143,36.197298],[138.672162,36.198596],[138.673665,36.199773],[138.674934,36.199712],[138.677838,36.198542],[138.679618,36.197075],[138.681318,36.196459],[138.682399,36.196723],[138.683098,36.197197],[138.683557,36.19906],[138.684528,36.19933],[138.685185,36.19989],[138.685622,36.201134],[138.686409,36.201815],[138.68873,36.202227],[138.690339,36.203098],[138.69002,36.204597],[138.690179,36.205509],[138.688893,36.207181],[138.689048,36.207729],[138.688946,36.209192],[138.690378,36.209764],[138.690682,36.210425],[138.692579,36.210909],[138.693622,36.210614],[138.69381,36.211092],[138.69517,36.212261],[138.696702,36.211972],[138.6973,36.21158],[138.698163,36.21189],[138.699554,36.21118],[138.700607,36.211958],[138.70227,36.212669],[138.702652,36.213253],[138.70392,36.213582],[138.706021,36.2128],[138.706301,36.212911],[138.707618,36.214524],[138.708415,36.214461],[138.708802,36.213139],[138.710137,36.212479],[138.710818,36.211934],[138.714019,36.211325],[138.71734,36.210991],[138.718055,36.211344],[138.721024,36.20916],[138.722038,36.208832],[138.72263,36.207211],[138.724547,36.206564],[138.725563,36.205557],[138.725857,36.204852],[138.726971,36.204899],[138.728753,36.203938],[138.730101,36.203885],[138.730799,36.203594],[138.7322,36.202585],[138.733439,36.202497],[138.73559,36.201422],[138.73657,36.201113],[138.737334,36.199738],[138.737334,36.199357],[138.736077,36.198842],[138.736295,36.198017],[138.735889,36.196613],[138.735585,36.194858],[138.736464,36.193089],[138.737255,36.191955],[138.738134,36.191694],[138.740057,36.192616],[138.742933,36.193158],[138.744375,36.194483],[138.74621,36.194922],[138.748107,36.194765],[138.74911,36.194884],[138.750229,36.193701],[138.75182,36.19276],[138.751871,36.192424],[138.750649,36.190671],[138.752614,36.189522],[138.75388,36.189003],[138.755445,36.189035],[138.75631,36.189228],[138.758082,36.190118],[138.759983,36.190463],[138.762286,36.190321],[138.761829,36.188465],[138.761249,36.18783],[138.759935,36.186893],[138.760078,36.186267],[138.760751,36.185519],[138.760668,36.184953],[138.759881,36.184088],[138.759793,36.182153],[138.759484,36.18161],[138.759612,36.180866],[138.758728,36.179799],[138.75899,36.178434],[138.759673,36.175908],[138.760311,36.175183],[138.762066,36.174741],[138.763616,36.173854],[138.763891,36.172736],[138.764813,36.171236],[138.76517,36.169821],[138.76553,36.169367],[138.765757,36.167706],[138.765613,36.166851],[138.764911,36.165561],[138.764849,36.164716],[138.76408,36.16451],[138.76333,36.163841],[138.76221,36.163351],[138.762277,36.162402],[138.764812,36.160407],[138.765863,36.159825],[138.76634,36.157973],[138.76625,36.156959],[138.765953,36.156593],[138.765998,36.155623],[138.766368,36.154965],[138.766823,36.152445],[138.766651,36.151358],[138.765779,36.150728],[138.765876,36.149878],[138.766285,36.149297],[138.766479,36.148232],[138.767373,36.147264],[138.767498,36.146157],[138.767988,36.145474],[138.770337,36.143793],[138.771496,36.142828],[138.772158,36.141622],[138.773418,36.140025],[138.773887,36.13986],[138.774977,36.138653],[138.775804,36.139101],[138.777377,36.138826],[138.779589,36.139018],[138.780541,36.139439],[138.782707,36.139453],[138.783745,36.13848],[138.786483,36.138453],[138.787415,36.138018],[138.789028,36.136843],[138.790608,36.136306],[138.792091,36.136602],[138.792898,36.136436],[138.794967,36.137291],[138.79714,36.137245],[138.798347,36.137093],[138.799692,36.137375],[138.80092,36.137286],[138.803096,36.137644],[138.803772,36.138354],[138.804998,36.139085],[138.805769,36.140238],[138.807594,36.140723],[138.806567,36.142007],[138.805756,36.143277],[138.806522,36.143188],[138.807472,36.142652],[138.808971,36.141448],[138.810054,36.141456],[138.812012,36.142811],[138.812925,36.144149],[138.813422,36.145806],[138.813652,36.147106],[138.815624,36.148041],[138.816492,36.149679],[138.818005,36.149313],[138.81856,36.150084],[138.820001,36.150606],[138.821097,36.150533],[138.821792,36.151393],[138.822787,36.152241],[138.823622,36.15242],[138.823514,36.153101],[138.824812,36.154012],[138.825526,36.156045],[138.826687,36.157974]]]]}},
  {"type":"Feature","properties":{"name":"南牧村","code":"10383"},"geometry":{"type":"MultiPolygon","coordinates":[[[[138.771441,36.132664],[138.771167,36.133672],[138.772019,36.135523],[138.772747,36.136131],[138.772975,36.136781],[138.771698,36.137985],[138.769484,36.139516],[138.768577,36.139917],[138.767091,36.140908],[138.765904,36.141408],[138.764767,36.142691],[138.76423,36.143001],[138.76357,36.146254],[138.764127,36.147048],[138.76391,36.147909],[138.764039,36.148961],[138.765154,36.150352],[138.765557,36.15144],[138.765423,36.15376],[138.764838,36.15607],[138.765107,36.156704],[138.765247,36.158151],[138.764812,36.160407],[138.762277,36.162402],[138.76221,36.163351],[138.76333,36.163841],[138.76408,36.16451],[138.764849,36.164716],[138.764911,36.165561],[138.765613,36.166851],[138.765757,36.167706],[138.76553,36.169367],[138.76517,36.169821],[138.764813,36.171236],[138.763891,36.172736],[138.763616,36.173854],[138.762066,36.174741],[138.760311,36.175183],[138.759673,36.175908],[138.75899,36.178434],[138.758728,36.179799],[138.759612,36.180866],[138.759484,36.18161],[138.759793,36.182153],[138.759881,36.184088],[138.760668,36.184953],[138.760751,36.185519],[138.760078,36.186267],[138.759935,36.186893],[138.761249,36.18783],[138.761829,36.188465],[138.762286,36.190321],[138.759983,36.190463],[138.758082,36.190118],[138.75631,36.189228],[138.755445,36.189035],[138.75388,36.189003],[138.752614,36.189522],[138.750649,36.190671],[138.751871,36.192424],[138.75182,36.19276],[138.750229,36.193701],[138.74911,36.194884],[138.748107,36.194765],[138.74621,36.194922],[138.744375,36.194483],[138.742933,36.193158],[138.740057,36.192616],[138.738134,36.191694],[138.737255,36.191955],[138.736464,36.193089],[138.735585,36.194858],[138.735889,36.196613],[138.736295,36.198017],[138.736077,36.198842],[138.737334,36.199357],[138.737334,36.199738],[138.73657,36.201113],[138.73559,36.201422],[138.733439,36.202497],[138.7322,36.202585],[138.730799,36.203594],[138.730101,36.203885],[138.728753,36.203938],[138.726971,36.204899],[138.725857,36.204852],[138.725563,36.205557],[138.724547,36.206564],[138.72263,36.207211],[138.722038,36.208832],[138.721024,36.20916],[138.718055,36.211344],[138.71734,36.210991],[138.714019,36.211325],[138.710818,36.211934],[138.710137,36.212479],[138.708802,36.213139],[138.708415,36.214461],[138.707618,36.214524],[138.706301,36.212911],[138.706021,36.2128],[138.70392,36.213582],[138.702652,36.213253],[138.70227,36.212669],[138.700607,36.211958],[138.699554,36.21118],[138.698163,36.21189],[138.6973,36.21158],[138.696702,36.211972],[138.69517,36.212261],[138.69381,36.211092],[138.693622,36.210614],[138.692579,36.210909],[138.690682,36.210425],[138.690378,36.209764],[138.688946,36.209192],[138.689048,36.207729],[138.688893,36.207181],[138.690179,36.205509],[138.69002,36.204597],[138.690339,36.203098],[138.68873,36.202227],[138.686409,36.201815],[138.685622,36.201134],[138.685185,36.19989],[138.684528,36.19933],[138.683557,36.19906],[138.683098,36.197197],[138.682399,36.196723],[138.681318,36.196459],[138.679618,36.197075],[138.677838,36.198542],[138.674934,36.199712],[138.673665,36.199773],[138.672162,36.198596],[138.67143,36.197298],[138.669739,36.197216],[138.668514,36.198433],[138.666967,36.198473],[138.666083,36.198881],[138.664933,36.198613],[138.664269,36.198995],[138.66401,36.199917],[138.662712,36.200826],[138.662074,36.202065],[138.660874,36.202456],[138.65943,36.202423],[138.658188,36.202114],[138.656272,36.201051],[138.655342,36.201322],[138.653548,36.202201],[138.651809,36.201322],[138.650188,36.200298],[138.649273,36.199525],[138.647715,36.199465],[138.646126,36.198828],[138.643972,36.198929],[138.643257,36.198621],[138.642009,36.198718],[138.64102,36.199649],[138.640325,36.199807],[138.640149,36.200302],[138.640483,36.200987],[138.639053,36.202558],[138.638609,36.203243],[138.636707,36.20427],[138.634803,36.205597],[138.632211,36.203835],[138.631531,36.203926],[138.630298,36.203433],[138.629332,36.202738],[138.629096,36.201874],[138.628166,36.201389],[138.627083,36.201133],[138.624008,36.198374],[138.623374,36.197367],[138.622797,36.196928],[138.62331,36.196161],[138.624193,36.194169],[138.625971,36.192891],[138.627265,36.191422],[138.627337,36.190485],[138.627858,36.188829],[138.628642,36.187173],[138.629474,36.186321],[138.629852,36.184908],[138.629419,36.183466],[138.631062,36.182673],[138.631515,36.181565],[138.632614,36.180297],[138.634284,36.179137],[138.634733,36.178422],[138.635534,36.177768],[138.635984,36.176923],[138.636115,36.175715],[138.637105,36.174885],[138.636347,36.173126],[138.636343,36.172067],[138.635901,36.170933],[138.634788,36.171163],[138.63429,36.171676],[138.632544,36.172348],[138.631679,36.172341],[138.630908,36.172782],[138.630367,36.172349],[138.629411,36.172145],[138.627757,36.171216],[138.626269,36.171203],[138.6248,36.170637],[138.623746,36.170812],[138.62247,36.170371],[138.62186,36.171222],[138.621441,36.17123],[138.618772,36.170399],[138.617267,36.169347],[138.615942,36.169055],[138.613529,36.168838],[138.612787,36.168564],[138.611417,36.167434],[138.60994,36.165957],[138.608478,36.165415],[138.608753,36.16475],[138.608573,36.163651],[138.609544,36.161412],[138.608341,36.161749],[138.607805,36.161651],[138.606157,36.162911],[138.60581,36.163492],[138.604839,36.164198],[138.602017,36.1648],[138.598833,36.165688],[138.597274,36.165487],[138.59675,36.165895],[138.594566,36.165606],[138.593504,36.16672],[138.592729,36.16694],[138.591735,36.167991],[138.591424,36.168776],[138.590152,36.169283],[138.589033,36.170543],[138.588342,36.172512],[138.588209,36.173652],[138.58883,36.174778],[138.588776,36.175247],[138.589627,36.176787],[138.590652,36.177705],[138.589313,36.179002],[138.588012,36.178864],[138.587889,36.177732],[138.587338,36.176887],[138.585849,36.177115],[138.584047,36.177201],[138.583714,36.177448],[138.58356,36.178672],[138.582976,36.178666],[138.58133,36.177439],[138.581594,36.176061],[138.580583,36.175742],[138.58063,36.174477],[138.579896,36.173326],[138.579335,36.171309],[138.579362,36.170488],[138.578413,36.169603],[138.577275,36.168073],[138.57892,36.167512],[138.579626,36.16666],[138.580193,36.166506],[138.580175,36.165825],[138.58082,36.164763],[138.580068,36.163727],[138.580267,36.162399],[138.580991,36.16177],[138.582508,36.161538],[138.583255,36.160648],[138.583937,36.160349],[138.585882,36.16088],[138.587076,36.160996],[138.587685,36.160618],[138.58768,36.1592],[138.589755,36.157558],[138.590622,36.155755],[138.59076,36.154663],[138.592688,36.15362],[138.593301,36.15307],[138.593126,36.15096],[138.593301,36.149912],[138.593919,36.14912],[138.594799,36.148513],[138.595076,36.147264],[138.595447,36.14665],[138.595301,36.144887],[138.594303,36.144255],[138.59498,36.143083],[138.595718,36.142285],[138.595723,36.141246],[138.597329,36.13943],[138.598012,36.138143],[138.599151,36.137557],[138.600296,36.136343],[138.600662,36.135626],[138.601395,36.135553],[138.603563,36.136082],[138.60528,36.136294],[138.606264,36.136262],[138.608432,36.135798],[138.610113,36.135085],[138.612217,36.133423],[138.613738,36.134278],[138.614927,36.134201],[138.616343,36.133159],[138.620172,36.13403],[138.620955,36.133818],[138.621528,36.132487],[138.622161,36.131955],[138.62468,36.131886],[138.626258,36.132771],[138.627374,36.132717],[138.628351,36.133119],[138.630017,36.133352],[138.63128,36.132608],[138.632309,36.133204],[138.634092,36.13397],[138.634618,36.133723],[138.636512,36.131107],[138.636675,36.129775],[138.637636,36.127547],[138.637365,36.127052],[138.637411,36.125945],[138.637713,36.125348],[138.637336,36.124344],[138.637933,36.1235],[138.638615,36.123848],[138.6398,36.123585],[138.63994,36.122757],[138.640614,36.122648],[138.641211,36.122029],[138.640932,36.121534],[138.642791,36.121472],[138.643078,36.121286],[138.644703,36.121234],[138.645377,36.120197],[138.645098,36.119632],[138.646953,36.118439],[138.648036,36.118085],[138.650545,36.118102],[138.651405,36.117945],[138.652752,36.11805],[138.653422,36.117879],[138.654334,36.11709],[138.655739,36.117215],[138.657651,36.116553],[138.658183,36.116612],[138.659522,36.117511],[138.66129,36.117459],[138.662997,36.118246],[138.663779,36.118207],[138.665453,36.11729],[138.666209,36.117185],[138.669276,36.117933],[138.670483,36.119353],[138.672316,36.120154],[138.675282,36.122029],[138.676803,36.123655],[138.681209,36.124057],[138.682706,36.125377],[138.683175,36.126319],[138.685067,36.12729],[138.687449,36.127973],[138.687765,36.127908],[138.689223,36.126569],[138.690481,36.126363],[138.691407,36.125425],[138.692182,36.125392],[138.693792,36.12486],[138.694886,36.124872],[138.695976,36.125397],[138.698365,36.125975],[138.699278,36.125995],[138.70234,36.125148],[138.703967,36.123746],[138.704972,36.122493],[138.706459,36.122177],[138.70705,36.12263],[138.708548,36.12303],[138.710016,36.124423],[138.711707,36.124984],[138.714217,36.124925],[138.714952,36.124715],[138.717205,36.125596],[138.718013,36.125622],[138.719333,36.126777],[138.720036,36.126639],[138.720489,36.126115],[138.722833,36.125653],[138.723017,36.124688],[138.724291,36.125279],[138.726419,36.125436],[138.727195,36.125889],[138.728882,36.125969],[138.730098,36.125602],[138.730604,36.124985],[138.732844,36.124703],[138.733762,36.124107],[138.735161,36.124271],[138.736402,36.124219],[138.737867,36.123759],[138.738483,36.123205],[138.739527,36.121617],[138.742079,36.11885],[138.742835,36.119041],[138.743248,36.120301],[138.745262,36.121675],[138.746431,36.122266],[138.749473,36.122145],[138.750916,36.122449],[138.751781,36.1234],[138.751914,36.124942],[138.752804,36.125649],[138.753761,36.126029],[138.755122,36.126888],[138.756272,36.128459],[138.757066,36.129114],[138.759139,36.128862],[138.760213,36.128573],[138.762778,36.128898],[138.764893,36.128893],[138.768073,36.130148],[138.769547,36.131864],[138.770223,36.132287],[138.771441,36.132664]]]]}},
  {"type":"Feature","properties":{"name":"甘楽町","code":"10384"},"geometry":{"type":"MultiPolygon","coordinates":[[[[138.944136,36.267954],[138.943287,36.267639],[138.942307,36.26693],[138.941452,36.266666],[138.937715,36.266474],[138.935436,36.266093],[138.934396,36.265788],[138.933637,36.265294],[138.932133,36.263068],[138.931982,36.261805],[138.931687,36.261251],[138.930988,36.260851],[138.92815,36.260334],[138.92576,36.260418],[138.921968,36.260033],[138.921803,36.25866],[138.920553,36.25643],[138.920748,36.255241],[138.921085,36.254644],[138.920545,36.254054],[138.920588,36.251997],[138.919209,36.250716],[138.918799,36.249884],[138.918881,36.248807],[138.918553,36.248165],[138.9194,36.24751],[138.918778,36.246291],[138.918464,36.245118],[138.917638,36.245465],[138.916729,36.244469],[138.916309,36.243644],[138.915605,36.243276],[138.913378,36.243296],[138.911995,36.242099],[138.911373,36.242379],[138.909515,36.241513],[138.908705,36.243898],[138.908322,36.246215],[138.90835,36.247509],[138.906234,36.246549],[138.906353,36.246036],[138.907206,36.246031],[138.907729,36.245589],[138.905771,36.244973],[138.906436,36.243496],[138.905156,36.242775],[138.905906,36.242361],[138.905413,36.241493],[138.904174,36.241155],[138.903725,36.240538],[138.905265,36.239959],[138.904821,36.2392],[138.905117,36.238286],[138.904846,36.23794],[138.903785,36.237852],[138.903098,36.235991],[138.902974,36.232815],[138.902515,36.230727],[138.902124,36.230433],[138.901576,36.228212],[138.900851,36.227058],[138.900678,36.22634],[138.899538,36.225823],[138.898828,36.226271],[138.897651,36.225471],[138.897118,36.225649],[138.896186,36.225393],[138.894762,36.22591],[138.89376,36.225555],[138.892759,36.226231],[138.891844,36.225373],[138.890477,36.225747],[138.890024,36.225476],[138.888921,36.226087],[138.887255,36.226181],[138.886052,36.225161],[138.884523,36.224777],[138.883958,36.224938],[138.881182,36.224942],[138.881024,36.224134],[138.881379,36.223503],[138.880309,36.222248],[138.879564,36.221903],[138.878358,36.220534],[138.878339,36.220037],[138.877607,36.218954],[138.877009,36.217463],[138.877346,36.216326],[138.878712,36.215089],[138.879647,36.214656],[138.880402,36.213868],[138.880013,36.212386],[138.8786,36.210892],[138.877855,36.208252],[138.87776,36.206371],[138.878779,36.205398],[138.877155,36.203551],[138.875924,36.202687],[138.87508,36.202667],[138.872265,36.203332],[138.869451,36.203534],[138.868603,36.204318],[138.866732,36.204555],[138.86547,36.204343],[138.86457,36.20387],[138.863652,36.203815],[138.862621,36.203135],[138.861227,36.202786],[138.85931,36.203368],[138.858549,36.20318],[138.858295,36.202229],[138.857512,36.201098],[138.857497,36.199773],[138.85817,36.198871],[138.857799,36.198026],[138.855666,36.197254],[138.852592,36.196338],[138.850641,36.195377],[138.849634,36.193437],[138.84961,36.192668],[138.850162,36.191847],[138.849252,36.190134],[138.849292,36.188739],[138.848543,36.187576],[138.846631,36.186339],[138.845741,36.186015],[138.845214,36.185267],[138.845221,36.184421],[138.844294,36.183961],[138.843145,36.184174],[138.842253,36.183971],[138.840101,36.182199],[138.839776,36.181099],[138.838476,36.179733],[138.837722,36.179512],[138.835332,36.179153],[138.835015,36.178935],[138.832882,36.17857],[138.831142,36.17844],[138.830279,36.177843],[138.830509,36.176282],[138.830405,36.17522],[138.830074,36.174916],[138.830424,36.174233],[138.830329,36.173486],[138.830648,36.172869],[138.829636,36.17198],[138.827438,36.171122],[138.826739,36.170235],[138.8267,36.169346],[138.827406,36.167399],[138.828049,36.166569],[138.827587,36.166036],[138.827678,36.164945],[138.826609,36.164195],[138.826211,36.162627],[138.825853,36.159855],[138.826687,36.157974],[138.829573,36.158301],[138.830231,36.158466],[138.834141,36.158758],[138.835185,36.159258],[138.837561,36.159023],[138.838455,36.159686],[138.839809,36.159965],[138.841296,36.159841],[138.842958,36.160386],[138.844126,36.160086],[138.844767,36.160279],[138.845984,36.161773],[138.847295,36.162885],[138.848508,36.162832],[138.849934,36.164139],[138.851828,36.164758],[138.854229,36.16475],[138.855848,36.165335],[138.857715,36.165675],[138.858729,36.166153],[138.861146,36.168488],[138.862874,36.168866],[138.864112,36.168577],[138.865369,36.168559],[138.8671,36.16928],[138.868894,36.16966],[138.870183,36.170137],[138.872152,36.169751],[138.873203,36.169377],[138.875736,36.169509],[138.877151,36.16838],[138.878513,36.168077],[138.880314,36.168446],[138.881239,36.169062],[138.882884,36.168924],[138.884456,36.168379],[138.886552,36.169937],[138.887831,36.170374],[138.889305,36.172151],[138.889654,36.172979],[138.890657,36.174462],[138.892364,36.175141],[138.894035,36.17552],[138.895639,36.176441],[138.896396,36.176701],[138.897477,36.177786],[138.898546,36.178046],[138.899158,36.179211],[138.901505,36.180418],[138.902344,36.180986],[138.90282,36.1834],[138.904372,36.186842],[138.905211,36.187661],[138.90729,36.18859],[138.907735,36.189231],[138.909283,36.190153],[138.91019,36.190929],[138.911489,36.192726],[138.913304,36.193316],[138.914477,36.193109],[138.917997,36.193098],[138.921639,36.194294],[138.922999,36.195181],[138.923793,36.195144],[138.924733,36.194368],[138.92689,36.194498],[138.92728,36.195616],[138.928802,36.19671],[138.929248,36.197446],[138.930904,36.197602],[138.935867,36.198683],[138.936881,36.199028],[138.939016,36.19823],[138.939956,36.198282],[138.940963,36.197906],[138.942848,36.198136],[138.942923,36.199261],[138.943016,36.20003],[138.943944,36.20098],[138.945619,36.204157],[138.945204,36.205707],[138.945671,36.206263],[138.946102,36.207339],[138.946558,36.207867],[138.946414,36.208747],[138.9468,36.209986],[138.948036,36.210704],[138.948299,36.211886],[138.949387,36.213044],[138.949788,36.213973],[138.950609,36.214893],[138.952524,36.215751],[138.952988,36.216449],[138.953018,36.218286],[138.954907,36.218851],[138.955368,36.219249],[138.959437,36.220267],[138.961817,36.220638],[138.963043,36.221225],[138.96347,36.223507],[138.962153,36.22499],[138.962086,36.226489],[138.959888,36.227436],[138.959015,36.227666],[138.958272,36.229094],[138.958729,36.22993],[138.959037,36.231502],[138.95864,36.231917],[138.958841,36.232883],[138.959909,36.232783],[138.960685,36.233221],[138.960611,36.23406],[138.959241,36.235894],[138.956787,36.237176],[138.956123,36.238323],[138.956112,36.239589],[138.95649,36.24055],[138.956453,36.241291],[138.955956,36.242601],[138.955525,36.244459],[138.954374,36.246153],[138.953472,36.246884],[138.953104,36.249115],[138.953542,36.251317],[138.955583,36.251662],[138.957161,36.252483],[138.958099,36.25398],[138.958379,36.255154],[138.957259,36.255234],[138.957323,36.256167],[138.957983,36.256307],[138.957843,36.256981],[138.957143,36.256851],[138.957268,36.257784],[138.956848,36.258418],[138.955678,36.258968],[138.954771,36.259795],[138.954306,36.259331],[138.952299,36.258713],[138.951849,36.257435],[138.952224,36.256587],[138.951294,36.256592],[138.951108,36.258013],[138.951203,36.26047],[138.951453,36.261781],[138.952518,36.262875],[138.951309,36.263288],[138.949071,36.263458],[138.947746,36.263982],[138.946895,36.265095],[138.947165,36.266673],[138.946509,36.267866],[138.945574,36.268201],[138.944136,36.267954]]]]}},
  {"type":"Feature","properties":{"name":"中之条町","code":"10421"},"geometry":{"type":"MultiPolygon","coordinates":[[[[138.920698,36.58623],[138.920421,36.586843],[138.919258,36.587883],[138.918343,36.589048],[138.917883,36.590681],[138.917291,36.591384],[138.914493,36.593347],[138.914006,36.594647],[138.913069,36.595444],[138.912583,36.596645],[138.911886,36.59747],[138.911731,36.598467],[138.910668,36.599795],[138.909887,36.601105],[138.908716,36.601569],[138.906668,36.603608],[138.906467,36.6042],[138.905559,36.605561],[138.904157,36.606069],[138.903127,36.606755],[138.902583,36.607426],[138.901351,36.608445],[138.900471,36.608581],[138.899422,36.608436],[138.898867,36.608948],[138.898101,36.60902],[138.897757,36.608348],[138.897067,36.608098],[138.896367,36.608641],[138.896305,36.609689],[138.895209,36.610248],[138.894893,36.611215],[138.892877,36.612216],[138.892608,36.613631],[138.893077,36.614559],[138.893725,36.615089],[138.892572,36.616518],[138.891862,36.617003],[138.891569,36.617984],[138.89211,36.618747],[138.893028,36.619112],[138.893706,36.620273],[138.892541,36.622705],[138.891849,36.625233],[138.891034,36.626073],[138.891148,36.626986],[138.890364,36.628156],[138.890548,36.630711],[138.890092,36.632135],[138.889532,36.633288],[138.889723,36.636048],[138.888932,36.636846],[138.888993,36.637513],[138.888341,36.638709],[138.888031,36.640045],[138.888146,36.641505],[138.888608,36.642263],[138.888289,36.642822],[138.888946,36.643906],[138.889656,36.644277],[138.889754,36.644876],[138.888703,36.646634],[138.888755,36.647861],[138.889124,36.649171],[138.888353,36.650353],[138.89051,36.652208],[138.890701,36.652957],[138.89234,36.654359],[138.892844,36.655518],[138.892953,36.656914],[138.893203,36.657144],[138.89228,36.657717],[138.891269,36.657757],[138.888921,36.658876],[138.888584,36.659477],[138.88734,36.659566],[138.886011,36.660101],[138.885397,36.659896],[138.884198,36.661032],[138.882712,36.661483],[138.88166,36.661058],[138.87961,36.661864],[138.877192,36.662111],[138.876307,36.661894],[138.874221,36.662906],[138.874101,36.663331],[138.874848,36.664422],[138.874139,36.665435],[138.873874,36.667135],[138.873516,36.667383],[138.870662,36.668017],[138.869351,36.667703],[138.868389,36.666853],[138.86673,36.666832],[138.865872,36.66663],[138.863609,36.666515],[138.862131,36.665881],[138.860368,36.664822],[138.859168,36.664655],[138.857829,36.664808],[138.85603,36.66524],[138.854909,36.664906],[138.854303,36.664968],[138.852712,36.665644],[138.851131,36.665233],[138.850085,36.665826],[138.849625,36.665575],[138.848272,36.66554],[138.84733,36.66508],[138.845309,36.664672],[138.844486,36.66486],[138.843643,36.66447],[138.842541,36.664373],[138.841104,36.663801],[138.839996,36.663613],[138.839341,36.663787],[138.83858,36.663028],[138.838002,36.662965],[138.836463,36.663418],[138.835082,36.662797],[138.833464,36.663627],[138.830635,36.663613],[138.83,36.663711],[138.829044,36.664317],[138.828145,36.664401],[138.826724,36.664206],[138.825713,36.664951],[138.824192,36.665188],[138.823035,36.664603],[138.820744,36.664731],[138.820478,36.666612],[138.821952,36.667796],[138.822126,36.668786],[138.822949,36.669594],[138.822807,36.670606],[138.823105,36.671196],[138.823186,36.673224],[138.822004,36.674267],[138.822049,36.675347],[138.821612,36.676976],[138.82135,36.677347],[138.821575,36.6783],[138.820671,36.680363],[138.820569,36.68143],[138.821493,36.683025],[138.822336,36.683631],[138.822622,36.684711],[138.821885,36.68577],[138.821746,36.686665],[138.822442,36.688678],[138.822577,36.689637],[138.822409,36.691026],[138.823701,36.693322],[138.8238,36.695334],[138.824168,36.69623],[138.82585,36.696558],[138.825452,36.697613],[138.825289,36.698763],[138.824299,36.700628],[138.824748,36.702359],[138.824336,36.702983],[138.823655,36.704641],[138.823034,36.705213],[138.822646,36.706056],[138.820776,36.707733],[138.818906,36.708094],[138.818093,36.70849],[138.816734,36.708626],[138.816329,36.709014],[138.815687,36.710503],[138.813896,36.712205],[138.813491,36.71384],[138.813167,36.714418],[138.810757,36.714725],[138.808751,36.716353],[138.807541,36.716671],[138.80521,36.718487],[138.803443,36.718484],[138.80294,36.718774],[138.802907,36.721007],[138.802526,36.722911],[138.802003,36.723907],[138.800523,36.725134],[138.799696,36.725471],[138.799704,36.726924],[138.800415,36.728724],[138.800191,36.729336],[138.798973,36.730334],[138.798211,36.731435],[138.797704,36.7326],[138.797609,36.734522],[138.795771,36.73753],[138.795309,36.737885],[138.793305,36.738707],[138.791988,36.739894],[138.790858,36.740489],[138.790503,36.741195],[138.789529,36.744219],[138.78942,36.744874],[138.787463,36.744962],[138.786478,36.745187],[138.785002,36.744912],[138.783745,36.745371],[138.783042,36.746122],[138.782391,36.747251],[138.781306,36.746986],[138.777957,36.747702],[138.777142,36.747673],[138.776635,36.747188],[138.77543,36.747318],[138.774831,36.747073],[138.773524,36.74711],[138.772283,36.746324],[138.770344,36.746165],[138.769558,36.74639],[138.767349,36.746516],[138.766278,36.74699],[138.765512,36.748459],[138.764703,36.749117],[138.76348,36.74915],[138.76217,36.748889],[138.761278,36.749057],[138.76008,36.750357],[138.758035,36.750819],[138.75738,36.751425],[138.756103,36.752202],[138.756034,36.75281],[138.754781,36.753516],[138.753325,36.754983],[138.752331,36.755574],[138.751433,36.755839],[138.749588,36.756749],[138.748179,36.757777],[138.746014,36.758594],[138.74351,36.759056],[138.740579,36.759349],[138.738987,36.761181],[138.737713,36.762052],[138.734913,36.762812],[138.732367,36.762521],[138.731088,36.762604],[138.729463,36.762392],[138.728167,36.763224],[138.727027,36.764169],[138.726325,36.763783],[138.726003,36.763191],[138.723607,36.76159],[138.722304,36.759778],[138.72139,36.759236],[138.721735,36.757842],[138.721302,36.755867],[138.720831,36.754548],[138.721588,36.754308],[138.722094,36.753768],[138.722282,36.752688],[138.721946,36.751589],[138.721874,36.74969],[138.720038,36.748311],[138.718744,36.746909],[138.718217,36.746114],[138.717207,36.746223],[138.715776,36.74575],[138.715167,36.744211],[138.714263,36.74309],[138.714471,36.742117],[138.713884,36.740702],[138.713074,36.739218],[138.712401,36.738757],[138.710142,36.738632],[138.708889,36.737697],[138.707053,36.73731],[138.705285,36.736576],[138.703127,36.736559],[138.701543,36.737224],[138.700497,36.737114],[138.698509,36.737357],[138.697371,36.73764],[138.696429,36.738305],[138.695703,36.738382],[138.694277,36.738154],[138.691444,36.737389],[138.690795,36.737544],[138.688956,36.737229],[138.688378,36.736967],[138.68571,36.736264],[138.684704,36.736422],[138.683933,36.735376],[138.682157,36.735003],[138.68186,36.734561],[138.679942,36.732984],[138.678927,36.732635],[138.677211,36.731672],[138.676159,36.730601],[138.675303,36.730938],[138.672877,36.730647],[138.670306,36.730521],[138.668928,36.730928],[138.668294,36.730868],[138.667164,36.730282],[138.665745,36.728726],[138.664304,36.729014],[138.663026,36.729555],[138.661291,36.729074],[138.659745,36.72921],[138.658466,36.728588],[138.65668,36.728612],[138.655871,36.728017],[138.655499,36.727147],[138.653732,36.727411],[138.652436,36.727016],[138.651247,36.726867],[138.648925,36.72712],[138.64693,36.726074],[138.645211,36.72453],[138.644743,36.724373],[138.643001,36.724361],[138.641446,36.723524],[138.638914,36.723175],[138.637935,36.722545],[138.63687,36.721355],[138.635271,36.720714],[138.633065,36.720575],[138.631861,36.720262],[138.630546,36.719576],[138.630088,36.719545],[138.627903,36.720894],[138.627464,36.720954],[138.62596,36.72053],[138.624493,36.720843],[138.622875,36.720584],[138.621771,36.720213],[138.620896,36.719081],[138.620879,36.71819],[138.619907,36.716504],[138.618791,36.716231],[138.618366,36.715473],[138.617556,36.714778],[138.617114,36.7135],[138.617289,36.711659],[138.616264,36.71068],[138.615448,36.710546],[138.613741,36.709606],[138.611141,36.706577],[138.61009,36.706339],[138.609208,36.706506],[138.605932,36.70759],[138.604504,36.708838],[138.604387,36.710214],[138.604157,36.710546],[138.602843,36.711184],[138.602684,36.712236],[138.601736,36.71268],[138.600446,36.713782],[138.599687,36.714228],[138.598615,36.714361],[138.597671,36.714721],[138.595729,36.714536],[138.594335,36.713796],[138.593751,36.712331],[138.592828,36.710891],[138.593512,36.709979],[138.592319,36.708659],[138.58966,36.707687],[138.588249,36.706046],[138.587576,36.705693],[138.586946,36.704964],[138.586554,36.703715],[138.585862,36.702828],[138.584505,36.702034],[138.583935,36.701181],[138.583268,36.701306],[138.580224,36.702999],[138.579961,36.703457],[138.577557,36.705176],[138.576485,36.705509],[138.576058,36.706336],[138.575257,36.706444],[138.574898,36.707122],[138.573926,36.707147],[138.572444,36.706037],[138.57132,36.705547],[138.569516,36.705572],[138.56862,36.706276],[138.567892,36.706303],[138.567271,36.705903],[138.566076,36.705882],[138.565375,36.706124],[138.563822,36.705735],[138.562633,36.705669],[138.56162,36.705989],[138.560421,36.706941],[138.559777,36.707038],[138.558831,36.706575],[138.556885,36.706469],[138.555978,36.706176],[138.555936,36.705743],[138.553985,36.70513],[138.552998,36.704575],[138.551651,36.704824],[138.55051,36.70482],[138.54993,36.704508],[138.549081,36.704593],[138.546427,36.703506],[138.546018,36.703898],[138.544888,36.70376],[138.543639,36.703835],[138.542661,36.702816],[138.541431,36.702061],[138.540316,36.701121],[138.539023,36.700705],[138.538233,36.699623],[138.537439,36.698869],[138.536839,36.697676],[138.537085,36.69713],[138.534267,36.696938],[138.5327,36.696921],[138.530833,36.697655],[138.529814,36.6971],[138.527721,36.696716],[138.526854,36.695691],[138.526041,36.69587],[138.524275,36.694665],[138.522468,36.694392],[138.521031,36.694016],[138.520016,36.692317],[138.517787,36.691494],[138.516315,36.691111],[138.514336,36.690785],[138.514169,36.690139],[138.515563,36.689821],[138.516385,36.690308],[138.516776,36.689891],[138.518526,36.689453],[138.519606,36.689428],[138.519916,36.689069],[138.519499,36.687733],[138.520159,36.686372],[138.519166,36.685605],[138.518618,36.684848],[138.518539,36.683694],[138.5199,36.681888],[138.519776,36.680425],[138.517918,36.676996],[138.518272,36.676209],[138.519825,36.674727],[138.521186,36.673991],[138.522835,36.672577],[138.523975,36.671311],[138.525105,36.670295],[138.52563,36.669193],[138.526127,36.668687],[138.527247,36.668803],[138.528383,36.668211],[138.530045,36.667934],[138.530877,36.667372],[138.533518,36.666809],[138.534338,36.666269],[138.534617,36.665638],[138.534423,36.6648],[138.533324,36.663319],[138.532716,36.661776],[138.531425,36.659939],[138.5303,36.659381],[138.529183,36.65785],[138.529444,36.655288],[138.528847,36.654617],[138.527635,36.653812],[138.526702,36.653752],[138.526562,36.653029],[138.525113,36.65126],[138.526168,36.650955],[138.527412,36.651025],[138.528266,36.651816],[138.531709,36.654347],[138.533176,36.655215],[138.534756,36.655946],[138.537071,36.656356],[138.537849,36.656139],[138.540897,36.656011],[138.543072,36.656037],[138.544482,36.655622],[138.545878,36.654718],[138.547101,36.654342],[138.549832,36.654168],[138.551515,36.654756],[138.553312,36.654801],[138.556002,36.65426],[138.557783,36.653162],[138.559945,36.652645],[138.562316,36.649803],[138.56328,36.649164],[138.564592,36.648591],[138.566059,36.647444],[138.56701,36.645676],[138.567845,36.644881],[138.568699,36.643733],[138.568285,36.643133],[138.568655,36.642195],[138.570555,36.642016],[138.572404,36.641187],[138.574355,36.640773],[138.575752,36.640231],[138.577697,36.640492],[138.578411,36.641105],[138.582057,36.642061],[138.583601,36.642215],[138.584092,36.64106],[138.584621,36.640545],[138.585738,36.640569],[138.587579,36.639881],[138.58818,36.640028],[138.589233,36.641233],[138.590922,36.642215],[138.592291,36.642349],[138.59402,36.642132],[138.595353,36.642884],[138.597763,36.643764],[138.598924,36.643357],[138.600041,36.643707],[138.601034,36.643681],[138.601991,36.642987],[138.603789,36.642508],[138.605956,36.641579],[138.606811,36.640851],[138.608788,36.639895],[138.610408,36.639786],[138.611186,36.639404],[138.613092,36.639123],[138.614636,36.637268],[138.615013,36.636203],[138.615484,36.635883],[138.616128,36.634697],[138.617454,36.633704],[138.618475,36.63332],[138.619227,36.631968],[138.620508,36.631733],[138.621497,36.631312],[138.622349,36.63065],[138.623713,36.629898],[138.624596,36.628836],[138.62442,36.628214],[138.624987,36.626866],[138.624573,36.626413],[138.624776,36.625758],[138.625403,36.62541],[138.626193,36.623926],[138.627951,36.62223],[138.628353,36.62069],[138.629442,36.619911],[138.629991,36.618506],[138.630198,36.616992],[138.630419,36.614055],[138.628321,36.612026],[138.623892,36.607971],[138.618463,36.603189],[138.617275,36.603499],[138.616699,36.604498],[138.616723,36.605603],[138.617036,36.605969],[138.616241,36.606459],[138.614244,36.60565],[138.613415,36.604614],[138.612732,36.60471],[138.612908,36.603807],[138.61194,36.603506],[138.610579,36.602376],[138.61049,36.601482],[138.60989,36.601546],[138.608036,36.599056],[138.603292,36.599211],[138.60116,36.599128],[138.594872,36.599055],[138.59394,36.598954],[138.593338,36.598553],[138.593073,36.597801],[138.593128,36.596296],[138.592973,36.594495],[138.593522,36.591413],[138.594064,36.587532],[138.594623,36.586437],[138.595041,36.58491],[138.595925,36.583867],[138.596783,36.582496],[138.597648,36.581468],[138.599234,36.580423],[138.60062,36.579858],[138.602595,36.577773],[138.604157,36.576732],[138.606477,36.575957],[138.608234,36.575083],[138.610029,36.574747],[138.612516,36.574428],[138.613778,36.573654],[138.616084,36.572591],[138.61686,36.572086],[138.616615,36.571688],[138.616774,36.570004],[138.616017,36.569335],[138.616601,36.568986],[138.617384,36.567807],[138.617365,36.566978],[138.618511,36.566159],[138.617891,36.565245],[138.61879,36.564416],[138.619575,36.564737],[138.620167,36.564014],[138.621449,36.564294],[138.622771,36.563864],[138.623249,36.56279],[138.623855,36.562617],[138.624779,36.561643],[138.626031,36.561393],[138.626661,36.561477],[138.628777,36.561238],[138.630287,36.56071],[138.630609,36.560396],[138.631022,36.558868],[138.63203,36.55936],[138.632806,36.558819],[138.635193,36.559506],[138.635739,36.559292],[138.637647,36.560551],[138.640461,36.561195],[138.639511,36.561773],[138.639805,36.562864],[138.640295,36.563368],[138.641303,36.56376],[138.643714,36.563301],[138.645645,36.563902],[138.646611,36.56449],[138.646891,36.565875],[138.646823,36.567586],[138.647271,36.567879],[138.647875,36.569325],[138.64905,36.569451],[138.64961,36.57029],[138.65094,36.57022],[138.652242,36.570766],[138.653815,36.570528],[138.656516,36.570795],[138.658508,36.570766],[138.660552,36.570333],[138.661756,36.570263],[138.663677,36.570752],[138.665582,36.570193],[138.666323,36.570137],[138.668748,36.570388],[138.670977,36.568988],[138.672377,36.568694],[138.674282,36.568567],[138.67529,36.569029],[138.676466,36.569281],[138.678205,36.570207],[138.678905,36.570976],[138.679732,36.572588],[138.681555,36.574998],[138.681065,36.576253],[138.681555,36.577649],[138.682304,36.578124],[138.68445,36.578673],[138.684302,36.580121],[138.682845,36.582824],[138.681688,36.58378],[138.681331,36.584472],[138.681554,36.586046],[138.678872,36.587844],[138.678216,36.589021],[138.678168,36.590663],[138.677493,36.591568],[138.67661,36.592091],[138.675551,36.592418],[138.674095,36.593519],[138.674374,36.594652],[138.674795,36.595314],[138.674992,36.596339],[138.67673,36.59703],[138.678262,36.597857],[138.678805,36.596753],[138.679663,36.595816],[138.680826,36.595159],[138.681971,36.595081],[138.682411,36.594746],[138.681521,36.592941],[138.68157,36.592351],[138.682494,36.592664],[138.684041,36.592733],[138.68531,36.593064],[138.686137,36.592875],[138.687378,36.592918],[138.688221,36.592141],[138.68961,36.591506],[138.690316,36.591643],[138.690865,36.592319],[138.691757,36.592794],[138.694954,36.593323],[138.696557,36.594426],[138.697175,36.59506],[138.6983,36.595181],[138.699632,36.594725],[138.699942,36.594228],[138.701352,36.593655],[138.702857,36.593267],[138.704215,36.593726],[138.706342,36.593089],[138.707246,36.592953],[138.707665,36.592361],[138.708796,36.59147],[138.710366,36.591109],[138.711705,36.59118],[138.713256,36.590469],[138.71704,36.59009],[138.718422,36.590331],[138.720846,36.591477],[138.723807,36.592307],[138.725344,36.592506],[138.726036,36.593339],[138.72654,36.594546],[138.727528,36.595802],[138.728315,36.595763],[138.729308,36.596291],[138.729832,36.597099],[138.730801,36.597899],[138.733855,36.597673],[138.734808,36.598131],[138.736761,36.598544],[138.737799,36.598579],[138.737861,36.596985],[138.738705,36.595599],[138.739175,36.595238],[138.740453,36.594899],[138.740894,36.595078],[138.741696,36.594503],[138.743212,36.594128],[138.744155,36.594553],[138.744569,36.595213],[138.745691,36.595118],[138.746181,36.594013],[138.747036,36.593923],[138.748838,36.591977],[138.749551,36.591453],[138.750465,36.590287],[138.751335,36.590287],[138.754361,36.58932],[138.755542,36.58973],[138.756702,36.589692],[138.75792,36.588706],[138.759208,36.58722],[138.760978,36.585793],[138.761305,36.584597],[138.763923,36.583924],[138.766011,36.583607],[138.767481,36.582739],[138.768027,36.581957],[138.769229,36.581018],[138.770421,36.58134],[138.771274,36.580934],[138.772213,36.579645],[138.773306,36.579497],[138.774235,36.578563],[138.775164,36.57836],[138.776191,36.57723],[138.776186,36.576644],[138.778749,36.576153],[138.779312,36.575776],[138.780662,36.575901],[138.781323,36.575563],[138.78316,36.57717],[138.784717,36.577952],[138.785821,36.578832],[138.78658,36.578931],[138.787241,36.579438],[138.788138,36.579498],[138.789313,36.580449],[138.790022,36.580613],[138.791154,36.580487],[138.793575,36.581455],[138.794057,36.581925],[138.796291,36.582301],[138.797932,36.582131],[138.798642,36.58086],[138.798789,36.579859],[138.799227,36.57912],[138.800002,36.578498],[138.800423,36.578722],[138.800756,36.579739],[138.802101,36.579193],[138.802757,36.578564],[138.803434,36.578608],[138.803347,36.57935],[138.804107,36.579465],[138.80527,36.579285],[138.805041,36.58075],[138.806112,36.581531],[138.806784,36.582766],[138.806734,36.583362],[138.805368,36.584204],[138.805292,36.584805],[138.806233,36.585958],[138.807324,36.586178],[138.808607,36.585988],[138.809674,36.585563],[138.811614,36.585163],[138.814197,36.583917],[138.815796,36.584795],[138.817388,36.58607],[138.81904,36.586873],[138.820229,36.587298],[138.821209,36.587203],[138.824282,36.585263],[138.824739,36.584839],[138.826131,36.582892],[138.826808,36.58251],[138.828206,36.58244],[138.829611,36.582776],[138.831226,36.58286],[138.832086,36.582729],[138.833387,36.581871],[138.835946,36.580551],[138.836701,36.581842],[138.837551,36.582482],[138.839829,36.582874],[138.841285,36.582875],[138.84317,36.5826],[138.847227,36.581526],[138.850171,36.580117],[138.852384,36.579346],[138.853854,36.579072],[138.854889,36.579086],[138.856785,36.57965],[138.860362,36.580973],[138.86247,36.581176],[138.863397,36.581102],[138.865783,36.580196],[138.868154,36.578974],[138.868751,36.577808],[138.870562,36.574932],[138.871822,36.573794],[138.873006,36.573262],[138.877566,36.572298],[138.878118,36.571998],[138.880074,36.570281],[138.880402,36.569712],[138.880562,36.56764],[138.881055,36.56697],[138.882832,36.566372],[138.887494,36.566345],[138.889038,36.566061],[138.890129,36.565664],[138.892192,36.564508],[138.893587,36.564049],[138.896114,36.563433],[138.896609,36.562855],[138.896459,36.561961],[138.897427,36.562123],[138.898253,36.562532],[138.900415,36.562863],[138.901458,36.562885],[138.902658,36.563465],[138.903589,36.564799],[138.904016,36.565979],[138.904797,36.566976],[138.9044,36.568226],[138.90323,36.569],[138.901455,36.569678],[138.902594,36.57071],[138.902687,36.571587],[138.90425,36.573114],[138.902586,36.574898],[138.901669,36.575606],[138.899364,36.575856],[138.897915,36.575885],[138.897823,36.577168],[138.896663,36.577948],[138.896561,36.578385],[138.897185,36.578944],[138.897721,36.580346],[138.896543,36.581736],[138.89614,36.582807],[138.897134,36.583514],[138.898001,36.58342],[138.899472,36.584311],[138.900192,36.585186],[138.900907,36.585491],[138.902114,36.586478],[138.903256,36.586474],[138.904904,36.586774],[138.906263,36.586321],[138.907788,36.585407],[138.908961,36.58498],[138.910526,36.584126],[138.911964,36.584152],[138.912965,36.583954],[138.914388,36.584302],[138.915983,36.583836],[138.917419,36.583882],[138.91872,36.584905],[138.920075,36.585468],[138.920698,36.58623]]]]}},
  {"type":"Feature","properties":{"name":"長野原町","code":"10424"},"geometry":{"type":"MultiPolygon","coordinates":[[[[138.655196,36.451709],[138.654098,36.452819],[138.653278,36.453171],[138.65238,36.453932],[138.651104,36.454619],[138.650769,36.455456],[138.649481,36.457247],[138.649196,36.45835],[138.648109,36.459381],[138.648253,36.459947],[138.647667,36.461554],[138.64772,36.463355],[138.648277,36.464112],[138.648264,36.46479],[138.647748,36.46515],[138.647396,36.466264],[138.64582,36.466915],[138.642185,36.46821],[138.640284,36.469471],[138.639895,36.470019],[138.639685,36.471015],[138.639945,36.471708],[138.640607,36.47231],[138.641462,36.474039],[138.641058,36.474637],[138.64086,36.475606],[138.641438,36.477197],[138.642185,36.477921],[138.642326,36.478493],[138.642972,36.479209],[138.642936,36.48077],[138.643554,36.482555],[138.64353,36.483343],[138.644631,36.483993],[138.643667,36.484811],[138.641843,36.48695],[138.640832,36.48766],[138.640634,36.488584],[138.639992,36.489582],[138.640759,36.490633],[138.640624,36.492018],[138.640292,36.493008],[138.640882,36.493967],[138.640409,36.495357],[138.640984,36.496638],[138.640899,36.497791],[138.640638,36.498297],[138.641246,36.499475],[138.641073,36.501577],[138.64121,36.502594],[138.639835,36.504437],[138.640081,36.505175],[138.640943,36.50606],[138.64098,36.507088],[138.642401,36.508381],[138.642565,36.509921],[138.643929,36.51062],[138.644093,36.511485],[138.645561,36.512883],[138.645725,36.513232],[138.645398,36.514494],[138.644769,36.515077],[138.644711,36.515635],[138.64527,36.516428],[138.646577,36.517118],[138.647253,36.517794],[138.648091,36.519576],[138.649249,36.520615],[138.650565,36.521116],[138.651568,36.520721],[138.65347,36.518785],[138.655067,36.518633],[138.656593,36.517795],[138.657658,36.518227],[138.659172,36.518215],[138.659732,36.518762],[138.659883,36.51981],[138.661188,36.520509],[138.662641,36.520827],[138.663201,36.522341],[138.664371,36.523671],[138.665769,36.523416],[138.668869,36.523229],[138.669816,36.522879],[138.671238,36.522937],[138.6721,36.522658],[138.67386,36.522425],[138.675151,36.521897],[138.676013,36.519836],[138.67805,36.520138],[138.679321,36.519754],[138.680707,36.520243],[138.681418,36.519906],[138.682432,36.52114],[138.681795,36.521959],[138.681889,36.522693],[138.682798,36.523345],[138.684883,36.523031],[138.685956,36.523159],[138.687226,36.523741],[138.688372,36.524548],[138.690902,36.527322],[138.692452,36.528208],[138.694028,36.529504],[138.697235,36.531453],[138.697969,36.532396],[138.699356,36.53327],[138.69968,36.534052],[138.700356,36.534879],[138.702442,36.534588],[138.703234,36.533924],[138.70515,36.533888],[138.70571,36.532956],[138.707598,36.533539],[138.710479,36.53396],[138.712215,36.534321],[138.713544,36.534414],[138.714558,36.535696],[138.714747,36.536421],[138.714584,36.537656],[138.71477,36.538238],[138.716576,36.537993],[138.716787,36.539325],[138.71723,36.53986],[138.717405,36.54078],[138.717906,36.540955],[138.719004,36.541913],[138.720262,36.542321],[138.720846,36.542904],[138.722246,36.54356],[138.721407,36.545395],[138.720419,36.546246],[138.721435,36.54674],[138.721929,36.547505],[138.721566,36.549073],[138.720876,36.5498],[138.721109,36.551266],[138.720464,36.553962],[138.719075,36.555043],[138.718206,36.556248],[138.717638,36.556612],[138.71733,36.557292],[138.717246,36.558675],[138.716686,36.559597],[138.717171,36.560231],[138.716471,36.561996],[138.715725,36.562946],[138.714875,36.564543],[138.714213,36.566724],[138.713185,36.567247],[138.710668,36.567033],[138.71022,36.567778],[138.709556,36.568285],[138.708968,36.568098],[138.707887,36.568294],[138.706582,36.569244],[138.704862,36.56915],[138.704032,36.568731],[138.702401,36.568442],[138.699759,36.569532],[138.699181,36.56957],[138.697615,36.569104],[138.695365,36.569327],[138.69337,36.568823],[138.692866,36.568208],[138.691734,36.568218],[138.69028,36.56874],[138.689589,36.570447],[138.688592,36.571286],[138.687023,36.573161],[138.686072,36.573543],[138.684168,36.573676],[138.682415,36.574031],[138.681555,36.574998],[138.679732,36.572588],[138.678905,36.570976],[138.678205,36.570207],[138.676466,36.569281],[138.67529,36.569029],[138.674282,36.568567],[138.672377,36.568694],[138.670977,36.568988],[138.668748,36.570388],[138.666323,36.570137],[138.665582,36.570193],[138.663677,36.570752],[138.661756,36.570263],[138.660552,36.570333],[138.658508,36.570766],[138.656516,36.570795],[138.653815,36.570528],[138.652242,36.570766],[138.65094,36.57022],[138.64961,36.57029],[138.64905,36.569451],[138.647875,36.569325],[138.647271,36.567879],[138.646823,36.567586],[138.646891,36.565875],[138.646611,36.56449],[138.645645,36.563902],[138.643714,36.563301],[138.641303,36.56376],[138.640295,36.563368],[138.639805,36.562864],[138.639511,36.561773],[138.640461,36.561195],[138.637647,36.560551],[138.635739,36.559292],[138.635193,36.559506],[138.632806,36.558819],[138.63203,36.55936],[138.631022,36.558868],[138.630609,36.560396],[138.630287,36.56071],[138.628777,36.561238],[138.626661,36.561477],[138.626031,36.561393],[138.624779,36.561643],[138.623855,36.562617],[138.623249,36.56279],[138.622771,36.563864],[138.621449,36.564294],[138.620167,36.564014],[138.619575,36.564737],[138.61879,36.564416],[138.617891,36.565245],[138.618511,36.566159],[138.617365,36.566978],[138.617384,36.567807],[138.616601,36.568986],[138.616017,36.569335],[138.616774,36.570004],[138.616615,36.571688],[138.61686,36.572086],[138.616084,36.572591],[138.613778,36.573654],[138.612516,36.574428],[138.610029,36.574747],[138.608234,36.575083],[138.606477,36.575957],[138.604157,36.576732],[138.602595,36.577773],[138.60062,36.579858],[138.599234,36.580423],[138.597648,36.581468],[138.596783,36.582496],[138.593892,36.581958],[138.592705,36.581057],[138.591077,36.580433],[138.588867,36.579846],[138.587479,36.579247],[138.584585,36.578696],[138.583778,36.577722],[138.582745,36.576148],[138.582534,36.575311],[138.582466,36.571291],[138.581968,36.569757],[138.583612,36.56839],[138.584191,36.567512],[138.584988,36.566705],[138.587317,36.566305],[138.587595,36.564337],[138.587021,36.563601],[138.587406,36.562922],[138.588157,36.562913],[138.589017,36.562451],[138.589289,36.561791],[138.590688,36.561766],[138.591358,36.559783],[138.591212,36.558319],[138.592113,36.557518],[138.592278,36.556641],[138.591863,36.554807],[138.5931,36.554771],[138.594171,36.554052],[138.595247,36.553081],[138.595311,36.552032],[138.596128,36.550858],[138.596568,36.549778],[138.595808,36.548343],[138.59475,36.547175],[138.593383,36.546196],[138.592579,36.54593],[138.592057,36.54509],[138.591849,36.544207],[138.592659,36.539716],[138.593401,36.537376],[138.593567,36.536066],[138.595599,36.534162],[138.595679,36.531954],[138.596028,36.528086],[138.594822,36.527904],[138.593965,36.527464],[138.59127,36.525473],[138.590475,36.525358],[138.58909,36.524442],[138.58725,36.523602],[138.587255,36.521394],[138.586091,36.521321],[138.585108,36.521523],[138.58323,36.523052],[138.58238,36.525111],[138.581316,36.525872],[138.581204,36.527103],[138.580272,36.527824],[138.578584,36.528824],[138.577156,36.530225],[138.576652,36.532433],[138.575371,36.53354],[138.573946,36.534313],[138.573616,36.535141],[138.572604,36.535854],[138.571463,36.537661],[138.570996,36.53661],[138.569953,36.536014],[138.568377,36.534112],[138.565644,36.53329],[138.564036,36.531967],[138.563009,36.530925],[138.562651,36.529939],[138.563116,36.528794],[138.562985,36.527658],[138.562496,36.526587],[138.562911,36.525283],[138.565096,36.522965],[138.564733,36.519609],[138.564501,36.513715],[138.564553,36.512597],[138.565131,36.512465],[138.565207,36.511573],[138.565688,36.511099],[138.565095,36.509204],[138.566239,36.507404],[138.567436,36.505888],[138.569427,36.502569],[138.569673,36.501811],[138.569857,36.500154],[138.570219,36.499269],[138.570846,36.498597],[138.572284,36.497764],[138.573648,36.496513],[138.573922,36.495277],[138.573725,36.494271],[138.57323,36.493264],[138.574054,36.491509],[138.574398,36.490323],[138.574204,36.489762],[138.574819,36.488892],[138.573406,36.487527],[138.573399,36.485809],[138.572435,36.483823],[138.571372,36.483479],[138.57104,36.482809],[138.571089,36.481832],[138.571433,36.481089],[138.570635,36.48085],[138.570361,36.479509],[138.569808,36.478041],[138.569338,36.477618],[138.569814,36.475447],[138.569569,36.474199],[138.569854,36.47375],[138.569741,36.472312],[138.569194,36.471873],[138.569216,36.470017],[138.569065,36.469247],[138.569449,36.468394],[138.56924,36.467365],[138.569974,36.466827],[138.569925,36.466094],[138.570875,36.464656],[138.570994,36.463291],[138.569342,36.460931],[138.568982,36.459533],[138.568832,36.458236],[138.569041,36.455378],[138.569775,36.454972],[138.577818,36.455351],[138.580153,36.456114],[138.580779,36.456041],[138.580718,36.45122],[138.580623,36.450581],[138.579962,36.44924],[138.57784,36.444413],[138.577787,36.443908],[138.577118,36.44237],[138.577066,36.441253],[138.57623,36.438736],[138.575521,36.43763],[138.574876,36.436217],[138.572919,36.433376],[138.57271,36.432235],[138.572006,36.43121],[138.571892,36.430091],[138.571392,36.427756],[138.571957,36.425884],[138.570769,36.420845],[138.570939,36.419564],[138.57313,36.419195],[138.574776,36.419655],[138.575812,36.420304],[138.579866,36.421424],[138.58201,36.421742],[138.583842,36.422545],[138.585045,36.422161],[138.586328,36.420531],[138.586862,36.420385],[138.588958,36.420984],[138.58947,36.421514],[138.589683,36.422825],[138.590196,36.42389],[138.592397,36.424392],[138.599221,36.424163],[138.599785,36.424063],[138.600352,36.42264],[138.601737,36.422285],[138.603159,36.422273],[138.603827,36.421998],[138.605905,36.423005],[138.607866,36.423188],[138.609192,36.42293],[138.612622,36.422721],[138.616763,36.420734],[138.618334,36.420671],[138.618913,36.420228],[138.619124,36.419371],[138.620895,36.416818],[138.621239,36.416469],[138.624752,36.415716],[138.626634,36.415504],[138.628238,36.416035],[138.630169,36.417035],[138.632321,36.41785],[138.633546,36.41785],[138.637151,36.417216],[138.638602,36.415904],[138.639516,36.415596],[138.64181,36.414223],[138.64278,36.412267],[138.643634,36.411588],[138.644423,36.411439],[138.643826,36.413141],[138.644548,36.41595],[138.645247,36.416317],[138.645781,36.417592],[138.644947,36.418526],[138.645062,36.420192],[138.645917,36.421428],[138.645463,36.421972],[138.645403,36.423566],[138.647144,36.424687],[138.646532,36.425378],[138.646418,36.426132],[138.645417,36.427554],[138.645159,36.42841],[138.64499,36.430921],[138.643276,36.432029],[138.643159,36.434213],[138.643532,36.435109],[138.64329,36.437256],[138.642511,36.437813],[138.643642,36.439343],[138.64559,36.441199],[138.646053,36.442652],[138.646806,36.443656],[138.64778,36.444039],[138.648282,36.444736],[138.649494,36.445415],[138.649938,36.446182],[138.65001,36.447333],[138.650926,36.44771],[138.651574,36.448915],[138.655196,36.451709]]]]}},
  {"type":"Feature","properties":{"name":"嬬恋村","code":"10425"},"geometry":{"type":"MultiPolygon","coordinates":[[[[138.584191,36.567512],[138.583086,36.567489],[138.58182,36.568269],[138.580945,36.568184],[138.58022,36.568687],[138.580198,36.569296],[138.578973,36.570968],[138.57835,36.571374],[138.577108,36.571768],[138.576761,36.572397],[138.576941,36.5729],[138.576571,36.57422],[138.575919,36.574248],[138.574913,36.574848],[138.573267,36.575299],[138.57274,36.576541],[138.572028,36.577019],[138.570962,36.577253],[138.570271,36.577675],[138.567363,36.577842],[138.565985,36.578274],[138.565339,36.578817],[138.565345,36.57994],[138.564896,36.580599],[138.563327,36.581279],[138.56275,36.581944],[138.561388,36.583059],[138.56002,36.585172],[138.560101,36.586436],[138.559784,36.587516],[138.560923,36.588193],[138.561008,36.589036],[138.561405,36.589471],[138.560324,36.591271],[138.559311,36.592567],[138.558061,36.592837],[138.556598,36.594172],[138.554027,36.594674],[138.553298,36.595426],[138.55179,36.595291],[138.550886,36.595959],[138.54999,36.595947],[138.548675,36.596297],[138.548185,36.596747],[138.547299,36.596752],[138.546722,36.597243],[138.545354,36.597675],[138.54399,36.597472],[138.542901,36.597585],[138.541966,36.598058],[138.541266,36.599004],[138.541038,36.599838],[138.541776,36.60163],[138.542472,36.602801],[138.541152,36.604279],[138.540891,36.606315],[138.540546,36.606641],[138.53881,36.609961],[138.53757,36.610751],[138.536542,36.612511],[138.535057,36.614192],[138.532876,36.615946],[138.530904,36.617004],[138.529659,36.617402],[138.527888,36.618485],[138.527852,36.619216],[138.528403,36.619568],[138.530832,36.620551],[138.533391,36.621049],[138.534113,36.621356],[138.534529,36.621996],[138.534618,36.623783],[138.53445,36.624734],[138.535029,36.625648],[138.537175,36.626021],[138.538388,36.627625],[138.539247,36.629924],[138.539117,36.632031],[138.538912,36.63338],[138.538594,36.633641],[138.537922,36.635245],[138.536577,36.636391],[138.535737,36.637361],[138.532676,36.638424],[138.530245,36.638695],[138.528117,36.639571],[138.527109,36.640634],[138.526455,36.642163],[138.526119,36.643935],[138.526063,36.648049],[138.525764,36.650457],[138.525113,36.65126],[138.524278,36.650483],[138.523581,36.650317],[138.522626,36.650718],[138.521743,36.650618],[138.520675,36.650106],[138.515889,36.649277],[138.514804,36.648952],[138.511899,36.646771],[138.511558,36.646711],[138.510166,36.647439],[138.508103,36.648267],[138.507681,36.648099],[138.50651,36.646818],[138.504141,36.646804],[138.503689,36.645492],[138.503313,36.645151],[138.50162,36.644435],[138.499355,36.643963],[138.497733,36.643937],[138.496854,36.643203],[138.494731,36.642799],[138.490082,36.641196],[138.488845,36.641256],[138.486951,36.6419],[138.485908,36.642919],[138.485703,36.643861],[138.48434,36.644494],[138.483109,36.644639],[138.481101,36.645248],[138.480255,36.644772],[138.478284,36.644138],[138.476468,36.644711],[138.475117,36.644199],[138.473097,36.644048],[138.472801,36.642914],[138.472265,36.641968],[138.471747,36.641552],[138.468832,36.639825],[138.468066,36.638896],[138.467581,36.637724],[138.46656,36.636912],[138.466088,36.636822],[138.464231,36.637093],[138.46335,36.637027],[138.462234,36.636339],[138.461637,36.635362],[138.459056,36.634838],[138.458188,36.633698],[138.458007,36.632606],[138.458495,36.630568],[138.458079,36.629736],[138.45841,36.628915],[138.459978,36.627589],[138.460576,36.626472],[138.460232,36.625768],[138.458882,36.624511],[138.458827,36.623161],[138.457646,36.621811],[138.457073,36.619735],[138.456222,36.619],[138.456301,36.616913],[138.455028,36.614663],[138.454974,36.613851],[138.453459,36.613179],[138.451861,36.6121],[138.451258,36.611219],[138.450336,36.610677],[138.448719,36.610701],[138.445516,36.61014],[138.444165,36.610049],[138.442536,36.610296],[138.441583,36.610669],[138.441158,36.610082],[138.440659,36.608716],[138.439049,36.605968],[138.438943,36.605576],[138.440121,36.603245],[138.441428,36.599992],[138.441297,36.599689],[138.439171,36.599493],[138.4372,36.600205],[138.436063,36.60036],[138.435172,36.60023],[138.434159,36.599706],[138.432555,36.599223],[138.431984,36.599281],[138.428835,36.597891],[138.427756,36.596426],[138.426596,36.594528],[138.426318,36.593524],[138.426604,36.590639],[138.427119,36.588258],[138.426809,36.587097],[138.425246,36.58427],[138.425219,36.583422],[138.424159,36.581514],[138.421316,36.579231],[138.420759,36.578489],[138.420295,36.577237],[138.420388,36.57578],[138.420335,36.573673],[138.420604,36.573456],[138.42311,36.57294],[138.42437,36.571654],[138.425086,36.571482],[138.42725,36.570206],[138.428429,36.568696],[138.428828,36.566894],[138.428655,36.566457],[138.428828,36.564077],[138.427913,36.562222],[138.426667,36.561082],[138.426162,36.560394],[138.426467,36.559577],[138.428244,36.558372],[138.42888,36.556901],[138.428841,36.556225],[138.427792,36.55472],[138.426652,36.55366],[138.426095,36.552507],[138.426108,36.5515],[138.425127,36.550917],[138.42417,36.549782],[138.423839,36.549093],[138.422553,36.548523],[138.420232,36.545887],[138.419129,36.545273],[138.418625,36.54469],[138.418466,36.543816],[138.417723,36.543193],[138.414682,36.542776],[138.412389,36.541486],[138.411434,36.539464],[138.411765,36.538298],[138.412483,36.537403],[138.412165,36.536277],[138.412563,36.535151],[138.413661,36.534097],[138.413978,36.532607],[138.413647,36.531495],[138.412812,36.529693],[138.412797,36.529329],[138.411715,36.527272],[138.408126,36.524835],[138.406644,36.52425],[138.405704,36.523701],[138.404247,36.522065],[138.403839,36.520833],[138.403936,36.519476],[138.403555,36.517732],[138.402801,36.516057],[138.403795,36.514762],[138.403795,36.513283],[138.404256,36.511643],[138.405047,36.509456],[138.405775,36.508508],[138.406032,36.507364],[138.403883,36.504007],[138.401954,36.501721],[138.401566,36.501062],[138.400241,36.498053],[138.398299,36.493361],[138.398002,36.491469],[138.397132,36.490582],[138.397132,36.488901],[138.398215,36.486935],[138.397775,36.485147],[138.397291,36.484063],[138.400145,36.482197],[138.40076,36.481454],[138.400665,36.48018],[138.400177,36.479466],[138.400521,36.478034],[138.401031,36.477114],[138.399562,36.47333],[138.400415,36.471722],[138.401238,36.471129],[138.401089,36.469017],[138.402166,36.468372],[138.403349,36.46687],[138.402803,36.464807],[138.4023,36.464381],[138.401398,36.464153],[138.400459,36.463375],[138.400071,36.461405],[138.400644,36.460225],[138.401037,36.458256],[138.400904,36.455978],[138.399424,36.454637],[138.398698,36.453031],[138.39936,36.452198],[138.401006,36.452443],[138.403126,36.452319],[138.403461,36.452048],[138.403233,36.450805],[138.401287,36.447064],[138.400942,36.445898],[138.40108,36.445081],[138.400592,36.441181],[138.401372,36.438918],[138.40081,36.43658],[138.400789,36.435009],[138.40145,36.434021],[138.403609,36.433496],[138.40571,36.433423],[138.410166,36.432481],[138.411602,36.432331],[138.415284,36.431596],[138.420567,36.42856],[138.421203,36.428423],[138.429823,36.425619],[138.432046,36.424995],[138.439282,36.423212],[138.441601,36.422593],[138.442099,36.422323],[138.445983,36.419621],[138.447193,36.419261],[138.448002,36.419786],[138.449429,36.420064],[138.451625,36.421174],[138.454,36.42089],[138.455636,36.420412],[138.456965,36.42024],[138.4575,36.418846],[138.458003,36.41816],[138.458154,36.417107],[138.457656,36.415891],[138.457968,36.415129],[138.457632,36.413614],[138.457183,36.413162],[138.45709,36.412295],[138.457974,36.411289],[138.459185,36.410533],[138.459468,36.409919],[138.46048,36.408877],[138.461173,36.407741],[138.459786,36.406806],[138.460031,36.405697],[138.45965,36.40475],[138.461242,36.404481],[138.464611,36.404426],[138.465592,36.404252],[138.472922,36.404878],[138.474831,36.40405],[138.475554,36.403963],[138.477043,36.404442],[138.477868,36.40445],[138.478762,36.403888],[138.479592,36.403824],[138.48133,36.403155],[138.482902,36.402711],[138.484191,36.402058],[138.486218,36.401488],[138.488957,36.400934],[138.489826,36.40146],[138.489846,36.402078],[138.488732,36.40348],[138.488557,36.405757],[138.488366,36.40632],[138.48881,36.408046],[138.488825,36.408917],[138.490954,36.410878],[138.491042,36.411587],[138.491554,36.412687],[138.492057,36.413258],[138.493595,36.413487],[138.495172,36.413998],[138.496432,36.414185],[138.498963,36.413996],[138.502688,36.41387],[138.503774,36.414597],[138.504752,36.414904],[138.505435,36.41477],[138.516602,36.407839],[138.517753,36.407299],[138.52147,36.406378],[138.523065,36.405904],[138.525819,36.404584],[138.529347,36.403043],[138.531937,36.402382],[138.533861,36.402209],[138.53576,36.402262],[138.538926,36.402502],[138.540612,36.402849],[138.541927,36.40409],[138.54376,36.405291],[138.545898,36.407413],[138.549236,36.41239],[138.549631,36.413344],[138.550494,36.413964],[138.552081,36.414712],[138.552574,36.416159],[138.555008,36.417774],[138.556241,36.418201],[138.558683,36.418541],[138.560262,36.418921],[138.564507,36.420217],[138.566894,36.419723],[138.569709,36.419533],[138.570939,36.419564],[138.570769,36.420845],[138.571957,36.425884],[138.571392,36.427756],[138.571892,36.430091],[138.572006,36.43121],[138.57271,36.432235],[138.572919,36.433376],[138.574876,36.436217],[138.575521,36.43763],[138.57623,36.438736],[138.577066,36.441253],[138.577118,36.44237],[138.577787,36.443908],[138.57784,36.444413],[138.579962,36.44924],[138.580623,36.450581],[138.580718,36.45122],[138.580779,36.456041],[138.580153,36.456114],[138.577818,36.455351],[138.569775,36.454972],[138.569041,36.455378],[138.568832,36.458236],[138.568982,36.459533],[138.569342,36.460931],[138.570994,36.463291],[138.570875,36.464656],[138.569925,36.466094],[138.569974,36.466827],[138.56924,36.467365],[138.569449,36.468394],[138.569065,36.469247],[138.569216,36.470017],[138.569194,36.471873],[138.569741,36.472312],[138.569854,36.47375],[138.569569,36.474199],[138.569814,36.475447],[138.569338,36.477618],[138.569808,36.478041],[138.570361,36.479509],[138.570635,36.48085],[138.571433,36.481089],[138.571089,36.481832],[138.57104,36.482809],[138.571372,36.483479],[138.572435,36.483823],[138.573399,36.485809],[138.573406,36.487527],[138.574819,36.488892],[138.574204,36.489762],[138.574398,36.490323],[138.574054,36.491509],[138.57323,36.493264],[138.573725,36.494271],[138.573922,36.495277],[138.573648,36.496513],[138.572284,36.497764],[138.570846,36.498597],[138.570219,36.499269],[138.569857,36.500154],[138.569673,36.501811],[138.569427,36.502569],[138.567436,36.505888],[138.566239,36.507404],[138.565095,36.509204],[138.565688,36.511099],[138.565207,36.511573],[138.565131,36.512465],[138.564553,36.512597],[138.564501,36.513715],[138.564733,36.519609],[138.565096,36.522965],[138.562911,36.525283],[138.562496,36.526587],[138.562985,36.527658],[138.563116,36.528794],[138.562651,36.529939],[138.563009,36.530925],[138.564036,36.531967],[138.565644,36.53329],[138.568377,36.534112],[138.569953,36.536014],[138.570996,36.53661],[138.571463,36.537661],[138.572604,36.535854],[138.573616,36.535141],[138.573946,36.534313],[138.575371,36.53354],[138.576652,36.532433],[138.577156,36.530225],[138.578584,36.528824],[138.580272,36.527824],[138.581204,36.527103],[138.581316,36.525872],[138.58238,36.525111],[138.58323,36.523052],[138.585108,36.521523],[138.586091,36.521321],[138.587255,36.521394],[138.58725,36.523602],[138.58909,36.524442],[138.590475,36.525358],[138.59127,36.525473],[138.593965,36.527464],[138.594822,36.527904],[138.596028,36.528086],[138.595679,36.531954],[138.595599,36.534162],[138.593567,36.536066],[138.593401,36.537376],[138.592659,36.539716],[138.591849,36.544207],[138.592057,36.54509],[138.592579,36.54593],[138.593383,36.546196],[138.59475,36.547175],[138.595808,36.548343],[138.596568,36.549778],[138.596128,36.550858],[138.595311,36.552032],[138.595247,36.553081],[138.594171,36.554052],[138.5931,36.554771],[138.591863,36.554807],[138.592278,36.556641],[138.592113,36.557518],[138.591212,36.558319],[138.591358,36.559783],[138.590688,36.561766],[138.589289,36.561791],[138.589017,36.562451],[138.588157,36.562913],[138.587406,36.562922],[138.587021,36.563601],[138.587595,36.564337],[138.587317,36.566305],[138.584988,36.566705],[138.584191,36.567512]]]]}},
  {"type":"Feature","properties":{"name":"草津町","code":"10426"},"geometry":{"type":"MultiPolygon","coordinates":[[[[138.525113,36.65126],[138.525764,36.650457],[138.526063,36.648049],[138.526119,36.643935],[138.526455,36.642163],[138.527109,36.640634],[138.528117,36.639571],[138.530245,36.638695],[138.532676,36.638424],[138.535737,36.637361],[138.536577,36.636391],[138.537922,36.635245],[138.538594,36.633641],[138.538912,36.63338],[138.539117,36.632031],[138.539247,36.629924],[138.538388,36.627625],[138.537175,36.626021],[138.535029,36.625648],[138.53445,36.624734],[138.534618,36.623783],[138.534529,36.621996],[138.534113,36.621356],[138.533391,36.621049],[138.530832,36.620551],[138.528403,36.619568],[138.527852,36.619216],[138.527888,36.618485],[138.529659,36.617402],[138.530904,36.617004],[138.532876,36.615946],[138.535057,36.614192],[138.536542,36.612511],[138.53757,36.610751],[138.53881,36.609961],[138.540546,36.606641],[138.540891,36.606315],[138.541152,36.604279],[138.542472,36.602801],[138.541776,36.60163],[138.541038,36.599838],[138.541266,36.599004],[138.541966,36.598058],[138.542901,36.597585],[138.54399,36.597472],[138.545354,36.597675],[138.546722,36.597243],[138.547299,36.596752],[138.548185,36.596747],[138.548675,36.596297],[138.54999,36.595947],[138.550886,36.595959],[138.55179,36.595291],[138.553298,36.595426],[138.554027,36.594674],[138.556598,36.594172],[138.558061,36.592837],[138.559311,36.592567],[138.560324,36.591271],[138.561405,36.589471],[138.561008,36.589036],[138.560923,36.588193],[138.559784,36.587516],[138.560101,36.586436],[138.56002,36.585172],[138.561388,36.583059],[138.56275,36.581944],[138.563327,36.581279],[138.564896,36.580599],[138.565345,36.57994],[138.565339,36.578817],[138.565985,36.578274],[138.567363,36.577842],[138.570271,36.577675],[138.570962,36.577253],[138.572028,36.577019],[138.57274,36.576541],[138.573267,36.575299],[138.574913,36.574848],[138.575919,36.574248],[138.576571,36.57422],[138.576941,36.5729],[138.576761,36.572397],[138.577108,36.571768],[138.57835,36.571374],[138.578973,36.570968],[138.580198,36.569296],[138.58022,36.568687],[138.580945,36.568184],[138.58182,36.568269],[138.583086,36.567489],[138.584191,36.567512],[138.583612,36.56839],[138.581968,36.569757],[138.582466,36.571291],[138.582534,36.575311],[138.582745,36.576148],[138.583778,36.577722],[138.584585,36.578696],[138.587479,36.579247],[138.588867,36.579846],[138.591077,36.580433],[138.592705,36.581057],[138.593892,36.581958],[138.596783,36.582496],[138.595925,36.583867],[138.595041,36.58491],[138.594623,36.586437],[138.594064,36.587532],[138.593522,36.591413],[138.592973,36.594495],[138.593128,36.596296],[138.593073,36.597801],[138.593338,36.598553],[138.59394,36.598954],[138.594872,36.599055],[138.60116,36.599128],[138.603292,36.599211],[138.608036,36.599056],[138.60989,36.601546],[138.61049,36.601482],[138.610579,36.602376],[138.61194,36.603506],[138.612908,36.603807],[138.612732,36.60471],[138.613415,36.604614],[138.614244,36.60565],[138.616241,36.606459],[138.617036,36.605969],[138.616723,36.605603],[138.616699,36.604498],[138.617275,36.603499],[138.618463,36.603189],[138.623892,36.607971],[138.628321,36.612026],[138.630419,36.614055],[138.630198,36.616992],[138.629991,36.618506],[138.629442,36.619911],[138.628353,36.62069],[138.627951,36.62223],[138.626193,36.623926],[138.625403,36.62541],[138.624776,36.625758],[138.624573,36.626413],[138.624987,36.626866],[138.62442,36.628214],[138.624596,36.628836],[138.623713,36.629898],[138.622349,36.63065],[138.621497,36.631312],[138.620508,36.631733],[138.619227,36.631968],[138.618475,36.63332],[138.617454,36.633704],[138.616128,36.634697],[138.615484,36.635883],[138.615013,36.636203],[138.614636,36.637268],[138.613092,36.639123],[138.611186,36.639404],[138.610408,36.639786],[138.608788,36.639895],[138.606811,36.640851],[138.605956,36.641579],[138.603789,36.642508],[138.601991,36.642987],[138.601034,36.643681],[138.600041,36.643707],[138.598924,36.643357],[138.597763,36.643764],[138.595353,36.642884],[138.59402,36.642132],[138.592291,36.642349],[138.590922,36.642215],[138.589233,36.641233],[138.58818,36.640028],[138.587579,36.639881],[138.585738,36.640569],[138.584621,36.640545],[138.584092,36.64106],[138.583601,36.642215],[138.582057,36.642061],[138.578411,36.641105],[138.577697,36.640492],[138.575752,36.640231],[138.574355,36.640773],[138.572404,36.641187],[138.570555,36.642016],[138.568655,36.642195],[138.568285,36.643133],[138.568699,36.643733],[138.567845,36.644881],[138.56701,36.645676],[138.566059,36.647444],[138.564592,36.648591],[138.56328,36.649164],[138.562316,36.649803],[138.559945,36.652645],[138.557783,36.653162],[138.556002,36.65426],[138.553312,36.654801],[138.551515,36.654756],[138.549832,36.654168],[138.547101,36.654342],[138.545878,36.654718],[138.544482,36.655622],[138.543072,36.656037],[138.540897,36.656011],[138.537849,36.656139],[138.537071,36.656356],[138.534756,36.655946],[138.533176,36.655215],[138.531709,36.654347],[138.528266,36.651816],[138.527412,36.651025],[138.526168,36.650955],[138.525113,36.65126]]]]}},
  {"type":"Feature","properties":{"name":"高山村","code":"10428"},"geometry":{"type":"MultiPolygon","coordinates":[[[[138.985281,36.644731],[138.983543,36.644638],[138.982821,36.645204],[138.981662,36.645406],[138.980576,36.644757],[138.979309,36.644886],[138.978463,36.645504],[138.975464,36.645542],[138.974834,36.646171],[138.974213,36.646083],[138.973235,36.646529],[138.971569,36.646539],[138.970095,36.647137],[138.969501,36.64993],[138.968631,36.651133],[138.96859,36.653286],[138.968858,36.653846],[138.968675,36.654742],[138.968016,36.65477],[138.966528,36.654077],[138.96559,36.654708],[138.963956,36.655359],[138.962545,36.654764],[138.961793,36.654129],[138.960621,36.654203],[138.960014,36.654559],[138.956553,36.653859],[138.955435,36.654234],[138.954702,36.654036],[138.953457,36.654419],[138.952466,36.653653],[138.951789,36.654064],[138.951602,36.654806],[138.949322,36.655673],[138.948566,36.655776],[138.9481,36.657119],[138.947749,36.65741],[138.946454,36.657259],[138.945865,36.657416],[138.944486,36.657067],[138.943388,36.658353],[138.942856,36.658347],[138.942138,36.658898],[138.940828,36.659377],[138.939651,36.659334],[138.939223,36.659995],[138.938495,36.66025],[138.936818,36.660339],[138.93559,36.661257],[138.934432,36.661244],[138.93379,36.661008],[138.93277,36.661438],[138.932059,36.662083],[138.931106,36.662253],[138.929899,36.661513],[138.928647,36.66137],[138.926347,36.659264],[138.925229,36.659031],[138.924916,36.658566],[138.924623,36.657271],[138.923615,36.656543],[138.923178,36.656653],[138.920359,36.656739],[138.918588,36.657984],[138.917729,36.658801],[138.914923,36.659262],[138.913887,36.659756],[138.910188,36.660222],[138.907883,36.659563],[138.905778,36.659562],[138.904978,36.659279],[138.903719,36.658364],[138.901667,36.658345],[138.898832,36.65708],[138.897726,36.656385],[138.895462,36.656668],[138.894502,36.657071],[138.893203,36.657144],[138.892953,36.656914],[138.892844,36.655518],[138.89234,36.654359],[138.890701,36.652957],[138.89051,36.652208],[138.888353,36.650353],[138.889124,36.649171],[138.888755,36.647861],[138.888703,36.646634],[138.889754,36.644876],[138.889656,36.644277],[138.888946,36.643906],[138.888289,36.642822],[138.888608,36.642263],[138.888146,36.641505],[138.888031,36.640045],[138.888341,36.638709],[138.888993,36.637513],[138.888932,36.636846],[138.889723,36.636048],[138.889532,36.633288],[138.890092,36.632135],[138.890548,36.630711],[138.890364,36.628156],[138.891148,36.626986],[138.891034,36.626073],[138.891849,36.625233],[138.892541,36.622705],[138.893706,36.620273],[138.893028,36.619112],[138.89211,36.618747],[138.891569,36.617984],[138.891862,36.617003],[138.892572,36.616518],[138.893725,36.615089],[138.893077,36.614559],[138.892608,36.613631],[138.892877,36.612216],[138.894893,36.611215],[138.895209,36.610248],[138.896305,36.609689],[138.896367,36.608641],[138.897067,36.608098],[138.897757,36.608348],[138.898101,36.60902],[138.898867,36.608948],[138.899422,36.608436],[138.900471,36.608581],[138.901351,36.608445],[138.902583,36.607426],[138.903127,36.606755],[138.904157,36.606069],[138.905559,36.605561],[138.906467,36.6042],[138.906668,36.603608],[138.908716,36.601569],[138.909887,36.601105],[138.910668,36.599795],[138.911731,36.598467],[138.911886,36.59747],[138.912583,36.596645],[138.913069,36.595444],[138.914006,36.594647],[138.914493,36.593347],[138.917291,36.591384],[138.917883,36.590681],[138.918343,36.589048],[138.919258,36.587883],[138.920421,36.586843],[138.920698,36.58623],[138.92179,36.586226],[138.922843,36.586933],[138.923743,36.586792],[138.9264,36.587048],[138.927432,36.587568],[138.928604,36.587536],[138.930996,36.587016],[138.932797,36.585983],[138.9344,36.5857],[138.934883,36.585353],[138.935815,36.584025],[138.935758,36.583117],[138.936372,36.581769],[138.937246,36.580903],[138.937796,36.582081],[138.940231,36.584741],[138.94128,36.584855],[138.942094,36.585244],[138.944795,36.585816],[138.947443,36.585727],[138.949335,36.585404],[138.949997,36.584924],[138.95262,36.583891],[138.954647,36.583188],[138.95772,36.582271],[138.958963,36.581478],[138.960034,36.581469],[138.961412,36.581818],[138.962342,36.580904],[138.963815,36.580981],[138.966687,36.580324],[138.968517,36.580993],[138.970316,36.580785],[138.971584,36.581238],[138.972536,36.581874],[138.975754,36.583011],[138.977215,36.583212],[138.980264,36.584232],[138.981178,36.584879],[138.982044,36.585067],[138.984474,36.586445],[138.985182,36.587216],[138.98635,36.587547],[138.987848,36.588443],[138.989394,36.588795],[138.991336,36.588777],[138.993551,36.589454],[138.993969,36.590107],[138.994598,36.59043],[138.995242,36.591558],[138.994026,36.592651],[138.992729,36.593209],[138.991082,36.594587],[138.991039,36.595642],[138.990037,36.596992],[138.988896,36.597597],[138.989253,36.599059],[138.989173,36.599867],[138.990691,36.601066],[138.990818,36.601759],[138.990146,36.606205],[138.990672,36.607396],[138.990235,36.608466],[138.989648,36.610811],[138.989459,36.612073],[138.989759,36.614292],[138.989134,36.615488],[138.988899,36.617096],[138.988284,36.618353],[138.988993,36.619329],[138.988551,36.620093],[138.988288,36.621204],[138.988222,36.62248],[138.987813,36.623173],[138.986808,36.624103],[138.986493,36.625434],[138.987179,36.62625],[138.987466,36.627449],[138.988215,36.628133],[138.989266,36.628124],[138.990004,36.628931],[138.989886,36.629405],[138.990319,36.630454],[138.990503,36.631856],[138.991508,36.632559],[138.991861,36.633441],[138.991015,36.633704],[138.990893,36.635125],[138.991121,36.63679],[138.988689,36.636588],[138.988216,36.636684],[138.987742,36.637421],[138.986943,36.638086],[138.986619,36.638963],[138.986596,36.640983],[138.987649,36.641799],[138.987433,36.642906],[138.986811,36.643519],[138.986149,36.644739],[138.985281,36.644731]]]]}},
  {"type":"Feature","properties":{"name":"東吾妻町","code":"10429"},"geometry":{"type":"MultiPolygon","coordinates":[[[[138.877445,36.482995],[138.879164,36.483235],[138.880268,36.48264],[138.880934,36.483078],[138.881703,36.485174],[138.881635,36.486095],[138.882883,36.486743],[138.883707,36.487524],[138.883693,36.488579],[138.884409,36.489375],[138.884726,36.490311],[138.885407,36.491025],[138.885398,36.493533],[138.886316,36.494118],[138.886657,36.495125],[138.887512,36.495845],[138.888027,36.496588],[138.888032,36.497149],[138.88894,36.497873],[138.88979,36.49899],[138.890683,36.499566],[138.89082,36.50027],[138.891895,36.50179],[138.893126,36.50284],[138.893534,36.502826],[138.894771,36.503726],[138.89608,36.504366],[138.897258,36.505469],[138.900972,36.506463],[138.901826,36.506774],[138.902271,36.50748],[138.903214,36.508327],[138.904174,36.508722],[138.905539,36.508588],[138.906415,36.508833],[138.909283,36.508769],[138.910408,36.50918],[138.911606,36.51033],[138.912996,36.510832],[138.913663,36.511298],[138.91417,36.512221],[138.914749,36.512017],[138.915315,36.512605],[138.916352,36.512602],[138.917399,36.51297],[138.917166,36.513588],[138.917805,36.51393],[138.917979,36.514535],[138.919029,36.514704],[138.92015,36.514262],[138.920865,36.513475],[138.922447,36.513371],[138.923002,36.51408],[138.923835,36.515975],[138.924558,36.516366],[138.925373,36.517399],[138.926662,36.518071],[138.927169,36.518716],[138.928074,36.519212],[138.928723,36.519906],[138.929675,36.520451],[138.930091,36.521332],[138.929801,36.522893],[138.931754,36.523942],[138.932781,36.524655],[138.933708,36.524902],[138.934386,36.525474],[138.934701,36.526275],[138.935324,36.526184],[138.936099,36.526816],[138.936372,36.527765],[138.937338,36.527944],[138.937525,36.528339],[138.938493,36.528931],[138.938985,36.530006],[138.940003,36.52942],[138.941106,36.53049],[138.940608,36.532419],[138.940668,36.532975],[138.941573,36.53305],[138.941426,36.533816],[138.942014,36.53468],[138.942598,36.534923],[138.943227,36.535957],[138.943889,36.536087],[138.944236,36.537149],[138.943483,36.537533],[138.943399,36.538822],[138.942884,36.539532],[138.942831,36.540454],[138.943472,36.541593],[138.944487,36.542941],[138.944557,36.543529],[138.945313,36.544768],[138.947592,36.545623],[138.949168,36.545916],[138.952273,36.545976],[138.952626,36.546708],[138.950016,36.547018],[138.948756,36.547403],[138.94699,36.54835],[138.945045,36.549613],[138.944314,36.550281],[138.942965,36.550173],[138.940847,36.548387],[138.939773,36.547729],[138.937464,36.546647],[138.936313,36.546671],[138.933963,36.5483],[138.93084,36.55015],[138.929711,36.550688],[138.926368,36.551555],[138.922592,36.55171],[138.921647,36.55168],[138.919423,36.551135],[138.916207,36.54963],[138.913885,36.549514],[138.912487,36.549933],[138.911349,36.550949],[138.911117,36.551959],[138.910902,36.554059],[138.90961,36.555759],[138.907233,36.555568],[138.903532,36.55464],[138.90233,36.554687],[138.901438,36.554959],[138.900457,36.555612],[138.896622,36.559892],[138.896446,36.560419],[138.896459,36.561961],[138.896609,36.562855],[138.896114,36.563433],[138.893587,36.564049],[138.892192,36.564508],[138.890129,36.565664],[138.889038,36.566061],[138.887494,36.566345],[138.882832,36.566372],[138.881055,36.56697],[138.880562,36.56764],[138.880402,36.569712],[138.880074,36.570281],[138.878118,36.571998],[138.877566,36.572298],[138.873006,36.573262],[138.871822,36.573794],[138.870562,36.574932],[138.868751,36.577808],[138.868154,36.578974],[138.865783,36.580196],[138.863397,36.581102],[138.86247,36.581176],[138.860362,36.580973],[138.856785,36.57965],[138.854889,36.579086],[138.853854,36.579072],[138.852384,36.579346],[138.850171,36.580117],[138.847227,36.581526],[138.84317,36.5826],[138.841285,36.582875],[138.839829,36.582874],[138.837551,36.582482],[138.836701,36.581842],[138.835946,36.580551],[138.833387,36.581871],[138.832086,36.582729],[138.831226,36.58286],[138.829611,36.582776],[138.828206,36.58244],[138.826808,36.58251],[138.826131,36.582892],[138.824739,36.584839],[138.824282,36.585263],[138.821209,36.587203],[138.820229,36.587298],[138.81904,36.586873],[138.817388,36.58607],[138.815796,36.584795],[138.814197,36.583917],[138.811614,36.585163],[138.809674,36.585563],[138.808607,36.585988],[138.807324,36.586178],[138.806233,36.585958],[138.805292,36.584805],[138.805368,36.584204],[138.806734,36.583362],[138.806784,36.582766],[138.806112,36.581531],[138.805041,36.58075],[138.80527,36.579285],[138.804107,36.579465],[138.803347,36.57935],[138.803434,36.578608],[138.802757,36.578564],[138.802101,36.579193],[138.800756,36.579739],[138.800423,36.578722],[138.800002,36.578498],[138.799227,36.57912],[138.798789,36.579859],[138.798642,36.58086],[138.797932,36.582131],[138.796291,36.582301],[138.794057,36.581925],[138.793575,36.581455],[138.791154,36.580487],[138.790022,36.580613],[138.789313,36.580449],[138.788138,36.579498],[138.787241,36.579438],[138.78658,36.578931],[138.785821,36.578832],[138.784717,36.577952],[138.78316,36.57717],[138.781323,36.575563],[138.780662,36.575901],[138.779312,36.575776],[138.778749,36.576153],[138.776186,36.576644],[138.776191,36.57723],[138.775164,36.57836],[138.774235,36.578563],[138.773306,36.579497],[138.772213,36.579645],[138.771274,36.580934],[138.770421,36.58134],[138.769229,36.581018],[138.768027,36.581957],[138.767481,36.582739],[138.766011,36.583607],[138.763923,36.583924],[138.761305,36.584597],[138.760978,36.585793],[138.759208,36.58722],[138.75792,36.588706],[138.756702,36.589692],[138.755542,36.58973],[138.754361,36.58932],[138.751335,36.590287],[138.750465,36.590287],[138.749551,36.591453],[138.748838,36.591977],[138.747036,36.593923],[138.746181,36.594013],[138.745691,36.595118],[138.744569,36.595213],[138.744155,36.594553],[138.743212,36.594128],[138.741696,36.594503],[138.740894,36.595078],[138.740453,36.594899],[138.739175,36.595238],[138.738705,36.595599],[138.737861,36.596985],[138.737799,36.598579],[138.736761,36.598544],[138.734808,36.598131],[138.733855,36.597673],[138.730801,36.597899],[138.729832,36.597099],[138.729308,36.596291],[138.728315,36.595763],[138.727528,36.595802],[138.72654,36.594546],[138.726036,36.593339],[138.725344,36.592506],[138.723807,36.592307],[138.720846,36.591477],[138.718422,36.590331],[138.71704,36.59009],[138.713256,36.590469],[138.711705,36.59118],[138.710366,36.591109],[138.708796,36.59147],[138.707665,36.592361],[138.707246,36.592953],[138.706342,36.593089],[138.704215,36.593726],[138.702857,36.593267],[138.701352,36.593655],[138.699942,36.594228],[138.699632,36.594725],[138.6983,36.595181],[138.697175,36.59506],[138.696557,36.594426],[138.694954,36.593323],[138.691757,36.592794],[138.690865,36.592319],[138.690316,36.591643],[138.68961,36.591506],[138.688221,36.592141],[138.687378,36.592918],[138.686137,36.592875],[138.68531,36.593064],[138.684041,36.592733],[138.682494,36.592664],[138.68157,36.592351],[138.681521,36.592941],[138.682411,36.594746],[138.681971,36.595081],[138.680826,36.595159],[138.679663,36.595816],[138.678805,36.596753],[138.678262,36.597857],[138.67673,36.59703],[138.674992,36.596339],[138.674795,36.595314],[138.674374,36.594652],[138.674095,36.593519],[138.675551,36.592418],[138.67661,36.592091],[138.677493,36.591568],[138.678168,36.590663],[138.678216,36.589021],[138.678872,36.587844],[138.681554,36.586046],[138.681331,36.584472],[138.681688,36.58378],[138.682845,36.582824],[138.684302,36.580121],[138.68445,36.578673],[138.682304,36.578124],[138.681555,36.577649],[138.681065,36.576253],[138.681555,36.574998],[138.682415,36.574031],[138.684168,36.573676],[138.686072,36.573543],[138.687023,36.573161],[138.688592,36.571286],[138.689589,36.570447],[138.69028,36.56874],[138.691734,36.568218],[138.692866,36.568208],[138.69337,36.568823],[138.695365,36.569327],[138.697615,36.569104],[138.699181,36.56957],[138.699759,36.569532],[138.702401,36.568442],[138.704032,36.568731],[138.704862,36.56915],[138.706582,36.569244],[138.707887,36.568294],[138.708968,36.568098],[138.709556,36.568285],[138.71022,36.567778],[138.710668,36.567033],[138.713185,36.567247],[138.714213,36.566724],[138.714875,36.564543],[138.715725,36.562946],[138.716471,36.561996],[138.717171,36.560231],[138.716686,36.559597],[138.717246,36.558675],[138.71733,36.557292],[138.717638,36.556612],[138.718206,36.556248],[138.719075,36.555043],[138.720464,36.553962],[138.721109,36.551266],[138.720876,36.5498],[138.721566,36.549073],[138.721929,36.547505],[138.721435,36.54674],[138.720419,36.546246],[138.721407,36.545395],[138.722246,36.54356],[138.720846,36.542904],[138.720262,36.542321],[138.719004,36.541913],[138.717906,36.540955],[138.717405,36.54078],[138.71723,36.53986],[138.716787,36.539325],[138.716576,36.537993],[138.71477,36.538238],[138.714584,36.537656],[138.714747,36.536421],[138.714558,36.535696],[138.713544,36.534414],[138.712215,36.534321],[138.710479,36.53396],[138.707598,36.533539],[138.70571,36.532956],[138.70515,36.533888],[138.703234,36.533924],[138.702442,36.534588],[138.700356,36.534879],[138.69968,36.534052],[138.699356,36.53327],[138.697969,36.532396],[138.697235,36.531453],[138.694028,36.529504],[138.692452,36.528208],[138.690902,36.527322],[138.688372,36.524548],[138.687226,36.523741],[138.685956,36.523159],[138.684883,36.523031],[138.682798,36.523345],[138.681889,36.522693],[138.681795,36.521959],[138.682432,36.52114],[138.681418,36.519906],[138.680707,36.520243],[138.679321,36.519754],[138.67805,36.520138],[138.676013,36.519836],[138.675151,36.521897],[138.67386,36.522425],[138.6721,36.522658],[138.671238,36.522937],[138.669816,36.522879],[138.668869,36.523229],[138.665769,36.523416],[138.664371,36.523671],[138.663201,36.522341],[138.662641,36.520827],[138.661188,36.520509],[138.659883,36.51981],[138.659732,36.518762],[138.659172,36.518215],[138.657658,36.518227],[138.656593,36.517795],[138.655067,36.518633],[138.65347,36.518785],[138.651568,36.520721],[138.650565,36.521116],[138.649249,36.520615],[138.648091,36.519576],[138.647253,36.517794],[138.646577,36.517118],[138.64527,36.516428],[138.644711,36.515635],[138.644769,36.515077],[138.645398,36.514494],[138.645725,36.513232],[138.645561,36.512883],[138.644093,36.511485],[138.643929,36.51062],[138.642565,36.509921],[138.642401,36.508381],[138.64098,36.507088],[138.640943,36.50606],[138.640081,36.505175],[138.639835,36.504437],[138.64121,36.502594],[138.641073,36.501577],[138.641246,36.499475],[138.640638,36.498297],[138.640899,36.497791],[138.640984,36.496638],[138.640409,36.495357],[138.640882,36.493967],[138.640292,36.493008],[138.640624,36.492018],[138.640759,36.490633],[138.639992,36.489582],[138.640634,36.488584],[138.640832,36.48766],[138.641843,36.48695],[138.643667,36.484811],[138.644631,36.483993],[138.64353,36.483343],[138.643554,36.482555],[138.642936,36.48077],[138.642972,36.479209],[138.642326,36.478493],[138.642185,36.477921],[138.641438,36.477197],[138.64086,36.475606],[138.641058,36.474637],[138.641462,36.474039],[138.640607,36.47231],[138.639945,36.471708],[138.639685,36.471015],[138.639895,36.470019],[138.640284,36.469471],[138.642185,36.46821],[138.64582,36.466915],[138.647396,36.466264],[138.647748,36.46515],[138.648264,36.46479],[138.648277,36.464112],[138.64772,36.463355],[138.647667,36.461554],[138.648253,36.459947],[138.648109,36.459381],[138.649196,36.45835],[138.649481,36.457247],[138.650769,36.455456],[138.651104,36.454619],[138.65238,36.453932],[138.653278,36.453171],[138.654098,36.452819],[138.655196,36.451709],[138.655671,36.452216],[138.656613,36.452494],[138.657669,36.453903],[138.658597,36.454352],[138.659445,36.454371],[138.660221,36.453555],[138.661576,36.453527],[138.662681,36.454781],[138.663919,36.455746],[138.664053,36.45672],[138.66499,36.45729],[138.665766,36.458089],[138.665666,36.458883],[138.66612,36.459526],[138.667465,36.459746],[138.667764,36.460524],[138.668682,36.461435],[138.669838,36.461864],[138.670304,36.462581],[138.671191,36.462686],[138.672708,36.462571],[138.673601,36.463557],[138.674853,36.46332],[138.675761,36.463744],[138.678172,36.463801],[138.679613,36.464891],[138.681779,36.465372],[138.682156,36.466593],[138.683009,36.467081],[138.684194,36.468138],[138.684146,36.469093],[138.683836,36.469803],[138.683919,36.470789],[138.685813,36.472325],[138.686834,36.472711],[138.68716,36.473491],[138.688553,36.474028],[138.691085,36.474092],[138.6949,36.473564],[138.696329,36.473032],[138.697673,36.47304],[138.698789,36.473677],[138.699961,36.473771],[138.701588,36.474718],[138.703495,36.47546],[138.704166,36.476197],[138.704508,36.477222],[138.705903,36.478194],[138.706676,36.478485],[138.709942,36.479032],[138.710811,36.478755],[138.711326,36.479046],[138.712539,36.479126],[138.712687,36.479828],[138.714371,36.480852],[138.715864,36.480532],[138.716625,36.480541],[138.718232,36.481223],[138.719229,36.481427],[138.721343,36.481305],[138.7225,36.482195],[138.723232,36.482229],[138.725675,36.481078],[138.727215,36.479769],[138.730226,36.478204],[138.730724,36.477608],[138.731619,36.477666],[138.732874,36.477426],[138.734485,36.476862],[138.737823,36.477773],[138.738487,36.477665],[138.739312,36.476685],[138.740497,36.476529],[138.741729,36.477229],[138.742511,36.476989],[138.743554,36.477119],[138.744425,36.476408],[138.746838,36.476183],[138.747867,36.476392],[138.748452,36.475826],[138.750441,36.476034],[138.750943,36.476451],[138.752872,36.476571],[138.753658,36.476069],[138.754507,36.476069],[138.756252,36.476855],[138.757406,36.476982],[138.75825,36.477473],[138.759004,36.478506],[138.760627,36.478932],[138.761357,36.47884],[138.762596,36.479052],[138.763908,36.478889],[138.765976,36.478387],[138.767154,36.477869],[138.769806,36.47794],[138.771314,36.478371],[138.774448,36.478131],[138.775951,36.477758],[138.775747,36.476106],[138.775981,36.474687],[138.775472,36.472662],[138.775561,36.471375],[138.775184,36.46983],[138.774873,36.469352],[138.774873,36.468376],[138.773843,36.466383],[138.774334,36.465861],[138.77601,36.466082],[138.77807,36.467106],[138.778973,36.467112],[138.779669,36.468147],[138.780794,36.468645],[138.780663,36.470744],[138.779945,36.472965],[138.780022,36.473419],[138.782901,36.473226],[138.783568,36.473586],[138.786456,36.474232],[138.787587,36.474734],[138.789713,36.475148],[138.790326,36.475674],[138.791639,36.475981],[138.791769,36.476777],[138.792869,36.47655],[138.794313,36.476681],[138.794582,36.476364],[138.796095,36.476561],[138.797926,36.477183],[138.798819,36.477058],[138.798867,36.476502],[138.799447,36.476024],[138.80067,36.476011],[138.801173,36.476507],[138.802389,36.476915],[138.803328,36.476628],[138.804173,36.47577],[138.805169,36.475131],[138.806254,36.475184],[138.807905,36.474394],[138.808913,36.474417],[138.810283,36.474904],[138.814481,36.474969],[138.815528,36.474831],[138.817026,36.475172],[138.818907,36.475388],[138.819995,36.475119],[138.821774,36.475046],[138.8235,36.474573],[138.824852,36.474041],[138.826326,36.473088],[138.827959,36.473208],[138.830901,36.473136],[138.832624,36.473202],[138.833518,36.473459],[138.835832,36.473562],[138.837136,36.473388],[138.837908,36.473843],[138.839274,36.473795],[138.84075,36.474167],[138.842792,36.475281],[138.844446,36.475028],[138.846552,36.475214],[138.847745,36.475084],[138.849097,36.475448],[138.849714,36.476483],[138.850747,36.477181],[138.851997,36.476913],[138.853457,36.477038],[138.855817,36.476195],[138.856205,36.474733],[138.858595,36.474416],[138.86005,36.473464],[138.860564,36.473458],[138.860929,36.474499],[138.861923,36.475936],[138.861894,36.477518],[138.862134,36.478534],[138.865793,36.48133],[138.867318,36.481539],[138.868984,36.481432],[138.870749,36.482149],[138.871464,36.482108],[138.87219,36.481647],[138.874084,36.482116],[138.874821,36.482441],[138.875692,36.482375],[138.876955,36.483172],[138.877445,36.482995]]]]}},
  {"type":"Feature","properties":{"name":"片品村","code":"10443"},"geometry":{"type":"MultiPolygon","coordinates":[[[[139.353057,36.773609],[139.353399,36.774111],[139.35646,36.774337],[139.357769,36.774289],[139.358839,36.774558],[139.359914,36.775158],[139.360791,36.776794],[139.362138,36.778549],[139.362083,36.779613],[139.362284,36.780727],[139.363734,36.781639],[139.365349,36.782231],[139.365898,36.782898],[139.367551,36.783789],[139.369849,36.782931],[139.371421,36.783161],[139.374331,36.784291],[139.376543,36.786487],[139.376038,36.786957],[139.376776,36.787874],[139.376319,36.7885],[139.376175,36.789596],[139.375636,36.791002],[139.376248,36.791381],[139.377263,36.791473],[139.378041,36.79207],[139.378002,36.795024],[139.377632,36.796625],[139.376023,36.797255],[139.375804,36.797658],[139.376236,36.799239],[139.375678,36.800414],[139.377749,36.802276],[139.378299,36.803289],[139.377531,36.803837],[139.377935,36.804449],[139.378814,36.804614],[139.380314,36.804566],[139.382092,36.804858],[139.382978,36.805623],[139.384042,36.805841],[139.384946,36.805705],[139.386227,36.805127],[139.387844,36.80536],[139.388612,36.805268],[139.389141,36.806685],[139.390684,36.80783],[139.392684,36.808855],[139.393702,36.809679],[139.392784,36.810203],[139.391598,36.811872],[139.391029,36.813527],[139.391073,36.814433],[139.393153,36.816471],[139.393649,36.817592],[139.394409,36.818377],[139.397705,36.8207],[139.398909,36.821258],[139.401245,36.821518],[139.403156,36.823016],[139.403258,36.824011],[139.404352,36.82501],[139.405411,36.825578],[139.405994,36.826461],[139.4067,36.82694],[139.406427,36.82759],[139.405422,36.828114],[139.406063,36.830035],[139.40451,36.831436],[139.403412,36.831853],[139.401495,36.832308],[139.40116,36.832643],[139.399766,36.833079],[139.398553,36.834345],[139.397338,36.834694],[139.39444,36.83399],[139.392958,36.834436],[139.392502,36.834232],[139.39211,36.832802],[139.39092,36.832656],[139.389463,36.833272],[139.387896,36.833717],[139.387236,36.834294],[139.386668,36.835516],[139.38492,36.836016],[139.383599,36.836142],[139.382934,36.83658],[139.380846,36.836595],[139.379848,36.83735],[139.378119,36.838333],[139.376756,36.838822],[139.374449,36.838042],[139.373219,36.839484],[139.371768,36.84013],[139.370258,36.840487],[139.369692,36.84087],[139.367849,36.84119],[139.366487,36.841216],[139.366461,36.842054],[139.365007,36.844537],[139.364866,36.845217],[139.363825,36.847315],[139.361465,36.84758],[139.359922,36.848154],[139.359305,36.848197],[139.356929,36.847892],[139.355372,36.848499],[139.353948,36.848691],[139.352618,36.849072],[139.351424,36.850205],[139.350742,36.851495],[139.348705,36.852559],[139.350621,36.853882],[139.351449,36.855085],[139.352403,36.855607],[139.354731,36.857456],[139.355627,36.85844],[139.355581,36.860478],[139.355101,36.861231],[139.355138,36.861853],[139.356482,36.863999],[139.357,36.864514],[139.357721,36.865735],[139.357652,36.866462],[139.357014,36.867365],[139.357727,36.869114],[139.357615,36.870685],[139.358206,36.87221],[139.358066,36.873276],[139.357572,36.8751],[139.357493,36.876036],[139.357134,36.876949],[139.356216,36.877512],[139.357014,36.878127],[139.358351,36.877567],[139.360923,36.874172],[139.361433,36.876285],[139.36241,36.877514],[139.36287,36.877529],[139.365104,36.876994],[139.367209,36.877031],[139.367872,36.87718],[139.370178,36.878565],[139.368625,36.879851],[139.369666,36.880532],[139.371888,36.882819],[139.371896,36.883882],[139.371224,36.884844],[139.371533,36.88578],[139.370683,36.887788],[139.37022,36.888035],[139.370632,36.889595],[139.371767,36.889919],[139.372976,36.891375],[139.373439,36.892345],[139.373423,36.893256],[139.374439,36.894416],[139.375874,36.895259],[139.376532,36.896145],[139.378369,36.896761],[139.379421,36.897987],[139.381543,36.8981],[139.382208,36.898349],[139.382822,36.899182],[139.383576,36.89974],[139.384699,36.900121],[139.386883,36.900166],[139.387056,36.900542],[139.389318,36.901661],[139.391993,36.902463],[139.393903,36.903279],[139.394942,36.904511],[139.395596,36.906102],[139.39559,36.906867],[139.395138,36.907633],[139.393585,36.909056],[139.393289,36.910796],[139.391926,36.910932],[139.390267,36.911421],[139.38705,36.911362],[139.385297,36.911829],[139.383302,36.911403],[139.381599,36.912177],[139.381353,36.912594],[139.381426,36.914035],[139.379566,36.914969],[139.378868,36.915594],[139.377047,36.916074],[139.375936,36.917084],[139.375226,36.917311],[139.373132,36.918394],[139.372774,36.918376],[139.370609,36.917362],[139.368807,36.917507],[139.367378,36.918069],[139.365777,36.91805],[139.36475,36.918321],[139.363694,36.917573],[139.362388,36.917075],[139.361202,36.916376],[139.3592,36.916354],[139.357496,36.916855],[139.355814,36.916327],[139.352782,36.915769],[139.349652,36.914155],[139.350053,36.917995],[139.348618,36.919913],[139.346893,36.921524],[139.346237,36.921896],[139.344719,36.92351],[139.345083,36.925699],[139.34371,36.926305],[139.342387,36.927533],[139.340431,36.927855],[139.338772,36.92768],[139.337795,36.927272],[139.336532,36.926439],[139.334286,36.924751],[139.332275,36.924528],[139.327734,36.924545],[139.325899,36.92552],[139.323975,36.926018],[139.323096,36.926023],[139.321714,36.925715],[139.318346,36.925509],[139.314853,36.926661],[139.312257,36.926884],[139.309018,36.926965],[139.306776,36.926379],[139.305069,36.925812],[139.304455,36.925824],[139.303346,36.926382],[139.30257,36.927268],[139.302152,36.928476],[139.300279,36.930067],[139.294819,36.934464],[139.294031,36.934702],[139.293118,36.934477],[139.292631,36.934789],[139.290791,36.934455],[139.290525,36.933987],[139.289657,36.933815],[139.28772,36.934038],[139.287338,36.93431],[139.286232,36.934227],[139.285371,36.933657],[139.284699,36.933582],[139.284059,36.931654],[139.281711,36.931147],[139.280658,36.931898],[139.280408,36.93241],[139.279587,36.932607],[139.27854,36.933422],[139.277511,36.933874],[139.276271,36.93351],[139.275118,36.933635],[139.27431,36.934583],[139.273268,36.935162],[139.272367,36.935409],[139.270268,36.936923],[139.268957,36.938163],[139.268209,36.938593],[139.267449,36.940453],[139.266809,36.940983],[139.265917,36.94116],[139.26486,36.940919],[139.264375,36.94025],[139.264313,36.939031],[139.263972,36.938525],[139.263146,36.938185],[139.261426,36.937914],[139.259599,36.936079],[139.258255,36.93521],[139.258057,36.934523],[139.256661,36.933384],[139.255464,36.932913],[139.254659,36.932336],[139.252957,36.932425],[139.251181,36.931832],[139.250662,36.931158],[139.250044,36.931327],[139.248795,36.931048],[139.248003,36.930643],[139.247584,36.930923],[139.246423,36.930919],[139.244173,36.930046],[139.244016,36.929685],[139.242399,36.929538],[139.241662,36.930037],[139.240558,36.929484],[139.240217,36.930462],[139.239241,36.932271],[139.238873,36.933243],[139.238878,36.934189],[139.236895,36.934879],[139.236548,36.934272],[139.23557,36.934022],[139.234652,36.934429],[139.234571,36.936256],[139.234981,36.93673],[139.234918,36.937395],[139.233647,36.936977],[139.232754,36.937378],[139.231298,36.936688],[139.230577,36.936936],[139.229812,36.938272],[139.230609,36.939119],[139.229994,36.94016],[139.230795,36.940658],[139.231632,36.940346],[139.233231,36.941495],[139.23387,36.942323],[139.235124,36.943452],[139.236002,36.944607],[139.237791,36.946345],[139.237821,36.946718],[139.236829,36.947225],[139.23603,36.948472],[139.235378,36.951522],[139.234679,36.952249],[139.232827,36.953486],[139.231453,36.955393],[139.23084,36.958112],[139.228715,36.961198],[139.226792,36.961749],[139.225141,36.961989],[139.224082,36.961896],[139.221407,36.96116],[139.218661,36.960709],[139.215682,36.958721],[139.214537,36.957821],[139.214419,36.957042],[139.213093,36.956844],[139.210586,36.95689],[139.208875,36.956483],[139.208106,36.955924],[139.205448,36.955941],[139.203495,36.956815],[139.201907,36.958403],[139.201327,36.958389],[139.198429,36.957673],[139.197087,36.95839],[139.196582,36.958911],[139.19524,36.959022],[139.194187,36.960576],[139.193519,36.961047],[139.191853,36.961188],[139.189666,36.960026],[139.188628,36.959867],[139.186487,36.959916],[139.185382,36.960538],[139.183106,36.961485],[139.182345,36.962098],[139.181508,36.963643],[139.180314,36.964522],[139.178921,36.963902],[139.178431,36.962336],[139.177265,36.961098],[139.176459,36.959975],[139.174014,36.958525],[139.17196,36.958108],[139.170621,36.956901],[139.169574,36.956623],[139.169374,36.955009],[139.168671,36.953948],[139.167346,36.952836],[139.167021,36.951573],[139.167354,36.950344],[139.167847,36.949386],[139.167946,36.948032],[139.166769,36.945017],[139.168306,36.94265],[139.16837,36.941632],[139.168135,36.940811],[139.16669,36.938562],[139.166776,36.937946],[139.166176,36.93655],[139.166313,36.935567],[139.166819,36.935176],[139.167054,36.934281],[139.167013,36.933088],[139.167258,36.932712],[139.168355,36.932825],[139.169106,36.932169],[139.170104,36.931742],[139.171703,36.930481],[139.172424,36.928802],[139.173244,36.928029],[139.173949,36.925434],[139.173196,36.923666],[139.173538,36.922819],[139.17438,36.921682],[139.174385,36.920721],[139.175647,36.918815],[139.175788,36.917417],[139.176131,36.916405],[139.175939,36.913359],[139.174911,36.912005],[139.174156,36.911306],[139.17353,36.910045],[139.173387,36.908607],[139.172345,36.907348],[139.172981,36.906328],[139.173606,36.90469],[139.173739,36.903924],[139.172986,36.902508],[139.171771,36.901929],[139.171817,36.901386],[139.171358,36.899828],[139.171555,36.898236],[139.171519,36.896609],[139.172026,36.894712],[139.172642,36.893298],[139.172559,36.89229],[139.173325,36.890925],[139.172284,36.890003],[139.172268,36.888061],[139.168563,36.886824],[139.167041,36.886566],[139.164706,36.885014],[139.163539,36.883331],[139.161729,36.881678],[139.160395,36.880065],[139.15898,36.87954],[139.157979,36.879574],[139.158521,36.878843],[139.158669,36.878047],[139.158343,36.877229],[139.156132,36.87465],[139.155311,36.874061],[139.154448,36.873827],[139.15337,36.873114],[139.153244,36.871973],[139.153828,36.871286],[139.153879,36.870607],[139.154575,36.867898],[139.154633,36.865799],[139.155154,36.865126],[139.155472,36.863957],[139.156667,36.862816],[139.158114,36.86236],[139.159188,36.862988],[139.160195,36.863272],[139.161613,36.864057],[139.162987,36.865025],[139.164539,36.865483],[139.165608,36.865411],[139.16718,36.864605],[139.169817,36.863756],[139.1712,36.86343],[139.173176,36.863303],[139.173622,36.862358],[139.176087,36.86174],[139.177654,36.861112],[139.178829,36.861421],[139.180726,36.861163],[139.181764,36.860355],[139.182774,36.860542],[139.184102,36.860451],[139.185492,36.859538],[139.186863,36.858856],[139.18976,36.85823],[139.191372,36.857365],[139.19397,36.856368],[139.195429,36.856048],[139.194159,36.853826],[139.193617,36.85218],[139.193703,36.850371],[139.194745,36.84816],[139.195023,36.847151],[139.195514,36.846324],[139.19585,36.844913],[139.195815,36.843924],[139.196167,36.843285],[139.197649,36.842193],[139.198111,36.841141],[139.196947,36.839805],[139.196534,36.839066],[139.19566,36.838174],[139.193013,36.837092],[139.191881,36.836126],[139.191139,36.835737],[139.189382,36.835277],[139.18799,36.835537],[139.18678,36.83598],[139.185813,36.836554],[139.184225,36.836814],[139.182992,36.837262],[139.181047,36.836873],[139.179487,36.836973],[139.177409,36.836662],[139.176102,36.836717],[139.175436,36.834495],[139.175355,36.83359],[139.174782,36.832995],[139.172647,36.832679],[139.171922,36.832323],[139.171041,36.831457],[139.169744,36.830618],[139.168318,36.82992],[139.16613,36.828621],[139.164179,36.827611],[139.163249,36.826919],[139.162218,36.825619],[139.161439,36.825038],[139.159401,36.824577],[139.158874,36.824242],[139.158499,36.823101],[139.158417,36.819912],[139.158985,36.817248],[139.159079,36.814975],[139.158343,36.814473],[139.155104,36.81186],[139.154365,36.811067],[139.15289,36.810177],[139.151276,36.807907],[139.149947,36.807195],[139.14855,36.807062],[139.146076,36.80657],[139.144665,36.806096],[139.142831,36.805173],[139.142636,36.804408],[139.141759,36.803942],[139.140583,36.803987],[139.1391,36.80364],[139.140248,36.801728],[139.141804,36.799744],[139.142825,36.798636],[139.143029,36.795667],[139.143414,36.79362],[139.144154,36.792383],[139.144171,36.791783],[139.145031,36.791399],[139.145292,36.790866],[139.14627,36.789966],[139.147554,36.789442],[139.1485,36.788653],[139.151918,36.787406],[139.153068,36.786848],[139.154567,36.78553],[139.155741,36.783078],[139.156966,36.781795],[139.158082,36.779719],[139.159553,36.778425],[139.160114,36.777549],[139.160265,36.7768],[139.161927,36.775572],[139.161382,36.774014],[139.160623,36.773151],[139.159807,36.77276],[139.159667,36.771233],[139.158996,36.769675],[139.158522,36.768197],[139.158511,36.767388],[139.158166,36.766683],[139.158467,36.766074],[139.158188,36.764901],[139.159063,36.763837],[139.159271,36.762586],[139.158988,36.762108],[139.159291,36.761485],[139.158599,36.759094],[139.15898,36.758435],[139.158655,36.757741],[139.156668,36.755784],[139.156127,36.755522],[139.154762,36.755441],[139.154442,36.754804],[139.152781,36.75368],[139.15343,36.752207],[139.152693,36.750903],[139.153144,36.749443],[139.15317,36.748553],[139.151839,36.747945],[139.151759,36.747338],[139.153311,36.745841],[139.152755,36.744731],[139.154439,36.743437],[139.15527,36.742076],[139.1571,36.741278],[139.158422,36.740071],[139.159084,36.74023],[139.160952,36.741331],[139.161852,36.741084],[139.163236,36.741648],[139.163904,36.742236],[139.164248,36.74324],[139.165156,36.744147],[139.166858,36.744526],[139.167616,36.7445],[139.168269,36.743927],[139.169856,36.743293],[139.171609,36.742929],[139.173152,36.743158],[139.174616,36.742172],[139.175524,36.742516],[139.176229,36.741529],[139.176239,36.7403],[139.177182,36.739992],[139.179401,36.738728],[139.179903,36.737953],[139.181925,36.736027],[139.183186,36.734591],[139.184606,36.734398],[139.185849,36.735032],[139.187453,36.73426],[139.188758,36.73433],[139.190971,36.733925],[139.191802,36.734577],[139.193363,36.733873],[139.19487,36.733582],[139.195399,36.733071],[139.194738,36.73256],[139.194447,36.731733],[139.192984,36.731169],[139.192109,36.730599],[139.19203,36.729595],[139.193211,36.728071],[139.194507,36.72764],[139.19452,36.726151],[139.19407,36.725728],[139.193885,36.724883],[139.1934,36.724064],[139.193039,36.722877],[139.193206,36.722128],[139.194202,36.720798],[139.195263,36.719796],[139.195157,36.719215],[139.195537,36.71844],[139.196912,36.717726],[139.199083,36.718097],[139.199844,36.7184],[139.200954,36.717594],[139.202147,36.717442],[139.202507,36.715294],[139.20381,36.712983],[139.204513,36.712178],[139.205874,36.711796],[139.207172,36.709644],[139.208668,36.709632],[139.209004,36.710197],[139.208928,36.711531],[139.208133,36.712995],[139.208492,36.713843],[139.208274,36.714525],[139.20903,36.715329],[139.209172,36.716206],[139.208282,36.717752],[139.209077,36.718844],[139.21038,36.719003],[139.210851,36.719379],[139.211211,36.720372],[139.212277,36.721143],[139.212845,36.722042],[139.213347,36.724095],[139.213942,36.72476],[139.215961,36.72502],[139.217274,36.725632],[139.220105,36.727196],[139.221568,36.729084],[139.221468,36.730317],[139.222494,36.732067],[139.223172,36.73225],[139.223684,36.73295],[139.224574,36.732591],[139.22533,36.733082],[139.225401,36.73373],[139.224878,36.734499],[139.224825,36.735135],[139.226488,36.736733],[139.22815,36.737816],[139.229397,36.738792],[139.230622,36.740063],[139.231059,36.741251],[139.23222,36.742856],[139.233858,36.74252],[139.234995,36.742897],[139.236088,36.742774],[139.236362,36.741859],[139.237971,36.741947],[139.239332,36.741441],[139.240257,36.741535],[139.242387,36.742176],[139.243825,36.741893],[139.244866,36.742143],[139.245602,36.742996],[139.246918,36.743146],[139.247391,36.743616],[139.250047,36.744891],[139.250654,36.745312],[139.251352,36.745243],[139.252918,36.746001],[139.254335,36.745312],[139.255611,36.744996],[139.25577,36.744335],[139.257345,36.743491],[139.257751,36.744401],[139.258729,36.744037],[139.260234,36.744725],[139.261015,36.744544],[139.263216,36.744509],[139.264937,36.744738],[139.2661,36.743389],[139.266791,36.743011],[139.26792,36.742992],[139.269445,36.742025],[139.270519,36.741091],[139.273159,36.741468],[139.273576,36.742188],[139.273029,36.742928],[139.273153,36.743429],[139.274233,36.743683],[139.275148,36.743449],[139.277206,36.743762],[139.278828,36.746524],[139.280264,36.747576],[139.281825,36.747472],[139.283138,36.747974],[139.284529,36.748896],[139.285513,36.749989],[139.286623,36.750327],[139.287405,36.750958],[139.287947,36.752766],[139.288508,36.753803],[139.291404,36.754867],[139.292585,36.755462],[139.292908,36.756165],[139.294645,36.757322],[139.296676,36.757667],[139.297447,36.758333],[139.299754,36.759697],[139.301197,36.761981],[139.302339,36.76292],[139.303138,36.762352],[139.30469,36.761828],[139.305561,36.76176],[139.307437,36.762788],[139.308912,36.763192],[139.310682,36.763425],[139.311216,36.763889],[139.312879,36.764231],[139.314144,36.765139],[139.316065,36.765099],[139.317892,36.765594],[139.320893,36.765374],[139.32109,36.76574],[139.322298,36.766261],[139.323616,36.766544],[139.324567,36.767292],[139.326917,36.768285],[139.329123,36.768382],[139.331476,36.769058],[139.33255,36.769803],[139.332609,36.77092],[139.332329,36.771644],[139.332406,36.773403],[139.332871,36.774066],[139.33482,36.774058],[139.336852,36.774719],[139.338972,36.774687],[139.339464,36.775054],[139.343044,36.77515],[139.344315,36.775415],[139.345565,36.776019],[139.346458,36.776681],[139.348012,36.776418],[139.349447,36.775706],[139.349731,36.775269],[139.35144,36.77463],[139.353057,36.773609]]]]}},
  {"type":"Feature","properties":{"name":"川場村","code":"10444"},"geometry":{"type":"MultiPolygon","coordinates":[[[[139.196912,36.717726],[139.195537,36.71844],[139.195157,36.719215],[139.195263,36.719796],[139.194202,36.720798],[139.193206,36.722128],[139.193039,36.722877],[139.1934,36.724064],[139.193885,36.724883],[139.19407,36.725728],[139.19452,36.726151],[139.194507,36.72764],[139.193211,36.728071],[139.19203,36.729595],[139.192109,36.730599],[139.192984,36.731169],[139.194447,36.731733],[139.194738,36.73256],[139.195399,36.733071],[139.19487,36.733582],[139.193363,36.733873],[139.191802,36.734577],[139.190971,36.733925],[139.188758,36.73433],[139.187453,36.73426],[139.185849,36.735032],[139.184606,36.734398],[139.183186,36.734591],[139.181925,36.736027],[139.179903,36.737953],[139.179401,36.738728],[139.177182,36.739992],[139.176239,36.7403],[139.176229,36.741529],[139.175524,36.742516],[139.174616,36.742172],[139.173152,36.743158],[139.171609,36.742929],[139.169856,36.743293],[139.168269,36.743927],[139.167616,36.7445],[139.166858,36.744526],[139.165156,36.744147],[139.164248,36.74324],[139.163904,36.742236],[139.163236,36.741648],[139.161852,36.741084],[139.160952,36.741331],[139.159084,36.74023],[139.158422,36.740071],[139.1571,36.741278],[139.15527,36.742076],[139.154439,36.743437],[139.152755,36.744731],[139.153311,36.745841],[139.151759,36.747338],[139.151839,36.747945],[139.15317,36.748553],[139.153144,36.749443],[139.152693,36.750903],[139.15343,36.752207],[139.152781,36.75368],[139.154442,36.754804],[139.154762,36.755441],[139.156127,36.755522],[139.156668,36.755784],[139.158655,36.757741],[139.15898,36.758435],[139.158599,36.759094],[139.159291,36.761485],[139.158988,36.762108],[139.159271,36.762586],[139.159063,36.763837],[139.158188,36.764901],[139.158467,36.766074],[139.158166,36.766683],[139.158511,36.767388],[139.158522,36.768197],[139.158996,36.769675],[139.159667,36.771233],[139.159807,36.77276],[139.160623,36.773151],[139.161382,36.774014],[139.161927,36.775572],[139.160265,36.7768],[139.160114,36.777549],[139.159553,36.778425],[139.158082,36.779719],[139.156966,36.781795],[139.155741,36.783078],[139.154567,36.78553],[139.153068,36.786848],[139.151918,36.787406],[139.1485,36.788653],[139.147554,36.789442],[139.14627,36.789966],[139.145292,36.790866],[139.145031,36.791399],[139.144171,36.791783],[139.144154,36.792383],[139.143414,36.79362],[139.143029,36.795667],[139.142825,36.798636],[139.141804,36.799744],[139.140248,36.801728],[139.1391,36.80364],[139.138012,36.803644],[139.136278,36.804227],[139.134387,36.80501],[139.133258,36.80525],[139.13172,36.804908],[139.129246,36.80283],[139.127379,36.79965],[139.126703,36.798919],[139.126098,36.797536],[139.125529,36.796752],[139.124156,36.796133],[139.122877,36.795793],[139.121919,36.795337],[139.12114,36.794321],[139.121246,36.793085],[139.120229,36.791848],[139.119591,36.791587],[139.119259,36.790388],[139.118436,36.789307],[139.117341,36.787516],[139.117897,36.786704],[139.117693,36.785252],[139.11826,36.784236],[139.118252,36.783525],[139.116699,36.78262],[139.115653,36.781837],[139.115812,36.780833],[139.116424,36.779119],[139.11375,36.776793],[139.109453,36.774745],[139.108756,36.773971],[139.106633,36.772682],[139.105816,36.77138],[139.104344,36.770377],[139.102614,36.768459],[139.10097,36.767697],[139.101105,36.76584],[139.100982,36.76531],[139.100206,36.764779],[139.098418,36.76407],[139.097548,36.76349],[139.097368,36.762449],[139.095621,36.760659],[139.093216,36.75915],[139.092714,36.758619],[139.09237,36.756008],[139.09111,36.753699],[139.090754,36.752667],[139.08951,36.751396],[139.089108,36.750601],[139.08826,36.749956],[139.087566,36.748356],[139.087246,36.746717],[139.086479,36.745514],[139.085923,36.744164],[139.085394,36.741234],[139.084348,36.73978],[139.083914,36.736483],[139.083909,36.735157],[139.084206,36.734331],[139.08503,36.733413],[139.084964,36.732716],[139.084296,36.731988],[139.082925,36.728991],[139.082863,36.728033],[139.083164,36.727016],[139.083786,36.7261],[139.083725,36.725629],[139.084205,36.724031],[139.08529,36.722861],[139.085239,36.72098],[139.085432,36.719522],[139.08481,36.717711],[139.084221,36.713854],[139.08439,36.712597],[139.083853,36.711478],[139.083594,36.709455],[139.083735,36.707761],[139.083678,36.706373],[139.084027,36.704482],[139.083858,36.704299],[139.081292,36.704623],[139.080609,36.704242],[139.07986,36.701348],[139.08018,36.699307],[139.081094,36.697604],[139.081746,36.694477],[139.081323,36.693545],[139.08053,36.692911],[139.08207,36.691941],[139.082269,36.690949],[139.082166,36.690173],[139.084254,36.689549],[139.085271,36.688806],[139.08546,36.690227],[139.086895,36.690152],[139.087866,36.689785],[139.08726,36.688614],[139.085102,36.687482],[139.084565,36.686317],[139.084012,36.685803],[139.084729,36.684494],[139.084466,36.683562],[139.083733,36.683119],[139.083878,36.68267],[139.084832,36.682361],[139.085363,36.681753],[139.084894,36.680671],[139.084363,36.680068],[139.083424,36.679671],[139.082718,36.678929],[139.082628,36.677755],[139.081786,36.675797],[139.080667,36.674513],[139.080981,36.673652],[139.08079,36.673071],[139.080017,36.672648],[139.080187,36.672045],[139.079463,36.67049],[139.078679,36.670536],[139.07807,36.669771],[139.077628,36.668754],[139.076564,36.66733],[139.077334,36.664424],[139.076864,36.663889],[139.074553,36.66343],[139.073847,36.663503],[139.073492,36.662716],[139.0747,36.662361],[139.078285,36.663255],[139.079203,36.663849],[139.079324,36.664451],[139.082303,36.666896],[139.082613,36.667401],[139.084265,36.668767],[139.085859,36.669179],[139.08674,36.669995],[139.087554,36.670153],[139.089398,36.67133],[139.090074,36.672679],[139.092331,36.673487],[139.093076,36.674109],[139.094818,36.673911],[139.09571,36.673252],[139.095339,36.672808],[139.095809,36.671813],[139.095597,36.670614],[139.095944,36.67015],[139.09571,36.669221],[139.097431,36.669377],[139.097407,36.671029],[139.099937,36.671145],[139.101202,36.671449],[139.102374,36.671514],[139.104194,36.671315],[139.105045,36.672047],[139.106635,36.672777],[139.107423,36.674013],[139.108531,36.674997],[139.108348,36.67721],[139.108506,36.680012],[139.109598,36.683652],[139.109863,36.685173],[139.109684,36.686312],[139.110162,36.687683],[139.113349,36.686927],[139.113622,36.687663],[139.118888,36.686438],[139.119393,36.686792],[139.120372,36.6866],[139.121203,36.687011],[139.121798,36.686889],[139.123088,36.687489],[139.124892,36.687369],[139.125651,36.687809],[139.12715,36.688049],[139.128353,36.688944],[139.128852,36.689723],[139.130138,36.689897],[139.131809,36.688962],[139.132689,36.688922],[139.133928,36.688343],[139.135341,36.688303],[139.136832,36.688718],[139.138158,36.689357],[139.13982,36.688307],[139.140786,36.688294],[139.142272,36.687674],[139.143225,36.686889],[139.14423,36.686852],[139.145009,36.685241],[139.145909,36.684975],[139.146998,36.685949],[139.148098,36.686129],[139.148924,36.686807],[139.150119,36.687158],[139.150386,36.687797],[139.150325,36.688755],[139.152504,36.690832],[139.152558,36.69175],[139.154061,36.692253],[139.155547,36.693917],[139.156989,36.695084],[139.158655,36.695104],[139.159362,36.694831],[139.160225,36.695347],[139.160971,36.696206],[139.160576,36.697014],[139.162795,36.697966],[139.164646,36.697872],[139.165039,36.697406],[139.166025,36.697626],[139.167418,36.696947],[139.168709,36.69697],[139.170195,36.697922],[139.170768,36.69892],[139.171294,36.69904],[139.17215,36.698663],[139.173257,36.697877],[139.17377,36.698716],[139.174669,36.699089],[139.175156,36.699695],[139.174976,36.700354],[139.175825,36.701604],[139.176359,36.702867],[139.175741,36.703918],[139.175919,36.705121],[139.175847,36.706426],[139.177765,36.708082],[139.179221,36.708528],[139.18057,36.709908],[139.181488,36.710223],[139.181975,36.711243],[139.182782,36.71123],[139.18368,36.712358],[139.184586,36.712082],[139.186029,36.712351],[139.187065,36.712077],[139.187761,36.712214],[139.190037,36.713309],[139.19082,36.713969],[139.193314,36.7153],[139.195477,36.715953],[139.196179,36.716346],[139.196912,36.717726]]]]}},
  {"type":"Feature","properties":{"name":"昭和村","code":"10448"},"geometry":{"type":"MultiPolygon","coordinates":[[[[139.057988,36.58647],[139.060624,36.586953],[139.06163,36.586886],[139.063856,36.587019],[139.064957,36.586095],[139.065644,36.585167],[139.066571,36.583448],[139.06897,36.580824],[139.070132,36.579789],[139.071897,36.579779],[139.073531,36.579984],[139.075001,36.579539],[139.076718,36.582179],[139.076874,36.583848],[139.076451,36.584206],[139.074028,36.584334],[139.073044,36.585157],[139.072834,36.585898],[139.073222,36.586512],[139.074065,36.586191],[139.077232,36.586147],[139.07909,36.583708],[139.080074,36.583248],[139.081427,36.58301],[139.082603,36.583337],[139.085464,36.583083],[139.086175,36.582621],[139.087001,36.581583],[139.08771,36.581001],[139.089428,36.580349],[139.091343,36.580112],[139.094007,36.579449],[139.095434,36.578984],[139.096056,36.579004],[139.097844,36.579793],[139.098696,36.57996],[139.101587,36.580225],[139.102733,36.580613],[139.103856,36.580573],[139.105875,36.580236],[139.107051,36.580263],[139.108201,36.580507],[139.109711,36.580145],[139.111219,36.579484],[139.112602,36.57871],[139.114924,36.578198],[139.116728,36.577168],[139.118385,36.576581],[139.119644,36.574425],[139.120915,36.573795],[139.121567,36.574193],[139.122081,36.575322],[139.12253,36.575754],[139.124502,36.576162],[139.125266,36.57677],[139.126409,36.577013],[139.127167,36.576947],[139.129557,36.577346],[139.13147,36.577869],[139.13257,36.578437],[139.135135,36.578103],[139.136216,36.577696],[139.13699,36.578004],[139.138506,36.578046],[139.139663,36.577722],[139.141636,36.576831],[139.143602,36.576124],[139.14445,36.576041],[139.145717,36.5763],[139.14798,36.577413],[139.148823,36.577473],[139.152053,36.577031],[139.153634,36.576475],[139.154402,36.576458],[139.155924,36.577081],[139.15629,36.576956],[139.157798,36.575451],[139.158522,36.574053],[139.159912,36.57182],[139.159871,36.571023],[139.161053,36.569898],[139.161719,36.569574],[139.1627,36.57522],[139.162366,36.576573],[139.162907,36.578401],[139.162843,36.579043],[139.162263,36.579625],[139.161787,36.580846],[139.16068,36.583149],[139.159418,36.585234],[139.158929,36.586449],[139.158936,36.587797],[139.159294,36.588082],[139.15904,36.588859],[139.15831,36.589771],[139.157342,36.589928],[139.155594,36.590963],[139.155018,36.592207],[139.153943,36.592649],[139.153089,36.593894],[139.151836,36.5947],[139.150738,36.596226],[139.149529,36.596914],[139.149133,36.597884],[139.147892,36.599517],[139.147585,36.600422],[139.146324,36.601935],[139.146356,36.602691],[139.147063,36.603333],[139.146531,36.603993],[139.146941,36.605133],[139.146758,36.605522],[139.145548,36.606182],[139.144751,36.608271],[139.144791,36.609159],[139.146749,36.610948],[139.146481,36.612061],[139.145636,36.612795],[139.143679,36.613251],[139.142921,36.613932],[139.142857,36.614724],[139.143382,36.61599],[139.142953,36.621917],[139.14099,36.622794],[139.139185,36.624031],[139.13667,36.626038],[139.135337,36.627989],[139.131719,36.630377],[139.128932,36.634955],[139.12921,36.635182],[139.125308,36.64364],[139.124569,36.645702],[139.127834,36.646788],[139.128392,36.64714],[139.127784,36.648221],[139.127642,36.648994],[139.128427,36.650499],[139.128056,36.651879],[139.127206,36.65305],[139.125558,36.653078],[139.123824,36.653568],[139.12262,36.655194],[139.121799,36.655551],[139.120754,36.65557],[139.119544,36.656186],[139.118458,36.658078],[139.116994,36.658984],[139.115637,36.658725],[139.114147,36.657965],[139.113192,36.657923],[139.111062,36.657223],[139.108601,36.656829],[139.105412,36.656766],[139.103545,36.657133],[139.10251,36.657499],[139.101172,36.657716],[139.099962,36.657658],[139.098885,36.657185],[139.098163,36.657291],[139.097271,36.657874],[139.094204,36.657555],[139.092755,36.656712],[139.091227,36.656503],[139.089943,36.656084],[139.087094,36.654908],[139.086441,36.654431],[139.085558,36.653112],[139.084745,36.652492],[139.082831,36.651534],[139.080161,36.649878],[139.077444,36.649637],[139.07492,36.648866],[139.072897,36.648023],[139.071732,36.647012],[139.070515,36.645093],[139.06958,36.644154],[139.066908,36.642724],[139.065648,36.641362],[139.065325,36.640487],[139.064746,36.637921],[139.064193,36.636539],[139.062833,36.63408],[139.062832,36.633185],[139.061917,36.630326],[139.060901,36.629018],[139.059898,36.628785],[139.059054,36.628286],[139.056926,36.626596],[139.052574,36.623674],[139.051841,36.62335],[139.048042,36.622456],[139.046646,36.621787],[139.046103,36.619965],[139.045439,36.618407],[139.043874,36.616213],[139.04279,36.615382],[139.042524,36.614843],[139.042633,36.612226],[139.042924,36.609914],[139.043472,36.608857],[139.044235,36.607923],[139.045824,36.606468],[139.049855,36.600959],[139.050408,36.599356],[139.050523,36.597652],[139.050386,36.596425],[139.049847,36.593779],[139.050289,36.592281],[139.050826,36.591694],[139.05486,36.588871],[139.055905,36.587655],[139.056853,36.58692],[139.057988,36.58647]]]]}},
  {"type":"Feature","properties":{"name":"みなかみ町","code":"10449"},"geometry":{"type":"MultiPolygon","coordinates":[[[[139.12114,36.794321],[139.121919,36.795337],[139.122877,36.795793],[139.124156,36.796133],[139.125529,36.796752],[139.126098,36.797536],[139.126703,36.798919],[139.127379,36.79965],[139.129246,36.80283],[139.13172,36.804908],[139.133258,36.80525],[139.134387,36.80501],[139.136278,36.804227],[139.138012,36.803644],[139.1391,36.80364],[139.140583,36.803987],[139.141759,36.803942],[139.142636,36.804408],[139.142831,36.805173],[139.144665,36.806096],[139.146076,36.80657],[139.14855,36.807062],[139.149947,36.807195],[139.151276,36.807907],[139.15289,36.810177],[139.154365,36.811067],[139.155104,36.81186],[139.158343,36.814473],[139.159079,36.814975],[139.158985,36.817248],[139.158417,36.819912],[139.158499,36.823101],[139.158874,36.824242],[139.159401,36.824577],[139.161439,36.825038],[139.162218,36.825619],[139.163249,36.826919],[139.164179,36.827611],[139.16613,36.828621],[139.168318,36.82992],[139.169744,36.830618],[139.171041,36.831457],[139.171922,36.832323],[139.172647,36.832679],[139.174782,36.832995],[139.175355,36.83359],[139.175436,36.834495],[139.176102,36.836717],[139.177409,36.836662],[139.179487,36.836973],[139.181047,36.836873],[139.182992,36.837262],[139.184225,36.836814],[139.185813,36.836554],[139.18678,36.83598],[139.18799,36.835537],[139.189382,36.835277],[139.191139,36.835737],[139.191881,36.836126],[139.193013,36.837092],[139.19566,36.838174],[139.196534,36.839066],[139.196947,36.839805],[139.198111,36.841141],[139.197649,36.842193],[139.196167,36.843285],[139.195815,36.843924],[139.19585,36.844913],[139.195514,36.846324],[139.195023,36.847151],[139.194745,36.84816],[139.193703,36.850371],[139.193617,36.85218],[139.194159,36.853826],[139.195429,36.856048],[139.19397,36.856368],[139.191372,36.857365],[139.18976,36.85823],[139.186863,36.858856],[139.185492,36.859538],[139.184102,36.860451],[139.182774,36.860542],[139.181764,36.860355],[139.180726,36.861163],[139.178829,36.861421],[139.177654,36.861112],[139.176087,36.86174],[139.173622,36.862358],[139.173176,36.863303],[139.1712,36.86343],[139.169817,36.863756],[139.16718,36.864605],[139.165608,36.865411],[139.164539,36.865483],[139.162987,36.865025],[139.161613,36.864057],[139.160195,36.863272],[139.159188,36.862988],[139.158114,36.86236],[139.156667,36.862816],[139.155472,36.863957],[139.155154,36.865126],[139.154633,36.865799],[139.154575,36.867898],[139.153879,36.870607],[139.153828,36.871286],[139.153244,36.871973],[139.15337,36.873114],[139.154448,36.873827],[139.155311,36.874061],[139.156132,36.87465],[139.158343,36.877229],[139.158669,36.878047],[139.158521,36.878843],[139.157979,36.879574],[139.15898,36.87954],[139.160395,36.880065],[139.161729,36.881678],[139.163539,36.883331],[139.164706,36.885014],[139.167041,36.886566],[139.168563,36.886824],[139.172268,36.888061],[139.172284,36.890003],[139.173325,36.890925],[139.172559,36.89229],[139.172642,36.893298],[139.172026,36.894712],[139.171519,36.896609],[139.171555,36.898236],[139.171358,36.899828],[139.171817,36.901386],[139.171771,36.901929],[139.172986,36.902508],[139.173739,36.903924],[139.173606,36.90469],[139.172981,36.906328],[139.172345,36.907348],[139.173387,36.908607],[139.17353,36.910045],[139.174156,36.911306],[139.174911,36.912005],[139.175939,36.913359],[139.176131,36.916405],[139.175788,36.917417],[139.175647,36.918815],[139.174385,36.920721],[139.17438,36.921682],[139.173538,36.922819],[139.173196,36.923666],[139.173949,36.925434],[139.173244,36.928029],[139.172424,36.928802],[139.171703,36.930481],[139.170104,36.931742],[139.169106,36.932169],[139.168355,36.932825],[139.167258,36.932712],[139.167013,36.933088],[139.167054,36.934281],[139.166819,36.935176],[139.166313,36.935567],[139.166176,36.93655],[139.166776,36.937946],[139.16669,36.938562],[139.168135,36.940811],[139.16837,36.941632],[139.168306,36.94265],[139.166769,36.945017],[139.167946,36.948032],[139.167847,36.949386],[139.167354,36.950344],[139.167021,36.951573],[139.167346,36.952836],[139.168671,36.953948],[139.169374,36.955009],[139.169574,36.956623],[139.170621,36.956901],[139.17196,36.958108],[139.174014,36.958525],[139.176459,36.959975],[139.177265,36.961098],[139.178431,36.962336],[139.178921,36.963902],[139.180314,36.964522],[139.180255,36.965725],[139.179098,36.967277],[139.177716,36.968201],[139.176462,36.969559],[139.175499,36.971797],[139.175233,36.973604],[139.176406,36.976162],[139.176484,36.976695],[139.176153,36.978008],[139.176411,36.979281],[139.17626,36.980086],[139.177265,36.982184],[139.177384,36.982952],[139.177912,36.983692],[139.177289,36.984308],[139.177188,36.985359],[139.177565,36.986222],[139.178755,36.987889],[139.178942,36.98932],[139.179598,36.990246],[139.179447,36.990758],[139.177337,36.993707],[139.175849,36.994543],[139.174079,36.995763],[139.173351,36.997257],[139.172102,36.998979],[139.171932,37.000301],[139.170996,37.001979],[139.168095,37.002317],[139.167121,37.002856],[139.165616,37.002974],[139.163573,37.003818],[139.162066,37.004089],[139.161147,37.005044],[139.160157,37.005366],[139.158528,37.006527],[139.156321,37.006992],[139.154099,37.007918],[139.153778,37.008222],[139.151832,37.009025],[139.150877,37.009168],[139.149578,37.010222],[139.148319,37.012046],[139.146776,37.015506],[139.146397,37.016678],[139.145334,37.018938],[139.144042,37.019885],[139.143424,37.021031],[139.139404,37.02319],[139.137466,37.023323],[139.136723,37.023675],[139.135107,37.024051],[139.134393,37.024908],[139.131906,37.025728],[139.131702,37.026335],[139.132056,37.027297],[139.131904,37.028085],[139.130061,37.030162],[139.129715,37.0307],[139.129561,37.032034],[139.128992,37.033093],[139.129054,37.034015],[139.128297,37.034514],[139.127695,37.035934],[139.127572,37.036722],[139.127833,37.03849],[139.125974,37.039009],[139.125258,37.040227],[139.124456,37.04096],[139.124525,37.043201],[139.125015,37.04483],[139.124043,37.045709],[139.122949,37.047144],[139.121677,37.047451],[139.118028,37.047373],[139.115389,37.047519],[139.113342,37.04981],[139.113263,37.051393],[139.112059,37.054398],[139.111305,37.055214],[139.110283,37.055169],[139.108274,37.055411],[139.107129,37.055781],[139.1053,37.056039],[139.103858,37.056816],[139.101793,37.057318],[139.09983,37.057562],[139.098013,37.058156],[139.097016,37.058626],[139.094965,37.056842],[139.094464,37.055822],[139.094853,37.054643],[139.094209,37.053376],[139.092988,37.050423],[139.09217,37.049646],[139.091276,37.047832],[139.091079,37.046614],[139.090406,37.044917],[139.090574,37.04239],[139.091487,37.039862],[139.090983,37.038424],[139.090949,37.037546],[139.090188,37.036476],[139.089766,37.034586],[139.089358,37.033377],[139.089314,37.031578],[139.088699,37.030878],[139.089421,37.030606],[139.088836,37.028929],[139.089034,37.027783],[139.089717,37.027291],[139.089782,37.025685],[139.090184,37.024983],[139.089967,37.023888],[139.090146,37.023116],[139.091002,37.021395],[139.091195,37.019969],[139.089937,37.019134],[139.08904,37.018326],[139.088599,37.016747],[139.087724,37.015707],[139.086316,37.014491],[139.08356,37.013151],[139.081418,37.011477],[139.081015,37.009413],[139.080504,37.00864],[139.077849,37.008653],[139.076346,37.008542],[139.073541,37.00853],[139.07224,37.006702],[139.071782,37.006432],[139.068988,37.006029],[139.068394,37.005614],[139.065561,37.004909],[139.064596,37.004003],[139.063908,37.002924],[139.062433,37.001523],[139.060851,37.000569],[139.058393,36.999893],[139.056889,36.99869],[139.05463,36.998512],[139.05401,36.9981],[139.053248,36.996376],[139.051963,36.995572],[139.050117,36.994867],[139.050531,36.993116],[139.050238,36.992276],[139.049348,36.990952],[139.047731,36.98767],[139.047389,36.987293],[139.045714,36.9873],[139.043598,36.98683],[139.042234,36.986807],[139.041262,36.986094],[139.038719,36.985965],[139.036164,36.985031],[139.035306,36.983958],[139.034555,36.983736],[139.032502,36.983781],[139.030327,36.983703],[139.029481,36.984236],[139.027884,36.984709],[139.025604,36.98509],[139.023967,36.986252],[139.022771,36.986582],[139.021659,36.987116],[139.0198,36.987205],[139.018632,36.987099],[139.016667,36.987992],[139.015499,36.988286],[139.013596,36.987425],[139.012258,36.985813],[139.011874,36.985052],[139.010994,36.984568],[139.00991,36.984375],[139.009114,36.983908],[139.006961,36.983491],[139.006037,36.982991],[139.004502,36.981817],[139.002788,36.981158],[139.001619,36.979947],[139.000645,36.979213],[138.999607,36.979121],[138.996657,36.979581],[138.996146,36.979893],[138.995075,36.980018],[138.993936,36.979482],[138.992762,36.979456],[138.990409,36.98027],[138.98859,36.980044],[138.986993,36.980274],[138.98596,36.97995],[138.985203,36.980118],[138.983584,36.979864],[138.98211,36.980239],[138.979055,36.980369],[138.978144,36.980292],[138.975403,36.980784],[138.974587,36.981209],[138.970775,36.981435],[138.969847,36.981414],[138.96648,36.97884],[138.967382,36.97756],[138.967178,36.976305],[138.967245,36.975226],[138.967768,36.974237],[138.967748,36.973412],[138.966446,36.971227],[138.966351,36.970175],[138.965759,36.967867],[138.96544,36.967481],[138.965857,36.965703],[138.965489,36.964035],[138.965504,36.962476],[138.965337,36.960936],[138.965637,36.960083],[138.965677,36.959101],[138.966097,36.957608],[138.965994,36.956974],[138.964924,36.955805],[138.964359,36.95485],[138.964441,36.954331],[138.963802,36.95277],[138.963826,36.951265],[138.964173,36.950517],[138.964305,36.948255],[138.965129,36.946173],[138.964925,36.94463],[138.9657,36.943301],[138.965484,36.942512],[138.965723,36.94062],[138.966465,36.938927],[138.966273,36.937927],[138.966566,36.934646],[138.966859,36.93407],[138.966648,36.933029],[138.966657,36.931154],[138.966801,36.930793],[138.969355,36.92822],[138.970561,36.927424],[138.971818,36.925646],[138.973832,36.924391],[138.975,36.923173],[138.975157,36.922687],[138.9759,36.922177],[138.976691,36.920791],[138.976713,36.920032],[138.977093,36.919374],[138.977212,36.917909],[138.976839,36.917508],[138.975363,36.916806],[138.97495,36.916004],[138.975273,36.914828],[138.974396,36.913148],[138.974849,36.912147],[138.975664,36.911202],[138.976709,36.91053],[138.977654,36.909074],[138.978095,36.907356],[138.979056,36.906662],[138.97935,36.906084],[138.979735,36.904459],[138.979514,36.903612],[138.979656,36.902729],[138.979311,36.901456],[138.979789,36.898523],[138.980118,36.897589],[138.979919,36.896774],[138.98,36.895339],[138.979434,36.894183],[138.979654,36.893208],[138.979531,36.891779],[138.979169,36.891176],[138.977103,36.890532],[138.976578,36.890605],[138.974997,36.889927],[138.973097,36.888116],[138.971554,36.887268],[138.969397,36.888593],[138.967816,36.890022],[138.967049,36.891048],[138.965114,36.891598],[138.963905,36.891643],[138.962541,36.891951],[138.961353,36.892535],[138.960307,36.89258],[138.958264,36.893381],[138.958031,36.894302],[138.95555,36.894784],[138.954463,36.895378],[138.953717,36.895195],[138.952004,36.893692],[138.95086,36.893581],[138.949658,36.893058],[138.948557,36.893922],[138.946854,36.894467],[138.944855,36.894515],[138.942986,36.894748],[138.941667,36.895092],[138.940398,36.895123],[138.936697,36.893599],[138.935915,36.893432],[138.934249,36.893999],[138.933434,36.894053],[138.932277,36.893483],[138.931186,36.891683],[138.931411,36.891244],[138.93162,36.888779],[138.93053,36.886967],[138.929279,36.886411],[138.928351,36.886257],[138.926627,36.88536],[138.924954,36.885046],[138.923556,36.883989],[138.923006,36.883385],[138.921652,36.880225],[138.922021,36.878759],[138.921883,36.878375],[138.920921,36.877902],[138.919649,36.876531],[138.9189,36.875006],[138.917971,36.873981],[138.917789,36.873377],[138.918081,36.872172],[138.91708,36.871197],[138.917168,36.870373],[138.918715,36.86777],[138.920696,36.866013],[138.921488,36.865611],[138.922253,36.864043],[138.922393,36.863356],[138.921936,36.861832],[138.922115,36.861037],[138.921163,36.859728],[138.91794,36.856843],[138.917138,36.854851],[138.917168,36.853179],[138.91618,36.852315],[138.916044,36.850708],[138.916576,36.849252],[138.91705,36.848938],[138.91976,36.84838],[138.921,36.847814],[138.924048,36.847233],[138.924971,36.846457],[138.925029,36.845466],[138.926368,36.843499],[138.926975,36.841179],[138.927813,36.839376],[138.9292,36.8385],[138.929796,36.837504],[138.929761,36.83481],[138.930095,36.834121],[138.929698,36.833174],[138.929067,36.832644],[138.92762,36.832527],[138.926348,36.832008],[138.923851,36.831272],[138.921959,36.831227],[138.920096,36.830755],[138.918449,36.830191],[138.916629,36.829791],[138.915635,36.829797],[138.912535,36.829302],[138.911416,36.8283],[138.90735,36.827658],[138.904397,36.827622],[138.902597,36.827116],[138.899712,36.827347],[138.898284,36.827069],[138.897148,36.827064],[138.895117,36.826483],[138.893182,36.826705],[138.891068,36.826461],[138.889851,36.826458],[138.887027,36.825494],[138.88603,36.825525],[138.884896,36.826185],[138.882749,36.825988],[138.87953,36.824977],[138.879191,36.824364],[138.878972,36.823008],[138.877186,36.821477],[138.875972,36.818978],[138.875584,36.818589],[138.873231,36.818622],[138.869915,36.817361],[138.868042,36.817266],[138.866641,36.816889],[138.865789,36.816477],[138.86458,36.816303],[138.863106,36.815577],[138.862307,36.814987],[138.860127,36.813787],[138.85952,36.813303],[138.858423,36.813281],[138.857312,36.812088],[138.856445,36.811644],[138.855467,36.811582],[138.853804,36.81215],[138.851358,36.811948],[138.850947,36.812032],[138.848745,36.813395],[138.846497,36.814449],[138.844748,36.815095],[138.843623,36.815786],[138.84173,36.816434],[138.840667,36.8164],[138.83957,36.817176],[138.837565,36.816511],[138.836367,36.815437],[138.835219,36.815482],[138.832753,36.816203],[138.830573,36.817598],[138.829544,36.817789],[138.825731,36.817609],[138.821744,36.817626],[138.821502,36.816133],[138.821711,36.814834],[138.821592,36.813088],[138.822015,36.811409],[138.822837,36.810054],[138.82304,36.809101],[138.824549,36.806715],[138.824947,36.806688],[138.826152,36.805371],[138.826484,36.804609],[138.826754,36.802895],[138.827176,36.802037],[138.82658,36.801143],[138.826789,36.799746],[138.828264,36.797169],[138.829102,36.79537],[138.830729,36.794782],[138.831595,36.794163],[138.831567,36.793641],[138.830368,36.792946],[138.829007,36.791648],[138.828973,36.787923],[138.829479,36.787172],[138.829704,36.78589],[138.829214,36.78442],[138.828938,36.782719],[138.829051,36.782236],[138.828696,36.781067],[138.827582,36.779264],[138.826777,36.778297],[138.825055,36.775775],[138.825349,36.774332],[138.826924,36.772291],[138.825922,36.771371],[138.824977,36.769606],[138.824806,36.768884],[138.824171,36.768496],[138.823259,36.766894],[138.822043,36.765652],[138.821514,36.764281],[138.821109,36.763859],[138.818366,36.762614],[138.81777,36.761586],[138.816952,36.761615],[138.815068,36.762059],[138.813533,36.762948],[138.812951,36.763742],[138.811821,36.764529],[138.810361,36.765086],[138.807762,36.764934],[138.806287,36.764533],[138.804349,36.762592],[138.803314,36.76235],[138.802218,36.76244],[138.801487,36.762136],[138.800624,36.760459],[138.800185,36.760183],[138.79889,36.760182],[138.795345,36.758137],[138.7949,36.757648],[138.794151,36.755452],[138.792663,36.75264],[138.792413,36.749234],[138.792708,36.747937],[138.791374,36.746775],[138.790806,36.746085],[138.78942,36.744874],[138.789529,36.744219],[138.790503,36.741195],[138.790858,36.740489],[138.791988,36.739894],[138.793305,36.738707],[138.795309,36.737885],[138.795771,36.73753],[138.797609,36.734522],[138.797704,36.7326],[138.798211,36.731435],[138.798973,36.730334],[138.800191,36.729336],[138.800415,36.728724],[138.799704,36.726924],[138.799696,36.725471],[138.800523,36.725134],[138.802003,36.723907],[138.802526,36.722911],[138.802907,36.721007],[138.80294,36.718774],[138.803443,36.718484],[138.80521,36.718487],[138.807541,36.716671],[138.808751,36.716353],[138.810757,36.714725],[138.813167,36.714418],[138.813491,36.71384],[138.813896,36.712205],[138.815687,36.710503],[138.816329,36.709014],[138.816734,36.708626],[138.818093,36.70849],[138.818906,36.708094],[138.820776,36.707733],[138.822646,36.706056],[138.823034,36.705213],[138.823655,36.704641],[138.824336,36.702983],[138.824748,36.702359],[138.824299,36.700628],[138.825289,36.698763],[138.825452,36.697613],[138.82585,36.696558],[138.824168,36.69623],[138.8238,36.695334],[138.823701,36.693322],[138.822409,36.691026],[138.822577,36.689637],[138.822442,36.688678],[138.821746,36.686665],[138.821885,36.68577],[138.822622,36.684711],[138.822336,36.683631],[138.821493,36.683025],[138.820569,36.68143],[138.820671,36.680363],[138.821575,36.6783],[138.82135,36.677347],[138.821612,36.676976],[138.822049,36.675347],[138.822004,36.674267],[138.823186,36.673224],[138.823105,36.671196],[138.822807,36.670606],[138.822949,36.669594],[138.822126,36.668786],[138.821952,36.667796],[138.820478,36.666612],[138.820744,36.664731],[138.823035,36.664603],[138.824192,36.665188],[138.825713,36.664951],[138.826724,36.664206],[138.828145,36.664401],[138.829044,36.664317],[138.83,36.663711],[138.830635,36.663613],[138.833464,36.663627],[138.835082,36.662797],[138.836463,36.663418],[138.838002,36.662965],[138.83858,36.663028],[138.839341,36.663787],[138.839996,36.663613],[138.841104,36.663801],[138.842541,36.664373],[138.843643,36.66447],[138.844486,36.66486],[138.845309,36.664672],[138.84733,36.66508],[138.848272,36.66554],[138.849625,36.665575],[138.850085,36.665826],[138.851131,36.665233],[138.852712,36.665644],[138.854303,36.664968],[138.854909,36.664906],[138.85603,36.66524],[138.857829,36.664808],[138.859168,36.664655],[138.860368,36.664822],[138.862131,36.665881],[138.863609,36.666515],[138.865872,36.66663],[138.86673,36.666832],[138.868389,36.666853],[138.869351,36.667703],[138.870662,36.668017],[138.873516,36.667383],[138.873874,36.667135],[138.874139,36.665435],[138.874848,36.664422],[138.874101,36.663331],[138.874221,36.662906],[138.876307,36.661894],[138.877192,36.662111],[138.87961,36.661864],[138.88166,36.661058],[138.882712,36.661483],[138.884198,36.661032],[138.885397,36.659896],[138.886011,36.660101],[138.88734,36.659566],[138.888584,36.659477],[138.888921,36.658876],[138.891269,36.657757],[138.89228,36.657717],[138.893203,36.657144],[138.894502,36.657071],[138.895462,36.656668],[138.897726,36.656385],[138.898832,36.65708],[138.901667,36.658345],[138.903719,36.658364],[138.904978,36.659279],[138.905778,36.659562],[138.907883,36.659563],[138.910188,36.660222],[138.913887,36.659756],[138.914923,36.659262],[138.917729,36.658801],[138.918588,36.657984],[138.920359,36.656739],[138.923178,36.656653],[138.923615,36.656543],[138.924623,36.657271],[138.924916,36.658566],[138.925229,36.659031],[138.926347,36.659264],[138.928647,36.66137],[138.929899,36.661513],[138.931106,36.662253],[138.932059,36.662083],[138.93277,36.661438],[138.93379,36.661008],[138.934432,36.661244],[138.93559,36.661257],[138.936818,36.660339],[138.938495,36.66025],[138.939223,36.659995],[138.939651,36.659334],[138.940828,36.659377],[138.942138,36.658898],[138.942856,36.658347],[138.943388,36.658353],[138.944486,36.657067],[138.945865,36.657416],[138.946454,36.657259],[138.947749,36.65741],[138.9481,36.657119],[138.948566,36.655776],[138.949322,36.655673],[138.951602,36.654806],[138.951789,36.654064],[138.952466,36.653653],[138.953457,36.654419],[138.954702,36.654036],[138.955435,36.654234],[138.956553,36.653859],[138.960014,36.654559],[138.960621,36.654203],[138.961793,36.654129],[138.962545,36.654764],[138.963956,36.655359],[138.96559,36.654708],[138.966528,36.654077],[138.968016,36.65477],[138.968675,36.654742],[138.968858,36.653846],[138.96859,36.653286],[138.968631,36.651133],[138.969501,36.64993],[138.970095,36.647137],[138.971569,36.646539],[138.973235,36.646529],[138.974213,36.646083],[138.974834,36.646171],[138.975464,36.645542],[138.978463,36.645504],[138.979309,36.644886],[138.980576,36.644757],[138.981662,36.645406],[138.982821,36.645204],[138.983543,36.644638],[138.985281,36.644731],[138.985356,36.645458],[138.986712,36.647465],[138.987396,36.647641],[138.988058,36.648412],[138.987907,36.649116],[138.988169,36.650001],[138.989717,36.650443],[138.990634,36.651588],[138.991042,36.652443],[138.991568,36.652497],[138.992229,36.651719],[138.994144,36.65118],[138.995848,36.650495],[138.997807,36.650749],[138.998718,36.651164],[138.999279,36.652698],[139.000347,36.653595],[139.000893,36.65455],[139.001359,36.654847],[139.003885,36.654621],[139.004345,36.655086],[139.005682,36.655339],[139.005865,36.655772],[139.007197,36.656667],[139.008117,36.656859],[139.008923,36.657497],[139.009666,36.657464],[139.009889,36.657952],[139.00983,36.659038],[139.010053,36.66042],[139.01076,36.659899],[139.011097,36.659151],[139.012712,36.659721],[139.013309,36.659137],[139.014261,36.65906],[139.014954,36.659907],[139.013135,36.661323],[139.015714,36.662703],[139.01598,36.663706],[139.016596,36.664148],[139.017241,36.665478],[139.016706,36.666403],[139.017841,36.667336],[139.019524,36.667451],[139.020218,36.668621],[139.020622,36.670262],[139.021994,36.670111],[139.021823,36.669616],[139.022673,36.669427],[139.023007,36.670614],[139.022812,36.67121],[139.021364,36.671693],[139.023878,36.673079],[139.023689,36.673727],[139.023132,36.67421],[139.021709,36.674513],[139.02305,36.67638],[139.023552,36.679369],[139.024336,36.679343],[139.026164,36.679611],[139.026913,36.680478],[139.028183,36.681062],[139.02814,36.681964],[139.029691,36.682768],[139.030283,36.683488],[139.02907,36.684843],[139.028628,36.686279],[139.027699,36.68724],[139.026276,36.687504],[139.026411,36.68846],[139.027861,36.689461],[139.028393,36.691077],[139.028733,36.691463],[139.028725,36.692646],[139.02758,36.695242],[139.027913,36.696517],[139.027815,36.697235],[139.027046,36.69921],[139.025455,36.701895],[139.024319,36.703408],[139.02366,36.704527],[139.023508,36.705449],[139.023812,36.706236],[139.024923,36.70769],[139.025755,36.709264],[139.026502,36.709982],[139.026733,36.71111],[139.026452,36.711988],[139.024791,36.711927],[139.023472,36.71232],[139.022429,36.713357],[139.022477,36.714561],[139.021447,36.715964],[139.021835,36.717293],[139.0214,36.718301],[139.020795,36.719073],[139.018692,36.719705],[139.017987,36.719736],[139.018511,36.721956],[139.018962,36.722473],[139.020934,36.723487],[139.022703,36.725361],[139.0226,36.726079],[139.021754,36.727469],[139.022077,36.728172],[139.023386,36.729021],[139.025089,36.730323],[139.025937,36.730386],[139.026459,36.729645],[139.027319,36.729451],[139.028066,36.728865],[139.028613,36.729075],[139.028103,36.729885],[139.026527,36.730943],[139.026297,36.731353],[139.023906,36.731856],[139.023538,36.732244],[139.023969,36.733633],[139.023965,36.7346],[139.025674,36.735254],[139.026724,36.736304],[139.028098,36.736757],[139.029517,36.738212],[139.030401,36.738777],[139.032009,36.739083],[139.032222,36.740648],[139.033191,36.741635],[139.033228,36.742033],[139.032524,36.742806],[139.030552,36.743362],[139.029168,36.74447],[139.028516,36.745611],[139.027295,36.745399],[139.025894,36.746081],[139.025279,36.746627],[139.025699,36.748819],[139.025336,36.749942],[139.02672,36.751187],[139.027283,36.753575],[139.028347,36.754648],[139.029621,36.75648],[139.029572,36.757252],[139.028583,36.758615],[139.028493,36.759296],[139.027224,36.759964],[139.027147,36.760875],[139.025287,36.762531],[139.02504,36.763885],[139.024245,36.765199],[139.024976,36.76677],[139.024722,36.768345],[139.024658,36.770404],[139.025173,36.77107],[139.027126,36.769968],[139.027869,36.76998],[139.029204,36.770682],[139.030373,36.770486],[139.031994,36.771513],[139.033142,36.77255],[139.034918,36.772535],[139.036253,36.773074],[139.037441,36.773296],[139.037809,36.774552],[139.036594,36.77698],[139.035846,36.778044],[139.035867,36.778791],[139.038205,36.781821],[139.039684,36.781695],[139.040966,36.782521],[139.042824,36.782852],[139.044058,36.782644],[139.045169,36.782771],[139.045911,36.783447],[139.047088,36.785422],[139.047219,36.786291],[139.047043,36.788127],[139.048466,36.788967],[139.050438,36.789782],[139.052442,36.791531],[139.05323,36.791507],[139.054338,36.790596],[139.056305,36.789508],[139.057371,36.789732],[139.057987,36.790159],[139.058846,36.791864],[139.059258,36.793329],[139.062195,36.792296],[139.062808,36.792321],[139.064577,36.793019],[139.065027,36.792982],[139.066044,36.791949],[139.066599,36.790965],[139.068043,36.789692],[139.069602,36.789038],[139.070815,36.789712],[139.071815,36.791009],[139.072558,36.792271],[139.073458,36.792909],[139.074517,36.793154],[139.075722,36.792652],[139.076253,36.791978],[139.077605,36.790767],[139.079182,36.790306],[139.080534,36.790224],[139.08305,36.79135],[139.084651,36.79217],[139.086715,36.792705],[139.087755,36.793637],[139.091185,36.793212],[139.092189,36.79293],[139.09481,36.793053],[139.097068,36.793586],[139.098384,36.794092],[139.100295,36.794347],[139.101059,36.794865],[139.104519,36.79563],[139.105655,36.795744],[139.108085,36.796787],[139.109887,36.796816],[139.112661,36.797009],[139.114671,36.7967],[139.118199,36.79462],[139.119368,36.794297],[139.12114,36.794321]]]]}},
  {"type":"Feature","properties":{"name":"玉村町","code":"10464"},"geometry":{"type":"MultiPolygon","coordinates":[[[[139.092988,36.32431],[139.091178,36.323317],[139.090213,36.322198],[139.090405,36.320462],[139.089561,36.320764],[139.089062,36.320568],[139.088489,36.316378],[139.087657,36.312273],[139.089112,36.310669],[139.091245,36.308013],[139.091774,36.308289],[139.093548,36.308099],[139.093991,36.307657],[139.094049,36.306608],[139.093808,36.306002],[139.094821,36.304122],[139.095385,36.304178],[139.096588,36.302156],[139.097777,36.302199],[139.097772,36.301386],[139.099138,36.300942],[139.09961,36.299365],[139.100741,36.299248],[139.100618,36.297069],[139.099415,36.297088],[139.099326,36.295315],[139.097788,36.295332],[139.097917,36.294808],[139.096708,36.294993],[139.096886,36.294056],[139.09727,36.293507],[139.096378,36.293351],[139.096827,36.292337],[139.096626,36.292076],[139.096844,36.289913],[139.096644,36.289287],[139.095639,36.28921],[139.095663,36.288796],[139.096672,36.288429],[139.098728,36.287916],[139.101893,36.287279],[139.101717,36.285729],[139.103269,36.284623],[139.104204,36.28426],[139.104705,36.283697],[139.106981,36.282846],[139.109377,36.282705],[139.110738,36.282071],[139.111267,36.284844],[139.113498,36.284104],[139.116006,36.283005],[139.120834,36.283129],[139.120954,36.283058],[139.129664,36.283398],[139.130383,36.283049],[139.130941,36.281556],[139.134386,36.278807],[139.136118,36.278421],[139.145937,36.278489],[139.148394,36.27858],[139.150877,36.27855],[139.157782,36.277801],[139.159023,36.277824],[139.160548,36.27811],[139.163903,36.278912],[139.166047,36.277148],[139.16947,36.274753],[139.171368,36.273722],[139.171571,36.273969],[139.171745,36.27742],[139.164089,36.286524],[139.161448,36.288016],[139.156422,36.298881],[139.155024,36.301813],[139.154332,36.302831],[139.153564,36.303484],[139.148986,36.306044],[139.14328,36.306988],[139.140752,36.307735],[139.141452,36.309514],[139.142614,36.308995],[139.144011,36.308668],[139.142192,36.310104],[139.142588,36.310493],[139.14143,36.311892],[139.139858,36.315328],[139.139042,36.316569],[139.137756,36.317963],[139.138856,36.317975],[139.138694,36.326438],[139.137408,36.326414],[139.137295,36.33147],[139.136251,36.331445],[139.136179,36.334343],[139.126125,36.334206],[139.123197,36.334115],[139.122945,36.33423],[139.119989,36.334228],[139.121729,36.332461],[139.121429,36.332208],[139.126449,36.327369],[139.124302,36.327239],[139.121473,36.327238],[139.11733,36.327146],[139.108752,36.327086],[139.108886,36.324756],[139.107963,36.321975],[139.107924,36.321268],[139.109223,36.319142],[139.108662,36.318796],[139.109669,36.317148],[139.110894,36.31739],[139.111667,36.317178],[139.111595,36.316602],[139.110511,36.316579],[139.108459,36.316255],[139.106568,36.316238],[139.105435,36.3165],[139.103163,36.31739],[139.10239,36.317958],[139.101261,36.31913],[139.100329,36.319866],[139.098315,36.320592],[139.094699,36.321056],[139.093785,36.321955],[139.092988,36.32431]]]]}},
  {"type":"Feature","properties":{"name":"板倉町","code":"10521"},"geometry":{"type":"MultiPolygon","coordinates":[[[[139.580969,36.21848],[139.582796,36.218363],[139.583767,36.217955],[139.587404,36.218061],[139.588989,36.217934],[139.591516,36.21693],[139.59046,36.214402],[139.589177,36.21412],[139.589036,36.213271],[139.588508,36.21221],[139.587932,36.210342],[139.591106,36.209806],[139.59436,36.208888],[139.596582,36.207968],[139.598138,36.207208],[139.601689,36.205057],[139.603786,36.203415],[139.606638,36.200773],[139.607888,36.199458],[139.609884,36.196808],[139.613016,36.193733],[139.615136,36.192037],[139.618621,36.189803],[139.620868,36.188541],[139.621936,36.18811],[139.623781,36.186922],[139.624792,36.186584],[139.62504,36.187013],[139.625563,36.191358],[139.625899,36.192411],[139.626409,36.19325],[139.627575,36.19435],[139.62902,36.19517],[139.63241,36.19583],[139.636315,36.196875],[139.637245,36.197209],[139.640679,36.197271],[139.646725,36.196201],[139.648808,36.19613],[139.650984,36.197511],[139.651504,36.198374],[139.651513,36.199188],[139.651055,36.200794],[139.650025,36.202776],[139.650019,36.20368],[139.6497,36.204752],[139.649733,36.208029],[139.649002,36.209644],[139.64893,36.21023],[139.649399,36.211191],[139.65041,36.211286],[139.650681,36.212021],[139.652254,36.212814],[139.653788,36.212999],[139.65648,36.213812],[139.657896,36.21447],[139.659278,36.214889],[139.659975,36.214901],[139.661157,36.214246],[139.66354,36.212351],[139.663936,36.211817],[139.663732,36.211089],[139.662625,36.210236],[139.661273,36.208397],[139.662621,36.207122],[139.664425,36.207061],[139.663975,36.208696],[139.664282,36.209464],[139.664974,36.210244],[139.66671,36.211517],[139.669451,36.212583],[139.66995,36.213246],[139.669885,36.214321],[139.669571,36.215134],[139.667728,36.216042],[139.667115,36.216662],[139.667243,36.218094],[139.666694,36.219262],[139.665988,36.219989],[139.665449,36.221404],[139.665478,36.222929],[139.664879,36.223471],[139.659902,36.220924],[139.659217,36.22081],[139.659067,36.221786],[139.660394,36.223015],[139.6612,36.224122],[139.66115,36.225557],[139.65983,36.227524],[139.659632,36.228514],[139.660351,36.228903],[139.662672,36.229713],[139.663091,36.230559],[139.662341,36.230573],[139.659583,36.22988],[139.657714,36.230042],[139.657907,36.230523],[139.658878,36.230854],[139.658944,36.231413],[139.655987,36.230957],[139.654103,36.231582],[139.653904,36.232317],[139.654942,36.233257],[139.654596,36.234007],[139.65464,36.235301],[139.653497,36.236954],[139.652834,36.237088],[139.650572,36.239136],[139.649915,36.238167],[139.648502,36.23791],[139.647946,36.238754],[139.647232,36.239121],[139.646121,36.24018],[139.645495,36.240467],[139.644877,36.240092],[139.645024,36.239253],[139.644795,36.238409],[139.643875,36.236909],[139.642164,36.235407],[139.641435,36.235591],[139.641473,36.237524],[139.642106,36.239862],[139.642349,36.24001],[139.642385,36.241347],[139.641296,36.242884],[139.638589,36.245305],[139.637881,36.246124],[139.637048,36.247567],[139.635598,36.250798],[139.635341,36.250879],[139.634234,36.252752],[139.633385,36.253417],[139.631977,36.25339],[139.631339,36.2537],[139.63072,36.254841],[139.631144,36.256474],[139.632188,36.257695],[139.635467,36.260169],[139.636531,36.261879],[139.637177,36.262357],[139.639054,36.263109],[139.640803,36.263502],[139.642229,36.264095],[139.642813,36.264988],[139.643052,36.26609],[139.642698,36.266762],[139.641733,36.266957],[139.63944,36.265506],[139.637993,36.264352],[139.636913,36.264016],[139.636656,36.265095],[139.635619,36.26669],[139.63428,36.269609],[139.633908,36.270228],[139.633085,36.270891],[139.631646,36.271362],[139.629291,36.271636],[139.626029,36.271353],[139.624869,36.271556],[139.623586,36.272273],[139.621503,36.27389],[139.619778,36.274388],[139.618015,36.2743],[139.615917,36.273652],[139.614877,36.2728],[139.613433,36.271028],[139.612009,36.269468],[139.610126,36.268525],[139.608603,36.268095],[139.60377,36.268195],[139.601546,36.268367],[139.59631,36.268424],[139.592349,36.268654],[139.589751,36.268625],[139.590213,36.267763],[139.590621,36.267711],[139.591874,36.266275],[139.592743,36.266125],[139.59404,36.266259],[139.595413,36.266169],[139.601021,36.264736],[139.600784,36.262718],[139.601058,36.262333],[139.605593,36.26199],[139.605571,36.261634],[139.613494,36.259393],[139.613212,36.258623],[139.618211,36.257236],[139.620823,36.256041],[139.620527,36.254982],[139.625618,36.252727],[139.624906,36.251829],[139.623432,36.251014],[139.621906,36.249464],[139.620997,36.249664],[139.620248,36.250738],[139.619524,36.251237],[139.616178,36.25195],[139.615129,36.25178],[139.613022,36.250114],[139.61224,36.249908],[139.610616,36.251109],[139.609547,36.251686],[139.608894,36.251686],[139.607439,36.251221],[139.604892,36.249345],[139.603604,36.249148],[139.602221,36.24943],[139.601671,36.249779],[139.601892,36.251533],[139.601373,36.253086],[139.601007,36.2552],[139.600226,36.255794],[139.598268,36.255463],[139.597027,36.251328],[139.595306,36.251833],[139.594717,36.252867],[139.59506,36.254311],[139.593438,36.2546],[139.593894,36.253162],[139.594494,36.252071],[139.593243,36.249516],[139.592023,36.249924],[139.591091,36.248142],[139.587499,36.249301],[139.585692,36.245559],[139.58316,36.246159],[139.581365,36.242722],[139.5793,36.243389],[139.578448,36.241695],[139.575941,36.242469],[139.57498,36.240585],[139.574222,36.238742],[139.575096,36.238291],[139.575723,36.236283],[139.578247,36.234604],[139.579694,36.232931],[139.580116,36.231613],[139.579747,36.231358],[139.579495,36.229641],[139.579653,36.228869],[139.580981,36.227145],[139.5809,36.22553],[139.580991,36.223701],[139.580451,36.223297],[139.581566,36.22212],[139.581188,36.220845],[139.581297,36.219549],[139.580969,36.21848]]]]}},
  {"type":"Feature","properties":{"name":"明和町","code":"10522"},"geometry":{"type":"MultiPolygon","coordinates":[[[[139.479002,36.21177],[139.478659,36.210504],[139.481015,36.209802],[139.483037,36.210022],[139.483915,36.209724],[139.483705,36.207607],[139.484596,36.207241],[139.484507,36.20624],[139.486088,36.206183],[139.486005,36.205186],[139.487405,36.20511],[139.489089,36.205396],[139.489328,36.203288],[139.491188,36.203397],[139.491783,36.198812],[139.49249,36.198179],[139.493103,36.196202],[139.492697,36.19598],[139.493468,36.192166],[139.498757,36.193191],[139.501549,36.193514],[139.505078,36.19358],[139.508224,36.193401],[139.511717,36.192947],[139.516531,36.191803],[139.519167,36.191338],[139.52117,36.19122],[139.52638,36.191354],[139.528217,36.191502],[139.533739,36.192535],[139.535219,36.192943],[139.542355,36.195666],[139.544676,36.196629],[139.548473,36.198644],[139.551373,36.199726],[139.554738,36.200829],[139.559561,36.201462],[139.56488,36.202074],[139.567536,36.202469],[139.569992,36.203055],[139.573465,36.20422],[139.575846,36.205318],[139.577634,36.206504],[139.580923,36.208255],[139.583005,36.209239],[139.585559,36.210185],[139.587932,36.210342],[139.588508,36.21221],[139.589036,36.213271],[139.589177,36.21412],[139.59046,36.214402],[139.591516,36.21693],[139.588989,36.217934],[139.587404,36.218061],[139.583767,36.217955],[139.582796,36.218363],[139.580969,36.21848],[139.579363,36.218338],[139.578026,36.219237],[139.577983,36.219638],[139.576244,36.221486],[139.575301,36.221856],[139.574212,36.221875],[139.571524,36.221303],[139.569574,36.220171],[139.568671,36.219807],[139.565617,36.219117],[139.563303,36.217005],[139.561965,36.216524],[139.560772,36.21659],[139.558496,36.217998],[139.557383,36.21813],[139.554899,36.217394],[139.552279,36.217487],[139.550957,36.217351],[139.546407,36.217665],[139.545066,36.218012],[139.54219,36.219685],[139.540005,36.221262],[139.537777,36.221497],[139.536582,36.220934],[139.535965,36.220231],[139.534958,36.219519],[139.534339,36.218618],[139.533947,36.217636],[139.53309,36.217475],[139.532468,36.217042],[139.52649,36.217924],[139.525266,36.217179],[139.523671,36.216611],[139.522609,36.216484],[139.52086,36.216871],[139.518419,36.217231],[139.515981,36.217138],[139.513407,36.217811],[139.512621,36.217584],[139.511538,36.217618],[139.510571,36.216594],[139.510069,36.216421],[139.507112,36.216337],[139.505805,36.215162],[139.504499,36.214326],[139.504021,36.213077],[139.502729,36.211552],[139.501161,36.210468],[139.498131,36.211224],[139.495492,36.211724],[139.490409,36.211681],[139.487587,36.212112],[139.487368,36.210214],[139.484953,36.210381],[139.482956,36.210658],[139.482462,36.211093],[139.482514,36.212205],[139.480564,36.212205],[139.479136,36.212339],[139.479002,36.21177]]]]}},
  {"type":"Feature","properties":{"name":"千代田町","code":"10523"},"geometry":{"type":"MultiPolygon","coordinates":[[[[139.463043,36.224591],[139.463522,36.226826],[139.463385,36.22765],[139.461731,36.228639],[139.459747,36.228975],[139.45527,36.228204],[139.454645,36.228879],[139.45504,36.230434],[139.455121,36.232138],[139.451749,36.232919],[139.449867,36.233111],[139.44904,36.229],[139.446219,36.22951],[139.44259,36.230678],[139.441507,36.230949],[139.441106,36.231538],[139.440912,36.234909],[139.439965,36.235229],[139.440219,36.235907],[139.438921,36.236352],[139.437908,36.237134],[139.437015,36.237465],[139.433547,36.238382],[139.432919,36.238757],[139.433693,36.24067],[139.43211,36.24116],[139.427748,36.245439],[139.426087,36.244338],[139.425557,36.24312],[139.427225,36.24263],[139.426754,36.241099],[139.425907,36.241252],[139.42564,36.240813],[139.423749,36.240399],[139.423149,36.239308],[139.422639,36.2394],[139.42238,36.238298],[139.419899,36.238682],[139.419557,36.237659],[139.417997,36.237883],[139.417881,36.237659],[139.416185,36.237001],[139.415448,36.236879],[139.415506,36.236049],[139.414381,36.235966],[139.411206,36.234559],[139.409344,36.234075],[139.411527,36.232791],[139.413083,36.231313],[139.413681,36.230532],[139.416225,36.229126],[139.417345,36.227752],[139.416937,36.227506],[139.418335,36.225374],[139.417438,36.224308],[139.418014,36.22397],[139.417385,36.223255],[139.418018,36.222829],[139.416915,36.221622],[139.416375,36.22193],[139.415829,36.221348],[139.416866,36.217958],[139.418924,36.21668],[139.419072,36.216445],[139.4194,36.21207],[139.419358,36.211294],[139.420031,36.210833],[139.423971,36.210875],[139.428001,36.208982],[139.42926,36.208312],[139.431786,36.206393],[139.436972,36.202265],[139.442615,36.197842],[139.445318,36.196159],[139.452027,36.192675],[139.454349,36.19141],[139.456639,36.190681],[139.462393,36.189512],[139.463654,36.189342],[139.467388,36.189129],[139.46991,36.189166],[139.474425,36.189458],[139.481123,36.190405],[139.483316,36.190769],[139.486099,36.191103],[139.489094,36.191571],[139.492366,36.191948],[139.493468,36.192166],[139.492697,36.19598],[139.493103,36.196202],[139.49249,36.198179],[139.491783,36.198812],[139.491188,36.203397],[139.489328,36.203288],[139.489089,36.205396],[139.487405,36.20511],[139.486005,36.205186],[139.486088,36.206183],[139.484507,36.20624],[139.484596,36.207241],[139.483705,36.207607],[139.483915,36.209724],[139.483037,36.210022],[139.481015,36.209802],[139.478659,36.210504],[139.479002,36.21177],[139.46953,36.213184],[139.469165,36.212964],[139.467808,36.213431],[139.46544,36.21395],[139.463147,36.214288],[139.462531,36.214126],[139.460497,36.214857],[139.45952,36.2154],[139.459111,36.216037],[139.45978,36.216896],[139.459885,36.217652],[139.45945,36.218393],[139.460563,36.219399],[139.460287,36.2197],[139.463006,36.221839],[139.462602,36.222262],[139.463043,36.224591]]]]}},
  {"type":"Feature","properties":{"name":"大泉町","code":"10524"},"geometry":{"type":"MultiPolygon","coordinates":[[[[139.382919,36.237869],[139.386752,36.234091],[139.390201,36.230879],[139.389867,36.230236],[139.390075,36.229214],[139.393274,36.228036],[139.393432,36.227624],[139.399544,36.225543],[139.401215,36.224892],[139.407693,36.222647],[139.4087,36.223423],[139.416866,36.217958],[139.415829,36.221348],[139.416375,36.22193],[139.416915,36.221622],[139.418018,36.222829],[139.417385,36.223255],[139.418014,36.22397],[139.417438,36.224308],[139.418335,36.225374],[139.416937,36.227506],[139.417345,36.227752],[139.416225,36.229126],[139.413681,36.230532],[139.413083,36.231313],[139.411527,36.232791],[139.409344,36.234075],[139.411206,36.234559],[139.414381,36.235966],[139.415506,36.236049],[139.415448,36.236879],[139.416185,36.237001],[139.417881,36.237659],[139.417997,36.237883],[139.419557,36.237659],[139.419899,36.238682],[139.42238,36.238298],[139.422639,36.2394],[139.423149,36.239308],[139.423749,36.240399],[139.42564,36.240813],[139.425907,36.241252],[139.426754,36.241099],[139.427225,36.24263],[139.425557,36.24312],[139.426087,36.244338],[139.427748,36.245439],[139.42662,36.246554],[139.42737,36.248098],[139.430768,36.255931],[139.431708,36.257716],[139.432585,36.257392],[139.432951,36.259091],[139.433534,36.260949],[139.435334,36.261135],[139.436274,36.262931],[139.436784,36.263209],[139.435762,36.263901],[139.43428,36.264649],[139.434178,36.265355],[139.434694,36.265903],[139.434886,36.267669],[139.431126,36.26878],[139.430418,36.268428],[139.429758,36.267639],[139.428784,36.26796],[139.426807,36.269705],[139.426279,36.269943],[139.42323,36.270018],[139.420592,36.270615],[139.418121,36.270839],[139.417528,36.270741],[139.414537,36.270954],[139.413904,36.270889],[139.405963,36.276451],[139.400994,36.271982],[139.398922,36.270004],[139.398656,36.269552],[139.403887,36.265854],[139.402529,36.264545],[139.401452,36.264979],[139.399092,36.26637],[139.398194,36.265567],[139.397613,36.265737],[139.39374,36.266282],[139.389298,36.266668],[139.38927,36.267326],[139.38846,36.267334],[139.388323,36.266097],[139.38843,36.264905],[139.388789,36.264291],[139.388433,36.263285],[139.388478,36.261374],[139.388341,36.260985],[139.387245,36.260967],[139.385912,36.261193],[139.385002,36.259273],[139.384618,36.257818],[139.383895,36.255732],[139.384003,36.254895],[139.382443,36.25254],[139.382793,36.251448],[139.382526,36.250224],[139.382486,36.248709],[139.382686,36.247566],[139.383092,36.24669],[139.384204,36.246035],[139.383921,36.244772],[139.385271,36.244577],[139.384448,36.243712],[139.384519,36.242978],[139.384053,36.241244],[139.384897,36.240778],[139.382919,36.237869]]]]}},
  {"type":"Feature","properties":{"name":"邑楽町","code":"10525"},"geometry":{"type":"MultiPolygon","coordinates":[[[[139.434886,36.267669],[139.434694,36.265903],[139.434178,36.265355],[139.43428,36.264649],[139.435762,36.263901],[139.436784,36.263209],[139.436274,36.262931],[139.435334,36.261135],[139.433534,36.260949],[139.432951,36.259091],[139.432585,36.257392],[139.431708,36.257716],[139.430768,36.255931],[139.42737,36.248098],[139.42662,36.246554],[139.427748,36.245439],[139.43211,36.24116],[139.433693,36.24067],[139.432919,36.238757],[139.433547,36.238382],[139.437015,36.237465],[139.437908,36.237134],[139.438921,36.236352],[139.440219,36.235907],[139.439965,36.235229],[139.440912,36.234909],[139.441106,36.231538],[139.441507,36.230949],[139.44259,36.230678],[139.446219,36.22951],[139.44904,36.229],[139.449867,36.233111],[139.451749,36.232919],[139.455121,36.232138],[139.45504,36.230434],[139.454645,36.228879],[139.45527,36.228204],[139.459747,36.228975],[139.461731,36.228639],[139.463385,36.22765],[139.463522,36.226826],[139.463043,36.224591],[139.473135,36.224589],[139.472982,36.221752],[139.474134,36.221206],[139.474863,36.219981],[139.476419,36.219253],[139.477742,36.22102],[139.478104,36.22091],[139.47847,36.222839],[139.478927,36.224174],[139.480124,36.225387],[139.480447,36.225993],[139.481847,36.225293],[139.482404,36.226009],[139.483777,36.225364],[139.484727,36.226703],[139.487546,36.225412],[139.488429,36.226612],[139.489023,36.226325],[139.489519,36.227021],[139.490259,36.227412],[139.491692,36.227699],[139.493598,36.227877],[139.49604,36.228901],[139.495886,36.230617],[139.495323,36.23249],[139.494182,36.232179],[139.492909,36.235259],[139.492996,36.235833],[139.491618,36.239026],[139.498839,36.241044],[139.49937,36.241289],[139.501084,36.237448],[139.503193,36.236396],[139.503839,36.236575],[139.502919,36.238052],[139.500239,36.240483],[139.499964,36.241904],[139.499608,36.242698],[139.49797,36.242219],[139.497548,36.243145],[139.491512,36.241472],[139.490978,36.242145],[139.489361,36.241909],[139.483599,36.240301],[139.482973,36.240642],[139.482286,36.240443],[139.479276,36.24082],[139.479007,36.241677],[139.481895,36.24757],[139.483375,36.249511],[139.489296,36.252803],[139.488729,36.254315],[139.489249,36.255587],[139.492267,36.256042],[139.493447,36.256514],[139.494883,36.256673],[139.494683,36.257237],[139.493866,36.257019],[139.492674,36.257141],[139.491031,36.257639],[139.48982,36.258739],[139.489263,36.258892],[139.488608,36.259864],[139.48876,36.261906],[139.489169,36.26228],[139.489799,36.261616],[139.490652,36.261744],[139.489956,36.262617],[139.490039,36.263004],[139.491541,36.26257],[139.492773,36.261871],[139.493684,36.261633],[139.495473,36.261782],[139.49585,36.263872],[139.494922,36.264353],[139.495907,36.267057],[139.496599,36.267233],[139.497431,36.268087],[139.49751,36.2703],[139.497303,36.2709],[139.497776,36.272815],[139.498227,36.273389],[139.500479,36.274735],[139.500124,36.276093],[139.498739,36.275782],[139.49738,36.275688],[139.495815,36.275241],[139.494623,36.2744],[139.492861,36.273787],[139.491271,36.274137],[139.491083,36.275089],[139.489958,36.275935],[139.488663,36.276061],[139.487668,36.275891],[139.486392,36.275272],[139.485575,36.275221],[139.483722,36.273921],[139.483726,36.27334],[139.482831,36.272822],[139.482549,36.272028],[139.481641,36.271925],[139.48091,36.271313],[139.479607,36.272208],[139.478634,36.272208],[139.476715,36.272615],[139.475322,36.273637],[139.475648,36.275623],[139.474482,36.276218],[139.473768,36.27634],[139.471482,36.275741],[139.471547,36.274353],[139.471932,36.273333],[139.472567,36.272603],[139.472659,36.271626],[139.472255,36.27085],[139.471776,36.270623],[139.469921,36.270816],[139.469136,36.270599],[139.466745,36.271636],[139.465234,36.271375],[139.463878,36.271521],[139.462325,36.272486],[139.46263,36.273132],[139.461712,36.273537],[139.461354,36.273988],[139.459909,36.274647],[139.459739,36.275325],[139.458481,36.276303],[139.458783,36.277102],[139.461062,36.27805],[139.461487,36.278676],[139.462694,36.279281],[139.463401,36.279359],[139.464358,36.27903],[139.46558,36.279253],[139.466746,36.279082],[139.468485,36.279196],[139.467269,36.279945],[139.467459,36.280495],[139.466752,36.281204],[139.465629,36.281713],[139.463534,36.282978],[139.462528,36.284009],[139.462585,36.284434],[139.460847,36.285145],[139.460463,36.286111],[139.460874,36.287204],[139.458674,36.28866],[139.457065,36.289193],[139.454498,36.289054],[139.454241,36.288561],[139.452356,36.28847],[139.445319,36.28834],[139.443649,36.288361],[139.441148,36.28833],[139.441043,36.287162],[139.438121,36.287112],[139.436134,36.287425],[139.435368,36.286851],[139.434188,36.286549],[139.433266,36.286986],[139.431748,36.285302],[139.431538,36.28302],[139.430412,36.283028],[139.429941,36.281415],[139.429717,36.279245],[139.430781,36.279195],[139.430701,36.277438],[139.432333,36.277378],[139.432753,36.276063],[139.433593,36.274167],[139.434303,36.273218],[139.434326,36.272732],[139.433839,36.271542],[139.433872,36.270695],[139.434339,36.269136],[139.435009,36.268431],[139.434886,36.267669]]]]}}
]}
