{"type":"FeatureCollection", "features": [
  {"type":"Feature","properties":{"name":"津市","code":"24201"},"geometry":{"type":"MultiPolygon","coordinates":[[[[136.16169,34.5483],[136.16087,34.54791],[136.15977,34.54671],[136.16083,34.54589],[136.16117,34.54503],[136.16208,34.54417],[136.1639,34.54277],[136.16435,34.54172],[136.16573,34.54135],[136.16693,34.53964],[136.16824,34.53958],[136.16972,34.53888],[136.171,34.53745],[136.17177,34.53482],[136.1717,34.53414],[136.17112,34.53358],[136.17126,34.53217],[136.17031,34.53067],[136.1706,34.5295],[136.17026,34.52897],[136.16982,34.52725],[136.16783,34.52611],[136.16715,34.52465],[136.16771,34.52091],[136.1674,34.52017],[136.16798,34.51977],[136.16897,34.51981],[136.17182,34.51815],[136.17356,34.51786],[136.17461,34.51804],[136.17538,34.51781],[136.17903,34.51725],[136.18075,34.51676],[136.18212,34.51675],[136.18252,34.518],[136.18326,34.51902],[136.18611,34.52093],[136.18669,34.52198],[136.18854,34.52332],[136.18978,34.52396],[136.19106,34.52358],[136.19361,34.52348],[136.19638,34.52391],[136.19745,34.52443],[136.19799,34.52503],[136.19954,34.52535],[136.20197,34.52632],[136.20414,34.527],[136.20604,34.52735],[136.20745,34.52784],[136.20845,34.52845],[136.20893,34.52847],[136.20994,34.52903],[136.21196,34.52883],[136.21461,34.52876],[136.21521,34.52896],[136.21641,34.52836],[136.21663,34.52798],[136.21628,34.52598],[136.21651,34.52435],[136.21598,34.52329],[136.21763,34.52138],[136.2184,34.52015],[136.21978,34.51589],[136.21954,34.51304],[136.21948,34.51053],[136.21905,34.50999],[136.21714,34.50852],[136.21579,34.50781],[136.21601,34.50697],[136.21519,34.50611],[136.21537,34.50483],[136.21497,34.50329],[136.21464,34.50287],[136.21487,34.50198],[136.21467,34.50131],[136.21513,34.50088],[136.21572,34.49947],[136.21722,34.49851],[136.21801,34.49767],[136.21826,34.49702],[136.21975,34.49646],[136.22207,34.49663],[136.22381,34.49554],[136.22505,34.49539],[136.2269,34.49539],[136.22794,34.49487],[136.22904,34.49472],[136.22978,34.49329],[136.22976,34.49186],[136.22911,34.49015],[136.22852,34.48907],[136.2272,34.48872],[136.22572,34.488],[136.2247,34.48713],[136.22394,34.48677],[136.22279,34.48678],[136.22179,34.48603],[136.22073,34.48559],[136.2192,34.48523],[136.21828,34.48438],[136.21838,34.48358],[136.21725,34.48293],[136.21633,34.48176],[136.21556,34.48115],[136.21483,34.47967],[136.21545,34.47796],[136.21491,34.47703],[136.21416,34.47503],[136.21484,34.47416],[136.21473,34.47272],[136.21409,34.47245],[136.21377,34.47178],[136.21297,34.47105],[136.21165,34.47043],[136.21083,34.46917],[136.21017,34.46867],[136.20932,34.46706],[136.20964,34.46606],[136.20961,34.46496],[136.20909,34.464],[136.20891,34.46236],[136.20841,34.46147],[136.20745,34.46055],[136.2074,34.45836],[136.20822,34.4581],[136.2086,34.4555],[136.2085,34.45463],[136.20782,34.45355],[136.20764,34.45201],[136.20651,34.45068],[136.20661,34.44918],[136.20625,34.44868],[136.20807,34.44832],[136.21017,34.44873],[136.21188,34.44942],[136.21299,34.44933],[136.21455,34.4496],[136.21543,34.44997],[136.2172,34.44973],[136.21875,34.44852],[136.21988,34.44812],[136.22129,34.44825],[136.22212,34.44861],[136.22452,34.44863],[136.22822,34.44898],[136.23179,34.44857],[136.23395,34.44865],[136.23561,34.44842],[136.23708,34.44838],[136.23841,34.44807],[136.23984,34.44813],[136.2415,34.44866],[136.24219,34.44861],[136.24421,34.44745],[136.24493,34.44739],[136.24576,34.44772],[136.24768,34.44802],[136.25159,34.4479],[136.25228,34.44773],[136.25342,34.44841],[136.25403,34.44903],[136.2553,34.44963],[136.25599,34.45016],[136.25765,34.45028],[136.2587,34.45017],[136.26083,34.4506],[136.26169,34.45104],[136.2624,34.45108],[136.26375,34.45153],[136.26579,34.45129],[136.26683,34.45136],[136.26788,34.45096],[136.26888,34.45109],[136.27127,34.45237],[136.2734,34.45227],[136.27466,34.45234],[136.27583,34.45288],[136.27779,34.45335],[136.2794,34.45348],[136.28111,34.45288],[136.28206,34.45309],[136.28312,34.45421],[136.28486,34.45486],[136.28619,34.45553],[136.28659,34.45631],[136.2866,34.45713],[136.28722,34.45805],[136.28767,34.45977],[136.28924,34.46056],[136.29054,34.46052],[136.29082,34.46144],[136.29129,34.46177],[136.29243,34.46192],[136.29341,34.46256],[136.29642,34.46203],[136.29806,34.46228],[136.2998,34.4619],[136.30038,34.46139],[136.30184,34.46158],[136.30298,34.46113],[136.30528,34.46125],[136.30584,34.46163],[136.30656,34.4629],[136.30982,34.46376],[136.31053,34.46378],[136.31113,34.46468],[136.31113,34.46588],[136.31162,34.46674],[136.31228,34.46676],[136.31424,34.46828],[136.31374,34.4701],[136.31401,34.47083],[136.31498,34.47193],[136.3162,34.47428],[136.31846,34.47521],[136.3192,34.47532],[136.32129,34.47639],[136.32226,34.47727],[136.32317,34.47848],[136.32431,34.47927],[136.32438,34.48065],[136.32416,34.48142],[136.32451,34.48284],[136.32474,34.48483],[136.32433,34.48623],[136.32515,34.48748],[136.32475,34.48848],[136.32464,34.49008],[136.32712,34.49025],[136.32795,34.49007],[136.32918,34.49036],[136.33111,34.4915],[136.33201,34.49112],[136.33292,34.49103],[136.33422,34.49055],[136.3352,34.4912],[136.33617,34.49242],[136.33713,34.49282],[136.33821,34.49464],[136.33908,34.49503],[136.3396,34.49569],[136.34038,34.49619],[136.34156,34.49728],[136.34222,34.4983],[136.34308,34.49894],[136.34359,34.4998],[136.3438,34.50139],[136.34418,34.50248],[136.34502,34.50329],[136.34553,34.50445],[136.34525,34.50546],[136.34619,34.50683],[136.34741,34.50746],[136.3482,34.50761],[136.34775,34.50926],[136.34692,34.50997],[136.34567,34.51161],[136.34572,34.51208],[136.3453,34.51356],[136.34476,34.51443],[136.34449,34.5154],[136.3429,34.51672],[136.34246,34.51768],[136.3428,34.51837],[136.34188,34.51942],[136.34104,34.52105],[136.33961,34.52107],[136.33827,34.52224],[136.33788,34.52382],[136.33831,34.52462],[136.33787,34.52489],[136.33808,34.52553],[136.33799,34.52726],[136.33828,34.52835],[136.33711,34.52985],[136.33747,34.53143],[136.33843,34.53223],[136.34033,34.53276],[136.34039,34.53313],[136.34177,34.53331],[136.34219,34.53305],[136.34357,34.53284],[136.34454,34.53305],[136.34443,34.53354],[136.34521,34.53424],[136.34605,34.53446],[136.34627,34.53562],[136.3467,34.53664],[136.34806,34.53699],[136.34841,34.53764],[136.34953,34.53791],[136.35055,34.53931],[136.35117,34.53982],[136.35189,34.54122],[136.3528,34.54114],[136.35359,34.5417],[136.35418,34.54245],[136.35468,34.54263],[136.35467,34.54436],[136.3549,34.54498],[136.3542,34.54578],[136.3541,34.5472],[136.35686,34.54778],[136.35852,34.54907],[136.35987,34.54928],[136.36037,34.54984],[136.36062,34.55093],[136.36104,34.5517],[136.36122,34.55312],[136.36285,34.55539],[136.36213,34.55717],[136.36227,34.55754],[136.36415,34.55849],[136.3646,34.55957],[136.36535,34.56049],[136.36628,34.5612],[136.36697,34.56143],[136.36886,34.56304],[136.36953,34.56517],[136.36839,34.566],[136.36951,34.56737],[136.37052,34.5681],[136.37147,34.5693],[136.37085,34.57015],[136.37076,34.57079],[136.37107,34.57171],[136.37156,34.57227],[136.37241,34.57257],[136.37318,34.57333],[136.37445,34.5734],[136.37495,34.57405],[136.37613,34.57482],[136.37644,34.57545],[136.37637,34.57716],[136.37697,34.57903],[136.37659,34.58083],[136.37695,34.58178],[136.37728,34.58422],[136.37787,34.58445],[136.37892,34.58559],[136.38021,34.58595],[136.38103,34.58712],[136.38227,34.58808],[136.38274,34.58901],[136.38342,34.58938],[136.38458,34.59238],[136.38676,34.59228],[136.38882,34.59344],[136.39044,34.59498],[136.39012,34.59648],[136.39019,34.59749],[136.39078,34.59838],[136.39115,34.59937],[136.39192,34.60061],[136.39164,34.60295],[136.39188,34.60497],[136.39168,34.60658],[136.39048,34.60669],[136.39091,34.60752],[136.39152,34.60929],[136.39139,34.61025],[136.39301,34.61034],[136.39382,34.61064],[136.39401,34.61276],[136.39435,34.61344],[136.39534,34.61372],[136.39586,34.61492],[136.39697,34.61571],[136.39832,34.61488],[136.39863,34.61496],[136.39922,34.61613],[136.40042,34.61505],[136.40182,34.61436],[136.40486,34.61545],[136.40531,34.61613],[136.40536,34.61727],[136.40661,34.61863],[136.40673,34.62006],[136.40811,34.61994],[136.40892,34.62081],[136.41045,34.62113],[136.41234,34.62068],[136.41445,34.62138],[136.41448,34.62217],[136.41535,34.6228],[136.41694,34.623],[136.41769,34.62249],[136.41956,34.62305],[136.41816,34.62412],[136.41971,34.62477],[136.41943,34.62573],[136.42069,34.62734],[136.42077,34.62846],[136.42146,34.62921],[136.42252,34.63156],[136.42501,34.6331],[136.42616,34.63392],[136.42654,34.63448],[136.42889,34.63599],[136.43026,34.63658],[136.43091,34.63652],[136.4311,34.63597],[136.43179,34.63579],[136.43374,34.63599],[136.4346,34.63581],[136.43677,34.63496],[136.43804,34.63388],[136.43918,34.63333],[136.43888,34.63277],[136.43924,34.63108],[136.43914,34.63019],[136.43964,34.62961],[136.44134,34.62957],[136.44337,34.62905],[136.44402,34.62864],[136.44471,34.62779],[136.4462,34.6278],[136.44754,34.62762],[136.44811,34.62829],[136.44849,34.62965],[136.44934,34.63127],[136.44997,34.63368],[136.45021,34.63385],[136.45008,34.63536],[136.45032,34.63609],[136.45033,34.63732],[136.45075,34.63887],[136.45145,34.63959],[136.45133,34.6415],[136.45376,34.64141],[136.45346,34.6402],[136.45287,34.63937],[136.4528,34.63779],[136.45436,34.63712],[136.45645,34.637],[136.45674,34.63629],[136.45736,34.63595],[136.45752,34.63712],[136.45783,34.63759],[136.4594,34.63848],[136.46027,34.63968],[136.46064,34.63936],[136.46171,34.64101],[136.46241,34.64071],[136.46253,34.64205],[136.46292,34.64296],[136.46309,34.64545],[136.46277,34.64605],[136.46333,34.64727],[136.46396,34.64746],[136.46368,34.64917],[136.46317,34.64954],[136.46548,34.6497],[136.46714,34.64994],[136.4675,34.6493],[136.46906,34.64886],[136.47106,34.64812],[136.4725,34.64841],[136.47396,34.64852],[136.47417,34.64809],[136.47594,34.64822],[136.47653,34.64742],[136.47777,34.64768],[136.47844,34.64851],[136.47913,34.64831],[136.48055,34.64662],[136.48135,34.64609],[136.48363,34.64528],[136.48575,34.645],[136.4869,34.64509],[136.489,34.64557],[136.49103,34.64646],[136.49206,34.64708],[136.49452,34.6491],[136.49564,34.64969],[136.49974,34.6511],[136.50486,34.65065],[136.50724,34.65034],[136.51406,34.64857],[136.51773,34.64795],[136.52017,34.64772],[136.52189,34.6477],[136.52364,34.64794],[136.52563,34.64849],[136.52687,34.64869],[136.52951,34.64818],[136.53106,34.64753],[136.53226,34.64672],[136.53337,34.64544],[136.53437,34.64392],[136.53572,34.64109],[136.53663,34.6402],[136.53826,34.63903],[136.54096,34.63759],[136.54262,34.63685],[136.54648,34.63543],[136.54958,34.6347],[136.54999,34.63809],[136.54949,34.63919],[136.54795,34.64535],[136.54767,34.64762],[136.54765,34.64891],[136.54785,34.65225],[136.54872,34.65915],[136.54854,34.661],[136.54891,34.66187],[136.54845,34.66631],[136.54985,34.66651],[136.55426,34.66734],[136.55446,34.66749],[136.55761,34.67135],[136.55413,34.67574],[136.55091,34.67948],[136.55072,34.67941],[136.55345,34.67622],[136.55214,34.67476],[136.55213,34.67427],[136.54933,34.67082],[136.54236,34.67467],[136.54463,34.67748],[136.54424,34.67769],[136.54499,34.67861],[136.54538,34.6784],[136.54685,34.68021],[136.54141,34.68323],[136.54122,34.6823],[136.53959,34.68027],[136.53919,34.68049],[136.53661,34.6773],[136.53502,34.67818],[136.53624,34.67968],[136.53609,34.6803],[136.53331,34.68179],[136.53274,34.68259],[136.52987,34.68418],[136.52968,34.68415],[136.52762,34.68162],[136.5251,34.6828],[136.52427,34.68361],[136.52335,34.68509],[136.52235,34.68764],[136.52209,34.68774],[136.52158,34.68954],[136.5215,34.69157],[136.52107,34.69374],[136.52106,34.69846],[136.52178,34.70282],[136.52243,34.70534],[136.52332,34.70759],[136.52396,34.7079],[136.52427,34.70877],[136.52401,34.70942],[136.5247,34.71077],[136.52528,34.71289],[136.52432,34.71307],[136.52507,34.7161],[136.52638,34.71986],[136.52682,34.72174],[136.52795,34.7249],[136.52812,34.72578],[136.52887,34.72788],[136.52966,34.72965],[136.52898,34.72982],[136.5292,34.73111],[136.5296,34.73483],[136.52883,34.73725],[136.52915,34.73785],[136.52953,34.74014],[136.53038,34.74384],[136.53106,34.74567],[136.5313,34.74675],[136.53216,34.74838],[136.53267,34.75008],[136.53436,34.75419],[136.53651,34.75867],[136.53886,34.76305],[136.53937,34.76301],[136.53969,34.76368],[136.53871,34.76409],[136.53981,34.76586],[136.5404,34.76561],[136.54049,34.76682],[136.54464,34.77371],[136.54708,34.77731],[136.54846,34.77924],[136.54782,34.77951],[136.54909,34.78115],[136.54988,34.78114],[136.55077,34.78251],[136.55431,34.78714],[136.55491,34.78801],[136.55766,34.79115],[136.55894,34.79242],[136.56206,34.7959],[136.56263,34.79668],[136.5636,34.79641],[136.56407,34.79799],[136.56522,34.79938],[136.5704,34.80454],[136.56988,34.80505],[136.56844,34.80704],[136.56786,34.80728],[136.56654,34.80733],[136.56559,34.80757],[136.56161,34.80984],[136.56154,34.81067],[136.55894,34.81189],[136.55771,34.81232],[136.5579,34.81155],[136.55739,34.81044],[136.55669,34.8109],[136.55574,34.81117],[136.55442,34.81224],[136.55496,34.81364],[136.55177,34.81448],[136.55163,34.81162],[136.55062,34.81096],[136.5485,34.81098],[136.54843,34.81035],[136.5473,34.81031],[136.54625,34.80997],[136.54577,34.81064],[136.54458,34.80977],[136.54368,34.81023],[136.54189,34.81004],[136.54181,34.80903],[136.54142,34.8086],[136.54138,34.80772],[136.53957,34.80825],[136.53823,34.80825],[136.53802,34.80794],[136.53384,34.80779],[136.53226,34.80817],[136.53083,34.8083],[136.52917,34.80796],[136.52849,34.80882],[136.52859,34.80942],[136.52809,34.80992],[136.52694,34.8104],[136.52659,34.81126],[136.52684,34.81213],[136.52541,34.81313],[136.52464,34.8132],[136.5234,34.81247],[136.52188,34.81059],[136.52023,34.80949],[136.51886,34.80908],[136.51803,34.80942],[136.51708,34.8091],[136.51698,34.80977],[136.51625,34.8096],[136.516,34.80817],[136.51533,34.80799],[136.51463,34.80888],[136.51445,34.80967],[136.51538,34.81045],[136.51464,34.81117],[136.51399,34.8109],[136.51265,34.81181],[136.5117,34.81117],[136.51147,34.81018],[136.51199,34.80988],[136.51166,34.80788],[136.51209,34.80752],[136.5114,34.80672],[136.51177,34.80588],[136.50971,34.80456],[136.50823,34.80466],[136.50661,34.80555],[136.50491,34.80561],[136.50424,34.80514],[136.50352,34.80529],[136.50196,34.80608],[136.50042,34.80579],[136.4994,34.80449],[136.49827,34.80414],[136.49777,34.80249],[136.49793,34.80177],[136.4967,34.80039],[136.49533,34.79956],[136.49239,34.79924],[136.49201,34.79883],[136.49112,34.79889],[136.49053,34.79933],[136.49035,34.8],[136.48955,34.80054],[136.48993,34.80156],[136.48963,34.80219],[136.48881,34.80186],[136.48795,34.80231],[136.48735,34.80227],[136.48577,34.80274],[136.48503,34.80436],[136.48445,34.80494],[136.4834,34.80502],[136.48315,34.80682],[136.4823,34.80748],[136.48199,34.80596],[136.48155,34.80628],[136.48019,34.8063],[136.47938,34.80585],[136.47935,34.80457],[136.47967,34.80402],[136.47841,34.80351],[136.47721,34.80272],[136.47698,34.80356],[136.47732,34.80389],[136.47764,34.80579],[136.47816,34.80663],[136.47869,34.80563],[136.47908,34.8067],[136.4787,34.80714],[136.47875,34.80843],[136.47816,34.80889],[136.47756,34.80827],[136.47751,34.80756],[136.47578,34.80685],[136.47549,34.8075],[136.47644,34.80853],[136.47507,34.80983],[136.47265,34.80875],[136.47197,34.80975],[136.47141,34.81004],[136.47125,34.8109],[136.47203,34.81156],[136.47146,34.8122],[136.47049,34.81198],[136.47038,34.81133],[136.46946,34.80996],[136.46901,34.80901],[136.46767,34.80897],[136.46741,34.80836],[136.46676,34.80794],[136.46616,34.80886],[136.46773,34.80979],[136.46808,34.81034],[136.46681,34.81077],[136.46619,34.8122],[136.46498,34.81213],[136.4641,34.81167],[136.46404,34.81094],[136.46355,34.81051],[136.46251,34.81087],[136.46214,34.81131],[136.46274,34.81194],[136.46275,34.81285],[136.46142,34.8127],[136.46104,34.81348],[136.46126,34.81387],[136.46246,34.81405],[136.46284,34.81473],[136.46145,34.81544],[136.46096,34.81489],[136.45956,34.81399],[136.45879,34.81287],[136.45863,34.81205],[136.45774,34.81176],[136.4568,34.81234],[136.45557,34.81273],[136.45521,34.8134],[136.45463,34.81332],[136.45465,34.81251],[136.45438,34.81144],[136.45317,34.81079],[136.45258,34.81092],[136.45137,34.81051],[136.45023,34.81094],[136.4497,34.81203],[136.4499,34.81282],[136.44964,34.81398],[136.44915,34.81465],[136.44795,34.8145],[136.44689,34.81588],[136.44387,34.81836],[136.44232,34.81821],[136.44223,34.81914],[136.44162,34.81982],[136.44068,34.8202],[136.44078,34.82061],[136.43952,34.82105],[136.43837,34.82044],[136.43788,34.82141],[136.43738,34.82134],[136.4357,34.8227],[136.43693,34.82416],[136.43647,34.8254],[136.43537,34.82589],[136.43485,34.82732],[136.43435,34.82791],[136.43603,34.82859],[136.43571,34.83041],[136.4351,34.83051],[136.43491,34.83128],[136.4344,34.83138],[136.43387,34.83224],[136.43406,34.83441],[136.43475,34.83491],[136.43349,34.83554],[136.43448,34.83593],[136.4355,34.83605],[136.43536,34.837],[136.43468,34.83766],[136.43444,34.83917],[136.43466,34.83986],[136.43366,34.84033],[136.43285,34.84118],[136.43068,34.84174],[136.42883,34.84137],[136.42863,34.84226],[136.42791,34.84232],[136.4267,34.84316],[136.42595,34.84287],[136.42396,34.84397],[136.42322,34.84402],[136.4224,34.84448],[136.42195,34.84419],[136.42227,34.84298],[136.42183,34.84119],[136.42053,34.84057],[136.4188,34.83996],[136.41745,34.83965],[136.41664,34.84068],[136.41557,34.84102],[136.41409,34.84237],[136.41263,34.84243],[136.41066,34.84304],[136.41032,34.84344],[136.40761,34.84335],[136.4057,34.84288],[136.40498,34.84221],[136.4034,34.84201],[136.40265,34.8416],[136.40366,34.84064],[136.40417,34.8382],[136.40297,34.83744],[136.40165,34.83696],[136.4,34.83672],[136.39819,34.83672],[136.39682,34.8356],[136.39502,34.83599],[136.39433,34.83545],[136.39361,34.83594],[136.3926,34.83558],[136.39061,34.83513],[136.38988,34.83576],[136.3889,34.83581],[136.3885,34.83475],[136.3868,34.83383],[136.38713,34.83288],[136.38606,34.83192],[136.38584,34.83145],[136.38413,34.83016],[136.38384,34.82921],[136.383,34.82854],[136.38203,34.82832],[136.38135,34.82789],[136.38121,34.82697],[136.3806,34.82574],[136.37978,34.82504],[136.37965,34.82398],[136.37831,34.82251],[136.37738,34.82246],[136.37572,34.82155],[136.37552,34.82052],[136.37111,34.81967],[136.36945,34.8205],[136.36838,34.82049],[136.36793,34.82087],[136.36657,34.82104],[136.36581,34.82168],[136.36584,34.8226],[136.36487,34.82291],[136.36328,34.82255],[136.36156,34.82245],[136.36089,34.82266],[136.35926,34.82263],[136.35658,34.82148],[136.35471,34.82113],[136.35319,34.82145],[136.35245,34.82094],[136.35124,34.82061],[136.35023,34.8201],[136.34943,34.82045],[136.34849,34.81942],[136.34715,34.81918],[136.34592,34.81875],[136.3456,34.81899],[136.3443,34.81896],[136.34334,34.8184],[136.34227,34.81863],[136.34165,34.81909],[136.34043,34.81893],[136.33894,34.81945],[136.33797,34.8192],[136.33722,34.81971],[136.33564,34.81912],[136.33427,34.81819],[136.33382,34.81823],[136.33284,34.81926],[136.33227,34.81902],[136.3308,34.81906],[136.32985,34.81961],[136.32892,34.81983],[136.32848,34.82035],[136.32775,34.82019],[136.32712,34.82043],[136.32623,34.82202],[136.32508,34.82087],[136.32353,34.82003],[136.3227,34.81915],[136.32331,34.8173],[136.32258,34.81583],[136.32294,34.81533],[136.32243,34.8146],[136.32276,34.81318],[136.32228,34.81226],[136.3207,34.81191],[136.31996,34.81215],[136.31786,34.81165],[136.31675,34.8119],[136.31563,34.81253],[136.31405,34.81268],[136.31292,34.81065],[136.31295,34.80956],[136.3132,34.80913],[136.31287,34.80837],[136.31307,34.80765],[136.31224,34.80685],[136.31193,34.80611],[136.31102,34.80564],[136.31056,34.80484],[136.30998,34.80439],[136.31006,34.80344],[136.30982,34.80244],[136.31006,34.80179],[136.31111,34.80163],[136.31227,34.80003],[136.31297,34.7999],[136.31324,34.79922],[136.31425,34.79778],[136.31326,34.79634],[136.31402,34.79547],[136.31401,34.79438],[136.31515,34.79268],[136.31459,34.79172],[136.31476,34.79119],[136.31587,34.79063],[136.31634,34.78919],[136.31745,34.78777],[136.31858,34.7878],[136.31919,34.78739],[136.32054,34.7874],[136.32156,34.78712],[136.32353,34.78627],[136.32424,34.78554],[136.32468,34.78573],[136.32578,34.78544],[136.32683,34.78574],[136.32761,34.78549],[136.32807,34.78638],[136.3299,34.78705],[136.33117,34.78705],[136.3319,34.78727],[136.33268,34.78682],[136.33256,34.78613],[136.33383,34.78514],[136.33376,34.78352],[136.33471,34.7822],[136.33622,34.7821],[136.33679,34.78175],[136.33721,34.781],[136.33696,34.7803],[136.3371,34.77951],[136.33645,34.77761],[136.33747,34.77686],[136.3394,34.77649],[136.3398,34.77507],[136.34181,34.77335],[136.34232,34.77118],[136.34204,34.76952],[136.34114,34.7688],[136.3408,34.76814],[136.33807,34.76778],[136.33725,34.76746],[136.33649,34.7668],[136.33552,34.76631],[136.33357,34.76598],[136.33327,34.7643],[136.33268,34.76402],[136.33084,34.76422],[136.32953,34.76344],[136.32862,34.76328],[136.32764,34.76198],[136.3262,34.76112],[136.3251,34.76077],[136.32475,34.75996],[136.32292,34.75759],[136.32194,34.75751],[136.32082,34.75673],[136.32062,34.75588],[136.31878,34.75476],[136.31882,34.7536],[136.3191,34.75314],[136.31887,34.75167],[136.31927,34.75005],[136.31832,34.74923],[136.31758,34.74908],[136.31703,34.74762],[136.31606,34.74745],[136.31432,34.74688],[136.31207,34.74701],[136.30996,34.7455],[136.30713,34.74484],[136.30582,34.74414],[136.30511,34.74404],[136.30407,34.7443],[136.3026,34.743],[136.30111,34.74312],[136.3005,34.74238],[136.30039,34.7415],[136.30114,34.74058],[136.30091,34.73913],[136.29962,34.73864],[136.29917,34.73798],[136.2981,34.73746],[136.29747,34.7366],[136.29736,34.73544],[136.2965,34.73513],[136.29665,34.73389],[136.29769,34.73376],[136.29881,34.73313],[136.29944,34.73235],[136.3013,34.73136],[136.3027,34.73141],[136.30384,34.73177],[136.30513,34.73155],[136.30642,34.73056],[136.30671,34.7299],[136.30845,34.72907],[136.30881,34.72845],[136.30879,34.72689],[136.30952,34.72561],[136.30956,34.72491],[136.30664,34.72364],[136.30597,34.72312],[136.30469,34.72291],[136.3039,34.72223],[136.30298,34.72075],[136.30293,34.72018],[136.30219,34.71946],[136.30083,34.71939],[136.30022,34.71886],[136.29979,34.71763],[136.30038,34.7168],[136.30015,34.7164],[136.29845,34.71625],[136.2972,34.71553],[136.29585,34.7156],[136.29527,34.71587],[136.2946,34.71553],[136.29425,34.71479],[136.29454,34.71359],[136.29508,34.71328],[136.29466,34.71197],[136.29421,34.71152],[136.29243,34.71128],[136.29157,34.71046],[136.29104,34.70946],[136.28971,34.709],[136.28948,34.70772],[136.28899,34.70762],[136.28831,34.70686],[136.28752,34.7045],[136.28576,34.70372],[136.2853,34.70248],[136.28457,34.70201],[136.28478,34.70102],[136.28388,34.70016],[136.28307,34.69817],[136.28195,34.69729],[136.28188,34.69665],[136.28309,34.69625],[136.28319,34.6958],[136.28239,34.69494],[136.28145,34.69479],[136.27938,34.69334],[136.27924,34.69207],[136.27879,34.69141],[136.27861,34.68991],[136.27637,34.68952],[136.27566,34.68773],[136.27407,34.68673],[136.27322,34.68647],[136.27266,34.68595],[136.27175,34.68566],[136.27044,34.6862],[136.27128,34.68476],[136.2725,34.68324],[136.27289,34.6822],[136.27284,34.68158],[136.27335,34.68042],[136.27274,34.67867],[136.27278,34.67668],[136.27145,34.67649],[136.27109,34.67539],[136.27075,34.67516],[136.26867,34.67567],[136.26738,34.67549],[136.26716,34.6748],[136.26574,34.67365],[136.26603,34.67237],[136.26708,34.6718],[136.26754,34.6708],[136.26879,34.67017],[136.26946,34.67004],[136.26983,34.66948],[136.27045,34.66944],[136.27188,34.66831],[136.27267,34.66743],[136.27407,34.66687],[136.27367,34.66608],[136.27457,34.66447],[136.27503,34.6633],[136.27342,34.66313],[136.27189,34.66229],[136.27091,34.663],[136.27083,34.66395],[136.26999,34.66407],[136.26908,34.66356],[136.26927,34.66135],[136.26889,34.66075],[136.26819,34.66046],[136.26747,34.66058],[136.26719,34.66002],[136.26812,34.65956],[136.26802,34.65792],[136.26817,34.65736],[136.26571,34.65613],[136.26327,34.65622],[136.26167,34.65605],[136.26098,34.65542],[136.26112,34.65427],[136.26067,34.65253],[136.25988,34.65189],[136.25954,34.65061],[136.25784,34.64967],[136.25764,34.64855],[136.25685,34.6476],[136.25769,34.64692],[136.25829,34.6455],[136.25652,34.64484],[136.25578,34.64421],[136.25471,34.64416],[136.25293,34.64477],[136.25136,34.64397],[136.2511,34.64275],[136.25124,34.64192],[136.25042,34.64099],[136.25041,34.63935],[136.25011,34.63718],[136.24979,34.63613],[136.25062,34.63571],[136.25057,34.63474],[136.2515,34.63435],[136.25139,34.6335],[136.25027,34.63362],[136.24966,34.63331],[136.24957,34.63273],[136.24892,34.63265],[136.24763,34.63186],[136.24713,34.63124],[136.24557,34.63093],[136.24536,34.63007],[136.24631,34.62862],[136.24602,34.62803],[136.24666,34.6278],[136.24589,34.62705],[136.24587,34.62518],[136.24677,34.62456],[136.24762,34.62478],[136.24894,34.6242],[136.24955,34.62287],[136.24923,34.62155],[136.24977,34.62084],[136.24975,34.61997],[136.25035,34.61946],[136.2505,34.61871],[136.25008,34.61826],[136.24958,34.61647],[136.24993,34.61511],[136.24984,34.61423],[136.24937,34.61362],[136.24938,34.61302],[136.25066,34.6124],[136.25123,34.61182],[136.25004,34.60999],[136.25003,34.60936],[136.25076,34.60778],[136.25059,34.60687],[136.25007,34.60654],[136.2492,34.60548],[136.24951,34.60451],[136.24928,34.60339],[136.25043,34.60226],[136.25052,34.60189],[136.24992,34.60109],[136.25009,34.59968],[136.25101,34.59944],[136.25339,34.59912],[136.25458,34.59828],[136.25569,34.59728],[136.2568,34.59677],[136.2574,34.59625],[136.25738,34.59531],[136.25906,34.59452],[136.25824,34.59309],[136.25706,34.59239],[136.25592,34.59147],[136.25392,34.59065],[136.25289,34.59058],[136.25139,34.58911],[136.2509,34.58729],[136.25203,34.58681],[136.25476,34.58686],[136.25547,34.58628],[136.25619,34.58497],[136.25581,34.58393],[136.2548,34.58346],[136.25357,34.58374],[136.25231,34.58337],[136.2509,34.58363],[136.25027,34.58321],[136.24906,34.583],[136.24827,34.58184],[136.2472,34.5823],[136.24535,34.58242],[136.24309,34.58197],[136.24251,34.58147],[136.24125,34.58128],[136.24025,34.58068],[136.23891,34.58035],[136.23771,34.57901],[136.23651,34.57914],[136.23521,34.57896],[136.23409,34.57955],[136.23286,34.57933],[136.23137,34.57963],[136.23066,34.5795],[136.23002,34.57878],[136.22898,34.57921],[136.22752,34.5795],[136.22667,34.57947],[136.22596,34.57883],[136.22547,34.57766],[136.22519,34.57634],[136.22443,34.5741],[136.22351,34.57359],[136.2231,34.57286],[136.22273,34.57004],[136.22241,34.56949],[136.2208,34.56855],[136.21954,34.56803],[136.2192,34.56639],[136.21951,34.56559],[136.2184,34.56422],[136.21941,34.56291],[136.21872,34.56152],[136.21955,34.56021],[136.22005,34.55806],[136.21922,34.55776],[136.21746,34.55904],[136.21652,34.5599],[136.21544,34.56016],[136.21468,34.56058],[136.2147,34.56159],[136.21395,34.56189],[136.21272,34.56306],[136.2113,34.56372],[136.20995,34.56559],[136.20917,34.56583],[136.20876,34.56666],[136.20792,34.56663],[136.20669,34.56579],[136.20486,34.56475],[136.20369,34.56483],[136.20298,34.56423],[136.20247,34.56577],[136.20129,34.56686],[136.19939,34.56612],[136.19876,34.56518],[136.19848,34.56404],[136.19752,34.5636],[136.19703,34.56577],[136.19659,34.56651],[136.19549,34.56664],[136.19435,34.56623],[136.19393,34.56632],[136.19223,34.56804],[136.19105,34.56862],[136.18956,34.56887],[136.18764,34.56886],[136.18589,34.56906],[136.18535,34.56892],[136.18499,34.56828],[136.18496,34.56749],[136.18455,34.56683],[136.18336,34.56732],[136.1802,34.56783],[136.17927,34.56821],[136.1769,34.56833],[136.17667,34.56675],[136.1749,34.56451],[136.17401,34.56234],[136.17254,34.56163],[136.17187,34.56179],[136.17073,34.56165],[136.17066,34.5604],[136.17004,34.55921],[136.16871,34.55802],[136.16847,34.5574],[136.16787,34.55722],[136.16678,34.5552],[136.16727,34.55458],[136.16615,34.55274],[136.16538,34.55218],[136.16503,34.55091],[136.16433,34.55037],[136.16403,34.54904],[136.16315,34.54841],[136.16169,34.5483]]]]}},
  {"type":"Feature","properties":{"name":"四日市市","code":"24202"},"geometry":{"type":"MultiPolygon","coordinates":[[[[136.64233,34.90059],[136.64599,34.90355],[136.64704,34.90406],[136.64637,34.90489],[136.64579,34.90503],[136.64609,34.90617],[136.64728,34.90801],[136.64645,34.90963],[136.6467,34.91138],[136.64554,34.9166],[136.64449,34.91692],[136.64484,34.91781],[136.64475,34.9185],[136.64502,34.92072],[136.64658,34.92344],[136.64725,34.92427],[136.64741,34.92494],[136.64574,34.9248],[136.64484,34.92648],[136.64536,34.92832],[136.64583,34.92922],[136.64713,34.93082],[136.64579,34.93087],[136.64502,34.93278],[136.64575,34.93441],[136.6481,34.93522],[136.64903,34.93593],[136.65321,34.93737],[136.66687,34.937],[136.66753,34.94177],[136.66717,34.94187],[136.66275,34.94227],[136.66313,34.94541],[136.6606,34.94573],[136.65772,34.94596],[136.64847,34.94684],[136.64797,34.9467],[136.64719,34.9459],[136.64654,34.94472],[136.64593,34.94497],[136.64505,34.94401],[136.64394,34.94319],[136.64288,34.93927],[136.64111,34.93875],[136.63985,34.94162],[136.64082,34.94333],[136.64058,34.94342],[136.63952,34.94155],[136.63903,34.94166],[136.63857,34.94271],[136.63879,34.9433],[136.63843,34.94436],[136.63798,34.94477],[136.63757,34.9464],[136.6352,34.94824],[136.63384,34.94891],[136.6342,34.94996],[136.63662,34.94894],[136.64112,34.94898],[136.64104,34.9499],[136.63857,34.95049],[136.63858,34.95193],[136.64272,34.95097],[136.64333,34.95269],[136.64095,34.95337],[136.64213,34.95462],[136.64487,34.95397],[136.64553,34.95587],[136.64297,34.9565],[136.64139,34.95609],[136.63895,34.95302],[136.6379,34.95317],[136.63749,34.95747],[136.63939,34.9576],[136.63924,34.95899],[136.6378,34.95964],[136.63824,34.96073],[136.6397,34.96179],[136.64076,34.96098],[136.64088,34.96063],[136.64023,34.9595],[136.64614,34.95909],[136.64676,34.96138],[136.64485,34.96227],[136.64606,34.96414],[136.64662,34.96439],[136.65002,34.97339],[136.65063,34.97341],[136.65086,34.97402],[136.65041,34.97474],[136.64599,34.97652],[136.64887,34.98395],[136.64978,34.98648],[136.6503,34.99122],[136.65182,34.9933],[136.65647,34.99765],[136.65573,34.99792],[136.65735,34.99924],[136.65776,34.99916],[136.66044,35.00104],[136.66098,35.00104],[136.66448,35.00348],[136.66403,35.00392],[136.66469,35.00438],[136.66547,35.00362],[136.66609,35.0042],[136.66494,35.00532],[136.66594,35.00579],[136.66625,35.00493],[136.66685,35.00508],[136.66732,35.00378],[136.66761,35.0037],[136.67398,35.00636],[136.67273,35.00831],[136.67217,35.00964],[136.67159,35.01038],[136.67231,35.01056],[136.67195,35.0114],[136.67405,35.01235],[136.67272,35.01505],[136.67006,35.0174],[136.66885,35.01631],[136.66827,35.01679],[136.66771,35.01626],[136.66726,35.01665],[136.66442,35.01418],[136.66402,35.01358],[136.66321,35.01305],[136.66163,35.0117],[136.65643,35.01607],[136.65713,35.01672],[136.65439,35.01813],[136.65556,35.01922],[136.65611,35.01873],[136.65755,35.01992],[136.65923,35.02187],[136.65821,35.02259],[136.65936,35.02475],[136.6577,35.02498],[136.65434,35.02546],[136.65456,35.02615],[136.65353,35.02628],[136.65306,35.02693],[136.65316,35.02752],[136.65206,35.02832],[136.64773,35.02741],[136.64575,35.02919],[136.64479,35.02953],[136.64462,35.03104],[136.64357,35.03236],[136.64337,35.03307],[136.6422,35.0333],[136.6411,35.03504],[136.64036,35.0371],[136.64073,35.03774],[136.64101,35.03904],[136.64208,35.03968],[136.6422,35.04036],[136.64165,35.04081],[136.64197,35.04161],[136.64175,35.04305],[136.64155,35.04377],[136.64087,35.04415],[136.64062,35.04473],[136.6397,35.04457],[136.63844,35.04476],[136.63754,35.04452],[136.63675,35.04484],[136.6363,35.04569],[136.63374,35.04469],[136.63296,35.04405],[136.63111,35.04423],[136.63058,35.04458],[136.62956,35.04471],[136.62828,35.0459],[136.62739,35.04626],[136.62429,35.04657],[136.62074,35.04664],[136.61923,35.04692],[136.61828,35.04741],[136.61724,35.0474],[136.61621,35.04713],[136.61518,35.04645],[136.61344,35.04602],[136.61205,35.04603],[136.61166,35.04631],[136.61071,35.04846],[136.61017,35.04881],[136.60961,35.0485],[136.60928,35.04748],[136.60853,35.04711],[136.60822,35.04612],[136.60684,35.04667],[136.60564,35.04741],[136.60369,35.04816],[136.60019,35.04861],[136.59757,35.04913],[136.59515,35.04936],[136.59261,35.04929],[136.58903,35.04995],[136.58677,35.05059],[136.58491,35.05129],[136.58105,35.05178],[136.57899,35.05234],[136.57435,35.05319],[136.57203,35.05391],[136.57097,35.05444],[136.56934,35.05564],[136.5689,35.05624],[136.56814,35.05874],[136.56806,35.06071],[136.56768,35.06135],[136.56289,35.06201],[136.56326,35.06438],[136.56143,35.06464],[136.56004,35.06461],[136.55876,35.06436],[136.55753,35.0649],[136.55703,35.06533],[136.55548,35.06529],[136.5545,35.06588],[136.55149,35.06624],[136.54993,35.06674],[136.54905,35.06814],[136.54801,35.06884],[136.5462,35.06917],[136.5434,35.07026],[136.54075,35.0698],[136.53881,35.07051],[136.53908,35.07],[136.53848,35.06957],[136.53914,35.06704],[136.53945,35.06628],[136.53918,35.06596],[136.53575,35.06689],[136.53571,35.06675],[136.53759,35.06463],[136.53897,35.06367],[136.54142,35.0626],[136.54052,35.06117],[136.54181,35.06047],[136.54031,35.05808],[136.54065,35.0579],[136.53967,35.05656],[136.54021,35.05628],[136.53796,35.05269],[136.53944,35.05261],[136.53916,35.05162],[136.53861,35.05111],[136.53896,35.05029],[136.5376,35.04843],[136.53788,35.04776],[136.53667,35.04724],[136.53546,35.04622],[136.53487,35.04539],[136.53343,35.04471],[136.53354,35.04337],[136.53515,35.04315],[136.53707,35.04272],[136.53625,35.04037],[136.53429,35.03802],[136.53805,35.03817],[136.54246,35.03817],[136.54432,35.03807],[136.5484,35.03762],[136.55,35.0373],[136.55168,35.03713],[136.5557,35.03691],[136.55905,35.03642],[136.55867,35.03341],[136.55845,35.0328],[136.5561,35.02919],[136.55653,35.02884],[136.55605,35.02723],[136.55467,35.02525],[136.55499,35.02313],[136.55468,35.0219],[136.55471,35.01997],[136.55425,35.01965],[136.55449,35.01774],[136.55391,35.01678],[136.55273,35.01646],[136.55153,35.01583],[136.5516,35.01501],[136.55077,35.01498],[136.55053,35.01453],[136.54874,35.01486],[136.54616,35.01561],[136.54658,35.01657],[136.54119,35.01819],[136.54071,35.01718],[136.53737,35.01827],[136.53683,35.01714],[136.53613,35.01701],[136.53432,35.01296],[136.53511,35.01224],[136.53604,35.0109],[136.53756,35.00991],[136.5397,35.00888],[136.54045,35.00915],[136.5424,35.0062],[136.54431,35.00384],[136.54587,35.00164],[136.54591,35.0014],[136.54359,35.00005],[136.54253,35.0003],[136.54248,34.99983],[136.54001,34.9999],[136.53644,34.99952],[136.53584,34.99918],[136.53447,34.99905],[136.53252,34.99859],[136.53153,34.99795],[136.53011,34.99809],[136.52885,34.99874],[136.52699,34.99872],[136.52297,35.00063],[136.52165,35.00022],[136.52081,35.00027],[136.51898,34.99926],[136.51793,34.99785],[136.51616,34.99676],[136.51572,34.99669],[136.51321,34.99719],[136.51176,34.9966],[136.51095,34.99678],[136.51014,34.99816],[136.50906,34.99884],[136.50665,34.9983],[136.50418,34.99804],[136.50161,34.99722],[136.5001,34.997],[136.49909,34.99658],[136.49837,34.99659],[136.49709,34.99704],[136.49432,34.99643],[136.49335,34.99658],[136.49242,34.99745],[136.49135,34.99748],[136.48998,34.99634],[136.48885,34.99577],[136.48692,34.99559],[136.48635,34.99577],[136.48467,34.99491],[136.48396,34.99507],[136.48306,34.99474],[136.48078,34.99439],[136.47974,34.99365],[136.47775,34.9938],[136.47662,34.99465],[136.47577,34.99494],[136.47499,34.99574],[136.47342,34.99564],[136.47377,34.99426],[136.47096,34.99409],[136.46884,34.99303],[136.46783,34.99271],[136.46651,34.99262],[136.46494,34.99198],[136.46471,34.99156],[136.46265,34.99063],[136.46109,34.99103],[136.46012,34.99091],[136.4592,34.9914],[136.45739,34.99336],[136.45653,34.99401],[136.45472,34.99638],[136.45475,34.99722],[136.45176,34.99751],[136.45074,34.99732],[136.4497,34.99851],[136.44866,34.9991],[136.44801,34.99991],[136.4451,35.00038],[136.44388,35.00034],[136.4433,35],[136.44133,34.99965],[136.43879,34.99888],[136.4372,35.00049],[136.43512,35.00076],[136.43341,35.00074],[136.43135,35.00141],[136.42986,35.00114],[136.42927,35.00127],[136.42848,35.00026],[136.4274,34.99999],[136.42592,34.99937],[136.42366,34.99935],[136.42117,34.99963],[136.42037,34.99902],[136.41983,34.99903],[136.41907,34.99838],[136.41769,34.99811],[136.41636,34.99765],[136.41491,34.99656],[136.41448,34.99664],[136.41349,34.99543],[136.41448,34.99443],[136.41493,34.99318],[136.41574,34.9931],[136.41636,34.99213],[136.41549,34.99039],[136.4161,34.98814],[136.41551,34.98701],[136.41519,34.98462],[136.41673,34.98464],[136.41924,34.98428],[136.42063,34.98446],[136.42161,34.98496],[136.42347,34.98492],[136.42493,34.98456],[136.42662,34.98563],[136.42684,34.98612],[136.42772,34.98669],[136.4282,34.98741],[136.42951,34.98742],[136.43155,34.98709],[136.43312,34.98669],[136.43366,34.98679],[136.43465,34.98635],[136.43596,34.98657],[136.43708,34.9875],[136.43811,34.98725],[136.43922,34.98735],[136.44166,34.98809],[136.44244,34.98757],[136.4435,34.98746],[136.44403,34.98705],[136.44434,34.98609],[136.44494,34.98572],[136.44529,34.98466],[136.44614,34.98475],[136.44652,34.98395],[136.44738,34.98358],[136.44822,34.98364],[136.44957,34.98316],[136.4512,34.98196],[136.45329,34.98088],[136.4548,34.97984],[136.45613,34.97914],[136.45987,34.97825],[136.46144,34.9777],[136.46329,34.97669],[136.46434,34.97595],[136.46957,34.97124],[136.47043,34.97056],[136.47105,34.96883],[136.47193,34.96807],[136.47215,34.96694],[136.47339,34.96641],[136.47256,34.96547],[136.47176,34.96513],[136.4736,34.96445],[136.47558,34.96434],[136.47613,34.96393],[136.47496,34.96158],[136.4767,34.9604],[136.47543,34.95861],[136.47982,34.95734],[136.48033,34.95829],[136.48502,34.9552],[136.48636,34.95441],[136.48823,34.95371],[136.49007,34.95448],[136.48921,34.95529],[136.4898,34.95577],[136.49071,34.95558],[136.49152,34.95466],[136.49584,34.95089],[136.49659,34.95045],[136.49692,34.95099],[136.49655,34.95151],[136.49709,34.95212],[136.503,34.95038],[136.50578,34.94931],[136.50752,34.94837],[136.50939,34.94704],[136.51213,34.94494],[136.5123,34.94421],[136.51331,34.94347],[136.51341,34.9426],[136.51276,34.94108],[136.51111,34.93942],[136.51325,34.93785],[136.51567,34.93633],[136.51811,34.93503],[136.52379,34.93141],[136.52395,34.931],[136.52728,34.92943],[136.52929,34.9283],[136.5304,34.9279],[136.53209,34.92687],[136.53309,34.92654],[136.53517,34.92614],[136.53973,34.92396],[136.54059,34.92363],[136.5447,34.92295],[136.54616,34.92256],[136.54972,34.92142],[136.55068,34.92089],[136.55308,34.91924],[136.55562,34.91827],[136.55659,34.91773],[136.55816,34.91614],[136.5607,34.91577],[136.5603,34.91445],[136.56281,34.91392],[136.56476,34.91375],[136.5665,34.91401],[136.56689,34.91424],[136.56811,34.91405],[136.56946,34.91326],[136.57175,34.91358],[136.57303,34.91356],[136.57461,34.91391],[136.57573,34.91439],[136.57746,34.91464],[136.57764,34.91335],[136.57797,34.91272],[136.57803,34.91174],[136.57891,34.91086],[136.58008,34.91135],[136.58121,34.91053],[136.58209,34.91143],[136.58226,34.91202],[136.58337,34.91259],[136.58406,34.91244],[136.58478,34.91115],[136.58568,34.91006],[136.58663,34.9093],[136.58757,34.91014],[136.58879,34.91056],[136.58947,34.91016],[136.59091,34.9101],[136.59168,34.91034],[136.59404,34.91043],[136.59457,34.91002],[136.59499,34.90898],[136.59576,34.90895],[136.59616,34.90765],[136.59729,34.90723],[136.59762,34.90651],[136.59924,34.90624],[136.60208,34.90772],[136.60491,34.90816],[136.6028,34.90669],[136.6032,34.90631],[136.60614,34.90579],[136.60744,34.90505],[136.61026,34.90461],[136.61545,34.90423],[136.62208,34.90405],[136.62465,34.90392],[136.62493,34.90368],[136.63029,34.90354],[136.63131,34.90343],[136.63187,34.90363],[136.63437,34.90348],[136.63458,34.90314],[136.63658,34.90263],[136.63746,34.90262],[136.63995,34.90167],[136.64068,34.90152],[136.64233,34.90059]]],[[[136.67244,34.99697],[136.6753,35.00203],[136.67446,35.00235],[136.67104,35.00229],[136.66377,34.9993],[136.65387,34.99235],[136.65252,34.99299],[136.65199,34.99225],[136.65281,34.99185],[136.65177,34.98607],[136.65013,34.97735],[136.65538,34.97526],[136.66562,34.97294],[136.67227,34.98274],[136.67297,34.98235],[136.67469,34.98423],[136.67577,34.98383],[136.67758,34.98702],[136.67698,34.98745],[136.66129,34.99347],[136.66179,34.99437],[136.66675,34.99784],[136.67061,34.99636],[136.67099,34.99701],[136.6722,34.99655],[136.67244,34.99697]]]]}},
  {"type":"Feature","properties":{"name":"伊勢市","code":"24203"},"geometry":{"type":"MultiPolygon","coordinates":[[[[136.74353,34.38472],[136.74597,34.38515],[136.74708,34.3849],[136.74996,34.38547],[136.7515,34.38616],[136.75136,34.38775],[136.75186,34.3894],[136.75405,34.39137],[136.75404,34.39231],[136.7548,34.39293],[136.75516,34.39505],[136.75657,34.39607],[136.75713,34.39779],[136.75846,34.39879],[136.75787,34.39944],[136.75442,34.40045],[136.75399,34.40086],[136.75454,34.40138],[136.75428,34.40272],[136.7554,34.40364],[136.7565,34.40373],[136.75751,34.40417],[136.75792,34.40469],[136.75866,34.4077],[136.75819,34.40817],[136.75867,34.40912],[136.75921,34.41129],[136.75944,34.41167],[136.7609,34.41187],[136.76204,34.41242],[136.76274,34.41205],[136.76409,34.41266],[136.76555,34.41364],[136.7674,34.41453],[136.76833,34.41465],[136.76919,34.41537],[136.76991,34.41556],[136.77057,34.41611],[136.77229,34.41714],[136.77292,34.41812],[136.77472,34.41768],[136.77715,34.41749],[136.77888,34.41683],[136.7807,34.41688],[136.78145,34.41842],[136.78384,34.41946],[136.78509,34.42112],[136.78649,34.42227],[136.78753,34.42334],[136.78667,34.42412],[136.78603,34.4243],[136.78437,34.426],[136.7846,34.42659],[136.78454,34.42757],[136.78421,34.42842],[136.78447,34.4293],[136.78447,34.43084],[136.78396,34.4323],[136.78285,34.43306],[136.78271,34.43344],[136.78297,34.43528],[136.78267,34.43661],[136.78299,34.4371],[136.78327,34.43938],[136.78305,34.4398],[136.78285,34.44142],[136.78297,34.4436],[136.78178,34.4454],[136.78155,34.44606],[136.78208,34.44698],[136.78267,34.44893],[136.78328,34.45017],[136.78425,34.45084],[136.78469,34.45146],[136.78588,34.45232],[136.78572,34.45326],[136.78476,34.45443],[136.78567,34.45571],[136.7868,34.45577],[136.78753,34.45699],[136.78872,34.45774],[136.79,34.45797],[136.79074,34.45757],[136.79138,34.45777],[136.79228,34.45915],[136.7942,34.45977],[136.79525,34.45952],[136.79579,34.45973],[136.79713,34.45956],[136.79839,34.45906],[136.79991,34.45949],[136.8005,34.45901],[136.80097,34.45961],[136.80073,34.46121],[136.80112,34.46176],[136.80117,34.46323],[136.80138,34.46388],[136.80281,34.46419],[136.80377,34.46576],[136.80393,34.46677],[136.80351,34.46761],[136.8041,34.46876],[136.80474,34.46948],[136.80599,34.46995],[136.80637,34.47042],[136.80588,34.47084],[136.80632,34.47284],[136.80581,34.47326],[136.80372,34.4731],[136.80282,34.47375],[136.80269,34.4753],[136.803,34.47569],[136.80428,34.47607],[136.80498,34.47666],[136.80487,34.47769],[136.80412,34.47769],[136.80333,34.47819],[136.80386,34.48039],[136.80467,34.48041],[136.80606,34.48116],[136.80735,34.48105],[136.80909,34.48201],[136.81056,34.4821],[136.81103,34.48236],[136.81296,34.4824],[136.81379,34.48286],[136.81476,34.48391],[136.81566,34.48449],[136.81605,34.4852],[136.81596,34.48593],[136.81752,34.48685],[136.81732,34.48897],[136.81709,34.48964],[136.81762,34.49045],[136.81702,34.49079],[136.81622,34.49068],[136.8147,34.49132],[136.81338,34.49139],[136.81295,34.49183],[136.81327,34.49332],[136.81414,34.49365],[136.81561,34.49465],[136.81556,34.49545],[136.816,34.4966],[136.81274,34.49793],[136.8116,34.49877],[136.81136,34.49931],[136.81226,34.49999],[136.81199,34.50118],[136.81264,34.50142],[136.81245,34.50247],[136.81051,34.5034],[136.81016,34.50383],[136.8108,34.50542],[136.81051,34.50595],[136.81109,34.50684],[136.81001,34.5081],[136.8089,34.50827],[136.80687,34.50785],[136.80564,34.50779],[136.80387,34.50728],[136.80073,34.50696],[136.79876,34.50695],[136.79575,34.50653],[136.79336,34.50686],[136.79298,34.50734],[136.79023,34.50807],[136.78909,34.5081],[136.78856,34.50911],[136.7873,34.50923],[136.78668,34.50882],[136.78601,34.50926],[136.78552,34.50903],[136.78265,34.50893],[136.78167,34.50871],[136.77686,34.50892],[136.77519,34.50926],[136.77412,34.50989],[136.77322,34.50991],[136.77177,34.51092],[136.77004,34.51136],[136.76914,34.51199],[136.76785,34.51244],[136.76534,34.51355],[136.76492,34.51418],[136.7643,34.51417],[136.75963,34.51751],[136.75755,34.5192],[136.75649,34.52031],[136.75531,34.52233],[136.75421,34.52365],[136.75417,34.52413],[136.7532,34.52476],[136.75225,34.52421],[136.75154,34.52313],[136.75051,34.5225],[136.74847,34.52227],[136.74776,34.52387],[136.74797,34.52404],[136.74774,34.52529],[136.7472,34.5263],[136.74569,34.52701],[136.74362,34.52853],[136.74224,34.52976],[136.74081,34.53187],[136.74014,34.53226],[136.73858,34.53364],[136.7372,34.53425],[136.73625,34.53353],[136.73333,34.53517],[136.72945,34.53752],[136.72869,34.53837],[136.7281,34.5383],[136.72316,34.54115],[136.72251,34.54265],[136.71889,34.54276],[136.71816,34.54292],[136.71601,34.5445],[136.71438,34.54477],[136.71027,34.54509],[136.70778,34.54505],[136.70466,34.54513],[136.70007,34.54563],[136.69638,34.54637],[136.69422,34.54704],[136.69311,34.5478],[136.68936,34.55008],[136.68833,34.55126],[136.68689,34.55183],[136.68531,34.55204],[136.68311,34.55259],[136.67969,34.55357],[136.67648,34.55477],[136.67287,34.55584],[136.66944,34.55716],[136.66686,34.55833],[136.66527,34.55933],[136.66301,34.56139],[136.66094,34.56389],[136.66135,34.56545],[136.66045,34.5663],[136.65744,34.56353],[136.6572,34.56317],[136.65841,34.56185],[136.65918,34.56188],[136.65959,34.56103],[136.6593,34.56042],[136.65768,34.55939],[136.65655,34.55841],[136.65598,34.55749],[136.65592,34.55647],[136.65649,34.55549],[136.65672,34.55458],[136.65787,34.55361],[136.65798,34.55274],[136.65868,34.55174],[136.65828,34.55131],[136.65433,34.54998],[136.65158,34.54891],[136.65066,34.54817],[136.64983,34.54661],[136.64929,34.54639],[136.64814,34.54648],[136.64715,34.54561],[136.64651,34.54433],[136.64733,34.54427],[136.64689,34.5426],[136.64708,34.54207],[136.64608,34.54071],[136.64561,34.53921],[136.64542,34.53631],[136.64644,34.53609],[136.64955,34.53484],[136.64984,34.53493],[136.65165,34.53457],[136.6571,34.5308],[136.6605,34.52851],[136.65982,34.52768],[136.66104,34.52735],[136.65968,34.52477],[136.65906,34.52381],[136.66123,34.52262],[136.66045,34.52164],[136.66129,34.521],[136.66026,34.52019],[136.66024,34.51956],[136.65922,34.51752],[136.65856,34.51737],[136.65739,34.51845],[136.65696,34.51795],[136.65549,34.51772],[136.65485,34.51806],[136.65431,34.51967],[136.65457,34.52081],[136.65516,34.52127],[136.65589,34.52094],[136.65817,34.52083],[136.65766,34.52137],[136.65813,34.52308],[136.65751,34.52389],[136.65711,34.52302],[136.65601,34.5232],[136.65503,34.52277],[136.65387,34.52278],[136.65416,34.52199],[136.654,34.52104],[136.65423,34.52019],[136.65399,34.51966],[136.65269,34.51895],[136.65435,34.51883],[136.65449,34.51775],[136.65381,34.51642],[136.6528,34.5166],[136.65166,34.5164],[136.65167,34.51572],[136.65265,34.51619],[136.65371,34.51573],[136.6543,34.51459],[136.65286,34.51391],[136.65201,34.51441],[136.65176,34.51343],[136.65128,34.51304],[136.65037,34.51299],[136.64956,34.51208],[136.64799,34.51202],[136.64739,34.51221],[136.64554,34.51356],[136.64578,34.51442],[136.64647,34.51469],[136.647,34.51442],[136.64763,34.51513],[136.64553,34.51668],[136.64433,34.51706],[136.64345,34.51792],[136.64323,34.51677],[136.64188,34.51738],[136.64145,34.51718],[136.64235,34.51638],[136.64257,34.51576],[136.64201,34.51553],[136.64066,34.51613],[136.64097,34.51478],[136.64192,34.51438],[136.64239,34.5137],[136.64206,34.51202],[136.64553,34.51233],[136.64804,34.51177],[136.64982,34.51032],[136.64688,34.50927],[136.64342,34.50828],[136.64291,34.50746],[136.64254,34.50445],[136.64161,34.50304],[136.6391,34.50006],[136.63905,34.49985],[136.64614,34.50066],[136.64634,34.49858],[136.64692,34.49826],[136.64678,34.4996],[136.64716,34.49962],[136.64735,34.49842],[136.64947,34.49823],[136.65024,34.49966],[136.65085,34.49942],[136.65361,34.50193],[136.65316,34.50236],[136.65425,34.50322],[136.65472,34.5033],[136.65729,34.50454],[136.65805,34.50405],[136.65668,34.5028],[136.65628,34.50097],[136.65525,34.50089],[136.65734,34.4996],[136.65663,34.49889],[136.65328,34.49749],[136.65137,34.49659],[136.64802,34.49484],[136.64761,34.49337],[136.64758,34.4922],[136.64786,34.48978],[136.64764,34.48882],[136.6468,34.48797],[136.64596,34.48574],[136.64542,34.48541],[136.64475,34.48435],[136.6463,34.48319],[136.6498,34.48636],[136.65248,34.48532],[136.65208,34.48697],[136.65192,34.48838],[136.65279,34.48881],[136.65561,34.4893],[136.65592,34.48804],[136.65688,34.48815],[136.65735,34.48667],[136.6552,34.48441],[136.65537,34.48397],[136.65377,34.48136],[136.65462,34.48108],[136.65553,34.48129],[136.65725,34.48045],[136.65792,34.47923],[136.65768,34.47856],[136.6587,34.47841],[136.65861,34.47792],[136.66124,34.47764],[136.66257,34.47806],[136.6631,34.47763],[136.66654,34.48032],[136.66741,34.47958],[136.66841,34.48036],[136.66941,34.47953],[136.66966,34.47854],[136.66959,34.47737],[136.67075,34.47575],[136.66928,34.47492],[136.66715,34.47392],[136.6665,34.47259],[136.66553,34.47134],[136.66338,34.47056],[136.66254,34.47014],[136.66072,34.46877],[136.65797,34.4664],[136.65393,34.46333],[136.65081,34.46052],[136.65058,34.46001],[136.6507,34.45672],[136.65074,34.45573],[136.65122,34.45395],[136.65193,34.45224],[136.65273,34.45087],[136.65238,34.45014],[136.65024,34.44873],[136.64708,34.44777],[136.64495,34.44682],[136.64403,34.44599],[136.64344,34.44488],[136.64361,34.44395],[136.64426,34.44226],[136.64334,34.4393],[136.64129,34.4371],[136.63861,34.43471],[136.63491,34.43269],[136.63264,34.43136],[136.63347,34.43002],[136.63473,34.42977],[136.63615,34.42851],[136.63809,34.4275],[136.63979,34.42636],[136.64014,34.42595],[136.6402,34.42502],[136.64139,34.42463],[136.6428,34.4238],[136.64335,34.42322],[136.64351,34.42201],[136.64418,34.4197],[136.64426,34.41895],[136.64491,34.41742],[136.64273,34.41585],[136.64224,34.41491],[136.6424,34.4137],[136.64314,34.41234],[136.64327,34.41155],[136.64291,34.40996],[136.64225,34.4096],[136.6421,34.40908],[136.6429,34.4076],[136.64244,34.40663],[136.64258,34.40538],[136.64337,34.40477],[136.64462,34.40253],[136.64465,34.40101],[136.64408,34.40042],[136.64317,34.39877],[136.64327,34.39847],[136.64421,34.39786],[136.64454,34.39735],[136.64657,34.39647],[136.64912,34.39612],[136.6509,34.3962],[136.653,34.39595],[136.65431,34.39535],[136.65815,34.39542],[136.65895,34.39491],[136.66042,34.39445],[136.66147,34.39466],[136.66246,34.39448],[136.66346,34.39456],[136.66454,34.39435],[136.66508,34.39474],[136.66648,34.39444],[136.66699,34.39414],[136.66835,34.39405],[136.66931,34.39348],[136.67014,34.39344],[136.67134,34.3927],[136.67211,34.39201],[136.67394,34.39208],[136.6745,34.39238],[136.67529,34.39332],[136.67739,34.39494],[136.67813,34.39516],[136.67876,34.39604],[136.68034,34.39648],[136.68087,34.39615],[136.68252,34.39575],[136.6834,34.39498],[136.68431,34.39451],[136.68585,34.39529],[136.68841,34.39552],[136.68908,34.39576],[136.68956,34.39534],[136.69081,34.3949],[136.69139,34.39423],[136.69238,34.39392],[136.69336,34.39329],[136.69443,34.39095],[136.69488,34.39048],[136.69458,34.38945],[136.69395,34.38819],[136.69375,34.386],[136.69442,34.38526],[136.6961,34.38552],[136.69659,34.38581],[136.69834,34.38608],[136.69902,34.38657],[136.7012,34.38709],[136.70248,34.38727],[136.70344,34.3877],[136.70436,34.38764],[136.70608,34.38712],[136.70724,34.38775],[136.70921,34.3881],[136.71035,34.38848],[136.71392,34.38878],[136.71467,34.38954],[136.71566,34.38972],[136.7163,34.39073],[136.71719,34.39171],[136.71847,34.39222],[136.72108,34.39163],[136.72295,34.39094],[136.72353,34.39046],[136.72358,34.38934],[136.72394,34.38862],[136.72511,34.3879],[136.72628,34.38797],[136.7271,34.38762],[136.72867,34.3876],[136.72915,34.38732],[136.73207,34.38736],[136.73302,34.38695],[136.73464,34.38741],[136.73639,34.38723],[136.7384,34.38649],[136.73976,34.38632],[136.7408,34.38584],[136.74275,34.38523],[136.74353,34.38472]]],[[[136.64685,34.51884],[136.64775,34.51902],[136.64792,34.51968],[136.64854,34.52029],[136.64807,34.52092],[136.65,34.521],[136.65016,34.52198],[136.6508,34.52194],[136.65135,34.52407],[136.65053,34.52423],[136.65017,34.52225],[136.64812,34.52257],[136.64704,34.52191],[136.64657,34.52124],[136.64658,34.5191],[136.64685,34.51884]]],[[[136.73332,34.53965],[136.7326,34.5382],[136.73136,34.53744],[136.73215,34.53595],[136.73272,34.53586],[136.73353,34.53661],[136.73412,34.53555],[136.73462,34.53628],[136.7332,34.53932],[136.73332,34.53965]]],[[[136.65341,34.48472],[136.65262,34.48498],[136.65059,34.48314],[136.65189,34.48216],[136.65415,34.4842],[136.65341,34.48472]]],[[[136.73945,34.53616],[136.73769,34.53722],[136.73706,34.53547],[136.73729,34.53511],[136.73847,34.53584],[136.73945,34.53616]]]]}},
  {"type":"Feature","properties":{"name":"松阪市","code":"24204"},"geometry":{"type":"MultiPolygon","coordinates":[[[[136.20625,34.44868],[136.20536,34.44835],[136.20273,34.4492],[136.20214,34.44905],[136.20079,34.44951],[136.1997,34.44919],[136.19884,34.44922],[136.19749,34.44996],[136.19523,34.44955],[136.19382,34.44985],[136.19185,34.44954],[136.19122,34.44986],[136.18946,34.45019],[136.18852,34.45061],[136.18763,34.44971],[136.18537,34.44813],[136.18278,34.44718],[136.18175,34.44642],[136.18045,34.44659],[136.17942,34.44633],[136.17848,34.44552],[136.17751,34.44543],[136.17681,34.44565],[136.17556,34.44558],[136.17327,34.44581],[136.17033,34.44642],[136.16911,34.44723],[136.16809,34.44745],[136.16659,34.44813],[136.16545,34.44843],[136.16478,34.44827],[136.16355,34.4486],[136.16119,34.44834],[136.15951,34.44889],[136.15824,34.44901],[136.1578,34.44821],[136.15707,34.44764],[136.15661,34.4468],[136.15524,34.44593],[136.15374,34.44575],[136.15327,34.44538],[136.15299,34.44392],[136.15226,34.44345],[136.15144,34.44185],[136.14928,34.44165],[136.14767,34.44204],[136.14581,34.44171],[136.14422,34.44109],[136.14267,34.4418],[136.14166,34.44181],[136.14031,34.44209],[136.13925,34.44206],[136.13878,34.44299],[136.13838,34.4431],[136.13701,34.44272],[136.13614,34.44284],[136.1349,34.44379],[136.13375,34.4441],[136.13347,34.44466],[136.13225,34.44418],[136.1316,34.44443],[136.13132,34.4451],[136.12967,34.4455],[136.12837,34.44529],[136.12703,34.44414],[136.12707,34.44357],[136.12553,34.44344],[136.12493,34.44322],[136.12433,34.44349],[136.12081,34.44323],[136.11974,34.44286],[136.11874,34.443],[136.11802,34.44271],[136.11682,34.44139],[136.11674,34.44083],[136.11559,34.43975],[136.11476,34.43924],[136.11378,34.43694],[136.11283,34.43666],[136.11126,34.4357],[136.10932,34.43603],[136.10755,34.43579],[136.10696,34.43537],[136.10599,34.43535],[136.10523,34.43564],[136.10347,34.43592],[136.10172,34.43547],[136.10058,34.43589],[136.09876,34.43574],[136.09692,34.43524],[136.0959,34.43522],[136.09462,34.43427],[136.09282,34.43144],[136.09146,34.43013],[136.08925,34.42917],[136.0887,34.42872],[136.08938,34.4279],[136.08983,34.42697],[136.08986,34.42451],[136.09019,34.42381],[136.0911,34.42287],[136.09081,34.42131],[136.09022,34.42024],[136.09046,34.41952],[136.09021,34.41815],[136.09046,34.41719],[136.09027,34.41604],[136.08932,34.41533],[136.08889,34.41433],[136.08832,34.41402],[136.08786,34.41328],[136.08688,34.413],[136.08691,34.41216],[136.08572,34.41108],[136.08506,34.41076],[136.08436,34.40978],[136.08349,34.40951],[136.08102,34.40965],[136.08043,34.40946],[136.07939,34.40834],[136.07824,34.40803],[136.07767,34.40695],[136.07654,34.40586],[136.07615,34.40449],[136.07568,34.40346],[136.07597,34.40289],[136.07538,34.40207],[136.07428,34.39975],[136.07437,34.39918],[136.07499,34.39837],[136.0743,34.39785],[136.07335,34.39667],[136.0725,34.396],[136.07064,34.39521],[136.06914,34.39426],[136.06911,34.39385],[136.06981,34.3924],[136.06931,34.38934],[136.0701,34.38851],[136.07184,34.3878],[136.07239,34.38699],[136.07448,34.38692],[136.07583,34.38634],[136.07667,34.38623],[136.07816,34.3864],[136.07894,34.38555],[136.08115,34.38391],[136.08203,34.38359],[136.08272,34.38215],[136.08389,34.38099],[136.08609,34.37962],[136.08651,34.37871],[136.08675,34.37689],[136.08662,34.37575],[136.08768,34.37506],[136.08889,34.37466],[136.08959,34.37384],[136.08988,34.37206],[136.0912,34.37003],[136.09194,34.36856],[136.09058,34.36723],[136.09038,34.36478],[136.09054,34.36282],[136.09189,34.36205],[136.09381,34.36157],[136.09499,34.36074],[136.09552,34.35981],[136.0956,34.35815],[136.09594,34.35732],[136.09719,34.35584],[136.09751,34.35457],[136.0974,34.35368],[136.09851,34.35249],[136.09863,34.35211],[136.09724,34.35009],[136.09673,34.34954],[136.09742,34.34723],[136.09775,34.34683],[136.0984,34.34517],[136.10027,34.34313],[136.10143,34.34291],[136.10207,34.34216],[136.10205,34.3409],[136.10131,34.34002],[136.10118,34.33837],[136.10236,34.33605],[136.10379,34.33519],[136.10403,34.33475],[136.10503,34.33433],[136.10583,34.33368],[136.1061,34.33302],[136.10689,34.3325],[136.10864,34.33087],[136.10874,34.32991],[136.10923,34.32911],[136.11091,34.32848],[136.11347,34.32809],[136.11535,34.32632],[136.11646,34.32606],[136.11774,34.32626],[136.1193,34.32626],[136.1204,34.32679],[136.12155,34.32619],[136.12222,34.32542],[136.12282,34.32408],[136.12293,34.32339],[136.12409,34.3216],[136.12525,34.32073],[136.1264,34.31922],[136.12771,34.31856],[136.12855,34.31722],[136.12951,34.31617],[136.13116,34.31591],[136.13286,34.31494],[136.13411,34.31474],[136.13497,34.315],[136.13887,34.3153],[136.14156,34.31604],[136.14214,34.31567],[136.14354,34.31553],[136.1457,34.31507],[136.1471,34.31537],[136.14847,34.31511],[136.1494,34.31464],[136.15135,34.31456],[136.15249,34.31421],[136.15599,34.31371],[136.15666,34.31332],[136.15839,34.31359],[136.15857,34.31463],[136.15803,34.31582],[136.15841,34.31684],[136.15906,34.31715],[136.15947,34.31842],[136.16004,34.31872],[136.16063,34.31954],[136.16026,34.32075],[136.16071,34.32129],[136.16289,34.32212],[136.164,34.32285],[136.16453,34.32343],[136.16614,34.3242],[136.16843,34.32483],[136.17015,34.32392],[136.17251,34.32368],[136.17435,34.32309],[136.17511,34.32247],[136.17687,34.32263],[136.17795,34.32216],[136.1792,34.32256],[136.18035,34.32347],[136.18206,34.32302],[136.18332,34.32298],[136.18401,34.3234],[136.18493,34.32338],[136.18571,34.32397],[136.18725,34.32418],[136.18844,34.32459],[136.18786,34.32539],[136.1864,34.32631],[136.18606,34.32743],[136.18645,34.32802],[136.18622,34.32957],[136.18666,34.3308],[136.18773,34.33104],[136.18847,34.33162],[136.18836,34.33245],[136.189,34.33351],[136.18889,34.3345],[136.18799,34.33634],[136.18759,34.33757],[136.18693,34.33825],[136.18624,34.34005],[136.1876,34.34006],[136.18843,34.34027],[136.18909,34.34077],[136.19023,34.34119],[136.19052,34.34166],[136.19297,34.34363],[136.19401,34.34434],[136.19525,34.34558],[136.19632,34.34563],[136.19751,34.34536],[136.19823,34.34548],[136.19945,34.34621],[136.20053,34.34713],[136.20153,34.34743],[136.20501,34.34774],[136.20635,34.3485],[136.20689,34.34953],[136.20767,34.35014],[136.20856,34.3495],[136.21037,34.34895],[136.21188,34.34937],[136.21318,34.34912],[136.21504,34.3482],[136.21676,34.34856],[136.21792,34.3492],[136.21947,34.34923],[136.22115,34.34945],[136.22291,34.35011],[136.22448,34.34982],[136.22624,34.34988],[136.22821,34.35047],[136.22919,34.35181],[136.23014,34.35199],[136.23117,34.35167],[136.23246,34.35167],[136.23363,34.35188],[136.23462,34.35249],[136.23514,34.35311],[136.23635,34.35327],[136.2374,34.35313],[136.23884,34.35374],[136.23947,34.35375],[136.24122,34.35435],[136.24257,34.35395],[136.24457,34.35424],[136.24713,34.35486],[136.24825,34.35467],[136.24999,34.35499],[136.25068,34.35532],[136.25189,34.35493],[136.2527,34.35501],[136.25327,34.35541],[136.25343,34.35628],[136.25446,34.35708],[136.25467,34.35782],[136.25584,34.35862],[136.25582,34.35986],[136.25655,34.36202],[136.25825,34.36254],[136.2589,34.36295],[136.25939,34.36482],[136.26096,34.36489],[136.2625,34.36544],[136.26339,34.36547],[136.2658,34.36712],[136.26756,34.36799],[136.26957,34.36816],[136.27115,34.36858],[136.27127,34.36981],[136.27084,34.37048],[136.26999,34.37085],[136.26873,34.37238],[136.2675,34.37261],[136.26664,34.37358],[136.26577,34.37408],[136.26413,34.37467],[136.26276,34.37558],[136.26258,34.3761],[136.26297,34.3769],[136.26356,34.37741],[136.26289,34.37807],[136.26253,34.37927],[136.2628,34.38021],[136.26182,34.38109],[136.25984,34.38127],[136.25684,34.38255],[136.25653,34.38353],[136.25705,34.38451],[136.25659,34.38488],[136.25684,34.38591],[136.2579,34.38628],[136.2595,34.38716],[136.26022,34.38865],[136.2604,34.38977],[136.26094,34.39065],[136.26259,34.39228],[136.26272,34.3936],[136.26374,34.39485],[136.2648,34.39561],[136.26491,34.39664],[136.26538,34.39764],[136.2659,34.39805],[136.26715,34.39848],[136.26682,34.39971],[136.26693,34.40074],[136.26818,34.40159],[136.2697,34.40165],[136.2704,34.40202],[136.27127,34.40433],[136.27245,34.40546],[136.27301,34.40676],[136.274,34.40687],[136.275,34.40732],[136.27717,34.4073],[136.27963,34.4074],[136.28116,34.40734],[136.28239,34.4075],[136.28514,34.4063],[136.28804,34.40581],[136.29009,34.40512],[136.29158,34.4052],[136.29301,34.406],[136.29383,34.4062],[136.2951,34.40607],[136.29592,34.40687],[136.29766,34.40737],[136.29835,34.40799],[136.29907,34.40766],[136.30089,34.40723],[136.30209,34.40678],[136.30387,34.40691],[136.30474,34.40665],[136.30688,34.40673],[136.30917,34.40611],[136.31015,34.40608],[136.31107,34.40641],[136.31163,34.4069],[136.3131,34.40643],[136.31508,34.40614],[136.31809,34.40482],[136.31966,34.40551],[136.32182,34.40537],[136.3224,34.40509],[136.32351,34.40375],[136.32533,34.40427],[136.32641,34.40528],[136.3272,34.40575],[136.32813,34.4075],[136.32875,34.40719],[136.32956,34.40769],[136.3309,34.40639],[136.33165,34.40606],[136.33368,34.40567],[136.33455,34.40461],[136.33577,34.40472],[136.33688,34.40514],[136.33881,34.40503],[136.3402,34.40525],[136.34253,34.40436],[136.34421,34.40521],[136.34535,34.40491],[136.34657,34.40532],[136.34737,34.40524],[136.34827,34.40549],[136.34964,34.40527],[136.35155,34.40588],[136.35391,34.40599],[136.35475,34.40577],[136.35572,34.40507],[136.35705,34.40609],[136.35732,34.40734],[136.35771,34.40759],[136.3596,34.40761],[136.36168,34.40613],[136.3636,34.40591],[136.36582,34.40597],[136.36724,34.40513],[136.36859,34.4049],[136.36899,34.40386],[136.36968,34.40321],[136.37031,34.40322],[136.37155,34.40367],[136.37353,34.40315],[136.37595,34.40278],[136.37722,34.40278],[136.37754,34.4047],[136.37805,34.40549],[136.37795,34.40622],[136.37834,34.40668],[136.38055,34.40731],[136.38137,34.40729],[136.38212,34.4076],[136.38313,34.40766],[136.38392,34.40818],[136.38412,34.40866],[136.38597,34.41015],[136.38755,34.41023],[136.3898,34.41116],[136.39117,34.41145],[136.39448,34.41374],[136.39527,34.4139],[136.39574,34.41462],[136.39649,34.41467],[136.39805,34.41589],[136.39931,34.4161],[136.40008,34.41585],[136.40112,34.41585],[136.4037,34.41651],[136.40517,34.4175],[136.40729,34.41744],[136.40787,34.41808],[136.40802,34.41873],[136.40853,34.41897],[136.40944,34.41997],[136.40915,34.42089],[136.40853,34.42193],[136.40786,34.42231],[136.40768,34.42362],[136.40807,34.42387],[136.40817,34.42474],[136.40779,34.42619],[136.4079,34.42687],[136.40856,34.42724],[136.40879,34.42812],[136.41,34.42945],[136.41019,34.42988],[136.40985,34.43086],[136.41015,34.43134],[136.41172,34.43274],[136.41343,34.43478],[136.41509,34.43626],[136.41555,34.43718],[136.41547,34.43806],[136.41699,34.43933],[136.41844,34.43969],[136.42017,34.44064],[136.42157,34.441],[136.42262,34.44157],[136.4228,34.44239],[136.42226,34.4443],[136.42108,34.44564],[136.42042,34.44686],[136.42017,34.44827],[136.41951,34.44926],[136.4191,34.45031],[136.41834,34.4515],[136.41829,34.45191],[136.41882,34.45348],[136.41886,34.45548],[136.41848,34.45653],[136.41899,34.45766],[136.41882,34.4597],[136.41998,34.46041],[136.421,34.46147],[136.42109,34.46299],[136.42057,34.46395],[136.42094,34.46554],[136.41876,34.46626],[136.4171,34.46653],[136.41599,34.46743],[136.41506,34.46729],[136.41422,34.46762],[136.41281,34.46782],[136.41151,34.46873],[136.41028,34.46878],[136.40813,34.46779],[136.40508,34.46803],[136.4041,34.46891],[136.40321,34.46887],[136.40273,34.46958],[136.40114,34.46893],[136.40001,34.47069],[136.40161,34.47127],[136.40345,34.4714],[136.40459,34.4717],[136.40609,34.47271],[136.4073,34.47312],[136.40855,34.47387],[136.40964,34.47427],[136.41094,34.4744],[136.41599,34.47589],[136.4182,34.476],[136.4217,34.47653],[136.42297,34.47708],[136.42717,34.47856],[136.42824,34.47934],[136.42825,34.47991],[136.42772,34.48069],[136.42801,34.4819],[136.42929,34.48341],[136.42989,34.48349],[136.43132,34.48314],[136.43287,34.48332],[136.43404,34.48305],[136.43528,34.48252],[136.43683,34.48156],[136.43801,34.48054],[136.44079,34.47843],[136.44325,34.47732],[136.44542,34.47666],[136.44681,34.47658],[136.44772,34.47711],[136.44803,34.47811],[136.44932,34.48051],[136.45039,34.48167],[136.45222,34.48421],[136.45328,34.48486],[136.45398,34.48494],[136.45536,34.48667],[136.45617,34.4874],[136.45779,34.48768],[136.45888,34.48745],[136.45928,34.48675],[136.46075,34.48641],[136.46204,34.48569],[136.46322,34.48553],[136.46464,34.48633],[136.46651,34.48602],[136.46785,34.48613],[136.46829,34.48637],[136.46934,34.48624],[136.47045,34.4868],[136.47119,34.48649],[136.4725,34.48657],[136.47355,34.48553],[136.47715,34.4853],[136.47785,34.48551],[136.47858,34.48515],[136.47962,34.48538],[136.48074,34.4848],[136.48121,34.48487],[136.48339,34.48691],[136.48443,34.48732],[136.4878,34.48772],[136.48942,34.48831],[136.49122,34.48953],[136.49321,34.49048],[136.49392,34.49121],[136.49413,34.49181],[136.49393,34.49265],[136.49303,34.4933],[136.49199,34.49359],[136.48934,34.49332],[136.48823,34.49333],[136.48577,34.49406],[136.48357,34.49432],[136.48184,34.49432],[136.48025,34.49497],[136.47864,34.4963],[136.47776,34.49757],[136.47769,34.49883],[136.47806,34.49952],[136.47881,34.49996],[136.48129,34.50047],[136.48382,34.50084],[136.48587,34.5014],[136.48704,34.50203],[136.48772,34.50266],[136.48806,34.50377],[136.4887,34.50474],[136.48975,34.50692],[136.49024,34.50762],[136.49138,34.50827],[136.49342,34.50839],[136.49517,34.50886],[136.49639,34.50883],[136.49692,34.5084],[136.49722,34.50703],[136.49899,34.50305],[136.49961,34.5007],[136.50055,34.49997],[136.50323,34.49964],[136.50526,34.49967],[136.50731,34.50003],[136.50994,34.50097],[136.51237,34.50212],[136.51383,34.50304],[136.51554,34.50451],[136.51734,34.50585],[136.51791,34.50595],[136.52209,34.50527],[136.52425,34.50483],[136.52638,34.50459],[136.52773,34.50478],[136.53028,34.50549],[136.53163,34.50574],[136.53446,34.50579],[136.53802,34.50539],[136.53903,34.50558],[136.54325,34.50671],[136.54565,34.508],[136.54599,34.50887],[136.5479,34.51162],[136.54846,34.51191],[136.55144,34.51265],[136.55326,34.51258],[136.55464,34.51306],[136.55815,34.51546],[136.56019,34.51709],[136.56206,34.51897],[136.56369,34.52039],[136.56468,34.52108],[136.56577,34.52148],[136.57426,34.52258],[136.57713,34.52306],[136.57821,34.52333],[136.57985,34.52322],[136.58072,34.5229],[136.58183,34.52298],[136.58314,34.52349],[136.58429,34.52345],[136.5853,34.52285],[136.58587,34.52278],[136.58812,34.52369],[136.58873,34.52541],[136.58961,34.52624],[136.59194,34.52692],[136.59483,34.52734],[136.59615,34.52805],[136.59639,34.5305],[136.59786,34.53138],[136.59815,34.53194],[136.59773,34.53351],[136.59715,34.53483],[136.59841,34.5358],[136.5993,34.53628],[136.60167,34.53696],[136.60303,34.53871],[136.60123,34.53918],[136.60148,34.54027],[136.60285,34.54272],[136.6036,34.54349],[136.60424,34.54513],[136.60498,34.54492],[136.60609,34.54803],[136.60671,34.54938],[136.60728,34.54929],[136.60727,34.55207],[136.60678,34.55331],[136.60681,34.55441],[136.60741,34.5554],[136.60736,34.55681],[136.60827,34.55914],[136.60885,34.55955],[136.60905,34.56057],[136.60948,34.56111],[136.61152,34.56227],[136.61319,34.56301],[136.61366,34.56241],[136.61452,34.5622],[136.61661,34.56206],[136.6162,34.56545],[136.61709,34.5667],[136.61688,34.56781],[136.61644,34.56808],[136.6164,34.56898],[136.6156,34.56963],[136.61361,34.56939],[136.61372,34.57015],[136.61067,34.57028],[136.61108,34.56908],[136.6104,34.56915],[136.60953,34.56963],[136.60828,34.57084],[136.60824,34.57173],[136.60943,34.57446],[136.6095,34.57491],[136.60888,34.57642],[136.60904,34.57722],[136.60808,34.57788],[136.60845,34.5786],[136.60791,34.57911],[136.60792,34.57974],[136.609,34.58047],[136.60875,34.58113],[136.61058,34.58122],[136.61128,34.58283],[136.61098,34.58389],[136.61093,34.58491],[136.61129,34.58597],[136.61127,34.58692],[136.61173,34.58743],[136.61287,34.58775],[136.61365,34.58842],[136.61469,34.58882],[136.6149,34.58924],[136.61414,34.59138],[136.61423,34.59297],[136.61318,34.59298],[136.6117,34.59247],[136.61104,34.59278],[136.60913,34.59324],[136.60526,34.59447],[136.60576,34.59542],[136.60708,34.5963],[136.60752,34.59744],[136.60444,34.5982],[136.60471,34.59901],[136.60342,34.59927],[136.60376,34.60083],[136.60334,34.60115],[136.60197,34.60159],[136.60061,34.60129],[136.59795,34.60169],[136.59322,34.60185],[136.58809,34.60244],[136.5844,34.60363],[136.58135,34.60535],[136.57995,34.60577],[136.57965,34.60515],[136.5785,34.60558],[136.576,34.60721],[136.57518,34.60805],[136.57436,34.60934],[136.57329,34.60988],[136.56522,34.60771],[136.56491,34.60768],[136.56159,34.60889],[136.56328,34.61261],[136.56331,34.61336],[136.56262,34.61451],[136.56193,34.61362],[136.56013,34.61038],[136.55983,34.6104],[136.55499,34.61225],[136.55665,34.61523],[136.55465,34.61491],[136.55389,34.61448],[136.55258,34.61262],[136.54877,34.60693],[136.54722,34.60778],[136.54278,34.61002],[136.54125,34.60918],[136.54065,34.60851],[136.54092,34.60703],[136.53973,34.60819],[136.54031,34.60886],[136.53945,34.60935],[136.53869,34.60902],[136.53641,34.60972],[136.53309,34.60911],[136.53088,34.60894],[136.52986,34.60854],[136.52926,34.60908],[136.52854,34.61033],[136.52712,34.61051],[136.5272,34.61096],[136.52934,34.61083],[136.52958,34.6134],[136.53013,34.61385],[136.53138,34.61594],[136.5319,34.61643],[136.53715,34.61614],[136.53763,34.61645],[136.53909,34.6223],[136.53937,34.62361],[136.54373,34.62211],[136.54418,34.62183],[136.54511,34.62445],[136.54571,34.62486],[136.54664,34.62769],[136.54704,34.62814],[136.54788,34.63024],[136.54868,34.63017],[136.54916,34.63096],[136.54958,34.6347],[136.54648,34.63543],[136.54262,34.63685],[136.54096,34.63759],[136.53826,34.63903],[136.53663,34.6402],[136.53572,34.64109],[136.53437,34.64392],[136.53337,34.64544],[136.53226,34.64672],[136.53106,34.64753],[136.52951,34.64818],[136.52687,34.64869],[136.52563,34.64849],[136.52364,34.64794],[136.52189,34.6477],[136.52017,34.64772],[136.51773,34.64795],[136.51406,34.64857],[136.50724,34.65034],[136.50486,34.65065],[136.49974,34.6511],[136.49564,34.64969],[136.49452,34.6491],[136.49206,34.64708],[136.49103,34.64646],[136.489,34.64557],[136.4869,34.64509],[136.48575,34.645],[136.48363,34.64528],[136.48135,34.64609],[136.48055,34.64662],[136.47913,34.64831],[136.47844,34.64851],[136.47777,34.64768],[136.47653,34.64742],[136.47594,34.64822],[136.47417,34.64809],[136.47396,34.64852],[136.4725,34.64841],[136.47106,34.64812],[136.46906,34.64886],[136.4675,34.6493],[136.46714,34.64994],[136.46548,34.6497],[136.46317,34.64954],[136.46368,34.64917],[136.46396,34.64746],[136.46333,34.64727],[136.46277,34.64605],[136.46309,34.64545],[136.46292,34.64296],[136.46253,34.64205],[136.46241,34.64071],[136.46171,34.64101],[136.46064,34.63936],[136.46027,34.63968],[136.4594,34.63848],[136.45783,34.63759],[136.45752,34.63712],[136.45736,34.63595],[136.45674,34.63629],[136.45645,34.637],[136.45436,34.63712],[136.4528,34.63779],[136.45287,34.63937],[136.45346,34.6402],[136.45376,34.64141],[136.45133,34.6415],[136.45145,34.63959],[136.45075,34.63887],[136.45033,34.63732],[136.45032,34.63609],[136.45008,34.63536],[136.45021,34.63385],[136.44997,34.63368],[136.44934,34.63127],[136.44849,34.62965],[136.44811,34.62829],[136.44754,34.62762],[136.4462,34.6278],[136.44471,34.62779],[136.44402,34.62864],[136.44337,34.62905],[136.44134,34.62957],[136.43964,34.62961],[136.43914,34.63019],[136.43924,34.63108],[136.43888,34.63277],[136.43918,34.63333],[136.43804,34.63388],[136.43677,34.63496],[136.4346,34.63581],[136.43374,34.63599],[136.43179,34.63579],[136.4311,34.63597],[136.43091,34.63652],[136.43026,34.63658],[136.42889,34.63599],[136.42654,34.63448],[136.42616,34.63392],[136.42501,34.6331],[136.42252,34.63156],[136.42146,34.62921],[136.42077,34.62846],[136.42069,34.62734],[136.41943,34.62573],[136.41971,34.62477],[136.41816,34.62412],[136.41956,34.62305],[136.41769,34.62249],[136.41694,34.623],[136.41535,34.6228],[136.41448,34.62217],[136.41445,34.62138],[136.41234,34.62068],[136.41045,34.62113],[136.40892,34.62081],[136.40811,34.61994],[136.40673,34.62006],[136.40661,34.61863],[136.40536,34.61727],[136.40531,34.61613],[136.40486,34.61545],[136.40182,34.61436],[136.40042,34.61505],[136.39922,34.61613],[136.39863,34.61496],[136.39832,34.61488],[136.39697,34.61571],[136.39586,34.61492],[136.39534,34.61372],[136.39435,34.61344],[136.39401,34.61276],[136.39382,34.61064],[136.39301,34.61034],[136.39139,34.61025],[136.39152,34.60929],[136.39091,34.60752],[136.39048,34.60669],[136.39168,34.60658],[136.39188,34.60497],[136.39164,34.60295],[136.39192,34.60061],[136.39115,34.59937],[136.39078,34.59838],[136.39019,34.59749],[136.39012,34.59648],[136.39044,34.59498],[136.38882,34.59344],[136.38676,34.59228],[136.38458,34.59238],[136.38342,34.58938],[136.38274,34.58901],[136.38227,34.58808],[136.38103,34.58712],[136.38021,34.58595],[136.37892,34.58559],[136.37787,34.58445],[136.37728,34.58422],[136.37695,34.58178],[136.37659,34.58083],[136.37697,34.57903],[136.37637,34.57716],[136.37644,34.57545],[136.37613,34.57482],[136.37495,34.57405],[136.37445,34.5734],[136.37318,34.57333],[136.37241,34.57257],[136.37156,34.57227],[136.37107,34.57171],[136.37076,34.57079],[136.37085,34.57015],[136.37147,34.5693],[136.37052,34.5681],[136.36951,34.56737],[136.36839,34.566],[136.36953,34.56517],[136.36886,34.56304],[136.36697,34.56143],[136.36628,34.5612],[136.36535,34.56049],[136.3646,34.55957],[136.36415,34.55849],[136.36227,34.55754],[136.36213,34.55717],[136.36285,34.55539],[136.36122,34.55312],[136.36104,34.5517],[136.36062,34.55093],[136.36037,34.54984],[136.35987,34.54928],[136.35852,34.54907],[136.35686,34.54778],[136.3541,34.5472],[136.3542,34.54578],[136.3549,34.54498],[136.35467,34.54436],[136.35468,34.54263],[136.35418,34.54245],[136.35359,34.5417],[136.3528,34.54114],[136.35189,34.54122],[136.35117,34.53982],[136.35055,34.53931],[136.34953,34.53791],[136.34841,34.53764],[136.34806,34.53699],[136.3467,34.53664],[136.34627,34.53562],[136.34605,34.53446],[136.34521,34.53424],[136.34443,34.53354],[136.34454,34.53305],[136.34357,34.53284],[136.34219,34.53305],[136.34177,34.53331],[136.34039,34.53313],[136.34033,34.53276],[136.33843,34.53223],[136.33747,34.53143],[136.33711,34.52985],[136.33828,34.52835],[136.33799,34.52726],[136.33808,34.52553],[136.33787,34.52489],[136.33831,34.52462],[136.33788,34.52382],[136.33827,34.52224],[136.33961,34.52107],[136.34104,34.52105],[136.34188,34.51942],[136.3428,34.51837],[136.34246,34.51768],[136.3429,34.51672],[136.34449,34.5154],[136.34476,34.51443],[136.3453,34.51356],[136.34572,34.51208],[136.34567,34.51161],[136.34692,34.50997],[136.34775,34.50926],[136.3482,34.50761],[136.34741,34.50746],[136.34619,34.50683],[136.34525,34.50546],[136.34553,34.50445],[136.34502,34.50329],[136.34418,34.50248],[136.3438,34.50139],[136.34359,34.4998],[136.34308,34.49894],[136.34222,34.4983],[136.34156,34.49728],[136.34038,34.49619],[136.3396,34.49569],[136.33908,34.49503],[136.33821,34.49464],[136.33713,34.49282],[136.33617,34.49242],[136.3352,34.4912],[136.33422,34.49055],[136.33292,34.49103],[136.33201,34.49112],[136.33111,34.4915],[136.32918,34.49036],[136.32795,34.49007],[136.32712,34.49025],[136.32464,34.49008],[136.32475,34.48848],[136.32515,34.48748],[136.32433,34.48623],[136.32474,34.48483],[136.32451,34.48284],[136.32416,34.48142],[136.32438,34.48065],[136.32431,34.47927],[136.32317,34.47848],[136.32226,34.47727],[136.32129,34.47639],[136.3192,34.47532],[136.31846,34.47521],[136.3162,34.47428],[136.31498,34.47193],[136.31401,34.47083],[136.31374,34.4701],[136.31424,34.46828],[136.31228,34.46676],[136.31162,34.46674],[136.31113,34.46588],[136.31113,34.46468],[136.31053,34.46378],[136.30982,34.46376],[136.30656,34.4629],[136.30584,34.46163],[136.30528,34.46125],[136.30298,34.46113],[136.30184,34.46158],[136.30038,34.46139],[136.2998,34.4619],[136.29806,34.46228],[136.29642,34.46203],[136.29341,34.46256],[136.29243,34.46192],[136.29129,34.46177],[136.29082,34.46144],[136.29054,34.46052],[136.28924,34.46056],[136.28767,34.45977],[136.28722,34.45805],[136.2866,34.45713],[136.28659,34.45631],[136.28619,34.45553],[136.28486,34.45486],[136.28312,34.45421],[136.28206,34.45309],[136.28111,34.45288],[136.2794,34.45348],[136.27779,34.45335],[136.27583,34.45288],[136.27466,34.45234],[136.2734,34.45227],[136.27127,34.45237],[136.26888,34.45109],[136.26788,34.45096],[136.26683,34.45136],[136.26579,34.45129],[136.26375,34.45153],[136.2624,34.45108],[136.26169,34.45104],[136.26083,34.4506],[136.2587,34.45017],[136.25765,34.45028],[136.25599,34.45016],[136.2553,34.44963],[136.25403,34.44903],[136.25342,34.44841],[136.25228,34.44773],[136.25159,34.4479],[136.24768,34.44802],[136.24576,34.44772],[136.24493,34.44739],[136.24421,34.44745],[136.24219,34.44861],[136.2415,34.44866],[136.23984,34.44813],[136.23841,34.44807],[136.23708,34.44838],[136.23561,34.44842],[136.23395,34.44865],[136.23179,34.44857],[136.22822,34.44898],[136.22452,34.44863],[136.22212,34.44861],[136.22129,34.44825],[136.21988,34.44812],[136.21875,34.44852],[136.2172,34.44973],[136.21543,34.44997],[136.21455,34.4496],[136.21299,34.44933],[136.21188,34.44942],[136.21017,34.44873],[136.20807,34.44832],[136.20625,34.44868]]]]}},
  {"type":"Feature","properties":{"name":"桑名市","code":"24205"},"geometry":{"type":"MultiPolygon","coordinates":[[[[136.64175,35.04305],[136.64274,35.0429],[136.64452,35.04339],[136.64605,35.04249],[136.64717,35.04246],[136.64774,35.0415],[136.64911,35.04172],[136.65034,35.04115],[136.65299,35.04208],[136.65327,35.04169],[136.65554,35.04262],[136.65611,35.04273],[136.65724,35.04244],[136.65861,35.04278],[136.65929,35.04185],[136.65991,35.04177],[136.66035,35.04084],[136.66102,35.04222],[136.66061,35.04284],[136.661,35.04382],[136.66054,35.0463],[136.66093,35.04675],[136.66421,35.04758],[136.66528,35.04736],[136.66656,35.04651],[136.6671,35.04647],[136.66873,35.04721],[136.67038,35.0473],[136.67048,35.04663],[136.67116,35.04639],[136.67109,35.04548],[136.67278,35.04502],[136.67437,35.04641],[136.67497,35.04678],[136.67596,35.04533],[136.67734,35.04298],[136.67833,35.04161],[136.6794,35.04056],[136.68123,35.039],[136.68256,35.03779],[136.68454,35.03679],[136.68685,35.03529],[136.68876,35.0338],[136.6905,35.03281],[136.69134,35.0321],[136.69418,35.02854],[136.69587,35.02671],[136.69678,35.02554],[136.69811,35.0233],[136.6989,35.0223],[136.70035,35.02104],[136.70306,35.0217],[136.71074,35.02425],[136.71842,35.02485],[136.7273,35.02545],[136.72834,35.02522],[136.73012,35.02565],[136.73279,35.02655],[136.73441,35.02749],[136.7373,35.03023],[136.7393,35.03229],[136.73974,35.03253],[136.7495,35.03652],[136.74979,35.03605],[136.75517,35.0393],[136.75182,35.04425],[136.74286,35.03882],[136.73406,35.05267],[136.73277,35.0536],[136.72912,35.05788],[136.72662,35.06211],[136.72556,35.06411],[136.72515,35.0656],[136.72497,35.06717],[136.72486,35.06993],[136.72466,35.07076],[136.72275,35.07562],[136.72183,35.07733],[136.72004,35.08035],[136.71931,35.08268],[136.71881,35.08657],[136.71789,35.09287],[136.71695,35.0971],[136.71631,35.09909],[136.71407,35.10517],[136.70823,35.11126],[136.70401,35.11563],[136.69994,35.12029],[136.69519,35.12461],[136.69294,35.12479],[136.6906,35.12532],[136.68746,35.12614],[136.68592,35.12681],[136.68109,35.12844],[136.67988,35.12839],[136.67639,35.12887],[136.67495,35.13137],[136.67278,35.13478],[136.66963,35.13373],[136.66915,35.13447],[136.66845,35.13683],[136.66766,35.14115],[136.66691,35.14245],[136.66498,35.14484],[136.66255,35.14765],[136.66149,35.1492],[136.65971,35.15245],[136.65796,35.15592],[136.65564,35.16105],[136.65525,35.16148],[136.65362,35.1622],[136.6527,35.16286],[136.6497,35.16434],[136.64628,35.16581],[136.64506,35.16366],[136.64468,35.16277],[136.64465,35.16185],[136.64558,35.15956],[136.64619,35.15657],[136.64616,35.15564],[136.64576,35.15457],[136.64581,35.15359],[136.64562,35.15028],[136.64602,35.14766],[136.64521,35.1466],[136.64522,35.14457],[136.64443,35.14441],[136.64183,35.14656],[136.63993,35.14758],[136.63902,35.14775],[136.63766,35.14749],[136.63658,35.14796],[136.63565,35.14784],[136.63506,35.14817],[136.6346,35.1495],[136.63407,35.14983],[136.63049,35.15022],[136.62978,35.15002],[136.62778,35.14811],[136.62669,35.14749],[136.62427,35.14653],[136.62396,35.14603],[136.62308,35.14702],[136.62242,35.1473],[136.62208,35.14799],[136.62135,35.14844],[136.62005,35.1483],[136.61904,35.14928],[136.61729,35.14982],[136.61609,35.14959],[136.61555,35.14993],[136.61485,35.15171],[136.61372,35.15266],[136.61326,35.15347],[136.61355,35.15489],[136.61241,35.15652],[136.61203,35.15766],[136.61251,35.15942],[136.61112,35.16041],[136.61078,35.16162],[136.60945,35.16221],[136.60859,35.16289],[136.60852,35.16349],[136.6076,35.16463],[136.6072,35.16582],[136.60527,35.16713],[136.60478,35.1685],[136.60583,35.16989],[136.60609,35.17067],[136.60613,35.17207],[136.60528,35.17288],[136.60524,35.17372],[136.60469,35.17424],[136.60491,35.17519],[136.60373,35.17553],[136.60286,35.17739],[136.6023,35.17804],[136.60115,35.17849],[136.59972,35.17772],[136.59919,35.17704],[136.59781,35.17691],[136.59702,35.17731],[136.5974,35.17832],[136.59678,35.17966],[136.59541,35.18019],[136.59434,35.18093],[136.59306,35.18078],[136.59228,35.17919],[136.59154,35.17897],[136.59116,35.17819],[136.58936,35.17735],[136.58874,35.17656],[136.58678,35.17606],[136.586,35.17456],[136.584,35.17357],[136.58236,35.17364],[136.58126,35.17311],[136.58041,35.17246],[136.57915,35.17185],[136.57738,35.17129],[136.57657,35.16886],[136.57594,35.16862],[136.57494,35.16658],[136.57525,35.16539],[136.57507,35.16421],[136.57581,35.16299],[136.57653,35.16077],[136.57762,35.15908],[136.5761,35.1576],[136.5753,35.15701],[136.57527,35.15573],[136.57483,35.15527],[136.57487,35.15384],[136.57413,35.15336],[136.57355,35.15165],[136.57387,35.15082],[136.5735,35.15045],[136.57359,35.14977],[136.57424,35.14937],[136.57415,35.14842],[136.5734,35.14667],[136.57425,35.14545],[136.57405,35.14457],[136.57477,35.14355],[136.57536,35.14172],[136.57664,35.14179],[136.57687,35.14061],[136.57838,35.13926],[136.5797,35.13746],[136.58048,35.13687],[136.58155,35.13572],[136.58204,35.13488],[136.58263,35.13439],[136.58416,35.13418],[136.58443,35.13319],[136.58423,35.13278],[136.5845,35.13156],[136.58448,35.13019],[136.58372,35.12798],[136.58414,35.12744],[136.58598,35.12657],[136.58654,35.127],[136.58725,35.12677],[136.58662,35.12615],[136.58694,35.12473],[136.58721,35.12443],[136.58835,35.12452],[136.5892,35.12485],[136.58903,35.12376],[136.5897,35.1228],[136.59117,35.12302],[136.59219,35.12209],[136.59155,35.12157],[136.59129,35.12095],[136.59133,35.12005],[136.59198,35.11927],[136.5921,35.11857],[136.59358,35.1187],[136.59461,35.1183],[136.59403,35.11755],[136.59487,35.11706],[136.59442,35.11568],[136.59661,35.11494],[136.59712,35.11426],[136.59801,35.11401],[136.59881,35.11255],[136.59942,35.11211],[136.5999,35.11243],[136.6015,35.11294],[136.60163,35.11225],[136.60235,35.11185],[136.60203,35.11095],[136.6035,35.11019],[136.60312,35.10942],[136.60258,35.10923],[136.60248,35.10858],[136.6018,35.10686],[136.60234,35.10661],[136.60265,35.10588],[136.60257,35.1045],[136.60301,35.10384],[136.60393,35.10347],[136.60396,35.10288],[136.60497,35.10094],[136.60644,35.10048],[136.60759,35.10084],[136.60799,35.10009],[136.60918,35.09983],[136.60917,35.09916],[136.61032,35.09859],[136.61242,35.09936],[136.6129,35.09781],[136.61364,35.09721],[136.61468,35.09749],[136.61588,35.09619],[136.61838,35.09501],[136.62023,35.09435],[136.61941,35.09344],[136.6181,35.09298],[136.6163,35.09259],[136.61534,35.09117],[136.61609,35.0907],[136.61636,35.09008],[136.61565,35.08877],[136.6151,35.08838],[136.61465,35.08656],[136.61392,35.0847],[136.61283,35.08373],[136.60665,35.08465],[136.60301,35.08503],[136.60241,35.08395],[136.60253,35.08319],[136.60394,35.08207],[136.60617,35.0798],[136.60622,35.07942],[136.60746,35.079],[136.60764,35.07755],[136.60847,35.07594],[136.60993,35.07603],[136.6094,35.07513],[136.60962,35.07391],[136.6103,35.07283],[136.60986,35.07142],[136.60966,35.0687],[136.6098,35.06805],[136.60873,35.06603],[136.60928,35.06481],[136.60927,35.06133],[136.60697,35.06119],[136.60649,35.06006],[136.60293,35.06007],[136.60255,35.05893],[136.60308,35.05875],[136.6031,35.05811],[136.60376,35.0579],[136.60344,35.05706],[136.60282,35.05665],[136.60152,35.05423],[136.60162,35.05355],[136.60008,35.0516],[136.59981,35.05033],[136.60019,35.04861],[136.60369,35.04816],[136.60564,35.04741],[136.60684,35.04667],[136.60822,35.04612],[136.60853,35.04711],[136.60928,35.04748],[136.60961,35.0485],[136.61017,35.04881],[136.61071,35.04846],[136.61166,35.04631],[136.61205,35.04603],[136.61344,35.04602],[136.61518,35.04645],[136.61621,35.04713],[136.61724,35.0474],[136.61828,35.04741],[136.61923,35.04692],[136.62074,35.04664],[136.62429,35.04657],[136.62739,35.04626],[136.62828,35.0459],[136.62956,35.04471],[136.63058,35.04458],[136.63111,35.04423],[136.63296,35.04405],[136.63374,35.04469],[136.6363,35.04569],[136.63675,35.04484],[136.63754,35.04452],[136.63844,35.04476],[136.6397,35.04457],[136.64062,35.04473],[136.64087,35.04415],[136.64155,35.04377],[136.64175,35.04305]]]]}},
  {"type":"Feature","properties":{"name":"鈴鹿市","code":"24207"},"geometry":{"type":"MultiPolygon","coordinates":[[[[136.5704,34.80454],[136.57071,34.80512],[136.57507,34.80971],[136.57651,34.81112],[136.57894,34.81373],[136.58241,34.81724],[136.58625,34.82144],[136.58946,34.82475],[136.59048,34.82567],[136.59204,34.8268],[136.59277,34.8267],[136.59406,34.82815],[136.59546,34.82807],[136.59652,34.82922],[136.59518,34.82934],[136.59387,34.82981],[136.59319,34.82978],[136.59179,34.82818],[136.59053,34.82955],[136.59131,34.82988],[136.59326,34.83138],[136.59478,34.8306],[136.59517,34.83219],[136.60128,34.83928],[136.60437,34.84253],[136.60687,34.84478],[136.61032,34.84815],[136.61285,34.85054],[136.61551,34.85334],[136.61378,34.85397],[136.6123,34.85429],[136.61094,34.85421],[136.6116,34.85494],[136.61265,34.85468],[136.61384,34.85535],[136.61444,34.85471],[136.61518,34.8548],[136.61596,34.85583],[136.61623,34.85695],[136.61756,34.85853],[136.61844,34.86027],[136.62089,34.86347],[136.62314,34.86581],[136.6244,34.86729],[136.62573,34.8683],[136.62505,34.86883],[136.62507,34.86977],[136.62528,34.87001],[136.62552,34.86989],[136.62846,34.87376],[136.63029,34.87661],[136.63157,34.87781],[136.63166,34.87859],[136.63265,34.88025],[136.63353,34.88209],[136.63396,34.88258],[136.63441,34.88382],[136.63587,34.88564],[136.63434,34.88596],[136.634,34.88535],[136.63424,34.88452],[136.63379,34.88355],[136.63286,34.88385],[136.63349,34.88522],[136.63324,34.88595],[136.63319,34.88707],[136.63372,34.88729],[136.63376,34.88901],[136.63507,34.88905],[136.63613,34.89293],[136.63717,34.89523],[136.63881,34.89744],[136.64233,34.90059],[136.64068,34.90152],[136.63995,34.90167],[136.63746,34.90262],[136.63658,34.90263],[136.63458,34.90314],[136.63437,34.90348],[136.63187,34.90363],[136.63131,34.90343],[136.63029,34.90354],[136.62493,34.90368],[136.62465,34.90392],[136.62208,34.90405],[136.61545,34.90423],[136.61026,34.90461],[136.60744,34.90505],[136.60614,34.90579],[136.6032,34.90631],[136.6028,34.90669],[136.60491,34.90816],[136.60208,34.90772],[136.59924,34.90624],[136.59762,34.90651],[136.59729,34.90723],[136.59616,34.90765],[136.59576,34.90895],[136.59499,34.90898],[136.59457,34.91002],[136.59404,34.91043],[136.59168,34.91034],[136.59091,34.9101],[136.58947,34.91016],[136.58879,34.91056],[136.58757,34.91014],[136.58663,34.9093],[136.58568,34.91006],[136.58478,34.91115],[136.58406,34.91244],[136.58337,34.91259],[136.58226,34.91202],[136.58209,34.91143],[136.58121,34.91053],[136.58008,34.91135],[136.57891,34.91086],[136.57803,34.91174],[136.57797,34.91272],[136.57764,34.91335],[136.57746,34.91464],[136.57573,34.91439],[136.57461,34.91391],[136.57303,34.91356],[136.57175,34.91358],[136.56946,34.91326],[136.56811,34.91405],[136.56689,34.91424],[136.5665,34.91401],[136.56476,34.91375],[136.56281,34.91392],[136.5603,34.91445],[136.5607,34.91577],[136.55816,34.91614],[136.55659,34.91773],[136.55562,34.91827],[136.55308,34.91924],[136.55068,34.92089],[136.54972,34.92142],[136.54616,34.92256],[136.5447,34.92295],[136.54059,34.92363],[136.53973,34.92396],[136.53517,34.92614],[136.53309,34.92654],[136.53209,34.92687],[136.5304,34.9279],[136.52929,34.9283],[136.52728,34.92943],[136.52395,34.931],[136.52379,34.93141],[136.51811,34.93503],[136.51567,34.93633],[136.51325,34.93785],[136.51111,34.93942],[136.51276,34.94108],[136.51341,34.9426],[136.51331,34.94347],[136.5123,34.94421],[136.51213,34.94494],[136.50939,34.94704],[136.50752,34.94837],[136.50578,34.94931],[136.503,34.95038],[136.49709,34.95212],[136.49655,34.95151],[136.49692,34.95099],[136.49659,34.95045],[136.49584,34.95089],[136.49152,34.95466],[136.49071,34.95558],[136.4898,34.95577],[136.48921,34.95529],[136.49007,34.95448],[136.48823,34.95371],[136.48636,34.95441],[136.48502,34.9552],[136.48033,34.95829],[136.47982,34.95734],[136.47543,34.95861],[136.4767,34.9604],[136.47496,34.96158],[136.47613,34.96393],[136.47558,34.96434],[136.4736,34.96445],[136.47176,34.96513],[136.47256,34.96547],[136.47339,34.96641],[136.47215,34.96694],[136.47193,34.96807],[136.47105,34.96883],[136.47043,34.97056],[136.46957,34.97124],[136.46434,34.97595],[136.46329,34.97669],[136.46144,34.9777],[136.45987,34.97825],[136.45613,34.97914],[136.4548,34.97984],[136.45329,34.98088],[136.4512,34.98196],[136.44957,34.98316],[136.44822,34.98364],[136.44738,34.98358],[136.44652,34.98395],[136.44614,34.98475],[136.44529,34.98466],[136.44494,34.98572],[136.44434,34.98609],[136.44403,34.98705],[136.4435,34.98746],[136.44244,34.98757],[136.44166,34.98809],[136.43922,34.98735],[136.43811,34.98725],[136.43708,34.9875],[136.43596,34.98657],[136.43465,34.98635],[136.43366,34.98679],[136.43312,34.98669],[136.43155,34.98709],[136.42951,34.98742],[136.4282,34.98741],[136.42772,34.98669],[136.42684,34.98612],[136.42662,34.98563],[136.42493,34.98456],[136.42347,34.98492],[136.42161,34.98496],[136.42063,34.98446],[136.41924,34.98428],[136.41673,34.98464],[136.41519,34.98462],[136.41532,34.98315],[136.41527,34.98161],[136.41587,34.9808],[136.41563,34.98032],[136.41438,34.97943],[136.41431,34.97899],[136.41355,34.97794],[136.4112,34.9767],[136.41057,34.97592],[136.40974,34.97571],[136.40892,34.97506],[136.40839,34.97408],[136.40749,34.97355],[136.40745,34.97215],[136.40711,34.97173],[136.40572,34.97088],[136.40474,34.97074],[136.40422,34.97029],[136.40374,34.96935],[136.40315,34.96915],[136.4031,34.96812],[136.40346,34.96719],[136.40338,34.96643],[136.40217,34.96581],[136.40201,34.965],[136.40045,34.9639],[136.39912,34.96314],[136.39969,34.96179],[136.39956,34.96111],[136.39776,34.95943],[136.3973,34.95833],[136.39647,34.95742],[136.39619,34.95604],[136.39637,34.95448],[136.39607,34.95373],[136.39519,34.95258],[136.39526,34.95188],[136.39629,34.95158],[136.39765,34.95085],[136.39854,34.95075],[136.3994,34.95021],[136.3997,34.94971],[136.40063,34.94975],[136.40125,34.94914],[136.40256,34.94978],[136.4034,34.94976],[136.40414,34.95014],[136.40514,34.95024],[136.40592,34.94973],[136.40751,34.94944],[136.40864,34.94822],[136.41065,34.94759],[136.41192,34.94832],[136.41298,34.94837],[136.41461,34.94772],[136.4157,34.9469],[136.41718,34.94672],[136.41776,34.94591],[136.41864,34.94576],[136.42018,34.94386],[136.42004,34.94209],[136.42032,34.94147],[136.42137,34.9415],[136.42296,34.93948],[136.423,34.93819],[136.42368,34.93784],[136.42552,34.93557],[136.42482,34.93443],[136.42537,34.93377],[136.42665,34.9334],[136.42682,34.93222],[136.42776,34.93202],[136.42867,34.93136],[136.43061,34.9313],[136.43132,34.93106],[136.43104,34.92965],[136.43131,34.92943],[136.4308,34.92838],[136.4305,34.92677],[136.43123,34.92521],[136.43102,34.92371],[136.43042,34.92253],[136.43117,34.92033],[136.43291,34.92028],[136.43325,34.91949],[136.43461,34.91872],[136.43539,34.91781],[136.435,34.91723],[136.43534,34.91609],[136.43706,34.91606],[136.43792,34.91583],[136.44007,34.91605],[136.4406,34.91664],[136.44134,34.91609],[136.44116,34.91519],[136.44144,34.91471],[136.44259,34.91451],[136.44427,34.91357],[136.4448,34.91225],[136.44455,34.91185],[136.44466,34.91075],[136.44505,34.91013],[136.44611,34.90982],[136.44668,34.90882],[136.4476,34.90852],[136.44788,34.90781],[136.44962,34.9066],[136.45122,34.90597],[136.45406,34.90599],[136.45489,34.9058],[136.45563,34.90422],[136.45769,34.90484],[136.45904,34.90466],[136.46003,34.90472],[136.46073,34.90421],[136.46159,34.90411],[136.46371,34.90462],[136.46616,34.90421],[136.46746,34.9049],[136.4689,34.90519],[136.47051,34.90523],[136.47168,34.90556],[136.47327,34.90563],[136.47663,34.90498],[136.47711,34.9052],[136.47763,34.90626],[136.47861,34.90554],[136.48008,34.90583],[136.48095,34.90769],[136.48129,34.90919],[136.48218,34.91035],[136.48557,34.9108],[136.48567,34.91037],[136.48453,34.90847],[136.48483,34.90729],[136.48438,34.90581],[136.48454,34.90554],[136.48706,34.90517],[136.48697,34.90411],[136.4861,34.90317],[136.48838,34.90268],[136.48812,34.90154],[136.49009,34.9011],[136.49026,34.90152],[136.49218,34.90115],[136.49236,34.90162],[136.49426,34.90127],[136.49312,34.89707],[136.49163,34.89216],[136.49327,34.89184],[136.49241,34.8889],[136.49574,34.88819],[136.49555,34.88738],[136.49322,34.88782],[136.49394,34.88598],[136.49568,34.88602],[136.49567,34.88501],[136.49494,34.88242],[136.49477,34.88109],[136.49504,34.8806],[136.49458,34.87908],[136.49464,34.87772],[136.49417,34.87703],[136.49354,34.87706],[136.49084,34.8762],[136.4895,34.8751],[136.48981,34.87404],[136.48925,34.87395],[136.48989,34.87284],[136.48989,34.87187],[136.49014,34.87069],[136.49102,34.87065],[136.49354,34.87095],[136.4943,34.87031],[136.49508,34.86869],[136.49627,34.86728],[136.49564,34.86707],[136.49627,34.86571],[136.49621,34.86484],[136.49311,34.86248],[136.49224,34.8612],[136.49191,34.85985],[136.49173,34.85816],[136.49109,34.85628],[136.49052,34.85413],[136.48943,34.85251],[136.48728,34.85072],[136.48817,34.85002],[136.48731,34.8488],[136.48709,34.84734],[136.48647,34.8468],[136.4865,34.84552],[136.48602,34.84461],[136.48601,34.84346],[136.48494,34.8427],[136.48397,34.84257],[136.48307,34.84161],[136.4829,34.83964],[136.48257,34.83878],[136.48309,34.83785],[136.48282,34.83726],[136.4828,34.83613],[136.48516,34.83532],[136.48526,34.83579],[136.48656,34.83594],[136.4875,34.83562],[136.48864,34.8359],[136.48924,34.83548],[136.48965,34.8344],[136.48954,34.83346],[136.48985,34.83256],[136.489,34.8327],[136.48866,34.8335],[136.48893,34.83461],[136.48842,34.83523],[136.48683,34.83457],[136.48601,34.83461],[136.48548,34.83293],[136.48769,34.83156],[136.48907,34.82977],[136.48959,34.82811],[136.4909,34.82632],[136.49118,34.82566],[136.49108,34.82439],[136.49189,34.82308],[136.49172,34.82046],[136.49047,34.8182],[136.49061,34.81745],[136.49035,34.81661],[136.4888,34.81571],[136.48841,34.81494],[136.48833,34.8138],[136.49011,34.81202],[136.49141,34.81248],[136.49224,34.81155],[136.49209,34.81131],[136.49275,34.81009],[136.49223,34.80873],[136.49127,34.80739],[136.4896,34.80649],[136.48926,34.80566],[136.48846,34.80485],[136.48859,34.80433],[136.48817,34.80382],[136.4878,34.8026],[136.48795,34.80231],[136.48881,34.80186],[136.48963,34.80219],[136.48993,34.80156],[136.48955,34.80054],[136.49035,34.8],[136.49053,34.79933],[136.49112,34.79889],[136.49201,34.79883],[136.49239,34.79924],[136.49533,34.79956],[136.4967,34.80039],[136.49793,34.80177],[136.49777,34.80249],[136.49827,34.80414],[136.4994,34.80449],[136.50042,34.80579],[136.50196,34.80608],[136.50352,34.80529],[136.50424,34.80514],[136.50491,34.80561],[136.50661,34.80555],[136.50823,34.80466],[136.50971,34.80456],[136.51177,34.80588],[136.5114,34.80672],[136.51209,34.80752],[136.51166,34.80788],[136.51199,34.80988],[136.51147,34.81018],[136.5117,34.81117],[136.51265,34.81181],[136.51399,34.8109],[136.51464,34.81117],[136.51538,34.81045],[136.51445,34.80967],[136.51463,34.80888],[136.51533,34.80799],[136.516,34.80817],[136.51625,34.8096],[136.51698,34.80977],[136.51708,34.8091],[136.51803,34.80942],[136.51886,34.80908],[136.52023,34.80949],[136.52188,34.81059],[136.5234,34.81247],[136.52464,34.8132],[136.52541,34.81313],[136.52684,34.81213],[136.52659,34.81126],[136.52694,34.8104],[136.52809,34.80992],[136.52859,34.80942],[136.52849,34.80882],[136.52917,34.80796],[136.53083,34.8083],[136.53226,34.80817],[136.53384,34.80779],[136.53802,34.80794],[136.53823,34.80825],[136.53957,34.80825],[136.54138,34.80772],[136.54142,34.8086],[136.54181,34.80903],[136.54189,34.81004],[136.54368,34.81023],[136.54458,34.80977],[136.54577,34.81064],[136.54625,34.80997],[136.5473,34.81031],[136.54843,34.81035],[136.5485,34.81098],[136.55062,34.81096],[136.55163,34.81162],[136.55177,34.81448],[136.55496,34.81364],[136.55442,34.81224],[136.55574,34.81117],[136.55669,34.8109],[136.55739,34.81044],[136.5579,34.81155],[136.55771,34.81232],[136.55894,34.81189],[136.56154,34.81067],[136.56161,34.80984],[136.56559,34.80757],[136.56654,34.80733],[136.56786,34.80728],[136.56844,34.80704],[136.56988,34.80505],[136.5704,34.80454]]]]}},
  {"type":"Feature","properties":{"name":"名張市","code":"24208"},"geometry":{"type":"MultiPolygon","coordinates":[[[[136.19549,34.56664],[136.19457,34.56819],[136.19378,34.56984],[136.19385,34.57054],[136.19212,34.57191],[136.19289,34.572],[136.19388,34.57247],[136.19456,34.57326],[136.19437,34.5742],[136.19373,34.57496],[136.19255,34.5755],[136.1907,34.57577],[136.19015,34.57667],[136.18794,34.57825],[136.18701,34.57959],[136.18777,34.58133],[136.18816,34.5828],[136.18798,34.58475],[136.18704,34.58631],[136.18704,34.58715],[136.18639,34.58838],[136.18656,34.58901],[136.18603,34.59195],[136.18614,34.59267],[136.18541,34.59339],[136.18459,34.59301],[136.18398,34.59313],[136.18387,34.59374],[136.18236,34.5943],[136.18119,34.59447],[136.18063,34.59531],[136.18083,34.59583],[136.18056,34.59667],[136.18063,34.59749],[136.18012,34.59847],[136.18043,34.5991],[136.18169,34.59955],[136.18221,34.60039],[136.18272,34.60243],[136.18243,34.6028],[136.18154,34.60294],[136.18,34.60385],[136.18014,34.60482],[136.17963,34.6059],[136.1799,34.60666],[136.17915,34.60769],[136.17923,34.6081],[136.18075,34.60916],[136.18105,34.60986],[136.18164,34.61037],[136.18162,34.6112],[136.17988,34.61238],[136.17947,34.61331],[136.17769,34.61423],[136.17741,34.61478],[136.17611,34.61577],[136.17622,34.61678],[136.17603,34.61787],[136.1769,34.61849],[136.17742,34.61928],[136.17718,34.62154],[136.17725,34.62205],[136.17807,34.62298],[136.17814,34.62409],[136.17935,34.62676],[136.17814,34.62706],[136.17741,34.62775],[136.17476,34.62973],[136.17517,34.63041],[136.1738,34.63153],[136.1725,34.63158],[136.17157,34.63215],[136.17212,34.6331],[136.16887,34.63507],[136.16768,34.63636],[136.16586,34.63698],[136.16342,34.63827],[136.1616,34.63899],[136.1609,34.63956],[136.16088,34.64066],[136.15988,34.6411],[136.1576,34.64163],[136.15709,34.6424],[136.15552,34.64291],[136.15487,34.64383],[136.15416,34.64445],[136.15341,34.64458],[136.15225,34.64535],[136.15216,34.64598],[136.1515,34.64715],[136.15182,34.64911],[136.15244,34.65019],[136.15307,34.65083],[136.15298,34.65242],[136.15327,34.65406],[136.15077,34.65381],[136.14986,34.65382],[136.1495,34.65475],[136.14998,34.65537],[136.15026,34.65743],[136.14932,34.65799],[136.14897,34.65875],[136.14928,34.6609],[136.14891,34.66128],[136.14667,34.66198],[136.14635,34.6627],[136.14557,34.66319],[136.14399,34.66306],[136.1443,34.66405],[136.14314,34.66392],[136.14215,34.66455],[136.14258,34.66505],[136.14204,34.66593],[136.14239,34.66633],[136.14351,34.66627],[136.14372,34.66728],[136.14225,34.66817],[136.14375,34.66872],[136.14251,34.67009],[136.14288,34.67082],[136.14197,34.67093],[136.14183,34.67022],[136.14101,34.67005],[136.13951,34.67056],[136.13936,34.67108],[136.13819,34.67065],[136.13703,34.67074],[136.13663,34.67001],[136.13498,34.66981],[136.1343,34.67055],[136.13332,34.67071],[136.13236,34.66973],[136.13145,34.67011],[136.12977,34.66936],[136.1287,34.66922],[136.12876,34.66993],[136.12829,34.67113],[136.12702,34.66993],[136.12635,34.66898],[136.1243,34.66779],[136.12336,34.66903],[136.12309,34.66993],[136.12214,34.67164],[136.12104,34.6727],[136.12105,34.67399],[136.1218,34.67454],[136.12249,34.67463],[136.12305,34.67513],[136.12463,34.67551],[136.12499,34.67589],[136.1252,34.67692],[136.12638,34.6775],[136.12665,34.67847],[136.12737,34.67912],[136.12943,34.68061],[136.12985,34.68068],[136.13085,34.68153],[136.13172,34.68196],[136.1308,34.68234],[136.12977,34.68236],[136.1287,34.68312],[136.12815,34.68324],[136.12652,34.68308],[136.12607,34.68326],[136.12475,34.68479],[136.12444,34.68659],[136.12214,34.68717],[136.12058,34.68823],[136.11942,34.68805],[136.11893,34.68643],[136.11811,34.68593],[136.11747,34.68492],[136.1167,34.68481],[136.11605,34.68365],[136.11659,34.68332],[136.11637,34.68261],[136.11683,34.68191],[136.11585,34.68134],[136.11564,34.68012],[136.11517,34.67973],[136.11437,34.67831],[136.11426,34.67725],[136.1149,34.67652],[136.1142,34.67534],[136.11434,34.67446],[136.11415,34.67375],[136.11475,34.67314],[136.11255,34.67137],[136.11266,34.6704],[136.11201,34.66964],[136.11099,34.66993],[136.11006,34.67059],[136.10839,34.67071],[136.10671,34.67054],[136.10614,34.67013],[136.10559,34.66926],[136.10492,34.66894],[136.10412,34.66993],[136.10273,34.67035],[136.10215,34.67129],[136.10133,34.67164],[136.10125,34.67291],[136.10082,34.67386],[136.09877,34.67379],[136.09703,34.67454],[136.09485,34.67426],[136.0937,34.67476],[136.09306,34.67467],[136.09206,34.67548],[136.09124,34.67582],[136.09027,34.67568],[136.08966,34.67588],[136.08758,34.67575],[136.08689,34.67621],[136.08574,34.67644],[136.08646,34.67535],[136.08626,34.67495],[136.08425,34.67343],[136.08463,34.67242],[136.0832,34.6719],[136.08292,34.67084],[136.08222,34.66993],[136.0828,34.66815],[136.08334,34.66746],[136.08197,34.66517],[136.08075,34.66469],[136.07927,34.66445],[136.07847,34.66369],[136.07784,34.66257],[136.07829,34.6612],[136.07778,34.65876],[136.07693,34.65913],[136.07598,34.6592],[136.07511,34.65867],[136.07347,34.65847],[136.07267,34.65813],[136.07058,34.65775],[136.07026,34.65688],[136.06913,34.65608],[136.06809,34.65556],[136.0674,34.6541],[136.06546,34.65278],[136.06451,34.65196],[136.06259,34.65271],[136.06155,34.65279],[136.05961,34.65412],[136.05768,34.65478],[136.05654,34.65551],[136.05403,34.65618],[136.05286,34.65628],[136.05269,34.65689],[136.04893,34.65853],[136.04727,34.65878],[136.04635,34.65911],[136.04558,34.65967],[136.04399,34.66023],[136.04355,34.66129],[136.04242,34.66224],[136.04195,34.66303],[136.04093,34.66375],[136.04011,34.66283],[136.03955,34.6614],[136.03966,34.66096],[136.04047,34.66019],[136.04096,34.65919],[136.0414,34.65885],[136.04246,34.65863],[136.04327,34.658],[136.04393,34.65692],[136.04597,34.65585],[136.04786,34.65422],[136.04886,34.65368],[136.05047,34.6523],[136.05131,34.65207],[136.05231,34.6522],[136.05504,34.65281],[136.05616,34.65252],[136.0573,34.65286],[136.05822,34.65281],[136.05893,34.65241],[136.0598,34.65156],[136.06097,34.65079],[136.06301,34.65055],[136.0636,34.65076],[136.06409,34.65168],[136.06485,34.65156],[136.06503,34.65033],[136.06548,34.64884],[136.06765,34.64656],[136.06788,34.64589],[136.06768,34.64495],[136.06794,34.64388],[136.0692,34.64325],[136.06951,34.64197],[136.07042,34.64091],[136.07122,34.64054],[136.07108,34.63898],[136.07174,34.63845],[136.0714,34.6372],[136.07263,34.63677],[136.07326,34.63627],[136.07358,34.63409],[136.0733,34.63362],[136.07215,34.63286],[136.07201,34.63247],[136.07275,34.63174],[136.07208,34.63002],[136.07087,34.62933],[136.06987,34.62902],[136.06942,34.62856],[136.06937,34.62771],[136.06879,34.62654],[136.06935,34.62597],[136.06926,34.62542],[136.06995,34.62481],[136.06914,34.62398],[136.06918,34.62303],[136.06886,34.6223],[136.06816,34.62199],[136.06647,34.6219],[136.06501,34.62067],[136.0632,34.62032],[136.06247,34.61996],[136.06262,34.6186],[136.06222,34.61808],[136.06231,34.6169],[136.06144,34.61691],[136.0611,34.61631],[136.06009,34.61567],[136.05859,34.61413],[136.05849,34.61337],[136.0575,34.61208],[136.05685,34.61164],[136.05583,34.61016],[136.0549,34.61011],[136.0543,34.60976],[136.05324,34.60848],[136.05216,34.60756],[136.05102,34.6071],[136.05032,34.60602],[136.05059,34.6051],[136.05025,34.6041],[136.04776,34.60231],[136.04657,34.60056],[136.04759,34.59884],[136.04787,34.59707],[136.0483,34.59598],[136.04914,34.59489],[136.05043,34.59414],[136.05154,34.59384],[136.05214,34.59306],[136.05121,34.59029],[136.05193,34.58965],[136.05209,34.58915],[136.05148,34.58862],[136.05065,34.58691],[136.04943,34.58737],[136.04837,34.58739],[136.04704,34.58628],[136.04652,34.58522],[136.04879,34.58269],[136.04949,34.58145],[136.04977,34.58027],[136.0514,34.58092],[136.0516,34.58075],[136.05184,34.57897],[136.05218,34.57857],[136.0539,34.57821],[136.05486,34.57846],[136.05595,34.57778],[136.05702,34.57793],[136.05872,34.57766],[136.05822,34.57666],[136.05916,34.57628],[136.0608,34.57496],[136.06118,34.57377],[136.06052,34.57265],[136.0603,34.57136],[136.06031,34.56942],[136.06154,34.569],[136.06248,34.56844],[136.06302,34.56841],[136.06411,34.56787],[136.06467,34.5672],[136.06578,34.567],[136.06747,34.56779],[136.06843,34.56771],[136.06926,34.56704],[136.07004,34.56712],[136.07136,34.56773],[136.07234,34.56687],[136.07373,34.56674],[136.07513,34.56553],[136.07561,34.5646],[136.07736,34.56398],[136.07866,34.56316],[136.07999,34.56329],[136.08233,34.56217],[136.08255,34.5609],[136.08307,34.56059],[136.08336,34.55933],[136.08473,34.55939],[136.08632,34.55827],[136.08985,34.55891],[136.09059,34.55838],[136.09102,34.55729],[136.0918,34.55684],[136.09324,34.55696],[136.09492,34.55786],[136.09632,34.55795],[136.09672,34.55702],[136.09808,34.55651],[136.09903,34.55586],[136.10028,34.55602],[136.10123,34.55659],[136.10197,34.55572],[136.1026,34.55653],[136.104,34.55618],[136.10474,34.55632],[136.10582,34.55741],[136.10673,34.55678],[136.10749,34.55591],[136.10856,34.55656],[136.10939,34.55682],[136.11059,34.55645],[136.11125,34.55523],[136.1114,34.55423],[136.11112,34.55296],[136.11205,34.55193],[136.11129,34.55129],[136.11227,34.55014],[136.11236,34.54931],[136.11321,34.54807],[136.11363,34.54645],[136.11452,34.54593],[136.11589,34.54676],[136.11667,34.54691],[136.11769,34.54641],[136.11863,34.54649],[136.11906,34.5475],[136.11975,34.54803],[136.12169,34.5487],[136.12214,34.5482],[136.12298,34.54792],[136.12373,34.5481],[136.12393,34.54941],[136.13319,34.55488],[136.13395,34.55523],[136.13497,34.55628],[136.13603,34.55763],[136.13607,34.55804],[136.13765,34.55981],[136.13788,34.56074],[136.1384,34.56095],[136.1396,34.55926],[136.14166,34.55931],[136.14288,34.55765],[136.14485,34.55697],[136.14661,34.55579],[136.14714,34.55564],[136.14868,34.55574],[136.14978,34.5556],[136.15036,34.5552],[136.1514,34.55567],[136.15128,34.55803],[136.15089,34.55877],[136.1512,34.55916],[136.15284,34.55944],[136.1555,34.55973],[136.15587,34.5588],[136.15539,34.55768],[136.15609,34.55553],[136.15776,34.55539],[136.15835,34.55497],[136.15825,34.55444],[136.15758,34.55346],[136.15759,34.55269],[136.1593,34.55121],[136.15948,34.55046],[136.16053,34.54951],[136.16142,34.54907],[136.16169,34.5483],[136.16315,34.54841],[136.16403,34.54904],[136.16433,34.55037],[136.16503,34.55091],[136.16538,34.55218],[136.16615,34.55274],[136.16727,34.55458],[136.16678,34.5552],[136.16787,34.55722],[136.16847,34.5574],[136.16871,34.55802],[136.17004,34.55921],[136.17066,34.5604],[136.17073,34.56165],[136.17187,34.56179],[136.17254,34.56163],[136.17401,34.56234],[136.1749,34.56451],[136.17667,34.56675],[136.1769,34.56833],[136.17927,34.56821],[136.1802,34.56783],[136.18336,34.56732],[136.18455,34.56683],[136.18496,34.56749],[136.18499,34.56828],[136.18535,34.56892],[136.18589,34.56906],[136.18764,34.56886],[136.18956,34.56887],[136.19105,34.56862],[136.19223,34.56804],[136.19393,34.56632],[136.19435,34.56623],[136.19549,34.56664]]]]}},
  {"type":"Feature","properties":{"name":"尾鷲市","code":"24209"},"geometry":{"type":"MultiPolygon","coordinates":[[[[136.23196,33.94761],[136.23003,33.94793],[136.22903,33.9486],[136.22888,33.94934],[136.22833,33.94945],[136.22764,33.95065],[136.22745,33.95182],[136.22832,33.95449],[136.22837,33.9553],[136.22773,33.95609],[136.22624,33.95659],[136.22544,33.95713],[136.22488,33.95846],[136.22591,33.95884],[136.22468,33.95987],[136.22488,33.96043],[136.22419,33.96142],[136.22405,33.96227],[136.22485,33.96335],[136.2266,33.96352],[136.22673,33.96443],[136.22574,33.96478],[136.22556,33.96566],[136.22488,33.96683],[136.22398,33.96722],[136.22275,33.96727],[136.22163,33.96687],[136.22076,33.96713],[136.21932,33.96701],[136.21856,33.96712],[136.21796,33.96638],[136.21756,33.96534],[136.21651,33.96537],[136.21693,33.96663],[136.21849,33.96818],[136.21916,33.96863],[136.22026,33.97018],[136.221,33.97062],[136.22172,33.9715],[136.22211,33.97289],[136.22213,33.97405],[136.2216,33.97453],[136.22,33.97438],[136.21899,33.97462],[136.21762,33.97419],[136.21619,33.97288],[136.21526,33.9722],[136.21545,33.97176],[136.21402,33.96977],[136.2123,33.96945],[136.21119,33.96958],[136.2106,33.96918],[136.21041,33.96811],[136.2094,33.96804],[136.20924,33.96728],[136.20858,33.96748],[136.20768,33.96703],[136.2068,33.96688],[136.20615,33.96617],[136.20379,33.96474],[136.20344,33.9637],[136.2027,33.96317],[136.2017,33.96371],[136.2019,33.96453],[136.19992,33.96498],[136.1998,33.96454],[136.19927,33.96464],[136.19914,33.96414],[136.19843,33.96446],[136.19873,33.96466],[136.19697,33.96648],[136.19749,33.96731],[136.19653,33.96789],[136.19537,33.96762],[136.19437,33.96805],[136.19293,33.97016],[136.19172,33.97109],[136.19237,33.97187],[136.19353,33.97138],[136.19487,33.97308],[136.19673,33.9723],[136.19769,33.97206],[136.19957,33.9719],[136.20104,33.97117],[136.20192,33.97116],[136.20326,33.97169],[136.20431,33.97235],[136.20527,33.97364],[136.20574,33.97376],[136.20682,33.97529],[136.20669,33.97659],[136.20748,33.9765],[136.20967,33.98065],[136.21051,33.98167],[136.21134,33.98202],[136.21313,33.98226],[136.21356,33.98259],[136.21543,33.98325],[136.2152,33.98521],[136.21447,33.9859],[136.21441,33.98723],[136.21299,33.98975],[136.213,33.9903],[136.21339,33.99124],[136.21319,33.99269],[136.21265,33.9939],[136.21223,33.99533],[136.2107,33.99763],[136.21089,33.99819],[136.21018,33.9985],[136.21044,33.99925],[136.21134,34.00006],[136.21372,34.00106],[136.21516,34.00106],[136.21662,34.00077],[136.2171,34.00039],[136.21732,33.99967],[136.21804,33.99984],[136.21847,33.99944],[136.21797,33.99857],[136.21741,33.9985],[136.2171,33.99754],[136.2189,33.99639],[136.22001,33.99616],[136.22064,33.99573],[136.2208,33.99414],[136.22168,33.99324],[136.22246,33.9928],[136.2236,33.99153],[136.22555,33.99027],[136.22593,33.98946],[136.22693,33.98872],[136.22725,33.989],[136.22828,33.98875],[136.23129,33.98748],[136.23177,33.98747],[136.23386,33.988],[136.23566,33.98761],[136.23544,33.98721],[136.23802,33.98664],[136.23865,33.98674],[136.24085,33.98644],[136.24086,33.98579],[136.2422,33.98548],[136.24272,33.98571],[136.24405,33.98541],[136.24469,33.98481],[136.24533,33.9847],[136.2464,33.98515],[136.24809,33.98541],[136.24829,33.98484],[136.24977,33.98437],[136.25028,33.98449],[136.25101,33.98523],[136.25156,33.98519],[136.25183,33.98396],[136.25077,33.98271],[136.24994,33.98286],[136.24948,33.98226],[136.25068,33.98153],[136.25279,33.98092],[136.2526,33.98049],[136.25074,33.98033],[136.25043,33.98009],[136.24885,33.98043],[136.24745,33.98107],[136.24639,33.98078],[136.24585,33.98142],[136.24492,33.98086],[136.24419,33.98213],[136.24234,33.98239],[136.2418,33.98185],[136.24105,33.98299],[136.24041,33.98327],[136.2398,33.98293],[136.239,33.9817],[136.23848,33.98135],[136.23731,33.98175],[136.23627,33.98164],[136.23613,33.98093],[136.23554,33.9801],[136.23679,33.97956],[136.23675,33.97927],[136.23634,33.97878],[136.23669,33.97812],[136.23677,33.97786],[136.23678,33.9771],[136.23664,33.9767],[136.23582,33.97565],[136.23549,33.97464],[136.23563,33.97283],[136.23672,33.97228],[136.23773,33.9709],[136.23794,33.9693],[136.23882,33.96961],[136.23927,33.96869],[136.24026,33.96902],[136.23978,33.96989],[136.24066,33.97038],[136.24088,33.97084],[136.24198,33.97122],[136.24211,33.97075],[136.24406,33.97029],[136.24455,33.97066],[136.24519,33.97177],[136.24554,33.97299],[136.24741,33.97269],[136.24823,33.97291],[136.24903,33.97268],[136.25037,33.97177],[136.25023,33.97109],[136.25142,33.97018],[136.25258,33.96735],[136.2528,33.96608],[136.25252,33.96584],[136.25279,33.96489],[136.25348,33.96432],[136.25486,33.96473],[136.25504,33.96538],[136.25471,33.9664],[136.25503,33.9674],[136.25587,33.96821],[136.25663,33.96814],[136.25763,33.96746],[136.25928,33.96787],[136.26284,33.96713],[136.26427,33.96806],[136.26359,33.96942],[136.26452,33.97078],[136.26547,33.97123],[136.26587,33.97077],[136.26883,33.97005],[136.26912,33.97057],[136.26875,33.97146],[136.27085,33.97132],[136.27147,33.97237],[136.27201,33.97243],[136.27183,33.97361],[136.27112,33.97397],[136.27126,33.97471],[136.27184,33.97544],[136.27214,33.97644],[136.27164,33.97716],[136.27129,33.97858],[136.26964,33.98113],[136.26955,33.98258],[136.27058,33.9844],[136.27085,33.9847],[136.27122,33.98482],[136.27165,33.98448],[136.27308,33.98564],[136.27295,33.98599],[136.27191,33.986],[136.27205,33.9872],[136.27284,33.98782],[136.2723,33.98836],[136.27106,33.98835],[136.26974,33.98937],[136.26765,33.98933],[136.26631,33.98896],[136.26539,33.98893],[136.26362,33.98962],[136.26197,33.9886],[136.26115,33.98838],[136.26005,33.98863],[136.26048,33.98963],[136.26003,33.9908],[136.2609,33.99185],[136.26041,33.99263],[136.26113,33.99343],[136.26095,33.994],[136.25969,33.9946],[136.25959,33.99553],[136.25812,33.99657],[136.25692,33.99786],[136.25765,33.99817],[136.25917,33.99791],[136.26069,33.99714],[136.26212,33.99618],[136.26211,33.99576],[136.26334,33.99461],[136.26401,33.99469],[136.26533,33.99333],[136.26717,33.99405],[136.26724,33.99468],[136.26653,33.9955],[136.26574,33.99575],[136.26571,33.99647],[136.26649,33.99733],[136.26705,33.99757],[136.26666,33.99877],[136.26631,33.99905],[136.26647,33.99984],[136.2662,34.00027],[136.26688,34.00149],[136.26869,34.00088],[136.26952,34.00076],[136.2695,34.00166],[136.27013,34.00213],[136.27061,34.00308],[136.27057,34.00375],[136.27126,34.00443],[136.27258,34.00462],[136.27261,34.005],[136.27145,34.00522],[136.2712,34.00585],[136.27027,34.0064],[136.26839,34.00716],[136.26627,34.00707],[136.2654,34.00674],[136.2653,34.00561],[136.26349,34.00392],[136.26267,34.00474],[136.2608,34.00521],[136.25999,34.00512],[136.25979,34.00497],[136.25936,34.00512],[136.25884,34.00507],[136.25639,34.00534],[136.25555,34.00648],[136.25435,34.00653],[136.25385,34.00623],[136.25324,34.00676],[136.2533,34.00764],[136.25401,34.00866],[136.25501,34.00867],[136.25491,34.00916],[136.2541,34.00977],[136.25323,34.01112],[136.25243,34.01185],[136.25093,34.01272],[136.25002,34.01345],[136.24869,34.01377],[136.24762,34.01332],[136.24683,34.0143],[136.24233,34.01427],[136.2445,34.01615],[136.24614,34.01572],[136.24771,34.01682],[136.24872,34.01678],[136.25037,34.01719],[136.25115,34.01691],[136.25131,34.01549],[136.25237,34.01442],[136.25418,34.01414],[136.25402,34.0136],[136.25572,34.01242],[136.25616,34.0123],[136.25692,34.01117],[136.25719,34.01088],[136.25733,34.01085],[136.2576,34.01062],[136.25778,34.01051],[136.2578,34.01043],[136.25816,34.01236],[136.25912,34.01257],[136.25964,34.01229],[136.26056,34.01232],[136.26196,34.01183],[136.26156,34.01128],[136.26333,34.01067],[136.26431,34.01163],[136.2662,34.01268],[136.26766,34.01312],[136.26907,34.01373],[136.26972,34.01487],[136.2704,34.0146],[136.27094,34.01554],[136.27184,34.01555],[136.27261,34.01611],[136.27305,34.017],[136.27379,34.01685],[136.27454,34.01735],[136.27621,34.0181],[136.27705,34.01876],[136.27804,34.01852],[136.27851,34.01887],[136.2795,34.01824],[136.28032,34.0187],[136.27984,34.01934],[136.2826,34.0196],[136.28134,34.02065],[136.28128,34.02209],[136.28089,34.02268],[136.2793,34.02356],[136.27812,34.02393],[136.27689,34.02517],[136.27537,34.0258],[136.27371,34.02624],[136.27212,34.02745],[136.27215,34.02806],[136.2714,34.02824],[136.27109,34.02889],[136.27027,34.02979],[136.26904,34.03032],[136.26822,34.03013],[136.26698,34.03011],[136.26588,34.03068],[136.26587,34.03167],[136.26327,34.03194],[136.26188,34.03186],[136.26067,34.03205],[136.26049,34.03238],[136.25918,34.03273],[136.25784,34.03247],[136.25652,34.03376],[136.25604,34.03394],[136.25644,34.03467],[136.25549,34.03612],[136.2552,34.03625],[136.25504,34.03637],[136.25365,34.03578],[136.25222,34.03622],[136.25162,34.03716],[136.25094,34.03779],[136.25023,34.03803],[136.24877,34.03775],[136.24837,34.03826],[136.24682,34.0378],[136.2466,34.03768],[136.24639,34.03793],[136.24603,34.03794],[136.24537,34.03815],[136.24502,34.03795],[136.24436,34.03845],[136.24414,34.03918],[136.24417,34.04038],[136.24542,34.04189],[136.24533,34.04282],[136.24497,34.04311],[136.24537,34.04476],[136.24496,34.04571],[136.24448,34.04764],[136.24381,34.04865],[136.24336,34.04982],[136.24367,34.05128],[136.24434,34.05238],[136.24508,34.05242],[136.24424,34.0541],[136.24419,34.05506],[136.2446,34.05582],[136.24432,34.05594],[136.24424,34.05623],[136.2438,34.05664],[136.24335,34.05747],[136.24303,34.0587],[136.24323,34.05974],[136.24385,34.06009],[136.24431,34.06012],[136.24524,34.06022],[136.24583,34.0607],[136.24673,34.06038],[136.24827,34.06079],[136.24864,34.0602],[136.2501,34.05951],[136.25048,34.06033],[136.2528,34.06124],[136.25281,34.06155],[136.25116,34.06157],[136.25043,34.06208],[136.24917,34.06218],[136.24901,34.06346],[136.24787,34.06388],[136.24675,34.06342],[136.24563,34.06389],[136.24493,34.0631],[136.2443,34.06324],[136.24376,34.06538],[136.24285,34.06542],[136.2425,34.06409],[136.24157,34.06356],[136.24015,34.06413],[136.23978,34.06382],[136.23844,34.06402],[136.23735,34.06503],[136.23697,34.06465],[136.23476,34.06392],[136.23363,34.06426],[136.23283,34.06549],[136.23187,34.06513],[136.23041,34.06506],[136.22977,34.06524],[136.22845,34.06515],[136.22762,34.06564],[136.22657,34.06534],[136.22695,34.06455],[136.22677,34.06412],[136.22571,34.06358],[136.22349,34.06322],[136.22282,34.06344],[136.22145,34.06299],[136.22084,34.06341],[136.21871,34.06371],[136.21682,34.06331],[136.21516,34.06432],[136.21392,34.06424],[136.21326,34.06382],[136.21187,34.06348],[136.211,34.06303],[136.20906,34.06427],[136.21092,34.0655],[136.20768,34.06944],[136.20547,34.06864],[136.20484,34.06929],[136.2046,34.07054],[136.20318,34.07137],[136.2028,34.07209],[136.20179,34.07209],[136.20163,34.07375],[136.2028,34.07383],[136.20266,34.07515],[136.20095,34.07533],[136.20088,34.07595],[136.20161,34.07698],[136.20305,34.07706],[136.20368,34.07734],[136.20525,34.07722],[136.20653,34.07743],[136.20713,34.07665],[136.20792,34.07749],[136.20957,34.07785],[136.21076,34.07771],[136.21156,34.07829],[136.21171,34.07877],[136.2133,34.07966],[136.21452,34.08003],[136.21549,34.08004],[136.21687,34.07907],[136.21836,34.07959],[136.21957,34.08045],[136.22031,34.08032],[136.2222,34.08167],[136.22339,34.08186],[136.22468,34.08116],[136.22563,34.08108],[136.22548,34.08258],[136.22579,34.0833],[136.22725,34.08416],[136.22739,34.08502],[136.22867,34.08592],[136.23146,34.0859],[136.2323,34.08555],[136.23317,34.08587],[136.2345,34.08577],[136.23566,34.08623],[136.23643,34.08678],[136.23357,34.08811],[136.23133,34.08931],[136.23023,34.08952],[136.22918,34.09],[136.22887,34.09048],[136.22737,34.09119],[136.22723,34.09153],[136.22596,34.09221],[136.22481,34.09203],[136.22393,34.09157],[136.22321,34.09167],[136.22223,34.09138],[136.22028,34.09176],[136.21811,34.09196],[136.21674,34.09239],[136.21609,34.09297],[136.21532,34.09316],[136.21223,34.09193],[136.21099,34.09198],[136.21019,34.09145],[136.20799,34.0913],[136.20653,34.0905],[136.2057,34.09072],[136.20463,34.09168],[136.20387,34.09196],[136.20261,34.0918],[136.20118,34.09191],[136.20032,34.09248],[136.19934,34.09249],[136.19797,34.0916],[136.19693,34.09127],[136.19471,34.0913],[136.19315,34.09076],[136.19111,34.0908],[136.18984,34.09],[136.18821,34.0914],[136.18691,34.09168],[136.18523,34.09261],[136.18412,34.09369],[136.18382,34.09498],[136.18349,34.095],[136.18088,34.09292],[136.17962,34.09232],[136.17843,34.09221],[136.17765,34.09168],[136.17667,34.09165],[136.17539,34.09117],[136.17458,34.09055],[136.17325,34.09016],[136.17178,34.09057],[136.17077,34.09162],[136.16977,34.09198],[136.16797,34.09207],[136.16739,34.09449],[136.1679,34.09502],[136.16847,34.09627],[136.1683,34.09758],[136.16771,34.0992],[136.16805,34.09998],[136.16768,34.10043],[136.16752,34.10188],[136.16687,34.10236],[136.16665,34.1033],[136.16604,34.10437],[136.16606,34.10514],[136.16467,34.10657],[136.16485,34.10744],[136.16466,34.10826],[136.16346,34.10883],[136.16234,34.10962],[136.16108,34.10965],[136.1593,34.1095],[136.15713,34.1107],[136.15549,34.11148],[136.15454,34.11241],[136.15355,34.11294],[136.15314,34.11356],[136.15095,34.11436],[136.14985,34.11581],[136.14904,34.11597],[136.14801,34.11816],[136.14749,34.1185],[136.14682,34.11964],[136.14565,34.12023],[136.14498,34.12009],[136.1444,34.11956],[136.14222,34.11926],[136.14096,34.11892],[136.13923,34.11887],[136.13752,34.11902],[136.13683,34.11877],[136.13559,34.11896],[136.13492,34.1193],[136.13408,34.11904],[136.13281,34.119],[136.13129,34.11765],[136.12902,34.1171],[136.12863,34.11675],[136.1275,34.11723],[136.12582,34.11752],[136.12492,34.11792],[136.1234,34.11778],[136.12245,34.11737],[136.12022,34.11728],[136.11967,34.1177],[136.11867,34.118],[136.11754,34.11802],[136.11517,34.1173],[136.11291,34.11572],[136.1117,34.11591],[136.10916,34.11519],[136.10814,34.1154],[136.10524,34.11431],[136.10451,34.11416],[136.10441,34.1134],[136.10508,34.11108],[136.10547,34.11063],[136.10568,34.10954],[136.10528,34.10916],[136.10407,34.10875],[136.10376,34.10764],[136.1043,34.1059],[136.10509,34.10508],[136.10645,34.10399],[136.10787,34.10309],[136.10464,34.10005],[136.1041,34.09984],[136.10345,34.09898],[136.10342,34.09819],[136.10383,34.09746],[136.10236,34.09603],[136.10336,34.09563],[136.10367,34.09514],[136.10328,34.09441],[136.10422,34.09371],[136.10573,34.09336],[136.10652,34.09237],[136.10688,34.09148],[136.10793,34.09127],[136.10931,34.09001],[136.11015,34.08877],[136.11183,34.08789],[136.11276,34.08667],[136.1144,34.08596],[136.11481,34.08547],[136.11722,34.08422],[136.11768,34.08292],[136.11865,34.08232],[136.11599,34.08176],[136.11465,34.08244],[136.11342,34.08221],[136.1122,34.08225],[136.1104,34.08307],[136.10832,34.08372],[136.10696,34.08345],[136.10548,34.08385],[136.10338,34.08391],[136.10211,34.08446],[136.10066,34.08573],[136.09928,34.08638],[136.09835,34.08636],[136.09775,34.08674],[136.09722,34.08643],[136.0961,34.08635],[136.09438,34.08461],[136.09415,34.0839],[136.09331,34.08288],[136.09398,34.0817],[136.09659,34.07906],[136.09683,34.0786],[136.09696,34.07686],[136.09679,34.07606],[136.09565,34.07575],[136.09482,34.07489],[136.09485,34.07416],[136.09447,34.07358],[136.0942,34.07198],[136.09477,34.07082],[136.09469,34.06973],[136.09419,34.06897],[136.09439,34.06841],[136.09392,34.06661],[136.09337,34.066],[136.09422,34.06522],[136.0945,34.06406],[136.0951,34.06365],[136.09456,34.06316],[136.09478,34.06236],[136.0953,34.06188],[136.09688,34.05903],[136.09708,34.05741],[136.09585,34.05476],[136.09442,34.05203],[136.0927,34.04935],[136.09208,34.04857],[136.09223,34.04817],[136.09417,34.04753],[136.09576,34.04632],[136.09659,34.04553],[136.09782,34.04482],[136.09851,34.04336],[136.09862,34.04244],[136.09946,34.04065],[136.09994,34.0401],[136.10121,34.0394],[136.10138,34.03876],[136.10105,34.03714],[136.10272,34.03476],[136.10241,34.03379],[136.10244,34.03256],[136.10289,34.03069],[136.1033,34.02969],[136.10437,34.02806],[136.10447,34.02696],[136.10414,34.02587],[136.10343,34.0261],[136.10148,34.02597],[136.10106,34.02576],[136.10337,34.02446],[136.10401,34.02363],[136.10513,34.02326],[136.10665,34.02347],[136.10736,34.02337],[136.11102,34.02343],[136.11207,34.02296],[136.11362,34.02345],[136.1146,34.0233],[136.11712,34.02374],[136.1183,34.02355],[136.11852,34.02464],[136.11967,34.02554],[136.1214,34.02643],[136.12295,34.02683],[136.12371,34.02774],[136.1244,34.02784],[136.12532,34.02743],[136.12669,34.02653],[136.12868,34.02655],[136.12987,34.02598],[136.13258,34.02691],[136.1344,34.02672],[136.13517,34.02694],[136.13799,34.02658],[136.13875,34.02698],[136.13973,34.02701],[136.14089,34.02649],[136.14166,34.02668],[136.1434,34.02654],[136.14615,34.02548],[136.14809,34.0253],[136.14886,34.02461],[136.1491,34.02339],[136.14997,34.02227],[136.15098,34.02142],[136.15172,34.02022],[136.15153,34.01962],[136.15143,34.01736],[136.15158,34.01575],[136.15107,34.01487],[136.15094,34.01347],[136.14911,34.01316],[136.14807,34.01262],[136.14687,34.01141],[136.14604,34.01038],[136.14555,34.01009],[136.14323,34.01012],[136.14221,34.01058],[136.14019,34.01005],[136.13894,34.00931],[136.13902,34.00872],[136.13738,34.00847],[136.13658,34.00781],[136.13695,34.00683],[136.13698,34.00592],[136.13648,34.00414],[136.13663,34.00177],[136.13686,34.00068],[136.1368,33.99972],[136.13556,33.99887],[136.13445,33.99753],[136.13336,33.9968],[136.13224,33.99632],[136.13164,33.99563],[136.13163,33.99504],[136.13238,33.99378],[136.13227,33.99269],[136.13268,33.99064],[136.13248,33.9896],[136.13373,33.98747],[136.13354,33.9857],[136.13449,33.98492],[136.13558,33.98459],[136.13625,33.98324],[136.13629,33.9825],[136.136,33.98136],[136.13607,33.98053],[136.13666,33.97873],[136.13583,33.97775],[136.13576,33.97664],[136.13609,33.97584],[136.13598,33.97405],[136.13819,33.97074],[136.13879,33.9691],[136.13871,33.96786],[136.13896,33.96604],[136.1395,33.96531],[136.14103,33.96409],[136.14136,33.96357],[136.14341,33.96332],[136.14476,33.96296],[136.14652,33.96213],[136.14784,33.96062],[136.1493,33.95955],[136.14977,33.95887],[136.15071,33.95841],[136.15112,33.9578],[136.15334,33.95728],[136.15517,33.95737],[136.15623,33.95862],[136.1576,33.95827],[136.16091,33.95807],[136.16221,33.95787],[136.1638,33.95743],[136.16559,33.95764],[136.16777,33.95713],[136.16856,33.95923],[136.16849,33.95975],[136.16924,33.96148],[136.16956,33.96293],[136.17065,33.96381],[136.17159,33.96503],[136.17347,33.96551],[136.17444,33.96629],[136.17554,33.96609],[136.17655,33.96662],[136.17728,33.96597],[136.17841,33.9654],[136.18059,33.96481],[136.18119,33.9648],[136.18123,33.96349],[136.18152,33.96253],[136.18251,33.96159],[136.18295,33.96077],[136.1832,33.95934],[136.18452,33.95876],[136.18487,33.95824],[136.18593,33.95814],[136.18718,33.95751],[136.18873,33.95703],[136.18955,33.95734],[136.18995,33.9571],[136.19001,33.95605],[136.19089,33.95476],[136.19136,33.9544],[136.19243,33.95428],[136.19325,33.95393],[136.19456,33.95472],[136.19488,33.95553],[136.19674,33.95537],[136.19772,33.95546],[136.19899,33.95506],[136.2002,33.95489],[136.20072,33.95449],[136.20253,33.95364],[136.20366,33.95376],[136.20509,33.95327],[136.20629,33.95217],[136.20762,33.95243],[136.2094,33.95409],[136.20967,33.95488],[136.21084,33.95523],[136.21186,33.95588],[136.2129,33.95595],[136.21432,33.95551],[136.21488,33.95512],[136.21684,33.95478],[136.21879,33.95463],[136.21891,33.954],[136.2185,33.95296],[136.21863,33.95248],[136.22026,33.95163],[136.22175,33.9512],[136.22245,33.95067],[136.22236,33.94991],[136.22384,33.94888],[136.22484,33.94862],[136.22552,33.94788],[136.22901,33.94719],[136.22994,33.94749],[136.23196,33.94761]]],[[[136.25433,34.08814],[136.25474,34.08838],[136.25628,34.08849],[136.25649,34.08793],[136.25756,34.08777],[136.25917,34.08841],[136.2598,34.08899],[136.26067,34.09019],[136.2605,34.09026],[136.26037,34.09042],[136.26025,34.09125],[136.25967,34.09242],[136.25958,34.09335],[136.25979,34.09398],[136.25969,34.09513],[136.25942,34.09567],[136.2597,34.09658],[136.25874,34.09804],[136.25913,34.09869],[136.26002,34.09937],[136.26128,34.09993],[136.26229,34.10105],[136.26461,34.10176],[136.26672,34.10276],[136.26835,34.10226],[136.26956,34.10134],[136.27119,34.10084],[136.27122,34.10203],[136.27175,34.10229],[136.27365,34.10221],[136.27367,34.1018],[136.27266,34.10161],[136.27289,34.09993],[136.27224,34.09924],[136.27089,34.09866],[136.26802,34.09868],[136.26793,34.09961],[136.26684,34.10004],[136.26544,34.09873],[136.26475,34.09755],[136.26486,34.09712],[136.26631,34.09599],[136.26646,34.09534],[136.26542,34.09385],[136.26605,34.09301],[136.26649,34.09292],[136.26669,34.09257],[136.26764,34.0922],[136.26892,34.09133],[136.26965,34.0913],[136.27056,34.08999],[136.27039,34.0889],[136.26934,34.08836],[136.26921,34.08796],[136.26847,34.08762],[136.26992,34.08699],[136.27195,34.08723],[136.27244,34.08556],[136.27211,34.08457],[136.27119,34.08371],[136.26906,34.08335],[136.26698,34.08229],[136.26707,34.08159],[136.26806,34.08153],[136.27001,34.0818],[136.2701,34.08223],[136.27068,34.08267],[136.27155,34.08271],[136.27292,34.0831],[136.27367,34.08283],[136.27445,34.08363],[136.27564,34.08451],[136.27671,34.0847],[136.27751,34.08527],[136.27838,34.08518],[136.27959,34.08569],[136.2799,34.08629],[136.27921,34.08678],[136.27901,34.08745],[136.28044,34.08833],[136.28025,34.08876],[136.28116,34.08904],[136.28141,34.08962],[136.28076,34.08984],[136.28058,34.09069],[136.27983,34.09155],[136.27995,34.09229],[136.27966,34.09326],[136.28011,34.09428],[136.28083,34.09479],[136.28219,34.09516],[136.28359,34.095],[136.28422,34.0944],[136.28634,34.09381],[136.28761,34.09386],[136.28872,34.0943],[136.28911,34.09608],[136.28981,34.09688],[136.29068,34.09703],[136.29284,34.09671],[136.29367,34.09613],[136.29432,34.09528],[136.29431,34.09483],[136.29358,34.09417],[136.29328,34.09245],[136.29338,34.09124],[136.29305,34.09034],[136.29178,34.08864],[136.29247,34.08831],[136.29372,34.08871],[136.29466,34.0885],[136.29548,34.08778],[136.29496,34.08728],[136.2948,34.08642],[136.29524,34.08612],[136.29609,34.08653],[136.29692,34.08621],[136.29699,34.08733],[136.29647,34.08823],[136.29656,34.08875],[136.29762,34.08997],[136.29831,34.0905],[136.2984,34.09153],[136.29899,34.09183],[136.30001,34.09407],[136.29987,34.09464],[136.30011,34.09523],[136.30098,34.09545],[136.30117,34.09589],[136.30171,34.0962],[136.30169,34.09674],[136.30245,34.09703],[136.30295,34.09761],[136.30237,34.09884],[136.30141,34.09923],[136.30062,34.10018],[136.29965,34.10182],[136.29926,34.10367],[136.29856,34.10431],[136.29675,34.105],[136.29499,34.10503],[136.29326,34.10608],[136.29316,34.10683],[136.29235,34.1078],[136.29048,34.10737],[136.28937,34.10799],[136.28835,34.10902],[136.28787,34.11046],[136.28632,34.11043],[136.28539,34.11114],[136.28399,34.11173],[136.2828,34.11203],[136.28248,34.11273],[136.28004,34.11327],[136.2789,34.11309],[136.27715,34.11247],[136.27609,34.11233],[136.27573,34.11142],[136.27587,34.11069],[136.27569,34.1098],[136.27511,34.10934],[136.27239,34.10856],[136.27192,34.10806],[136.27094,34.10778],[136.26992,34.10717],[136.26774,34.10678],[136.26673,34.10673],[136.26558,34.10585],[136.26485,34.10552],[136.26362,34.10577],[136.26334,34.10498],[136.26227,34.10425],[136.26028,34.10338],[136.25835,34.10306],[136.25767,34.10179],[136.2564,34.10063],[136.25582,34.10035],[136.25518,34.09931],[136.25473,34.09677],[136.25464,34.09504],[136.25516,34.09387],[136.25505,34.09323],[136.25572,34.0915],[136.25711,34.09069],[136.25759,34.09007],[136.25725,34.08958],[136.25614,34.08894],[136.25523,34.08888],[136.25433,34.08814]]],[[[136.25827,34.05874],[136.25931,34.05857],[136.25953,34.05802],[136.26102,34.05762],[136.26166,34.05783],[136.26181,34.05808],[136.26221,34.05793],[136.26261,34.05816],[136.26291,34.0581],[136.26345,34.05843],[136.26263,34.05925],[136.2628,34.05996],[136.26233,34.0609],[136.25991,34.0613],[136.25863,34.06115],[136.25702,34.06061],[136.25636,34.06048],[136.256,34.06047],[136.25699,34.05963],[136.25793,34.05927],[136.25827,34.05874]]],[[[136.25314,34.07306],[136.25243,34.07304],[136.25195,34.0726],[136.25248,34.07193],[136.25379,34.07116],[136.25402,34.07086],[136.25392,34.07054],[136.25449,34.07012],[136.25449,34.06959],[136.25533,34.06895],[136.25618,34.06957],[136.25676,34.0703],[136.25403,34.07207],[136.25348,34.07258],[136.25314,34.07306]]]]}},
  {"type":"Feature","properties":{"name":"亀山市","code":"24210"},"geometry":{"type":"MultiPolygon","coordinates":[[[[136.48795,34.80231],[136.4878,34.8026],[136.48817,34.80382],[136.48859,34.80433],[136.48846,34.80485],[136.48926,34.80566],[136.4896,34.80649],[136.49127,34.80739],[136.49223,34.80873],[136.49275,34.81009],[136.49209,34.81131],[136.49224,34.81155],[136.49141,34.81248],[136.49011,34.81202],[136.48833,34.8138],[136.48841,34.81494],[136.4888,34.81571],[136.49035,34.81661],[136.49061,34.81745],[136.49047,34.8182],[136.49172,34.82046],[136.49189,34.82308],[136.49108,34.82439],[136.49118,34.82566],[136.4909,34.82632],[136.48959,34.82811],[136.48907,34.82977],[136.48769,34.83156],[136.48548,34.83293],[136.48601,34.83461],[136.48683,34.83457],[136.48842,34.83523],[136.48893,34.83461],[136.48866,34.8335],[136.489,34.8327],[136.48985,34.83256],[136.48954,34.83346],[136.48965,34.8344],[136.48924,34.83548],[136.48864,34.8359],[136.4875,34.83562],[136.48656,34.83594],[136.48526,34.83579],[136.48516,34.83532],[136.4828,34.83613],[136.48282,34.83726],[136.48309,34.83785],[136.48257,34.83878],[136.4829,34.83964],[136.48307,34.84161],[136.48397,34.84257],[136.48494,34.8427],[136.48601,34.84346],[136.48602,34.84461],[136.4865,34.84552],[136.48647,34.8468],[136.48709,34.84734],[136.48731,34.8488],[136.48817,34.85002],[136.48728,34.85072],[136.48943,34.85251],[136.49052,34.85413],[136.49109,34.85628],[136.49173,34.85816],[136.49191,34.85985],[136.49224,34.8612],[136.49311,34.86248],[136.49621,34.86484],[136.49627,34.86571],[136.49564,34.86707],[136.49627,34.86728],[136.49508,34.86869],[136.4943,34.87031],[136.49354,34.87095],[136.49102,34.87065],[136.49014,34.87069],[136.48989,34.87187],[136.48989,34.87284],[136.48925,34.87395],[136.48981,34.87404],[136.4895,34.8751],[136.49084,34.8762],[136.49354,34.87706],[136.49417,34.87703],[136.49464,34.87772],[136.49458,34.87908],[136.49504,34.8806],[136.49477,34.88109],[136.49494,34.88242],[136.49567,34.88501],[136.49568,34.88602],[136.49394,34.88598],[136.49322,34.88782],[136.49555,34.88738],[136.49574,34.88819],[136.49241,34.8889],[136.49327,34.89184],[136.49163,34.89216],[136.49312,34.89707],[136.49426,34.90127],[136.49236,34.90162],[136.49218,34.90115],[136.49026,34.90152],[136.49009,34.9011],[136.48812,34.90154],[136.48838,34.90268],[136.4861,34.90317],[136.48697,34.90411],[136.48706,34.90517],[136.48454,34.90554],[136.48438,34.90581],[136.48483,34.90729],[136.48453,34.90847],[136.48567,34.91037],[136.48557,34.9108],[136.48218,34.91035],[136.48129,34.90919],[136.48095,34.90769],[136.48008,34.90583],[136.47861,34.90554],[136.47763,34.90626],[136.47711,34.9052],[136.47663,34.90498],[136.47327,34.90563],[136.47168,34.90556],[136.47051,34.90523],[136.4689,34.90519],[136.46746,34.9049],[136.46616,34.90421],[136.46371,34.90462],[136.46159,34.90411],[136.46073,34.90421],[136.46003,34.90472],[136.45904,34.90466],[136.45769,34.90484],[136.45563,34.90422],[136.45489,34.9058],[136.45406,34.90599],[136.45122,34.90597],[136.44962,34.9066],[136.44788,34.90781],[136.4476,34.90852],[136.44668,34.90882],[136.44611,34.90982],[136.44505,34.91013],[136.44466,34.91075],[136.44455,34.91185],[136.4448,34.91225],[136.44427,34.91357],[136.44259,34.91451],[136.44144,34.91471],[136.44116,34.91519],[136.44134,34.91609],[136.4406,34.91664],[136.44007,34.91605],[136.43792,34.91583],[136.43706,34.91606],[136.43534,34.91609],[136.435,34.91723],[136.43539,34.91781],[136.43461,34.91872],[136.43325,34.91949],[136.43291,34.92028],[136.43117,34.92033],[136.43042,34.92253],[136.43102,34.92371],[136.43123,34.92521],[136.4305,34.92677],[136.4308,34.92838],[136.43131,34.92943],[136.43104,34.92965],[136.43132,34.93106],[136.43061,34.9313],[136.42867,34.93136],[136.42776,34.93202],[136.42682,34.93222],[136.42665,34.9334],[136.42537,34.93377],[136.42482,34.93443],[136.42552,34.93557],[136.42368,34.93784],[136.423,34.93819],[136.42296,34.93948],[136.42137,34.9415],[136.42032,34.94147],[136.42004,34.94209],[136.42018,34.94386],[136.41864,34.94576],[136.41776,34.94591],[136.41718,34.94672],[136.4157,34.9469],[136.41461,34.94772],[136.41298,34.94837],[136.41192,34.94832],[136.41065,34.94759],[136.40864,34.94822],[136.40751,34.94944],[136.40592,34.94973],[136.40514,34.95024],[136.40414,34.95014],[136.4034,34.94976],[136.40256,34.94978],[136.40125,34.94914],[136.40063,34.94975],[136.3997,34.94971],[136.3994,34.95021],[136.39854,34.95075],[136.39765,34.95085],[136.39629,34.95158],[136.39526,34.95188],[136.39479,34.95142],[136.39316,34.95106],[136.39202,34.95118],[136.39039,34.95168],[136.39017,34.95228],[136.38953,34.95251],[136.38859,34.95235],[136.38771,34.95308],[136.38627,34.95254],[136.38578,34.95268],[136.38464,34.95168],[136.38419,34.95065],[136.3829,34.95002],[136.38193,34.94876],[136.38056,34.94806],[136.37883,34.94601],[136.37731,34.94557],[136.37524,34.94387],[136.37406,34.94337],[136.37322,34.94248],[136.37269,34.94226],[136.37405,34.94062],[136.37535,34.93989],[136.37527,34.93879],[136.37491,34.93849],[136.37492,34.93765],[136.37386,34.93615],[136.37297,34.93544],[136.37284,34.93498],[136.3719,34.93459],[136.37176,34.93377],[136.37183,34.93155],[136.37154,34.93087],[136.37179,34.93027],[136.37254,34.92984],[136.37296,34.92851],[136.37169,34.9276],[136.37377,34.9254],[136.37502,34.92494],[136.37524,34.92451],[136.37391,34.92378],[136.37265,34.92358],[136.37076,34.92349],[136.36928,34.92292],[136.36781,34.9219],[136.36779,34.92132],[136.36724,34.92058],[136.36736,34.91979],[136.36803,34.91929],[136.36782,34.91811],[136.36738,34.91751],[136.36727,34.91663],[136.36785,34.91634],[136.3685,34.91497],[136.36673,34.9134],[136.36515,34.91269],[136.36472,34.91122],[136.36508,34.909],[136.36597,34.90834],[136.36578,34.90641],[136.3661,34.90501],[136.36492,34.90486],[136.36334,34.90505],[136.36208,34.90495],[136.36138,34.90445],[136.36019,34.90412],[136.35998,34.90325],[136.35921,34.90204],[136.35833,34.90116],[136.35736,34.90048],[136.35544,34.89975],[136.35404,34.89986],[136.35296,34.89952],[136.35033,34.89897],[136.3495,34.89706],[136.34829,34.89585],[136.34605,34.89473],[136.34559,34.8952],[136.34374,34.89575],[136.34293,34.89561],[136.34134,34.89584],[136.33941,34.89547],[136.33832,34.89467],[136.33543,34.89329],[136.33249,34.89251],[136.33073,34.89243],[136.32818,34.88994],[136.32634,34.88864],[136.32549,34.88881],[136.32422,34.88992],[136.32219,34.88939],[136.32079,34.88982],[136.31906,34.88957],[136.31706,34.88817],[136.31533,34.88743],[136.31323,34.88697],[136.31304,34.88593],[136.31371,34.88402],[136.31373,34.88315],[136.31339,34.88248],[136.31351,34.88158],[136.31292,34.88063],[136.31143,34.8801],[136.31037,34.88004],[136.31007,34.87904],[136.30846,34.8784],[136.30785,34.87752],[136.30632,34.87641],[136.30502,34.87518],[136.30375,34.87484],[136.30339,34.87496],[136.30234,34.87628],[136.30177,34.87642],[136.3006,34.87608],[136.30002,34.87561],[136.29877,34.87537],[136.29782,34.87342],[136.2971,34.87276],[136.29458,34.87188],[136.29429,34.8714],[136.29272,34.8703],[136.29206,34.87067],[136.28906,34.86957],[136.28759,34.87014],[136.28645,34.87008],[136.28524,34.87049],[136.28372,34.87029],[136.28357,34.86906],[136.28309,34.86822],[136.28312,34.8677],[136.28213,34.8666],[136.28094,34.86576],[136.28138,34.86431],[136.2806,34.86363],[136.28033,34.86271],[136.27979,34.86233],[136.2789,34.86103],[136.27773,34.8607],[136.27771,34.85946],[136.27818,34.85858],[136.27888,34.85823],[136.27989,34.85692],[136.28079,34.85652],[136.28288,34.85668],[136.28436,34.85567],[136.28399,34.85431],[136.28447,34.8527],[136.28533,34.85159],[136.28562,34.85031],[136.28681,34.84729],[136.28766,34.8459],[136.2876,34.84533],[136.28973,34.84469],[136.28988,34.84091],[136.28918,34.84032],[136.28735,34.83941],[136.28678,34.83859],[136.28575,34.83758],[136.28446,34.83794],[136.28363,34.83776],[136.28253,34.83652],[136.28101,34.83645],[136.28043,34.83623],[136.27999,34.8352],[136.27902,34.83524],[136.27846,34.83493],[136.27826,34.83364],[136.27749,34.83278],[136.27782,34.83171],[136.27772,34.831],[136.27689,34.83027],[136.27684,34.82888],[136.27771,34.82745],[136.27899,34.82663],[136.27853,34.82553],[136.2786,34.82454],[136.27772,34.8235],[136.27798,34.8228],[136.27765,34.82179],[136.27677,34.82116],[136.27558,34.82111],[136.27555,34.82034],[136.27493,34.81945],[136.27319,34.81904],[136.27088,34.81948],[136.26997,34.81871],[136.26713,34.81859],[136.26733,34.81765],[136.26715,34.81715],[136.26755,34.81582],[136.26797,34.81566],[136.26967,34.81579],[136.27207,34.81538],[136.27208,34.8142],[136.2729,34.81383],[136.27245,34.81263],[136.27358,34.81206],[136.27409,34.81241],[136.27485,34.81196],[136.27563,34.81233],[136.27652,34.81187],[136.27627,34.8112],[136.27743,34.81062],[136.27854,34.8104],[136.28046,34.81057],[136.28164,34.81054],[136.28181,34.81109],[136.28262,34.81192],[136.28372,34.81232],[136.28489,34.81221],[136.28743,34.81254],[136.2889,34.81243],[136.28954,34.8117],[136.29218,34.81208],[136.29303,34.81278],[136.29381,34.81292],[136.29499,34.81209],[136.29559,34.81211],[136.29785,34.81089],[136.30066,34.81047],[136.30122,34.80965],[136.30201,34.80956],[136.3029,34.80988],[136.3042,34.80846],[136.30496,34.80806],[136.30657,34.80834],[136.3088,34.80779],[136.30923,34.80732],[136.30995,34.80748],[136.31224,34.80685],[136.31307,34.80765],[136.31287,34.80837],[136.3132,34.80913],[136.31295,34.80956],[136.31292,34.81065],[136.31405,34.81268],[136.31563,34.81253],[136.31675,34.8119],[136.31786,34.81165],[136.31996,34.81215],[136.3207,34.81191],[136.32228,34.81226],[136.32276,34.81318],[136.32243,34.8146],[136.32294,34.81533],[136.32258,34.81583],[136.32331,34.8173],[136.3227,34.81915],[136.32353,34.82003],[136.32508,34.82087],[136.32623,34.82202],[136.32712,34.82043],[136.32775,34.82019],[136.32848,34.82035],[136.32892,34.81983],[136.32985,34.81961],[136.3308,34.81906],[136.33227,34.81902],[136.33284,34.81926],[136.33382,34.81823],[136.33427,34.81819],[136.33564,34.81912],[136.33722,34.81971],[136.33797,34.8192],[136.33894,34.81945],[136.34043,34.81893],[136.34165,34.81909],[136.34227,34.81863],[136.34334,34.8184],[136.3443,34.81896],[136.3456,34.81899],[136.34592,34.81875],[136.34715,34.81918],[136.34849,34.81942],[136.34943,34.82045],[136.35023,34.8201],[136.35124,34.82061],[136.35245,34.82094],[136.35319,34.82145],[136.35471,34.82113],[136.35658,34.82148],[136.35926,34.82263],[136.36089,34.82266],[136.36156,34.82245],[136.36328,34.82255],[136.36487,34.82291],[136.36584,34.8226],[136.36581,34.82168],[136.36657,34.82104],[136.36793,34.82087],[136.36838,34.82049],[136.36945,34.8205],[136.37111,34.81967],[136.37552,34.82052],[136.37572,34.82155],[136.37738,34.82246],[136.37831,34.82251],[136.37965,34.82398],[136.37978,34.82504],[136.3806,34.82574],[136.38121,34.82697],[136.38135,34.82789],[136.38203,34.82832],[136.383,34.82854],[136.38384,34.82921],[136.38413,34.83016],[136.38584,34.83145],[136.38606,34.83192],[136.38713,34.83288],[136.3868,34.83383],[136.3885,34.83475],[136.3889,34.83581],[136.38988,34.83576],[136.39061,34.83513],[136.3926,34.83558],[136.39361,34.83594],[136.39433,34.83545],[136.39502,34.83599],[136.39682,34.8356],[136.39819,34.83672],[136.4,34.83672],[136.40165,34.83696],[136.40297,34.83744],[136.40417,34.8382],[136.40366,34.84064],[136.40265,34.8416],[136.4034,34.84201],[136.40498,34.84221],[136.4057,34.84288],[136.40761,34.84335],[136.41032,34.84344],[136.41066,34.84304],[136.41263,34.84243],[136.41409,34.84237],[136.41557,34.84102],[136.41664,34.84068],[136.41745,34.83965],[136.4188,34.83996],[136.42053,34.84057],[136.42183,34.84119],[136.42227,34.84298],[136.42195,34.84419],[136.4224,34.84448],[136.42322,34.84402],[136.42396,34.84397],[136.42595,34.84287],[136.4267,34.84316],[136.42791,34.84232],[136.42863,34.84226],[136.42883,34.84137],[136.43068,34.84174],[136.43285,34.84118],[136.43366,34.84033],[136.43466,34.83986],[136.43444,34.83917],[136.43468,34.83766],[136.43536,34.837],[136.4355,34.83605],[136.43448,34.83593],[136.43349,34.83554],[136.43475,34.83491],[136.43406,34.83441],[136.43387,34.83224],[136.4344,34.83138],[136.43491,34.83128],[136.4351,34.83051],[136.43571,34.83041],[136.43603,34.82859],[136.43435,34.82791],[136.43485,34.82732],[136.43537,34.82589],[136.43647,34.8254],[136.43693,34.82416],[136.4357,34.8227],[136.43738,34.82134],[136.43788,34.82141],[136.43837,34.82044],[136.43952,34.82105],[136.44078,34.82061],[136.44068,34.8202],[136.44162,34.81982],[136.44223,34.81914],[136.44232,34.81821],[136.44387,34.81836],[136.44689,34.81588],[136.44795,34.8145],[136.44915,34.81465],[136.44964,34.81398],[136.4499,34.81282],[136.4497,34.81203],[136.45023,34.81094],[136.45137,34.81051],[136.45258,34.81092],[136.45317,34.81079],[136.45438,34.81144],[136.45465,34.81251],[136.45463,34.81332],[136.45521,34.8134],[136.45557,34.81273],[136.4568,34.81234],[136.45774,34.81176],[136.45863,34.81205],[136.45879,34.81287],[136.45956,34.81399],[136.46096,34.81489],[136.46145,34.81544],[136.46284,34.81473],[136.46246,34.81405],[136.46126,34.81387],[136.46104,34.81348],[136.46142,34.8127],[136.46275,34.81285],[136.46274,34.81194],[136.46214,34.81131],[136.46251,34.81087],[136.46355,34.81051],[136.46404,34.81094],[136.4641,34.81167],[136.46498,34.81213],[136.46619,34.8122],[136.46681,34.81077],[136.46808,34.81034],[136.46773,34.80979],[136.46616,34.80886],[136.46676,34.80794],[136.46741,34.80836],[136.46767,34.80897],[136.46901,34.80901],[136.46946,34.80996],[136.47038,34.81133],[136.47049,34.81198],[136.47146,34.8122],[136.47203,34.81156],[136.47125,34.8109],[136.47141,34.81004],[136.47197,34.80975],[136.47265,34.80875],[136.47507,34.80983],[136.47644,34.80853],[136.47549,34.8075],[136.47578,34.80685],[136.47751,34.80756],[136.47756,34.80827],[136.47816,34.80889],[136.47875,34.80843],[136.4787,34.80714],[136.47908,34.8067],[136.47869,34.80563],[136.47816,34.80663],[136.47764,34.80579],[136.47732,34.80389],[136.47698,34.80356],[136.47721,34.80272],[136.47841,34.80351],[136.47967,34.80402],[136.47935,34.80457],[136.47938,34.80585],[136.48019,34.8063],[136.48155,34.80628],[136.48199,34.80596],[136.4823,34.80748],[136.48315,34.80682],[136.4834,34.80502],[136.48445,34.80494],[136.48503,34.80436],[136.48577,34.80274],[136.48735,34.80227],[136.48795,34.80231]]]]}},
  {"type":"Feature","properties":{"name":"鳥羽市","code":"24211"},"geometry":{"type":"MultiPolygon","coordinates":[[[[136.78753,34.42334],[136.78854,34.42363],[136.79001,34.4244],[136.79304,34.42432],[136.79382,34.42407],[136.79507,34.42266],[136.79556,34.42233],[136.79748,34.4226],[136.79844,34.42229],[136.79981,34.42237],[136.8012,34.42195],[136.80313,34.42184],[136.80356,34.42167],[136.80433,34.42076],[136.80593,34.41963],[136.80684,34.41799],[136.80751,34.41715],[136.80987,34.41556],[136.81056,34.41533],[136.81203,34.41434],[136.81431,34.41409],[136.8155,34.41293],[136.81822,34.41293],[136.81974,34.41243],[136.82028,34.41202],[136.82004,34.41106],[136.82114,34.40965],[136.82138,34.40846],[136.8226,34.4085],[136.82413,34.40892],[136.82485,34.40754],[136.82589,34.40669],[136.82731,34.40638],[136.82802,34.40649],[136.82912,34.40628],[136.83028,34.40567],[136.83092,34.40453],[136.83051,34.40227],[136.83072,34.40129],[136.83162,34.40074],[136.83279,34.40085],[136.83409,34.40061],[136.83477,34.40009],[136.8354,34.39914],[136.83652,34.39923],[136.83728,34.40011],[136.83991,34.40037],[136.84088,34.40104],[136.84192,34.40066],[136.84293,34.39984],[136.8442,34.39932],[136.84467,34.39978],[136.84407,34.40098],[136.84453,34.40207],[136.84451,34.40313],[136.84561,34.40413],[136.84606,34.40502],[136.84659,34.40536],[136.84644,34.40668],[136.84673,34.40769],[136.84747,34.40783],[136.84881,34.40743],[136.84947,34.40773],[136.85155,34.40789],[136.8534,34.40786],[136.85428,34.40704],[136.85531,34.4051],[136.8567,34.40503],[136.85766,34.40533],[136.85877,34.40517],[136.85947,34.4045],[136.86015,34.40448],[136.86151,34.40513],[136.86388,34.4056],[136.86485,34.40453],[136.86585,34.4031],[136.86762,34.403],[136.86842,34.40213],[136.86836,34.40076],[136.86799,34.40025],[136.86712,34.40031],[136.86652,34.39956],[136.86567,34.39912],[136.86409,34.39926],[136.8629,34.39914],[136.86179,34.39806],[136.86084,34.39767],[136.86066,34.39713],[136.86116,34.39589],[136.86047,34.39453],[136.86041,34.39321],[136.86087,34.39259],[136.86294,34.39406],[136.86521,34.39443],[136.86558,34.39394],[136.8664,34.39371],[136.86606,34.39291],[136.86636,34.39225],[136.86696,34.39211],[136.86816,34.39128],[136.86794,34.38971],[136.869,34.38861],[136.87017,34.38715],[136.87082,34.38757],[136.87165,34.38641],[136.87126,34.3856],[136.87313,34.38472],[136.8734,34.38415],[136.87465,34.38377],[136.87539,34.38333],[136.87662,34.38328],[136.87817,34.38267],[136.87812,34.38226],[136.87888,34.38159],[136.87911,34.38052],[136.88011,34.38048],[136.88042,34.38014],[136.88163,34.38115],[136.88121,34.38305],[136.882,34.38402],[136.88293,34.38447],[136.88304,34.38546],[136.88266,34.38593],[136.88324,34.38702],[136.88295,34.38766],[136.88185,34.38714],[136.88137,34.38758],[136.8802,34.38801],[136.87972,34.38851],[136.88108,34.38863],[136.88154,34.38834],[136.88253,34.38852],[136.88209,34.38904],[136.88226,34.38989],[136.88367,34.38947],[136.88406,34.38846],[136.88525,34.38841],[136.88586,34.38939],[136.88695,34.38975],[136.88809,34.3909],[136.88886,34.38998],[136.88696,34.38916],[136.88625,34.38846],[136.88596,34.38604],[136.88629,34.38541],[136.88596,34.38442],[136.88722,34.38375],[136.88897,34.38526],[136.88942,34.38614],[136.88972,34.38645],[136.88955,34.38683],[136.89009,34.38758],[136.89234,34.3885],[136.89288,34.38926],[136.89739,34.38907],[136.89857,34.38791],[136.89917,34.38691],[136.89862,34.38418],[136.89822,34.38345],[136.89855,34.38236],[136.89832,34.38117],[136.89848,34.38014],[136.89793,34.37974],[136.89801,34.37868],[136.89929,34.37851],[136.90007,34.37888],[136.90045,34.37947],[136.90142,34.38024],[136.90262,34.38051],[136.90303,34.38008],[136.90134,34.37887],[136.90164,34.37827],[136.90023,34.37826],[136.90062,34.37746],[136.90158,34.37759],[136.90199,34.37723],[136.90246,34.37713],[136.90287,34.37691],[136.90378,34.37673],[136.90403,34.37654],[136.90533,34.37641],[136.90713,34.37555],[136.90873,34.37589],[136.90976,34.37575],[136.91,34.37588],[136.91079,34.37608],[136.91172,34.37612],[136.91246,34.37604],[136.91286,34.37757],[136.91339,34.37797],[136.91342,34.37821],[136.91349,34.37836],[136.91358,34.37851],[136.91364,34.37856],[136.91365,34.37866],[136.91301,34.38017],[136.9126,34.38022],[136.91202,34.38116],[136.91207,34.38154],[136.91101,34.38228],[136.9106,34.38214],[136.9092,34.38314],[136.90846,34.38307],[136.90755,34.38417],[136.90696,34.38523],[136.90757,34.3858],[136.90721,34.38667],[136.9078,34.3873],[136.90916,34.38819],[136.91033,34.38751],[136.91114,34.38773],[136.91238,34.38756],[136.91295,34.38725],[136.91337,34.38689],[136.91477,34.38682],[136.91497,34.38727],[136.91353,34.38814],[136.91209,34.38789],[136.91091,34.38827],[136.90973,34.39032],[136.90942,34.3916],[136.90941,34.39275],[136.90988,34.39338],[136.90948,34.39381],[136.90916,34.39455],[136.909,34.39635],[136.90947,34.39847],[136.91085,34.39886],[136.91189,34.40005],[136.91214,34.40098],[136.91305,34.40127],[136.91399,34.40113],[136.91423,34.40141],[136.91513,34.40172],[136.9156,34.40159],[136.91598,34.40215],[136.91531,34.40283],[136.91673,34.40332],[136.9175,34.40314],[136.91766,34.40403],[136.91726,34.40459],[136.91841,34.4057],[136.9172,34.40719],[136.91705,34.40804],[136.91781,34.40945],[136.91878,34.40948],[136.91991,34.41112],[136.92132,34.41135],[136.92166,34.41241],[136.92255,34.41268],[136.92394,34.41196],[136.92539,34.41244],[136.92578,34.41316],[136.92755,34.41277],[136.92832,34.41341],[136.92733,34.4136],[136.92677,34.4147],[136.92505,34.41554],[136.92453,34.41639],[136.9242,34.41838],[136.9243,34.41892],[136.9239,34.4196],[136.92364,34.42107],[136.92195,34.4219],[136.92146,34.42238],[136.92044,34.42265],[136.91961,34.42352],[136.91953,34.42481],[136.91896,34.42587],[136.91888,34.42648],[136.91937,34.4278],[136.91979,34.42836],[136.92079,34.42875],[136.92101,34.42936],[136.92179,34.4298],[136.92277,34.42976],[136.92243,34.43099],[136.92128,34.43224],[136.92132,34.43294],[136.92177,34.43455],[136.92328,34.43569],[136.92237,34.43635],[136.92169,34.43655],[136.91977,34.43826],[136.91972,34.43963],[136.92066,34.44028],[136.92272,34.43997],[136.92263,34.44074],[136.92409,34.44111],[136.92334,34.44198],[136.92402,34.44335],[136.92463,34.44341],[136.92457,34.44417],[136.92333,34.44478],[136.92281,34.44582],[136.92222,34.44548],[136.92169,34.44539],[136.92117,34.4455],[136.92058,34.4451],[136.91936,34.44522],[136.91936,34.44596],[136.91875,34.44702],[136.91949,34.44733],[136.91927,34.44788],[136.91833,34.4475],[136.91752,34.44843],[136.91693,34.44831],[136.91599,34.44881],[136.91581,34.44968],[136.91505,34.45018],[136.91523,34.4512],[136.915,34.4523],[136.91431,34.45264],[136.91383,34.45325],[136.91236,34.45383],[136.91206,34.45443],[136.91131,34.45449],[136.91074,34.45551],[136.91014,34.45483],[136.91053,34.45448],[136.91011,34.45385],[136.91041,34.45269],[136.90909,34.45177],[136.90705,34.4514],[136.90529,34.45169],[136.90487,34.45201],[136.90293,34.4519],[136.90128,34.45235],[136.89955,34.45297],[136.8987,34.4535],[136.89711,34.45369],[136.89598,34.45318],[136.8959,34.45285],[136.89474,34.45255],[136.89301,34.45158],[136.89289,34.45058],[136.89527,34.44909],[136.89696,34.44896],[136.89724,34.44916],[136.89867,34.44845],[136.89777,34.44708],[136.89684,34.44699],[136.89655,34.44776],[136.89573,34.44739],[136.89288,34.44716],[136.89285,34.4475],[136.89185,34.44815],[136.89061,34.44761],[136.89064,34.44634],[136.89144,34.44442],[136.89196,34.44383],[136.89085,34.44317],[136.88968,34.44341],[136.88961,34.44436],[136.88902,34.44447],[136.88868,34.4451],[136.88647,34.44431],[136.88659,34.44343],[136.88527,34.4434],[136.88453,34.4421],[136.88341,34.44107],[136.88291,34.43984],[136.88367,34.43857],[136.88364,34.43792],[136.88294,34.43745],[136.88377,34.43693],[136.88477,34.43778],[136.8861,34.43789],[136.88613,34.43727],[136.88679,34.4369],[136.88786,34.43704],[136.88819,34.43766],[136.88987,34.43659],[136.88982,34.43573],[136.89098,34.43547],[136.89096,34.43491],[136.88984,34.43499],[136.88874,34.4355],[136.88704,34.43572],[136.88672,34.43508],[136.88676,34.4341],[136.88633,34.43337],[136.88475,34.43252],[136.8822,34.43187],[136.88157,34.43151],[136.88125,34.43071],[136.87971,34.43021],[136.87852,34.43035],[136.8771,34.42912],[136.87687,34.42851],[136.8758,34.42874],[136.87613,34.42978],[136.87685,34.43093],[136.87851,34.43177],[136.87931,34.43268],[136.88049,34.43358],[136.88168,34.43378],[136.8834,34.43457],[136.88251,34.43566],[136.88119,34.43697],[136.88135,34.43774],[136.88108,34.43831],[136.87995,34.43846],[136.87852,34.43839],[136.87806,34.43872],[136.87667,34.43812],[136.87574,34.43889],[136.87651,34.43909],[136.87728,34.43978],[136.87796,34.43995],[136.87868,34.4397],[136.87979,34.44004],[136.88079,34.44008],[136.88098,34.44131],[136.88016,34.4418],[136.88102,34.44451],[136.88274,34.44558],[136.88365,34.44565],[136.88417,34.44623],[136.88357,34.44788],[136.88461,34.44752],[136.88426,34.44857],[136.88461,34.44897],[136.88416,34.44966],[136.88277,34.45023],[136.87917,34.45119],[136.87712,34.45043],[136.87605,34.45015],[136.87507,34.45082],[136.87498,34.4514],[136.87578,34.45168],[136.87472,34.45307],[136.87518,34.4545],[136.87648,34.45478],[136.8771,34.45618],[136.87472,34.45575],[136.87391,34.45538],[136.87349,34.4548],[136.87264,34.45459],[136.87206,34.45483],[136.87065,34.45476],[136.86985,34.45508],[136.86913,34.45458],[136.8677,34.45403],[136.86535,34.45457],[136.86593,34.45584],[136.86657,34.45543],[136.86727,34.45541],[136.86812,34.45584],[136.86865,34.45722],[136.87028,34.45707],[136.87221,34.45706],[136.87219,34.45763],[136.8707,34.45754],[136.8698,34.45809],[136.87032,34.45866],[136.87029,34.45919],[136.86934,34.45979],[136.86843,34.45978],[136.86799,34.46043],[136.86815,34.46119],[136.8659,34.46157],[136.86618,34.46021],[136.86541,34.45988],[136.86472,34.46082],[136.8653,34.46158],[136.86479,34.46246],[136.86568,34.4628],[136.86677,34.46273],[136.86781,34.46315],[136.86873,34.46252],[136.86977,34.46244],[136.87097,34.46204],[136.87184,34.46236],[136.8719,34.46356],[136.87235,34.46425],[136.87179,34.46504],[136.87128,34.46725],[136.87157,34.46768],[136.87128,34.4686],[136.87165,34.46906],[136.8727,34.46912],[136.87187,34.46982],[136.87156,34.47025],[136.87158,34.47079],[136.8724,34.47127],[136.87319,34.47116],[136.87369,34.47148],[136.87488,34.47169],[136.87618,34.47288],[136.87727,34.47331],[136.8775,34.47365],[136.87719,34.47446],[136.87665,34.47481],[136.87561,34.47444],[136.87172,34.47392],[136.87071,34.47465],[136.86997,34.47446],[136.86898,34.47472],[136.86777,34.47562],[136.86768,34.47672],[136.86802,34.4775],[136.86784,34.47772],[136.86774,34.47804],[136.86644,34.47831],[136.86624,34.4793],[136.86673,34.47979],[136.86688,34.4805],[136.86656,34.4811],[136.86592,34.48106],[136.86444,34.48054],[136.86335,34.4809],[136.86257,34.48081],[136.8617,34.47999],[136.86129,34.47921],[136.85917,34.47804],[136.85799,34.47793],[136.85595,34.4784],[136.85546,34.47881],[136.85358,34.47922],[136.85308,34.47903],[136.85192,34.47989],[136.85137,34.47978],[136.84731,34.48052],[136.84516,34.48245],[136.84474,34.48316],[136.84534,34.48464],[136.84528,34.48543],[136.84487,34.48635],[136.84525,34.48771],[136.84498,34.48882],[136.84524,34.48968],[136.84547,34.49148],[136.8448,34.49158],[136.84457,34.4897],[136.84321,34.48941],[136.84347,34.48854],[136.8421,34.48825],[136.84162,34.48891],[136.84176,34.4901],[136.8411,34.49058],[136.84223,34.49139],[136.84261,34.49148],[136.84241,34.49244],[136.84085,34.49291],[136.83972,34.49129],[136.83895,34.49155],[136.83872,34.49101],[136.83902,34.49037],[136.83856,34.48961],[136.83744,34.48895],[136.83667,34.48971],[136.83644,34.49041],[136.83474,34.4916],[136.83468,34.49275],[136.83585,34.49415],[136.83712,34.4952],[136.83641,34.49594],[136.83568,34.49591],[136.83529,34.49653],[136.83599,34.49755],[136.83524,34.49827],[136.83451,34.49984],[136.83438,34.50054],[136.83538,34.50068],[136.83524,34.50139],[136.8344,34.50177],[136.83313,34.50151],[136.83443,34.50276],[136.83424,34.50366],[136.83344,34.50379],[136.83248,34.50445],[136.83281,34.50591],[136.83128,34.50621],[136.83028,34.50585],[136.82754,34.50566],[136.82654,34.5052],[136.8245,34.50503],[136.82312,34.50402],[136.82412,34.50396],[136.82567,34.5032],[136.82569,34.50129],[136.82497,34.50053],[136.82595,34.50005],[136.82581,34.49932],[136.82693,34.49915],[136.82732,34.4984],[136.82645,34.49781],[136.8264,34.49707],[136.82706,34.49685],[136.82728,34.49519],[136.82757,34.49469],[136.82722,34.49392],[136.82792,34.49374],[136.82885,34.49276],[136.82836,34.49083],[136.82746,34.49064],[136.82616,34.49116],[136.82582,34.49059],[136.82518,34.49079],[136.82423,34.49054],[136.82402,34.49002],[136.82569,34.4878],[136.82788,34.48746],[136.82842,34.48695],[136.82741,34.48655],[136.82678,34.48597],[136.82617,34.48639],[136.82535,34.4861],[136.82599,34.48522],[136.82521,34.48472],[136.82362,34.48502],[136.82324,34.48584],[136.82339,34.48634],[136.82239,34.48755],[136.82147,34.48728],[136.82184,34.48664],[136.82173,34.48535],[136.82042,34.48449],[136.82026,34.48403],[136.8192,34.48448],[136.81789,34.4842],[136.81755,34.48665],[136.81737,34.48664],[136.81774,34.48419],[136.81613,34.48441],[136.81605,34.4852],[136.81566,34.48449],[136.81476,34.48391],[136.81379,34.48286],[136.81296,34.4824],[136.81103,34.48236],[136.81056,34.4821],[136.80909,34.48201],[136.80735,34.48105],[136.80606,34.48116],[136.80467,34.48041],[136.80386,34.48039],[136.80333,34.47819],[136.80412,34.47769],[136.80487,34.47769],[136.80498,34.47666],[136.80428,34.47607],[136.803,34.47569],[136.80269,34.4753],[136.80282,34.47375],[136.80372,34.4731],[136.80581,34.47326],[136.80632,34.47284],[136.80588,34.47084],[136.80637,34.47042],[136.80599,34.46995],[136.80474,34.46948],[136.8041,34.46876],[136.80351,34.46761],[136.80393,34.46677],[136.80377,34.46576],[136.80281,34.46419],[136.80138,34.46388],[136.80117,34.46323],[136.80112,34.46176],[136.80073,34.46121],[136.80097,34.45961],[136.8005,34.45901],[136.79991,34.45949],[136.79839,34.45906],[136.79713,34.45956],[136.79579,34.45973],[136.79525,34.45952],[136.7942,34.45977],[136.79228,34.45915],[136.79138,34.45777],[136.79074,34.45757],[136.79,34.45797],[136.78872,34.45774],[136.78753,34.45699],[136.7868,34.45577],[136.78567,34.45571],[136.78476,34.45443],[136.78572,34.45326],[136.78588,34.45232],[136.78469,34.45146],[136.78425,34.45084],[136.78328,34.45017],[136.78267,34.44893],[136.78208,34.44698],[136.78155,34.44606],[136.78178,34.4454],[136.78297,34.4436],[136.78285,34.44142],[136.78305,34.4398],[136.78327,34.43938],[136.78299,34.4371],[136.78267,34.43661],[136.78297,34.43528],[136.78271,34.43344],[136.78285,34.43306],[136.78396,34.4323],[136.78447,34.43084],[136.78447,34.4293],[136.78421,34.42842],[136.78454,34.42757],[136.7846,34.42659],[136.78437,34.426],[136.78603,34.4243],[136.78667,34.42412],[136.78753,34.42334]]],[[[136.87447,34.5091],[136.87541,34.5092],[136.87559,34.51009],[136.87557,34.51145],[136.87672,34.51333],[136.87774,34.51468],[136.87927,34.51542],[136.88028,34.51497],[136.88153,34.51539],[136.88222,34.51506],[136.88341,34.515],[136.88371,34.51549],[136.88475,34.51588],[136.88597,34.51608],[136.88647,34.51695],[136.88716,34.51708],[136.88826,34.51935],[136.88952,34.52052],[136.8904,34.52053],[136.89098,34.52091],[136.89172,34.52219],[136.89314,34.52283],[136.89421,34.5231],[136.89569,34.52297],[136.89616,34.52327],[136.8971,34.52313],[136.89708,34.5227],[136.89868,34.52241],[136.89969,34.52245],[136.90031,34.52109],[136.8987,34.51908],[136.89893,34.51856],[136.90052,34.51884],[136.90093,34.5186],[136.90398,34.51957],[136.90436,34.52019],[136.90374,34.52097],[136.90278,34.52105],[136.90213,34.52175],[136.90174,34.52273],[136.90162,34.52388],[136.90135,34.52396],[136.90129,34.52418],[136.90095,34.52448],[136.90115,34.52568],[136.90187,34.52608],[136.90338,34.52747],[136.90453,34.52893],[136.90565,34.52904],[136.90507,34.5298],[136.90456,34.52975],[136.90441,34.52889],[136.9034,34.52765],[136.90228,34.52789],[136.90232,34.5285],[136.90408,34.52952],[136.90225,34.53107],[136.90267,34.53148],[136.90161,34.5328],[136.90235,34.53307],[136.90152,34.53428],[136.90057,34.53431],[136.89966,34.53406],[136.8993,34.53472],[136.90026,34.53603],[136.90026,34.53669],[136.90077,34.53754],[136.89918,34.53806],[136.89886,34.53858],[136.89809,34.5389],[136.89694,34.53809],[136.89682,34.53753],[136.89578,34.53655],[136.89467,34.53624],[136.89441,34.53658],[136.8927,34.53601],[136.89179,34.53444],[136.89124,34.53441],[136.89064,34.53493],[136.88975,34.53428],[136.88934,34.53442],[136.88852,34.53376],[136.88829,34.53307],[136.886,34.53202],[136.88528,34.53224],[136.88454,34.53164],[136.88466,34.53028],[136.88164,34.52977],[136.88141,34.53075],[136.87962,34.53094],[136.87848,34.52992],[136.87693,34.52985],[136.8757,34.52931],[136.87293,34.52926],[136.87142,34.5295],[136.87057,34.52927],[136.8688,34.52932],[136.8661,34.52712],[136.86791,34.52598],[136.86878,34.5264],[136.87062,34.52649],[136.8715,34.527],[136.87069,34.52806],[136.87164,34.52813],[136.87328,34.52735],[136.8747,34.52707],[136.87514,34.52615],[136.87596,34.52611],[136.87726,34.52662],[136.87792,34.52664],[136.8786,34.52723],[136.87946,34.52657],[136.8777,34.52553],[136.87603,34.52417],[136.87555,34.52451],[136.87346,34.52505],[136.87255,34.52509],[136.87171,34.52315],[136.87084,34.52307],[136.87031,34.52156],[136.87173,34.5219],[136.87226,34.52118],[136.87229,34.51993],[136.87187,34.51909],[136.86999,34.51777],[136.86961,34.51779],[136.86759,34.51714],[136.86636,34.51753],[136.86473,34.51748],[136.86398,34.51882],[136.86327,34.51897],[136.86276,34.51864],[136.8586,34.51756],[136.85692,34.51767],[136.85637,34.51739],[136.8569,34.51671],[136.85599,34.51572],[136.85536,34.51548],[136.85462,34.51588],[136.85494,34.51635],[136.85398,34.51659],[136.85291,34.51641],[136.85212,34.51548],[136.85272,34.51439],[136.85173,34.51359],[136.85202,34.51323],[136.85115,34.51242],[136.8507,34.51295],[136.84941,34.51252],[136.84949,34.51208],[136.84879,34.51155],[136.84802,34.5114],[136.84776,34.51015],[136.84727,34.50965],[136.84694,34.5084],[136.84704,34.50773],[136.84808,34.50777],[136.84928,34.50833],[136.85138,34.50739],[136.85241,34.5068],[136.85374,34.50643],[136.8543,34.50659],[136.85607,34.50612],[136.85716,34.50628],[136.85821,34.50586],[136.85899,34.50625],[136.86023,34.50656],[136.86094,34.50719],[136.86237,34.50752],[136.86307,34.50733],[136.86566,34.50729],[136.86496,34.50822],[136.86573,34.50969],[136.86627,34.5102],[136.86762,34.51083],[136.86843,34.51095],[136.8698,34.51058],[136.86951,34.50991],[136.87017,34.50965],[136.87112,34.51029],[136.87072,34.51091],[136.87127,34.51134],[136.87277,34.5116],[136.87356,34.51137],[136.87366,34.51074],[136.8745,34.51033],[136.87475,34.50979],[136.87454,34.50969],[136.87447,34.5091]]],[[[136.87404,34.4836],[136.87516,34.48373],[136.8753,34.48471],[136.87584,34.48493],[136.87789,34.48312],[136.8788,34.48311],[136.88083,34.48404],[136.88034,34.48201],[136.87945,34.48164],[136.8797,34.48074],[136.88152,34.48108],[136.88176,34.48156],[136.88271,34.48191],[136.88332,34.48184],[136.88432,34.48126],[136.88529,34.48015],[136.88535,34.47943],[136.88505,34.47876],[136.8842,34.47872],[136.8844,34.47768],[136.88615,34.47644],[136.88669,34.47725],[136.88807,34.47731],[136.88722,34.47887],[136.88733,34.47985],[136.88912,34.48164],[136.88966,34.48257],[136.89086,34.48306],[136.89259,34.4829],[136.89369,34.4837],[136.89557,34.48392],[136.89641,34.48487],[136.89688,34.48572],[136.89824,34.48631],[136.89747,34.48771],[136.8986,34.48834],[136.89881,34.48876],[136.89991,34.4894],[136.90132,34.48993],[136.90314,34.49036],[136.9045,34.49051],[136.9053,34.49019],[136.90516,34.48953],[136.90665,34.4903],[136.90601,34.49123],[136.9058,34.49234],[136.9067,34.49405],[136.90727,34.49478],[136.90845,34.49761],[136.90855,34.49874],[136.90958,34.49966],[136.90929,34.50047],[136.90951,34.50131],[136.90901,34.50183],[136.90856,34.50306],[136.90811,34.50255],[136.90754,34.50237],[136.9058,34.50249],[136.90476,34.5028],[136.90398,34.50321],[136.90282,34.50188],[136.9023,34.50193],[136.90137,34.5012],[136.90062,34.50025],[136.90116,34.49982],[136.90069,34.49929],[136.89972,34.49948],[136.89885,34.49884],[136.89716,34.49826],[136.89655,34.4978],[136.89533,34.49792],[136.89458,34.49767],[136.89396,34.4971],[136.89296,34.49673],[136.89161,34.49667],[136.89046,34.49613],[136.8893,34.49592],[136.88849,34.49605],[136.8869,34.49576],[136.8847,34.49562],[136.88316,34.49529],[136.88251,34.49481],[136.8805,34.49484],[136.87848,34.4944],[136.87662,34.49326],[136.87498,34.49064],[136.87432,34.49017],[136.87355,34.48897],[136.8735,34.48848],[136.87227,34.48678],[136.87213,34.48575],[136.87296,34.48533],[136.87324,34.48449],[136.87313,34.48381],[136.87404,34.4836]]],[[[136.8548,34.48346],[136.85607,34.4825],[136.8566,34.48256],[136.85729,34.48198],[136.85767,34.48256],[136.85727,34.48293],[136.85838,34.48408],[136.85971,34.48472],[136.86036,34.48427],[136.86142,34.48482],[136.86361,34.48552],[136.8639,34.48599],[136.86408,34.48772],[136.86447,34.48869],[136.86573,34.48949],[136.86478,34.48976],[136.86343,34.48929],[136.86236,34.48964],[136.86138,34.49049],[136.86033,34.49035],[136.86005,34.49073],[136.85834,34.49077],[136.85764,34.49046],[136.85629,34.49029],[136.85496,34.4898],[136.85349,34.48879],[136.85237,34.4884],[136.85157,34.4885],[136.85111,34.48739],[136.852,34.48685],[136.85303,34.48587],[136.85384,34.4842],[136.8548,34.48346]]],[[[136.98143,34.54193],[136.98202,34.54055],[136.98292,34.54138],[136.98294,34.54271],[136.9834,34.54351],[136.98384,34.54347],[136.98517,34.54473],[136.98646,34.54572],[136.98767,34.54757],[136.98739,34.54892],[136.9877,34.54958],[136.98641,34.55047],[136.98579,34.5507],[136.98472,34.55039],[136.98261,34.55094],[136.98114,34.55277],[136.98051,34.55206],[136.9812,34.55126],[136.98076,34.55059],[136.97931,34.54985],[136.97722,34.54858],[136.97638,34.54723],[136.97735,34.54575],[136.97812,34.5453],[136.9796,34.5448],[136.98028,34.5441],[136.98085,34.5439],[136.98129,34.54339],[136.98143,34.54193]]],[[[136.83647,34.51662],[136.83807,34.51653],[136.83938,34.51686],[136.83992,34.51674],[136.84064,34.51585],[136.84139,34.51663],[136.84235,34.51652],[136.84288,34.5169],[136.84296,34.51786],[136.84406,34.51844],[136.84512,34.51862],[136.84724,34.51947],[136.84691,34.52017],[136.84612,34.51977],[136.84471,34.5203],[136.84401,34.52022],[136.84311,34.51944],[136.84195,34.51989],[136.84151,34.51914],[136.84055,34.51905],[136.83904,34.51857],[136.83867,34.51828],[136.83676,34.51801],[136.83567,34.51717],[136.83647,34.51662]]],[[[136.90802,34.54143],[136.90942,34.54103],[136.91001,34.54026],[136.91074,34.54068],[136.91162,34.54065],[136.91256,34.53994],[136.91301,34.54009],[136.91285,34.54061],[136.91354,34.54178],[136.91431,34.54257],[136.91583,34.54355],[136.9158,34.5441],[136.91464,34.54363],[136.91181,34.5432],[136.90935,34.54357],[136.90808,34.54354],[136.90759,34.5432],[136.90746,34.5419],[136.90802,34.54143]]],[[[136.89145,34.45659],[136.89367,34.45548],[136.89524,34.45606],[136.8952,34.45752],[136.89564,34.45809],[136.89637,34.4582],[136.89703,34.45876],[136.89748,34.4605],[136.8965,34.46089],[136.8954,34.45976],[136.8954,34.4595],[136.89428,34.45882],[136.89306,34.45848],[136.89221,34.45868],[136.892,34.45802],[136.89225,34.45742],[136.89145,34.45659]]],[[[136.85562,34.52086],[136.85401,34.52018],[136.85259,34.52008],[136.85296,34.51962],[136.85448,34.51934],[136.85542,34.52003],[136.85641,34.52107],[136.85707,34.521],[136.85871,34.52008],[136.85936,34.52024],[136.86033,34.51981],[136.8627,34.52044],[136.86245,34.52078],[136.86022,34.5209],[136.85963,34.5206],[136.85863,34.5211],[136.85725,34.52135],[136.8566,34.52255],[136.85599,34.52228],[136.85562,34.52086]]],[[[136.83562,34.50657],[136.83552,34.5058],[136.83583,34.50541],[136.83522,34.50473],[136.83572,34.50363],[136.83539,34.50289],[136.83607,34.50274],[136.83652,34.50457],[136.83843,34.50622],[136.83726,34.50733],[136.83618,34.50731],[136.83562,34.50657]]],[[[136.88878,34.45294],[136.88765,34.45174],[136.88825,34.4517],[136.88911,34.45085],[136.88993,34.45117],[136.89082,34.45281],[136.88977,34.45361],[136.88877,34.45363],[136.88878,34.45294]]],[[[136.8969,34.49923],[136.89887,34.49981],[136.8993,34.5001],[136.90031,34.50141],[136.8996,34.50144],[136.89931,34.50096],[136.89691,34.49957],[136.8969,34.49923]]],[[[136.84588,34.48335],[136.84623,34.48252],[136.84742,34.48281],[136.84795,34.48336],[136.84693,34.48427],[136.84572,34.48372],[136.84588,34.48335]]]]}},
  {"type":"Feature","properties":{"name":"熊野市","code":"24212"},"geometry":{"type":"MultiPolygon","coordinates":[[[[136.10106,34.02576],[136.10078,34.02456],[136.09993,34.02385],[136.09867,34.02402],[136.09756,34.02397],[136.09722,34.0233],[136.09638,34.02246],[136.09572,34.02284],[136.09396,34.0233],[136.09312,34.02376],[136.0919,34.02523],[136.0905,34.02571],[136.09016,34.02609],[136.08907,34.02615],[136.08909,34.02681],[136.08868,34.02729],[136.08756,34.02718],[136.08737,34.02798],[136.08639,34.02858],[136.08554,34.02879],[136.08362,34.02831],[136.08273,34.02756],[136.08212,34.02756],[136.0808,34.0285],[136.08079,34.029],[136.08013,34.02963],[136.07955,34.02846],[136.07831,34.02863],[136.07841,34.03057],[136.07735,34.03057],[136.07637,34.03099],[136.07631,34.0319],[136.07539,34.03194],[136.07453,34.03232],[136.07333,34.03245],[136.07318,34.03337],[136.07266,34.03386],[136.07101,34.03394],[136.07003,34.03368],[136.06902,34.03367],[136.06827,34.03332],[136.06663,34.03399],[136.06595,34.03362],[136.06475,34.03358],[136.06374,34.0326],[136.06238,34.03228],[136.06179,34.03256],[136.0614,34.03322],[136.06026,34.0333],[136.05939,34.03378],[136.05783,34.03433],[136.05627,34.03435],[136.05575,34.03511],[136.05493,34.03563],[136.05373,34.03522],[136.05321,34.03474],[136.05353,34.03327],[136.05282,34.03214],[136.05197,34.03231],[136.0509,34.03344],[136.04504,34.03537],[136.0441,34.03583],[136.04372,34.03678],[136.04366,34.03779],[136.04422,34.03841],[136.04409,34.03982],[136.04346,34.04068],[136.04195,34.04027],[136.04113,34.03944],[136.04117,34.03711],[136.04036,34.03643],[136.039,34.03652],[136.03829,34.03703],[136.03759,34.03828],[136.03792,34.04043],[136.0375,34.04092],[136.03584,34.03911],[136.03532,34.03809],[136.03396,34.03614],[136.0326,34.03392],[136.03173,34.03187],[136.02947,34.0326],[136.02784,34.03279],[136.02604,34.03444],[136.02514,34.03479],[136.02454,34.03572],[136.02298,34.03652],[136.02156,34.03674],[136.01963,34.03679],[136.01838,34.03583],[136.018,34.03465],[136.01704,34.03352],[136.01695,34.0327],[136.01726,34.03154],[136.01676,34.03078],[136.01659,34.02839],[136.01554,34.02747],[136.01531,34.02575],[136.01496,34.0246],[136.01385,34.02385],[136.01328,34.02282],[136.01227,34.02249],[136.01073,34.0211],[136.00896,34.02082],[136.0084,34.02013],[136.00735,34.01975],[136.00726,34.01916],[136.00762,34.01844],[136.00712,34.01792],[136.00636,34.01592],[136.00636,34.01518],[136.0059,34.01457],[136.00417,34.01391],[136.00368,34.01351],[136.00359,34.01237],[136.00378,34.01091],[136.00361,34.00988],[136.00591,34.00914],[136.00679,34.00813],[136.00695,34.0074],[136.00581,34.0053],[136.00539,34.0042],[136.00528,34.00334],[136.00464,34.00226],[136.00365,34.00156],[136.00191,34.00139],[136.00102,34.0015],[135.99779,34.00221],[135.99716,34.00249],[135.99624,34.00227],[135.99535,34.00134],[135.99557,34.00005],[135.9964,33.99859],[135.99716,33.99776],[135.99942,33.996],[136.00296,33.9929],[136.00404,33.99177],[136.00461,33.99039],[136.00415,33.9874],[136.00415,33.98571],[136.00483,33.98411],[136.00817,33.97914],[136.00917,33.97827],[136.0123,33.97603],[136.01293,33.9753],[136.01336,33.97423],[136.01333,33.96923],[136.01284,33.96799],[136.01194,33.9668],[136.01035,33.9656],[136.00662,33.96407],[136.00426,33.96303],[136.00321,33.96229],[136.0026,33.96103],[136.00144,33.95721],[136.00066,33.95614],[135.99916,33.95578],[135.99833,33.95611],[135.99716,33.95688],[135.99606,33.95803],[135.99511,33.95879],[135.99341,33.96096],[135.99298,33.96179],[135.99261,33.96327],[135.99216,33.96423],[135.99146,33.96505],[135.98815,33.9677],[135.98672,33.96838],[135.98545,33.96856],[135.98396,33.96848],[135.98142,33.96815],[135.97822,33.96726],[135.97761,33.96698],[135.9765,33.9658],[135.97541,33.96391],[135.97507,33.963],[135.97494,33.96161],[135.97516,33.96064],[135.97558,33.96005],[135.97683,33.95891],[135.97734,33.95722],[135.97711,33.95361],[135.97796,33.95146],[135.97746,33.94739],[135.9764,33.94616],[135.97577,33.94439],[135.97571,33.94225],[135.97554,33.94146],[135.97429,33.93918],[135.97294,33.93647],[135.97256,33.93488],[135.97186,33.93379],[135.97084,33.93262],[135.96976,33.93002],[135.96924,33.92929],[135.96791,33.92827],[135.96655,33.92772],[135.96562,33.9278],[135.96455,33.92836],[135.96086,33.9316],[135.95931,33.93316],[135.95759,33.93447],[135.95486,33.93567],[135.95167,33.93673],[135.94899,33.93719],[135.94726,33.93766],[135.94419,33.93955],[135.94316,33.93983],[135.94189,33.9398],[135.93834,33.93924],[135.93683,33.93919],[135.93452,33.93946],[135.93314,33.93981],[135.93056,33.94106],[135.92954,33.94143],[135.92804,33.94094],[135.92789,33.93984],[135.92838,33.93833],[135.92887,33.93738],[135.93042,33.93505],[135.93133,33.93386],[135.93088,33.93332],[135.92981,33.93368],[135.92795,33.9348],[135.92638,33.93458],[135.92326,33.93465],[135.92183,33.93433],[135.9199,33.93285],[135.919,33.93175],[135.9184,33.92994],[135.9181,33.92737],[135.91729,33.92506],[135.91737,33.92354],[135.91771,33.92279],[135.91961,33.92094],[135.92093,33.9204],[135.92369,33.91982],[135.92486,33.92001],[135.92612,33.92079],[135.92786,33.92249],[135.92955,33.92321],[135.93045,33.92328],[135.93267,33.92266],[135.93348,33.92187],[135.93456,33.92001],[135.93452,33.91934],[135.93372,33.91797],[135.93361,33.91746],[135.93249,33.91685],[135.93028,33.91642],[135.92835,33.91575],[135.92477,33.91475],[135.92352,33.9143],[135.92226,33.91411],[135.92183,33.91436],[135.92188,33.91522],[135.9212,33.91681],[135.92009,33.91736],[135.91905,33.91868],[135.91786,33.91956],[135.91676,33.9199],[135.91579,33.91988],[135.91349,33.91906],[135.90975,33.91848],[135.90856,33.91858],[135.90678,33.91907],[135.90456,33.92001],[135.90234,33.92115],[135.90056,33.92105],[135.89971,33.92139],[135.89815,33.9216],[135.89563,33.92118],[135.89469,33.92079],[135.8937,33.92001],[135.894,33.91902],[135.89496,33.91749],[135.89627,33.91653],[135.89732,33.91498],[135.89787,33.91261],[135.89751,33.91004],[135.8963,33.90742],[135.89558,33.90664],[135.89395,33.90615],[135.88711,33.90706],[135.88547,33.90688],[135.88463,33.90702],[135.88217,33.90783],[135.88121,33.90914],[135.88076,33.90937],[135.87923,33.90905],[135.87896,33.90836],[135.87974,33.90593],[135.8801,33.90419],[135.88086,33.90232],[135.88179,33.90131],[135.88391,33.89954],[135.88478,33.89817],[135.88556,33.89762],[135.88792,33.8963],[135.88833,33.89493],[135.88797,33.89377],[135.88672,33.89233],[135.8854,33.89138],[135.88422,33.88654],[135.88446,33.88525],[135.88534,33.88386],[135.88651,33.8827],[135.88728,33.88217],[135.88875,33.8815],[135.89051,33.88098],[135.89105,33.88097],[135.89273,33.88177],[135.89298,33.88224],[135.89285,33.88325],[135.89219,33.88448],[135.89289,33.88627],[135.89309,33.88802],[135.89306,33.88907],[135.89259,33.8895],[135.89027,33.89004],[135.89032,33.89095],[135.89162,33.89342],[135.89211,33.8939],[135.8931,33.89349],[135.89552,33.89071],[135.89802,33.88853],[135.90045,33.88613],[135.90131,33.88541],[135.90158,33.88482],[135.90164,33.88199],[135.9008,33.87956],[135.89877,33.87772],[135.89834,33.87665],[135.8977,33.87313],[135.89777,33.87006],[135.89763,33.86975],[135.89544,33.86879],[135.89401,33.86837],[135.89238,33.86823],[135.89088,33.86839],[135.88976,33.86891],[135.88715,33.87092],[135.88641,33.87202],[135.88532,33.87241],[135.88398,33.87255],[135.88106,33.8725],[135.8786,33.87195],[135.87779,33.87134],[135.87758,33.86948],[135.87762,33.86746],[135.87815,33.86462],[135.87766,33.86361],[135.87648,33.86252],[135.87539,33.86177],[135.87316,33.86126],[135.87314,33.85917],[135.87217,33.85896],[135.87023,33.85949],[135.86972,33.85988],[135.86804,33.86007],[135.86707,33.8599],[135.86534,33.86078],[135.86436,33.86184],[135.8635,33.86233],[135.86219,33.86272],[135.8608,33.86559],[135.86087,33.86626],[135.8616,33.86692],[135.86187,33.8678],[135.86171,33.86988],[135.86219,33.87054],[135.86188,33.87253],[135.86215,33.87367],[135.86212,33.87655],[135.86023,33.8761],[135.85926,33.87557],[135.85838,33.87444],[135.8578,33.8726],[135.85782,33.87197],[135.85889,33.86848],[135.85875,33.8679],[135.85769,33.86588],[135.85694,33.86496],[135.85531,33.86385],[135.85384,33.86311],[135.85325,33.8623],[135.85343,33.86129],[135.85318,33.85945],[135.85344,33.85784],[135.85474,33.85546],[135.8556,33.85458],[135.85812,33.8532],[135.85958,33.85155],[135.86031,33.85013],[135.86059,33.84896],[135.8603,33.8475],[135.85893,33.8449],[135.85743,33.84338],[135.85703,33.84257],[135.85644,33.84011],[135.85573,33.83669],[135.85569,33.83577],[135.85599,33.83449],[135.85645,33.83356],[135.85792,33.83226],[135.85893,33.83019],[135.85892,33.82952],[135.85837,33.82713],[135.85708,33.82417],[135.85606,33.82123],[135.85586,33.82034],[135.85601,33.81931],[135.85689,33.81766],[135.85803,33.8162],[135.86154,33.81309],[135.86304,33.81131],[135.8644,33.81047],[135.8683,33.80952],[135.87217,33.809],[135.87382,33.80806],[135.8772,33.80577],[135.88041,33.80296],[135.88251,33.80157],[135.88382,33.80134],[135.88621,33.80239],[135.88797,33.80267],[135.88927,33.80248],[135.89091,33.80168],[135.8924,33.80035],[135.89471,33.79767],[135.89591,33.79556],[135.89803,33.79103],[135.89823,33.7901],[135.89684,33.78763],[135.89678,33.78694],[135.9014,33.78082],[135.90255,33.78173],[135.90408,33.78364],[135.90549,33.78422],[135.90737,33.7839],[135.909,33.78453],[135.90937,33.78518],[135.91058,33.78536],[135.91113,33.78598],[135.91212,33.78615],[135.91288,33.78663],[135.91322,33.78767],[135.9143,33.78775],[135.91567,33.78751],[135.91877,33.78923],[135.91884,33.78956],[135.92021,33.79061],[135.92177,33.79103],[135.92221,33.79097],[135.92401,33.78912],[135.92499,33.78923],[135.92634,33.78891],[135.92764,33.78811],[135.92877,33.78802],[135.92967,33.78868],[135.92984,33.78918],[135.93104,33.78994],[135.93222,33.79128],[135.9318,33.79162],[135.9314,33.79282],[135.92979,33.79491],[135.9296,33.79583],[135.92886,33.79716],[135.92884,33.79788],[135.928,33.79923],[135.92788,33.79982],[135.9272,33.80066],[135.92685,33.80148],[135.9267,33.80272],[135.92908,33.80447],[135.93044,33.80469],[135.93108,33.8056],[135.93173,33.806],[135.93283,33.80726],[135.93354,33.80759],[135.93372,33.80855],[135.93346,33.80996],[135.93467,33.81142],[135.93558,33.81166],[135.93652,33.81131],[135.9375,33.81151],[135.93787,33.81264],[135.93849,33.81325],[135.93987,33.81409],[135.94087,33.81452],[135.94208,33.81444],[135.94446,33.81572],[135.94595,33.81571],[135.94603,33.81903],[135.94736,33.82002],[135.94831,33.8204],[135.94814,33.82109],[135.9473,33.82237],[135.94774,33.82343],[135.94698,33.82371],[135.9467,33.82467],[135.9471,33.82601],[135.94677,33.82765],[135.94515,33.82756],[135.94243,33.83002],[135.942,33.83102],[135.94138,33.83179],[135.93988,33.83168],[135.9393,33.83301],[135.93842,33.83437],[135.93786,33.83446],[135.93596,33.83614],[135.93613,33.83681],[135.9368,33.83704],[135.93744,33.83859],[135.93811,33.83966],[135.93818,33.84039],[135.93872,33.84199],[135.93842,33.84279],[135.93774,33.84353],[135.93782,33.84451],[135.93906,33.84554],[135.94192,33.84621],[135.94232,33.84656],[135.94339,33.84661],[135.94494,33.8464],[135.9465,33.84589],[135.94905,33.84634],[135.94959,33.84659],[135.95242,33.84716],[135.95357,33.8467],[135.95404,33.84559],[135.95518,33.84535],[135.95585,33.84549],[135.95914,33.8449],[135.95949,33.84497],[135.95996,33.84626],[135.96173,33.84672],[135.96185,33.84794],[135.96102,33.85145],[135.96153,33.85271],[135.96286,33.8533],[135.96226,33.85438],[135.96234,33.85663],[135.96205,33.85731],[135.96229,33.8582],[135.96353,33.85931],[135.96686,33.8611],[135.96741,33.8612],[135.96892,33.86089],[135.96998,33.86138],[135.97053,33.86292],[135.96936,33.86471],[135.96976,33.86651],[135.97068,33.86818],[135.97001,33.86928],[135.96976,33.87084],[135.96952,33.8712],[135.96964,33.87247],[135.97017,33.87316],[135.96922,33.87417],[135.96931,33.87515],[135.96866,33.87714],[135.96827,33.87752],[135.96827,33.87829],[135.96774,33.87966],[135.96926,33.8806],[135.97011,33.88088],[135.97026,33.8827],[135.97202,33.88375],[135.97336,33.88511],[135.97346,33.88606],[135.97481,33.88704],[135.97639,33.88591],[135.97699,33.88528],[135.97797,33.88634],[135.9782,33.88725],[135.97919,33.88771],[135.97975,33.88891],[135.98144,33.89037],[135.98229,33.89048],[135.98391,33.89009],[135.98575,33.88879],[135.98713,33.88726],[135.98785,33.88779],[135.98769,33.88843],[135.98839,33.8898],[135.98819,33.89029],[135.98842,33.89115],[135.99054,33.89083],[135.99087,33.88917],[135.99131,33.88813],[135.99138,33.88712],[135.99285,33.88826],[135.99365,33.88973],[135.99351,33.89033],[135.9935,33.89306],[135.99419,33.89413],[135.99612,33.89428],[135.99508,33.89315],[135.99621,33.89217],[135.99716,33.89159],[135.99802,33.89036],[135.99925,33.89031],[136.00069,33.89049],[136.00136,33.89012],[136.0035,33.8894],[136.00458,33.88943],[136.00571,33.88924],[136.00722,33.88927],[136.00823,33.88951],[136.00924,33.89173],[136.01037,33.89211],[136.01172,33.89205],[136.01552,33.89266],[136.01685,33.89244],[136.01813,33.89286],[136.01928,33.89238],[136.02041,33.89251],[136.02177,33.89231],[136.02369,33.89235],[136.02444,33.89212],[136.02533,33.89235],[136.02545,33.89288],[136.02863,33.89196],[136.03027,33.89203],[136.03115,33.8923],[136.03245,33.89233],[136.03352,33.89282],[136.03509,33.89265],[136.03523,33.89082],[136.03431,33.88777],[136.0345,33.88709],[136.03507,33.88663],[136.03805,33.88502],[136.0387,33.8831],[136.03849,33.88282],[136.03851,33.8815],[136.03831,33.88045],[136.03847,33.87942],[136.03794,33.87872],[136.03579,33.87792],[136.03529,33.87691],[136.03604,33.87596],[136.03784,33.87458],[136.0382,33.87413],[136.03765,33.87237],[136.03925,33.87225],[136.04044,33.87024],[136.04187,33.86942],[136.0423,33.86883],[136.04253,33.86782],[136.04329,33.86699],[136.04468,33.86471],[136.04475,33.86411],[136.04565,33.86324],[136.04818,33.86281],[136.05088,33.86298],[136.0526,33.86386],[136.05338,33.86315],[136.05426,33.86302],[136.05646,33.86241],[136.05699,33.86191],[136.05848,33.86129],[136.05953,33.86067],[136.05929,33.85977],[136.05863,33.85845],[136.06512,33.85496],[136.06758,33.85354],[136.06793,33.85259],[136.06746,33.85152],[136.06593,33.84852],[136.06457,33.8468],[136.06405,33.84593],[136.06416,33.84477],[136.06536,33.84301],[136.06534,33.8416],[136.06606,33.84048],[136.06687,33.84159],[136.06978,33.84691],[136.07199,33.85053],[136.07675,33.85767],[136.07802,33.85947],[136.08116,33.86361],[136.08595,33.86956],[136.08985,33.87393],[136.09803,33.88253],[136.10095,33.88548],[136.10148,33.88559],[136.10261,33.88669],[136.10391,33.88767],[136.10669,33.89009],[136.10768,33.89063],[136.10867,33.8909],[136.10955,33.89082],[136.10937,33.88999],[136.11196,33.88896],[136.11293,33.88903],[136.11411,33.88894],[136.11489,33.88966],[136.11664,33.89027],[136.117,33.89059],[136.11637,33.89268],[136.11562,33.89326],[136.11528,33.89385],[136.11535,33.89486],[136.11597,33.89559],[136.11636,33.89538],[136.11791,33.8952],[136.11763,33.89669],[136.11702,33.89749],[136.11813,33.89881],[136.11938,33.89936],[136.12059,33.89914],[136.12119,33.89844],[136.12195,33.89799],[136.12353,33.89753],[136.12484,33.89742],[136.12545,33.8968],[136.12598,33.89499],[136.12632,33.89503],[136.12696,33.89395],[136.12783,33.89366],[136.12809,33.8929],[136.12685,33.89251],[136.1269,33.89167],[136.12826,33.88925],[136.12842,33.8869],[136.12921,33.88607],[136.12912,33.88573],[136.13054,33.8851],[136.13135,33.8852],[136.13204,33.88599],[136.13117,33.88675],[136.13105,33.88742],[136.13158,33.88795],[136.13236,33.88757],[136.13342,33.88773],[136.13307,33.88807],[136.13374,33.88815],[136.13389,33.88857],[136.13608,33.88803],[136.13685,33.88838],[136.13672,33.88886],[136.13733,33.88925],[136.13744,33.89071],[136.13871,33.8915],[136.13871,33.89191],[136.13787,33.89266],[136.1387,33.89308],[136.138,33.89433],[136.13825,33.89511],[136.13613,33.89596],[136.13391,33.89813],[136.13373,33.8986],[136.13482,33.89933],[136.1361,33.89931],[136.13724,33.89895],[136.13882,33.89872],[136.13925,33.89754],[136.14142,33.89723],[136.14257,33.89746],[136.14458,33.89625],[136.14613,33.89677],[136.14664,33.89759],[136.14739,33.89794],[136.14819,33.89733],[136.14893,33.89755],[136.14847,33.89857],[136.14941,33.899],[136.14977,33.89976],[136.15039,33.8993],[136.1508,33.90019],[136.14904,33.90091],[136.14864,33.9014],[136.14766,33.90172],[136.14747,33.90291],[136.14642,33.90304],[136.14583,33.90272],[136.14435,33.90353],[136.14401,33.90421],[136.1429,33.90385],[136.14156,33.90429],[136.14079,33.90522],[136.14049,33.90661],[136.13977,33.90703],[136.1396,33.90756],[136.13885,33.90801],[136.13884,33.90892],[136.13943,33.90954],[136.14038,33.90958],[136.142,33.91016],[136.14353,33.91168],[136.14446,33.91203],[136.14714,33.91235],[136.14845,33.91227],[136.14916,33.9116],[136.15005,33.91241],[136.15169,33.91224],[136.15188,33.91304],[136.15179,33.91329],[136.15108,33.91328],[136.15075,33.9137],[136.15064,33.91463],[136.1502,33.91522],[136.1504,33.91587],[136.15138,33.91598],[136.15162,33.91677],[136.15107,33.9185],[136.15194,33.91971],[136.15283,33.92015],[136.15338,33.91979],[136.15441,33.91968],[136.15473,33.92068],[136.15372,33.92145],[136.15358,33.92258],[136.15233,33.92374],[136.15108,33.92412],[136.14883,33.9244],[136.14783,33.92526],[136.1473,33.92666],[136.14783,33.92873],[136.14882,33.93016],[136.15039,33.93138],[136.15127,33.93089],[136.15258,33.93051],[136.15452,33.93046],[136.15551,33.93029],[136.15713,33.93106],[136.15893,33.93135],[136.15982,33.93115],[136.16079,33.9304],[136.16295,33.92953],[136.16401,33.92978],[136.16499,33.92939],[136.16507,33.92863],[136.16685,33.92699],[136.17074,33.92538],[136.17101,33.92608],[136.1724,33.92605],[136.17269,33.92531],[136.17216,33.92487],[136.16869,33.92499],[136.16777,33.92441],[136.16788,33.92339],[136.16827,33.92258],[136.16837,33.9212],[136.16925,33.91995],[136.169,33.91919],[136.1698,33.91805],[136.16966,33.9167],[136.17006,33.91526],[136.16976,33.91335],[136.17072,33.91274],[136.17263,33.91277],[136.17304,33.91232],[136.17367,33.91281],[136.17613,33.91245],[136.17795,33.91312],[136.17982,33.91281],[136.18047,33.91324],[136.17988,33.91362],[136.18051,33.91405],[136.1829,33.91495],[136.18483,33.91482],[136.18474,33.91557],[136.18521,33.91607],[136.18478,33.91778],[136.18536,33.91819],[136.18659,33.91754],[136.1875,33.91796],[136.1893,33.91828],[136.19044,33.91897],[136.19196,33.91826],[136.19212,33.91747],[136.19342,33.91715],[136.19427,33.91885],[136.19543,33.91907],[136.19683,33.92052],[136.19747,33.91988],[136.19862,33.91969],[136.19877,33.92046],[136.19828,33.92075],[136.19802,33.92211],[136.19705,33.92209],[136.19666,33.92285],[136.1951,33.92357],[136.19472,33.9243],[136.19497,33.92509],[136.19419,33.92594],[136.19479,33.92766],[136.19585,33.92773],[136.19562,33.92833],[136.19646,33.92915],[136.19645,33.92975],[136.19744,33.92974],[136.19702,33.93073],[136.19741,33.9317],[136.19828,33.93182],[136.19876,33.93259],[136.1978,33.9341],[136.1979,33.9347],[136.19677,33.93602],[136.19494,33.93574],[136.19483,33.9352],[136.19393,33.9341],[136.19333,33.93391],[136.19139,33.93419],[136.18934,33.93388],[136.18834,33.9342],[136.18629,33.93519],[136.18531,33.93598],[136.18412,33.93585],[136.18264,33.93636],[136.18068,33.93791],[136.1821,33.93962],[136.18362,33.93859],[136.18452,33.9388],[136.18567,33.93865],[136.18702,33.93913],[136.18819,33.93982],[136.18894,33.93987],[136.1907,33.93967],[136.1935,33.94118],[136.19439,33.94141],[136.19494,33.94229],[136.19628,33.94256],[136.19758,33.94239],[136.19862,33.94198],[136.2003,33.94185],[136.20087,33.94255],[136.20055,33.9431],[136.20097,33.94407],[136.20065,33.94474],[136.2034,33.94404],[136.20551,33.94244],[136.20586,33.94149],[136.20665,33.94079],[136.20861,33.94032],[136.21024,33.93938],[136.21155,33.93897],[136.21159,33.93868],[136.21321,33.93866],[136.2132,33.93774],[136.21275,33.93754],[136.21119,33.93743],[136.21099,33.93638],[136.21015,33.93602],[136.20835,33.93645],[136.20786,33.93618],[136.20779,33.93481],[136.20903,33.93406],[136.20924,33.93314],[136.20889,33.93243],[136.20812,33.9318],[136.20882,33.93148],[136.2101,33.93128],[136.21153,33.93188],[136.21338,33.93147],[136.21317,33.93223],[136.21188,33.93233],[136.21214,33.9331],[136.2129,33.93433],[136.21434,33.93374],[136.21466,33.93483],[136.21593,33.93412],[136.21738,33.93442],[136.21854,33.93507],[136.21876,33.93568],[136.21763,33.93652],[136.21655,33.93679],[136.21551,33.93743],[136.21541,33.93865],[136.21642,33.93954],[136.21829,33.9396],[136.21929,33.94018],[136.21942,33.9409],[136.21993,33.94122],[136.21823,33.9435],[136.2176,33.9438],[136.21763,33.94478],[136.21737,33.94553],[136.21679,33.94553],[136.21661,33.94663],[136.21748,33.94768],[136.21841,33.94781],[136.22029,33.94748],[136.22108,33.94782],[136.22175,33.94692],[136.22271,33.94707],[136.22277,33.94644],[136.22367,33.94607],[136.22451,33.94646],[136.22534,33.94641],[136.22584,33.94703],[136.22668,33.94577],[136.22741,33.94625],[136.22958,33.94615],[136.23074,33.94637],[136.23176,33.94629],[136.23153,33.94711],[136.23196,33.94761],[136.22994,33.94749],[136.22901,33.94719],[136.22552,33.94788],[136.22484,33.94862],[136.22384,33.94888],[136.22236,33.94991],[136.22245,33.95067],[136.22175,33.9512],[136.22026,33.95163],[136.21863,33.95248],[136.2185,33.95296],[136.21891,33.954],[136.21879,33.95463],[136.21684,33.95478],[136.21488,33.95512],[136.21432,33.95551],[136.2129,33.95595],[136.21186,33.95588],[136.21084,33.95523],[136.20967,33.95488],[136.2094,33.95409],[136.20762,33.95243],[136.20629,33.95217],[136.20509,33.95327],[136.20366,33.95376],[136.20253,33.95364],[136.20072,33.95449],[136.2002,33.95489],[136.19899,33.95506],[136.19772,33.95546],[136.19674,33.95537],[136.19488,33.95553],[136.19456,33.95472],[136.19325,33.95393],[136.19243,33.95428],[136.19136,33.9544],[136.19089,33.95476],[136.19001,33.95605],[136.18995,33.9571],[136.18955,33.95734],[136.18873,33.95703],[136.18718,33.95751],[136.18593,33.95814],[136.18487,33.95824],[136.18452,33.95876],[136.1832,33.95934],[136.18295,33.96077],[136.18251,33.96159],[136.18152,33.96253],[136.18123,33.96349],[136.18119,33.9648],[136.18059,33.96481],[136.17841,33.9654],[136.17728,33.96597],[136.17655,33.96662],[136.17554,33.96609],[136.17444,33.96629],[136.17347,33.96551],[136.17159,33.96503],[136.17065,33.96381],[136.16956,33.96293],[136.16924,33.96148],[136.16849,33.95975],[136.16856,33.95923],[136.16777,33.95713],[136.16559,33.95764],[136.1638,33.95743],[136.16221,33.95787],[136.16091,33.95807],[136.1576,33.95827],[136.15623,33.95862],[136.15517,33.95737],[136.15334,33.95728],[136.15112,33.9578],[136.15071,33.95841],[136.14977,33.95887],[136.1493,33.95955],[136.14784,33.96062],[136.14652,33.96213],[136.14476,33.96296],[136.14341,33.96332],[136.14136,33.96357],[136.14103,33.96409],[136.1395,33.96531],[136.13896,33.96604],[136.13871,33.96786],[136.13879,33.9691],[136.13819,33.97074],[136.13598,33.97405],[136.13609,33.97584],[136.13576,33.97664],[136.13583,33.97775],[136.13666,33.97873],[136.13607,33.98053],[136.136,33.98136],[136.13629,33.9825],[136.13625,33.98324],[136.13558,33.98459],[136.13449,33.98492],[136.13354,33.9857],[136.13373,33.98747],[136.13248,33.9896],[136.13268,33.99064],[136.13227,33.99269],[136.13238,33.99378],[136.13163,33.99504],[136.13164,33.99563],[136.13224,33.99632],[136.13336,33.9968],[136.13445,33.99753],[136.13556,33.99887],[136.1368,33.99972],[136.13686,34.00068],[136.13663,34.00177],[136.13648,34.00414],[136.13698,34.00592],[136.13695,34.00683],[136.13658,34.00781],[136.13738,34.00847],[136.13902,34.00872],[136.13894,34.00931],[136.14019,34.01005],[136.14221,34.01058],[136.14323,34.01012],[136.14555,34.01009],[136.14604,34.01038],[136.14687,34.01141],[136.14807,34.01262],[136.14911,34.01316],[136.15094,34.01347],[136.15107,34.01487],[136.15158,34.01575],[136.15143,34.01736],[136.15153,34.01962],[136.15172,34.02022],[136.15098,34.02142],[136.14997,34.02227],[136.1491,34.02339],[136.14886,34.02461],[136.14809,34.0253],[136.14615,34.02548],[136.1434,34.02654],[136.14166,34.02668],[136.14089,34.02649],[136.13973,34.02701],[136.13875,34.02698],[136.13799,34.02658],[136.13517,34.02694],[136.1344,34.02672],[136.13258,34.02691],[136.12987,34.02598],[136.12868,34.02655],[136.12669,34.02653],[136.12532,34.02743],[136.1244,34.02784],[136.12371,34.02774],[136.12295,34.02683],[136.1214,34.02643],[136.11967,34.02554],[136.11852,34.02464],[136.1183,34.02355],[136.11712,34.02374],[136.1146,34.0233],[136.11362,34.02345],[136.11207,34.02296],[136.11102,34.02343],[136.10736,34.02337],[136.10665,34.02347],[136.10513,34.02326],[136.10401,34.02363],[136.10337,34.02446],[136.10106,34.02576]]]]}},
  {"type":"Feature","properties":{"name":"いなべ市","code":"24214"},"geometry":{"type":"MultiPolygon","coordinates":[[[[136.56326,35.06438],[136.56442,35.06439],[136.56419,35.06493],[136.56477,35.06536],[136.5645,35.06604],[136.56496,35.06636],[136.56416,35.0669],[136.56368,35.0678],[136.56388,35.06855],[136.56553,35.0675],[136.56623,35.06983],[136.56531,35.07002],[136.56584,35.07195],[136.5663,35.07285],[136.56671,35.07451],[136.56575,35.07512],[136.56594,35.07614],[136.56641,35.07694],[136.56592,35.07737],[136.56442,35.07937],[136.5637,35.08059],[136.56298,35.08114],[136.56224,35.08213],[136.56258,35.08315],[136.56755,35.08503],[136.56846,35.08712],[136.56828,35.08773],[136.56872,35.08852],[136.56928,35.08846],[136.56962,35.08919],[136.57193,35.08893],[136.57333,35.09007],[136.57553,35.09328],[136.57866,35.09685],[136.58002,35.09943],[136.58035,35.10044],[136.58116,35.09965],[136.58232,35.10041],[136.58106,35.10186],[136.58159,35.10275],[136.58275,35.1035],[136.58245,35.10416],[136.58284,35.10475],[136.58405,35.10515],[136.5868,35.10692],[136.58599,35.10763],[136.58703,35.10928],[136.58675,35.11026],[136.58713,35.11081],[136.58821,35.1134],[136.5891,35.11444],[136.59114,35.11535],[136.59239,35.11612],[136.59442,35.11568],[136.59487,35.11706],[136.59403,35.11755],[136.59461,35.1183],[136.59358,35.1187],[136.5921,35.11857],[136.59198,35.11927],[136.59133,35.12005],[136.59129,35.12095],[136.59155,35.12157],[136.59219,35.12209],[136.59117,35.12302],[136.5897,35.1228],[136.58903,35.12376],[136.5892,35.12485],[136.58835,35.12452],[136.58721,35.12443],[136.58694,35.12473],[136.58662,35.12615],[136.58725,35.12677],[136.58654,35.127],[136.58598,35.12657],[136.58414,35.12744],[136.58372,35.12798],[136.58448,35.13019],[136.5845,35.13156],[136.58423,35.13278],[136.58443,35.13319],[136.58416,35.13418],[136.58263,35.13439],[136.58204,35.13488],[136.58155,35.13572],[136.58048,35.13687],[136.5797,35.13746],[136.57838,35.13926],[136.57687,35.14061],[136.57664,35.14179],[136.57536,35.14172],[136.57477,35.14355],[136.57405,35.14457],[136.57425,35.14545],[136.5734,35.14667],[136.57415,35.14842],[136.57424,35.14937],[136.57359,35.14977],[136.5735,35.15045],[136.57387,35.15082],[136.57355,35.15165],[136.57413,35.15336],[136.57487,35.15384],[136.57483,35.15527],[136.57527,35.15573],[136.5753,35.15701],[136.5761,35.1576],[136.57762,35.15908],[136.57653,35.16077],[136.57581,35.16299],[136.57507,35.16421],[136.57525,35.16539],[136.57494,35.16658],[136.57594,35.16862],[136.57657,35.16886],[136.57738,35.17129],[136.57915,35.17185],[136.58041,35.17246],[136.58126,35.17311],[136.58236,35.17364],[136.584,35.17357],[136.586,35.17456],[136.58678,35.17606],[136.58874,35.17656],[136.58936,35.17735],[136.59116,35.17819],[136.59154,35.17897],[136.59228,35.17919],[136.59306,35.18078],[136.59434,35.18093],[136.59353,35.18174],[136.59262,35.18354],[136.592,35.18378],[136.59214,35.18456],[136.59174,35.18567],[136.59269,35.18626],[136.59236,35.18667],[136.59135,35.18626],[136.59115,35.18589],[136.5882,35.18446],[136.58763,35.18468],[136.588,35.18549],[136.58831,35.18697],[136.58736,35.18748],[136.58692,35.18853],[136.5847,35.1886],[136.58449,35.18887],[136.58457,35.19022],[136.58384,35.19108],[136.58467,35.19198],[136.58418,35.19248],[136.58427,35.19317],[136.58483,35.19362],[136.58519,35.19446],[136.58436,35.19499],[136.58332,35.19604],[136.58303,35.1967],[136.58161,35.19713],[136.57944,35.1966],[136.57734,35.19681],[136.5771,35.1984],[136.57608,35.19919],[136.57569,35.20009],[136.576,35.20055],[136.57606,35.20225],[136.5745,35.2017],[136.57327,35.20212],[136.57202,35.20277],[136.57031,35.20267],[136.56978,35.20283],[136.56944,35.20367],[136.56882,35.20379],[136.56775,35.20448],[136.56678,35.20432],[136.56598,35.20498],[136.56582,35.2055],[136.56499,35.20528],[136.56342,35.20534],[136.56282,35.20577],[136.56175,35.20553],[136.56075,35.20628],[136.55974,35.20676],[136.56037,35.20787],[136.5614,35.20886],[136.56042,35.21097],[136.55995,35.21147],[136.55995,35.21258],[136.55953,35.21289],[136.55953,35.21441],[136.56004,35.21542],[136.55851,35.21664],[136.55762,35.21679],[136.55794,35.2178],[136.55747,35.21823],[136.55741,35.21912],[136.55683,35.22069],[136.55521,35.22007],[136.55436,35.22048],[136.55217,35.22008],[136.55155,35.21958],[136.54966,35.21921],[136.54932,35.21972],[136.54829,35.22017],[136.54748,35.2202],[136.54772,35.22144],[136.54696,35.22244],[136.547,35.22326],[136.54754,35.22378],[136.54758,35.22468],[136.54824,35.22536],[136.54817,35.22679],[136.54716,35.22774],[136.54788,35.22825],[136.54812,35.22881],[136.54913,35.22929],[136.54855,35.23002],[136.54864,35.23063],[136.55028,35.23191],[136.55045,35.23286],[136.54977,35.23407],[136.54843,35.23477],[136.54751,35.23464],[136.547,35.23527],[136.54406,35.23514],[136.543,35.23557],[136.54184,35.23685],[136.54101,35.23723],[136.54112,35.23842],[136.54027,35.23952],[136.53978,35.241],[136.5406,35.24206],[136.54073,35.24317],[136.54164,35.24407],[136.54139,35.24575],[136.5403,35.24623],[136.53959,35.24679],[136.53811,35.24679],[136.53646,35.24757],[136.53677,35.24871],[136.53634,35.2502],[136.53662,35.25076],[136.53557,35.25156],[136.53502,35.25231],[136.53515,35.25271],[136.53408,35.25356],[136.53354,35.25542],[136.53398,35.25601],[136.53417,35.25709],[136.53293,35.2573],[136.52993,35.25744],[136.52805,35.25765],[136.52659,35.25717],[136.52625,35.25678],[136.5246,35.25603],[136.52405,35.25545],[136.52318,35.25504],[136.5219,35.25483],[136.52016,35.25396],[136.5191,35.25436],[136.51743,35.25455],[136.51601,35.25389],[136.51496,35.2526],[136.51468,35.2508],[136.51364,35.25042],[136.51325,35.24896],[136.51393,35.24865],[136.51301,35.24726],[136.51326,35.24653],[136.51169,35.24553],[136.51133,35.24403],[136.51155,35.24214],[136.51109,35.24051],[136.51055,35.2399],[136.51082,35.23883],[136.51019,35.23801],[136.50891,35.2377],[136.50802,35.23638],[136.50748,35.23587],[136.50598,35.23506],[136.50499,35.23499],[136.50377,35.23533],[136.50259,35.23477],[136.50074,35.23512],[136.49746,35.23693],[136.49709,35.23793],[136.49435,35.23792],[136.49232,35.23726],[136.49143,35.2373],[136.49039,35.23692],[136.48961,35.23552],[136.48752,35.23686],[136.48688,35.23756],[136.48662,35.23829],[136.48449,35.23922],[136.48363,35.23933],[136.48281,35.23976],[136.48282,35.23883],[136.48316,35.23725],[136.4824,35.23636],[136.48145,35.23619],[136.48151,35.23541],[136.48095,35.23493],[136.48034,35.23493],[136.47978,35.23427],[136.47898,35.23541],[136.47681,35.23646],[136.47604,35.23626],[136.47526,35.2369],[136.47422,35.23735],[136.47297,35.2374],[136.47241,35.2367],[136.4723,35.23586],[136.47113,35.23503],[136.47079,35.23425],[136.47027,35.23393],[136.47049,35.23285],[136.46902,35.23337],[136.46764,35.23456],[136.46693,35.23682],[136.46625,35.23805],[136.46582,35.23748],[136.46351,35.23618],[136.46321,35.23575],[136.46177,35.23627],[136.4613,35.23575],[136.46066,35.23416],[136.46007,35.23358],[136.45827,35.23286],[136.45635,35.23134],[136.45579,35.23004],[136.45512,35.22924],[136.45376,35.22956],[136.4525,35.22854],[136.45164,35.22708],[136.4506,35.22413],[136.44996,35.22391],[136.44983,35.22319],[136.44904,35.22305],[136.44868,35.22239],[136.44733,35.2214],[136.44651,35.22007],[136.44452,35.21971],[136.44357,35.21891],[136.44336,35.21793],[136.44222,35.21707],[136.44072,35.21674],[136.43943,35.21773],[136.43802,35.21821],[136.43719,35.21914],[136.43556,35.21966],[136.43454,35.22045],[136.43448,35.22154],[136.43357,35.22321],[136.43279,35.22386],[136.43298,35.22504],[136.43251,35.22625],[136.43275,35.22728],[136.43334,35.22817],[136.43227,35.22897],[136.4309,35.2294],[136.42946,35.22878],[136.42908,35.22827],[136.42783,35.22765],[136.42565,35.22556],[136.42482,35.22513],[136.42454,35.22421],[136.42327,35.22407],[136.42219,35.2234],[136.42167,35.22278],[136.41829,35.22108],[136.41718,35.2203],[136.41603,35.22032],[136.41511,35.21885],[136.41513,35.21774],[136.41569,35.21719],[136.41599,35.21609],[136.41603,35.21513],[136.4168,35.21439],[136.41607,35.21116],[136.41646,35.20888],[136.41643,35.20771],[136.41592,35.20667],[136.41614,35.20548],[136.41731,35.20473],[136.41796,35.20371],[136.41727,35.20267],[136.41523,35.20186],[136.41445,35.20074],[136.41381,35.19949],[136.41374,35.19785],[136.4133,35.1968],[136.41262,35.19591],[136.41293,35.19466],[136.41271,35.19205],[136.41138,35.19084],[136.41084,35.18972],[136.4101,35.18889],[136.40943,35.18766],[136.40867,35.18729],[136.40995,35.18646],[136.41115,35.18612],[136.4131,35.18623],[136.41458,35.18556],[136.41629,35.18506],[136.41719,35.18416],[136.41869,35.18356],[136.41944,35.18272],[136.42081,35.18293],[136.42243,35.18356],[136.42293,35.18406],[136.42446,35.18451],[136.42499,35.18376],[136.42617,35.18281],[136.4276,35.18246],[136.42867,35.18179],[136.42888,35.18138],[136.42991,35.18116],[136.43102,35.17997],[136.43195,35.17967],[136.43336,35.17841],[136.43432,35.17688],[136.43572,35.1765],[136.43673,35.17472],[136.43683,35.17372],[136.43729,35.17301],[136.43873,35.17203],[136.43978,35.1715],[136.44192,35.17167],[136.44302,35.17131],[136.44387,35.1717],[136.44465,35.17114],[136.4447,35.17032],[136.44598,35.16964],[136.44607,35.1686],[136.44509,35.16835],[136.4448,35.16781],[136.44518,35.16632],[136.44661,35.166],[136.44783,35.1667],[136.44854,35.16682],[136.45036,35.16663],[136.45193,35.16623],[136.45255,35.16584],[136.45454,35.16246],[136.45465,35.16142],[136.45293,35.15887],[136.45394,35.15792],[136.45429,35.15661],[136.45455,35.1544],[136.45441,35.15385],[136.455,35.15241],[136.45434,35.15199],[136.45244,35.15121],[136.45188,35.15084],[136.45145,35.14976],[136.45039,35.1495],[136.44883,35.14976],[136.44604,35.14987],[136.44439,35.14934],[136.44423,35.1488],[136.44451,35.14755],[136.44391,35.14616],[136.44318,35.14517],[136.44324,35.14413],[136.44402,35.14221],[136.44341,35.14066],[136.44295,35.13906],[136.44126,35.13868],[136.44019,35.13826],[136.43906,35.13701],[136.43795,35.13656],[136.43747,35.13541],[136.43743,35.13428],[136.43682,35.13224],[136.43564,35.13066],[136.4373,35.13003],[136.4388,35.12867],[136.44075,35.12833],[136.44246,35.12746],[136.44319,35.12731],[136.44466,35.12661],[136.4453,35.12595],[136.44651,35.12542],[136.44748,35.12458],[136.44802,35.12384],[136.4472,35.12277],[136.44597,35.12238],[136.44511,35.12007],[136.44452,35.11901],[136.44333,35.11867],[136.44134,35.1173],[136.43997,35.11663],[136.43984,35.11581],[136.44,35.11483],[136.44147,35.11309],[136.44167,35.11185],[136.44251,35.11085],[136.44183,35.10984],[136.44082,35.10775],[136.44093,35.10674],[136.44186,35.10517],[136.44129,35.10325],[136.44145,35.10212],[136.44191,35.10158],[136.44116,35.10051],[136.43985,35.09948],[136.43918,35.09808],[136.4387,35.09637],[136.43962,35.09356],[136.43876,35.09224],[136.43807,35.09172],[136.43978,35.0904],[136.44031,35.08917],[136.44112,35.08839],[136.44197,35.08656],[136.44473,35.08825],[136.4453,35.088],[136.44717,35.08656],[136.44783,35.08565],[136.44868,35.08512],[136.4495,35.08517],[136.45158,35.08614],[136.45344,35.08675],[136.45537,35.0866],[136.45594,35.08634],[136.45772,35.08643],[136.45861,35.08574],[136.45937,35.0858],[136.46032,35.08637],[136.46212,35.0869],[136.47259,35.09106],[136.47391,35.09176],[136.47564,35.09224],[136.47655,35.09281],[136.47792,35.09274],[136.4786,35.0925],[136.48023,35.09262],[136.48185,35.09242],[136.48356,35.09277],[136.4848,35.09241],[136.48945,35.09195],[136.49082,35.09132],[136.49223,35.09112],[136.49287,35.09137],[136.49607,35.09146],[136.49774,35.09088],[136.50045,35.09047],[136.50143,35.09054],[136.50462,35.08916],[136.50597,35.08872],[136.50768,35.08792],[136.5086,35.08994],[136.51217,35.08946],[136.51356,35.0898],[136.51519,35.08896],[136.51654,35.08854],[136.51829,35.08982],[136.5204,35.08812],[136.5218,35.08752],[136.52468,35.08645],[136.52583,35.08633],[136.52824,35.08477],[136.52909,35.08388],[136.52898,35.08278],[136.52932,35.0821],[136.52876,35.08191],[136.52947,35.08092],[136.52869,35.07807],[136.52797,35.07772],[136.52767,35.07639],[136.53072,35.07521],[136.5352,35.07301],[136.53661,35.07141],[136.53881,35.07051],[136.54075,35.0698],[136.5434,35.07026],[136.5462,35.06917],[136.54801,35.06884],[136.54905,35.06814],[136.54993,35.06674],[136.55149,35.06624],[136.5545,35.06588],[136.55548,35.06529],[136.55703,35.06533],[136.55753,35.0649],[136.55876,35.06436],[136.56004,35.06461],[136.56143,35.06464],[136.56326,35.06438]]]]}},
  {"type":"Feature","properties":{"name":"志摩市","code":"24215"},"geometry":{"type":"MultiPolygon","coordinates":[[[[136.74353,34.38472],[136.74361,34.38372],[136.74329,34.37908],[136.74294,34.37803],[136.74429,34.37647],[136.74644,34.37603],[136.74708,34.37479],[136.74885,34.37304],[136.74923,34.37203],[136.74915,34.37143],[136.74963,34.37085],[136.75106,34.37125],[136.75147,34.37049],[136.7529,34.36992],[136.75338,34.36948],[136.75402,34.3682],[136.7534,34.36794],[136.75205,34.36685],[136.75377,34.36615],[136.75524,34.36404],[136.75419,34.36153],[136.75326,34.36075],[136.75311,34.35983],[136.7521,34.35913],[136.75079,34.35708],[136.75101,34.35627],[136.75052,34.35521],[136.74968,34.35411],[136.7485,34.35331],[136.74788,34.35198],[136.74807,34.35121],[136.74856,34.35057],[136.74979,34.34993],[136.75053,34.34986],[136.75145,34.34943],[136.75239,34.34864],[136.75264,34.34789],[136.75361,34.34732],[136.75323,34.34611],[136.75327,34.34451],[136.75393,34.34426],[136.75452,34.34251],[136.75531,34.34166],[136.75606,34.34124],[136.75592,34.34043],[136.75488,34.33925],[136.75452,34.33849],[136.75214,34.33699],[136.7499,34.33657],[136.7487,34.33597],[136.7475,34.33435],[136.74677,34.33396],[136.74564,34.33224],[136.74629,34.33117],[136.74582,34.33003],[136.74601,34.3292],[136.74534,34.32822],[136.74585,34.3272],[136.74558,34.32671],[136.74559,34.32532],[136.74444,34.32461],[136.74354,34.32481],[136.743,34.32394],[136.742,34.3231],[136.74148,34.32238],[136.73935,34.32149],[136.73775,34.32162],[136.73614,34.32109],[136.73568,34.32038],[136.73437,34.32018],[136.73178,34.32054],[136.73054,34.3199],[136.72908,34.31965],[136.72883,34.31916],[136.7277,34.31819],[136.72699,34.31789],[136.72646,34.3173],[136.72474,34.31649],[136.724,34.31635],[136.72253,34.31706],[136.72074,34.31687],[136.71855,34.31516],[136.71718,34.31473],[136.71586,34.31536],[136.71497,34.31552],[136.71388,34.3154],[136.71283,34.31499],[136.71196,34.31407],[136.71032,34.31374],[136.7087,34.3146],[136.70686,34.31405],[136.70561,34.31352],[136.70442,34.31278],[136.70427,34.31174],[136.70379,34.31107],[136.70351,34.30919],[136.7027,34.3078],[136.70245,34.30702],[136.70179,34.30603],[136.70211,34.30568],[136.70453,34.30493],[136.70596,34.30603],[136.70658,34.30604],[136.70828,34.30653],[136.71035,34.3065],[136.71209,34.30633],[136.71266,34.30567],[136.71424,34.30497],[136.71489,34.30443],[136.71575,34.30222],[136.71755,34.30315],[136.7185,34.3039],[136.71999,34.30393],[136.7211,34.30435],[136.72335,34.30448],[136.72452,34.30432],[136.72492,34.3042],[136.72501,34.30414],[136.72579,34.3038],[136.72635,34.30348],[136.72701,34.30332],[136.72828,34.30251],[136.72858,34.30249],[136.72898,34.30236],[136.72932,34.30214],[136.73058,34.30218],[136.73164,34.30198],[136.73256,34.30233],[136.73569,34.30232],[136.73764,34.30195],[136.73882,34.30155],[136.73996,34.30044],[136.73974,34.29927],[136.74072,34.29899],[136.74215,34.29915],[136.74304,34.29903],[136.74412,34.29816],[136.74537,34.29751],[136.74576,34.29662],[136.7477,34.29572],[136.74816,34.29495],[136.74784,34.2945],[136.74843,34.29379],[136.75052,34.29343],[136.75087,34.29309],[136.7518,34.29351],[136.75282,34.29427],[136.75453,34.29491],[136.75553,34.29462],[136.75598,34.29554],[136.75652,34.29524],[136.75822,34.29496],[136.75923,34.29463],[136.76074,34.29444],[136.76233,34.29305],[136.76403,34.29255],[136.76457,34.29282],[136.76569,34.29389],[136.76316,34.29572],[136.76211,34.29525],[136.76097,34.29642],[136.75964,34.29722],[136.75947,34.29791],[136.758,34.29732],[136.75743,34.29739],[136.75687,34.29823],[136.75559,34.29796],[136.75354,34.29791],[136.75474,34.29902],[136.75354,34.2992],[136.75483,34.30023],[136.75472,34.30167],[136.75317,34.30194],[136.75342,34.30255],[136.75546,34.30232],[136.75633,34.30255],[136.75658,34.3014],[136.7577,34.30207],[136.7584,34.30114],[136.75976,34.30125],[136.76033,34.30095],[136.76063,34.30211],[136.75989,34.30304],[136.75881,34.30517],[136.75819,34.30507],[136.75833,34.30602],[136.75938,34.30701],[136.76015,34.30552],[136.76124,34.30555],[136.76291,34.30523],[136.76277,34.30412],[136.76503,34.30457],[136.76516,34.30554],[136.76557,34.30664],[136.76538,34.30757],[136.7644,34.30852],[136.76287,34.30835],[136.76329,34.30938],[136.76396,34.30947],[136.76366,34.31033],[136.76158,34.31047],[136.76303,34.31106],[136.76359,34.31153],[136.7632,34.31215],[136.76314,34.31313],[136.76262,34.31323],[136.76189,34.31253],[136.76105,34.31211],[136.75995,34.31223],[136.759,34.31265],[136.75854,34.31401],[136.7585,34.31484],[136.75972,34.31472],[136.7598,34.31397],[136.76037,34.31338],[136.76112,34.3132],[136.76162,34.31372],[136.7609,34.3144],[136.76167,34.3156],[136.76241,34.31593],[136.76366,34.31555],[136.76382,34.31495],[136.76257,34.31491],[136.76283,34.31422],[136.76404,34.31383],[136.76431,34.31429],[136.76562,34.31371],[136.76602,34.31265],[136.76684,34.31216],[136.76744,34.31253],[136.76787,34.31213],[136.76781,34.31144],[136.76849,34.31037],[136.76853,34.30981],[136.76967,34.31015],[136.76961,34.31113],[136.7705,34.31174],[136.77054,34.31237],[136.76948,34.31281],[136.77013,34.31385],[136.77145,34.31456],[136.77303,34.31506],[136.77449,34.31471],[136.77585,34.31537],[136.77722,34.31521],[136.77748,34.31438],[136.77633,34.31388],[136.77581,34.31393],[136.77496,34.31282],[136.77414,34.31323],[136.77258,34.31316],[136.77264,34.31206],[136.77325,34.3116],[136.77267,34.3105],[136.77204,34.30885],[136.77219,34.30844],[136.77331,34.30768],[136.77411,34.30819],[136.77451,34.30766],[136.77395,34.30665],[136.77511,34.30566],[136.77551,34.30659],[136.77609,34.30642],[136.77626,34.30565],[136.77713,34.30534],[136.77881,34.30587],[136.7783,34.30506],[136.77884,34.30478],[136.77977,34.30582],[136.78027,34.30684],[136.78123,34.307],[136.78211,34.30684],[136.782,34.30568],[136.7808,34.30554],[136.78016,34.30426],[136.77795,34.30371],[136.77677,34.30377],[136.77639,34.30285],[136.77418,34.30367],[136.77269,34.30274],[136.77329,34.30128],[136.77317,34.29992],[136.77335,34.29917],[136.77292,34.29862],[136.77337,34.29789],[136.77304,34.29705],[136.77313,34.29639],[136.7747,34.2959],[136.776,34.29606],[136.77724,34.29677],[136.77719,34.29813],[136.77869,34.29914],[136.77987,34.29921],[136.78135,34.29907],[136.78248,34.29966],[136.78319,34.29926],[136.78425,34.2996],[136.78463,34.29919],[136.78358,34.29846],[136.78255,34.29884],[136.78093,34.29789],[136.78315,34.2968],[136.78243,34.29661],[136.78084,34.29745],[136.77987,34.29745],[136.78005,34.2965],[136.78041,34.29656],[136.78069,34.29613],[136.78023,34.29578],[136.7813,34.29529],[136.78114,34.2947],[136.78008,34.29438],[136.77941,34.29307],[136.77829,34.29243],[136.77866,34.29171],[136.77998,34.29132],[136.78038,34.29086],[136.7815,34.291],[136.78244,34.29055],[136.78548,34.29014],[136.7871,34.28921],[136.78795,34.28955],[136.78908,34.28921],[136.78968,34.28943],[136.79127,34.28891],[136.79219,34.28834],[136.79356,34.28894],[136.79375,34.28977],[136.79339,34.29092],[136.79434,34.29148],[136.79438,34.29225],[136.79492,34.29241],[136.79545,34.29138],[136.79773,34.29097],[136.79768,34.29002],[136.79881,34.29018],[136.79831,34.29076],[136.79864,34.29142],[136.7998,34.29161],[136.79966,34.29243],[136.80068,34.29283],[136.80171,34.29367],[136.80178,34.29415],[136.79929,34.29569],[136.79976,34.29627],[136.80132,34.29567],[136.80201,34.29588],[136.80171,34.29659],[136.8031,34.29688],[136.80367,34.29561],[136.80536,34.29578],[136.80669,34.29644],[136.80689,34.29823],[136.80898,34.29783],[136.80823,34.29741],[136.80777,34.29664],[136.80792,34.29591],[136.80888,34.29608],[136.80997,34.29653],[136.81109,34.29739],[136.81163,34.29805],[136.81155,34.29851],[136.81048,34.29886],[136.81034,34.29938],[136.80926,34.29976],[136.80879,34.30043],[136.80858,34.30165],[136.8074,34.30178],[136.80662,34.30126],[136.80632,34.30201],[136.80676,34.30222],[136.80636,34.30364],[136.80568,34.30351],[136.8042,34.30365],[136.80355,34.30259],[136.80316,34.30322],[136.80348,34.30475],[136.80431,34.30494],[136.80441,34.30575],[136.80305,34.30623],[136.80236,34.306],[136.80152,34.3063],[136.80051,34.3063],[136.79998,34.30558],[136.79922,34.30592],[136.79967,34.30659],[136.79857,34.30663],[136.7981,34.30609],[136.79739,34.30605],[136.79764,34.30761],[136.79564,34.30779],[136.794,34.30735],[136.79271,34.30751],[136.79189,34.30861],[136.79205,34.30946],[136.79386,34.30886],[136.79503,34.3095],[136.79578,34.31063],[136.79674,34.30924],[136.79806,34.3092],[136.79849,34.31006],[136.79762,34.31024],[136.79696,34.3107],[136.79704,34.31138],[136.79799,34.31107],[136.79926,34.31154],[136.79927,34.31255],[136.79873,34.31316],[136.79676,34.31466],[136.79805,34.31528],[136.79916,34.31525],[136.79903,34.31447],[136.80022,34.31349],[136.80181,34.31432],[136.80174,34.31528],[136.80253,34.31528],[136.802,34.31655],[136.80098,34.31669],[136.79927,34.31796],[136.79874,34.31778],[136.79762,34.3191],[136.79795,34.31998],[136.79867,34.32044],[136.80066,34.3204],[136.80241,34.32102],[136.80336,34.32188],[136.80411,34.32371],[136.80425,34.32494],[136.80398,34.32617],[136.80419,34.32664],[136.80565,34.32795],[136.80702,34.3282],[136.8102,34.32809],[136.81119,34.32796],[136.81077,34.32646],[136.80983,34.32691],[136.80953,34.32743],[136.80871,34.32769],[136.80694,34.32745],[136.80672,34.32612],[136.80578,34.32549],[136.80545,34.32397],[136.80516,34.3237],[136.80518,34.32193],[136.80565,34.32125],[136.80635,34.32094],[136.80587,34.32007],[136.80491,34.32006],[136.80358,34.31944],[136.8029,34.31893],[136.80303,34.31821],[136.80382,34.3184],[136.80419,34.31786],[136.80522,34.31794],[136.80589,34.31734],[136.80493,34.31638],[136.80515,34.31564],[136.80472,34.31453],[136.806,34.31361],[136.80677,34.31397],[136.80691,34.31504],[136.80758,34.3147],[136.80806,34.31345],[136.80847,34.3139],[136.80915,34.31364],[136.80796,34.31275],[136.8062,34.31248],[136.80543,34.31069],[136.8044,34.31022],[136.80524,34.30962],[136.80513,34.30905],[136.8056,34.3083],[136.80686,34.30909],[136.80676,34.31031],[136.80706,34.31118],[136.80767,34.31077],[136.80738,34.30996],[136.80933,34.30977],[136.80932,34.31196],[136.81002,34.31243],[136.81011,34.31358],[136.81053,34.31412],[136.81104,34.31289],[136.81067,34.31257],[136.81024,34.31144],[136.81123,34.31098],[136.81056,34.31054],[136.81072,34.31004],[136.81181,34.31014],[136.81185,34.31064],[136.81353,34.31038],[136.81424,34.31132],[136.81513,34.31151],[136.81565,34.31199],[136.81687,34.31176],[136.81747,34.31225],[136.81877,34.31253],[136.81873,34.31343],[136.81939,34.31323],[136.82009,34.31364],[136.82114,34.31378],[136.82116,34.31504],[136.82192,34.31503],[136.82233,34.31541],[136.82317,34.31469],[136.82427,34.31486],[136.82413,34.31558],[136.82475,34.31597],[136.82545,34.31583],[136.82672,34.3149],[136.82505,34.31487],[136.82442,34.31425],[136.8255,34.3139],[136.82526,34.31338],[136.82452,34.31316],[136.82455,34.31269],[136.82403,34.31153],[136.82542,34.30969],[136.82722,34.30916],[136.82744,34.30967],[136.82853,34.30858],[136.82957,34.30806],[136.83055,34.30818],[136.83092,34.30868],[136.83172,34.30867],[136.83172,34.30786],[136.83295,34.30811],[136.83416,34.30773],[136.83506,34.30828],[136.8359,34.3073],[136.83719,34.30745],[136.83771,34.30795],[136.83726,34.30838],[136.83788,34.30885],[136.83677,34.30935],[136.83776,34.30977],[136.83797,34.31049],[136.83775,34.31161],[136.83862,34.3111],[136.83864,34.31196],[136.83992,34.3123],[136.84004,34.31288],[136.8415,34.31313],[136.84127,34.31383],[136.84153,34.31425],[136.8433,34.31466],[136.84359,34.31393],[136.84423,34.31374],[136.84508,34.31475],[136.84628,34.31409],[136.84773,34.31428],[136.84817,34.31351],[136.84797,34.31267],[136.84743,34.31215],[136.8461,34.31172],[136.84526,34.31071],[136.84409,34.31133],[136.843,34.31104],[136.84258,34.31028],[136.84121,34.31093],[136.84105,34.31053],[136.84009,34.30996],[136.84102,34.3092],[136.84168,34.30956],[136.8425,34.30898],[136.84288,34.30817],[136.84348,34.30877],[136.84406,34.30824],[136.8454,34.30864],[136.84586,34.30856],[136.84718,34.30917],[136.84742,34.30818],[136.84835,34.3078],[136.84923,34.30839],[136.85055,34.30765],[136.85044,34.3073],[136.84867,34.3065],[136.84695,34.30621],[136.84804,34.30391],[136.84699,34.30397],[136.84649,34.30518],[136.84581,34.30491],[136.84521,34.30413],[136.84452,34.3048],[136.84341,34.30449],[136.84311,34.30502],[136.84198,34.30492],[136.84166,34.30596],[136.84062,34.30615],[136.83979,34.30656],[136.8393,34.30544],[136.83882,34.30589],[136.83782,34.30523],[136.83909,34.30511],[136.83997,34.30411],[136.84134,34.30401],[136.84137,34.30278],[136.84074,34.30319],[136.84028,34.30295],[136.84069,34.30212],[136.84057,34.30103],[136.83997,34.30097],[136.83946,34.30161],[136.83891,34.30348],[136.8383,34.30354],[136.83794,34.30279],[136.83816,34.30201],[136.8366,34.30237],[136.83684,34.3034],[136.83595,34.30356],[136.8349,34.30489],[136.83449,34.30397],[136.83365,34.3046],[136.83385,34.30588],[136.83247,34.30653],[136.83262,34.30353],[136.83206,34.30327],[136.83126,34.30355],[136.83045,34.30327],[136.83017,34.30405],[136.82883,34.30408],[136.82751,34.3028],[136.82904,34.30298],[136.82822,34.30203],[136.82846,34.30151],[136.82766,34.30096],[136.82988,34.30045],[136.83122,34.30168],[136.83124,34.30084],[136.83266,34.29984],[136.8309,34.2997],[136.82977,34.29902],[136.83,34.29856],[136.83128,34.29856],[136.83067,34.29762],[136.83137,34.29709],[136.83203,34.29758],[136.83389,34.29724],[136.83452,34.29777],[136.83573,34.2982],[136.83624,34.29779],[136.83541,34.29717],[136.83571,34.29661],[136.83718,34.29676],[136.83844,34.29788],[136.83894,34.2974],[136.83833,34.29641],[136.83873,34.2959],[136.84005,34.29623],[136.84003,34.29689],[136.84043,34.29775],[136.84118,34.2977],[136.84193,34.2972],[136.84147,34.29681],[136.84099,34.29576],[136.84276,34.29489],[136.84361,34.29654],[136.84512,34.29795],[136.8446,34.2989],[136.84515,34.29982],[136.84575,34.30002],[136.84648,34.30101],[136.84892,34.3005],[136.84933,34.3003],[136.85059,34.30091],[136.85041,34.3],[136.84979,34.29899],[136.84889,34.29872],[136.84722,34.29912],[136.84668,34.29823],[136.84715,34.29798],[136.84615,34.29629],[136.84649,34.29527],[136.84754,34.2952],[136.84845,34.29447],[136.84952,34.29485],[136.85071,34.29417],[136.85033,34.29376],[136.84957,34.29383],[136.84819,34.29327],[136.84816,34.29241],[136.84769,34.29179],[136.84771,34.29122],[136.84889,34.29113],[136.8495,34.29165],[136.85025,34.2911],[136.8513,34.29184],[136.85181,34.29183],[136.8533,34.2929],[136.85392,34.29251],[136.85398,34.2919],[136.85317,34.29182],[136.85289,34.29135],[136.85168,34.29047],[136.85205,34.28996],[136.85311,34.28974],[136.85404,34.29004],[136.85496,34.28983],[136.85574,34.29007],[136.85613,34.28939],[136.85504,34.28877],[136.85551,34.28826],[136.85646,34.28783],[136.85729,34.28867],[136.8591,34.28996],[136.85936,34.29097],[136.85989,34.29094],[136.86049,34.28976],[136.86185,34.28914],[136.86207,34.28993],[136.86171,34.29091],[136.86292,34.29182],[136.86382,34.2918],[136.86449,34.2902],[136.8645,34.28916],[136.86626,34.28872],[136.86637,34.28823],[136.86596,34.28738],[136.86681,34.28671],[136.86607,34.28619],[136.86519,34.28687],[136.86496,34.28737],[136.86373,34.28714],[136.8627,34.28588],[136.86214,34.28585],[136.86099,34.28647],[136.86012,34.28538],[136.85941,34.2866],[136.85895,34.28623],[136.85771,34.28633],[136.85645,34.28595],[136.85627,34.28512],[136.85544,34.28563],[136.85432,34.28668],[136.85306,34.28722],[136.85286,34.28642],[136.85221,34.2863],[136.85162,34.28678],[136.85029,34.28705],[136.84764,34.28738],[136.84737,34.28772],[136.84634,34.28788],[136.84543,34.28872],[136.84476,34.28887],[136.84354,34.28977],[136.84282,34.29074],[136.84194,34.29061],[136.84129,34.2912],[136.83916,34.29137],[136.83791,34.29063],[136.83857,34.29008],[136.83712,34.28937],[136.83599,34.28995],[136.83587,34.29038],[136.83696,34.2914],[136.8369,34.29215],[136.83575,34.2916],[136.83441,34.29146],[136.83397,34.29105],[136.83545,34.29064],[136.83565,34.28931],[136.83612,34.28874],[136.83622,34.28792],[136.83559,34.28666],[136.83614,34.28627],[136.8382,34.28529],[136.83833,34.28447],[136.83648,34.28486],[136.83617,34.28521],[136.83499,34.28388],[136.8347,34.28462],[136.83483,34.28525],[136.83371,34.28558],[136.83275,34.28501],[136.83175,34.28485],[136.83099,34.28516],[136.83002,34.28517],[136.82998,34.28544],[136.83016,34.28577],[136.82881,34.28592],[136.82784,34.28502],[136.82844,34.28412],[136.82828,34.28363],[136.82886,34.28318],[136.82944,34.2837],[136.83246,34.28423],[136.83319,34.2835],[136.83218,34.28188],[136.83172,34.28087],[136.83163,34.27991],[136.8313,34.27933],[136.83232,34.27867],[136.83336,34.27849],[136.83222,34.27781],[136.83125,34.27801],[136.83132,34.27702],[136.83076,34.27703],[136.83051,34.27596],[136.83107,34.27551],[136.83166,34.27595],[136.83246,34.27576],[136.83334,34.276],[136.83383,34.27501],[136.83441,34.27599],[136.83479,34.27497],[136.83527,34.27512],[136.83609,34.27448],[136.83548,34.27377],[136.83427,34.27368],[136.83264,34.27383],[136.83221,34.27274],[136.833,34.2714],[136.8332,34.27048],[136.83395,34.27103],[136.83566,34.27138],[136.83537,34.27178],[136.83583,34.27232],[136.83674,34.27238],[136.83745,34.27276],[136.83915,34.27421],[136.83866,34.27492],[136.83938,34.27527],[136.84086,34.27505],[136.83995,34.27439],[136.8399,34.27334],[136.83931,34.27287],[136.83809,34.27239],[136.83771,34.27173],[136.83797,34.27115],[136.83897,34.2707],[136.84026,34.27142],[136.84084,34.27155],[136.8412,34.27213],[136.84094,34.2728],[136.84185,34.27303],[136.84217,34.27182],[136.84362,34.27163],[136.84312,34.2731],[136.84347,34.27358],[136.84291,34.27393],[136.84309,34.27472],[136.84481,34.27433],[136.84441,34.27538],[136.84358,34.2753],[136.84348,34.27593],[136.84454,34.2767],[136.84361,34.27706],[136.84366,34.27825],[136.84502,34.28002],[136.84568,34.2796],[136.8456,34.27809],[136.84585,34.27689],[136.84704,34.27674],[136.84599,34.2761],[136.84699,34.27549],[136.84828,34.27602],[136.84853,34.27653],[136.8492,34.27668],[136.84999,34.27729],[136.85089,34.27756],[136.85101,34.27795],[136.85005,34.27876],[136.85259,34.27879],[136.85418,34.27831],[136.85524,34.27864],[136.85434,34.27983],[136.85513,34.27996],[136.85596,34.27974],[136.85681,34.28027],[136.85717,34.27947],[136.85842,34.27972],[136.85957,34.27938],[136.85887,34.2789],[136.85733,34.27863],[136.85725,34.27726],[136.85643,34.27669],[136.85577,34.27701],[136.85455,34.27691],[136.85351,34.27627],[136.85461,34.27582],[136.85353,34.27473],[136.85365,34.27416],[136.85532,34.27328],[136.85626,34.27356],[136.85655,34.27433],[136.85792,34.27471],[136.86103,34.27448],[136.86172,34.27566],[136.86216,34.27527],[136.86175,34.27425],[136.86125,34.27387],[136.85968,34.27411],[136.85806,34.27389],[136.85752,34.27299],[136.85924,34.27199],[136.85995,34.27178],[136.86269,34.27145],[136.8627,34.27051],[136.85945,34.27082],[136.85794,34.27051],[136.8556,34.27134],[136.85541,34.27174],[136.85311,34.2722],[136.85277,34.27162],[136.8533,34.27052],[136.85256,34.27039],[136.85225,34.26964],[136.8536,34.26906],[136.85407,34.26847],[136.85596,34.26783],[136.85699,34.2681],[136.85815,34.26769],[136.85936,34.26646],[136.85704,34.26701],[136.85502,34.26714],[136.85415,34.26735],[136.85288,34.26824],[136.85192,34.26784],[136.85188,34.26842],[136.8509,34.26831],[136.85043,34.26794],[136.8519,34.26668],[136.8512,34.26629],[136.8499,34.26686],[136.84906,34.26659],[136.84897,34.2653],[136.84986,34.26477],[136.84908,34.26398],[136.84834,34.2661],[136.8473,34.26684],[136.84768,34.26825],[136.84843,34.26876],[136.84922,34.26884],[136.84952,34.26946],[136.85016,34.26986],[136.85118,34.2714],[136.85118,34.27208],[136.85183,34.27313],[136.85095,34.27364],[136.84989,34.2729],[136.84927,34.27331],[136.84854,34.27298],[136.84824,34.27177],[136.8488,34.27135],[136.84855,34.27054],[136.84958,34.27075],[136.84819,34.26943],[136.84754,34.2693],[136.84678,34.26968],[136.84452,34.26869],[136.84466,34.26794],[136.84539,34.26724],[136.84466,34.26698],[136.84378,34.26808],[136.8427,34.26736],[136.84267,34.26696],[136.84469,34.26641],[136.84368,34.26612],[136.84232,34.2667],[136.84196,34.26531],[136.84224,34.26476],[136.84161,34.26453],[136.83987,34.26497],[136.83992,34.26445],[136.83924,34.26348],[136.838,34.26303],[136.83854,34.26266],[136.83746,34.2618],[136.83568,34.261],[136.83487,34.26043],[136.8348,34.2599],[136.83564,34.25892],[136.83412,34.25892],[136.8339,34.2592],[136.83422,34.26104],[136.83587,34.26216],[136.83555,34.26274],[136.83634,34.26399],[136.83642,34.2655],[136.83439,34.26462],[136.8343,34.26525],[136.83482,34.26562],[136.83525,34.26643],[136.834,34.26636],[136.83236,34.26539],[136.83138,34.26635],[136.83049,34.26623],[136.82988,34.26568],[136.82939,34.26473],[136.83042,34.2638],[136.82964,34.26257],[136.82995,34.26163],[136.83073,34.26081],[136.83026,34.2598],[136.83105,34.25974],[136.8303,34.25877],[136.82885,34.25959],[136.82809,34.25955],[136.82863,34.26056],[136.82805,34.26138],[136.82874,34.2622],[136.8289,34.2632],[136.82857,34.26393],[136.82771,34.26456],[136.82845,34.26512],[136.82802,34.26628],[136.82826,34.26684],[136.82787,34.26729],[136.82906,34.26759],[136.82992,34.26914],[136.82964,34.27008],[136.82963,34.27104],[136.82909,34.27138],[136.82795,34.27058],[136.82755,34.26916],[136.82678,34.27034],[136.82761,34.27079],[136.82699,34.2723],[136.82639,34.27213],[136.82543,34.27097],[136.82339,34.27185],[136.82281,34.27249],[136.82192,34.27247],[136.82135,34.27328],[136.82028,34.27313],[136.81919,34.27366],[136.81901,34.27334],[136.81737,34.27329],[136.81723,34.27279],[136.81793,34.27135],[136.81891,34.2715],[136.81938,34.27212],[136.81977,34.27095],[136.81927,34.26996],[136.81836,34.27003],[136.81813,34.26902],[136.81752,34.2685],[136.81836,34.26801],[136.81829,34.26767],[136.81672,34.26753],[136.8163,34.26701],[136.81624,34.26604],[136.81645,34.26526],[136.81571,34.26426],[136.81489,34.26424],[136.81422,34.26476],[136.81368,34.2642],[136.813,34.26445],[136.81233,34.26317],[136.81145,34.26345],[136.81207,34.2644],[136.81105,34.2643],[136.81074,34.26392],[136.80954,34.26508],[136.81221,34.2652],[136.8141,34.26606],[136.81307,34.26665],[136.81148,34.26722],[136.81172,34.26779],[136.81258,34.2674],[136.81382,34.2684],[136.81362,34.26956],[136.8114,34.26916],[136.81143,34.26979],[136.81315,34.27031],[136.81381,34.27093],[136.81318,34.27149],[136.81374,34.27205],[136.81129,34.27311],[136.81101,34.27356],[136.81008,34.27381],[136.80955,34.27355],[136.81133,34.27248],[136.81046,34.27179],[136.8095,34.2722],[136.80922,34.27277],[136.80842,34.27244],[136.80489,34.27311],[136.80512,34.27235],[136.80504,34.2714],[136.80383,34.27248],[136.80375,34.27328],[136.80266,34.27372],[136.80192,34.27439],[136.80185,34.27489],[136.80077,34.27545],[136.79982,34.27526],[136.79839,34.27626],[136.79586,34.277],[136.79535,34.27692],[136.79348,34.27756],[136.79297,34.27697],[136.79244,34.2777],[136.79251,34.27505],[136.79335,34.27406],[136.79341,34.27332],[136.79418,34.27308],[136.7949,34.27231],[136.79395,34.27112],[136.79225,34.27265],[136.79201,34.27408],[136.79139,34.27439],[136.79067,34.27568],[136.79138,34.2765],[136.79131,34.27721],[136.7902,34.27807],[136.78877,34.27786],[136.78808,34.27829],[136.78752,34.27793],[136.78636,34.27766],[136.785,34.27835],[136.78444,34.27821],[136.78434,34.27767],[136.78393,34.27742],[136.7841,34.2766],[136.78372,34.27644],[136.7831,34.27714],[136.78191,34.27554],[136.77911,34.27547],[136.77771,34.27506],[136.77656,34.27514],[136.77688,34.27566],[136.77847,34.27612],[136.77954,34.27628],[136.77974,34.27702],[136.77879,34.27716],[136.7783,34.27803],[136.77736,34.27778],[136.77627,34.27822],[136.77588,34.27774],[136.7743,34.27673],[136.7731,34.27685],[136.77243,34.27769],[136.77277,34.27816],[136.77161,34.27836],[136.7709,34.27873],[136.76951,34.27822],[136.76979,34.27776],[136.76911,34.27742],[136.76813,34.27742],[136.76815,34.27809],[136.76724,34.27797],[136.76561,34.2782],[136.76455,34.27705],[136.76323,34.27694],[136.7632,34.2757],[136.76256,34.27436],[136.76173,34.27356],[136.75968,34.27258],[136.75813,34.27253],[136.75776,34.27327],[136.75635,34.27323],[136.75616,34.27272],[136.75529,34.27273],[136.75517,34.27244],[136.75462,34.27213],[136.75351,34.27286],[136.75195,34.27247],[136.75206,34.27225],[136.75208,34.27165],[136.75181,34.27124],[136.75105,34.27059],[136.75008,34.27021],[136.75153,34.26972],[136.75197,34.26979],[136.7525,34.26968],[136.75268,34.26939],[136.75539,34.26929],[136.75594,34.26973],[136.75726,34.26981],[136.75912,34.26945],[136.75988,34.26895],[136.76171,34.26814],[136.76313,34.2669],[136.76456,34.2648],[136.76514,34.26357],[136.7651,34.2628],[136.76467,34.262],[136.76538,34.26065],[136.76537,34.2598],[136.76692,34.26099],[136.76856,34.26108],[136.76981,34.26036],[136.77036,34.25939],[136.77132,34.25972],[136.77223,34.25946],[136.77342,34.2595],[136.77404,34.25905],[136.77373,34.25852],[136.77488,34.25832],[136.77498,34.25866],[136.77592,34.25879],[136.77526,34.25939],[136.77587,34.26079],[136.77738,34.26106],[136.77842,34.2605],[136.77958,34.26037],[136.78117,34.26087],[136.7823,34.26071],[136.78323,34.25991],[136.78325,34.25912],[136.78385,34.25806],[136.78441,34.25814],[136.78455,34.25814],[136.7848,34.25799],[136.78543,34.25831],[136.78557,34.25831],[136.78582,34.25827],[136.78652,34.25797],[136.78765,34.25703],[136.78904,34.25634],[136.78928,34.25698],[136.7894,34.25711],[136.79043,34.25755],[136.79147,34.25761],[136.79223,34.25727],[136.79293,34.2561],[136.79286,34.25551],[136.79449,34.25574],[136.79452,34.25688],[136.79576,34.25699],[136.79679,34.25639],[136.79705,34.25567],[136.79684,34.25536],[136.79812,34.25497],[136.79972,34.25521],[136.80151,34.25485],[136.80205,34.25274],[136.80253,34.25277],[136.80235,34.25408],[136.8045,34.2543],[136.80476,34.25459],[136.80612,34.25447],[136.80622,34.25521],[136.80703,34.25514],[136.80684,34.25373],[136.80737,34.25292],[136.80803,34.25319],[136.80993,34.2529],[136.81194,34.2528],[136.81529,34.25165],[136.81644,34.25112],[136.81813,34.25075],[136.81934,34.25065],[136.82101,34.25099],[136.82273,34.251],[136.82342,34.25072],[136.82657,34.25091],[136.82821,34.25129],[136.82953,34.25216],[136.83196,34.25249],[136.83403,34.2523],[136.8347,34.25157],[136.83566,34.25148],[136.83625,34.25115],[136.83708,34.25171],[136.8382,34.2519],[136.83911,34.25172],[136.83936,34.25208],[136.84051,34.25229],[136.84178,34.25197],[136.84414,34.25099],[136.84467,34.24974],[136.84609,34.24889],[136.84621,34.24762],[136.84708,34.24669],[136.84767,34.24652],[136.84825,34.24732],[136.84787,34.24782],[136.848,34.24905],[136.84737,34.24997],[136.84797,34.25196],[136.8477,34.25328],[136.84799,34.25424],[136.84804,34.25578],[136.84831,34.25693],[136.84967,34.25907],[136.85054,34.25992],[136.85297,34.26172],[136.85369,34.26198],[136.85581,34.26231],[136.85695,34.26196],[136.8575,34.26223],[136.85945,34.26184],[136.85983,34.26116],[136.86061,34.26175],[136.86085,34.26191],[136.86111,34.26197],[136.86146,34.26255],[136.86397,34.26267],[136.86482,34.26313],[136.86701,34.26321],[136.86787,34.26303],[136.86798,34.26289],[136.86814,34.2623],[136.86866,34.26203],[136.8695,34.26257],[136.87015,34.26267],[136.87043,34.26375],[136.87095,34.26432],[136.87247,34.26504],[136.87241,34.26623],[136.87143,34.2665],[136.87132,34.26759],[136.87091,34.26814],[136.87096,34.26902],[136.87055,34.26925],[136.86932,34.26927],[136.86874,34.26984],[136.86852,34.2706],[136.86865,34.27184],[136.86946,34.27313],[136.86995,34.27343],[136.87152,34.27318],[136.8731,34.27321],[136.87394,34.27309],[136.8745,34.27339],[136.87495,34.2735],[136.8766,34.27355],[136.8782,34.27284],[136.87923,34.27341],[136.88117,34.27363],[136.8826,34.27413],[136.88332,34.27545],[136.88393,34.2755],[136.88505,34.27504],[136.88587,34.27503],[136.88618,34.27456],[136.88693,34.27445],[136.88691,34.27515],[136.88761,34.27599],[136.88852,34.27641],[136.88973,34.27599],[136.89116,34.27602],[136.89161,34.27651],[136.89323,34.2768],[136.89343,34.27673],[136.89359,34.27661],[136.89364,34.27647],[136.89366,34.27621],[136.89399,34.27636],[136.8947,34.27695],[136.89519,34.27682],[136.89525,34.27673],[136.89643,34.27678],[136.89765,34.27648],[136.89822,34.27536],[136.89871,34.27585],[136.89979,34.27582],[136.90009,34.27627],[136.89977,34.27648],[136.89957,34.27694],[136.90029,34.27794],[136.90131,34.27796],[136.90177,34.27883],[136.9013,34.27894],[136.9001,34.28021],[136.89884,34.27944],[136.89895,34.27876],[136.89768,34.27874],[136.89784,34.27942],[136.89834,34.27964],[136.89766,34.28135],[136.89787,34.28186],[136.8987,34.28163],[136.89905,34.28248],[136.89822,34.28272],[136.89887,34.28464],[136.89877,34.28517],[136.89943,34.2856],[136.89833,34.28572],[136.89793,34.28651],[136.897,34.2867],[136.89625,34.28735],[136.89518,34.28709],[136.89415,34.28805],[136.89407,34.28875],[136.89426,34.28905],[136.89468,34.28933],[136.89434,34.29043],[136.8946,34.29121],[136.89412,34.29209],[136.89398,34.29267],[136.89335,34.29275],[136.89271,34.29351],[136.89113,34.29394],[136.88922,34.29513],[136.88891,34.2958],[136.88706,34.29703],[136.88662,34.2966],[136.88625,34.29666],[136.8853,34.29724],[136.88416,34.29867],[136.88427,34.30008],[136.88584,34.30145],[136.88649,34.30152],[136.88673,34.30123],[136.88696,34.30117],[136.88704,34.30095],[136.88782,34.30128],[136.88761,34.30143],[136.88744,34.30148],[136.88741,34.30157],[136.88756,34.30165],[136.88723,34.30188],[136.887,34.30231],[136.88643,34.30287],[136.88603,34.3041],[136.88602,34.30542],[136.88686,34.30714],[136.88758,34.30787],[136.889,34.30819],[136.88903,34.30865],[136.88996,34.30976],[136.89139,34.31005],[136.89124,34.31061],[136.89166,34.31214],[136.89234,34.31291],[136.89209,34.31327],[136.89171,34.3157],[136.89095,34.31597],[136.89035,34.31532],[136.88925,34.31591],[136.8869,34.31687],[136.88526,34.31798],[136.88309,34.32058],[136.88289,34.32137],[136.88226,34.32245],[136.88125,34.32246],[136.88021,34.32354],[136.8789,34.32529],[136.87836,34.32666],[136.87792,34.32953],[136.87788,34.33188],[136.87767,34.33356],[136.87782,34.33551],[136.87836,34.33662],[136.87916,34.33961],[136.87962,34.34066],[136.88049,34.342],[136.88044,34.34262],[136.88092,34.34333],[136.88089,34.34401],[136.8813,34.34484],[136.88158,34.34524],[136.88191,34.34548],[136.88318,34.34587],[136.88437,34.34551],[136.88506,34.34626],[136.88546,34.34628],[136.88616,34.34603],[136.88708,34.34664],[136.88833,34.34838],[136.88957,34.34924],[136.8905,34.34952],[136.89207,34.34954],[136.89199,34.35052],[136.89295,34.35199],[136.89397,34.35275],[136.89544,34.35307],[136.89608,34.35257],[136.8965,34.35284],[136.8964,34.35302],[136.89637,34.35321],[136.8965,34.35362],[136.8973,34.35425],[136.89887,34.35493],[136.89954,34.35506],[136.9005,34.35564],[136.90115,34.35552],[136.90108,34.35723],[136.90209,34.35933],[136.90352,34.36129],[136.90448,34.36177],[136.90532,34.36142],[136.90642,34.36192],[136.90637,34.36258],[136.90674,34.36312],[136.90756,34.36358],[136.90792,34.3644],[136.90891,34.36512],[136.90658,34.36518],[136.90612,34.36537],[136.90518,34.36497],[136.90496,34.36422],[136.90393,34.36384],[136.90379,34.36314],[136.90307,34.36281],[136.90127,34.36271],[136.89896,34.36326],[136.89768,34.36373],[136.89893,34.36197],[136.89823,34.36168],[136.8979,34.36229],[136.89686,34.36291],[136.89679,34.3622],[136.89622,34.36171],[136.89454,34.36177],[136.89478,34.36343],[136.8953,34.36367],[136.8952,34.36428],[136.89362,34.36386],[136.89251,34.36479],[136.89214,34.3656],[136.89105,34.36508],[136.89066,34.36456],[136.89014,34.36427],[136.88882,34.36373],[136.88836,34.36257],[136.88844,34.36187],[136.891,34.36057],[136.89164,34.3594],[136.89121,34.35921],[136.89069,34.36021],[136.88998,34.36028],[136.88861,34.36079],[136.88792,34.36152],[136.8872,34.35944],[136.88731,34.35854],[136.8887,34.3583],[136.8883,34.35674],[136.88787,34.35687],[136.88773,34.35782],[136.88707,34.35766],[136.88653,34.35822],[136.88635,34.35896],[136.88588,34.35929],[136.88601,34.36058],[136.88635,34.36137],[136.88529,34.36162],[136.88427,34.36139],[136.884,34.36084],[136.88252,34.36],[136.88125,34.35863],[136.88145,34.35819],[136.88117,34.35743],[136.88041,34.35735],[136.87971,34.35665],[136.88009,34.35594],[136.87818,34.35536],[136.87708,34.35444],[136.87639,34.35409],[136.87474,34.35402],[136.87318,34.35262],[136.87222,34.35213],[136.87163,34.35103],[136.87307,34.35021],[136.8727,34.34963],[136.87155,34.34998],[136.87041,34.34993],[136.87018,34.34952],[136.87085,34.34821],[136.87055,34.34757],[136.86983,34.34688],[136.86956,34.34569],[136.86966,34.34463],[136.86894,34.34439],[136.8668,34.34269],[136.86566,34.34295],[136.86568,34.3444],[136.86539,34.34498],[136.86566,34.34853],[136.86545,34.34947],[136.86601,34.35105],[136.86467,34.35143],[136.86266,34.35118],[136.86183,34.35134],[136.86154,34.35067],[136.86085,34.35134],[136.8612,34.35213],[136.86098,34.35263],[136.86174,34.35296],[136.86225,34.35275],[136.86318,34.3531],[136.86361,34.35364],[136.86429,34.35343],[136.86617,34.35381],[136.8676,34.35381],[136.86857,34.35435],[136.86876,34.35523],[136.86774,34.35531],[136.86785,34.35658],[136.86905,34.35645],[136.86912,34.35732],[136.8676,34.35809],[136.86771,34.35885],[136.86694,34.35935],[136.86613,34.36023],[136.86551,34.35953],[136.86465,34.3595],[136.86545,34.36063],[136.86453,34.36253],[136.86544,34.36359],[136.86429,34.36446],[136.86361,34.36469],[136.86244,34.36469],[136.86156,34.36412],[136.86149,34.36333],[136.86195,34.36241],[136.86254,34.36234],[136.86218,34.36106],[136.86136,34.36164],[136.85932,34.36105],[136.85828,34.36098],[136.85695,34.36133],[136.8572,34.3605],[136.85674,34.36],[136.85567,34.35946],[136.85461,34.35808],[136.85384,34.35858],[136.85276,34.35789],[136.8528,34.35637],[136.85223,34.35572],[136.85122,34.35626],[136.85008,34.35633],[136.85092,34.35705],[136.85164,34.35889],[136.85203,34.36068],[136.8515,34.36107],[136.8522,34.36155],[136.85245,34.36229],[136.85182,34.3633],[136.85293,34.36325],[136.85297,34.36407],[136.85266,34.36505],[136.85311,34.3661],[136.85323,34.36711],[136.85214,34.36859],[136.85132,34.36813],[136.8509,34.36857],[136.84861,34.3691],[136.84826,34.36964],[136.84736,34.36974],[136.84663,34.37027],[136.84604,34.36949],[136.84661,34.36851],[136.84683,34.36764],[136.84471,34.36667],[136.84478,34.36627],[136.84348,34.36591],[136.84329,34.36557],[136.84202,34.36554],[136.84034,34.3651],[136.84044,34.36405],[136.84002,34.36308],[136.84044,34.36193],[136.84121,34.36077],[136.84213,34.3603],[136.8409,34.3598],[136.84115,34.35894],[136.84045,34.35828],[136.8388,34.35847],[136.83827,34.3583],[136.83803,34.35646],[136.8372,34.35497],[136.8366,34.35511],[136.83492,34.35473],[136.83424,34.35434],[136.83294,34.35443],[136.83227,34.35484],[136.83079,34.35473],[136.8293,34.35376],[136.82844,34.35406],[136.82765,34.35321],[136.82657,34.35266],[136.82426,34.35337],[136.82308,34.35405],[136.82187,34.35578],[136.82138,34.35682],[136.82009,34.35784],[136.82052,34.35883],[136.82145,34.35939],[136.82267,34.36117],[136.82282,34.36274],[136.82218,34.3631],[136.82085,34.36342],[136.81634,34.36427],[136.81535,34.3643],[136.81467,34.36468],[136.81337,34.36447],[136.81281,34.3656],[136.81324,34.36595],[136.81272,34.36654],[136.81239,34.36756],[136.81257,34.36815],[136.81495,34.36739],[136.81735,34.36566],[136.81878,34.36543],[136.82209,34.3655],[136.82302,34.36493],[136.82525,34.36486],[136.82656,34.36528],[136.82761,34.36517],[136.82895,34.36432],[136.83047,34.36361],[136.83158,34.36372],[136.8325,34.36353],[136.83257,34.36221],[136.83294,34.36166],[136.83362,34.36152],[136.83438,34.36176],[136.83654,34.36298],[136.83765,34.36372],[136.83806,34.366],[136.83776,34.36688],[136.84116,34.36729],[136.84159,34.36772],[136.84235,34.36747],[136.84389,34.36759],[136.84468,34.36832],[136.84437,34.36884],[136.84453,34.36994],[136.84239,34.37051],[136.84141,34.37182],[136.84276,34.37175],[136.84352,34.37117],[136.84452,34.37079],[136.84606,34.3717],[136.84709,34.37204],[136.84839,34.37166],[136.8489,34.37079],[136.85021,34.37076],[136.85118,34.37128],[136.85195,34.37116],[136.85266,34.37059],[136.8531,34.36987],[136.85429,34.36952],[136.85536,34.36863],[136.85564,34.36798],[136.85582,34.36647],[136.85579,34.36494],[136.85675,34.36465],[136.8568,34.36373],[136.85789,34.3638],[136.85853,34.36439],[136.8594,34.36595],[136.85939,34.36716],[136.86038,34.3683],[136.86117,34.36815],[136.86157,34.36733],[136.86364,34.3679],[136.86611,34.3679],[136.86678,34.36811],[136.86727,34.37002],[136.8668,34.37075],[136.86737,34.3711],[136.86789,34.37028],[136.86771,34.36944],[136.87001,34.36971],[136.8708,34.36996],[136.8714,34.37074],[136.87167,34.37182],[136.87153,34.37232],[136.86955,34.37351],[136.8688,34.37446],[136.86778,34.3745],[136.86701,34.37401],[136.86635,34.3743],[136.86672,34.37483],[136.86834,34.37567],[136.86927,34.3751],[136.87035,34.37488],[136.87149,34.37419],[136.87312,34.37442],[136.87253,34.37312],[136.87372,34.3725],[136.87421,34.37136],[136.87512,34.37056],[136.87698,34.37122],[136.87619,34.37267],[136.87632,34.37394],[136.87584,34.37489],[136.87519,34.37511],[136.87496,34.37684],[136.87455,34.37718],[136.87461,34.37814],[136.87409,34.37932],[136.87431,34.37986],[136.87347,34.38036],[136.87335,34.38156],[136.8723,34.38195],[136.87226,34.38311],[136.8714,34.38383],[136.87128,34.38503],[136.87037,34.38545],[136.86977,34.38691],[136.87017,34.38715],[136.869,34.38861],[136.86794,34.38971],[136.86816,34.39128],[136.86696,34.39211],[136.86636,34.39225],[136.86606,34.39291],[136.8664,34.39371],[136.86558,34.39394],[136.86521,34.39443],[136.86294,34.39406],[136.86087,34.39259],[136.86041,34.39321],[136.86047,34.39453],[136.86116,34.39589],[136.86066,34.39713],[136.86084,34.39767],[136.86179,34.39806],[136.8629,34.39914],[136.86409,34.39926],[136.86567,34.39912],[136.86652,34.39956],[136.86712,34.40031],[136.86799,34.40025],[136.86836,34.40076],[136.86842,34.40213],[136.86762,34.403],[136.86585,34.4031],[136.86485,34.40453],[136.86388,34.4056],[136.86151,34.40513],[136.86015,34.40448],[136.85947,34.4045],[136.85877,34.40517],[136.85766,34.40533],[136.8567,34.40503],[136.85531,34.4051],[136.85428,34.40704],[136.8534,34.40786],[136.85155,34.40789],[136.84947,34.40773],[136.84881,34.40743],[136.84747,34.40783],[136.84673,34.40769],[136.84644,34.40668],[136.84659,34.40536],[136.84606,34.40502],[136.84561,34.40413],[136.84451,34.40313],[136.84453,34.40207],[136.84407,34.40098],[136.84467,34.39978],[136.8442,34.39932],[136.84293,34.39984],[136.84192,34.40066],[136.84088,34.40104],[136.83991,34.40037],[136.83728,34.40011],[136.83652,34.39923],[136.8354,34.39914],[136.83477,34.40009],[136.83409,34.40061],[136.83279,34.40085],[136.83162,34.40074],[136.83072,34.40129],[136.83051,34.40227],[136.83092,34.40453],[136.83028,34.40567],[136.82912,34.40628],[136.82802,34.40649],[136.82731,34.40638],[136.82589,34.40669],[136.82485,34.40754],[136.82413,34.40892],[136.8226,34.4085],[136.82138,34.40846],[136.82114,34.40965],[136.82004,34.41106],[136.82028,34.41202],[136.81974,34.41243],[136.81822,34.41293],[136.8155,34.41293],[136.81431,34.41409],[136.81203,34.41434],[136.81056,34.41533],[136.80987,34.41556],[136.80751,34.41715],[136.80684,34.41799],[136.80593,34.41963],[136.80433,34.42076],[136.80356,34.42167],[136.80313,34.42184],[136.8012,34.42195],[136.79981,34.42237],[136.79844,34.42229],[136.79748,34.4226],[136.79556,34.42233],[136.79507,34.42266],[136.79382,34.42407],[136.79304,34.42432],[136.79001,34.4244],[136.78854,34.42363],[136.78753,34.42334],[136.78649,34.42227],[136.78509,34.42112],[136.78384,34.41946],[136.78145,34.41842],[136.7807,34.41688],[136.77888,34.41683],[136.77715,34.41749],[136.77472,34.41768],[136.77292,34.41812],[136.77229,34.41714],[136.77057,34.41611],[136.76991,34.41556],[136.76919,34.41537],[136.76833,34.41465],[136.7674,34.41453],[136.76555,34.41364],[136.76409,34.41266],[136.76274,34.41205],[136.76204,34.41242],[136.7609,34.41187],[136.75944,34.41167],[136.75921,34.41129],[136.75867,34.40912],[136.75819,34.40817],[136.75866,34.4077],[136.75792,34.40469],[136.75751,34.40417],[136.7565,34.40373],[136.7554,34.40364],[136.75428,34.40272],[136.75454,34.40138],[136.75399,34.40086],[136.75442,34.40045],[136.75787,34.39944],[136.75846,34.39879],[136.75713,34.39779],[136.75657,34.39607],[136.75516,34.39505],[136.7548,34.39293],[136.75404,34.39231],[136.75405,34.39137],[136.75186,34.3894],[136.75136,34.38775],[136.7515,34.38616],[136.74996,34.38547],[136.74708,34.3849],[136.74597,34.38515],[136.74353,34.38472]]],[[[136.81605,34.3044],[136.81624,34.30528],[136.81705,34.30532],[136.81725,34.3063],[136.81776,34.30623],[136.81912,34.30673],[136.81948,34.30529],[136.82035,34.30535],[136.82156,34.30495],[136.82232,34.30493],[136.82283,34.3059],[136.82342,34.30632],[136.82518,34.30627],[136.82491,34.30686],[136.8263,34.30702],[136.82556,34.3084],[136.82479,34.30866],[136.8246,34.3092],[136.82505,34.30961],[136.82427,34.31063],[136.82227,34.31135],[136.82126,34.31188],[136.821,34.31118],[136.81999,34.31162],[136.8195,34.31115],[136.81624,34.31073],[136.81617,34.30979],[136.81488,34.30951],[136.81417,34.30902],[136.81338,34.30921],[136.81232,34.30834],[136.81137,34.30887],[136.81148,34.30758],[136.811,34.30698],[136.81107,34.30622],[136.81203,34.30577],[136.81315,34.30584],[136.81316,34.30514],[136.8144,34.30476],[136.81526,34.30506],[136.81549,34.30421],[136.81605,34.3044]]],[[[136.87368,34.35776],[136.87458,34.35912],[136.87483,34.35907],[136.87583,34.36055],[136.87634,34.36032],[136.87696,34.36167],[136.87714,34.36287],[136.87751,34.36394],[136.87727,34.36493],[136.87808,34.36549],[136.87731,34.36625],[136.87737,34.36724],[136.87689,34.36769],[136.87597,34.3679],[136.87343,34.36781],[136.87388,34.36724],[136.87369,34.36652],[136.87399,34.3653],[136.87269,34.36572],[136.87243,34.36524],[136.87287,34.36311],[136.87239,34.36292],[136.87173,34.3648],[136.87114,34.36597],[136.87149,34.36665],[136.87054,34.36751],[136.8695,34.36712],[136.86965,34.36542],[136.86888,34.36605],[136.86791,34.36611],[136.86655,34.36576],[136.8663,34.36474],[136.86686,34.36448],[136.86695,34.36385],[136.86794,34.36339],[136.8677,34.36292],[136.86889,34.36254],[136.8691,34.36141],[136.87021,34.36141],[136.87091,34.36055],[136.87125,34.35942],[136.87244,34.3594],[136.87323,34.35895],[136.87309,34.35756],[136.87368,34.35776]]],[[[136.8093,34.28898],[136.80835,34.28893],[136.80797,34.28832],[136.80796,34.28751],[136.8087,34.28704],[136.80923,34.28751],[136.81017,34.28722],[136.81234,34.28724],[136.81371,34.28756],[136.81479,34.28842],[136.81628,34.28811],[136.81655,34.28918],[136.81711,34.28968],[136.81813,34.28997],[136.81812,34.28891],[136.81924,34.28875],[136.8193,34.28791],[136.82036,34.2882],[136.82068,34.28929],[136.82138,34.28979],[136.81946,34.28989],[136.82015,34.29051],[136.82254,34.29085],[136.8225,34.29205],[136.82095,34.29191],[136.82051,34.29135],[136.81956,34.29192],[136.81774,34.29272],[136.81701,34.29196],[136.81532,34.2915],[136.81456,34.29088],[136.81381,34.29084],[136.81357,34.2914],[136.81372,34.29221],[136.81306,34.2922],[136.81262,34.29137],[136.8131,34.29097],[136.81284,34.29037],[136.81215,34.29056],[136.81175,34.28957],[136.81051,34.28949],[136.80997,34.28897],[136.8093,34.28898]]],[[[136.82354,34.2915],[136.82289,34.29089],[136.82341,34.2903],[136.82333,34.28824],[136.8242,34.28963],[136.82427,34.29032],[136.82506,34.29012],[136.82564,34.28963],[136.82531,34.28925],[136.82581,34.2887],[136.8278,34.29057],[136.82733,34.29099],[136.82649,34.29079],[136.82604,34.29136],[136.82645,34.29202],[136.8256,34.29214],[136.82504,34.29271],[136.82531,34.29353],[136.82606,34.29411],[136.82493,34.29443],[136.82349,34.29398],[136.82394,34.29497],[136.82279,34.29554],[136.82232,34.2948],[136.82285,34.29443],[136.82199,34.29384],[136.82131,34.29488],[136.82064,34.29445],[136.82211,34.29349],[136.82406,34.29303],[136.82359,34.29241],[136.82354,34.2915]]],[[[136.82481,34.2951],[136.82537,34.29515],[136.82556,34.29642],[136.82591,34.29712],[136.82537,34.29788],[136.82472,34.29813],[136.82482,34.29894],[136.82609,34.29941],[136.82447,34.29994],[136.82403,34.29941],[136.82318,34.29914],[136.823,34.29842],[136.82189,34.29835],[136.8201,34.29695],[136.82102,34.29665],[136.82325,34.29655],[136.82423,34.29581],[136.82509,34.29582],[136.82481,34.2951]]],[[[136.80769,34.27427],[136.80522,34.27638],[136.80492,34.27701],[136.80405,34.277],[136.80275,34.27735],[136.8024,34.27662],[136.80276,34.27564],[136.80453,34.27508],[136.80556,34.27419],[136.80658,34.27378],[136.80679,34.27319],[136.80789,34.2739],[136.80769,34.27427]]],[[[136.83754,34.26688],[136.83992,34.26672],[136.84053,34.2672],[136.84155,34.26756],[136.84073,34.2682],[136.84002,34.26793],[136.83983,34.26864],[136.83905,34.26902],[136.8378,34.26897],[136.838,34.26783],[136.83754,34.26688]]],[[[136.82133,34.29968],[136.82206,34.29997],[136.82062,34.30111],[136.82045,34.30201],[136.81895,34.30218],[136.81838,34.30254],[136.81777,34.3022],[136.81748,34.30142],[136.81795,34.30113],[136.81865,34.30141],[136.81944,34.30132],[136.81928,34.30029],[136.81974,34.30025],[136.81981,34.29934],[136.82063,34.29931],[136.82133,34.29968]]],[[[136.82861,34.29048],[136.82812,34.29058],[136.82788,34.28966],[136.8297,34.28913],[136.83136,34.28945],[136.83248,34.28907],[136.83217,34.29086],[136.83083,34.29095],[136.83017,34.2904],[136.82937,34.2909],[136.82861,34.29048]]],[[[136.82477,34.28539],[136.82535,34.2853],[136.82623,34.28419],[136.82676,34.2858],[136.82664,34.28625],[136.82464,34.28662],[136.82305,34.28644],[136.82407,34.28529],[136.82477,34.28539]]],[[[136.81071,34.22994],[136.81149,34.22928],[136.81164,34.22981],[136.81202,34.23015],[136.81299,34.22995],[136.81387,34.23035],[136.81341,34.23193],[136.81263,34.23237],[136.81219,34.23139],[136.81071,34.22994]]],[[[136.81457,34.2997],[136.8158,34.30021],[136.81559,34.30064],[136.81651,34.30101],[136.81631,34.30174],[136.81515,34.30097],[136.8136,34.30056],[136.81263,34.30072],[136.81315,34.29937],[136.81457,34.2997]]],[[[136.81656,34.23532],[136.81763,34.23542],[136.81742,34.23712],[136.81706,34.23762],[136.81636,34.23747],[136.81609,34.23581],[136.81656,34.23532]]],[[[136.79989,34.30898],[136.80125,34.30872],[136.802,34.30881],[136.80191,34.30956],[136.80135,34.30996],[136.80061,34.30992],[136.79938,34.3104],[136.79917,34.30926],[136.79989,34.30898]]],[[[136.81635,34.29564],[136.81768,34.29621],[136.81735,34.29699],[136.81636,34.29756],[136.81571,34.2956],[136.81635,34.29564]]],[[[136.83757,34.26481],[136.83859,34.26452],[136.83933,34.2649],[136.83948,34.26585],[136.83828,34.266],[136.83734,34.26514],[136.83757,34.26481]]]]}},
  {"type":"Feature","properties":{"name":"伊賀市","code":"24216"},"geometry":{"type":"MultiPolygon","coordinates":[[[[136.31224,34.80685],[136.30995,34.80748],[136.30923,34.80732],[136.3088,34.80779],[136.30657,34.80834],[136.30496,34.80806],[136.3042,34.80846],[136.3029,34.80988],[136.30201,34.80956],[136.30122,34.80965],[136.30066,34.81047],[136.29785,34.81089],[136.29559,34.81211],[136.29499,34.81209],[136.29381,34.81292],[136.29303,34.81278],[136.29218,34.81208],[136.28954,34.8117],[136.2889,34.81243],[136.28743,34.81254],[136.28489,34.81221],[136.28372,34.81232],[136.28262,34.81192],[136.28181,34.81109],[136.28164,34.81054],[136.28046,34.81057],[136.27854,34.8104],[136.27743,34.81062],[136.27627,34.8112],[136.27652,34.81187],[136.27563,34.81233],[136.27485,34.81196],[136.27409,34.81241],[136.27358,34.81206],[136.27245,34.81263],[136.2729,34.81383],[136.27208,34.8142],[136.27207,34.81538],[136.26967,34.81579],[136.26797,34.81566],[136.26755,34.81582],[136.26715,34.81715],[136.26733,34.81765],[136.26713,34.81859],[136.26997,34.81871],[136.27088,34.81948],[136.27319,34.81904],[136.27493,34.81945],[136.27555,34.82034],[136.27558,34.82111],[136.27677,34.82116],[136.27765,34.82179],[136.27798,34.8228],[136.27772,34.8235],[136.2786,34.82454],[136.27853,34.82553],[136.27899,34.82663],[136.27771,34.82745],[136.27684,34.82888],[136.27689,34.83027],[136.27772,34.831],[136.27782,34.83171],[136.27749,34.83278],[136.27826,34.83364],[136.27846,34.83493],[136.27902,34.83524],[136.27999,34.8352],[136.28043,34.83623],[136.28101,34.83645],[136.28253,34.83652],[136.28363,34.83776],[136.28446,34.83794],[136.28575,34.83758],[136.28678,34.83859],[136.28735,34.83941],[136.28918,34.84032],[136.28988,34.84091],[136.28973,34.84469],[136.2876,34.84533],[136.28766,34.8459],[136.28681,34.84729],[136.28562,34.85031],[136.28533,34.85159],[136.28447,34.8527],[136.28399,34.85431],[136.28436,34.85567],[136.28288,34.85668],[136.28079,34.85652],[136.27989,34.85692],[136.27888,34.85823],[136.27818,34.85858],[136.27771,34.85946],[136.27773,34.8607],[136.2789,34.86103],[136.27979,34.86233],[136.28033,34.86271],[136.2806,34.86363],[136.28138,34.86431],[136.28094,34.86576],[136.28213,34.8666],[136.28312,34.8677],[136.28309,34.86822],[136.28357,34.86906],[136.28372,34.87029],[136.28235,34.8711],[136.28158,34.87107],[136.28148,34.87228],[136.28068,34.87304],[136.27922,34.87368],[136.27786,34.87375],[136.27712,34.87421],[136.27633,34.87288],[136.27597,34.87183],[136.2744,34.87055],[136.27369,34.86979],[136.2725,34.86921],[136.27031,34.86912],[136.26948,34.86859],[136.26889,34.8679],[136.26878,34.86546],[136.2679,34.86447],[136.26563,34.86379],[136.26383,34.86279],[136.26231,34.86253],[136.26179,34.86219],[136.25807,34.86087],[136.25646,34.85989],[136.25462,34.85909],[136.25412,34.85828],[136.25068,34.85773],[136.24902,34.85801],[136.24808,34.85875],[136.24688,34.85881],[136.24542,34.85922],[136.24455,34.85868],[136.2434,34.85887],[136.24274,34.8596],[136.24063,34.85937],[136.23918,34.85979],[136.23829,34.85955],[136.23731,34.85973],[136.23711,34.86057],[136.23539,34.86147],[136.23295,34.86092],[136.23186,34.86145],[136.22997,34.86134],[136.22941,34.86155],[136.22783,34.86097],[136.22663,34.86128],[136.22545,34.86185],[136.22471,34.8626],[136.22361,34.86321],[136.22163,34.86337],[136.22009,34.86335],[136.21885,34.86463],[136.21849,34.86563],[136.21679,34.86512],[136.21573,34.86546],[136.21436,34.86549],[136.21201,34.86602],[136.21105,34.8668],[136.21029,34.86705],[136.20907,34.86812],[136.20754,34.86859],[136.20532,34.86871],[136.20342,34.86833],[136.2029,34.8684],[136.20183,34.86949],[136.20064,34.86946],[136.19985,34.87003],[136.19807,34.86986],[136.19699,34.87098],[136.19679,34.87164],[136.19461,34.87282],[136.19202,34.87254],[136.19009,34.87332],[136.18975,34.87417],[136.19048,34.87559],[136.19012,34.87587],[136.18894,34.87602],[136.1887,34.87758],[136.18743,34.878],[136.18708,34.87839],[136.18602,34.87815],[136.18513,34.87868],[136.1843,34.87827],[136.18338,34.87838],[136.1822,34.87817],[136.18088,34.87877],[136.18048,34.87953],[136.17908,34.87968],[136.17872,34.8802],[136.17912,34.88067],[136.17826,34.88258],[136.17952,34.88354],[136.18016,34.8844],[136.18078,34.88579],[136.18016,34.88641],[136.17922,34.88654],[136.17839,34.88712],[136.17724,34.88679],[136.1764,34.88705],[136.17551,34.88696],[136.17409,34.88727],[136.1726,34.88719],[136.17199,34.88734],[136.17088,34.8868],[136.16994,34.88668],[136.16893,34.88688],[136.1686,34.88729],[136.16738,34.88757],[136.1669,34.88789],[136.16568,34.88788],[136.16499,34.88719],[136.1627,34.88699],[136.16189,34.8872],[136.15984,34.88657],[136.15944,34.88573],[136.15942,34.88477],[136.15731,34.88477],[136.15548,34.88452],[136.15357,34.88458],[136.15184,34.88321],[136.15019,34.88287],[136.14855,34.88202],[136.14737,34.88204],[136.14729,34.88272],[136.14612,34.88341],[136.14459,34.88399],[136.14445,34.88497],[136.14408,34.88541],[136.14218,34.88608],[136.14116,34.88677],[136.13921,34.88711],[136.13726,34.88827],[136.13644,34.88821],[136.1357,34.88725],[136.13516,34.88619],[136.13526,34.88527],[136.13489,34.88484],[136.13153,34.88313],[136.13106,34.88318],[136.12981,34.88413],[136.12798,34.88503],[136.12723,34.8861],[136.12727,34.8865],[136.12588,34.88759],[136.12554,34.8882],[136.12387,34.88881],[136.12342,34.88879],[136.12172,34.88787],[136.12148,34.88853],[136.12076,34.88925],[136.12025,34.89049],[136.12045,34.89144],[136.11923,34.89215],[136.11782,34.8925],[136.11628,34.89216],[136.11503,34.89314],[136.11508,34.89356],[136.11446,34.89468],[136.11553,34.89627],[136.11474,34.89738],[136.11461,34.89797],[136.11526,34.89863],[136.1145,34.89947],[136.11329,34.89997],[136.11354,34.90098],[136.1123,34.90188],[136.11155,34.90202],[136.11077,34.90182],[136.11026,34.90097],[136.10859,34.90069],[136.10716,34.90011],[136.10627,34.90008],[136.10536,34.89935],[136.10547,34.89829],[136.10423,34.89773],[136.10343,34.89654],[136.10284,34.89612],[136.10178,34.89614],[136.10095,34.89481],[136.10084,34.89349],[136.10006,34.89286],[136.10003,34.89207],[136.09877,34.89101],[136.09838,34.88953],[136.09738,34.88898],[136.09621,34.88885],[136.09479,34.8878],[136.09311,34.88767],[136.09235,34.88823],[136.0907,34.88852],[136.09019,34.88899],[136.08945,34.88892],[136.08838,34.89057],[136.08748,34.89062],[136.08715,34.88981],[136.08622,34.88913],[136.08644,34.88869],[136.0863,34.88776],[136.08537,34.88676],[136.08596,34.88577],[136.08693,34.88583],[136.08776,34.8848],[136.08793,34.88414],[136.08858,34.88332],[136.0896,34.8825],[136.08906,34.8818],[136.08905,34.88088],[136.08783,34.88033],[136.08718,34.88071],[136.08549,34.87928],[136.08516,34.87878],[136.08562,34.87725],[136.08626,34.8763],[136.08698,34.87636],[136.08888,34.87589],[136.08983,34.87593],[136.09024,34.87544],[136.09303,34.87352],[136.09493,34.87328],[136.09577,34.8736],[136.0965,34.87309],[136.09666,34.87258],[136.09781,34.87206],[136.09829,34.87217],[136.09889,34.87058],[136.10012,34.87062],[136.10195,34.87021],[136.10317,34.86969],[136.10393,34.87005],[136.10469,34.8699],[136.10535,34.87022],[136.10723,34.86972],[136.10783,34.87046],[136.10832,34.87043],[136.10898,34.86963],[136.11015,34.87007],[136.11324,34.8693],[136.11433,34.86965],[136.11439,34.87061],[136.11534,34.87116],[136.11576,34.87198],[136.11688,34.87162],[136.11691,34.87124],[136.11851,34.87066],[136.11916,34.87076],[136.11989,34.87148],[136.12088,34.87178],[136.12109,34.87243],[136.12213,34.87275],[136.12442,34.8723],[136.12452,34.87178],[136.12555,34.87141],[136.12586,34.87002],[136.12469,34.86809],[136.12294,34.8669],[136.12277,34.86632],[136.1244,34.86493],[136.12507,34.86358],[136.12638,34.86202],[136.12524,34.86122],[136.12351,34.86056],[136.12213,34.86025],[136.12104,34.85979],[136.12033,34.85863],[136.11953,34.85799],[136.11878,34.85796],[136.11811,34.85744],[136.11741,34.85589],[136.11649,34.85553],[136.1156,34.85626],[136.11427,34.85589],[136.11339,34.85614],[136.11081,34.8554],[136.11033,34.85479],[136.10979,34.85476],[136.10896,34.85344],[136.1083,34.85282],[136.10739,34.85276],[136.10692,34.85222],[136.10785,34.85187],[136.10836,34.85019],[136.10778,34.8491],[136.10765,34.8467],[136.1074,34.84524],[136.10628,34.84318],[136.10525,34.84288],[136.10499,34.84113],[136.1044,34.84057],[136.10317,34.84035],[136.10132,34.84044],[136.10049,34.8398],[136.1001,34.83911],[136.09889,34.83914],[136.09508,34.84018],[136.0944,34.83979],[136.09303,34.83814],[136.0927,34.83721],[136.09118,34.83658],[136.09031,34.8365],[136.08969,34.8373],[136.08871,34.83749],[136.08744,34.83801],[136.08667,34.83808],[136.0861,34.83764],[136.08623,34.83658],[136.08719,34.83578],[136.08798,34.83467],[136.08927,34.83442],[136.09008,34.83327],[136.08971,34.83256],[136.08964,34.83109],[136.08755,34.83045],[136.08802,34.82914],[136.08881,34.8285],[136.08911,34.82737],[136.08976,34.82668],[136.09043,34.82657],[136.09109,34.82597],[136.09083,34.8248],[136.09109,34.82415],[136.0917,34.82393],[136.09325,34.8219],[136.09259,34.82088],[136.09384,34.82048],[136.09519,34.8191],[136.09502,34.81873],[136.09408,34.8186],[136.09285,34.81708],[136.09154,34.81658],[136.0908,34.81584],[136.09068,34.81416],[136.09112,34.81349],[136.09062,34.81223],[136.08938,34.81191],[136.0881,34.81103],[136.08641,34.81078],[136.08569,34.81088],[136.08449,34.80982],[136.08331,34.80959],[136.08296,34.80891],[136.0818,34.80775],[136.08091,34.80754],[136.08016,34.80807],[136.0789,34.80745],[136.07675,34.80827],[136.07551,34.80785],[136.07377,34.8056],[136.07272,34.80529],[136.07299,34.80421],[136.0717,34.80437],[136.0705,34.8041],[136.06976,34.80335],[136.06841,34.80396],[136.06725,34.80335],[136.06655,34.80261],[136.06574,34.80214],[136.06515,34.80218],[136.06369,34.80161],[136.06368,34.80097],[136.06273,34.79985],[136.06106,34.80008],[136.06016,34.80054],[136.05995,34.80156],[136.05944,34.80199],[136.05786,34.80234],[136.05754,34.80269],[136.05733,34.80374],[136.05636,34.80304],[136.05595,34.80247],[136.05512,34.80207],[136.05503,34.80082],[136.05478,34.80041],[136.05339,34.79993],[136.05155,34.79909],[136.04887,34.79948],[136.04853,34.79965],[136.04822,34.80113],[136.04744,34.80153],[136.04671,34.80145],[136.04521,34.79933],[136.04427,34.79906],[136.04335,34.79933],[136.04273,34.7989],[136.04117,34.79846],[136.0406,34.79638],[136.03923,34.79605],[136.03912,34.7953],[136.03956,34.79483],[136.03848,34.79394],[136.0365,34.79378],[136.03541,34.7939],[136.03466,34.79427],[136.03278,34.79402],[136.03195,34.79299],[136.03108,34.79253],[136.03033,34.79182],[136.0295,34.79168],[136.02843,34.79068],[136.02673,34.79057],[136.02615,34.79122],[136.02458,34.79193],[136.02261,34.79177],[136.02191,34.79056],[136.02027,34.79037],[136.02032,34.78957],[136.02075,34.78925],[136.01996,34.78637],[136.02083,34.78571],[136.02139,34.78436],[136.02189,34.78398],[136.02261,34.78231],[136.02423,34.78212],[136.0252,34.78134],[136.02791,34.78066],[136.02918,34.7806],[136.02972,34.78091],[136.02998,34.77999],[136.03095,34.77946],[136.03133,34.77999],[136.03205,34.78014],[136.03358,34.77944],[136.03383,34.7779],[136.03364,34.77723],[136.03367,34.77492],[136.03414,34.77421],[136.03331,34.77182],[136.03165,34.77019],[136.0307,34.76866],[136.03023,34.76714],[136.02934,34.76482],[136.0299,34.76421],[136.03104,34.76223],[136.03069,34.76133],[136.02911,34.76035],[136.02838,34.75833],[136.0286,34.75746],[136.0302,34.75591],[136.03128,34.7559],[136.03452,34.75688],[136.03589,34.75652],[136.03794,34.75641],[136.03813,34.75622],[136.0374,34.75459],[136.03746,34.75412],[136.03878,34.75265],[136.0391,34.75111],[136.03896,34.75012],[136.03927,34.74939],[136.04097,34.74849],[136.04281,34.74788],[136.04306,34.74697],[136.04418,34.74678],[136.04562,34.74587],[136.04656,34.74489],[136.04761,34.7442],[136.04812,34.7424],[136.04889,34.7413],[136.04984,34.74051],[136.05095,34.74002],[136.05238,34.74026],[136.05276,34.74014],[136.05361,34.73891],[136.05536,34.73861],[136.05625,34.7377],[136.05747,34.7371],[136.05772,34.73557],[136.05868,34.7344],[136.06006,34.73362],[136.06051,34.73298],[136.06048,34.7322],[136.06137,34.73118],[136.06254,34.73067],[136.06231,34.72961],[136.06269,34.72825],[136.06317,34.72721],[136.0631,34.72644],[136.06404,34.72628],[136.06488,34.72584],[136.06605,34.72564],[136.067,34.72455],[136.06803,34.72389],[136.06809,34.72163],[136.06883,34.71986],[136.06767,34.71889],[136.06734,34.71833],[136.06747,34.71748],[136.06861,34.71743],[136.0696,34.71692],[136.06966,34.71615],[136.07054,34.71546],[136.07107,34.71468],[136.07032,34.71376],[136.07014,34.71258],[136.06868,34.71252],[136.06765,34.71189],[136.06749,34.71104],[136.06635,34.70979],[136.06505,34.70919],[136.06419,34.70822],[136.06301,34.70861],[136.06007,34.70706],[136.058,34.707],[136.05734,34.70652],[136.05569,34.70609],[136.05419,34.70616],[136.05384,34.70585],[136.05358,34.70479],[136.05486,34.70292],[136.05601,34.70347],[136.05683,34.70329],[136.05798,34.70236],[136.05866,34.70072],[136.05926,34.69998],[136.05994,34.69975],[136.062,34.69968],[136.06383,34.69871],[136.06527,34.69867],[136.06704,34.69805],[136.06821,34.69784],[136.07097,34.69782],[136.0728,34.69827],[136.07397,34.69831],[136.07508,34.6977],[136.07563,34.69592],[136.07631,34.69459],[136.07654,34.6932],[136.07736,34.69174],[136.0774,34.69097],[136.07886,34.68991],[136.0793,34.68832],[136.07923,34.6866],[136.07966,34.68604],[136.07965,34.68401],[136.08058,34.683],[136.08235,34.68217],[136.08277,34.6811],[136.08263,34.68008],[136.08211,34.67901],[136.08382,34.67867],[136.08485,34.67804],[136.08542,34.67736],[136.08574,34.67644],[136.08689,34.67621],[136.08758,34.67575],[136.08966,34.67588],[136.09027,34.67568],[136.09124,34.67582],[136.09206,34.67548],[136.09306,34.67467],[136.0937,34.67476],[136.09485,34.67426],[136.09703,34.67454],[136.09877,34.67379],[136.10082,34.67386],[136.10125,34.67291],[136.10133,34.67164],[136.10215,34.67129],[136.10273,34.67035],[136.10412,34.66993],[136.10492,34.66894],[136.10559,34.66926],[136.10614,34.67013],[136.10671,34.67054],[136.10839,34.67071],[136.11006,34.67059],[136.11099,34.66993],[136.11201,34.66964],[136.11266,34.6704],[136.11255,34.67137],[136.11475,34.67314],[136.11415,34.67375],[136.11434,34.67446],[136.1142,34.67534],[136.1149,34.67652],[136.11426,34.67725],[136.11437,34.67831],[136.11517,34.67973],[136.11564,34.68012],[136.11585,34.68134],[136.11683,34.68191],[136.11637,34.68261],[136.11659,34.68332],[136.11605,34.68365],[136.1167,34.68481],[136.11747,34.68492],[136.11811,34.68593],[136.11893,34.68643],[136.11942,34.68805],[136.12058,34.68823],[136.12214,34.68717],[136.12444,34.68659],[136.12475,34.68479],[136.12607,34.68326],[136.12652,34.68308],[136.12815,34.68324],[136.1287,34.68312],[136.12977,34.68236],[136.1308,34.68234],[136.13172,34.68196],[136.13085,34.68153],[136.12985,34.68068],[136.12943,34.68061],[136.12737,34.67912],[136.12665,34.67847],[136.12638,34.6775],[136.1252,34.67692],[136.12499,34.67589],[136.12463,34.67551],[136.12305,34.67513],[136.12249,34.67463],[136.1218,34.67454],[136.12105,34.67399],[136.12104,34.6727],[136.12214,34.67164],[136.12309,34.66993],[136.12336,34.66903],[136.1243,34.66779],[136.12635,34.66898],[136.12702,34.66993],[136.12829,34.67113],[136.12876,34.66993],[136.1287,34.66922],[136.12977,34.66936],[136.13145,34.67011],[136.13236,34.66973],[136.13332,34.67071],[136.1343,34.67055],[136.13498,34.66981],[136.13663,34.67001],[136.13703,34.67074],[136.13819,34.67065],[136.13936,34.67108],[136.13951,34.67056],[136.14101,34.67005],[136.14183,34.67022],[136.14197,34.67093],[136.14288,34.67082],[136.14251,34.67009],[136.14375,34.66872],[136.14225,34.66817],[136.14372,34.66728],[136.14351,34.66627],[136.14239,34.66633],[136.14204,34.66593],[136.14258,34.66505],[136.14215,34.66455],[136.14314,34.66392],[136.1443,34.66405],[136.14399,34.66306],[136.14557,34.66319],[136.14635,34.6627],[136.14667,34.66198],[136.14891,34.66128],[136.14928,34.6609],[136.14897,34.65875],[136.14932,34.65799],[136.15026,34.65743],[136.14998,34.65537],[136.1495,34.65475],[136.14986,34.65382],[136.15077,34.65381],[136.15327,34.65406],[136.15298,34.65242],[136.15307,34.65083],[136.15244,34.65019],[136.15182,34.64911],[136.1515,34.64715],[136.15216,34.64598],[136.15225,34.64535],[136.15341,34.64458],[136.15416,34.64445],[136.15487,34.64383],[136.15552,34.64291],[136.15709,34.6424],[136.1576,34.64163],[136.15988,34.6411],[136.16088,34.64066],[136.1609,34.63956],[136.1616,34.63899],[136.16342,34.63827],[136.16586,34.63698],[136.16768,34.63636],[136.16887,34.63507],[136.17212,34.6331],[136.17157,34.63215],[136.1725,34.63158],[136.1738,34.63153],[136.17517,34.63041],[136.17476,34.62973],[136.17741,34.62775],[136.17814,34.62706],[136.17935,34.62676],[136.17814,34.62409],[136.17807,34.62298],[136.17725,34.62205],[136.17718,34.62154],[136.17742,34.61928],[136.1769,34.61849],[136.17603,34.61787],[136.17622,34.61678],[136.17611,34.61577],[136.17741,34.61478],[136.17769,34.61423],[136.17947,34.61331],[136.17988,34.61238],[136.18162,34.6112],[136.18164,34.61037],[136.18105,34.60986],[136.18075,34.60916],[136.17923,34.6081],[136.17915,34.60769],[136.1799,34.60666],[136.17963,34.6059],[136.18014,34.60482],[136.18,34.60385],[136.18154,34.60294],[136.18243,34.6028],[136.18272,34.60243],[136.18221,34.60039],[136.18169,34.59955],[136.18043,34.5991],[136.18012,34.59847],[136.18063,34.59749],[136.18056,34.59667],[136.18083,34.59583],[136.18063,34.59531],[136.18119,34.59447],[136.18236,34.5943],[136.18387,34.59374],[136.18398,34.59313],[136.18459,34.59301],[136.18541,34.59339],[136.18614,34.59267],[136.18603,34.59195],[136.18656,34.58901],[136.18639,34.58838],[136.18704,34.58715],[136.18704,34.58631],[136.18798,34.58475],[136.18816,34.5828],[136.18777,34.58133],[136.18701,34.57959],[136.18794,34.57825],[136.19015,34.57667],[136.1907,34.57577],[136.19255,34.5755],[136.19373,34.57496],[136.19437,34.5742],[136.19456,34.57326],[136.19388,34.57247],[136.19289,34.572],[136.19212,34.57191],[136.19385,34.57054],[136.19378,34.56984],[136.19457,34.56819],[136.19549,34.56664],[136.19659,34.56651],[136.19703,34.56577],[136.19752,34.5636],[136.19848,34.56404],[136.19876,34.56518],[136.19939,34.56612],[136.20129,34.56686],[136.20247,34.56577],[136.20298,34.56423],[136.20369,34.56483],[136.20486,34.56475],[136.20669,34.56579],[136.20792,34.56663],[136.20876,34.56666],[136.20917,34.56583],[136.20995,34.56559],[136.2113,34.56372],[136.21272,34.56306],[136.21395,34.56189],[136.2147,34.56159],[136.21468,34.56058],[136.21544,34.56016],[136.21652,34.5599],[136.21746,34.55904],[136.21922,34.55776],[136.22005,34.55806],[136.21955,34.56021],[136.21872,34.56152],[136.21941,34.56291],[136.2184,34.56422],[136.21951,34.56559],[136.2192,34.56639],[136.21954,34.56803],[136.2208,34.56855],[136.22241,34.56949],[136.22273,34.57004],[136.2231,34.57286],[136.22351,34.57359],[136.22443,34.5741],[136.22519,34.57634],[136.22547,34.57766],[136.22596,34.57883],[136.22667,34.57947],[136.22752,34.5795],[136.22898,34.57921],[136.23002,34.57878],[136.23066,34.5795],[136.23137,34.57963],[136.23286,34.57933],[136.23409,34.57955],[136.23521,34.57896],[136.23651,34.57914],[136.23771,34.57901],[136.23891,34.58035],[136.24025,34.58068],[136.24125,34.58128],[136.24251,34.58147],[136.24309,34.58197],[136.24535,34.58242],[136.2472,34.5823],[136.24827,34.58184],[136.24906,34.583],[136.25027,34.58321],[136.2509,34.58363],[136.25231,34.58337],[136.25357,34.58374],[136.2548,34.58346],[136.25581,34.58393],[136.25619,34.58497],[136.25547,34.58628],[136.25476,34.58686],[136.25203,34.58681],[136.2509,34.58729],[136.25139,34.58911],[136.25289,34.59058],[136.25392,34.59065],[136.25592,34.59147],[136.25706,34.59239],[136.25824,34.59309],[136.25906,34.59452],[136.25738,34.59531],[136.2574,34.59625],[136.2568,34.59677],[136.25569,34.59728],[136.25458,34.59828],[136.25339,34.59912],[136.25101,34.59944],[136.25009,34.59968],[136.24992,34.60109],[136.25052,34.60189],[136.25043,34.60226],[136.24928,34.60339],[136.24951,34.60451],[136.2492,34.60548],[136.25007,34.60654],[136.25059,34.60687],[136.25076,34.60778],[136.25003,34.60936],[136.25004,34.60999],[136.25123,34.61182],[136.25066,34.6124],[136.24938,34.61302],[136.24937,34.61362],[136.24984,34.61423],[136.24993,34.61511],[136.24958,34.61647],[136.25008,34.61826],[136.2505,34.61871],[136.25035,34.61946],[136.24975,34.61997],[136.24977,34.62084],[136.24923,34.62155],[136.24955,34.62287],[136.24894,34.6242],[136.24762,34.62478],[136.24677,34.62456],[136.24587,34.62518],[136.24589,34.62705],[136.24666,34.6278],[136.24602,34.62803],[136.24631,34.62862],[136.24536,34.63007],[136.24557,34.63093],[136.24713,34.63124],[136.24763,34.63186],[136.24892,34.63265],[136.24957,34.63273],[136.24966,34.63331],[136.25027,34.63362],[136.25139,34.6335],[136.2515,34.63435],[136.25057,34.63474],[136.25062,34.63571],[136.24979,34.63613],[136.25011,34.63718],[136.25041,34.63935],[136.25042,34.64099],[136.25124,34.64192],[136.2511,34.64275],[136.25136,34.64397],[136.25293,34.64477],[136.25471,34.64416],[136.25578,34.64421],[136.25652,34.64484],[136.25829,34.6455],[136.25769,34.64692],[136.25685,34.6476],[136.25764,34.64855],[136.25784,34.64967],[136.25954,34.65061],[136.25988,34.65189],[136.26067,34.65253],[136.26112,34.65427],[136.26098,34.65542],[136.26167,34.65605],[136.26327,34.65622],[136.26571,34.65613],[136.26817,34.65736],[136.26802,34.65792],[136.26812,34.65956],[136.26719,34.66002],[136.26747,34.66058],[136.26819,34.66046],[136.26889,34.66075],[136.26927,34.66135],[136.26908,34.66356],[136.26999,34.66407],[136.27083,34.66395],[136.27091,34.663],[136.27189,34.66229],[136.27342,34.66313],[136.27503,34.6633],[136.27457,34.66447],[136.27367,34.66608],[136.27407,34.66687],[136.27267,34.66743],[136.27188,34.66831],[136.27045,34.66944],[136.26983,34.66948],[136.26946,34.67004],[136.26879,34.67017],[136.26754,34.6708],[136.26708,34.6718],[136.26603,34.67237],[136.26574,34.67365],[136.26716,34.6748],[136.26738,34.67549],[136.26867,34.67567],[136.27075,34.67516],[136.27109,34.67539],[136.27145,34.67649],[136.27278,34.67668],[136.27274,34.67867],[136.27335,34.68042],[136.27284,34.68158],[136.27289,34.6822],[136.2725,34.68324],[136.27128,34.68476],[136.27044,34.6862],[136.27175,34.68566],[136.27266,34.68595],[136.27322,34.68647],[136.27407,34.68673],[136.27566,34.68773],[136.27637,34.68952],[136.27861,34.68991],[136.27879,34.69141],[136.27924,34.69207],[136.27938,34.69334],[136.28145,34.69479],[136.28239,34.69494],[136.28319,34.6958],[136.28309,34.69625],[136.28188,34.69665],[136.28195,34.69729],[136.28307,34.69817],[136.28388,34.70016],[136.28478,34.70102],[136.28457,34.70201],[136.2853,34.70248],[136.28576,34.70372],[136.28752,34.7045],[136.28831,34.70686],[136.28899,34.70762],[136.28948,34.70772],[136.28971,34.709],[136.29104,34.70946],[136.29157,34.71046],[136.29243,34.71128],[136.29421,34.71152],[136.29466,34.71197],[136.29508,34.71328],[136.29454,34.71359],[136.29425,34.71479],[136.2946,34.71553],[136.29527,34.71587],[136.29585,34.7156],[136.2972,34.71553],[136.29845,34.71625],[136.30015,34.7164],[136.30038,34.7168],[136.29979,34.71763],[136.30022,34.71886],[136.30083,34.71939],[136.30219,34.71946],[136.30293,34.72018],[136.30298,34.72075],[136.3039,34.72223],[136.30469,34.72291],[136.30597,34.72312],[136.30664,34.72364],[136.30956,34.72491],[136.30952,34.72561],[136.30879,34.72689],[136.30881,34.72845],[136.30845,34.72907],[136.30671,34.7299],[136.30642,34.73056],[136.30513,34.73155],[136.30384,34.73177],[136.3027,34.73141],[136.3013,34.73136],[136.29944,34.73235],[136.29881,34.73313],[136.29769,34.73376],[136.29665,34.73389],[136.2965,34.73513],[136.29736,34.73544],[136.29747,34.7366],[136.2981,34.73746],[136.29917,34.73798],[136.29962,34.73864],[136.30091,34.73913],[136.30114,34.74058],[136.30039,34.7415],[136.3005,34.74238],[136.30111,34.74312],[136.3026,34.743],[136.30407,34.7443],[136.30511,34.74404],[136.30582,34.74414],[136.30713,34.74484],[136.30996,34.7455],[136.31207,34.74701],[136.31432,34.74688],[136.31606,34.74745],[136.31703,34.74762],[136.31758,34.74908],[136.31832,34.74923],[136.31927,34.75005],[136.31887,34.75167],[136.3191,34.75314],[136.31882,34.7536],[136.31878,34.75476],[136.32062,34.75588],[136.32082,34.75673],[136.32194,34.75751],[136.32292,34.75759],[136.32475,34.75996],[136.3251,34.76077],[136.3262,34.76112],[136.32764,34.76198],[136.32862,34.76328],[136.32953,34.76344],[136.33084,34.76422],[136.33268,34.76402],[136.33327,34.7643],[136.33357,34.76598],[136.33552,34.76631],[136.33649,34.7668],[136.33725,34.76746],[136.33807,34.76778],[136.3408,34.76814],[136.34114,34.7688],[136.34204,34.76952],[136.34232,34.77118],[136.34181,34.77335],[136.3398,34.77507],[136.3394,34.77649],[136.33747,34.77686],[136.33645,34.77761],[136.3371,34.77951],[136.33696,34.7803],[136.33721,34.781],[136.33679,34.78175],[136.33622,34.7821],[136.33471,34.7822],[136.33376,34.78352],[136.33383,34.78514],[136.33256,34.78613],[136.33268,34.78682],[136.3319,34.78727],[136.33117,34.78705],[136.3299,34.78705],[136.32807,34.78638],[136.32761,34.78549],[136.32683,34.78574],[136.32578,34.78544],[136.32468,34.78573],[136.32424,34.78554],[136.32353,34.78627],[136.32156,34.78712],[136.32054,34.7874],[136.31919,34.78739],[136.31858,34.7878],[136.31745,34.78777],[136.31634,34.78919],[136.31587,34.79063],[136.31476,34.79119],[136.31459,34.79172],[136.31515,34.79268],[136.31401,34.79438],[136.31402,34.79547],[136.31326,34.79634],[136.31425,34.79778],[136.31324,34.79922],[136.31297,34.7999],[136.31227,34.80003],[136.31111,34.80163],[136.31006,34.80179],[136.30982,34.80244],[136.31006,34.80344],[136.30998,34.80439],[136.31056,34.80484],[136.31102,34.80564],[136.31193,34.80611],[136.31224,34.80685]]]]}},
  {"type":"Feature","properties":{"name":"木曽岬町","code":"24303"},"geometry":{"type":"MultiPolygon","coordinates":[[[[136.74979,35.03605],[136.75113,35.03391],[136.7577,35.02655],[136.76307,35.02142],[136.76436,35.02079],[136.7654,35.02073],[136.77062,35.02144],[136.76969,35.02258],[136.77271,35.02439],[136.76086,35.03771],[136.7534,35.05302],[136.7517,35.06182],[136.75177,35.06472],[136.75205,35.0717],[136.75151,35.07561],[136.75097,35.07845],[136.75046,35.07985],[136.74957,35.08073],[136.7454,35.0837],[136.74186,35.08596],[136.7399,35.0878],[136.73741,35.09035],[136.73518,35.09274],[136.7322,35.09649],[136.73128,35.09728],[136.72767,35.09931],[136.72447,35.10053],[136.72472,35.10094],[136.72177,35.10231],[136.71998,35.10337],[136.71816,35.10281],[136.71407,35.10517],[136.71631,35.09909],[136.71695,35.0971],[136.71789,35.09287],[136.71881,35.08657],[136.71931,35.08268],[136.72004,35.08035],[136.72183,35.07733],[136.72275,35.07562],[136.72466,35.07076],[136.72486,35.06993],[136.72497,35.06717],[136.72515,35.0656],[136.72556,35.06411],[136.72662,35.06211],[136.72912,35.05788],[136.73277,35.0536],[136.73406,35.05267],[136.74286,35.03882],[136.75182,35.04425],[136.75517,35.0393],[136.74979,35.03605]]]]}},
  {"type":"Feature","properties":{"name":"東員町","code":"24324"},"geometry":{"type":"MultiPolygon","coordinates":[[[[136.60019,35.04861],[136.59981,35.05033],[136.60008,35.0516],[136.60162,35.05355],[136.60152,35.05423],[136.60282,35.05665],[136.60344,35.05706],[136.60376,35.0579],[136.6031,35.05811],[136.60308,35.05875],[136.60255,35.05893],[136.60293,35.06007],[136.60649,35.06006],[136.60697,35.06119],[136.60927,35.06133],[136.60928,35.06481],[136.60873,35.06603],[136.6098,35.06805],[136.60966,35.0687],[136.60986,35.07142],[136.6103,35.07283],[136.60962,35.07391],[136.6094,35.07513],[136.60993,35.07603],[136.60847,35.07594],[136.60764,35.07755],[136.60746,35.079],[136.60622,35.07942],[136.60617,35.0798],[136.60394,35.08207],[136.60253,35.08319],[136.60241,35.08395],[136.60301,35.08503],[136.60665,35.08465],[136.61283,35.08373],[136.61392,35.0847],[136.61465,35.08656],[136.6151,35.08838],[136.61565,35.08877],[136.61636,35.09008],[136.61609,35.0907],[136.61534,35.09117],[136.6163,35.09259],[136.6181,35.09298],[136.61941,35.09344],[136.62023,35.09435],[136.61838,35.09501],[136.61588,35.09619],[136.61468,35.09749],[136.61364,35.09721],[136.6129,35.09781],[136.61242,35.09936],[136.61032,35.09859],[136.60917,35.09916],[136.60918,35.09983],[136.60799,35.10009],[136.60759,35.10084],[136.60644,35.10048],[136.60497,35.10094],[136.60396,35.10288],[136.60393,35.10347],[136.60301,35.10384],[136.60257,35.1045],[136.60265,35.10588],[136.60234,35.10661],[136.6018,35.10686],[136.60248,35.10858],[136.60258,35.10923],[136.60312,35.10942],[136.6035,35.11019],[136.60203,35.11095],[136.60235,35.11185],[136.60163,35.11225],[136.6015,35.11294],[136.5999,35.11243],[136.59942,35.11211],[136.59881,35.11255],[136.59801,35.11401],[136.59712,35.11426],[136.59661,35.11494],[136.59442,35.11568],[136.59239,35.11612],[136.59114,35.11535],[136.5891,35.11444],[136.58821,35.1134],[136.58713,35.11081],[136.58675,35.11026],[136.58703,35.10928],[136.58599,35.10763],[136.5868,35.10692],[136.58405,35.10515],[136.58284,35.10475],[136.58245,35.10416],[136.58275,35.1035],[136.58159,35.10275],[136.58106,35.10186],[136.58232,35.10041],[136.58116,35.09965],[136.58035,35.10044],[136.58002,35.09943],[136.57866,35.09685],[136.57553,35.09328],[136.57333,35.09007],[136.57193,35.08893],[136.56962,35.08919],[136.56928,35.08846],[136.56872,35.08852],[136.56828,35.08773],[136.56846,35.08712],[136.56755,35.08503],[136.56258,35.08315],[136.56224,35.08213],[136.56298,35.08114],[136.5637,35.08059],[136.56442,35.07937],[136.56592,35.07737],[136.56641,35.07694],[136.56594,35.07614],[136.56575,35.07512],[136.56671,35.07451],[136.5663,35.07285],[136.56584,35.07195],[136.56531,35.07002],[136.56623,35.06983],[136.56553,35.0675],[136.56388,35.06855],[136.56368,35.0678],[136.56416,35.0669],[136.56496,35.06636],[136.5645,35.06604],[136.56477,35.06536],[136.56419,35.06493],[136.56442,35.06439],[136.56326,35.06438],[136.56289,35.06201],[136.56768,35.06135],[136.56806,35.06071],[136.56814,35.05874],[136.5689,35.05624],[136.56934,35.05564],[136.57097,35.05444],[136.57203,35.05391],[136.57435,35.05319],[136.57899,35.05234],[136.58105,35.05178],[136.58491,35.05129],[136.58677,35.05059],[136.58903,35.04995],[136.59261,35.04929],[136.59515,35.04936],[136.59757,35.04913],[136.60019,35.04861]]]]}},
  {"type":"Feature","properties":{"name":"菰野町","code":"24341"},"geometry":{"type":"MultiPolygon","coordinates":[[[[136.53881,35.07051],[136.53661,35.07141],[136.5352,35.07301],[136.53072,35.07521],[136.52767,35.07639],[136.52797,35.07772],[136.52869,35.07807],[136.52947,35.08092],[136.52876,35.08191],[136.52932,35.0821],[136.52898,35.08278],[136.52909,35.08388],[136.52824,35.08477],[136.52583,35.08633],[136.52468,35.08645],[136.5218,35.08752],[136.5204,35.08812],[136.51829,35.08982],[136.51654,35.08854],[136.51519,35.08896],[136.51356,35.0898],[136.51217,35.08946],[136.5086,35.08994],[136.50768,35.08792],[136.50597,35.08872],[136.50462,35.08916],[136.50143,35.09054],[136.50045,35.09047],[136.49774,35.09088],[136.49607,35.09146],[136.49287,35.09137],[136.49223,35.09112],[136.49082,35.09132],[136.48945,35.09195],[136.4848,35.09241],[136.48356,35.09277],[136.48185,35.09242],[136.48023,35.09262],[136.4786,35.0925],[136.47792,35.09274],[136.47655,35.09281],[136.47564,35.09224],[136.47391,35.09176],[136.47259,35.09106],[136.46212,35.0869],[136.46032,35.08637],[136.45937,35.0858],[136.45861,35.08574],[136.45772,35.08643],[136.45594,35.08634],[136.45537,35.0866],[136.45344,35.08675],[136.45158,35.08614],[136.4495,35.08517],[136.44868,35.08512],[136.44783,35.08565],[136.44717,35.08656],[136.4453,35.088],[136.44473,35.08825],[136.44197,35.08656],[136.44197,35.08578],[136.44026,35.08523],[136.43923,35.08425],[136.43821,35.08386],[136.43813,35.08328],[136.43623,35.0829],[136.43527,35.08249],[136.436,35.08154],[136.43583,35.07998],[136.43635,35.07899],[136.43721,35.07798],[136.43747,35.07704],[136.43865,35.07634],[136.43971,35.07547],[136.44037,35.07436],[136.43963,35.07244],[136.4406,35.07046],[136.44098,35.07023],[136.44098,35.0692],[136.44125,35.06762],[136.4416,35.06672],[136.44116,35.06566],[136.44099,35.06454],[136.43985,35.06531],[136.43863,35.06552],[136.43787,35.06416],[136.43736,35.06372],[136.43627,35.0633],[136.43555,35.06227],[136.4346,35.06221],[136.43364,35.06169],[136.43332,35.06114],[136.43367,35.0602],[136.43336,35.05944],[136.43104,35.05923],[136.43035,35.05873],[136.42965,35.05743],[136.42876,35.05635],[136.42695,35.05696],[136.42472,35.05698],[136.42426,35.05572],[136.42306,35.05493],[136.42269,35.05434],[136.42258,35.05284],[136.42221,35.05138],[136.42164,35.05101],[136.42009,35.05056],[136.41929,35.04973],[136.41785,35.0495],[136.41834,35.04811],[136.41773,35.04665],[136.41769,35.04456],[136.41736,35.04398],[136.41777,35.0426],[136.41755,35.04233],[136.41633,35.04233],[136.41587,35.04126],[136.41691,35.04055],[136.41713,35.03965],[136.41688,35.03915],[136.41645,35.0373],[136.41659,35.03627],[136.41699,35.03534],[136.41703,35.03378],[136.41778,35.03312],[136.41838,35.03193],[136.41796,35.03139],[136.41794,35.03066],[136.41884,35.02991],[136.42032,35.02985],[136.42112,35.02963],[136.42231,35.02983],[136.42383,35.02977],[136.42447,35.02949],[136.42389,35.02865],[136.42273,35.02807],[136.4222,35.02668],[136.42289,35.02639],[136.42289,35.02566],[136.42216,35.02532],[136.42139,35.0238],[136.42167,35.02244],[136.42128,35.02127],[136.42019,35.0206],[136.41817,35.02028],[136.41712,35.0196],[136.41768,35.01849],[136.41839,35.0179],[136.41871,35.01675],[136.41782,35.0163],[136.41693,35.01506],[136.41668,35.01374],[136.4171,35.01301],[136.41696,35.01124],[136.41796,35.00939],[136.4185,35.00912],[136.41884,35.00788],[136.41888,35.00686],[136.41944,35.00557],[136.4201,35.00519],[136.41989,35.00378],[136.41996,35.00294],[136.421,35.00208],[136.42136,35.00122],[136.42117,34.99963],[136.42366,34.99935],[136.42592,34.99937],[136.4274,34.99999],[136.42848,35.00026],[136.42927,35.00127],[136.42986,35.00114],[136.43135,35.00141],[136.43341,35.00074],[136.43512,35.00076],[136.4372,35.00049],[136.43879,34.99888],[136.44133,34.99965],[136.4433,35],[136.44388,35.00034],[136.4451,35.00038],[136.44801,34.99991],[136.44866,34.9991],[136.4497,34.99851],[136.45074,34.99732],[136.45176,34.99751],[136.45475,34.99722],[136.45472,34.99638],[136.45653,34.99401],[136.45739,34.99336],[136.4592,34.9914],[136.46012,34.99091],[136.46109,34.99103],[136.46265,34.99063],[136.46471,34.99156],[136.46494,34.99198],[136.46651,34.99262],[136.46783,34.99271],[136.46884,34.99303],[136.47096,34.99409],[136.47377,34.99426],[136.47342,34.99564],[136.47499,34.99574],[136.47577,34.99494],[136.47662,34.99465],[136.47775,34.9938],[136.47974,34.99365],[136.48078,34.99439],[136.48306,34.99474],[136.48396,34.99507],[136.48467,34.99491],[136.48635,34.99577],[136.48692,34.99559],[136.48885,34.99577],[136.48998,34.99634],[136.49135,34.99748],[136.49242,34.99745],[136.49335,34.99658],[136.49432,34.99643],[136.49709,34.99704],[136.49837,34.99659],[136.49909,34.99658],[136.5001,34.997],[136.50161,34.99722],[136.50418,34.99804],[136.50665,34.9983],[136.50906,34.99884],[136.51014,34.99816],[136.51095,34.99678],[136.51176,34.9966],[136.51321,34.99719],[136.51572,34.99669],[136.51616,34.99676],[136.51793,34.99785],[136.51898,34.99926],[136.52081,35.00027],[136.52165,35.00022],[136.52297,35.00063],[136.52699,34.99872],[136.52885,34.99874],[136.53011,34.99809],[136.53153,34.99795],[136.53252,34.99859],[136.53447,34.99905],[136.53584,34.99918],[136.53644,34.99952],[136.54001,34.9999],[136.54248,34.99983],[136.54253,35.0003],[136.54359,35.00005],[136.54591,35.0014],[136.54587,35.00164],[136.54431,35.00384],[136.5424,35.0062],[136.54045,35.00915],[136.5397,35.00888],[136.53756,35.00991],[136.53604,35.0109],[136.53511,35.01224],[136.53432,35.01296],[136.53613,35.01701],[136.53683,35.01714],[136.53737,35.01827],[136.54071,35.01718],[136.54119,35.01819],[136.54658,35.01657],[136.54616,35.01561],[136.54874,35.01486],[136.55053,35.01453],[136.55077,35.01498],[136.5516,35.01501],[136.55153,35.01583],[136.55273,35.01646],[136.55391,35.01678],[136.55449,35.01774],[136.55425,35.01965],[136.55471,35.01997],[136.55468,35.0219],[136.55499,35.02313],[136.55467,35.02525],[136.55605,35.02723],[136.55653,35.02884],[136.5561,35.02919],[136.55845,35.0328],[136.55867,35.03341],[136.55905,35.03642],[136.5557,35.03691],[136.55168,35.03713],[136.55,35.0373],[136.5484,35.03762],[136.54432,35.03807],[136.54246,35.03817],[136.53805,35.03817],[136.53429,35.03802],[136.53625,35.04037],[136.53707,35.04272],[136.53515,35.04315],[136.53354,35.04337],[136.53343,35.04471],[136.53487,35.04539],[136.53546,35.04622],[136.53667,35.04724],[136.53788,35.04776],[136.5376,35.04843],[136.53896,35.05029],[136.53861,35.05111],[136.53916,35.05162],[136.53944,35.05261],[136.53796,35.05269],[136.54021,35.05628],[136.53967,35.05656],[136.54065,35.0579],[136.54031,35.05808],[136.54181,35.06047],[136.54052,35.06117],[136.54142,35.0626],[136.53897,35.06367],[136.53759,35.06463],[136.53571,35.06675],[136.53575,35.06689],[136.53918,35.06596],[136.53945,35.06628],[136.53914,35.06704],[136.53848,35.06957],[136.53908,35.07],[136.53881,35.07051]]]]}},
  {"type":"Feature","properties":{"name":"朝日町","code":"24343"},"geometry":{"type":"MultiPolygon","coordinates":[[[[136.6577,35.02498],[136.65811,35.02617],[136.66026,35.02796],[136.66156,35.02853],[136.66413,35.02941],[136.66599,35.02973],[136.66688,35.02969],[136.67018,35.02863],[136.67187,35.02772],[136.67446,35.02854],[136.67568,35.03079],[136.67638,35.03036],[136.67766,35.03126],[136.67898,35.03279],[136.67879,35.03358],[136.67928,35.03405],[136.67759,35.03556],[136.67665,35.03685],[136.67703,35.03721],[136.67651,35.03876],[136.67783,35.03872],[136.67901,35.03675],[136.67971,35.03602],[136.67965,35.03496],[136.68055,35.03334],[136.68113,35.03356],[136.6818,35.03251],[136.68226,35.03269],[136.68316,35.03203],[136.68376,35.03113],[136.68552,35.0319],[136.68432,35.03362],[136.68344,35.03296],[136.68245,35.03443],[136.68183,35.03459],[136.68083,35.034],[136.67996,35.03538],[136.68031,35.0356],[136.67974,35.03663],[136.68067,35.03726],[136.68107,35.03673],[136.68165,35.03683],[136.68355,35.03394],[136.68419,35.0338],[136.68581,35.03449],[136.68319,35.03632],[136.67998,35.03786],[136.68123,35.039],[136.6794,35.04056],[136.67833,35.04161],[136.67734,35.04298],[136.67596,35.04533],[136.67497,35.04678],[136.67437,35.04641],[136.67278,35.04502],[136.67109,35.04548],[136.67116,35.04639],[136.67048,35.04663],[136.67038,35.0473],[136.66873,35.04721],[136.6671,35.04647],[136.66656,35.04651],[136.66528,35.04736],[136.66421,35.04758],[136.66093,35.04675],[136.66054,35.0463],[136.661,35.04382],[136.66061,35.04284],[136.66102,35.04222],[136.66035,35.04084],[136.65991,35.04177],[136.65929,35.04185],[136.65861,35.04278],[136.65724,35.04244],[136.65611,35.04273],[136.65554,35.04262],[136.65327,35.04169],[136.65299,35.04208],[136.65034,35.04115],[136.64911,35.04172],[136.64774,35.0415],[136.64717,35.04246],[136.64605,35.04249],[136.64452,35.04339],[136.64274,35.0429],[136.64175,35.04305],[136.64197,35.04161],[136.64165,35.04081],[136.6422,35.04036],[136.64208,35.03968],[136.64101,35.03904],[136.64073,35.03774],[136.64036,35.0371],[136.6411,35.03504],[136.6422,35.0333],[136.64337,35.03307],[136.64357,35.03236],[136.64462,35.03104],[136.64479,35.02953],[136.64575,35.02919],[136.64773,35.02741],[136.65206,35.02832],[136.65316,35.02752],[136.65306,35.02693],[136.65353,35.02628],[136.65456,35.02615],[136.65434,35.02546],[136.6577,35.02498]]]]}},
  {"type":"Feature","properties":{"name":"川越町","code":"24344"},"geometry":{"type":"MultiPolygon","coordinates":[[[[136.67398,35.00636],[136.67523,35.00687],[136.67614,35.00839],[136.67743,35.00852],[136.679,35.00842],[136.67977,35.00819],[136.68115,35.00694],[136.68143,35.00778],[136.68119,35.00854],[136.68271,35.00892],[136.6831,35.00837],[136.68396,35.00858],[136.6848,35.00823],[136.68507,35.00691],[136.6835,35.00711],[136.68322,35.00681],[136.68535,35.00666],[136.68621,35.0041],[136.69406,35.00587],[136.69418,35.00505],[136.69559,35.00537],[136.69518,35.00612],[136.7,35.00721],[136.6971,35.0159],[136.69889,35.01631],[136.69768,35.02034],[136.70035,35.02104],[136.6989,35.0223],[136.69811,35.0233],[136.69678,35.02554],[136.69587,35.02671],[136.69418,35.02854],[136.69134,35.0321],[136.6905,35.03281],[136.68876,35.0338],[136.68685,35.03529],[136.68454,35.03679],[136.68256,35.03779],[136.68123,35.039],[136.67998,35.03786],[136.68319,35.03632],[136.68581,35.03449],[136.68419,35.0338],[136.68355,35.03394],[136.68165,35.03683],[136.68107,35.03673],[136.68067,35.03726],[136.67974,35.03663],[136.68031,35.0356],[136.67996,35.03538],[136.68083,35.034],[136.68183,35.03459],[136.68245,35.03443],[136.68344,35.03296],[136.68432,35.03362],[136.68552,35.0319],[136.68376,35.03113],[136.68316,35.03203],[136.68226,35.03269],[136.6818,35.03251],[136.68113,35.03356],[136.68055,35.03334],[136.67965,35.03496],[136.67971,35.03602],[136.67901,35.03675],[136.67783,35.03872],[136.67651,35.03876],[136.67703,35.03721],[136.67665,35.03685],[136.67759,35.03556],[136.67928,35.03405],[136.67879,35.03358],[136.67898,35.03279],[136.67766,35.03126],[136.67638,35.03036],[136.67568,35.03079],[136.67446,35.02854],[136.67187,35.02772],[136.67018,35.02863],[136.66688,35.02969],[136.66599,35.02973],[136.66413,35.02941],[136.66156,35.02853],[136.66026,35.02796],[136.65811,35.02617],[136.6577,35.02498],[136.65936,35.02475],[136.65821,35.02259],[136.65923,35.02187],[136.65755,35.01992],[136.65611,35.01873],[136.65556,35.01922],[136.65439,35.01813],[136.65713,35.01672],[136.65643,35.01607],[136.66163,35.0117],[136.66321,35.01305],[136.66402,35.01358],[136.66442,35.01418],[136.66726,35.01665],[136.66771,35.01626],[136.66827,35.01679],[136.66885,35.01631],[136.67006,35.0174],[136.67272,35.01505],[136.67405,35.01235],[136.67195,35.0114],[136.67231,35.01056],[136.67159,35.01038],[136.67217,35.00964],[136.67273,35.00831],[136.67398,35.00636]]]]}},
  {"type":"Feature","properties":{"name":"多気町","code":"24441"},"geometry":{"type":"MultiPolygon","coordinates":[[[[136.40729,34.41744],[136.40902,34.41638],[136.4098,34.41634],[136.41077,34.4158],[136.412,34.41665],[136.41384,34.41669],[136.41521,34.41696],[136.41633,34.41752],[136.41749,34.41707],[136.41844,34.4178],[136.41829,34.41839],[136.41897,34.41929],[136.42034,34.4189],[136.42144,34.41886],[136.4229,34.41842],[136.42456,34.41915],[136.42495,34.41899],[136.42643,34.4172],[136.42762,34.4171],[136.42898,34.41605],[136.42988,34.41584],[136.43053,34.41605],[136.43261,34.41542],[136.43347,34.41576],[136.43355,34.41634],[136.43514,34.41716],[136.43599,34.41709],[136.43732,34.41798],[136.44,34.41792],[136.44098,34.41839],[136.44369,34.41934],[136.44628,34.42005],[136.44833,34.41958],[136.44944,34.41997],[136.45019,34.4205],[136.4516,34.42063],[136.45255,34.4204],[136.45384,34.4212],[136.45435,34.42183],[136.45546,34.4224],[136.4563,34.42322],[136.45807,34.42375],[136.45904,34.4251],[136.45972,34.4252],[136.46102,34.42588],[136.46243,34.42626],[136.46287,34.42619],[136.46365,34.42687],[136.46659,34.4278],[136.46639,34.42944],[136.4656,34.43145],[136.4646,34.43299],[136.46619,34.43345],[136.46672,34.43386],[136.46697,34.43459],[136.46766,34.43521],[136.46903,34.43573],[136.47037,34.43537],[136.47146,34.43529],[136.47165,34.43492],[136.473,34.43449],[136.47448,34.4345],[136.47633,34.43493],[136.47716,34.43496],[136.47892,34.43536],[136.47957,34.43571],[136.48061,34.43579],[136.48177,34.43614],[136.48246,34.4358],[136.48331,34.43614],[136.48428,34.43617],[136.48577,34.43661],[136.48767,34.4379],[136.48928,34.4384],[136.49086,34.43822],[136.49212,34.43853],[136.49219,34.43917],[136.49312,34.43916],[136.49414,34.43967],[136.49479,34.43966],[136.49554,34.44012],[136.4971,34.43924],[136.4976,34.4395],[136.49826,34.43923],[136.49856,34.43998],[136.49771,34.44057],[136.4972,34.44124],[136.49593,34.44207],[136.49504,34.44309],[136.49488,34.44403],[136.49528,34.44517],[136.49676,34.44571],[136.4971,34.4464],[136.4982,34.44642],[136.50008,34.44739],[136.50087,34.44732],[136.50131,34.44766],[136.50284,34.44731],[136.5039,34.44755],[136.50465,34.44856],[136.50543,34.44854],[136.50586,34.44916],[136.50721,34.44871],[136.5082,34.45021],[136.50741,34.45037],[136.50784,34.45163],[136.50761,34.45249],[136.50656,34.45254],[136.50582,34.4539],[136.50628,34.45461],[136.5069,34.45436],[136.50797,34.45495],[136.50852,34.45491],[136.51053,34.45292],[136.51103,34.45172],[136.51227,34.45237],[136.5133,34.45272],[136.51399,34.45252],[136.51555,34.45264],[136.51593,34.45337],[136.51651,34.45358],[136.51785,34.45469],[136.5193,34.45532],[136.52072,34.45508],[136.5219,34.45529],[136.52355,34.45479],[136.52537,34.45498],[136.52607,34.45429],[136.5298,34.45486],[136.53033,34.45545],[136.53136,34.45566],[136.53294,34.45566],[136.53493,34.4564],[136.53627,34.45661],[136.53682,34.45703],[136.53701,34.45822],[136.53781,34.4594],[136.5394,34.45934],[136.53995,34.45874],[136.54127,34.45809],[136.54225,34.45731],[136.54288,34.45721],[136.54392,34.45747],[136.54465,34.45813],[136.54545,34.45829],[136.54668,34.45937],[136.54784,34.45966],[136.54832,34.45864],[136.54911,34.45603],[136.54716,34.45473],[136.54675,34.45353],[136.54715,34.45313],[136.5483,34.45267],[136.54829,34.45211],[136.54962,34.45081],[136.54988,34.44994],[136.55073,34.44961],[136.55199,34.45048],[136.55289,34.45043],[136.55344,34.45088],[136.5555,34.45146],[136.56043,34.45154],[136.56056,34.45206],[136.56249,34.45192],[136.56285,34.45219],[136.56389,34.45191],[136.56601,34.45238],[136.5678,34.45235],[136.56901,34.45202],[136.57052,34.45213],[136.57208,34.4518],[136.5731,34.45185],[136.57404,34.45157],[136.57577,34.45136],[136.5782,34.45148],[136.57885,34.45165],[136.57883,34.45369],[136.57934,34.45482],[136.57936,34.45537],[136.57813,34.45686],[136.57873,34.45769],[136.57887,34.45962],[136.57976,34.46159],[136.58042,34.46215],[136.58083,34.46301],[136.58203,34.4636],[136.5825,34.46465],[136.58347,34.46534],[136.58396,34.4667],[136.58332,34.46775],[136.58282,34.46799],[136.58185,34.46905],[136.58047,34.47],[136.58033,34.47082],[136.58061,34.47168],[136.58142,34.47228],[136.58109,34.47369],[136.58098,34.47544],[136.58062,34.47662],[136.58016,34.47732],[136.58022,34.47861],[136.5795,34.4796],[136.57917,34.48054],[136.58182,34.48071],[136.58265,34.48051],[136.58226,34.48254],[136.5821,34.48435],[136.58219,34.48548],[136.58292,34.48548],[136.58396,34.48828],[136.58371,34.48833],[136.58767,34.49171],[136.5896,34.49279],[136.59053,34.49255],[136.591,34.49387],[136.59152,34.49425],[136.59261,34.49407],[136.59302,34.49535],[136.59419,34.49607],[136.59478,34.49618],[136.59683,34.4957],[136.59753,34.49721],[136.59762,34.4981],[136.59873,34.49864],[136.60043,34.49842],[136.60187,34.49869],[136.60229,34.49933],[136.60021,34.50056],[136.59936,34.50061],[136.59952,34.50137],[136.59827,34.50271],[136.59871,34.50311],[136.59974,34.50316],[136.60044,34.5022],[136.60159,34.50145],[136.60198,34.50195],[136.60102,34.50278],[136.60026,34.5039],[136.60039,34.50433],[136.60006,34.50577],[136.59991,34.50621],[136.59864,34.50636],[136.59788,34.50613],[136.59707,34.50629],[136.59666,34.50677],[136.59545,34.507],[136.5953,34.50742],[136.59408,34.50777],[136.59312,34.5072],[136.59245,34.50573],[136.59197,34.50543],[136.59032,34.50633],[136.58937,34.50705],[136.58913,34.50786],[136.58781,34.50854],[136.58832,34.5094],[136.5877,34.51008],[136.58827,34.51097],[136.58891,34.51152],[136.58908,34.51219],[136.59025,34.51216],[136.59139,34.51239],[136.59154,34.51424],[136.59083,34.51521],[136.59148,34.51606],[136.59129,34.51703],[136.59153,34.51774],[136.59129,34.51874],[136.59028,34.52131],[136.58948,34.52132],[136.58899,34.522],[136.58819,34.52164],[136.58812,34.52369],[136.58587,34.52278],[136.5853,34.52285],[136.58429,34.52345],[136.58314,34.52349],[136.58183,34.52298],[136.58072,34.5229],[136.57985,34.52322],[136.57821,34.52333],[136.57713,34.52306],[136.57426,34.52258],[136.56577,34.52148],[136.56468,34.52108],[136.56369,34.52039],[136.56206,34.51897],[136.56019,34.51709],[136.55815,34.51546],[136.55464,34.51306],[136.55326,34.51258],[136.55144,34.51265],[136.54846,34.51191],[136.5479,34.51162],[136.54599,34.50887],[136.54565,34.508],[136.54325,34.50671],[136.53903,34.50558],[136.53802,34.50539],[136.53446,34.50579],[136.53163,34.50574],[136.53028,34.50549],[136.52773,34.50478],[136.52638,34.50459],[136.52425,34.50483],[136.52209,34.50527],[136.51791,34.50595],[136.51734,34.50585],[136.51554,34.50451],[136.51383,34.50304],[136.51237,34.50212],[136.50994,34.50097],[136.50731,34.50003],[136.50526,34.49967],[136.50323,34.49964],[136.50055,34.49997],[136.49961,34.5007],[136.49899,34.50305],[136.49722,34.50703],[136.49692,34.5084],[136.49639,34.50883],[136.49517,34.50886],[136.49342,34.50839],[136.49138,34.50827],[136.49024,34.50762],[136.48975,34.50692],[136.4887,34.50474],[136.48806,34.50377],[136.48772,34.50266],[136.48704,34.50203],[136.48587,34.5014],[136.48382,34.50084],[136.48129,34.50047],[136.47881,34.49996],[136.47806,34.49952],[136.47769,34.49883],[136.47776,34.49757],[136.47864,34.4963],[136.48025,34.49497],[136.48184,34.49432],[136.48357,34.49432],[136.48577,34.49406],[136.48823,34.49333],[136.48934,34.49332],[136.49199,34.49359],[136.49303,34.4933],[136.49393,34.49265],[136.49413,34.49181],[136.49392,34.49121],[136.49321,34.49048],[136.49122,34.48953],[136.48942,34.48831],[136.4878,34.48772],[136.48443,34.48732],[136.48339,34.48691],[136.48121,34.48487],[136.48074,34.4848],[136.47962,34.48538],[136.47858,34.48515],[136.47785,34.48551],[136.47715,34.4853],[136.47355,34.48553],[136.4725,34.48657],[136.47119,34.48649],[136.47045,34.4868],[136.46934,34.48624],[136.46829,34.48637],[136.46785,34.48613],[136.46651,34.48602],[136.46464,34.48633],[136.46322,34.48553],[136.46204,34.48569],[136.46075,34.48641],[136.45928,34.48675],[136.45888,34.48745],[136.45779,34.48768],[136.45617,34.4874],[136.45536,34.48667],[136.45398,34.48494],[136.45328,34.48486],[136.45222,34.48421],[136.45039,34.48167],[136.44932,34.48051],[136.44803,34.47811],[136.44772,34.47711],[136.44681,34.47658],[136.44542,34.47666],[136.44325,34.47732],[136.44079,34.47843],[136.43801,34.48054],[136.43683,34.48156],[136.43528,34.48252],[136.43404,34.48305],[136.43287,34.48332],[136.43132,34.48314],[136.42989,34.48349],[136.42929,34.48341],[136.42801,34.4819],[136.42772,34.48069],[136.42825,34.47991],[136.42824,34.47934],[136.42717,34.47856],[136.42297,34.47708],[136.4217,34.47653],[136.4182,34.476],[136.41599,34.47589],[136.41094,34.4744],[136.40964,34.47427],[136.40855,34.47387],[136.4073,34.47312],[136.40609,34.47271],[136.40459,34.4717],[136.40345,34.4714],[136.40161,34.47127],[136.40001,34.47069],[136.40114,34.46893],[136.40273,34.46958],[136.40321,34.46887],[136.4041,34.46891],[136.40508,34.46803],[136.40813,34.46779],[136.41028,34.46878],[136.41151,34.46873],[136.41281,34.46782],[136.41422,34.46762],[136.41506,34.46729],[136.41599,34.46743],[136.4171,34.46653],[136.41876,34.46626],[136.42094,34.46554],[136.42057,34.46395],[136.42109,34.46299],[136.421,34.46147],[136.41998,34.46041],[136.41882,34.4597],[136.41899,34.45766],[136.41848,34.45653],[136.41886,34.45548],[136.41882,34.45348],[136.41829,34.45191],[136.41834,34.4515],[136.4191,34.45031],[136.41951,34.44926],[136.42017,34.44827],[136.42042,34.44686],[136.42108,34.44564],[136.42226,34.4443],[136.4228,34.44239],[136.42262,34.44157],[136.42157,34.441],[136.42017,34.44064],[136.41844,34.43969],[136.41699,34.43933],[136.41547,34.43806],[136.41555,34.43718],[136.41509,34.43626],[136.41343,34.43478],[136.41172,34.43274],[136.41015,34.43134],[136.40985,34.43086],[136.41019,34.42988],[136.41,34.42945],[136.40879,34.42812],[136.40856,34.42724],[136.4079,34.42687],[136.40779,34.42619],[136.40817,34.42474],[136.40807,34.42387],[136.40768,34.42362],[136.40786,34.42231],[136.40853,34.42193],[136.40915,34.42089],[136.40944,34.41997],[136.40853,34.41897],[136.40802,34.41873],[136.40787,34.41808],[136.40729,34.41744]]]]}},
  {"type":"Feature","properties":{"name":"明和町","code":"24442"},"geometry":{"type":"MultiPolygon","coordinates":[[[[136.65817,34.52083],[136.66026,34.52019],[136.66129,34.521],[136.66045,34.52164],[136.66123,34.52262],[136.65906,34.52381],[136.65968,34.52477],[136.66104,34.52735],[136.65982,34.52768],[136.6605,34.52851],[136.6571,34.5308],[136.65165,34.53457],[136.64984,34.53493],[136.64955,34.53484],[136.64644,34.53609],[136.64542,34.53631],[136.64561,34.53921],[136.64608,34.54071],[136.64708,34.54207],[136.64689,34.5426],[136.64733,34.54427],[136.64651,34.54433],[136.64715,34.54561],[136.64814,34.54648],[136.64929,34.54639],[136.64983,34.54661],[136.65066,34.54817],[136.65158,34.54891],[136.65433,34.54998],[136.65828,34.55131],[136.65868,34.55174],[136.65798,34.55274],[136.65787,34.55361],[136.65672,34.55458],[136.65649,34.55549],[136.65592,34.55647],[136.65598,34.55749],[136.65655,34.55841],[136.65768,34.55939],[136.6593,34.56042],[136.65959,34.56103],[136.65918,34.56188],[136.65841,34.56185],[136.6572,34.56317],[136.65744,34.56353],[136.66045,34.5663],[136.66,34.56698],[136.65893,34.5677],[136.65738,34.56972],[136.65542,34.57284],[136.65536,34.5735],[136.65485,34.57403],[136.65439,34.57504],[136.65328,34.5769],[136.65099,34.58139],[136.65025,34.58319],[136.64889,34.58556],[136.64766,34.58807],[136.64706,34.58884],[136.64467,34.59018],[136.64042,34.59234],[136.63692,34.59296],[136.63403,34.59324],[136.63177,34.59407],[136.63109,34.59447],[136.63051,34.59427],[136.62945,34.5948],[136.62955,34.59551],[136.62756,34.59619],[136.62803,34.59737],[136.6273,34.5974],[136.62688,34.59638],[136.62614,34.59684],[136.62646,34.59752],[136.62532,34.59786],[136.6221,34.59841],[136.62026,34.5988],[136.61882,34.59934],[136.61833,34.59927],[136.61658,34.5997],[136.61532,34.59967],[136.60719,34.60013],[136.60376,34.60083],[136.60342,34.59927],[136.60471,34.59901],[136.60444,34.5982],[136.60752,34.59744],[136.60708,34.5963],[136.60576,34.59542],[136.60526,34.59447],[136.60913,34.59324],[136.61104,34.59278],[136.6117,34.59247],[136.61318,34.59298],[136.61423,34.59297],[136.61414,34.59138],[136.6149,34.58924],[136.61469,34.58882],[136.61365,34.58842],[136.61287,34.58775],[136.61173,34.58743],[136.61127,34.58692],[136.61129,34.58597],[136.61093,34.58491],[136.61098,34.58389],[136.61128,34.58283],[136.61058,34.58122],[136.60875,34.58113],[136.609,34.58047],[136.60792,34.57974],[136.60791,34.57911],[136.60845,34.5786],[136.60808,34.57788],[136.60904,34.57722],[136.60888,34.57642],[136.6095,34.57491],[136.60943,34.57446],[136.60824,34.57173],[136.60828,34.57084],[136.60953,34.56963],[136.6104,34.56915],[136.61108,34.56908],[136.61067,34.57028],[136.61372,34.57015],[136.61361,34.56939],[136.6156,34.56963],[136.6164,34.56898],[136.61644,34.56808],[136.61688,34.56781],[136.61709,34.5667],[136.6162,34.56545],[136.61661,34.56206],[136.61452,34.5622],[136.61366,34.56241],[136.61319,34.56301],[136.61152,34.56227],[136.60948,34.56111],[136.60905,34.56057],[136.60885,34.55955],[136.60827,34.55914],[136.60736,34.55681],[136.60741,34.5554],[136.60681,34.55441],[136.60678,34.55331],[136.60727,34.55207],[136.60728,34.54929],[136.60671,34.54938],[136.60609,34.54803],[136.60498,34.54492],[136.60424,34.54513],[136.6036,34.54349],[136.60285,34.54272],[136.60148,34.54027],[136.60123,34.53918],[136.60303,34.53871],[136.60167,34.53696],[136.5993,34.53628],[136.59841,34.5358],[136.59715,34.53483],[136.59773,34.53351],[136.59815,34.53194],[136.59786,34.53138],[136.59639,34.5305],[136.59615,34.52805],[136.59483,34.52734],[136.59194,34.52692],[136.58961,34.52624],[136.58873,34.52541],[136.58812,34.52369],[136.58819,34.52164],[136.58899,34.522],[136.58948,34.52132],[136.59028,34.52131],[136.59129,34.51874],[136.59153,34.51774],[136.59129,34.51703],[136.59148,34.51606],[136.59083,34.51521],[136.59154,34.51424],[136.59139,34.51239],[136.59025,34.51216],[136.58908,34.51219],[136.58891,34.51152],[136.58827,34.51097],[136.5877,34.51008],[136.58832,34.5094],[136.58781,34.50854],[136.58913,34.50786],[136.58937,34.50705],[136.59032,34.50633],[136.59197,34.50543],[136.59245,34.50573],[136.59312,34.5072],[136.59408,34.50777],[136.5953,34.50742],[136.59545,34.507],[136.59666,34.50677],[136.59707,34.50629],[136.59788,34.50613],[136.59864,34.50636],[136.59991,34.50621],[136.60006,34.50577],[136.60101,34.50472],[136.6016,34.50355],[136.60222,34.50386],[136.60241,34.505],[136.6029,34.50485],[136.60522,34.50525],[136.60749,34.50495],[136.60875,34.50541],[136.60999,34.50639],[136.61087,34.50609],[136.61149,34.50669],[136.61173,34.50735],[136.61241,34.50734],[136.61267,34.50793],[136.61109,34.50824],[136.61119,34.50917],[136.61202,34.50921],[136.61317,34.50969],[136.61368,34.51019],[136.61369,34.51085],[136.61324,34.51142],[136.6133,34.51239],[136.61299,34.51322],[136.61377,34.51494],[136.61353,34.5156],[136.61368,34.51747],[136.61429,34.5177],[136.61696,34.51764],[136.61651,34.51683],[136.61807,34.51753],[136.61856,34.51726],[136.62072,34.51726],[136.62153,34.51751],[136.62153,34.51672],[136.62249,34.51627],[136.6232,34.51554],[136.62625,34.51564],[136.62754,34.51595],[136.6276,34.51714],[136.6314,34.51723],[136.63281,34.51715],[136.63379,34.51736],[136.63461,34.51811],[136.63621,34.51751],[136.63708,34.5174],[136.63768,34.51703],[136.63884,34.51696],[136.63926,34.51771],[136.64076,34.51839],[136.64157,34.51842],[136.64341,34.51913],[136.64422,34.51925],[136.64504,34.51878],[136.64485,34.51807],[136.6454,34.51793],[136.64609,34.51682],[136.64744,34.51638],[136.64772,34.51599],[136.64849,34.5162],[136.64828,34.51681],[136.64788,34.5169],[136.64695,34.5181],[136.64685,34.51884],[136.64658,34.5191],[136.64657,34.52124],[136.64704,34.52191],[136.64812,34.52257],[136.65017,34.52225],[136.65053,34.52423],[136.65135,34.52407],[136.6508,34.52194],[136.65016,34.52198],[136.65,34.521],[136.64992,34.52076],[136.65119,34.52088],[136.65096,34.52],[136.65105,34.51908],[136.65183,34.51851],[136.65269,34.51895],[136.65399,34.51966],[136.65423,34.52019],[136.654,34.52104],[136.65416,34.52199],[136.65387,34.52278],[136.65503,34.52277],[136.65601,34.5232],[136.65711,34.52302],[136.65751,34.52389],[136.65813,34.52308],[136.65766,34.52137],[136.65817,34.52083]]]]}},
  {"type":"Feature","properties":{"name":"大台町","code":"24443"},"geometry":{"type":"MultiPolygon","coordinates":[[[[136.12951,34.31617],[136.12857,34.3153],[136.12635,34.31438],[136.12525,34.31333],[136.12446,34.31229],[136.12305,34.31118],[136.12231,34.31043],[136.12144,34.31019],[136.12005,34.31044],[136.11866,34.31032],[136.11631,34.30966],[136.11494,34.30881],[136.11313,34.30641],[136.11214,34.30617],[136.11165,34.30501],[136.1101,34.30527],[136.1082,34.30456],[136.10665,34.30476],[136.10469,34.30548],[136.10248,34.30553],[136.10165,34.30534],[136.10036,34.30554],[136.09748,34.30359],[136.09577,34.30294],[136.0949,34.30145],[136.0956,34.30007],[136.09549,34.29918],[136.09577,34.29791],[136.09612,34.29729],[136.0961,34.29524],[136.09592,34.29378],[136.09698,34.29296],[136.0976,34.29128],[136.09785,34.29103],[136.09771,34.28975],[136.09783,34.28882],[136.09898,34.28859],[136.10053,34.2879],[136.10112,34.28653],[136.10208,34.28573],[136.10379,34.28506],[136.10546,34.283],[136.10737,34.2823],[136.10786,34.28171],[136.10966,34.28134],[136.11023,34.28088],[136.11138,34.28093],[136.11199,34.28074],[136.11232,34.28003],[136.11342,34.27876],[136.11349,34.27773],[136.11438,34.2765],[136.11476,34.27482],[136.11528,34.27408],[136.11669,34.27399],[136.11656,34.2733],[136.11702,34.2727],[136.11724,34.2711],[136.11919,34.27005],[136.12055,34.27017],[136.12092,34.26936],[136.12073,34.26869],[136.12183,34.26713],[136.12134,34.2665],[136.11936,34.26567],[136.11875,34.26494],[136.11851,34.2632],[136.11901,34.26258],[136.11871,34.26145],[136.11806,34.2606],[136.12051,34.2602],[136.12229,34.25939],[136.1232,34.25838],[136.12524,34.25828],[136.1264,34.25734],[136.12781,34.25665],[136.12805,34.25487],[136.12855,34.25384],[136.13002,34.2534],[136.13185,34.2519],[136.13135,34.25173],[136.13034,34.25059],[136.12939,34.2491],[136.13017,34.24817],[136.13064,34.24661],[136.13052,34.24557],[136.1306,34.24418],[136.13031,34.24287],[136.12836,34.24271],[136.12592,34.24147],[136.12469,34.24132],[136.1242,34.24074],[136.1226,34.23978],[136.12225,34.23885],[136.12175,34.23844],[136.12111,34.2369],[136.11986,34.23639],[136.1188,34.2349],[136.11744,34.23395],[136.11748,34.23312],[136.11645,34.23146],[136.11662,34.23039],[136.11578,34.22962],[136.11456,34.22943],[136.11362,34.22885],[136.11243,34.22919],[136.11067,34.22935],[136.10971,34.22804],[136.11058,34.22722],[136.10996,34.22667],[136.10994,34.22537],[136.10965,34.22422],[136.11076,34.22396],[136.1123,34.22448],[136.11314,34.22434],[136.11412,34.22366],[136.11566,34.22338],[136.11655,34.22353],[136.1173,34.22311],[136.11687,34.22154],[136.11726,34.22067],[136.11736,34.21945],[136.11682,34.2191],[136.11729,34.21707],[136.11778,34.21638],[136.11874,34.21551],[136.11828,34.21437],[136.11701,34.21359],[136.11702,34.21283],[136.11634,34.21171],[136.11547,34.21084],[136.1135,34.21044],[136.11216,34.21056],[136.1103,34.21124],[136.10974,34.21124],[136.10801,34.21053],[136.10722,34.20932],[136.1072,34.20782],[136.1074,34.20738],[136.10678,34.20669],[136.10546,34.20617],[136.10465,34.20617],[136.10195,34.20483],[136.10139,34.2035],[136.10027,34.20337],[136.09977,34.20303],[136.09758,34.20247],[136.09684,34.20036],[136.09695,34.19951],[136.09654,34.19829],[136.09402,34.19639],[136.09345,34.1957],[136.09368,34.19529],[136.09368,34.19408],[136.09409,34.1932],[136.09268,34.19039],[136.09412,34.1899],[136.09477,34.18945],[136.09522,34.18853],[136.0962,34.18781],[136.09765,34.18733],[136.09841,34.18687],[136.10027,34.18634],[136.10278,34.18663],[136.10316,34.18631],[136.10521,34.18577],[136.10685,34.18511],[136.10886,34.18514],[136.10874,34.18385],[136.10893,34.1833],[136.10849,34.1824],[136.10881,34.18078],[136.10778,34.17972],[136.10721,34.1774],[136.10712,34.17513],[136.10559,34.17539],[136.10526,34.17523],[136.10446,34.17361],[136.1056,34.17162],[136.10615,34.17116],[136.10777,34.17036],[136.10869,34.16945],[136.11081,34.16808],[136.11204,34.16756],[136.11379,34.16695],[136.11442,34.16689],[136.11591,34.16724],[136.118,34.16689],[136.12035,34.16566],[136.12151,34.16819],[136.12477,34.16892],[136.12806,34.16939],[136.12815,34.16856],[136.12855,34.16783],[136.12866,34.16671],[136.12927,34.16566],[136.13143,34.16532],[136.1319,34.16471],[136.13306,34.16476],[136.13382,34.16527],[136.13535,34.16512],[136.13582,34.16538],[136.1365,34.16703],[136.13912,34.16798],[136.13981,34.16797],[136.14193,34.16668],[136.14226,34.16793],[136.14276,34.16863],[136.14518,34.1696],[136.14491,34.17076],[136.14566,34.17054],[136.147,34.17058],[136.14609,34.17202],[136.14599,34.1726],[136.14648,34.1739],[136.14599,34.17464],[136.14615,34.17514],[136.14612,34.17707],[136.14694,34.17792],[136.14791,34.17829],[136.14888,34.17905],[136.14851,34.18004],[136.14894,34.18055],[136.1495,34.18184],[136.14995,34.18237],[136.15005,34.18354],[136.1504,34.18397],[136.15179,34.18469],[136.1522,34.18529],[136.1534,34.18634],[136.15427,34.18547],[136.15536,34.18495],[136.15757,34.18465],[136.15911,34.1849],[136.15988,34.18574],[136.16194,34.18648],[136.16329,34.18639],[136.16523,34.18711],[136.16821,34.18768],[136.16892,34.18758],[136.16978,34.18782],[136.17082,34.18775],[136.17193,34.1881],[136.17293,34.1882],[136.17333,34.18902],[136.17428,34.18937],[136.17502,34.19006],[136.17598,34.19007],[136.17675,34.18975],[136.17967,34.19062],[136.18081,34.19064],[136.18172,34.1911],[136.18279,34.19068],[136.18476,34.19059],[136.1857,34.19108],[136.18652,34.19093],[136.18725,34.1924],[136.18812,34.19316],[136.19092,34.19372],[136.19168,34.19354],[136.1925,34.19378],[136.19254,34.19497],[136.19222,34.19544],[136.19108,34.19601],[136.1908,34.19663],[136.19119,34.19776],[136.19044,34.19836],[136.1899,34.19978],[136.18994,34.20119],[136.18978,34.2018],[136.19027,34.20225],[136.18965,34.20348],[136.18956,34.20438],[136.18986,34.20489],[136.18968,34.20574],[136.18989,34.20648],[136.18873,34.2081],[136.18885,34.20892],[136.18862,34.20956],[136.18908,34.21107],[136.18964,34.2118],[136.18962,34.21253],[136.19066,34.2132],[136.1918,34.21584],[136.19167,34.21665],[136.19298,34.21796],[136.19507,34.21948],[136.19557,34.22005],[136.19623,34.22003],[136.19734,34.22046],[136.19783,34.21994],[136.19942,34.21935],[136.20118,34.21968],[136.20197,34.21957],[136.20381,34.21851],[136.20504,34.21835],[136.20566,34.21885],[136.20662,34.22014],[136.20741,34.22071],[136.20757,34.22212],[136.20791,34.22285],[136.20671,34.22381],[136.20629,34.22532],[136.20636,34.22604],[136.20574,34.22662],[136.20585,34.22885],[136.20692,34.22985],[136.20795,34.23044],[136.21183,34.23148],[136.21259,34.23206],[136.21378,34.23235],[136.2138,34.2332],[136.21438,34.23419],[136.21497,34.23463],[136.21569,34.23568],[136.21619,34.23605],[136.21755,34.23797],[136.21807,34.239],[136.21807,34.24015],[136.21759,34.24091],[136.21745,34.24266],[136.21766,34.2432],[136.21747,34.2454],[136.21778,34.24608],[136.21896,34.24637],[136.22019,34.24596],[136.22198,34.24611],[136.22399,34.24663],[136.22574,34.2466],[136.22812,34.24535],[136.22952,34.24531],[136.2308,34.24598],[136.2314,34.24656],[136.23346,34.24696],[136.23461,34.24692],[136.23641,34.24743],[136.23921,34.24775],[136.2405,34.2478],[136.24011,34.24915],[136.24076,34.25002],[136.24112,34.25126],[136.23994,34.25279],[136.23896,34.2549],[136.23838,34.25574],[136.239,34.25724],[136.24034,34.25832],[136.24104,34.25852],[136.24234,34.26013],[136.24296,34.26143],[136.24452,34.26214],[136.24599,34.26338],[136.24753,34.26425],[136.24908,34.26446],[136.25012,34.26479],[136.25158,34.26407],[136.25241,34.26341],[136.25421,34.2628],[136.25565,34.26379],[136.25626,34.26381],[136.2577,34.26432],[136.2584,34.26527],[136.25972,34.26592],[136.26068,34.26658],[136.26207,34.2682],[136.26316,34.26907],[136.2657,34.27061],[136.2664,34.27087],[136.26766,34.2725],[136.26872,34.27314],[136.2698,34.27427],[136.26831,34.2748],[136.26799,34.27534],[136.267,34.27613],[136.26599,34.27662],[136.26532,34.2778],[136.26457,34.27991],[136.26408,34.28036],[136.26485,34.28147],[136.26592,34.2823],[136.26599,34.28312],[136.26691,34.28496],[136.2674,34.28546],[136.26804,34.28702],[136.26913,34.28842],[136.26912,34.28906],[136.27048,34.28913],[136.27275,34.28881],[136.27383,34.28832],[136.27494,34.28811],[136.27737,34.28834],[136.27862,34.28864],[136.27989,34.28862],[136.28108,34.28841],[136.28162,34.28884],[136.28136,34.29003],[136.28151,34.29077],[136.28216,34.29073],[136.28353,34.29186],[136.28572,34.29416],[136.28796,34.29522],[136.28929,34.29548],[136.29079,34.29541],[136.29344,34.2963],[136.294,34.29684],[136.29561,34.29667],[136.29805,34.29548],[136.29864,34.29549],[136.29978,34.29598],[136.30085,34.29673],[136.30253,34.29671],[136.30332,34.29711],[136.30529,34.2968],[136.30569,34.29719],[136.30687,34.29769],[136.30822,34.29854],[136.30955,34.29987],[136.31056,34.30036],[136.31262,34.30002],[136.31386,34.29934],[136.31457,34.29996],[136.31496,34.30129],[136.31607,34.30162],[136.3172,34.30236],[136.31768,34.30449],[136.31912,34.30897],[136.32158,34.31088],[136.32216,34.31233],[136.32371,34.31423],[136.32399,34.31554],[136.32376,34.31692],[136.32477,34.31884],[136.32584,34.31906],[136.3266,34.31878],[136.32715,34.31921],[136.32915,34.31895],[136.33012,34.31807],[136.33201,34.31753],[136.33248,34.31643],[136.33387,34.31624],[136.33511,34.31587],[136.3358,34.31627],[136.33787,34.31629],[136.33916,34.31653],[136.34051,34.31646],[136.34203,34.31615],[136.34393,34.31685],[136.34516,34.31667],[136.34757,34.3169],[136.34953,34.3181],[136.35169,34.319],[136.3532,34.31902],[136.3543,34.31923],[136.35467,34.32018],[136.35447,34.32153],[136.35459,34.32228],[136.35521,34.3227],[136.35606,34.32419],[136.35755,34.32455],[136.35883,34.32544],[136.36012,34.32584],[136.36113,34.3267],[136.36144,34.32759],[136.36313,34.32877],[136.36474,34.32935],[136.36614,34.33039],[136.36634,34.3313],[136.36765,34.33215],[136.36903,34.33268],[136.37005,34.33348],[136.37029,34.33433],[136.37115,34.33538],[136.37171,34.33689],[136.37249,34.33763],[136.37285,34.33885],[136.37284,34.33958],[136.37424,34.34029],[136.3762,34.34034],[136.37845,34.34141],[136.37967,34.34225],[136.3817,34.34296],[136.38316,34.34401],[136.38526,34.34427],[136.38744,34.34603],[136.38785,34.34651],[136.38988,34.34634],[136.39109,34.34703],[136.39193,34.34657],[136.3941,34.3472],[136.39545,34.3483],[136.39676,34.34838],[136.39739,34.34893],[136.39967,34.35],[136.40093,34.3502],[136.40083,34.3508],[136.40119,34.35148],[136.40331,34.35315],[136.40476,34.35339],[136.40596,34.35341],[136.40853,34.354],[136.40982,34.35405],[136.41104,34.35442],[136.41165,34.3558],[136.41316,34.35712],[136.41485,34.35921],[136.41537,34.36013],[136.4167,34.3631],[136.41708,34.36421],[136.41668,34.36512],[136.41522,34.36527],[136.41462,34.36556],[136.41453,34.36672],[136.41563,34.36796],[136.41625,34.36897],[136.41595,34.37002],[136.41611,34.3711],[136.41658,34.37217],[136.41674,34.37335],[136.41647,34.37385],[136.41534,34.37429],[136.41498,34.37568],[136.41519,34.37648],[136.41716,34.37847],[136.41748,34.3795],[136.41851,34.38109],[136.41871,34.38195],[136.41811,34.38288],[136.41722,34.38343],[136.4155,34.38388],[136.41363,34.3841],[136.41298,34.38441],[136.41169,34.38613],[136.40995,34.38735],[136.40841,34.38782],[136.40662,34.38794],[136.40593,34.38856],[136.40545,34.38954],[136.40553,34.39043],[136.40808,34.39115],[136.41051,34.39237],[136.41207,34.39367],[136.41514,34.39412],[136.41605,34.39455],[136.41666,34.39521],[136.41768,34.39576],[136.4196,34.39727],[136.42203,34.39842],[136.42375,34.3987],[136.42465,34.39961],[136.42548,34.39972],[136.42865,34.39829],[136.42967,34.39752],[136.43033,34.39735],[136.43128,34.3965],[136.43182,34.39486],[136.4313,34.39413],[136.43117,34.39317],[136.43162,34.39252],[136.43286,34.39167],[136.4336,34.39058],[136.43374,34.38975],[136.43361,34.3881],[136.43386,34.38715],[136.43478,34.38628],[136.43376,34.38522],[136.43367,34.38411],[136.43285,34.38365],[136.43062,34.38328],[136.42998,34.3829],[136.42897,34.38301],[136.42818,34.38262],[136.4282,34.38215],[136.42911,34.3804],[136.42929,34.37886],[136.43003,34.37799],[136.43102,34.37754],[136.43263,34.37742],[136.43423,34.37593],[136.43602,34.37496],[136.43693,34.37285],[136.43831,34.37124],[136.44111,34.36965],[136.4426,34.36936],[136.44483,34.36837],[136.44511,34.36792],[136.44619,34.36759],[136.44725,34.36772],[136.44855,34.36839],[136.44877,34.36904],[136.44859,34.37076],[136.4493,34.37171],[136.44946,34.37249],[136.44943,34.37404],[136.45037,34.37498],[136.45064,34.37671],[136.44939,34.37723],[136.44719,34.3776],[136.4445,34.37917],[136.44362,34.38037],[136.44422,34.38138],[136.44514,34.3815],[136.44596,34.38238],[136.44721,34.38287],[136.4478,34.38382],[136.44837,34.38573],[136.44823,34.38682],[136.44744,34.38847],[136.44644,34.39004],[136.44583,34.39237],[136.44596,34.39313],[136.44657,34.39352],[136.44929,34.39437],[136.45061,34.39415],[136.45197,34.39444],[136.45342,34.39452],[136.45524,34.39486],[136.45599,34.39524],[136.45673,34.39624],[136.45775,34.39833],[136.45814,34.40005],[136.45906,34.4015],[136.46066,34.40245],[136.4621,34.40353],[136.4637,34.40429],[136.46463,34.40497],[136.46698,34.40745],[136.46861,34.40997],[136.46892,34.41107],[136.47024,34.4131],[136.47132,34.41393],[136.4732,34.41496],[136.47618,34.41745],[136.47706,34.41865],[136.47771,34.41916],[136.47863,34.41944],[136.4803,34.41937],[136.4821,34.41881],[136.4836,34.41893],[136.48453,34.41924],[136.48692,34.42044],[136.48908,34.42106],[136.49019,34.42102],[136.49375,34.4204],[136.49506,34.42067],[136.49551,34.42165],[136.49457,34.42851],[136.49452,34.43083],[136.49501,34.43173],[136.49681,34.43354],[136.49815,34.43435],[136.49916,34.43444],[136.50023,34.4342],[136.50266,34.43395],[136.50372,34.43366],[136.50533,34.4335],[136.50746,34.43357],[136.50874,34.43335],[136.51027,34.43286],[136.51214,34.43185],[136.5151,34.42993],[136.51587,34.42962],[136.51665,34.42966],[136.519,34.43087],[136.51979,34.43165],[136.52027,34.43255],[136.52167,34.43374],[136.52255,34.4342],[136.52455,34.43416],[136.52597,34.43463],[136.52673,34.43533],[136.5284,34.43676],[136.53033,34.43775],[136.53277,34.43855],[136.53494,34.43864],[136.53962,34.43816],[136.54212,34.43812],[136.54481,34.43796],[136.54679,34.43832],[136.54753,34.43867],[136.54816,34.4399],[136.54794,34.44249],[136.54906,34.44339],[136.5511,34.4436],[136.55204,34.44397],[136.55265,34.44454],[136.553,34.44528],[136.5527,34.44914],[136.55289,34.45043],[136.55199,34.45048],[136.55073,34.44961],[136.54988,34.44994],[136.54962,34.45081],[136.54829,34.45211],[136.5483,34.45267],[136.54715,34.45313],[136.54675,34.45353],[136.54716,34.45473],[136.54911,34.45603],[136.54832,34.45864],[136.54784,34.45966],[136.54668,34.45937],[136.54545,34.45829],[136.54465,34.45813],[136.54392,34.45747],[136.54288,34.45721],[136.54225,34.45731],[136.54127,34.45809],[136.53995,34.45874],[136.5394,34.45934],[136.53781,34.4594],[136.53701,34.45822],[136.53682,34.45703],[136.53627,34.45661],[136.53493,34.4564],[136.53294,34.45566],[136.53136,34.45566],[136.53033,34.45545],[136.5298,34.45486],[136.52607,34.45429],[136.52537,34.45498],[136.52355,34.45479],[136.5219,34.45529],[136.52072,34.45508],[136.5193,34.45532],[136.51785,34.45469],[136.51651,34.45358],[136.51593,34.45337],[136.51555,34.45264],[136.51399,34.45252],[136.5133,34.45272],[136.51227,34.45237],[136.51103,34.45172],[136.51053,34.45292],[136.50852,34.45491],[136.50797,34.45495],[136.5069,34.45436],[136.50628,34.45461],[136.50582,34.4539],[136.50656,34.45254],[136.50761,34.45249],[136.50784,34.45163],[136.50741,34.45037],[136.5082,34.45021],[136.50721,34.44871],[136.50586,34.44916],[136.50543,34.44854],[136.50465,34.44856],[136.5039,34.44755],[136.50284,34.44731],[136.50131,34.44766],[136.50087,34.44732],[136.50008,34.44739],[136.4982,34.44642],[136.4971,34.4464],[136.49676,34.44571],[136.49528,34.44517],[136.49488,34.44403],[136.49504,34.44309],[136.49593,34.44207],[136.4972,34.44124],[136.49771,34.44057],[136.49856,34.43998],[136.49826,34.43923],[136.4976,34.4395],[136.4971,34.43924],[136.49554,34.44012],[136.49479,34.43966],[136.49414,34.43967],[136.49312,34.43916],[136.49219,34.43917],[136.49212,34.43853],[136.49086,34.43822],[136.48928,34.4384],[136.48767,34.4379],[136.48577,34.43661],[136.48428,34.43617],[136.48331,34.43614],[136.48246,34.4358],[136.48177,34.43614],[136.48061,34.43579],[136.47957,34.43571],[136.47892,34.43536],[136.47716,34.43496],[136.47633,34.43493],[136.47448,34.4345],[136.473,34.43449],[136.47165,34.43492],[136.47146,34.43529],[136.47037,34.43537],[136.46903,34.43573],[136.46766,34.43521],[136.46697,34.43459],[136.46672,34.43386],[136.46619,34.43345],[136.4646,34.43299],[136.4656,34.43145],[136.46639,34.42944],[136.46659,34.4278],[136.46365,34.42687],[136.46287,34.42619],[136.46243,34.42626],[136.46102,34.42588],[136.45972,34.4252],[136.45904,34.4251],[136.45807,34.42375],[136.4563,34.42322],[136.45546,34.4224],[136.45435,34.42183],[136.45384,34.4212],[136.45255,34.4204],[136.4516,34.42063],[136.45019,34.4205],[136.44944,34.41997],[136.44833,34.41958],[136.44628,34.42005],[136.44369,34.41934],[136.44098,34.41839],[136.44,34.41792],[136.43732,34.41798],[136.43599,34.41709],[136.43514,34.41716],[136.43355,34.41634],[136.43347,34.41576],[136.43261,34.41542],[136.43053,34.41605],[136.42988,34.41584],[136.42898,34.41605],[136.42762,34.4171],[136.42643,34.4172],[136.42495,34.41899],[136.42456,34.41915],[136.4229,34.41842],[136.42144,34.41886],[136.42034,34.4189],[136.41897,34.41929],[136.41829,34.41839],[136.41844,34.4178],[136.41749,34.41707],[136.41633,34.41752],[136.41521,34.41696],[136.41384,34.41669],[136.412,34.41665],[136.41077,34.4158],[136.4098,34.41634],[136.40902,34.41638],[136.40729,34.41744],[136.40517,34.4175],[136.4037,34.41651],[136.40112,34.41585],[136.40008,34.41585],[136.39931,34.4161],[136.39805,34.41589],[136.39649,34.41467],[136.39574,34.41462],[136.39527,34.4139],[136.39448,34.41374],[136.39117,34.41145],[136.3898,34.41116],[136.38755,34.41023],[136.38597,34.41015],[136.38412,34.40866],[136.38392,34.40818],[136.38313,34.40766],[136.38212,34.4076],[136.38137,34.40729],[136.38055,34.40731],[136.37834,34.40668],[136.37795,34.40622],[136.37805,34.40549],[136.37754,34.4047],[136.37722,34.40278],[136.37595,34.40278],[136.37353,34.40315],[136.37155,34.40367],[136.37031,34.40322],[136.36968,34.40321],[136.36899,34.40386],[136.36859,34.4049],[136.36724,34.40513],[136.36582,34.40597],[136.3636,34.40591],[136.36168,34.40613],[136.3596,34.40761],[136.35771,34.40759],[136.35732,34.40734],[136.35705,34.40609],[136.35572,34.40507],[136.35475,34.40577],[136.35391,34.40599],[136.35155,34.40588],[136.34964,34.40527],[136.34827,34.40549],[136.34737,34.40524],[136.34657,34.40532],[136.34535,34.40491],[136.34421,34.40521],[136.34253,34.40436],[136.3402,34.40525],[136.33881,34.40503],[136.33688,34.40514],[136.33577,34.40472],[136.33455,34.40461],[136.33368,34.40567],[136.33165,34.40606],[136.3309,34.40639],[136.32956,34.40769],[136.32875,34.40719],[136.32813,34.4075],[136.3272,34.40575],[136.32641,34.40528],[136.32533,34.40427],[136.32351,34.40375],[136.3224,34.40509],[136.32182,34.40537],[136.31966,34.40551],[136.31809,34.40482],[136.31508,34.40614],[136.3131,34.40643],[136.31163,34.4069],[136.31107,34.40641],[136.31015,34.40608],[136.30917,34.40611],[136.30688,34.40673],[136.30474,34.40665],[136.30387,34.40691],[136.30209,34.40678],[136.30089,34.40723],[136.29907,34.40766],[136.29835,34.40799],[136.29766,34.40737],[136.29592,34.40687],[136.2951,34.40607],[136.29383,34.4062],[136.29301,34.406],[136.29158,34.4052],[136.29009,34.40512],[136.28804,34.40581],[136.28514,34.4063],[136.28239,34.4075],[136.28116,34.40734],[136.27963,34.4074],[136.27717,34.4073],[136.275,34.40732],[136.274,34.40687],[136.27301,34.40676],[136.27245,34.40546],[136.27127,34.40433],[136.2704,34.40202],[136.2697,34.40165],[136.26818,34.40159],[136.26693,34.40074],[136.26682,34.39971],[136.26715,34.39848],[136.2659,34.39805],[136.26538,34.39764],[136.26491,34.39664],[136.2648,34.39561],[136.26374,34.39485],[136.26272,34.3936],[136.26259,34.39228],[136.26094,34.39065],[136.2604,34.38977],[136.26022,34.38865],[136.2595,34.38716],[136.2579,34.38628],[136.25684,34.38591],[136.25659,34.38488],[136.25705,34.38451],[136.25653,34.38353],[136.25684,34.38255],[136.25984,34.38127],[136.26182,34.38109],[136.2628,34.38021],[136.26253,34.37927],[136.26289,34.37807],[136.26356,34.37741],[136.26297,34.3769],[136.26258,34.3761],[136.26276,34.37558],[136.26413,34.37467],[136.26577,34.37408],[136.26664,34.37358],[136.2675,34.37261],[136.26873,34.37238],[136.26999,34.37085],[136.27084,34.37048],[136.27127,34.36981],[136.27115,34.36858],[136.26957,34.36816],[136.26756,34.36799],[136.2658,34.36712],[136.26339,34.36547],[136.2625,34.36544],[136.26096,34.36489],[136.25939,34.36482],[136.2589,34.36295],[136.25825,34.36254],[136.25655,34.36202],[136.25582,34.35986],[136.25584,34.35862],[136.25467,34.35782],[136.25446,34.35708],[136.25343,34.35628],[136.25327,34.35541],[136.2527,34.35501],[136.25189,34.35493],[136.25068,34.35532],[136.24999,34.35499],[136.24825,34.35467],[136.24713,34.35486],[136.24457,34.35424],[136.24257,34.35395],[136.24122,34.35435],[136.23947,34.35375],[136.23884,34.35374],[136.2374,34.35313],[136.23635,34.35327],[136.23514,34.35311],[136.23462,34.35249],[136.23363,34.35188],[136.23246,34.35167],[136.23117,34.35167],[136.23014,34.35199],[136.22919,34.35181],[136.22821,34.35047],[136.22624,34.34988],[136.22448,34.34982],[136.22291,34.35011],[136.22115,34.34945],[136.21947,34.34923],[136.21792,34.3492],[136.21676,34.34856],[136.21504,34.3482],[136.21318,34.34912],[136.21188,34.34937],[136.21037,34.34895],[136.20856,34.3495],[136.20767,34.35014],[136.20689,34.34953],[136.20635,34.3485],[136.20501,34.34774],[136.20153,34.34743],[136.20053,34.34713],[136.19945,34.34621],[136.19823,34.34548],[136.19751,34.34536],[136.19632,34.34563],[136.19525,34.34558],[136.19401,34.34434],[136.19297,34.34363],[136.19052,34.34166],[136.19023,34.34119],[136.18909,34.34077],[136.18843,34.34027],[136.1876,34.34006],[136.18624,34.34005],[136.18693,34.33825],[136.18759,34.33757],[136.18799,34.33634],[136.18889,34.3345],[136.189,34.33351],[136.18836,34.33245],[136.18847,34.33162],[136.18773,34.33104],[136.18666,34.3308],[136.18622,34.32957],[136.18645,34.32802],[136.18606,34.32743],[136.1864,34.32631],[136.18786,34.32539],[136.18844,34.32459],[136.18725,34.32418],[136.18571,34.32397],[136.18493,34.32338],[136.18401,34.3234],[136.18332,34.32298],[136.18206,34.32302],[136.18035,34.32347],[136.1792,34.32256],[136.17795,34.32216],[136.17687,34.32263],[136.17511,34.32247],[136.17435,34.32309],[136.17251,34.32368],[136.17015,34.32392],[136.16843,34.32483],[136.16614,34.3242],[136.16453,34.32343],[136.164,34.32285],[136.16289,34.32212],[136.16071,34.32129],[136.16026,34.32075],[136.16063,34.31954],[136.16004,34.31872],[136.15947,34.31842],[136.15906,34.31715],[136.15841,34.31684],[136.15803,34.31582],[136.15857,34.31463],[136.15839,34.31359],[136.15666,34.31332],[136.15599,34.31371],[136.15249,34.31421],[136.15135,34.31456],[136.1494,34.31464],[136.14847,34.31511],[136.1471,34.31537],[136.1457,34.31507],[136.14354,34.31553],[136.14214,34.31567],[136.14156,34.31604],[136.13887,34.3153],[136.13497,34.315],[136.13411,34.31474],[136.13286,34.31494],[136.13116,34.31591],[136.12951,34.31617]]]]}},
  {"type":"Feature","properties":{"name":"玉城町","code":"24461"},"geometry":{"type":"MultiPolygon","coordinates":[[[[136.65269,34.51895],[136.65183,34.51851],[136.65105,34.51908],[136.65096,34.52],[136.64992,34.52076],[136.65,34.521],[136.64807,34.52092],[136.64854,34.52029],[136.64792,34.51968],[136.64775,34.51902],[136.64685,34.51884],[136.64695,34.5181],[136.64788,34.5169],[136.64828,34.51681],[136.64897,34.51675],[136.64867,34.51588],[136.64772,34.51599],[136.64744,34.51638],[136.64609,34.51682],[136.6454,34.51793],[136.64485,34.51807],[136.64504,34.51878],[136.64422,34.51925],[136.64341,34.51913],[136.64157,34.51842],[136.64076,34.51839],[136.63926,34.51771],[136.63884,34.51696],[136.63768,34.51703],[136.63708,34.5174],[136.63621,34.51751],[136.63461,34.51811],[136.63379,34.51736],[136.63281,34.51715],[136.6314,34.51723],[136.6276,34.51714],[136.62754,34.51595],[136.62625,34.51564],[136.6232,34.51554],[136.62249,34.51627],[136.62153,34.51672],[136.62153,34.51751],[136.62072,34.51726],[136.61856,34.51726],[136.61807,34.51753],[136.61651,34.51683],[136.61696,34.51764],[136.61429,34.5177],[136.61368,34.51747],[136.61353,34.5156],[136.61377,34.51494],[136.61299,34.51322],[136.6133,34.51239],[136.61324,34.51142],[136.61369,34.51085],[136.61368,34.51019],[136.61317,34.50969],[136.61202,34.50921],[136.61119,34.50917],[136.61109,34.50824],[136.61267,34.50793],[136.61241,34.50734],[136.61173,34.50735],[136.61149,34.50669],[136.61087,34.50609],[136.60999,34.50639],[136.60875,34.50541],[136.60749,34.50495],[136.60522,34.50525],[136.6029,34.50485],[136.60241,34.505],[136.60222,34.50386],[136.6016,34.50355],[136.60101,34.50472],[136.60006,34.50577],[136.60039,34.50433],[136.60026,34.5039],[136.60102,34.50278],[136.60198,34.50195],[136.60159,34.50145],[136.60044,34.5022],[136.59974,34.50316],[136.59871,34.50311],[136.59827,34.50271],[136.59952,34.50137],[136.59936,34.50061],[136.60021,34.50056],[136.60229,34.49933],[136.60187,34.49869],[136.60043,34.49842],[136.59873,34.49864],[136.59762,34.4981],[136.59753,34.49721],[136.59683,34.4957],[136.59478,34.49618],[136.59419,34.49607],[136.59302,34.49535],[136.59261,34.49407],[136.59152,34.49425],[136.591,34.49387],[136.59053,34.49255],[136.5896,34.49279],[136.58767,34.49171],[136.58371,34.48833],[136.58396,34.48828],[136.58292,34.48548],[136.58219,34.48548],[136.5821,34.48435],[136.58226,34.48254],[136.58265,34.48051],[136.58182,34.48071],[136.57917,34.48054],[136.5795,34.4796],[136.58022,34.47861],[136.58016,34.47732],[136.58062,34.47662],[136.58098,34.47544],[136.58109,34.47369],[136.58142,34.47228],[136.58061,34.47168],[136.58033,34.47082],[136.58047,34.47],[136.58185,34.46905],[136.58282,34.46799],[136.58332,34.46775],[136.58396,34.4667],[136.58347,34.46534],[136.5825,34.46465],[136.58203,34.4636],[136.58083,34.46301],[136.58042,34.46215],[136.57976,34.46159],[136.57887,34.45962],[136.57873,34.45769],[136.57813,34.45686],[136.57936,34.45537],[136.57934,34.45482],[136.57883,34.45369],[136.57885,34.45165],[136.58007,34.45105],[136.58116,34.44941],[136.58197,34.44884],[136.58331,34.44824],[136.58678,34.44742],[136.59001,34.44718],[136.58994,34.4479],[136.58859,34.44786],[136.58743,34.44866],[136.58616,34.44885],[136.58587,34.44948],[136.5869,34.45032],[136.58672,34.45106],[136.58567,34.45234],[136.58608,34.45313],[136.58733,34.45413],[136.58859,34.45457],[136.59016,34.45234],[136.59048,34.45167],[136.59235,34.45122],[136.59319,34.45052],[136.59421,34.45068],[136.59522,34.45022],[136.59577,34.45026],[136.5964,34.44968],[136.5976,34.44971],[136.59881,34.44996],[136.59934,34.45029],[136.60195,34.44994],[136.60445,34.44933],[136.60461,34.45233],[136.60495,34.45351],[136.60562,34.45387],[136.60654,34.45393],[136.60816,34.45462],[136.60998,34.45451],[136.61067,34.45469],[136.61147,34.45446],[136.61254,34.4538],[136.61288,34.45482],[136.61285,34.45577],[136.61203,34.45668],[136.61202,34.45834],[136.61314,34.45898],[136.6141,34.45896],[136.61525,34.45928],[136.61653,34.45895],[136.61745,34.45838],[136.61885,34.45705],[136.61922,34.45634],[136.62038,34.45617],[136.62044,34.4552],[136.62175,34.45467],[136.62203,34.45384],[136.6234,34.4532],[136.62425,34.45205],[136.62667,34.4522],[136.62781,34.45246],[136.62939,34.45234],[136.63156,34.4528],[136.63235,34.4535],[136.63334,34.45393],[136.63469,34.45283],[136.63756,34.45332],[136.63972,34.45417],[136.64077,34.45382],[136.64223,34.4543],[136.64278,34.45486],[136.64353,34.45493],[136.6438,34.45569],[136.64375,34.45687],[136.64444,34.45689],[136.64663,34.45601],[136.64719,34.456],[136.6507,34.45672],[136.65058,34.46001],[136.65081,34.46052],[136.65393,34.46333],[136.65797,34.4664],[136.66072,34.46877],[136.66254,34.47014],[136.66338,34.47056],[136.66553,34.47134],[136.6665,34.47259],[136.66715,34.47392],[136.66928,34.47492],[136.67075,34.47575],[136.66959,34.47737],[136.66966,34.47854],[136.66941,34.47953],[136.66841,34.48036],[136.66741,34.47958],[136.66654,34.48032],[136.6631,34.47763],[136.66257,34.47806],[136.66124,34.47764],[136.65861,34.47792],[136.6587,34.47841],[136.65768,34.47856],[136.65792,34.47923],[136.65725,34.48045],[136.65553,34.48129],[136.65462,34.48108],[136.65377,34.48136],[136.65537,34.48397],[136.6552,34.48441],[136.65735,34.48667],[136.65688,34.48815],[136.65592,34.48804],[136.65561,34.4893],[136.65279,34.48881],[136.65192,34.48838],[136.65208,34.48697],[136.65248,34.48532],[136.6498,34.48636],[136.6463,34.48319],[136.64475,34.48435],[136.64542,34.48541],[136.64596,34.48574],[136.6468,34.48797],[136.64764,34.48882],[136.64786,34.48978],[136.64758,34.4922],[136.64761,34.49337],[136.64802,34.49484],[136.65137,34.49659],[136.65328,34.49749],[136.65663,34.49889],[136.65734,34.4996],[136.65525,34.50089],[136.65628,34.50097],[136.65668,34.5028],[136.65805,34.50405],[136.65729,34.50454],[136.65472,34.5033],[136.65425,34.50322],[136.65316,34.50236],[136.65361,34.50193],[136.65085,34.49942],[136.65024,34.49966],[136.64947,34.49823],[136.64735,34.49842],[136.64716,34.49962],[136.64678,34.4996],[136.64692,34.49826],[136.64634,34.49858],[136.64614,34.50066],[136.63905,34.49985],[136.6391,34.50006],[136.64161,34.50304],[136.64254,34.50445],[136.64291,34.50746],[136.64342,34.50828],[136.64688,34.50927],[136.64982,34.51032],[136.64804,34.51177],[136.64553,34.51233],[136.64206,34.51202],[136.64239,34.5137],[136.64192,34.51438],[136.64097,34.51478],[136.64066,34.51613],[136.64201,34.51553],[136.64257,34.51576],[136.64235,34.51638],[136.64145,34.51718],[136.64188,34.51738],[136.64323,34.51677],[136.64345,34.51792],[136.64433,34.51706],[136.64553,34.51668],[136.64763,34.51513],[136.647,34.51442],[136.64647,34.51469],[136.64578,34.51442],[136.64554,34.51356],[136.64739,34.51221],[136.64799,34.51202],[136.64956,34.51208],[136.65037,34.51299],[136.65128,34.51304],[136.65176,34.51343],[136.65201,34.51441],[136.65286,34.51391],[136.6543,34.51459],[136.65371,34.51573],[136.65265,34.51619],[136.65167,34.51572],[136.65166,34.5164],[136.6528,34.5166],[136.65381,34.51642],[136.65449,34.51775],[136.65435,34.51883],[136.65269,34.51895]],[[136.65341,34.48472],[136.65415,34.4842],[136.65189,34.48216],[136.65059,34.48314],[136.65262,34.48498],[136.65341,34.48472]]],[[[136.66026,34.52019],[136.65817,34.52083],[136.65589,34.52094],[136.65516,34.52127],[136.65457,34.52081],[136.65431,34.51967],[136.65485,34.51806],[136.65549,34.51772],[136.65696,34.51795],[136.65739,34.51845],[136.65856,34.51737],[136.65922,34.51752],[136.66024,34.51956],[136.66026,34.52019]]]]}},
  {"type":"Feature","properties":{"name":"度会町","code":"24470"},"geometry":{"type":"MultiPolygon","coordinates":[[[[136.6507,34.45672],[136.64719,34.456],[136.64663,34.45601],[136.64444,34.45689],[136.64375,34.45687],[136.6438,34.45569],[136.64353,34.45493],[136.64278,34.45486],[136.64223,34.4543],[136.64077,34.45382],[136.63972,34.45417],[136.63756,34.45332],[136.63469,34.45283],[136.63334,34.45393],[136.63235,34.4535],[136.63156,34.4528],[136.62939,34.45234],[136.62781,34.45246],[136.62667,34.4522],[136.62425,34.45205],[136.6234,34.4532],[136.62203,34.45384],[136.62175,34.45467],[136.62044,34.4552],[136.62038,34.45617],[136.61922,34.45634],[136.61885,34.45705],[136.61745,34.45838],[136.61653,34.45895],[136.61525,34.45928],[136.6141,34.45896],[136.61314,34.45898],[136.61202,34.45834],[136.61203,34.45668],[136.61285,34.45577],[136.61288,34.45482],[136.61254,34.4538],[136.61147,34.45446],[136.61067,34.45469],[136.60998,34.45451],[136.60816,34.45462],[136.60654,34.45393],[136.60562,34.45387],[136.60495,34.45351],[136.60461,34.45233],[136.60445,34.44933],[136.60195,34.44994],[136.59934,34.45029],[136.59881,34.44996],[136.5976,34.44971],[136.5964,34.44968],[136.59577,34.45026],[136.59522,34.45022],[136.59421,34.45068],[136.59319,34.45052],[136.59235,34.45122],[136.59048,34.45167],[136.59016,34.45234],[136.58859,34.45457],[136.58733,34.45413],[136.58608,34.45313],[136.58567,34.45234],[136.58672,34.45106],[136.5869,34.45032],[136.58587,34.44948],[136.58616,34.44885],[136.58743,34.44866],[136.58859,34.44786],[136.58994,34.4479],[136.59001,34.44718],[136.58678,34.44742],[136.58331,34.44824],[136.58197,34.44884],[136.58116,34.44941],[136.58007,34.45105],[136.57885,34.45165],[136.5782,34.45148],[136.57577,34.45136],[136.57404,34.45157],[136.5731,34.45185],[136.57208,34.4518],[136.57052,34.45213],[136.56901,34.45202],[136.5678,34.45235],[136.56601,34.45238],[136.56389,34.45191],[136.56285,34.45219],[136.56249,34.45192],[136.56056,34.45206],[136.56043,34.45154],[136.5555,34.45146],[136.55344,34.45088],[136.55289,34.45043],[136.5527,34.44914],[136.553,34.44528],[136.55265,34.44454],[136.55204,34.44397],[136.5511,34.4436],[136.54906,34.44339],[136.54794,34.44249],[136.54816,34.4399],[136.54753,34.43867],[136.54679,34.43832],[136.54481,34.43796],[136.54212,34.43812],[136.53962,34.43816],[136.53494,34.43864],[136.53277,34.43855],[136.53033,34.43775],[136.5284,34.43676],[136.52673,34.43533],[136.52701,34.43476],[136.52773,34.43434],[136.52884,34.43417],[136.5296,34.43346],[136.52996,34.43222],[136.52918,34.43067],[136.52973,34.43043],[136.52925,34.42972],[136.52958,34.42929],[136.52936,34.42853],[136.52969,34.42743],[136.52936,34.42668],[136.52976,34.42551],[136.53075,34.42445],[136.53069,34.42356],[136.53143,34.42306],[136.53318,34.42313],[136.53412,34.42374],[136.53478,34.42367],[136.53523,34.42188],[136.53391,34.42084],[136.53342,34.41997],[136.53353,34.41728],[136.53368,34.41617],[136.53418,34.41442],[136.53449,34.41411],[136.53367,34.41323],[136.53322,34.41227],[136.53266,34.41187],[136.5321,34.41044],[136.53133,34.40933],[136.53053,34.40762],[136.52976,34.40678],[136.52874,34.40611],[136.52718,34.40447],[136.52723,34.40366],[136.52696,34.40225],[136.52703,34.40054],[136.52678,34.39978],[136.52564,34.39844],[136.52452,34.39765],[136.52405,34.39668],[136.52187,34.39457],[136.52098,34.39384],[136.52109,34.39287],[136.52093,34.39208],[136.52115,34.39029],[136.52174,34.38884],[136.52257,34.38743],[136.5234,34.3867],[136.52362,34.38556],[136.52471,34.38444],[136.52482,34.3834],[136.5253,34.38283],[136.52549,34.38177],[136.52797,34.38046],[136.52716,34.37952],[136.52502,34.37866],[136.52439,34.37873],[136.52369,34.37798],[136.52257,34.37738],[136.52151,34.37708],[136.51986,34.37576],[136.5188,34.3752],[136.51678,34.37468],[136.51588,34.37303],[136.51641,34.37229],[136.5164,34.37167],[136.51712,34.37074],[136.51737,34.36952],[136.51883,34.36882],[136.51929,34.36812],[136.51869,34.3666],[136.51775,34.36514],[136.51792,34.36377],[136.51769,34.3629],[136.51872,34.36191],[136.51998,34.36038],[136.5206,34.35874],[136.51985,34.35712],[136.51745,34.35569],[136.51723,34.35438],[136.51603,34.35315],[136.51599,34.35232],[136.51546,34.35128],[136.51499,34.35106],[136.51414,34.34995],[136.51448,34.34871],[136.51435,34.3471],[136.51516,34.34638],[136.51544,34.3454],[136.51487,34.34483],[136.51381,34.34319],[136.51349,34.34178],[136.51295,34.34139],[136.51227,34.33801],[136.51349,34.33756],[136.51502,34.33761],[136.51606,34.33711],[136.51656,34.33634],[136.51887,34.33549],[136.51887,34.3346],[136.51978,34.3342],[136.52252,34.33395],[136.52315,34.33421],[136.52541,34.33426],[136.52615,34.33359],[136.52753,34.33312],[136.52762,34.33196],[136.52829,34.33046],[136.52807,34.32966],[136.52859,34.32903],[136.52853,34.32815],[136.52953,34.32755],[136.52963,34.32661],[136.5307,34.32606],[136.5314,34.32606],[136.53281,34.32435],[136.53333,34.32421],[136.53533,34.32423],[136.5371,34.32372],[136.53945,34.32478],[136.54092,34.32494],[136.54187,34.32431],[136.5425,34.32317],[136.54394,34.32205],[136.54497,34.32183],[136.54488,34.32116],[136.5455,34.32009],[136.54718,34.31938],[136.54806,34.31923],[136.55063,34.31989],[136.55396,34.31941],[136.55556,34.31901],[136.55717,34.32026],[136.5584,34.32013],[136.56059,34.32066],[136.56144,34.32029],[136.56253,34.32023],[136.56425,34.32061],[136.56471,34.32104],[136.56617,34.32113],[136.56764,34.32176],[136.5699,34.32151],[136.57245,34.3228],[136.57284,34.32289],[136.57441,34.32233],[136.57537,34.32235],[136.57607,34.32202],[136.577,34.32119],[136.57895,34.32064],[136.58036,34.32042],[136.58105,34.31938],[136.5827,34.31822],[136.58329,34.3176],[136.58607,34.31661],[136.5878,34.31749],[136.58833,34.31833],[136.58869,34.32059],[136.58902,34.32171],[136.58909,34.32304],[136.58993,34.32442],[136.59026,34.32587],[136.59076,34.32644],[136.59206,34.32714],[136.59257,34.32776],[136.59249,34.32885],[136.59356,34.32919],[136.59424,34.32971],[136.59683,34.32958],[136.59746,34.3294],[136.59872,34.32994],[136.59992,34.33005],[136.60144,34.32952],[136.60236,34.32963],[136.603,34.32931],[136.60477,34.32898],[136.60534,34.32982],[136.60716,34.33192],[136.60764,34.3327],[136.60743,34.33349],[136.60656,34.3348],[136.60634,34.33555],[136.60573,34.33609],[136.60507,34.33794],[136.605,34.3394],[136.60463,34.34055],[136.60469,34.34164],[136.60453,34.34263],[136.6049,34.343],[136.60527,34.34441],[136.60701,34.34536],[136.60821,34.34667],[136.60846,34.34739],[136.60936,34.34832],[136.60992,34.34972],[136.61108,34.35057],[136.61081,34.35222],[136.6101,34.35331],[136.60972,34.35525],[136.6102,34.35672],[136.61081,34.35748],[136.61197,34.35821],[136.61257,34.35972],[136.61257,34.36042],[136.612,34.3614],[136.61253,34.36233],[136.61268,34.3631],[136.61379,34.36459],[136.61384,34.36531],[136.61476,34.36635],[136.61581,34.36683],[136.617,34.36876],[136.61814,34.36993],[136.6198,34.37004],[136.62155,34.37057],[136.62364,34.37089],[136.62486,34.37182],[136.62683,34.3724],[136.62851,34.37268],[136.63034,34.37337],[136.63154,34.37365],[136.63298,34.37279],[136.6342,34.37261],[136.63518,34.37357],[136.63572,34.37383],[136.63667,34.3758],[136.63703,34.37733],[136.63741,34.37769],[136.63759,34.3791],[136.63729,34.37991],[136.63708,34.38139],[136.6373,34.38455],[136.63761,34.38691],[136.63497,34.38779],[136.63346,34.38813],[136.63205,34.38824],[136.63114,34.38925],[136.63053,34.39154],[136.63164,34.39194],[136.63229,34.39193],[136.63411,34.39231],[136.63461,34.39318],[136.6356,34.39424],[136.63698,34.39507],[136.63792,34.39537],[136.63864,34.39605],[136.63962,34.39766],[136.641,34.398],[136.64217,34.39849],[136.64327,34.39847],[136.64317,34.39877],[136.64408,34.40042],[136.64465,34.40101],[136.64462,34.40253],[136.64337,34.40477],[136.64258,34.40538],[136.64244,34.40663],[136.6429,34.4076],[136.6421,34.40908],[136.64225,34.4096],[136.64291,34.40996],[136.64327,34.41155],[136.64314,34.41234],[136.6424,34.4137],[136.64224,34.41491],[136.64273,34.41585],[136.64491,34.41742],[136.64426,34.41895],[136.64418,34.4197],[136.64351,34.42201],[136.64335,34.42322],[136.6428,34.4238],[136.64139,34.42463],[136.6402,34.42502],[136.64014,34.42595],[136.63979,34.42636],[136.63809,34.4275],[136.63615,34.42851],[136.63473,34.42977],[136.63347,34.43002],[136.63264,34.43136],[136.63491,34.43269],[136.63861,34.43471],[136.64129,34.4371],[136.64334,34.4393],[136.64426,34.44226],[136.64361,34.44395],[136.64344,34.44488],[136.64403,34.44599],[136.64495,34.44682],[136.64708,34.44777],[136.65024,34.44873],[136.65238,34.45014],[136.65273,34.45087],[136.65193,34.45224],[136.65122,34.45395],[136.65074,34.45573],[136.6507,34.45672]]]]}},
  {"type":"Feature","properties":{"name":"大紀町","code":"24471"},"geometry":{"type":"MultiPolygon","coordinates":[[[[136.2698,34.27427],[136.27046,34.27422],[136.27127,34.27314],[136.27264,34.2721],[136.27403,34.27172],[136.27538,34.27167],[136.27685,34.27276],[136.27812,34.27323],[136.27888,34.27302],[136.27973,34.27217],[136.28067,34.27248],[136.28296,34.27238],[136.28541,34.27205],[136.28689,34.27156],[136.28822,34.27172],[136.2888,34.2709],[136.2893,34.27066],[136.29129,34.27025],[136.29291,34.269],[136.29324,34.26837],[136.29406,34.26817],[136.29463,34.26753],[136.29544,34.26721],[136.2966,34.26709],[136.29768,34.2647],[136.29887,34.26366],[136.2996,34.26251],[136.29815,34.26168],[136.29732,34.26053],[136.29624,34.26003],[136.29581,34.25939],[136.29608,34.25838],[136.29558,34.25755],[136.2958,34.25696],[136.29705,34.25636],[136.29773,34.25522],[136.2992,34.25426],[136.29951,34.25332],[136.29945,34.25244],[136.30013,34.25145],[136.30117,34.25105],[136.30214,34.2504],[136.30378,34.2507],[136.3042,34.2502],[136.30517,34.25011],[136.30608,34.24934],[136.30645,34.24843],[136.30724,34.24743],[136.30843,34.24707],[136.30935,34.24651],[136.30879,34.24587],[136.30886,34.24514],[136.30965,34.24504],[136.31057,34.24345],[136.31211,34.24259],[136.31471,34.24291],[136.31637,34.24286],[136.31727,34.24327],[136.32017,34.24335],[136.32097,34.24281],[136.32238,34.24289],[136.32441,34.2436],[136.32578,34.24318],[136.32662,34.24346],[136.32744,34.24332],[136.32896,34.24269],[136.32972,34.24274],[136.33099,34.24243],[136.3323,34.24142],[136.33274,34.24163],[136.33389,34.24154],[136.33407,34.24118],[136.33545,34.24047],[136.33718,34.24027],[136.33858,34.24059],[136.34027,34.24187],[136.34,34.24245],[136.34074,34.24335],[136.34256,34.24406],[136.3429,34.24437],[136.34454,34.24428],[136.34613,34.24392],[136.34684,34.24323],[136.34707,34.24173],[136.34806,34.24112],[136.3493,34.24095],[136.35056,34.24052],[136.35174,34.24088],[136.3541,34.24046],[136.3547,34.24051],[136.35694,34.24006],[136.35695,34.23929],[136.35767,34.23815],[136.35785,34.23698],[136.3585,34.23626],[136.35908,34.23513],[136.35975,34.23488],[136.36067,34.23315],[136.3614,34.23249],[136.36201,34.23073],[136.36315,34.23044],[136.36428,34.22954],[136.36521,34.2291],[136.36635,34.22902],[136.36738,34.22756],[136.36857,34.22671],[136.36856,34.22487],[136.3703,34.22337],[136.37294,34.22251],[136.37284,34.21999],[136.37261,34.21955],[136.37252,34.21815],[136.37164,34.21621],[136.37253,34.21465],[136.37354,34.21343],[136.37397,34.2122],[136.37418,34.21084],[136.37382,34.21023],[136.3729,34.20948],[136.37273,34.20805],[136.37212,34.2072],[136.37117,34.2065],[136.37044,34.20449],[136.37109,34.20375],[136.37113,34.20263],[136.37158,34.20157],[136.37228,34.20111],[136.37294,34.19944],[136.37449,34.19747],[136.37473,34.19923],[136.37557,34.19997],[136.37693,34.19982],[136.3761,34.2009],[136.37602,34.20146],[136.37641,34.20223],[136.37843,34.20215],[136.37921,34.20239],[136.37955,34.20336],[136.37859,34.2034],[136.3783,34.20403],[136.37854,34.20475],[136.37956,34.20561],[136.38141,34.20643],[136.38342,34.20685],[136.38364,34.20779],[136.38431,34.20819],[136.38621,34.20833],[136.38678,34.20895],[136.3866,34.20968],[136.38565,34.20977],[136.38501,34.21203],[136.3862,34.21353],[136.38645,34.2143],[136.38566,34.21436],[136.38471,34.21476],[136.38381,34.21469],[136.38363,34.21527],[136.38392,34.21636],[136.38428,34.21673],[136.3855,34.21671],[136.38675,34.21636],[136.38738,34.21691],[136.38825,34.21656],[136.38893,34.21749],[136.38908,34.21831],[136.39072,34.21926],[136.39173,34.21908],[136.39219,34.21796],[136.39291,34.2179],[136.39313,34.21726],[136.39592,34.21764],[136.39631,34.21805],[136.39744,34.21846],[136.39922,34.21846],[136.39934,34.21891],[136.40016,34.21898],[136.39984,34.21652],[136.40142,34.2157],[136.40141,34.21497],[136.40195,34.2138],[136.39919,34.21413],[136.39928,34.21496],[136.39825,34.21506],[136.39806,34.21677],[136.39741,34.21668],[136.39705,34.2157],[136.39639,34.21515],[136.39577,34.21508],[136.39571,34.21415],[136.39532,34.21335],[136.39357,34.21226],[136.39246,34.21204],[136.39372,34.21123],[136.39486,34.21088],[136.39593,34.21028],[136.39668,34.20957],[136.39712,34.20852],[136.39691,34.20789],[136.398,34.20602],[136.39803,34.20502],[136.3976,34.20427],[136.39666,34.20353],[136.3973,34.20304],[136.39803,34.20322],[136.3989,34.20285],[136.39934,34.20397],[136.4001,34.20501],[136.40197,34.2056],[136.40285,34.20661],[136.40658,34.20684],[136.40727,34.20675],[136.40749,34.20656],[136.409,34.20671],[136.40997,34.20754],[136.41133,34.20799],[136.41203,34.20763],[136.41293,34.20816],[136.41299,34.20921],[136.41253,34.20986],[136.41315,34.21083],[136.41459,34.21096],[136.41469,34.21173],[136.41539,34.21151],[136.41645,34.21185],[136.41587,34.2132],[136.41638,34.21366],[136.41741,34.2136],[136.4175,34.21325],[136.4183,34.21263],[136.41871,34.21251],[136.41878,34.21209],[136.41982,34.2138],[136.42141,34.21474],[136.42214,34.2147],[136.42243,34.21443],[136.42283,34.21458],[136.42336,34.21427],[136.42326,34.21387],[136.42365,34.21332],[136.42423,34.21331],[136.42531,34.21398],[136.42553,34.21439],[136.42618,34.21456],[136.4265,34.21407],[136.42713,34.21403],[136.42738,34.21366],[136.42812,34.21366],[136.42864,34.21408],[136.42859,34.21426],[136.42843,34.21427],[136.42843,34.21445],[136.42824,34.21488],[136.42833,34.21511],[136.4282,34.21536],[136.42799,34.21549],[136.42734,34.21655],[136.42733,34.21749],[136.42771,34.2183],[136.42842,34.21901],[136.42943,34.21962],[136.43071,34.21986],[136.42903,34.22138],[136.42861,34.22212],[136.42781,34.2227],[136.42593,34.22317],[136.42448,34.22422],[136.42421,34.22497],[136.42252,34.22589],[136.42205,34.22639],[136.42068,34.22932],[136.42055,34.23],[136.42077,34.2323],[136.42001,34.23357],[136.41901,34.2339],[136.41824,34.23455],[136.4183,34.23569],[136.41804,34.23694],[136.41763,34.23747],[136.41668,34.23779],[136.4166,34.23882],[136.41691,34.23943],[136.41694,34.24214],[136.41821,34.24412],[136.41903,34.2448],[136.41903,34.24548],[136.4196,34.24692],[136.41936,34.24819],[136.41838,34.24916],[136.41745,34.2506],[136.4175,34.25212],[136.41823,34.25298],[136.41738,34.25492],[136.41845,34.25563],[136.41868,34.25686],[136.41935,34.25744],[136.41934,34.25805],[136.4187,34.26022],[136.41853,34.26141],[136.4192,34.26265],[136.42008,34.26333],[136.42114,34.26447],[136.42182,34.26578],[136.42294,34.26617],[136.42364,34.26611],[136.42528,34.26634],[136.42624,34.26692],[136.42707,34.26857],[136.42831,34.26925],[136.42859,34.26981],[136.42638,34.27222],[136.42579,34.27317],[136.42444,34.27422],[136.42402,34.27549],[136.42334,34.27613],[136.42308,34.2774],[136.42336,34.27833],[136.42204,34.28013],[136.42125,34.28067],[136.42078,34.28182],[136.42022,34.28226],[136.41929,34.28357],[136.41978,34.28534],[136.42183,34.28595],[136.4235,34.28685],[136.4249,34.28619],[136.42582,34.28545],[136.42704,34.28495],[136.42968,34.28491],[136.43099,34.28512],[136.43233,34.28409],[136.43339,34.28415],[136.43432,34.28488],[136.43552,34.28652],[136.43728,34.28747],[136.4396,34.28822],[136.44201,34.28842],[136.44301,34.28958],[136.44601,34.29025],[136.44768,34.29002],[136.44974,34.29009],[136.45075,34.28977],[136.45192,34.29061],[136.45312,34.29096],[136.45418,34.29229],[136.45395,34.29335],[136.45484,34.29579],[136.45288,34.29728],[136.45292,34.29836],[136.4539,34.29991],[136.45356,34.30065],[136.45352,34.30162],[136.45394,34.30296],[136.45541,34.3052],[136.45706,34.30679],[136.45717,34.30796],[136.4578,34.30834],[136.4584,34.30912],[136.45765,34.31061],[136.45685,34.31158],[136.45699,34.3127],[136.45673,34.31514],[136.45694,34.31633],[136.45738,34.31703],[136.45719,34.31838],[136.45753,34.31947],[136.45727,34.32002],[136.45858,34.3214],[136.45864,34.3227],[136.45909,34.32362],[136.4599,34.32371],[136.46122,34.32436],[136.46358,34.32647],[136.46412,34.32752],[136.46543,34.32706],[136.46785,34.32737],[136.46889,34.32709],[136.46953,34.32738],[136.47076,34.32851],[136.47253,34.32828],[136.47413,34.32734],[136.47694,34.32689],[136.48045,34.32689],[136.48339,34.32711],[136.48405,34.32727],[136.48513,34.32652],[136.48558,34.3259],[136.48631,34.32547],[136.48878,34.32496],[136.49013,34.32499],[136.49213,34.32552],[136.49311,34.32622],[136.49445,34.32692],[136.49711,34.32645],[136.49986,34.32732],[136.50034,34.32765],[136.50047,34.32842],[136.50171,34.32958],[136.50285,34.32985],[136.50331,34.33056],[136.50288,34.33163],[136.50339,34.33296],[136.50404,34.33345],[136.50418,34.33412],[136.50529,34.33533],[136.50571,34.33665],[136.50635,34.33744],[136.50752,34.33784],[136.50912,34.33805],[136.51116,34.33814],[136.51227,34.33801],[136.51295,34.34139],[136.51349,34.34178],[136.51381,34.34319],[136.51487,34.34483],[136.51544,34.3454],[136.51516,34.34638],[136.51435,34.3471],[136.51448,34.34871],[136.51414,34.34995],[136.51499,34.35106],[136.51546,34.35128],[136.51599,34.35232],[136.51603,34.35315],[136.51723,34.35438],[136.51745,34.35569],[136.51985,34.35712],[136.5206,34.35874],[136.51998,34.36038],[136.51872,34.36191],[136.51769,34.3629],[136.51792,34.36377],[136.51775,34.36514],[136.51869,34.3666],[136.51929,34.36812],[136.51883,34.36882],[136.51737,34.36952],[136.51712,34.37074],[136.5164,34.37167],[136.51641,34.37229],[136.51588,34.37303],[136.51678,34.37468],[136.5188,34.3752],[136.51986,34.37576],[136.52151,34.37708],[136.52257,34.37738],[136.52369,34.37798],[136.52439,34.37873],[136.52502,34.37866],[136.52716,34.37952],[136.52797,34.38046],[136.52549,34.38177],[136.5253,34.38283],[136.52482,34.3834],[136.52471,34.38444],[136.52362,34.38556],[136.5234,34.3867],[136.52257,34.38743],[136.52174,34.38884],[136.52115,34.39029],[136.52093,34.39208],[136.52109,34.39287],[136.52098,34.39384],[136.52187,34.39457],[136.52405,34.39668],[136.52452,34.39765],[136.52564,34.39844],[136.52678,34.39978],[136.52703,34.40054],[136.52696,34.40225],[136.52723,34.40366],[136.52718,34.40447],[136.52874,34.40611],[136.52976,34.40678],[136.53053,34.40762],[136.53133,34.40933],[136.5321,34.41044],[136.53266,34.41187],[136.53322,34.41227],[136.53367,34.41323],[136.53449,34.41411],[136.53418,34.41442],[136.53368,34.41617],[136.53353,34.41728],[136.53342,34.41997],[136.53391,34.42084],[136.53523,34.42188],[136.53478,34.42367],[136.53412,34.42374],[136.53318,34.42313],[136.53143,34.42306],[136.53069,34.42356],[136.53075,34.42445],[136.52976,34.42551],[136.52936,34.42668],[136.52969,34.42743],[136.52936,34.42853],[136.52958,34.42929],[136.52925,34.42972],[136.52973,34.43043],[136.52918,34.43067],[136.52996,34.43222],[136.5296,34.43346],[136.52884,34.43417],[136.52773,34.43434],[136.52701,34.43476],[136.52673,34.43533],[136.52597,34.43463],[136.52455,34.43416],[136.52255,34.4342],[136.52167,34.43374],[136.52027,34.43255],[136.51979,34.43165],[136.519,34.43087],[136.51665,34.42966],[136.51587,34.42962],[136.5151,34.42993],[136.51214,34.43185],[136.51027,34.43286],[136.50874,34.43335],[136.50746,34.43357],[136.50533,34.4335],[136.50372,34.43366],[136.50266,34.43395],[136.50023,34.4342],[136.49916,34.43444],[136.49815,34.43435],[136.49681,34.43354],[136.49501,34.43173],[136.49452,34.43083],[136.49457,34.42851],[136.49551,34.42165],[136.49506,34.42067],[136.49375,34.4204],[136.49019,34.42102],[136.48908,34.42106],[136.48692,34.42044],[136.48453,34.41924],[136.4836,34.41893],[136.4821,34.41881],[136.4803,34.41937],[136.47863,34.41944],[136.47771,34.41916],[136.47706,34.41865],[136.47618,34.41745],[136.4732,34.41496],[136.47132,34.41393],[136.47024,34.4131],[136.46892,34.41107],[136.46861,34.40997],[136.46698,34.40745],[136.46463,34.40497],[136.4637,34.40429],[136.4621,34.40353],[136.46066,34.40245],[136.45906,34.4015],[136.45814,34.40005],[136.45775,34.39833],[136.45673,34.39624],[136.45599,34.39524],[136.45524,34.39486],[136.45342,34.39452],[136.45197,34.39444],[136.45061,34.39415],[136.44929,34.39437],[136.44657,34.39352],[136.44596,34.39313],[136.44583,34.39237],[136.44644,34.39004],[136.44744,34.38847],[136.44823,34.38682],[136.44837,34.38573],[136.4478,34.38382],[136.44721,34.38287],[136.44596,34.38238],[136.44514,34.3815],[136.44422,34.38138],[136.44362,34.38037],[136.4445,34.37917],[136.44719,34.3776],[136.44939,34.37723],[136.45064,34.37671],[136.45037,34.37498],[136.44943,34.37404],[136.44946,34.37249],[136.4493,34.37171],[136.44859,34.37076],[136.44877,34.36904],[136.44855,34.36839],[136.44725,34.36772],[136.44619,34.36759],[136.44511,34.36792],[136.44483,34.36837],[136.4426,34.36936],[136.44111,34.36965],[136.43831,34.37124],[136.43693,34.37285],[136.43602,34.37496],[136.43423,34.37593],[136.43263,34.37742],[136.43102,34.37754],[136.43003,34.37799],[136.42929,34.37886],[136.42911,34.3804],[136.4282,34.38215],[136.42818,34.38262],[136.42897,34.38301],[136.42998,34.3829],[136.43062,34.38328],[136.43285,34.38365],[136.43367,34.38411],[136.43376,34.38522],[136.43478,34.38628],[136.43386,34.38715],[136.43361,34.3881],[136.43374,34.38975],[136.4336,34.39058],[136.43286,34.39167],[136.43162,34.39252],[136.43117,34.39317],[136.4313,34.39413],[136.43182,34.39486],[136.43128,34.3965],[136.43033,34.39735],[136.42967,34.39752],[136.42865,34.39829],[136.42548,34.39972],[136.42465,34.39961],[136.42375,34.3987],[136.42203,34.39842],[136.4196,34.39727],[136.41768,34.39576],[136.41666,34.39521],[136.41605,34.39455],[136.41514,34.39412],[136.41207,34.39367],[136.41051,34.39237],[136.40808,34.39115],[136.40553,34.39043],[136.40545,34.38954],[136.40593,34.38856],[136.40662,34.38794],[136.40841,34.38782],[136.40995,34.38735],[136.41169,34.38613],[136.41298,34.38441],[136.41363,34.3841],[136.4155,34.38388],[136.41722,34.38343],[136.41811,34.38288],[136.41871,34.38195],[136.41851,34.38109],[136.41748,34.3795],[136.41716,34.37847],[136.41519,34.37648],[136.41498,34.37568],[136.41534,34.37429],[136.41647,34.37385],[136.41674,34.37335],[136.41658,34.37217],[136.41611,34.3711],[136.41595,34.37002],[136.41625,34.36897],[136.41563,34.36796],[136.41453,34.36672],[136.41462,34.36556],[136.41522,34.36527],[136.41668,34.36512],[136.41708,34.36421],[136.4167,34.3631],[136.41537,34.36013],[136.41485,34.35921],[136.41316,34.35712],[136.41165,34.3558],[136.41104,34.35442],[136.40982,34.35405],[136.40853,34.354],[136.40596,34.35341],[136.40476,34.35339],[136.40331,34.35315],[136.40119,34.35148],[136.40083,34.3508],[136.40093,34.3502],[136.39967,34.35],[136.39739,34.34893],[136.39676,34.34838],[136.39545,34.3483],[136.3941,34.3472],[136.39193,34.34657],[136.39109,34.34703],[136.38988,34.34634],[136.38785,34.34651],[136.38744,34.34603],[136.38526,34.34427],[136.38316,34.34401],[136.3817,34.34296],[136.37967,34.34225],[136.37845,34.34141],[136.3762,34.34034],[136.37424,34.34029],[136.37284,34.33958],[136.37285,34.33885],[136.37249,34.33763],[136.37171,34.33689],[136.37115,34.33538],[136.37029,34.33433],[136.37005,34.33348],[136.36903,34.33268],[136.36765,34.33215],[136.36634,34.3313],[136.36614,34.33039],[136.36474,34.32935],[136.36313,34.32877],[136.36144,34.32759],[136.36113,34.3267],[136.36012,34.32584],[136.35883,34.32544],[136.35755,34.32455],[136.35606,34.32419],[136.35521,34.3227],[136.35459,34.32228],[136.35447,34.32153],[136.35467,34.32018],[136.3543,34.31923],[136.3532,34.31902],[136.35169,34.319],[136.34953,34.3181],[136.34757,34.3169],[136.34516,34.31667],[136.34393,34.31685],[136.34203,34.31615],[136.34051,34.31646],[136.33916,34.31653],[136.33787,34.31629],[136.3358,34.31627],[136.33511,34.31587],[136.33387,34.31624],[136.33248,34.31643],[136.33201,34.31753],[136.33012,34.31807],[136.32915,34.31895],[136.32715,34.31921],[136.3266,34.31878],[136.32584,34.31906],[136.32477,34.31884],[136.32376,34.31692],[136.32399,34.31554],[136.32371,34.31423],[136.32216,34.31233],[136.32158,34.31088],[136.31912,34.30897],[136.31768,34.30449],[136.3172,34.30236],[136.31607,34.30162],[136.31496,34.30129],[136.31457,34.29996],[136.31386,34.29934],[136.31262,34.30002],[136.31056,34.30036],[136.30955,34.29987],[136.30822,34.29854],[136.30687,34.29769],[136.30569,34.29719],[136.30529,34.2968],[136.30332,34.29711],[136.30253,34.29671],[136.30085,34.29673],[136.29978,34.29598],[136.29864,34.29549],[136.29805,34.29548],[136.29561,34.29667],[136.294,34.29684],[136.29344,34.2963],[136.29079,34.29541],[136.28929,34.29548],[136.28796,34.29522],[136.28572,34.29416],[136.28353,34.29186],[136.28216,34.29073],[136.28151,34.29077],[136.28136,34.29003],[136.28162,34.28884],[136.28108,34.28841],[136.27989,34.28862],[136.27862,34.28864],[136.27737,34.28834],[136.27494,34.28811],[136.27383,34.28832],[136.27275,34.28881],[136.27048,34.28913],[136.26912,34.28906],[136.26913,34.28842],[136.26804,34.28702],[136.2674,34.28546],[136.26691,34.28496],[136.26599,34.28312],[136.26592,34.2823],[136.26485,34.28147],[136.26408,34.28036],[136.26457,34.27991],[136.26532,34.2778],[136.26599,34.27662],[136.267,34.27613],[136.26799,34.27534],[136.26831,34.2748],[136.2698,34.27427]]],[[[136.37925,34.19374],[136.37976,34.19381],[136.37897,34.19572],[136.37812,34.19597],[136.3774,34.19568],[136.37646,34.19566],[136.37847,34.19477],[136.37925,34.19374]]]]}},
  {"type":"Feature","properties":{"name":"南伊勢町","code":"24472"},"geometry":{"type":"MultiPolygon","coordinates":[[[[136.64327,34.39847],[136.64217,34.39849],[136.641,34.398],[136.63962,34.39766],[136.63864,34.39605],[136.63792,34.39537],[136.63698,34.39507],[136.6356,34.39424],[136.63461,34.39318],[136.63411,34.39231],[136.63229,34.39193],[136.63164,34.39194],[136.63053,34.39154],[136.63114,34.38925],[136.63205,34.38824],[136.63346,34.38813],[136.63497,34.38779],[136.63761,34.38691],[136.6373,34.38455],[136.63708,34.38139],[136.63729,34.37991],[136.63759,34.3791],[136.63741,34.37769],[136.63703,34.37733],[136.63667,34.3758],[136.63572,34.37383],[136.63518,34.37357],[136.6342,34.37261],[136.63298,34.37279],[136.63154,34.37365],[136.63034,34.37337],[136.62851,34.37268],[136.62683,34.3724],[136.62486,34.37182],[136.62364,34.37089],[136.62155,34.37057],[136.6198,34.37004],[136.61814,34.36993],[136.617,34.36876],[136.61581,34.36683],[136.61476,34.36635],[136.61384,34.36531],[136.61379,34.36459],[136.61268,34.3631],[136.61253,34.36233],[136.612,34.3614],[136.61257,34.36042],[136.61257,34.35972],[136.61197,34.35821],[136.61081,34.35748],[136.6102,34.35672],[136.60972,34.35525],[136.6101,34.35331],[136.61081,34.35222],[136.61108,34.35057],[136.60992,34.34972],[136.60936,34.34832],[136.60846,34.34739],[136.60821,34.34667],[136.60701,34.34536],[136.60527,34.34441],[136.6049,34.343],[136.60453,34.34263],[136.60469,34.34164],[136.60463,34.34055],[136.605,34.3394],[136.60507,34.33794],[136.60573,34.33609],[136.60634,34.33555],[136.60656,34.3348],[136.60743,34.33349],[136.60764,34.3327],[136.60716,34.33192],[136.60534,34.32982],[136.60477,34.32898],[136.603,34.32931],[136.60236,34.32963],[136.60144,34.32952],[136.59992,34.33005],[136.59872,34.32994],[136.59746,34.3294],[136.59683,34.32958],[136.59424,34.32971],[136.59356,34.32919],[136.59249,34.32885],[136.59257,34.32776],[136.59206,34.32714],[136.59076,34.32644],[136.59026,34.32587],[136.58993,34.32442],[136.58909,34.32304],[136.58902,34.32171],[136.58869,34.32059],[136.58833,34.31833],[136.5878,34.31749],[136.58607,34.31661],[136.58329,34.3176],[136.5827,34.31822],[136.58105,34.31938],[136.58036,34.32042],[136.57895,34.32064],[136.577,34.32119],[136.57607,34.32202],[136.57537,34.32235],[136.57441,34.32233],[136.57284,34.32289],[136.57245,34.3228],[136.5699,34.32151],[136.56764,34.32176],[136.56617,34.32113],[136.56471,34.32104],[136.56425,34.32061],[136.56253,34.32023],[136.56144,34.32029],[136.56059,34.32066],[136.5584,34.32013],[136.55717,34.32026],[136.55556,34.31901],[136.55396,34.31941],[136.55063,34.31989],[136.54806,34.31923],[136.54718,34.31938],[136.5455,34.32009],[136.54488,34.32116],[136.54497,34.32183],[136.54394,34.32205],[136.5425,34.32317],[136.54187,34.32431],[136.54092,34.32494],[136.53945,34.32478],[136.5371,34.32372],[136.53533,34.32423],[136.53333,34.32421],[136.53281,34.32435],[136.5314,34.32606],[136.5307,34.32606],[136.52963,34.32661],[136.52953,34.32755],[136.52853,34.32815],[136.52859,34.32903],[136.52807,34.32966],[136.52829,34.33046],[136.52762,34.33196],[136.52753,34.33312],[136.52615,34.33359],[136.52541,34.33426],[136.52315,34.33421],[136.52252,34.33395],[136.51978,34.3342],[136.51887,34.3346],[136.51887,34.33549],[136.51656,34.33634],[136.51606,34.33711],[136.51502,34.33761],[136.51349,34.33756],[136.51227,34.33801],[136.51116,34.33814],[136.50912,34.33805],[136.50752,34.33784],[136.50635,34.33744],[136.50571,34.33665],[136.50529,34.33533],[136.50418,34.33412],[136.50404,34.33345],[136.50339,34.33296],[136.50288,34.33163],[136.50331,34.33056],[136.50285,34.32985],[136.50171,34.32958],[136.50047,34.32842],[136.50034,34.32765],[136.49986,34.32732],[136.49711,34.32645],[136.49445,34.32692],[136.49311,34.32622],[136.49213,34.32552],[136.49013,34.32499],[136.48878,34.32496],[136.48631,34.32547],[136.48558,34.3259],[136.48513,34.32652],[136.48405,34.32727],[136.48339,34.32711],[136.48045,34.32689],[136.47694,34.32689],[136.47413,34.32734],[136.47253,34.32828],[136.47076,34.32851],[136.46953,34.32738],[136.46889,34.32709],[136.46785,34.32737],[136.46543,34.32706],[136.46412,34.32752],[136.46358,34.32647],[136.46122,34.32436],[136.4599,34.32371],[136.45909,34.32362],[136.45864,34.3227],[136.45858,34.3214],[136.45727,34.32002],[136.45753,34.31947],[136.45719,34.31838],[136.45738,34.31703],[136.45694,34.31633],[136.45673,34.31514],[136.45699,34.3127],[136.45685,34.31158],[136.45765,34.31061],[136.4584,34.30912],[136.4578,34.30834],[136.45717,34.30796],[136.45706,34.30679],[136.45541,34.3052],[136.45394,34.30296],[136.45352,34.30162],[136.45356,34.30065],[136.4539,34.29991],[136.45292,34.29836],[136.45288,34.29728],[136.45484,34.29579],[136.45395,34.29335],[136.45418,34.29229],[136.45312,34.29096],[136.45192,34.29061],[136.45075,34.28977],[136.44974,34.29009],[136.44768,34.29002],[136.44601,34.29025],[136.44301,34.28958],[136.44201,34.28842],[136.4396,34.28822],[136.43728,34.28747],[136.43552,34.28652],[136.43432,34.28488],[136.43339,34.28415],[136.43233,34.28409],[136.43099,34.28512],[136.42968,34.28491],[136.42704,34.28495],[136.42582,34.28545],[136.4249,34.28619],[136.4235,34.28685],[136.42183,34.28595],[136.41978,34.28534],[136.41929,34.28357],[136.42022,34.28226],[136.42078,34.28182],[136.42125,34.28067],[136.42204,34.28013],[136.42336,34.27833],[136.42308,34.2774],[136.42334,34.27613],[136.42402,34.27549],[136.42444,34.27422],[136.42579,34.27317],[136.42638,34.27222],[136.42859,34.26981],[136.42831,34.26925],[136.42707,34.26857],[136.42624,34.26692],[136.42528,34.26634],[136.42364,34.26611],[136.42294,34.26617],[136.42182,34.26578],[136.42114,34.26447],[136.42008,34.26333],[136.4192,34.26265],[136.41853,34.26141],[136.4187,34.26022],[136.41934,34.25805],[136.41935,34.25744],[136.41868,34.25686],[136.41845,34.25563],[136.41738,34.25492],[136.41823,34.25298],[136.4175,34.25212],[136.41745,34.2506],[136.41838,34.24916],[136.41936,34.24819],[136.4196,34.24692],[136.41903,34.24548],[136.41903,34.2448],[136.41821,34.24412],[136.41694,34.24214],[136.41691,34.23943],[136.4166,34.23882],[136.41668,34.23779],[136.41763,34.23747],[136.41804,34.23694],[136.4183,34.23569],[136.41824,34.23455],[136.41901,34.2339],[136.42001,34.23357],[136.42077,34.2323],[136.42055,34.23],[136.42068,34.22932],[136.42205,34.22639],[136.42252,34.22589],[136.42421,34.22497],[136.42448,34.22422],[136.42593,34.22317],[136.42781,34.2227],[136.42861,34.22212],[136.42903,34.22138],[136.43071,34.21986],[136.43204,34.21928],[136.43232,34.21938],[136.43292,34.21951],[136.43295,34.21963],[136.43306,34.21974],[136.43317,34.21995],[136.43497,34.22101],[136.43632,34.22107],[136.43693,34.22073],[136.43829,34.22118],[136.43883,34.22115],[136.43962,34.22149],[136.44093,34.22121],[136.44256,34.21987],[136.44365,34.21976],[136.44549,34.22045],[136.44652,34.21979],[136.44751,34.21939],[136.4478,34.21977],[136.44795,34.22003],[136.4482,34.22005],[136.44869,34.22031],[136.45118,34.22085],[136.4517,34.22045],[136.45147,34.21979],[136.45238,34.21957],[136.45297,34.22035],[136.45261,34.22083],[136.45339,34.22141],[136.45433,34.22147],[136.45463,34.22076],[136.45545,34.2216],[136.45722,34.22247],[136.45714,34.22377],[136.45796,34.22411],[136.45934,34.22385],[136.45996,34.22422],[136.45983,34.22552],[136.45882,34.22645],[136.45691,34.22626],[136.45517,34.22705],[136.45389,34.2268],[136.45328,34.22702],[136.45233,34.22802],[136.45208,34.22908],[136.45209,34.23088],[136.45254,34.23236],[136.45323,34.2332],[136.45415,34.23354],[136.45435,34.23419],[136.4551,34.23419],[136.45509,34.23449],[136.45496,34.23466],[136.455,34.23478],[136.45475,34.23493],[136.4549,34.23519],[136.45381,34.23585],[136.45343,34.23681],[136.45373,34.23766],[136.45453,34.23806],[136.4551,34.23857],[136.45506,34.23891],[136.45545,34.23907],[136.45505,34.2414],[136.45551,34.24212],[136.45427,34.24276],[136.45363,34.24382],[136.45346,34.24509],[136.45245,34.24527],[136.45097,34.24493],[136.45025,34.24387],[136.44905,34.24373],[136.44822,34.24262],[136.44725,34.24223],[136.44639,34.24275],[136.44617,34.24341],[136.44688,34.24371],[136.44701,34.24432],[136.44789,34.24489],[136.44802,34.24561],[136.44728,34.24628],[136.4453,34.24596],[136.44437,34.2449],[136.44346,34.24445],[136.44109,34.24524],[136.44145,34.24619],[136.44027,34.24659],[136.4399,34.2474],[136.44043,34.24791],[136.44147,34.24743],[136.44177,34.24812],[136.44324,34.24865],[136.44402,34.2487],[136.44536,34.24835],[136.44646,34.24854],[136.44889,34.24964],[136.44976,34.24939],[136.45018,34.24857],[136.44957,34.24783],[136.45055,34.24743],[136.4518,34.2481],[136.45262,34.24789],[136.45406,34.24793],[136.45644,34.2459],[136.45639,34.24694],[136.4567,34.24742],[136.45823,34.24805],[136.46026,34.24755],[136.46091,34.24871],[136.45988,34.24905],[136.45954,34.24985],[136.45852,34.25012],[136.45878,34.25096],[136.45958,34.25118],[136.46015,34.25177],[136.46141,34.25246],[136.46161,34.25323],[136.46119,34.25415],[136.46328,34.255],[136.46522,34.25611],[136.46603,34.25704],[136.46908,34.25702],[136.46983,34.25666],[136.46926,34.25592],[136.46626,34.25527],[136.46641,34.25472],[136.46779,34.25429],[136.46671,34.2536],[136.46708,34.25266],[136.46714,34.25187],[136.46652,34.2513],[136.46695,34.25085],[136.46763,34.2512],[136.4681,34.25012],[136.46875,34.24959],[136.47038,34.24926],[136.47241,34.24945],[136.47332,34.24934],[136.4737,34.24857],[136.47295,34.24807],[136.47223,34.24816],[136.47188,34.24767],[136.47056,34.24777],[136.46957,34.24699],[136.46865,34.24695],[136.46802,34.24855],[136.46649,34.24889],[136.46618,34.24809],[136.46482,34.2481],[136.46388,34.24715],[136.46372,34.24609],[136.46319,34.24583],[136.46303,34.24515],[136.46361,34.24468],[136.46324,34.24412],[136.46179,34.24392],[136.46046,34.24459],[136.45991,34.24461],[136.45995,34.24372],[136.4608,34.24287],[136.46064,34.24196],[136.46002,34.24062],[136.46045,34.23974],[136.46031,34.23924],[136.46098,34.23846],[136.46199,34.23822],[136.46292,34.23736],[136.46373,34.2358],[136.46329,34.23462],[136.46228,34.23437],[136.46276,34.23333],[136.46264,34.23258],[136.46324,34.23251],[136.46326,34.23216],[136.46378,34.23181],[136.46426,34.23115],[136.46541,34.23099],[136.46603,34.23129],[136.46621,34.23197],[136.46814,34.23248],[136.47015,34.23224],[136.4707,34.23181],[136.47193,34.23137],[136.47312,34.23162],[136.4742,34.23091],[136.4751,34.22961],[136.47508,34.22895],[136.47449,34.2287],[136.47484,34.22776],[136.47545,34.22786],[136.47663,34.22863],[136.4778,34.22846],[136.47965,34.22898],[136.48057,34.22873],[136.4813,34.228],[136.48282,34.228],[136.48371,34.22712],[136.48393,34.22616],[136.4838,34.22552],[136.48245,34.22527],[136.48181,34.22486],[136.481,34.22372],[136.48253,34.22324],[136.48232,34.22241],[136.48149,34.22234],[136.48171,34.2217],[136.48135,34.22117],[136.48195,34.21995],[136.48329,34.2202],[136.4839,34.22093],[136.48466,34.22138],[136.48635,34.22155],[136.48644,34.22203],[136.48681,34.22237],[136.48713,34.22248],[136.48781,34.22291],[136.48919,34.22295],[136.48978,34.22368],[136.49103,34.22406],[136.49161,34.22395],[136.49266,34.22522],[136.49355,34.22489],[136.49389,34.22525],[136.49527,34.22484],[136.49562,34.22485],[136.49594,34.22454],[136.49683,34.22611],[136.49725,34.2262],[136.49779,34.22569],[136.49828,34.22645],[136.49701,34.22755],[136.4966,34.22846],[136.49684,34.22956],[136.49753,34.23011],[136.49885,34.23],[136.49857,34.23063],[136.49936,34.23126],[136.50201,34.23184],[136.50255,34.23151],[136.50345,34.23164],[136.50358,34.23083],[136.50423,34.23027],[136.5051,34.22995],[136.50586,34.23084],[136.50703,34.23128],[136.50754,34.23105],[136.5077,34.22977],[136.50836,34.23014],[136.50814,34.23115],[136.5086,34.23141],[136.50846,34.2316],[136.50891,34.23165],[136.50922,34.23162],[136.5096,34.23173],[136.51011,34.23204],[136.50912,34.2329],[136.50727,34.2328],[136.50661,34.23367],[136.50669,34.23422],[136.50649,34.23465],[136.50678,34.23485],[136.50648,34.23572],[136.50586,34.23616],[136.50674,34.23643],[136.5064,34.23727],[136.50545,34.23685],[136.50428,34.23576],[136.50288,34.2364],[136.50322,34.2368],[136.50261,34.23804],[136.50183,34.23836],[136.5015,34.23794],[136.50047,34.23864],[136.49958,34.23842],[136.49971,34.23734],[136.49846,34.23693],[136.49761,34.23732],[136.49726,34.23612],[136.49678,34.23615],[136.49642,34.23686],[136.49526,34.23713],[136.49485,34.2376],[136.4948,34.23874],[136.49288,34.23794],[136.49143,34.2362],[136.49148,34.23563],[136.49079,34.23447],[136.48922,34.23434],[136.48878,34.23498],[136.49037,34.23741],[136.49065,34.23862],[136.48982,34.24013],[136.48912,34.24039],[136.48888,34.24144],[136.48745,34.24138],[136.48731,34.24072],[136.48553,34.23881],[136.48491,34.23898],[136.48493,34.24003],[136.48596,34.24147],[136.486,34.24232],[136.48699,34.24402],[136.48708,34.24497],[136.48839,34.24523],[136.48888,34.24369],[136.4898,34.24338],[136.49018,34.24268],[136.49077,34.2427],[136.49177,34.24227],[136.49249,34.24257],[136.49376,34.24364],[136.49578,34.24359],[136.49737,34.24422],[136.49814,34.24394],[136.49879,34.24323],[136.49969,34.24307],[136.50142,34.24318],[136.50209,34.24271],[136.50316,34.24303],[136.50424,34.24319],[136.50484,34.24313],[136.50422,34.24435],[136.50307,34.24487],[136.50257,34.24543],[136.50143,34.24594],[136.50112,34.2465],[136.50095,34.24772],[136.50105,34.24879],[136.50064,34.24932],[136.50093,34.25016],[136.50032,34.25073],[136.50011,34.25167],[136.49918,34.25251],[136.49906,34.25172],[136.49796,34.25127],[136.49717,34.25129],[136.49675,34.25178],[136.49578,34.25227],[136.49517,34.25204],[136.49553,34.2512],[136.49429,34.25089],[136.49354,34.2503],[136.49258,34.2506],[136.49294,34.25116],[136.49181,34.25179],[136.49099,34.25144],[136.49077,34.25221],[136.49149,34.25267],[136.49165,34.25347],[136.49087,34.25441],[136.48986,34.25427],[136.48984,34.25494],[136.49027,34.2553],[136.49164,34.25504],[136.49249,34.25448],[136.4927,34.25395],[136.49399,34.25367],[136.49476,34.25418],[136.49493,34.25472],[136.49382,34.25762],[136.49308,34.25762],[136.49424,34.25879],[136.4955,34.25789],[136.49618,34.25668],[136.49721,34.25632],[136.499,34.25721],[136.50053,34.25887],[136.50129,34.25859],[136.50091,34.2573],[136.50044,34.25655],[136.49824,34.25537],[136.49831,34.25454],[136.49999,34.25512],[136.50175,34.25517],[136.50247,34.25493],[136.50372,34.25385],[136.50384,34.25285],[136.5057,34.25267],[136.50601,34.25189],[136.50526,34.25156],[136.50438,34.2516],[136.50462,34.25061],[136.5062,34.2507],[136.50779,34.25029],[136.50845,34.24926],[136.50926,34.24904],[136.51032,34.2479],[136.5106,34.2464],[136.51,34.24559],[136.50994,34.24447],[136.50942,34.24386],[136.51007,34.24331],[136.50984,34.24279],[136.51061,34.24245],[136.5114,34.24252],[136.51275,34.24178],[136.51448,34.24167],[136.51487,34.24115],[136.51609,34.24135],[136.51682,34.24102],[136.51732,34.2405],[136.51722,34.24002],[136.51652,34.23939],[136.51689,34.23844],[136.51772,34.23877],[136.51783,34.2395],[136.51754,34.2397],[136.51785,34.24022],[136.51924,34.24072],[136.51882,34.24158],[136.51918,34.24186],[136.51932,34.24285],[136.5181,34.24318],[136.51631,34.24344],[136.5158,34.24314],[136.51528,34.24397],[136.5142,34.24403],[136.51349,34.24493],[136.51354,34.24613],[136.51329,34.24666],[136.51263,34.24652],[136.51218,34.2472],[136.51136,34.24762],[136.51105,34.24893],[136.5111,34.24984],[136.51038,34.25034],[136.51014,34.25145],[136.5087,34.25201],[136.50832,34.25249],[136.50834,34.25392],[136.50855,34.25428],[136.50784,34.25491],[136.50791,34.25601],[136.50877,34.25673],[136.50862,34.25689],[136.50897,34.25771],[136.50888,34.25858],[136.50738,34.25952],[136.50716,34.26063],[136.50742,34.26138],[136.50883,34.26302],[136.50769,34.26401],[136.50565,34.26439],[136.50514,34.26531],[136.50541,34.26676],[136.50508,34.26724],[136.50519,34.26811],[136.50571,34.26942],[136.50685,34.27046],[136.50633,34.27079],[136.50611,34.272],[136.50634,34.27279],[136.50708,34.27351],[136.50695,34.27398],[136.50604,34.27413],[136.5049,34.27377],[136.50418,34.27455],[136.50293,34.27464],[136.50186,34.27506],[136.50103,34.27712],[136.50166,34.27763],[136.50239,34.27743],[136.50215,34.27678],[136.50399,34.27629],[136.50434,34.27655],[136.50498,34.27783],[136.50493,34.27846],[136.50557,34.27896],[136.50695,34.27923],[136.5085,34.27897],[136.50968,34.27903],[136.51084,34.27831],[136.51132,34.27896],[136.51227,34.27835],[136.51399,34.27833],[136.51457,34.27745],[136.51462,34.27663],[136.51529,34.27619],[136.51543,34.27523],[136.51492,34.27428],[136.51529,34.27364],[136.51503,34.2731],[136.5125,34.27227],[136.51168,34.27255],[136.51141,34.27128],[136.51261,34.26994],[136.51526,34.26936],[136.51603,34.26945],[136.51792,34.26908],[136.5192,34.26784],[136.52039,34.2681],[136.52137,34.26795],[136.5227,34.26732],[136.52303,34.2666],[136.52365,34.26698],[136.52465,34.26707],[136.52465,34.26828],[136.5242,34.26976],[136.52274,34.27211],[136.522,34.27219],[136.52183,34.27336],[136.52239,34.27406],[136.52344,34.27404],[136.52491,34.27266],[136.52589,34.27124],[136.52734,34.27093],[136.52795,34.27173],[136.52846,34.27191],[136.52917,34.27331],[136.53025,34.27338],[136.53091,34.27293],[136.53147,34.27149],[136.53128,34.27088],[136.53189,34.27026],[136.53103,34.26963],[136.53033,34.26853],[136.52856,34.26707],[136.5277,34.2657],[136.52713,34.26438],[136.52564,34.26417],[136.52588,34.26342],[136.52546,34.2632],[136.52548,34.26223],[136.5258,34.26215],[136.52622,34.26165],[136.52648,34.26092],[136.52599,34.26043],[136.52681,34.25995],[136.52718,34.2602],[136.52772,34.26002],[136.52866,34.26012],[136.52896,34.26182],[136.52952,34.26252],[136.52921,34.26271],[136.52996,34.26314],[136.52962,34.26335],[136.52988,34.2643],[136.52971,34.26484],[136.52865,34.26547],[136.52899,34.2665],[136.52947,34.26714],[136.53035,34.26751],[136.53043,34.26836],[136.53159,34.26876],[136.53279,34.26862],[136.53354,34.26788],[136.53394,34.26821],[136.53479,34.26832],[136.53485,34.26866],[136.53535,34.26895],[136.53526,34.26954],[136.53408,34.27093],[136.53407,34.27172],[136.53446,34.27232],[136.53583,34.27351],[136.53542,34.27403],[136.53576,34.2752],[136.53789,34.27636],[136.53777,34.2769],[136.53832,34.27855],[136.53871,34.27888],[136.54115,34.27845],[136.54076,34.27759],[136.54127,34.27233],[136.54212,34.27232],[136.54209,34.27165],[136.54158,34.27117],[136.54193,34.27028],[136.54125,34.26976],[136.54122,34.26889],[136.5422,34.26828],[136.54269,34.26739],[136.54282,34.26619],[136.54207,34.26478],[136.54059,34.26444],[136.53936,34.26282],[136.53928,34.26233],[136.5388,34.26178],[136.53782,34.26079],[136.53892,34.25967],[136.53938,34.25826],[136.53905,34.25741],[136.53789,34.25689],[136.53747,34.25606],[136.53981,34.25568],[136.54053,34.25523],[136.54109,34.25505],[136.54115,34.25488],[136.54247,34.25501],[136.54319,34.25478],[136.54399,34.25381],[136.54533,34.25351],[136.54583,34.25318],[136.54519,34.25211],[136.54577,34.2518],[136.54541,34.25113],[136.54552,34.25027],[136.54625,34.25029],[136.54702,34.25083],[136.5471,34.25086],[136.54719,34.25076],[136.54713,34.25057],[136.54727,34.25052],[136.54743,34.25065],[136.54769,34.25052],[136.54934,34.25206],[136.54868,34.25232],[136.54914,34.25299],[136.55067,34.25282],[136.55092,34.25364],[136.54969,34.25393],[136.54885,34.25348],[136.54814,34.25411],[136.54774,34.25497],[136.54779,34.25563],[136.54883,34.25579],[136.54868,34.2579],[136.54824,34.25793],[136.54815,34.25929],[136.549,34.26002],[136.55006,34.26014],[136.55097,34.25994],[136.55216,34.25902],[136.55371,34.25941],[136.55312,34.26016],[136.55315,34.26098],[136.55352,34.26205],[136.55378,34.26225],[136.55477,34.26398],[136.55543,34.2646],[136.55603,34.26474],[136.5572,34.26591],[136.55778,34.26732],[136.55764,34.26799],[136.55684,34.26895],[136.55634,34.2692],[136.55574,34.27009],[136.55512,34.27025],[136.55454,34.2712],[136.55413,34.27329],[136.55452,34.27418],[136.55508,34.27476],[136.55419,34.27516],[136.55359,34.27578],[136.55333,34.27649],[136.55286,34.27673],[136.55154,34.27663],[136.55054,34.27755],[136.55066,34.27903],[136.54978,34.27959],[136.54906,34.28067],[136.54827,34.28101],[136.54837,34.28177],[136.54925,34.28292],[136.55007,34.28332],[136.55025,34.28271],[136.55133,34.28252],[136.55133,34.28217],[136.55228,34.28164],[136.55217,34.28093],[136.55346,34.28078],[136.55307,34.27853],[136.55422,34.27851],[136.555,34.27799],[136.55625,34.27891],[136.55544,34.28034],[136.5548,34.2805],[136.55416,34.28134],[136.55469,34.28161],[136.55588,34.28058],[136.55602,34.28007],[136.55693,34.27959],[136.55758,34.27823],[136.55747,34.27756],[136.55657,34.2772],[136.55669,34.27625],[136.55788,34.2762],[136.5588,34.27559],[136.56023,34.2755],[136.55961,34.27708],[136.55909,34.27793],[136.55974,34.28013],[136.55845,34.28007],[136.55736,34.28082],[136.55679,34.28183],[136.55708,34.28304],[136.55831,34.28489],[136.55875,34.28526],[136.56126,34.28583],[136.56172,34.28512],[136.56279,34.28581],[136.56388,34.28544],[136.56452,34.28582],[136.56551,34.28535],[136.56692,34.28523],[136.5658,34.28609],[136.56663,34.28682],[136.5675,34.28696],[136.56813,34.28655],[136.56907,34.28656],[136.56983,34.28733],[136.56923,34.28811],[136.57044,34.28887],[136.57135,34.28896],[136.57236,34.28865],[136.57272,34.28787],[136.57374,34.28674],[136.57472,34.28813],[136.57561,34.28812],[136.57566,34.2898],[136.57654,34.28934],[136.57753,34.28851],[136.57941,34.28837],[136.5803,34.28773],[136.5814,34.28802],[136.58137,34.28838],[136.5803,34.28848],[136.58016,34.28901],[136.57902,34.28937],[136.57907,34.29009],[136.58043,34.28997],[136.58077,34.2902],[136.58066,34.29192],[136.57952,34.29207],[136.57925,34.29267],[136.58046,34.29322],[136.58146,34.29295],[136.58144,34.29363],[136.58206,34.29388],[136.58235,34.29318],[136.58325,34.29279],[136.58413,34.2927],[136.58506,34.29316],[136.58486,34.29197],[136.58539,34.29177],[136.58459,34.29056],[136.58423,34.28924],[136.58484,34.28898],[136.58603,34.28915],[136.58681,34.28965],[136.58738,34.28958],[136.58818,34.29024],[136.58908,34.2903],[136.58854,34.28935],[136.58788,34.28885],[136.58914,34.28864],[136.58953,34.28883],[136.58916,34.28992],[136.5902,34.29053],[136.59075,34.29146],[136.59158,34.29168],[136.59116,34.29228],[136.59019,34.29257],[136.58998,34.29419],[136.5905,34.29482],[136.59118,34.29526],[136.59137,34.29531],[136.591,34.29469],[136.59211,34.29417],[136.59273,34.29399],[136.59261,34.29334],[136.59289,34.29245],[136.59427,34.29228],[136.5949,34.29247],[136.59531,34.29204],[136.59714,34.29091],[136.59725,34.29023],[136.59657,34.28968],[136.5952,34.28931],[136.59383,34.28868],[136.59296,34.28887],[136.59236,34.28749],[136.59239,34.28646],[136.5921,34.28593],[136.5924,34.28537],[136.59334,34.28538],[136.59392,34.28655],[136.59567,34.28699],[136.59644,34.28768],[136.59677,34.28624],[136.59741,34.286],[136.59853,34.28513],[136.59819,34.28461],[136.59721,34.28464],[136.59646,34.28559],[136.59514,34.28578],[136.59531,34.28464],[136.59382,34.28437],[136.59278,34.28343],[136.59324,34.28276],[136.59474,34.28187],[136.59572,34.28175],[136.59473,34.28087],[136.59349,34.28086],[136.59245,34.2795],[136.59215,34.28081],[136.59239,34.28165],[136.59175,34.28162],[136.5913,34.28295],[136.5917,34.28422],[136.5907,34.28516],[136.59067,34.28603],[136.58888,34.28645],[136.58916,34.28495],[136.58837,34.28482],[136.58795,34.28559],[136.58722,34.28487],[136.58569,34.2846],[136.58523,34.28368],[136.58394,34.28312],[136.58354,34.28258],[136.58172,34.28166],[136.58089,34.2809],[136.58094,34.27987],[136.58172,34.27977],[136.58174,34.27923],[136.58093,34.27893],[136.57871,34.27959],[136.57847,34.28084],[136.57886,34.28192],[136.57965,34.283],[136.58178,34.28432],[136.58198,34.2855],[136.58093,34.28588],[136.57978,34.28538],[136.57795,34.28487],[136.57709,34.28487],[136.57689,34.28431],[136.57595,34.2841],[136.57448,34.28282],[136.57462,34.28266],[136.57437,34.28228],[136.5735,34.28175],[136.5736,34.2805],[136.57231,34.27956],[136.572,34.27876],[136.57111,34.27789],[136.57216,34.27722],[136.57227,34.27576],[136.57321,34.27568],[136.57434,34.27592],[136.57546,34.27704],[136.57558,34.27777],[136.57666,34.27832],[136.57834,34.27839],[136.57902,34.27822],[136.58063,34.27744],[136.58115,34.27667],[136.58111,34.27528],[136.58229,34.27483],[136.58362,34.27464],[136.5836,34.27548],[136.58534,34.27508],[136.58669,34.27436],[136.58711,34.27357],[136.58661,34.27241],[136.5883,34.27159],[136.58965,34.27211],[136.59033,34.27145],[136.59005,34.27108],[136.59015,34.2694],[136.59136,34.26802],[136.59105,34.26713],[136.59028,34.26705],[136.58967,34.26661],[136.58885,34.26658],[136.58833,34.26722],[136.58918,34.26743],[136.58913,34.26804],[136.58818,34.2686],[136.58742,34.2694],[136.5864,34.26895],[136.5855,34.26909],[136.58478,34.26953],[136.58416,34.2709],[136.58441,34.27126],[136.58452,34.27284],[136.58478,34.27324],[136.58339,34.27425],[136.58109,34.27495],[136.58005,34.27513],[136.58065,34.27423],[136.58024,34.27374],[136.58061,34.27334],[136.58084,34.2724],[136.58062,34.27121],[136.58006,34.26997],[136.57916,34.26976],[136.57944,34.26899],[136.58132,34.26813],[136.58223,34.26731],[136.58283,34.26608],[136.58313,34.26355],[136.58478,34.26212],[136.5855,34.26103],[136.58519,34.26014],[136.58546,34.25964],[136.58541,34.25858],[136.58585,34.25747],[136.5876,34.25839],[136.58882,34.25839],[136.59109,34.25746],[136.59352,34.25814],[136.59451,34.25801],[136.59599,34.25727],[136.59679,34.25813],[136.59828,34.25876],[136.59964,34.25895],[136.60155,34.25812],[136.60211,34.2577],[136.60321,34.25804],[136.60389,34.25853],[136.60529,34.25863],[136.60573,34.25997],[136.60741,34.26164],[136.60841,34.26213],[136.60864,34.26339],[136.60949,34.2653],[136.61147,34.26771],[136.61252,34.26865],[136.61292,34.26939],[136.61391,34.27011],[136.61465,34.27038],[136.61592,34.27049],[136.61635,34.27088],[136.6169,34.27213],[136.61822,34.27316],[136.61908,34.27352],[136.62118,34.27394],[136.62206,34.2739],[136.62411,34.27296],[136.6254,34.27331],[136.62805,34.27293],[136.62876,34.27313],[136.63014,34.27409],[136.63177,34.27471],[136.63343,34.27485],[136.6351,34.27573],[136.63505,34.27578],[136.63506,34.27589],[136.63523,34.27614],[136.63634,34.27715],[136.63656,34.27778],[136.63735,34.27823],[136.63658,34.27864],[136.63639,34.27911],[136.63527,34.28021],[136.63522,34.281],[136.63586,34.28323],[136.63534,34.28373],[136.63563,34.28463],[136.63631,34.28521],[136.63707,34.28549],[136.63856,34.28483],[136.63894,34.28557],[136.63994,34.28606],[136.64104,34.28619],[136.64148,34.286],[136.64164,34.28559],[136.64179,34.28547],[136.64175,34.2852],[136.64315,34.28532],[136.64452,34.28563],[136.64499,34.28601],[136.6471,34.28627],[136.64786,34.2866],[136.64944,34.28662],[136.65122,34.28695],[136.65274,34.28672],[136.6531,34.28684],[136.65358,34.28666],[136.65435,34.28712],[136.65452,34.28748],[136.65498,34.28707],[136.65554,34.28827],[136.65598,34.28868],[136.65644,34.28895],[136.65811,34.28827],[136.65822,34.28885],[136.65893,34.28932],[136.65956,34.28904],[136.65985,34.28968],[136.65754,34.29011],[136.65693,34.29116],[136.65732,34.29195],[136.65694,34.29241],[136.65559,34.29269],[136.65353,34.29192],[136.65236,34.29189],[136.65146,34.2914],[136.65048,34.28967],[136.64986,34.29028],[136.65032,34.29089],[136.65011,34.29243],[136.65351,34.29234],[136.65285,34.29384],[136.65291,34.29524],[136.65365,34.29682],[136.65448,34.2979],[136.65496,34.29814],[136.65642,34.29958],[136.65714,34.29997],[136.65828,34.29985],[136.65873,34.30047],[136.66042,34.3012],[136.66146,34.30138],[136.66276,34.30024],[136.66431,34.29976],[136.66482,34.30093],[136.66391,34.30208],[136.66461,34.30351],[136.66459,34.3042],[136.66492,34.30449],[136.6646,34.30569],[136.66518,34.30663],[136.66599,34.30687],[136.66606,34.30704],[136.66655,34.30764],[136.66704,34.30796],[136.6682,34.30841],[136.66955,34.30834],[136.67004,34.30853],[136.67,34.30959],[136.67101,34.31028],[136.67155,34.31077],[136.67207,34.31117],[136.6732,34.31171],[136.67454,34.31208],[136.67454,34.31263],[136.67407,34.31328],[136.67462,34.31402],[136.67575,34.31487],[136.67638,34.31518],[136.67649,34.31545],[136.67694,34.31543],[136.67688,34.31666],[136.67575,34.31686],[136.67513,34.3162],[136.67476,34.31542],[136.67366,34.31485],[136.67182,34.31446],[136.67104,34.31392],[136.67136,34.31235],[136.66944,34.31274],[136.66914,34.31386],[136.66956,34.31437],[136.67027,34.31428],[136.67083,34.31462],[136.67129,34.31548],[136.67133,34.31629],[136.66977,34.31646],[136.66861,34.31593],[136.66739,34.31662],[136.66681,34.31635],[136.66559,34.31652],[136.66444,34.31771],[136.66365,34.31737],[136.6638,34.31677],[136.66461,34.31586],[136.66417,34.31442],[136.66524,34.31407],[136.66648,34.31392],[136.66663,34.31341],[136.66755,34.31268],[136.66733,34.31225],[136.66618,34.31247],[136.66598,34.31181],[136.6653,34.31178],[136.66501,34.31252],[136.66353,34.31244],[136.66296,34.31189],[136.66291,34.31131],[136.6623,34.31112],[136.66157,34.31153],[136.6605,34.31107],[136.66032,34.31065],[136.66064,34.30967],[136.65987,34.30914],[136.65905,34.31024],[136.65722,34.30982],[136.65572,34.30977],[136.65532,34.31037],[136.65769,34.31167],[136.65774,34.31227],[136.66005,34.31344],[136.66096,34.31407],[136.65938,34.31445],[136.65821,34.31429],[136.65735,34.31507],[136.65688,34.31601],[136.65609,34.31649],[136.65525,34.3159],[136.65447,34.31602],[136.65415,34.31661],[136.65317,34.31655],[136.6528,34.31605],[136.65361,34.31559],[136.65366,34.31447],[136.65193,34.31463],[136.65132,34.3139],[136.65188,34.31365],[136.65163,34.3128],[136.65076,34.31225],[136.65034,34.31255],[136.6484,34.31152],[136.64793,34.31056],[136.64718,34.31091],[136.64574,34.31194],[136.64559,34.31265],[136.6447,34.31294],[136.64453,34.31175],[136.64492,34.31076],[136.64546,34.31008],[136.64403,34.30942],[136.64379,34.30901],[136.6428,34.30866],[136.64191,34.30863],[136.64191,34.30782],[136.64055,34.3075],[136.64037,34.30803],[136.64076,34.31016],[136.64012,34.31152],[136.63899,34.31146],[136.63856,34.31079],[136.63878,34.30975],[136.63867,34.30897],[136.63806,34.30827],[136.63688,34.30881],[136.63725,34.30915],[136.637,34.30989],[136.63706,34.3112],[136.63734,34.31251],[136.63882,34.3131],[136.6396,34.31308],[136.64108,34.31258],[136.6422,34.31195],[136.6429,34.31184],[136.64266,34.31282],[136.64272,34.31375],[136.64425,34.31473],[136.64519,34.31509],[136.64679,34.31534],[136.64672,34.31586],[136.64578,34.31585],[136.64581,34.31653],[136.64731,34.31662],[136.64802,34.31584],[136.64892,34.31566],[136.64957,34.31615],[136.64912,34.31694],[136.65014,34.31715],[136.65056,34.31771],[136.65088,34.31889],[136.65034,34.31941],[136.65144,34.32065],[136.65107,34.32136],[136.65118,34.32218],[136.65082,34.32275],[136.65113,34.32327],[136.65194,34.32332],[136.65284,34.32294],[136.65354,34.32144],[136.65336,34.32077],[136.65417,34.32037],[136.65406,34.31946],[136.65482,34.31891],[136.65617,34.31848],[136.65825,34.31878],[136.65851,34.31959],[136.65929,34.32015],[136.66013,34.3203],[136.65926,34.32115],[136.65953,34.32172],[136.66025,34.32217],[136.661,34.32307],[136.66094,34.32363],[136.6598,34.32473],[136.65851,34.32457],[136.65693,34.32521],[136.65708,34.32603],[136.65782,34.32593],[136.65931,34.32632],[136.65909,34.32706],[136.65825,34.32802],[136.65974,34.32845],[136.66034,34.32808],[136.66012,34.32741],[136.66145,34.32685],[136.66182,34.32608],[136.66371,34.32576],[136.66428,34.32547],[136.66522,34.32557],[136.66589,34.32532],[136.66631,34.32471],[136.66824,34.32423],[136.66871,34.32341],[136.66951,34.32401],[136.6711,34.32419],[136.67215,34.32411],[136.67274,34.32466],[136.67263,34.32559],[136.67294,34.32642],[136.67169,34.32662],[136.67056,34.32774],[136.66993,34.32771],[136.66829,34.32863],[136.66663,34.32874],[136.66604,34.329],[136.66496,34.329],[136.66462,34.32962],[136.66548,34.33042],[136.66659,34.33061],[136.66822,34.33147],[136.67022,34.33159],[136.67027,34.33226],[136.67151,34.33335],[136.67172,34.33402],[136.67125,34.33429],[136.66913,34.33442],[136.66936,34.3353],[136.6701,34.33598],[136.67121,34.33659],[136.67069,34.33723],[136.66914,34.33734],[136.66926,34.33806],[136.66839,34.33888],[136.66695,34.33955],[136.66532,34.3393],[136.6646,34.3396],[136.66414,34.33873],[136.66345,34.33874],[136.6624,34.33966],[136.66111,34.33887],[136.65942,34.33867],[136.65732,34.33914],[136.65678,34.33947],[136.65605,34.34069],[136.65692,34.34228],[136.65878,34.34203],[136.65984,34.34374],[136.66141,34.34551],[136.66202,34.34575],[136.66367,34.34546],[136.66421,34.34576],[136.66742,34.34464],[136.66924,34.34369],[136.6701,34.34419],[136.67099,34.34391],[136.67275,34.34398],[136.67272,34.3432],[136.67213,34.34316],[136.67241,34.34211],[136.67152,34.34157],[136.67216,34.34023],[136.67208,34.33993],[136.67224,34.33952],[136.6722,34.3393],[136.67299,34.33902],[136.6742,34.33995],[136.67459,34.33917],[136.67509,34.33936],[136.67639,34.33861],[136.67732,34.33992],[136.6782,34.34049],[136.6787,34.34048],[136.68005,34.34108],[136.68057,34.34213],[136.68147,34.34287],[136.68165,34.34219],[136.68245,34.34278],[136.68405,34.34321],[136.68385,34.34443],[136.6853,34.34548],[136.68617,34.34522],[136.68697,34.34412],[136.68856,34.34526],[136.68961,34.34523],[136.6903,34.34558],[136.69115,34.34541],[136.69141,34.3445],[136.69082,34.34344],[136.6903,34.3433],[136.68979,34.34383],[136.68921,34.34357],[136.68768,34.34362],[136.68676,34.34277],[136.68652,34.34176],[136.68619,34.34164],[136.68489,34.3402],[136.68576,34.33921],[136.68533,34.33854],[136.68426,34.33963],[136.68333,34.33891],[136.68207,34.33859],[136.68135,34.33916],[136.68049,34.3389],[136.67868,34.33762],[136.67826,34.33718],[136.67878,34.33587],[136.68047,34.33522],[136.68191,34.33526],[136.68262,34.33519],[136.68353,34.33579],[136.68341,34.33651],[136.68478,34.33695],[136.68676,34.33665],[136.68766,34.33703],[136.68763,34.33563],[136.68616,34.33544],[136.68422,34.33407],[136.6835,34.33338],[136.68394,34.333],[136.68544,34.33304],[136.68704,34.33336],[136.68739,34.33266],[136.6861,34.33221],[136.6856,34.3314],[136.68472,34.33076],[136.68386,34.3296],[136.68327,34.32936],[136.68251,34.32769],[136.68176,34.3275],[136.68144,34.32698],[136.68207,34.32587],[136.68179,34.32524],[136.68113,34.32497],[136.68186,34.32441],[136.68326,34.32372],[136.68434,34.32468],[136.68501,34.32493],[136.68535,34.32527],[136.6857,34.32531],[136.68574,34.32664],[136.68721,34.32701],[136.68639,34.32804],[136.68656,34.32857],[136.68739,34.32925],[136.68869,34.32991],[136.68876,34.33034],[136.68981,34.33087],[136.69029,34.33159],[136.69006,34.33289],[136.69034,34.33325],[136.69151,34.3334],[136.69301,34.33439],[136.69528,34.33502],[136.69466,34.33573],[136.69518,34.33723],[136.69593,34.33763],[136.69594,34.33859],[136.69648,34.33951],[136.69436,34.33974],[136.69322,34.34065],[136.69535,34.34164],[136.69687,34.34223],[136.69666,34.34283],[136.69712,34.34324],[136.6961,34.34365],[136.6961,34.3445],[136.695,34.34465],[136.69425,34.34714],[136.69245,34.3468],[136.69229,34.34787],[136.69384,34.34857],[136.69621,34.34876],[136.69858,34.34946],[136.69893,34.34892],[136.69896,34.34807],[136.69833,34.34671],[136.69903,34.346],[136.70075,34.34705],[136.70219,34.34726],[136.70571,34.34867],[136.70644,34.34929],[136.70739,34.3492],[136.70786,34.3488],[136.70765,34.3478],[136.70685,34.34689],[136.70709,34.34655],[136.70867,34.34662],[136.70873,34.34589],[136.70732,34.34557],[136.70587,34.34487],[136.7046,34.34377],[136.70432,34.34217],[136.705,34.34087],[136.70579,34.34073],[136.70678,34.34123],[136.70626,34.34199],[136.70709,34.34257],[136.70725,34.34172],[136.70829,34.34154],[136.7083,34.34103],[136.70741,34.3404],[136.70783,34.33977],[136.70761,34.33858],[136.70702,34.33907],[136.70689,34.33971],[136.706,34.33954],[136.70588,34.33849],[136.70671,34.33827],[136.70707,34.33767],[136.70654,34.33728],[136.70645,34.33628],[136.7078,34.33638],[136.70822,34.3368],[136.70938,34.33659],[136.71032,34.33705],[136.71069,34.3376],[136.70964,34.33787],[136.7097,34.3384],[136.71103,34.33859],[136.71129,34.3391],[136.71034,34.33925],[136.71049,34.34002],[136.71129,34.33991],[136.71123,34.34086],[136.71217,34.34088],[136.71233,34.34157],[136.712,34.34244],[136.71119,34.34292],[136.71112,34.34341],[136.71046,34.34383],[136.70975,34.34468],[136.7109,34.34472],[136.71094,34.34413],[136.71218,34.34302],[136.71292,34.34332],[136.71281,34.34388],[136.71303,34.34537],[136.71375,34.34704],[136.71421,34.34633],[136.71427,34.34569],[136.71385,34.3448],[136.71412,34.34398],[136.7136,34.34278],[136.71398,34.34203],[136.71477,34.34227],[136.71529,34.34199],[136.71384,34.34085],[136.71435,34.3404],[136.71519,34.34033],[136.7156,34.33938],[136.71699,34.34053],[136.71704,34.3411],[136.71851,34.34231],[136.71941,34.34163],[136.72009,34.33968],[136.721,34.33948],[136.72121,34.33852],[136.72172,34.33826],[136.72254,34.3396],[136.72284,34.34088],[136.7222,34.34169],[136.72218,34.34322],[136.72256,34.34363],[136.72395,34.34436],[136.72501,34.3442],[136.72598,34.34377],[136.72665,34.3432],[136.72657,34.34238],[136.72545,34.3421],[136.72426,34.34249],[136.72423,34.34089],[136.72496,34.34064],[136.72568,34.33978],[136.72484,34.33854],[136.72523,34.33815],[136.72399,34.33698],[136.72333,34.33611],[136.72293,34.33494],[136.722,34.33439],[136.72272,34.33405],[136.72465,34.33459],[136.72586,34.33468],[136.72677,34.33429],[136.72768,34.33499],[136.72891,34.3349],[136.7299,34.33426],[136.73,34.33385],[136.72903,34.33306],[136.72837,34.3337],[136.72791,34.33308],[136.72658,34.3333],[136.72546,34.33261],[136.72437,34.33313],[136.72241,34.33246],[136.72121,34.33237],[136.71964,34.33282],[136.71829,34.33264],[136.71806,34.33164],[136.71925,34.33146],[136.72007,34.33172],[136.72056,34.33146],[136.72045,34.33032],[136.71894,34.33051],[136.71738,34.33011],[136.71642,34.33128],[136.71542,34.33109],[136.71549,34.33064],[136.7164,34.33032],[136.71633,34.32889],[136.71943,34.32876],[136.71854,34.32815],[136.7182,34.32758],[136.71723,34.32813],[136.71639,34.32731],[136.71667,34.32674],[136.71633,34.32614],[136.71669,34.32526],[136.71633,34.32479],[136.71688,34.3243],[136.71665,34.32341],[136.71705,34.32283],[136.71594,34.32268],[136.7161,34.32329],[136.71541,34.32436],[136.7155,34.3251],[136.7148,34.32546],[136.71519,34.32601],[136.71482,34.32698],[136.71509,34.32794],[136.71408,34.32806],[136.71452,34.32865],[136.71341,34.32963],[136.71319,34.33022],[136.71339,34.33111],[136.71233,34.33135],[136.71214,34.3296],[136.71266,34.32802],[136.71165,34.32811],[136.71109,34.32881],[136.71119,34.32948],[136.71028,34.33059],[136.70969,34.33034],[136.7089,34.33069],[136.7077,34.32994],[136.70512,34.32923],[136.70422,34.32915],[136.70413,34.32867],[136.70531,34.32651],[136.70641,34.32689],[136.70659,34.32572],[136.70765,34.32496],[136.70728,34.32443],[136.70842,34.32414],[136.70808,34.32347],[136.70794,34.32238],[136.70827,34.3219],[136.70937,34.32213],[136.71016,34.32121],[136.70985,34.32021],[136.70913,34.31996],[136.70916,34.3195],[136.71048,34.31857],[136.70935,34.31861],[136.70938,34.31723],[136.70843,34.31874],[136.70598,34.32104],[136.7052,34.32139],[136.70591,34.32208],[136.70587,34.32258],[136.70491,34.32429],[136.70376,34.3233],[136.70257,34.32335],[136.70294,34.32392],[136.7025,34.32567],[136.70187,34.32544],[136.70153,34.32431],[136.70089,34.32424],[136.7003,34.3255],[136.69955,34.3254],[136.69896,34.32457],[136.69814,34.32404],[136.69801,34.32335],[136.6999,34.32248],[136.70054,34.32179],[136.70269,34.32109],[136.70267,34.32054],[136.70167,34.32049],[136.70077,34.31902],[136.70097,34.31809],[136.69918,34.31924],[136.69863,34.31908],[136.69817,34.31991],[136.69731,34.31978],[136.69618,34.31993],[136.69556,34.31916],[136.69462,34.31938],[136.69522,34.318],[136.69455,34.3159],[136.69413,34.31525],[136.69325,34.31501],[136.69321,34.31423],[136.69302,34.31358],[136.69364,34.31345],[136.69411,34.31284],[136.69503,34.31244],[136.6959,34.3124],[136.69648,34.31296],[136.69804,34.31278],[136.69968,34.31302],[136.70031,34.31258],[136.6986,34.31222],[136.69721,34.31222],[136.69716,34.31139],[136.69793,34.31103],[136.69757,34.31051],[136.69578,34.31078],[136.69548,34.30999],[136.69592,34.30903],[136.69651,34.30847],[136.69575,34.30797],[136.69468,34.30875],[136.69433,34.30992],[136.69299,34.31085],[136.69204,34.31066],[136.6913,34.31004],[136.69081,34.31007],[136.69096,34.30886],[136.69052,34.30739],[136.69007,34.30677],[136.6889,34.30634],[136.68938,34.30571],[136.68955,34.30526],[136.68966,34.30451],[136.6895,34.30438],[136.68975,34.30385],[136.68949,34.30284],[136.68878,34.3029],[136.68837,34.30135],[136.68729,34.30141],[136.68766,34.30008],[136.68946,34.29998],[136.69005,34.2981],[136.68919,34.29798],[136.68957,34.29642],[136.69043,34.29652],[136.69091,34.29453],[136.68999,34.29466],[136.68969,34.29594],[136.68915,34.29585],[136.68947,34.29452],[136.69066,34.29437],[136.69075,34.29361],[136.68986,34.2927],[136.68859,34.29356],[136.68811,34.29313],[136.68426,34.29315],[136.68411,34.29221],[136.68563,34.29115],[136.6858,34.29089],[136.68573,34.29069],[136.68562,34.29049],[136.68603,34.2889],[136.68758,34.28821],[136.68847,34.28674],[136.68867,34.28614],[136.68835,34.28528],[136.6874,34.28517],[136.68778,34.28406],[136.68949,34.28374],[136.69039,34.28508],[136.69123,34.28515],[136.69122,34.28599],[136.69017,34.28667],[136.68998,34.28755],[136.69107,34.2887],[136.69338,34.28952],[136.69395,34.28961],[136.69607,34.28928],[136.6976,34.28931],[136.69781,34.28974],[136.69816,34.2897],[136.69876,34.29136],[136.69839,34.29239],[136.69884,34.29279],[136.70053,34.29321],[136.70134,34.29324],[136.70247,34.29271],[136.70261,34.29229],[136.70247,34.29211],[136.70295,34.29167],[136.7031,34.29083],[136.704,34.29096],[136.70474,34.29069],[136.70479,34.29091],[136.70525,34.2911],[136.70513,34.29139],[136.70419,34.29177],[136.7046,34.29291],[136.70507,34.29342],[136.7065,34.29432],[136.70732,34.29445],[136.70775,34.29433],[136.70825,34.29402],[136.70879,34.29419],[136.70916,34.29441],[136.70927,34.29437],[136.70969,34.29456],[136.70971,34.2946],[136.71002,34.29461],[136.71041,34.29451],[136.71149,34.29357],[136.71271,34.29428],[136.71312,34.29564],[136.71525,34.29667],[136.71479,34.2975],[136.71312,34.29778],[136.71263,34.29849],[136.71268,34.29961],[136.71297,34.30027],[136.71401,34.30139],[136.71575,34.30222],[136.71489,34.30443],[136.71424,34.30497],[136.71266,34.30567],[136.71209,34.30633],[136.71035,34.3065],[136.70828,34.30653],[136.70658,34.30604],[136.70596,34.30603],[136.70453,34.30493],[136.70211,34.30568],[136.70179,34.30603],[136.70245,34.30702],[136.7027,34.3078],[136.70351,34.30919],[136.70379,34.31107],[136.70427,34.31174],[136.70442,34.31278],[136.70561,34.31352],[136.70686,34.31405],[136.7087,34.3146],[136.71032,34.31374],[136.71196,34.31407],[136.71283,34.31499],[136.71388,34.3154],[136.71497,34.31552],[136.71586,34.31536],[136.71718,34.31473],[136.71855,34.31516],[136.72074,34.31687],[136.72253,34.31706],[136.724,34.31635],[136.72474,34.31649],[136.72646,34.3173],[136.72699,34.31789],[136.7277,34.31819],[136.72883,34.31916],[136.72908,34.31965],[136.73054,34.3199],[136.73178,34.32054],[136.73437,34.32018],[136.73568,34.32038],[136.73614,34.32109],[136.73775,34.32162],[136.73935,34.32149],[136.74148,34.32238],[136.742,34.3231],[136.743,34.32394],[136.74354,34.32481],[136.74444,34.32461],[136.74559,34.32532],[136.74558,34.32671],[136.74585,34.3272],[136.74534,34.32822],[136.74601,34.3292],[136.74582,34.33003],[136.74629,34.33117],[136.74564,34.33224],[136.74677,34.33396],[136.7475,34.33435],[136.7487,34.33597],[136.7499,34.33657],[136.75214,34.33699],[136.75452,34.33849],[136.75488,34.33925],[136.75592,34.34043],[136.75606,34.34124],[136.75531,34.34166],[136.75452,34.34251],[136.75393,34.34426],[136.75327,34.34451],[136.75323,34.34611],[136.75361,34.34732],[136.75264,34.34789],[136.75239,34.34864],[136.75145,34.34943],[136.75053,34.34986],[136.74979,34.34993],[136.74856,34.35057],[136.74807,34.35121],[136.74788,34.35198],[136.7485,34.35331],[136.74968,34.35411],[136.75052,34.35521],[136.75101,34.35627],[136.75079,34.35708],[136.7521,34.35913],[136.75311,34.35983],[136.75326,34.36075],[136.75419,34.36153],[136.75524,34.36404],[136.75377,34.36615],[136.75205,34.36685],[136.7534,34.36794],[136.75402,34.3682],[136.75338,34.36948],[136.7529,34.36992],[136.75147,34.37049],[136.75106,34.37125],[136.74963,34.37085],[136.74915,34.37143],[136.74923,34.37203],[136.74885,34.37304],[136.74708,34.37479],[136.74644,34.37603],[136.74429,34.37647],[136.74294,34.37803],[136.74329,34.37908],[136.74361,34.38372],[136.74353,34.38472],[136.74275,34.38523],[136.7408,34.38584],[136.73976,34.38632],[136.7384,34.38649],[136.73639,34.38723],[136.73464,34.38741],[136.73302,34.38695],[136.73207,34.38736],[136.72915,34.38732],[136.72867,34.3876],[136.7271,34.38762],[136.72628,34.38797],[136.72511,34.3879],[136.72394,34.38862],[136.72358,34.38934],[136.72353,34.39046],[136.72295,34.39094],[136.72108,34.39163],[136.71847,34.39222],[136.71719,34.39171],[136.7163,34.39073],[136.71566,34.38972],[136.71467,34.38954],[136.71392,34.38878],[136.71035,34.38848],[136.70921,34.3881],[136.70724,34.38775],[136.70608,34.38712],[136.70436,34.38764],[136.70344,34.3877],[136.70248,34.38727],[136.7012,34.38709],[136.69902,34.38657],[136.69834,34.38608],[136.69659,34.38581],[136.6961,34.38552],[136.69442,34.38526],[136.69375,34.386],[136.69395,34.38819],[136.69458,34.38945],[136.69488,34.39048],[136.69443,34.39095],[136.69336,34.39329],[136.69238,34.39392],[136.69139,34.39423],[136.69081,34.3949],[136.68956,34.39534],[136.68908,34.39576],[136.68841,34.39552],[136.68585,34.39529],[136.68431,34.39451],[136.6834,34.39498],[136.68252,34.39575],[136.68087,34.39615],[136.68034,34.39648],[136.67876,34.39604],[136.67813,34.39516],[136.67739,34.39494],[136.67529,34.39332],[136.6745,34.39238],[136.67394,34.39208],[136.67211,34.39201],[136.67134,34.3927],[136.67014,34.39344],[136.66931,34.39348],[136.66835,34.39405],[136.66699,34.39414],[136.66648,34.39444],[136.66508,34.39474],[136.66454,34.39435],[136.66346,34.39456],[136.66246,34.39448],[136.66147,34.39466],[136.66042,34.39445],[136.65895,34.39491],[136.65815,34.39542],[136.65431,34.39535],[136.653,34.39595],[136.6509,34.3962],[136.64912,34.39612],[136.64657,34.39647],[136.64454,34.39735],[136.64421,34.39786],[136.64327,34.39847]]],[[[136.54835,34.24528],[136.54742,34.24502],[136.54712,34.24435],[136.54781,34.24406],[136.54892,34.24429],[136.54945,34.24279],[136.55044,34.24282],[136.55141,34.24311],[136.55179,34.24397],[136.55227,34.24426],[136.55315,34.24395],[136.55278,34.24325],[136.55381,34.24337],[136.55428,34.24277],[136.55523,34.24282],[136.55555,34.2434],[136.55516,34.24397],[136.55523,34.24488],[136.55462,34.24563],[136.55345,34.24613],[136.55392,34.24676],[136.55473,34.24727],[136.55447,34.24835],[136.55363,34.24818],[136.55351,34.24759],[136.55266,34.24794],[136.55212,34.24765],[136.55166,34.24816],[136.55099,34.24827],[136.55155,34.24933],[136.55099,34.24964],[136.55001,34.24962],[136.54953,34.24913],[136.54874,34.24932],[136.54793,34.24813],[136.54798,34.247],[136.54837,34.24694],[136.5486,34.24569],[136.54835,34.24528]]],[[[136.71578,34.33429],[136.71752,34.33479],[136.71873,34.33645],[136.71849,34.33723],[136.71948,34.33828],[136.71905,34.33949],[136.71905,34.34042],[136.71832,34.34108],[136.71767,34.3408],[136.71651,34.33975],[136.71577,34.33863],[136.71515,34.33832],[136.71533,34.33772],[136.71496,34.33724],[136.71565,34.33674],[136.71526,34.33636],[136.71449,34.33671],[136.71406,34.33571],[136.71364,34.33548],[136.71336,34.33417],[136.71578,34.33429]]],[[[136.6817,34.29537],[136.68234,34.2955],[136.68299,34.29659],[136.68362,34.29725],[136.68302,34.2979],[136.68282,34.29861],[136.68304,34.29887],[136.6831,34.29904],[136.68326,34.29913],[136.68332,34.29935],[136.68358,34.29956],[136.68338,34.30015],[136.68208,34.29989],[136.68161,34.29917],[136.68124,34.29888],[136.68098,34.298],[136.67995,34.29661],[136.68046,34.29604],[136.68029,34.29531],[136.6817,34.29537]]],[[[136.57391,34.28323],[136.57463,34.28368],[136.57492,34.28429],[136.57594,34.28551],[136.57547,34.28622],[136.57422,34.2855],[136.57348,34.28466],[136.57313,34.28421],[136.57346,34.2841],[136.57333,34.28361],[136.57391,34.28323]]]]}},
  {"type":"Feature","properties":{"name":"紀北町","code":"24543"},"geometry":{"type":"MultiPolygon","coordinates":[[[[136.23643,34.08678],[136.237,34.08767],[136.23666,34.08881],[136.23691,34.08929],[136.23632,34.08983],[136.23527,34.09017],[136.23527,34.09052],[136.23425,34.09124],[136.23415,34.09209],[136.23292,34.09279],[136.23245,34.09333],[136.23233,34.09413],[136.23167,34.09475],[136.23101,34.09593],[136.23058,34.09593],[136.23037,34.09653],[136.2287,34.09817],[136.22786,34.09829],[136.2275,34.09873],[136.22801,34.10023],[136.22971,34.10196],[136.23057,34.10256],[136.23231,34.10314],[136.23484,34.10341],[136.23657,34.10417],[136.23848,34.1047],[136.24022,34.10497],[136.24204,34.10548],[136.24309,34.10595],[136.24285,34.10696],[136.24115,34.10767],[136.24111,34.10812],[136.24297,34.10946],[136.24584,34.10953],[136.24744,34.10918],[136.24741,34.11044],[136.24936,34.11049],[136.24933,34.11116],[136.2504,34.1112],[136.25249,34.11174],[136.25278,34.11261],[136.25341,34.1135],[136.25444,34.11357],[136.25543,34.11484],[136.25567,34.11573],[136.25638,34.11711],[136.25715,34.11778],[136.25717,34.11868],[136.25791,34.11981],[136.25911,34.12034],[136.26049,34.12069],[136.26172,34.1216],[136.26267,34.12444],[136.26338,34.12502],[136.26424,34.12492],[136.26517,34.12428],[136.26559,34.12432],[136.26674,34.12617],[136.26778,34.12879],[136.26821,34.12912],[136.27092,34.12845],[136.27154,34.12788],[136.27301,34.12737],[136.27264,34.12668],[136.27115,34.1268],[136.2712,34.12634],[136.27217,34.12502],[136.27221,34.12409],[136.27301,34.12372],[136.2737,34.123],[136.27445,34.12267],[136.27594,34.12266],[136.27573,34.12162],[136.2751,34.12105],[136.27457,34.12146],[136.27383,34.12144],[136.27313,34.12078],[136.27218,34.12034],[136.27162,34.12042],[136.27115,34.12153],[136.27014,34.12176],[136.26956,34.12091],[136.27009,34.12005],[136.26982,34.11913],[136.27021,34.11831],[136.26946,34.11748],[136.27014,34.11678],[136.26956,34.11638],[136.26887,34.11709],[136.26822,34.11664],[136.26773,34.11718],[136.26638,34.11743],[136.26642,34.11624],[136.26515,34.1161],[136.26433,34.11461],[136.26463,34.11375],[136.26557,34.11381],[136.26672,34.11353],[136.2667,34.11269],[136.26555,34.11197],[136.26472,34.11173],[136.26348,34.11062],[136.26205,34.11009],[136.26153,34.1089],[136.26029,34.10844],[136.26022,34.10778],[136.25843,34.10692],[136.2567,34.10689],[136.2548,34.10632],[136.25476,34.10558],[136.25385,34.10444],[136.25203,34.10435],[136.25095,34.10468],[136.25016,34.10448],[136.24972,34.10394],[136.24812,34.10295],[136.24903,34.10237],[136.24919,34.10136],[136.25082,34.09927],[136.2512,34.09697],[136.25067,34.09581],[136.25023,34.09532],[136.24905,34.09514],[136.25015,34.09419],[136.2507,34.09326],[136.25203,34.09241],[136.25282,34.09133],[136.25374,34.09044],[136.25354,34.08984],[136.25472,34.08977],[136.25478,34.08911],[136.25424,34.08886],[136.25433,34.08814],[136.25523,34.08888],[136.25614,34.08894],[136.25725,34.08958],[136.25759,34.09007],[136.25711,34.09069],[136.25572,34.0915],[136.25505,34.09323],[136.25516,34.09387],[136.25464,34.09504],[136.25473,34.09677],[136.25518,34.09931],[136.25582,34.10035],[136.2564,34.10063],[136.25767,34.10179],[136.25835,34.10306],[136.26028,34.10338],[136.26227,34.10425],[136.26334,34.10498],[136.26362,34.10577],[136.26485,34.10552],[136.26558,34.10585],[136.26673,34.10673],[136.26774,34.10678],[136.26992,34.10717],[136.27094,34.10778],[136.27192,34.10806],[136.27239,34.10856],[136.27511,34.10934],[136.27569,34.1098],[136.27587,34.11069],[136.27573,34.11142],[136.27609,34.11233],[136.27715,34.11247],[136.2789,34.11309],[136.28004,34.11327],[136.28248,34.11273],[136.2828,34.11203],[136.28399,34.11173],[136.28539,34.11114],[136.28632,34.11043],[136.28787,34.11046],[136.28835,34.10902],[136.28937,34.10799],[136.29048,34.10737],[136.29235,34.1078],[136.29316,34.10683],[136.29326,34.10608],[136.29499,34.10503],[136.29675,34.105],[136.29856,34.10431],[136.29926,34.10367],[136.29965,34.10182],[136.30062,34.10018],[136.30141,34.09923],[136.30237,34.09884],[136.3021,34.09911],[136.30249,34.10011],[136.30223,34.10079],[136.30398,34.1025],[136.30386,34.10344],[136.30499,34.10468],[136.30562,34.10465],[136.30601,34.10527],[136.30765,34.1052],[136.30753,34.10587],[136.30616,34.10644],[136.3056,34.10688],[136.30556,34.10807],[136.30595,34.10879],[136.30667,34.10892],[136.30756,34.10951],[136.30772,34.11104],[136.30809,34.11194],[136.30771,34.11278],[136.30779,34.11342],[136.30863,34.11382],[136.30943,34.11379],[136.31011,34.11491],[136.31136,34.11514],[136.31199,34.11509],[136.31223,34.11483],[136.31375,34.11419],[136.31522,34.11414],[136.31561,34.11481],[136.31549,34.11534],[136.31368,34.11526],[136.31316,34.11551],[136.31282,34.11687],[136.31322,34.11753],[136.31248,34.11802],[136.31154,34.11812],[136.31109,34.11761],[136.30964,34.11767],[136.30905,34.11812],[136.30856,34.11753],[136.30794,34.11754],[136.30712,34.1178],[136.3065,34.1182],[136.30508,34.11711],[136.30358,34.11694],[136.30129,34.11784],[136.30077,34.11838],[136.30006,34.11822],[136.29883,34.11832],[136.29805,34.11727],[136.29738,34.11696],[136.2961,34.11676],[136.29612,34.11588],[136.2971,34.11501],[136.29667,34.11457],[136.29773,34.114],[136.29875,34.113],[136.29571,34.11211],[136.29506,34.11227],[136.29263,34.11248],[136.29089,34.11344],[136.28939,34.11465],[136.28928,34.11538],[136.28987,34.1162],[136.29103,34.1166],[136.29112,34.11767],[136.29014,34.1174],[136.2883,34.11759],[136.28752,34.11753],[136.28722,34.11686],[136.28624,34.11681],[136.28512,34.1176],[136.28401,34.11808],[136.28346,34.11928],[136.283,34.1208],[136.28294,34.12182],[136.28319,34.12248],[136.28368,34.12285],[136.2843,34.12302],[136.28491,34.12349],[136.28576,34.12385],[136.28692,34.12482],[136.2877,34.12526],[136.29054,34.12604],[136.29178,34.12715],[136.29079,34.12819],[136.28888,34.12922],[136.28891,34.12987],[136.28955,34.13028],[136.28947,34.13072],[136.2897,34.13124],[136.28934,34.13197],[136.28849,34.13217],[136.28845,34.13116],[136.288,34.13042],[136.28727,34.13004],[136.28722,34.129],[136.28647,34.12847],[136.28555,34.12869],[136.2852,34.12969],[136.28464,34.12971],[136.28433,34.13041],[136.28322,34.1304],[136.2831,34.12976],[136.2812,34.13],[136.28006,34.13096],[136.27992,34.13225],[136.28038,34.13298],[136.28023,34.13394],[136.27941,34.13405],[136.27893,34.13473],[136.27955,34.13564],[136.2792,34.13663],[136.27843,34.13625],[136.27721,34.13655],[136.27655,34.13764],[136.27646,34.13949],[136.27754,34.14166],[136.27814,34.1424],[136.27913,34.14292],[136.28098,34.1428],[136.28144,34.14452],[136.28239,34.1454],[136.28334,34.14562],[136.28354,34.14649],[136.28458,34.148],[136.28515,34.14784],[136.28602,34.14847],[136.28608,34.14966],[136.28438,34.14967],[136.28283,34.15065],[136.28125,34.15061],[136.27987,34.15254],[136.27921,34.15287],[136.27886,34.15423],[136.27903,34.15549],[136.27999,34.15605],[136.28066,34.15728],[136.28012,34.15787],[136.2788,34.15788],[136.2784,34.1587],[136.27851,34.15939],[136.2778,34.1597],[136.27758,34.16043],[136.27812,34.16148],[136.27929,34.16236],[136.28068,34.16283],[136.28292,34.16315],[136.28313,34.16245],[136.28418,34.16218],[136.28494,34.16099],[136.28439,34.16061],[136.28453,34.16],[136.28511,34.1595],[136.28621,34.15954],[136.28724,34.15931],[136.28782,34.15873],[136.28728,34.15811],[136.28767,34.15776],[136.28735,34.15731],[136.28746,34.15659],[136.28881,34.15688],[136.28957,34.15811],[136.28873,34.15822],[136.28855,34.15884],[136.2887,34.15948],[136.29017,34.15946],[136.29085,34.16016],[136.2892,34.16033],[136.28869,34.16106],[136.28857,34.16204],[136.28863,34.16255],[136.28993,34.16506],[136.29077,34.16566],[136.29217,34.16613],[136.29353,34.16588],[136.29392,34.16608],[136.29586,34.16602],[136.29709,34.16545],[136.29754,34.1666],[136.2981,34.16755],[136.2989,34.16769],[136.29841,34.16868],[136.29713,34.16912],[136.29586,34.16932],[136.29549,34.1707],[136.2961,34.17195],[136.29732,34.17365],[136.2988,34.1755],[136.30057,34.17635],[136.30228,34.17636],[136.30223,34.17832],[136.30289,34.17901],[136.30257,34.17919],[136.30293,34.17972],[136.30357,34.18005],[136.30536,34.18059],[136.30677,34.18056],[136.30757,34.18026],[136.30766,34.17964],[136.30902,34.17844],[136.30918,34.17903],[136.30992,34.17951],[136.31183,34.17989],[136.31341,34.17975],[136.31382,34.17913],[136.31596,34.17918],[136.31726,34.17947],[136.31735,34.17983],[136.31789,34.18024],[136.31848,34.18031],[136.31794,34.18123],[136.31781,34.18245],[136.31924,34.18462],[136.32003,34.18462],[136.32022,34.1853],[136.32096,34.18614],[136.32219,34.18609],[136.32282,34.18627],[136.32392,34.18606],[136.32443,34.18573],[136.32477,34.18586],[136.32532,34.18576],[136.32663,34.18492],[136.32674,34.18412],[136.32813,34.18397],[136.32902,34.18322],[136.32906,34.18248],[136.32984,34.18141],[136.33109,34.18043],[136.33173,34.1803],[136.33347,34.181],[136.33439,34.18116],[136.33536,34.18221],[136.33614,34.18254],[136.33615,34.18317],[136.33508,34.18342],[136.33422,34.18398],[136.33366,34.18469],[136.33359,34.18549],[136.33252,34.1862],[136.33216,34.18769],[136.33268,34.18926],[136.33369,34.19042],[136.33501,34.19092],[136.33613,34.19092],[136.3372,34.19186],[136.33811,34.19186],[136.33861,34.1929],[136.3386,34.1944],[136.33838,34.19573],[136.33877,34.19626],[136.33793,34.1967],[136.33779,34.19724],[136.33529,34.19694],[136.33385,34.19695],[136.33311,34.19676],[136.33145,34.19695],[136.33078,34.19674],[136.33093,34.19621],[136.33218,34.19593],[136.33304,34.1951],[136.33103,34.19344],[136.33036,34.19334],[136.32951,34.19384],[136.32918,34.19481],[136.32992,34.19673],[136.32876,34.19707],[136.32823,34.19661],[136.32788,34.1958],[136.32727,34.19568],[136.32583,34.19486],[136.32456,34.19525],[136.32411,34.19427],[136.32219,34.19482],[136.32194,34.19585],[136.32321,34.19586],[136.32271,34.19643],[136.32496,34.19697],[136.32646,34.19807],[136.32715,34.19826],[136.32833,34.19938],[136.32902,34.19828],[136.33102,34.1988],[136.33152,34.19861],[136.33241,34.19774],[136.3329,34.19764],[136.33379,34.19805],[136.33492,34.19754],[136.33562,34.19755],[136.33686,34.19805],[136.33821,34.20051],[136.33814,34.20105],[136.33863,34.20188],[136.33775,34.20243],[136.33897,34.20467],[136.34036,34.20493],[136.34156,34.206],[136.34388,34.20657],[136.34451,34.2071],[136.34863,34.20795],[136.34951,34.20821],[136.34931,34.20999],[136.35147,34.21062],[136.35185,34.21119],[136.35276,34.21167],[136.35389,34.21132],[136.35361,34.21078],[136.35244,34.20998],[136.35237,34.20913],[136.35394,34.20818],[136.35457,34.20808],[136.35527,34.20846],[136.35731,34.20827],[136.35789,34.20846],[136.35882,34.2081],[136.35999,34.20795],[136.35991,34.20735],[136.35837,34.20679],[136.35656,34.20661],[136.35536,34.20624],[136.35469,34.20629],[136.353,34.2057],[136.35251,34.20524],[136.35164,34.20515],[136.3513,34.20456],[136.35031,34.20461],[136.34916,34.20494],[136.34874,34.20447],[136.34949,34.20404],[136.35083,34.20365],[136.35153,34.20242],[136.35163,34.2017],[136.35122,34.2006],[136.3505,34.19993],[136.34949,34.20018],[136.34886,34.19993],[136.34961,34.1993],[136.35001,34.19875],[136.35023,34.19817],[136.35041,34.1971],[136.3501,34.1969],[136.35065,34.19615],[136.35068,34.19559],[136.34958,34.19491],[136.35049,34.19453],[136.35179,34.19499],[136.35365,34.19517],[136.35383,34.19563],[136.35468,34.19569],[136.35439,34.19638],[136.35509,34.19758],[136.35594,34.19824],[136.35602,34.19894],[136.3575,34.19922],[136.35833,34.19897],[136.35855,34.19836],[136.35922,34.19804],[136.35984,34.19733],[136.35995,34.1967],[136.35887,34.19578],[136.36097,34.19439],[136.36249,34.19244],[136.36273,34.19135],[136.36228,34.18943],[136.3627,34.18907],[136.36359,34.18946],[136.36453,34.18953],[136.36534,34.1914],[136.366,34.19205],[136.36706,34.19247],[136.36847,34.19351],[136.36953,34.19337],[136.37089,34.19451],[136.37058,34.19478],[136.37064,34.196],[136.37101,34.19655],[136.37175,34.19691],[136.37274,34.19705],[136.37356,34.19689],[136.37449,34.19747],[136.37294,34.19944],[136.37228,34.20111],[136.37158,34.20157],[136.37113,34.20263],[136.37109,34.20375],[136.37044,34.20449],[136.37117,34.2065],[136.37212,34.2072],[136.37273,34.20805],[136.3729,34.20948],[136.37382,34.21023],[136.37418,34.21084],[136.37397,34.2122],[136.37354,34.21343],[136.37253,34.21465],[136.37164,34.21621],[136.37252,34.21815],[136.37261,34.21955],[136.37284,34.21999],[136.37294,34.22251],[136.3703,34.22337],[136.36856,34.22487],[136.36857,34.22671],[136.36738,34.22756],[136.36635,34.22902],[136.36521,34.2291],[136.36428,34.22954],[136.36315,34.23044],[136.36201,34.23073],[136.3614,34.23249],[136.36067,34.23315],[136.35975,34.23488],[136.35908,34.23513],[136.3585,34.23626],[136.35785,34.23698],[136.35767,34.23815],[136.35695,34.23929],[136.35694,34.24006],[136.3547,34.24051],[136.3541,34.24046],[136.35174,34.24088],[136.35056,34.24052],[136.3493,34.24095],[136.34806,34.24112],[136.34707,34.24173],[136.34684,34.24323],[136.34613,34.24392],[136.34454,34.24428],[136.3429,34.24437],[136.34256,34.24406],[136.34074,34.24335],[136.34,34.24245],[136.34027,34.24187],[136.33858,34.24059],[136.33718,34.24027],[136.33545,34.24047],[136.33407,34.24118],[136.33389,34.24154],[136.33274,34.24163],[136.3323,34.24142],[136.33099,34.24243],[136.32972,34.24274],[136.32896,34.24269],[136.32744,34.24332],[136.32662,34.24346],[136.32578,34.24318],[136.32441,34.2436],[136.32238,34.24289],[136.32097,34.24281],[136.32017,34.24335],[136.31727,34.24327],[136.31637,34.24286],[136.31471,34.24291],[136.31211,34.24259],[136.31057,34.24345],[136.30965,34.24504],[136.30886,34.24514],[136.30879,34.24587],[136.30935,34.24651],[136.30843,34.24707],[136.30724,34.24743],[136.30645,34.24843],[136.30608,34.24934],[136.30517,34.25011],[136.3042,34.2502],[136.30378,34.2507],[136.30214,34.2504],[136.30117,34.25105],[136.30013,34.25145],[136.29945,34.25244],[136.29951,34.25332],[136.2992,34.25426],[136.29773,34.25522],[136.29705,34.25636],[136.2958,34.25696],[136.29558,34.25755],[136.29608,34.25838],[136.29581,34.25939],[136.29624,34.26003],[136.29732,34.26053],[136.29815,34.26168],[136.2996,34.26251],[136.29887,34.26366],[136.29768,34.2647],[136.2966,34.26709],[136.29544,34.26721],[136.29463,34.26753],[136.29406,34.26817],[136.29324,34.26837],[136.29291,34.269],[136.29129,34.27025],[136.2893,34.27066],[136.2888,34.2709],[136.28822,34.27172],[136.28689,34.27156],[136.28541,34.27205],[136.28296,34.27238],[136.28067,34.27248],[136.27973,34.27217],[136.27888,34.27302],[136.27812,34.27323],[136.27685,34.27276],[136.27538,34.27167],[136.27403,34.27172],[136.27264,34.2721],[136.27127,34.27314],[136.27046,34.27422],[136.2698,34.27427],[136.26872,34.27314],[136.26766,34.2725],[136.2664,34.27087],[136.2657,34.27061],[136.26316,34.26907],[136.26207,34.2682],[136.26068,34.26658],[136.25972,34.26592],[136.2584,34.26527],[136.2577,34.26432],[136.25626,34.26381],[136.25565,34.26379],[136.25421,34.2628],[136.25241,34.26341],[136.25158,34.26407],[136.25012,34.26479],[136.24908,34.26446],[136.24753,34.26425],[136.24599,34.26338],[136.24452,34.26214],[136.24296,34.26143],[136.24234,34.26013],[136.24104,34.25852],[136.24034,34.25832],[136.239,34.25724],[136.23838,34.25574],[136.23896,34.2549],[136.23994,34.25279],[136.24112,34.25126],[136.24076,34.25002],[136.24011,34.24915],[136.2405,34.2478],[136.23921,34.24775],[136.23641,34.24743],[136.23461,34.24692],[136.23346,34.24696],[136.2314,34.24656],[136.2308,34.24598],[136.22952,34.24531],[136.22812,34.24535],[136.22574,34.2466],[136.22399,34.24663],[136.22198,34.24611],[136.22019,34.24596],[136.21896,34.24637],[136.21778,34.24608],[136.21747,34.2454],[136.21766,34.2432],[136.21745,34.24266],[136.21759,34.24091],[136.21807,34.24015],[136.21807,34.239],[136.21755,34.23797],[136.21619,34.23605],[136.21569,34.23568],[136.21497,34.23463],[136.21438,34.23419],[136.2138,34.2332],[136.21378,34.23235],[136.21259,34.23206],[136.21183,34.23148],[136.20795,34.23044],[136.20692,34.22985],[136.20585,34.22885],[136.20574,34.22662],[136.20636,34.22604],[136.20629,34.22532],[136.20671,34.22381],[136.20791,34.22285],[136.20757,34.22212],[136.20741,34.22071],[136.20662,34.22014],[136.20566,34.21885],[136.20504,34.21835],[136.20381,34.21851],[136.20197,34.21957],[136.20118,34.21968],[136.19942,34.21935],[136.19783,34.21994],[136.19734,34.22046],[136.19623,34.22003],[136.19557,34.22005],[136.19507,34.21948],[136.19298,34.21796],[136.19167,34.21665],[136.1918,34.21584],[136.19066,34.2132],[136.18962,34.21253],[136.18964,34.2118],[136.18908,34.21107],[136.18862,34.20956],[136.18885,34.20892],[136.18873,34.2081],[136.18989,34.20648],[136.18968,34.20574],[136.18986,34.20489],[136.18956,34.20438],[136.18965,34.20348],[136.19027,34.20225],[136.18978,34.2018],[136.18994,34.20119],[136.1899,34.19978],[136.19044,34.19836],[136.19119,34.19776],[136.1908,34.19663],[136.19108,34.19601],[136.19222,34.19544],[136.19254,34.19497],[136.1925,34.19378],[136.19168,34.19354],[136.19092,34.19372],[136.18812,34.19316],[136.18725,34.1924],[136.18652,34.19093],[136.1857,34.19108],[136.18476,34.19059],[136.18279,34.19068],[136.18172,34.1911],[136.18081,34.19064],[136.17967,34.19062],[136.17675,34.18975],[136.17598,34.19007],[136.17502,34.19006],[136.17428,34.18937],[136.17333,34.18902],[136.17293,34.1882],[136.17193,34.1881],[136.17082,34.18775],[136.16978,34.18782],[136.16892,34.18758],[136.16821,34.18768],[136.16523,34.18711],[136.16329,34.18639],[136.16194,34.18648],[136.15988,34.18574],[136.15911,34.1849],[136.15757,34.18465],[136.15536,34.18495],[136.15427,34.18547],[136.1534,34.18634],[136.1522,34.18529],[136.15179,34.18469],[136.1504,34.18397],[136.15005,34.18354],[136.14995,34.18237],[136.1495,34.18184],[136.14894,34.18055],[136.14851,34.18004],[136.14888,34.17905],[136.14791,34.17829],[136.14694,34.17792],[136.14612,34.17707],[136.14615,34.17514],[136.14599,34.17464],[136.14648,34.1739],[136.14599,34.1726],[136.14609,34.17202],[136.147,34.17058],[136.14566,34.17054],[136.14491,34.17076],[136.14518,34.1696],[136.14276,34.16863],[136.14226,34.16793],[136.14193,34.16668],[136.13981,34.16797],[136.13912,34.16798],[136.1365,34.16703],[136.13582,34.16538],[136.13535,34.16512],[136.13382,34.16527],[136.13306,34.16476],[136.1319,34.16471],[136.13143,34.16532],[136.12927,34.16566],[136.12866,34.16671],[136.12855,34.16783],[136.12815,34.16856],[136.12806,34.16939],[136.12477,34.16892],[136.12151,34.16819],[136.12035,34.16566],[136.118,34.16689],[136.11591,34.16724],[136.11442,34.16689],[136.11379,34.16695],[136.11204,34.16756],[136.11191,34.16646],[136.111,34.16522],[136.11146,34.16442],[136.11338,34.16381],[136.11377,34.16306],[136.11374,34.16208],[136.11469,34.16082],[136.11462,34.15953],[136.1136,34.15899],[136.11156,34.15681],[136.11114,34.15512],[136.11084,34.15472],[136.10896,34.154],[136.1077,34.154],[136.10715,34.15377],[136.10569,34.15252],[136.10587,34.15139],[136.10572,34.15082],[136.10644,34.14917],[136.10585,34.14871],[136.10654,34.14719],[136.10635,34.14613],[136.10668,34.14516],[136.10622,34.14386],[136.1049,34.14344],[136.10256,34.14227],[136.10195,34.14133],[136.10256,34.14011],[136.10322,34.13948],[136.10349,34.13863],[136.10288,34.13715],[136.10426,34.13708],[136.10514,34.13417],[136.10614,34.13313],[136.10679,34.13098],[136.10736,34.13012],[136.10821,34.12958],[136.10787,34.12799],[136.1084,34.12678],[136.10721,34.12571],[136.10693,34.12453],[136.10522,34.12362],[136.10506,34.12311],[136.10342,34.12254],[136.10166,34.12228],[136.1007,34.12161],[136.09968,34.12042],[136.09981,34.11952],[136.09943,34.11874],[136.10026,34.11825],[136.10007,34.11723],[136.1003,34.11672],[136.10168,34.11657],[136.10178,34.11594],[136.10307,34.1153],[136.10406,34.1151],[136.10451,34.11416],[136.10524,34.11431],[136.10814,34.1154],[136.10916,34.11519],[136.1117,34.11591],[136.11291,34.11572],[136.11517,34.1173],[136.11754,34.11802],[136.11867,34.118],[136.11967,34.1177],[136.12022,34.11728],[136.12245,34.11737],[136.1234,34.11778],[136.12492,34.11792],[136.12582,34.11752],[136.1275,34.11723],[136.12863,34.11675],[136.12902,34.1171],[136.13129,34.11765],[136.13281,34.119],[136.13408,34.11904],[136.13492,34.1193],[136.13559,34.11896],[136.13683,34.11877],[136.13752,34.11902],[136.13923,34.11887],[136.14096,34.11892],[136.14222,34.11926],[136.1444,34.11956],[136.14498,34.12009],[136.14565,34.12023],[136.14682,34.11964],[136.14749,34.1185],[136.14801,34.11816],[136.14904,34.11597],[136.14985,34.11581],[136.15095,34.11436],[136.15314,34.11356],[136.15355,34.11294],[136.15454,34.11241],[136.15549,34.11148],[136.15713,34.1107],[136.1593,34.1095],[136.16108,34.10965],[136.16234,34.10962],[136.16346,34.10883],[136.16466,34.10826],[136.16485,34.10744],[136.16467,34.10657],[136.16606,34.10514],[136.16604,34.10437],[136.16665,34.1033],[136.16687,34.10236],[136.16752,34.10188],[136.16768,34.10043],[136.16805,34.09998],[136.16771,34.0992],[136.1683,34.09758],[136.16847,34.09627],[136.1679,34.09502],[136.16739,34.09449],[136.16797,34.09207],[136.16977,34.09198],[136.17077,34.09162],[136.17178,34.09057],[136.17325,34.09016],[136.17458,34.09055],[136.17539,34.09117],[136.17667,34.09165],[136.17765,34.09168],[136.17843,34.09221],[136.17962,34.09232],[136.18088,34.09292],[136.18349,34.095],[136.18382,34.09498],[136.18412,34.09369],[136.18523,34.09261],[136.18691,34.09168],[136.18821,34.0914],[136.18984,34.09],[136.19111,34.0908],[136.19315,34.09076],[136.19471,34.0913],[136.19693,34.09127],[136.19797,34.0916],[136.19934,34.09249],[136.20032,34.09248],[136.20118,34.09191],[136.20261,34.0918],[136.20387,34.09196],[136.20463,34.09168],[136.2057,34.09072],[136.20653,34.0905],[136.20799,34.0913],[136.21019,34.09145],[136.21099,34.09198],[136.21223,34.09193],[136.21532,34.09316],[136.21609,34.09297],[136.21674,34.09239],[136.21811,34.09196],[136.22028,34.09176],[136.22223,34.09138],[136.22321,34.09167],[136.22393,34.09157],[136.22481,34.09203],[136.22596,34.09221],[136.22723,34.09153],[136.22737,34.09119],[136.22887,34.09048],[136.22918,34.09],[136.23023,34.08952],[136.23133,34.08931],[136.23357,34.08811],[136.23643,34.08678]]],[[[136.30019,34.15837],[136.30035,34.15736],[136.30275,34.15706],[136.30399,34.15793],[136.30379,34.15841],[136.30558,34.15876],[136.30489,34.15947],[136.30739,34.16015],[136.3071,34.16054],[136.30626,34.16044],[136.30468,34.16071],[136.30408,34.1612],[136.30391,34.1625],[136.30453,34.16314],[136.30395,34.16376],[136.30363,34.16366],[136.30332,34.16359],[136.30288,34.16357],[136.30261,34.16299],[136.30125,34.1626],[136.30014,34.16248],[136.30021,34.1617],[136.30102,34.16086],[136.30143,34.15994],[136.30134,34.15936],[136.30019,34.15837]]],[[[136.36582,34.14919],[136.36567,34.15026],[136.36617,34.15048],[136.36618,34.15152],[136.36484,34.15164],[136.36346,34.15214],[136.36253,34.15227],[136.36195,34.1515],[136.36278,34.15148],[136.36355,34.15019],[136.36293,34.14909],[136.36297,34.14869],[136.36398,34.14838],[136.3646,34.14853],[136.36575,34.14812],[136.36582,34.14919]]],[[[136.32144,34.16654],[136.3207,34.16678],[136.3203,34.16754],[136.32053,34.16841],[136.3209,34.16865],[136.32079,34.16888],[136.32088,34.1692],[136.32103,34.16936],[136.32125,34.17025],[136.32035,34.17046],[136.31966,34.17108],[136.31951,34.17118],[136.31966,34.17135],[136.31949,34.17144],[136.31876,34.17143],[136.31897,34.17067],[136.31999,34.16985],[136.32035,34.16885],[136.32017,34.16786],[136.31951,34.16725],[136.31956,34.16615],[136.32112,34.16558],[136.32166,34.16522],[136.32266,34.16502],[136.32333,34.16529],[136.32193,34.16602],[136.32144,34.16654]]],[[[136.31773,34.17462],[136.3187,34.17358],[136.31882,34.17258],[136.31985,34.17246],[136.32038,34.17344],[136.32135,34.17319],[136.32158,34.17376],[136.32057,34.17379],[136.31887,34.17509],[136.31774,34.17507],[136.31773,34.17462]]]]}},
  {"type":"Feature","properties":{"name":"御浜町","code":"24561"},"geometry":{"type":"MultiPolygon","coordinates":[[[[135.94677,33.82765],[135.94851,33.83031],[135.94923,33.82977],[135.95038,33.8293],[135.95096,33.82874],[135.95072,33.82765],[135.95087,33.82536],[135.95184,33.82466],[135.95364,33.82437],[135.95519,33.82399],[135.95625,33.82328],[135.95708,33.82335],[135.95838,33.82263],[135.95991,33.82232],[135.96046,33.82142],[135.96177,33.82066],[135.96245,33.81955],[135.96351,33.81918],[135.96472,33.81705],[135.96668,33.81693],[135.96774,33.81795],[135.96866,33.81792],[135.96967,33.81656],[135.97041,33.81629],[135.97157,33.81649],[135.97237,33.81723],[135.97328,33.81761],[135.97387,33.81845],[135.9762,33.8179],[135.97779,33.81853],[135.9786,33.81836],[135.98067,33.81868],[135.98128,33.82001],[135.9826,33.82141],[135.98413,33.82011],[135.98395,33.81953],[135.9845,33.81885],[135.98598,33.81851],[135.98665,33.81761],[135.98857,33.81717],[135.9902,33.81592],[135.99034,33.81424],[135.9907,33.81342],[135.99047,33.81234],[135.99061,33.81182],[135.99133,33.81107],[135.99208,33.81146],[135.99414,33.81151],[135.99507,33.81084],[135.995,33.8094],[135.9964,33.807],[135.99739,33.80557],[135.99728,33.80347],[135.99735,33.80134],[135.99758,33.80096],[135.99748,33.79931],[135.99789,33.79749],[135.99818,33.79727],[135.99918,33.79522],[136.00005,33.79464],[136.00164,33.79476],[136.00305,33.79512],[136.00409,33.79469],[136.00409,33.7941],[136.00489,33.79264],[136.00545,33.79235],[136.00649,33.79125],[136.00613,33.79006],[136.00634,33.7889],[136.00706,33.78719],[136.00708,33.78517],[136.00734,33.78336],[136.00721,33.78244],[136.00589,33.78146],[136.00541,33.78005],[136.00647,33.77974],[136.00666,33.77901],[136.0058,33.77722],[136.0069,33.77734],[136.00924,33.77705],[136.00983,33.77749],[136.01257,33.77868],[136.01503,33.77846],[136.01605,33.77857],[136.01728,33.7784],[136.01831,33.77848],[136.01997,33.7778],[136.02186,33.77687],[136.02298,33.7768],[136.02378,33.77618],[136.02413,33.77552],[136.02502,33.77559],[136.02693,33.77421],[136.0294,33.77333],[136.03152,33.77229],[136.03257,33.77415],[136.03354,33.77623],[136.03518,33.78022],[136.03619,33.7816],[136.03808,33.78581],[136.03881,33.78823],[136.03961,33.7901],[136.03996,33.79171],[136.04122,33.79524],[136.04186,33.79612],[136.04241,33.79783],[136.04303,33.79857],[136.04336,33.79985],[136.04398,33.80074],[136.04422,33.8017],[136.04598,33.80571],[136.04805,33.80942],[136.04913,33.81104],[136.05085,33.81297],[136.05195,33.81394],[136.05239,33.81468],[136.05246,33.81552],[136.05348,33.81877],[136.05545,33.82303],[136.0571,33.82608],[136.05852,33.82829],[136.06006,33.83027],[136.06091,33.83161],[136.06242,33.83455],[136.06341,33.83685],[136.06447,33.83848],[136.06606,33.84048],[136.06534,33.8416],[136.06536,33.84301],[136.06416,33.84477],[136.06405,33.84593],[136.06457,33.8468],[136.06593,33.84852],[136.06746,33.85152],[136.06793,33.85259],[136.06758,33.85354],[136.06512,33.85496],[136.05863,33.85845],[136.05929,33.85977],[136.05953,33.86067],[136.05848,33.86129],[136.05699,33.86191],[136.05646,33.86241],[136.05426,33.86302],[136.05338,33.86315],[136.0526,33.86386],[136.05088,33.86298],[136.04818,33.86281],[136.04565,33.86324],[136.04475,33.86411],[136.04468,33.86471],[136.04329,33.86699],[136.04253,33.86782],[136.0423,33.86883],[136.04187,33.86942],[136.04044,33.87024],[136.03925,33.87225],[136.03765,33.87237],[136.0382,33.87413],[136.03784,33.87458],[136.03604,33.87596],[136.03529,33.87691],[136.03579,33.87792],[136.03794,33.87872],[136.03847,33.87942],[136.03831,33.88045],[136.03851,33.8815],[136.03849,33.88282],[136.0387,33.8831],[136.03805,33.88502],[136.03507,33.88663],[136.0345,33.88709],[136.03431,33.88777],[136.03523,33.89082],[136.03509,33.89265],[136.03352,33.89282],[136.03245,33.89233],[136.03115,33.8923],[136.03027,33.89203],[136.02863,33.89196],[136.02545,33.89288],[136.02533,33.89235],[136.02444,33.89212],[136.02369,33.89235],[136.02177,33.89231],[136.02041,33.89251],[136.01928,33.89238],[136.01813,33.89286],[136.01685,33.89244],[136.01552,33.89266],[136.01172,33.89205],[136.01037,33.89211],[136.00924,33.89173],[136.00823,33.88951],[136.00722,33.88927],[136.00571,33.88924],[136.00458,33.88943],[136.0035,33.8894],[136.00136,33.89012],[136.00069,33.89049],[135.99925,33.89031],[135.99802,33.89036],[135.99716,33.89159],[135.99621,33.89217],[135.99508,33.89315],[135.99612,33.89428],[135.99419,33.89413],[135.9935,33.89306],[135.99351,33.89033],[135.99365,33.88973],[135.99285,33.88826],[135.99138,33.88712],[135.99131,33.88813],[135.99087,33.88917],[135.99054,33.89083],[135.98842,33.89115],[135.98819,33.89029],[135.98839,33.8898],[135.98769,33.88843],[135.98785,33.88779],[135.98713,33.88726],[135.98575,33.88879],[135.98391,33.89009],[135.98229,33.89048],[135.98144,33.89037],[135.97975,33.88891],[135.97919,33.88771],[135.9782,33.88725],[135.97797,33.88634],[135.97699,33.88528],[135.97639,33.88591],[135.97481,33.88704],[135.97346,33.88606],[135.97336,33.88511],[135.97202,33.88375],[135.97026,33.8827],[135.97011,33.88088],[135.96926,33.8806],[135.96774,33.87966],[135.96827,33.87829],[135.96827,33.87752],[135.96866,33.87714],[135.96931,33.87515],[135.96922,33.87417],[135.97017,33.87316],[135.96964,33.87247],[135.96952,33.8712],[135.96976,33.87084],[135.97001,33.86928],[135.97068,33.86818],[135.96976,33.86651],[135.96936,33.86471],[135.97053,33.86292],[135.96998,33.86138],[135.96892,33.86089],[135.96741,33.8612],[135.96686,33.8611],[135.96353,33.85931],[135.96229,33.8582],[135.96205,33.85731],[135.96234,33.85663],[135.96226,33.85438],[135.96286,33.8533],[135.96153,33.85271],[135.96102,33.85145],[135.96185,33.84794],[135.96173,33.84672],[135.95996,33.84626],[135.95949,33.84497],[135.95914,33.8449],[135.95585,33.84549],[135.95518,33.84535],[135.95404,33.84559],[135.95357,33.8467],[135.95242,33.84716],[135.94959,33.84659],[135.94905,33.84634],[135.9465,33.84589],[135.94494,33.8464],[135.94339,33.84661],[135.94232,33.84656],[135.94192,33.84621],[135.93906,33.84554],[135.93782,33.84451],[135.93774,33.84353],[135.93842,33.84279],[135.93872,33.84199],[135.93818,33.84039],[135.93811,33.83966],[135.93744,33.83859],[135.9368,33.83704],[135.93613,33.83681],[135.93596,33.83614],[135.93786,33.83446],[135.93842,33.83437],[135.9393,33.83301],[135.93988,33.83168],[135.94138,33.83179],[135.942,33.83102],[135.94243,33.83002],[135.94515,33.82756],[135.94677,33.82765]]]]}},
  {"type":"Feature","properties":{"name":"紀宝町","code":"24562"},"geometry":{"type":"MultiPolygon","coordinates":[[[[135.9014,33.78082],[135.90224,33.77939],[135.90367,33.77525],[135.90463,33.77161],[135.90568,33.76848],[135.90691,33.7671],[135.90915,33.76657],[135.91051,33.76666],[135.91278,33.76716],[135.91383,33.76728],[135.91586,33.76702],[135.91691,33.76662],[135.91839,33.76552],[135.91928,33.76409],[135.91993,33.76047],[135.9205,33.75876],[135.92127,33.75802],[135.9224,33.75747],[135.92419,33.75618],[135.92837,33.75402],[135.92956,33.7538],[135.93048,33.75395],[135.9321,33.75484],[135.93324,33.75568],[135.93481,33.75723],[135.9364,33.75775],[135.93709,33.75777],[135.93799,33.75741],[135.93868,33.75684],[135.93888,33.75626],[135.93892,33.75337],[135.93853,33.75106],[135.93903,33.74505],[135.93993,33.73859],[135.94014,33.73778],[135.94122,33.73574],[135.94223,33.73456],[135.94374,33.73338],[135.94593,33.73203],[135.95026,33.72996],[135.9513,33.72953],[135.95514,33.7284],[135.95825,33.72691],[135.96158,33.7251],[135.96352,33.72431],[135.96755,33.72383],[135.97319,33.72299],[135.97479,33.72286],[135.97609,33.72309],[135.97674,33.72364],[135.97707,33.72477],[135.97676,33.7262],[135.97631,33.72753],[135.97558,33.72878],[135.97398,33.73005],[135.97254,33.73077],[135.9717,33.73173],[135.97186,33.73297],[135.97227,33.73437],[135.97296,33.73544],[135.97583,33.73633],[135.97867,33.73686],[135.98089,33.73679],[135.98328,33.73637],[135.98649,33.73519],[135.99171,33.73301],[135.99716,33.73051],[136.00389,33.72808],[136.00714,33.72747],[136.00808,33.72702],[136.01064,33.72461],[136.01189,33.7233],[136.01305,33.72411],[136.01286,33.72481],[136.01769,33.73001],[136.01832,33.73056],[136.02098,33.73483],[136.02235,33.73541],[136.02218,33.73581],[136.02023,33.73489],[136.01913,33.73309],[136.01826,33.7323],[136.01597,33.73329],[136.01515,33.73292],[136.01413,33.73446],[136.01426,33.73469],[136.01597,33.73546],[136.01707,33.73488],[136.01835,33.73521],[136.0191,33.73595],[136.02053,33.73655],[136.02025,33.737],[136.02068,33.7383],[136.02282,33.73787],[136.02289,33.7382],[136.02094,33.73858],[136.02075,33.73906],[136.02183,33.74231],[136.02142,33.74241],[136.02128,33.74412],[136.02172,33.74621],[136.02248,33.74795],[136.02257,33.74886],[136.02332,33.75114],[136.02427,33.75541],[136.02474,33.75634],[136.02476,33.75703],[136.02539,33.7582],[136.02638,33.76131],[136.02757,33.76365],[136.02781,33.7649],[136.0282,33.76587],[136.02974,33.76858],[136.03152,33.77229],[136.0294,33.77333],[136.02693,33.77421],[136.02502,33.77559],[136.02413,33.77552],[136.02378,33.77618],[136.02298,33.7768],[136.02186,33.77687],[136.01997,33.7778],[136.01831,33.77848],[136.01728,33.7784],[136.01605,33.77857],[136.01503,33.77846],[136.01257,33.77868],[136.00983,33.77749],[136.00924,33.77705],[136.0069,33.77734],[136.0058,33.77722],[136.00666,33.77901],[136.00647,33.77974],[136.00541,33.78005],[136.00589,33.78146],[136.00721,33.78244],[136.00734,33.78336],[136.00708,33.78517],[136.00706,33.78719],[136.00634,33.7889],[136.00613,33.79006],[136.00649,33.79125],[136.00545,33.79235],[136.00489,33.79264],[136.00409,33.7941],[136.00409,33.79469],[136.00305,33.79512],[136.00164,33.79476],[136.00005,33.79464],[135.99918,33.79522],[135.99818,33.79727],[135.99789,33.79749],[135.99748,33.79931],[135.99758,33.80096],[135.99735,33.80134],[135.99728,33.80347],[135.99739,33.80557],[135.9964,33.807],[135.995,33.8094],[135.99507,33.81084],[135.99414,33.81151],[135.99208,33.81146],[135.99133,33.81107],[135.99061,33.81182],[135.99047,33.81234],[135.9907,33.81342],[135.99034,33.81424],[135.9902,33.81592],[135.98857,33.81717],[135.98665,33.81761],[135.98598,33.81851],[135.9845,33.81885],[135.98395,33.81953],[135.98413,33.82011],[135.9826,33.82141],[135.98128,33.82001],[135.98067,33.81868],[135.9786,33.81836],[135.97779,33.81853],[135.9762,33.8179],[135.97387,33.81845],[135.97328,33.81761],[135.97237,33.81723],[135.97157,33.81649],[135.97041,33.81629],[135.96967,33.81656],[135.96866,33.81792],[135.96774,33.81795],[135.96668,33.81693],[135.96472,33.81705],[135.96351,33.81918],[135.96245,33.81955],[135.96177,33.82066],[135.96046,33.82142],[135.95991,33.82232],[135.95838,33.82263],[135.95708,33.82335],[135.95625,33.82328],[135.95519,33.82399],[135.95364,33.82437],[135.95184,33.82466],[135.95087,33.82536],[135.95072,33.82765],[135.95096,33.82874],[135.95038,33.8293],[135.94923,33.82977],[135.94851,33.83031],[135.94677,33.82765],[135.9471,33.82601],[135.9467,33.82467],[135.94698,33.82371],[135.94774,33.82343],[135.9473,33.82237],[135.94814,33.82109],[135.94831,33.8204],[135.94736,33.82002],[135.94603,33.81903],[135.94595,33.81571],[135.94446,33.81572],[135.94208,33.81444],[135.94087,33.81452],[135.93987,33.81409],[135.93849,33.81325],[135.93787,33.81264],[135.9375,33.81151],[135.93652,33.81131],[135.93558,33.81166],[135.93467,33.81142],[135.93346,33.80996],[135.93372,33.80855],[135.93354,33.80759],[135.93283,33.80726],[135.93173,33.806],[135.93108,33.8056],[135.93044,33.80469],[135.92908,33.80447],[135.9267,33.80272],[135.92685,33.80148],[135.9272,33.80066],[135.92788,33.79982],[135.928,33.79923],[135.92884,33.79788],[135.92886,33.79716],[135.9296,33.79583],[135.92979,33.79491],[135.9314,33.79282],[135.9318,33.79162],[135.93222,33.79128],[135.93104,33.78994],[135.92984,33.78918],[135.92967,33.78868],[135.92877,33.78802],[135.92764,33.78811],[135.92634,33.78891],[135.92499,33.78923],[135.92401,33.78912],[135.92221,33.79097],[135.92177,33.79103],[135.92021,33.79061],[135.91884,33.78956],[135.91877,33.78923],[135.91567,33.78751],[135.9143,33.78775],[135.91322,33.78767],[135.91288,33.78663],[135.91212,33.78615],[135.91113,33.78598],[135.91058,33.78536],[135.90937,33.78518],[135.909,33.78453],[135.90737,33.7839],[135.90549,33.78422],[135.90408,33.78364],[135.90255,33.78173],[135.9014,33.78082]]]]}}
]}
