{"type":"FeatureCollection", "features": [
  {"type":"Feature","properties":{"name":"岡山市","code":"33100"},"geometry":{"type":"MultiPolygon","coordinates":[[[[133.830273,34.627879],[133.830839,34.627231],[133.831661,34.62679],[133.832112,34.625764],[133.833614,34.626153],[133.834178,34.625236],[133.834562,34.623838],[133.834538,34.623095],[133.835009,34.62252],[133.834965,34.621484],[133.836044,34.619919],[133.834836,34.619209],[133.834276,34.617659],[133.835373,34.617916],[133.835807,34.617418],[133.835294,34.615926],[133.835872,34.614598],[133.835376,34.613568],[133.834546,34.613436],[133.83475,34.612524],[133.834355,34.61154],[133.834884,34.610251],[133.83553,34.607782],[133.835799,34.607177],[133.835236,34.606423],[133.839767,34.600417],[133.838286,34.599224],[133.838471,34.598792],[133.843225,34.590782],[133.843601,34.590031],[133.843366,34.585695],[133.84309,34.582082],[133.843194,34.581328],[133.842894,34.579653],[133.842409,34.578794],[133.839723,34.575998],[133.835679,34.571313],[133.833057,34.568467],[133.831488,34.567818],[133.829228,34.568553],[133.82864,34.568381],[133.828167,34.567755],[133.827099,34.567412],[133.825895,34.566791],[133.826045,34.566409],[133.829004,34.56443],[133.830504,34.56282],[133.831719,34.56089],[133.832803,34.558228],[133.832884,34.557283],[133.832631,34.555447],[133.833172,34.554856],[133.830393,34.553309],[133.827441,34.551888],[133.824189,34.550951],[133.823428,34.550989],[133.822666,34.551437],[133.821559,34.551313],[133.819276,34.550674],[133.816231,34.547332],[133.816946,34.546902],[133.817408,34.547274],[133.818434,34.546454],[133.818941,34.546864],[133.819933,34.546311],[133.820776,34.546898],[133.821245,34.545896],[133.821536,34.544536],[133.822401,34.544111],[133.823531,34.543911],[133.824096,34.543377],[133.824396,34.540373],[133.825142,34.538907],[133.825849,34.538188],[133.826288,34.537147],[133.827211,34.537434],[133.827499,34.536403],[133.828041,34.535622],[133.828276,34.534533],[133.829517,34.534477],[133.82969,34.533438],[133.830463,34.533285],[133.831281,34.533705],[133.832181,34.533629],[133.833081,34.533857],[133.834557,34.534731],[133.835133,34.535352],[133.837244,34.535428],[133.837913,34.535734],[133.838409,34.535457],[133.839378,34.533863],[133.840877,34.534016],[133.841546,34.533796],[133.841926,34.532754],[133.842699,34.531924],[133.84293,34.530751],[133.844683,34.529797],[133.844821,34.529377],[133.845755,34.529044],[133.847243,34.529282],[133.848096,34.530742],[133.849146,34.531811],[133.84995,34.531878],[133.851106,34.530991],[133.851254,34.530184],[133.851948,34.529578],[133.849949,34.526965],[133.850672,34.5254],[133.85121,34.522962],[133.851164,34.522141],[133.851441,34.521249],[133.85399,34.519904],[133.854832,34.520514],[133.856365,34.520848],[133.85693,34.519828],[133.85783,34.519684],[133.859052,34.518835],[133.859917,34.519121],[133.860834,34.518684],[133.861913,34.519914],[133.863712,34.519952],[133.865429,34.519718],[133.865973,34.519376],[133.866491,34.518521],[133.86746,34.519255],[133.869282,34.519465],[133.871069,34.520669],[133.872347,34.520849],[133.874683,34.521976],[133.875243,34.524119],[133.876554,34.523919],[133.877807,34.524152],[133.878435,34.524693],[133.879461,34.524197],[133.880984,34.524612],[133.88228,34.523989],[133.886583,34.524794],[133.886716,34.525184],[133.886125,34.527467],[133.886217,34.532244],[133.886403,34.532683],[133.887929,34.534887],[133.886305,34.535559],[133.887161,34.536757],[133.88477,34.537899],[133.893305,34.542894],[133.894675,34.541306],[133.897152,34.542761],[133.901851,34.537274],[133.902216,34.536949],[133.919711,34.544935],[133.921182,34.54696],[133.923769,34.55105],[133.931246,34.562764],[133.931815,34.563129],[133.938753,34.576438],[133.946568,34.572974],[133.947789,34.572744],[133.948566,34.572028],[133.948928,34.571278],[133.951316,34.570422],[133.952737,34.570593],[133.953944,34.570389],[133.956179,34.570426],[133.956879,34.568754],[133.956904,34.568114],[133.95775,34.567869],[133.958084,34.567222],[133.960507,34.566354],[133.961723,34.566261],[133.962127,34.564756],[133.962829,34.5641],[133.964531,34.562026],[133.964702,34.560785],[133.965055,34.559817],[133.964668,34.559253],[133.966081,34.558582],[133.968268,34.558853],[133.969575,34.558481],[133.969758,34.55793],[133.971008,34.557596],[133.97273,34.558949],[133.973449,34.559202],[133.974869,34.559029],[133.977112,34.559805],[133.97883,34.562046],[133.979626,34.562445],[133.979913,34.563304],[133.980865,34.563912],[133.982516,34.566991],[133.982046,34.567763],[133.98126,34.568427],[133.981794,34.569403],[133.982536,34.570107],[133.982243,34.572136],[133.983142,34.572694],[133.984037,34.573761],[133.985307,34.574847],[133.985538,34.575748],[133.9855,34.577115],[133.986099,34.577534],[133.987186,34.577574],[133.990496,34.575817],[133.991423,34.576319],[133.992074,34.576335],[133.99336,34.576842],[133.994204,34.576915],[133.995617,34.577531],[133.996458,34.577248],[133.997336,34.576268],[133.998878,34.576871],[134.001037,34.576547],[134.001782,34.576775],[134.003562,34.576469],[134.004533,34.576973],[134.005366,34.576658],[134.006513,34.575421],[134.007843,34.575073],[134.010163,34.574964],[134.011664,34.57608],[134.01205,34.57666],[134.01306,34.576886],[134.014371,34.577714],[134.015982,34.57703],[134.017218,34.577767],[134.017921,34.577368],[134.018998,34.577559],[134.019731,34.577267],[134.020634,34.576357],[134.023068,34.575273],[134.02366,34.576039],[134.025248,34.576297],[134.026894,34.577579],[134.028886,34.578441],[134.030185,34.577901],[134.03028,34.577326],[134.032183,34.574721],[134.034178,34.573768],[134.035685,34.574411],[134.036075,34.573946],[134.036905,34.574854],[134.037542,34.574743],[134.038839,34.575904],[134.040337,34.576364],[134.041139,34.576422],[134.042153,34.575766],[134.043053,34.576187],[134.043958,34.575904],[134.044887,34.576141],[134.046056,34.575711],[134.047167,34.576694],[134.046093,34.57802],[134.045214,34.578428],[134.044236,34.577975],[134.043471,34.578354],[134.043349,34.579045],[134.042389,34.579491],[134.042106,34.579989],[134.040441,34.58028],[134.040765,34.580665],[134.040139,34.582311],[134.040081,34.583299],[134.041164,34.583869],[134.040862,34.584534],[134.041053,34.585036],[134.040732,34.586366],[134.040721,34.587482],[134.039688,34.588189],[134.039169,34.588946],[134.039202,34.59023],[134.037206,34.591905],[134.03485,34.590459],[134.032556,34.594856],[134.033962,34.596003],[134.033555,34.596977],[134.032688,34.597781],[134.029358,34.598166],[134.029265,34.597701],[134.027092,34.598796],[134.02606,34.598961],[134.022723,34.598919],[134.021579,34.598428],[134.020889,34.598446],[134.020421,34.598979],[134.019919,34.598391],[134.016785,34.597952],[134.014475,34.59773],[134.013842,34.59747],[134.011819,34.598014],[134.010681,34.597558],[134.010434,34.596655],[134.009918,34.596037],[134.007355,34.595189],[134.006717,34.595378],[134.005095,34.594829],[134.004537,34.594903],[134.003705,34.594096],[134.003252,34.594013],[134.002916,34.593024],[133.998689,34.593251],[133.997978,34.59351],[133.998022,34.594088],[133.997061,34.594804],[133.996428,34.595011],[133.995646,34.594834],[133.991628,34.594765],[133.991611,34.593],[133.990902,34.593433],[133.989726,34.593704],[133.989643,34.594723],[133.98704,34.595195],[133.986019,34.595024],[133.984804,34.595241],[133.984434,34.594996],[133.982858,34.594911],[133.978544,34.594421],[133.977799,34.59427],[133.976178,34.594436],[133.975534,34.594076],[133.974539,34.594008],[133.97385,34.594473],[133.972837,34.594195],[133.96917,34.592878],[133.967974,34.592571],[133.967828,34.591895],[133.964277,34.590082],[133.964327,34.589543],[133.96305,34.589947],[133.962859,34.589158],[133.962102,34.588266],[133.960443,34.587584],[133.961002,34.586155],[133.961925,34.584619],[133.961133,34.583838],[133.959564,34.583653],[133.958722,34.584061],[133.956358,34.586189],[133.954561,34.587543],[133.954271,34.588027],[133.950184,34.591538],[133.94996,34.591986],[133.948087,34.593642],[133.9492,34.594142],[133.949702,34.594604],[133.946052,34.598991],[133.947724,34.600107],[133.948971,34.599277],[133.95025,34.599955],[133.949402,34.600966],[133.949875,34.601379],[133.952329,34.602785],[133.952354,34.602473],[133.955822,34.598379],[133.957186,34.596968],[133.958734,34.59725],[133.965133,34.598627],[133.968338,34.599509],[133.968809,34.600253],[133.970885,34.601798],[133.972855,34.603265],[133.973889,34.602723],[133.975541,34.602688],[133.975242,34.601643],[133.976231,34.600854],[133.977382,34.600337],[133.978769,34.600105],[133.981623,34.600159],[133.981599,34.60066],[133.979962,34.600614],[133.978144,34.602861],[133.978961,34.603315],[133.979902,34.602156],[133.9809,34.602708],[133.979955,34.603866],[133.980774,34.60432],[133.982777,34.601852],[133.984587,34.602854],[133.982594,34.605332],[133.984,34.606116],[133.98269,34.607492],[133.988751,34.610357],[133.988702,34.611108],[133.991676,34.612535],[133.992791,34.612315],[133.995193,34.613422],[133.995797,34.613536],[133.996729,34.613523],[134.002873,34.612912],[134.011844,34.611271],[134.018983,34.609742],[134.02557,34.606881],[134.026979,34.606508],[134.028974,34.606386],[134.029248,34.60611],[134.029608,34.604261],[134.030006,34.604357],[134.029705,34.605909],[134.029381,34.60648],[134.030644,34.606597],[134.031606,34.60727],[134.032479,34.609108],[134.036924,34.608672],[134.042151,34.608333],[134.042374,34.607836],[134.043561,34.606868],[134.045211,34.602529],[134.045377,34.60168],[134.045201,34.600211],[134.044349,34.599645],[134.044558,34.59892],[134.045783,34.598939],[134.047434,34.597617],[134.048825,34.598709],[134.048542,34.599061],[134.050623,34.600722],[134.049375,34.602271],[134.048403,34.603053],[134.051051,34.605166],[134.051817,34.60528],[134.053642,34.603783],[134.056946,34.606339],[134.057831,34.606683],[134.058041,34.607772],[134.059922,34.608149],[134.060671,34.607756],[134.062067,34.608628],[134.062887,34.608562],[134.064009,34.60754],[134.064487,34.606017],[134.064468,34.604998],[134.064019,34.604758],[134.062343,34.604962],[134.061573,34.602709],[134.060915,34.60227],[134.060014,34.60246],[134.059341,34.603339],[134.05792,34.603462],[134.057462,34.602933],[134.057247,34.601892],[134.056462,34.601928],[134.053207,34.596035],[134.055512,34.595917],[134.054744,34.594958],[134.053657,34.595169],[134.053923,34.594325],[134.053415,34.593367],[134.052928,34.590271],[134.053471,34.58946],[134.053366,34.588561],[134.05438,34.586434],[134.055954,34.586191],[134.057011,34.586329],[134.058745,34.586167],[134.059269,34.585968],[134.060088,34.584622],[134.06264,34.584662],[134.064671,34.584306],[134.065915,34.584473],[134.068119,34.584073],[134.068959,34.583794],[134.070757,34.584652],[134.072628,34.585045],[134.073608,34.585424],[134.077634,34.586357],[134.07975,34.586469],[134.0802,34.585771],[134.082106,34.584518],[134.081769,34.583966],[134.084489,34.581082],[134.085436,34.580901],[134.085802,34.580301],[134.086724,34.580695],[134.087847,34.580562],[134.089395,34.581488],[134.091351,34.580902],[134.092534,34.581039],[134.094399,34.581615],[134.094656,34.58219],[134.095629,34.582856],[134.096677,34.582818],[134.09817,34.584956],[134.098831,34.585257],[134.099527,34.584702],[134.099964,34.584865],[134.099819,34.585729],[134.100963,34.587245],[134.101613,34.587476],[134.102713,34.58887],[134.103524,34.589577],[134.10488,34.589676],[134.105981,34.589218],[134.106899,34.590066],[134.107657,34.590169],[134.108267,34.589102],[134.109642,34.589352],[134.110306,34.589359],[134.110737,34.589277],[134.112187,34.588468],[134.112314,34.589492],[134.111863,34.589891],[134.111955,34.591299],[134.113011,34.591811],[134.113644,34.592671],[134.112587,34.594128],[134.112,34.594586],[134.111684,34.595801],[134.1123,34.597059],[134.112004,34.598703],[134.11262,34.599244],[134.112868,34.600789],[134.112215,34.601809],[134.111623,34.603138],[134.112147,34.603786],[134.111622,34.604416],[134.109651,34.60563],[134.10926,34.60758],[134.108327,34.608551],[134.108347,34.608977],[134.109351,34.609473],[134.109012,34.610309],[134.108921,34.611844],[134.107662,34.613532],[134.109031,34.614493],[134.109116,34.615423],[134.108508,34.616777],[134.109286,34.616787],[134.110444,34.616129],[134.111354,34.616194],[134.112007,34.615941],[134.112698,34.616939],[134.11245,34.617634],[134.112802,34.618158],[134.112638,34.61924],[134.113507,34.619763],[134.115043,34.619426],[134.115677,34.619742],[134.11688,34.619547],[134.116841,34.620129],[134.115003,34.620655],[134.114607,34.622779],[134.11703,34.622346],[134.117101,34.623196],[134.117956,34.623714],[134.117871,34.624102],[134.116952,34.624949],[134.116584,34.625705],[134.115425,34.626516],[134.11634,34.627437],[134.115088,34.628295],[134.114084,34.628505],[134.114097,34.629077],[134.113101,34.629565],[134.112636,34.63021],[134.110294,34.630974],[134.109702,34.631597],[134.110913,34.634725],[134.109578,34.634883],[134.108627,34.6341],[134.107868,34.633798],[134.107316,34.633155],[134.106499,34.632886],[134.105306,34.632827],[134.104281,34.633215],[134.10436,34.633922],[134.105169,34.63528],[134.104651,34.637467],[134.104269,34.637586],[134.103609,34.636599],[134.103173,34.636773],[134.103311,34.637663],[134.102464,34.637934],[134.102384,34.638624],[134.101295,34.639512],[134.100481,34.639551],[134.09942,34.638527],[134.098919,34.638514],[134.097329,34.637906],[134.096794,34.637122],[134.095897,34.637427],[134.094356,34.637171],[134.094646,34.636388],[134.094602,34.635617],[134.093266,34.634554],[134.091662,34.634383],[134.091245,34.633743],[134.090254,34.632864],[134.089119,34.633549],[134.088499,34.633684],[134.087222,34.633182],[134.086308,34.632519],[134.085545,34.632772],[134.084358,34.632761],[134.082891,34.633354],[134.082089,34.63347],[134.080004,34.632472],[134.079076,34.63282],[134.077576,34.634088],[134.076721,34.634283],[134.075581,34.635182],[134.074614,34.634963],[134.073996,34.635198],[134.073074,34.637856],[134.074236,34.639065],[134.074644,34.639763],[134.074859,34.640806],[134.074722,34.641739],[134.075002,34.642458],[134.074948,34.643472],[134.075458,34.643671],[134.076635,34.644686],[134.075738,34.644696],[134.075742,34.64583],[134.076029,34.646793],[134.083326,34.649194],[134.0827,34.649706],[134.081794,34.64974],[134.078426,34.650149],[134.07731,34.650097],[134.074457,34.649228],[134.071905,34.648841],[134.071526,34.648981],[134.069316,34.648746],[134.066837,34.647698],[134.066292,34.64855],[134.064384,34.6484],[134.064358,34.649836],[134.061932,34.650111],[134.060843,34.649891],[134.060004,34.650005],[134.058214,34.65179],[134.058194,34.653385],[134.058763,34.654773],[134.058925,34.655982],[134.059259,34.656351],[134.06061,34.65683],[134.059974,34.6575],[134.060337,34.659472],[134.059469,34.659541],[134.058057,34.658693],[134.055403,34.657301],[134.054594,34.656773],[134.054079,34.658409],[134.05193,34.659212],[134.053392,34.660462],[134.054643,34.662041],[134.05604,34.664492],[134.05863,34.668338],[134.060199,34.670145],[134.066328,34.673538],[134.072542,34.676619],[134.074397,34.677902],[134.076653,34.680202],[134.077734,34.681977],[134.078706,34.684991],[134.079674,34.688886],[134.080949,34.692321],[134.081444,34.693161],[134.08325,34.695576],[134.083615,34.696454],[134.08416,34.698984],[134.08411,34.701403],[134.083466,34.704685],[134.083389,34.706121],[134.08375,34.70701],[134.084736,34.708186],[134.086943,34.71008],[134.090969,34.712751],[134.09299,34.714336],[134.094796,34.716548],[134.097701,34.719654],[134.100542,34.722965],[134.101555,34.724688],[134.102298,34.726682],[134.103946,34.731471],[134.105063,34.734883],[134.105657,34.737164],[134.105986,34.738957],[134.106202,34.742068],[134.107454,34.741706],[134.111098,34.741836],[134.111446,34.742084],[134.1115,34.74382],[134.11084,34.744445],[134.110732,34.745479],[134.111275,34.745973],[134.112934,34.746015],[134.115105,34.747485],[134.116276,34.74792],[134.117094,34.74794],[134.119734,34.747613],[134.120887,34.748653],[134.120955,34.749427],[134.122675,34.750344],[134.122949,34.752211],[134.122524,34.752911],[134.121542,34.752826],[134.119393,34.753136],[134.118748,34.753772],[134.118695,34.755843],[134.119461,34.756793],[134.119344,34.757212],[134.114647,34.757468],[134.113776,34.757771],[134.113053,34.759059],[134.110754,34.759629],[134.110022,34.760388],[134.109073,34.760839],[134.108041,34.760843],[134.108642,34.759386],[134.108137,34.758608],[134.108444,34.757419],[134.108403,34.75625],[134.106846,34.756478],[134.104599,34.758128],[134.102524,34.759318],[134.100875,34.760927],[134.099349,34.761268],[134.097966,34.760932],[134.097057,34.761437],[134.096202,34.761534],[134.094467,34.761155],[134.093011,34.761111],[134.091454,34.761382],[134.090166,34.761825],[134.090218,34.762643],[134.092154,34.768415],[134.09291,34.770141],[134.091514,34.770545],[134.090308,34.770622],[134.089789,34.771062],[134.08983,34.77193],[134.090561,34.773012],[134.090418,34.773626],[134.089691,34.774548],[134.088587,34.775356],[134.087856,34.776142],[134.087419,34.778354],[134.087917,34.779766],[134.087161,34.781313],[134.087045,34.781955],[134.084919,34.781771],[134.082351,34.782997],[134.081042,34.782885],[134.079151,34.781205],[134.077805,34.782058],[134.076847,34.782251],[134.075792,34.782139],[134.074767,34.781588],[134.073908,34.781677],[134.071504,34.782904],[134.070786,34.782986],[134.069846,34.782352],[134.069448,34.781233],[134.066616,34.780052],[134.065516,34.780161],[134.064552,34.779838],[134.062347,34.778093],[134.062192,34.777558],[134.060923,34.776363],[134.059644,34.774104],[134.059371,34.773011],[134.060156,34.771985],[134.059255,34.770974],[134.059086,34.770331],[134.059269,34.768824],[134.058247,34.767812],[134.056264,34.768435],[134.055376,34.768576],[134.054773,34.769341],[134.053908,34.769892],[134.052451,34.770074],[134.051423,34.768947],[134.050218,34.768157],[134.04987,34.767328],[134.048876,34.766552],[134.048638,34.764737],[134.047924,34.763958],[134.048467,34.763289],[134.049976,34.763143],[134.050713,34.76356],[134.051219,34.761475],[134.049894,34.760072],[134.048739,34.758261],[134.047691,34.757721],[134.046904,34.756553],[134.046984,34.755957],[134.048083,34.753616],[134.04793,34.753371],[134.046166,34.752334],[134.045252,34.750954],[134.045314,34.749207],[134.043956,34.74873],[134.042885,34.748164],[134.041957,34.747268],[134.04002,34.746475],[134.039507,34.745069],[134.038832,34.744511],[134.036895,34.744514],[134.03547,34.74432],[134.034824,34.744016],[134.033842,34.743149],[134.033997,34.74179],[134.032023,34.740719],[134.031464,34.739952],[134.031057,34.740031],[134.028704,34.737821],[134.0272,34.737575],[134.025871,34.736943],[134.024809,34.73567],[134.023795,34.735447],[134.022687,34.734259],[134.021828,34.733989],[134.020378,34.733858],[134.019125,34.733124],[134.017581,34.73273],[134.017196,34.732163],[134.016117,34.732109],[134.015395,34.731464],[134.013621,34.730658],[134.011888,34.730591],[134.011124,34.73041],[134.010722,34.729638],[134.009603,34.729244],[134.009133,34.72788],[134.009565,34.727476],[134.009723,34.726635],[134.00916,34.726228],[134.007809,34.726341],[134.005666,34.726821],[134.003089,34.726194],[134.001635,34.726687],[134.00049,34.726228],[133.99751,34.723673],[133.997427,34.722897],[133.996357,34.722175],[133.995632,34.722182],[133.994575,34.722713],[133.993937,34.720027],[133.993589,34.719641],[133.993287,34.720456],[133.992412,34.721111],[133.992715,34.722558],[133.993305,34.723421],[133.993316,34.724098],[133.993963,34.72654],[133.992427,34.726881],[133.991359,34.727569],[133.992025,34.728802],[133.99082,34.730168],[133.990517,34.730839],[133.988774,34.732467],[133.987124,34.732789],[133.98653,34.733477],[133.986811,34.735661],[133.986079,34.73658],[133.984934,34.736899],[133.983359,34.736907],[133.982333,34.737633],[133.983962,34.738866],[133.984094,34.739499],[133.982266,34.740299],[133.981291,34.740534],[133.979606,34.741531],[133.97937,34.742576],[133.979932,34.743248],[133.980956,34.743594],[133.983724,34.742906],[133.983394,34.744195],[133.982733,34.744651],[133.979805,34.744295],[133.978817,34.743956],[133.978431,34.744952],[133.976634,34.745221],[133.975109,34.74559],[133.973922,34.745351],[133.972838,34.744806],[133.97251,34.745804],[133.972762,34.747207],[133.971422,34.749433],[133.971396,34.750493],[133.97172,34.752233],[133.972574,34.753869],[133.973427,34.754248],[133.974457,34.754203],[133.976216,34.754721],[133.976709,34.755077],[133.979983,34.755541],[133.981012,34.755048],[133.981247,34.755769],[133.981913,34.756668],[133.983544,34.758004],[133.983688,34.759579],[133.984412,34.760142],[133.985411,34.760437],[133.985852,34.761329],[133.985887,34.763511],[133.986272,34.764169],[133.986051,34.765181],[133.986665,34.766662],[133.986426,34.767637],[133.985938,34.767807],[133.983319,34.767242],[133.982118,34.76638],[133.981418,34.766102],[133.980821,34.766572],[133.9793,34.766918],[133.978974,34.767746],[133.978219,34.768319],[133.977263,34.768601],[133.976621,34.769271],[133.976764,34.77105],[133.978028,34.772973],[133.978194,34.77354],[133.977803,34.7741],[133.978247,34.77458],[133.980255,34.775044],[133.980615,34.775749],[133.980409,34.776404],[133.980683,34.778642],[133.980076,34.779211],[133.980062,34.780484],[133.979304,34.780839],[133.977278,34.780517],[133.976279,34.780081],[133.975611,34.780304],[133.974703,34.781414],[133.973134,34.78251],[133.971546,34.782128],[133.97029,34.784224],[133.96956,34.784769],[133.968423,34.784393],[133.967437,34.784474],[133.966025,34.785011],[133.965018,34.785689],[133.963697,34.785927],[133.962689,34.785626],[133.961704,34.786012],[133.961908,34.787147],[133.961704,34.78807],[133.962528,34.789038],[133.963074,34.789038],[133.964899,34.789747],[133.965341,34.79083],[133.96585,34.791355],[133.966842,34.791831],[133.966961,34.79277],[133.967667,34.793321],[133.967553,34.794149],[133.967969,34.795113],[133.969477,34.797017],[133.970923,34.797028],[133.970694,34.798348],[133.970974,34.798663],[133.972687,34.79924],[133.973186,34.80012],[133.973336,34.801571],[133.973671,34.802568],[133.97467,34.803919],[133.976456,34.804541],[133.978771,34.804332],[133.980363,34.805111],[133.980642,34.805758],[133.982047,34.80556],[133.983591,34.806457],[133.98452,34.806383],[133.985551,34.807003],[133.986553,34.808613],[133.98651,34.809584],[133.985605,34.810987],[133.985421,34.811742],[133.985641,34.813124],[133.986916,34.813704],[133.987278,34.814076],[133.987018,34.814675],[133.986916,34.81589],[133.987087,34.816546],[133.986773,34.817304],[133.987087,34.818256],[133.98583,34.819581],[133.985113,34.819945],[133.985203,34.820967],[133.98708,34.821857],[133.98753,34.823497],[133.990307,34.825175],[133.990459,34.826348],[133.991204,34.827081],[133.991016,34.827501],[133.989915,34.827818],[133.989524,34.828642],[133.988404,34.829739],[133.988339,34.830603],[133.989539,34.831055],[133.990029,34.831809],[133.990928,34.832404],[133.988407,34.832841],[133.988194,34.834666],[133.987667,34.835263],[133.987743,34.835759],[133.988509,34.836114],[133.989229,34.837161],[133.99011,34.837149],[133.991628,34.839399],[133.991668,34.839914],[133.992817,34.841293],[133.992592,34.842986],[133.992699,34.843876],[133.992636,34.845891],[133.99322,34.847007],[133.993225,34.848675],[133.993959,34.849245],[133.993985,34.850073],[133.992899,34.85089],[133.992214,34.851689],[133.990734,34.85214],[133.988382,34.853209],[133.987075,34.854417],[133.986708,34.854254],[133.986504,34.853054],[133.985372,34.85435],[133.983617,34.854631],[133.981931,34.855044],[133.981561,34.854693],[133.981327,34.853702],[133.980697,34.852778],[133.979837,34.851047],[133.980049,34.849723],[133.979028,34.849394],[133.977567,34.847132],[133.977915,34.84645],[133.977814,34.845474],[133.977465,34.844654],[133.978361,34.843329],[133.977999,34.843113],[133.976289,34.843274],[133.974736,34.844271],[133.976071,34.844792],[133.976197,34.845276],[133.974841,34.846331],[133.973754,34.84637],[133.972463,34.845761],[133.971841,34.846387],[133.97205,34.847128],[133.971542,34.847978],[133.970671,34.84791],[133.969684,34.848588],[133.968004,34.848568],[133.965962,34.849729],[133.964793,34.84979],[133.963242,34.850111],[133.962224,34.849739],[133.961714,34.850156],[133.962763,34.850901],[133.964554,34.851701],[133.964883,34.852442],[133.966769,34.853076],[133.96829,34.853153],[133.968894,34.854699],[133.967301,34.856006],[133.966915,34.857621],[133.966102,34.858025],[133.96557,34.858966],[133.96588,34.859629],[133.964641,34.86053],[133.963296,34.863551],[133.962564,34.863473],[133.961423,34.863782],[133.961389,34.866403],[133.960908,34.867216],[133.961109,34.868014],[133.959216,34.870031],[133.958461,34.871694],[133.957505,34.871969],[133.956372,34.872737],[133.955355,34.872731],[133.953146,34.871559],[133.952169,34.8721],[133.951437,34.87212],[133.951053,34.871696],[133.949871,34.871062],[133.948929,34.871125],[133.946858,34.870815],[133.946554,34.870334],[133.945512,34.869662],[133.943325,34.870005],[133.941,34.871283],[133.939743,34.871124],[133.938715,34.871198],[133.937462,34.870973],[133.936197,34.8715],[133.934873,34.873178],[133.934289,34.873339],[133.933428,34.872922],[133.932641,34.873283],[133.932512,34.873976],[133.931215,34.874164],[133.929507,34.873984],[133.928951,34.873209],[133.92787,34.872794],[133.927843,34.874663],[133.928036,34.875127],[133.928793,34.875452],[133.929785,34.876416],[133.930911,34.876615],[133.931725,34.877452],[133.932839,34.878116],[133.933591,34.879425],[133.935356,34.881245],[133.937091,34.882441],[133.938499,34.883939],[133.938239,34.884768],[133.936228,34.884369],[133.935277,34.884401],[133.935121,34.885342],[133.934216,34.885966],[133.931819,34.886876],[133.930556,34.887839],[133.929346,34.889439],[133.929109,34.890027],[133.928107,34.890905],[133.927436,34.89186],[133.927576,34.892488],[133.926411,34.893422],[133.925867,34.893074],[133.924181,34.892794],[133.922782,34.893004],[133.922274,34.894014],[133.921207,34.894295],[133.920653,34.894894],[133.920949,34.896132],[133.921482,34.896925],[133.920983,34.897706],[133.921554,34.89898],[133.92205,34.899562],[133.9232,34.900299],[133.922942,34.901288],[133.922232,34.900831],[133.920488,34.901068],[133.919469,34.901622],[133.918369,34.902632],[133.917378,34.902446],[133.916646,34.903212],[133.914921,34.903283],[133.913803,34.903026],[133.912949,34.903217],[133.912295,34.903736],[133.911541,34.90478],[133.912144,34.905995],[133.911493,34.906452],[133.910645,34.906276],[133.909231,34.906655],[133.908451,34.906221],[133.907939,34.905235],[133.907388,34.905118],[133.905341,34.905297],[133.904925,34.904057],[133.904179,34.904147],[133.904139,34.903122],[133.903158,34.903182],[133.902566,34.901487],[133.9015,34.901803],[133.900215,34.903065],[133.899743,34.904004],[133.899771,34.905241],[133.899413,34.905812],[133.898656,34.9063],[133.898233,34.907486],[133.895486,34.908244],[133.894706,34.908804],[133.894173,34.90959],[133.893876,34.911306],[133.894456,34.912178],[133.894296,34.913553],[133.894767,34.913699],[133.897105,34.913581],[133.89826,34.913226],[133.900111,34.914026],[133.901042,34.915537],[133.902272,34.916095],[133.903432,34.915722],[133.90396,34.915857],[133.904446,34.917071],[133.905889,34.917724],[133.906273,34.918221],[133.904931,34.919509],[133.903929,34.920067],[133.902011,34.920668],[133.900979,34.921464],[133.900536,34.922585],[133.901012,34.923121],[133.901774,34.923357],[133.902493,34.923989],[133.903404,34.925483],[133.905107,34.925261],[133.905459,34.924937],[133.907114,34.925119],[133.908582,34.926577],[133.908557,34.928808],[133.908762,34.929523],[133.909762,34.931035],[133.909483,34.931825],[133.909614,34.932705],[133.908762,34.933725],[133.907565,34.93442],[133.907041,34.934967],[133.907098,34.935473],[133.906516,34.936303],[133.906335,34.938182],[133.906737,34.939243],[133.907343,34.94147],[133.90813,34.94177],[133.909958,34.943309],[133.91013,34.943842],[133.910122,34.945246],[133.910417,34.945942],[133.911941,34.946286],[133.912466,34.94657],[133.911528,34.9475],[133.910679,34.947882],[133.909564,34.947929],[133.907671,34.948786],[133.905491,34.94909],[133.90518,34.948516],[133.90518,34.947672],[133.904458,34.947173],[133.904002,34.946138],[133.903133,34.945739],[133.902158,34.946435],[133.90165,34.944612],[133.901945,34.944322],[133.901388,34.942978],[133.899584,34.942769],[133.898467,34.942858],[133.897699,34.943512],[133.897783,34.944453],[133.896137,34.944868],[133.895579,34.944356],[133.894424,34.94472],[133.892489,34.944349],[133.892284,34.944875],[133.890366,34.944916],[133.889148,34.943977],[133.888099,34.944038],[133.887586,34.945216],[133.887361,34.946361],[133.885853,34.947234],[133.884943,34.948301],[133.882938,34.948341],[133.881823,34.946255],[133.880996,34.945672],[133.880422,34.944713],[133.879226,34.943728],[133.878275,34.943228],[133.876914,34.942094],[133.876251,34.941281],[133.875909,34.940478],[133.874876,34.939823],[133.873049,34.939459],[133.870913,34.939211],[133.869442,34.93831],[133.867342,34.937517],[133.867661,34.936581],[133.867683,34.935667],[133.869132,34.933675],[133.869414,34.93253],[133.868523,34.932679],[133.866415,34.934319],[133.865546,34.936234],[133.864909,34.936898],[133.863888,34.937125],[133.863127,34.938574],[133.862759,34.941369],[133.861918,34.9419],[133.861172,34.943594],[133.860709,34.943713],[133.857405,34.942878],[133.855891,34.943489],[133.85513,34.944568],[133.854014,34.944652],[133.853181,34.944163],[133.850446,34.943195],[133.850667,34.942069],[133.851318,34.941342],[133.851716,34.940382],[133.852651,34.939594],[133.852803,34.938849],[133.852306,34.937432],[133.852096,34.936186],[133.850241,34.93438],[133.851012,34.933553],[133.852312,34.931479],[133.852602,34.930584],[133.852777,34.929058],[133.852357,34.927358],[133.851774,34.926569],[133.849637,34.925364],[133.848116,34.924103],[133.847681,34.923441],[133.847247,34.922135],[133.847479,34.920769],[133.84813,34.919276],[133.849541,34.916929],[133.850315,34.915981],[133.851705,34.915015],[133.852544,34.914723],[133.855104,34.914207],[133.857029,34.91342],[133.858729,34.912412],[133.85943,34.9118],[133.860523,34.910482],[133.861944,34.908174],[133.862813,34.907023],[133.863978,34.906176],[133.867321,34.905312],[133.868703,34.905426],[133.871876,34.906558],[133.874247,34.907011],[133.875939,34.906599],[133.876621,34.906237],[133.877086,34.905609],[133.878396,34.903111],[133.876737,34.902158],[133.875589,34.902214],[133.872683,34.900387],[133.871881,34.900161],[133.868962,34.900111],[133.867827,34.899968],[133.867016,34.900292],[133.865962,34.900063],[133.865256,34.899396],[133.865347,34.898589],[133.865835,34.897859],[133.864944,34.896447],[133.863196,34.895524],[133.861251,34.894955],[133.859977,34.894073],[133.858205,34.894197],[133.856603,34.895231],[133.854461,34.893517],[133.854476,34.892576],[133.853655,34.892271],[133.851579,34.890441],[133.851116,34.888984],[133.851566,34.887899],[133.852543,34.887225],[133.851872,34.886782],[133.850506,34.887355],[133.849545,34.886487],[133.84848,34.885933],[133.848432,34.884838],[133.848074,34.883705],[133.849233,34.882309],[133.849163,34.880949],[133.850221,34.879478],[133.849246,34.878966],[133.84812,34.878902],[133.847254,34.878125],[133.846765,34.876653],[133.846836,34.875451],[133.845423,34.873178],[133.845157,34.872377],[133.844519,34.872604],[133.843859,34.871346],[133.843238,34.869226],[133.844274,34.868241],[133.844677,34.866449],[133.844968,34.866002],[133.846617,34.864673],[133.846986,34.863982],[133.846324,34.862763],[133.846044,34.861623],[133.844886,34.859836],[133.845539,34.858303],[133.845365,34.857038],[133.846501,34.856794],[133.846826,34.856355],[133.846801,34.854825],[133.847855,34.854134],[133.847993,34.853628],[133.84677,34.852066],[133.845822,34.851606],[133.844904,34.850716],[133.843757,34.849934],[133.842842,34.848234],[133.842969,34.847339],[133.842715,34.846424],[133.843711,34.845355],[133.843483,34.844668],[133.842029,34.843726],[133.840046,34.842861],[133.837419,34.842133],[133.836261,34.842175],[133.834919,34.841964],[133.833556,34.841177],[133.833581,34.841958],[133.834427,34.843008],[133.833385,34.843508],[133.832669,34.84327],[133.831692,34.842202],[133.830124,34.842261],[133.82837,34.841695],[133.827849,34.841069],[133.826211,34.840024],[133.824721,34.839523],[133.824098,34.838336],[133.823374,34.837596],[133.822673,34.837477],[133.820689,34.83636],[133.820154,34.835293],[133.819669,34.835092],[133.818412,34.835129],[133.817609,34.834526],[133.817091,34.832229],[133.816156,34.829327],[133.81701,34.827706],[133.816732,34.826426],[133.817402,34.82595],[133.817624,34.823939],[133.818844,34.82273],[133.819525,34.82158],[133.820114,34.82111],[133.819956,34.820071],[133.820516,34.819339],[133.819682,34.819286],[133.818158,34.818675],[133.817652,34.81694],[133.818456,34.815966],[133.818225,34.81539],[133.81871,34.814076],[133.818319,34.813279],[133.818646,34.812532],[133.82031,34.810744],[133.819022,34.807814],[133.81889,34.806634],[133.817508,34.806147],[133.81642,34.805461],[133.814863,34.805435],[133.813511,34.806097],[133.812528,34.806354],[133.81127,34.807096],[133.808949,34.807723],[133.807655,34.808283],[133.807108,34.809795],[133.807546,34.811542],[133.806807,34.812087],[133.802717,34.813163],[133.801603,34.814404],[133.799348,34.814721],[133.79878,34.815552],[133.7986,34.817013],[133.799192,34.817973],[133.79921,34.818739],[133.799683,34.819564],[133.796523,34.820137],[133.795529,34.819084],[133.796075,34.818807],[133.79627,34.817957],[133.795316,34.817271],[133.795055,34.816573],[133.795355,34.815524],[133.795055,34.813875],[133.792214,34.814376],[133.790746,34.814221],[133.789048,34.813565],[133.788867,34.812345],[133.787601,34.811117],[133.786857,34.810967],[133.785273,34.81157],[133.783842,34.811155],[133.782989,34.810437],[133.783329,34.809524],[133.782887,34.809166],[133.780993,34.808916],[133.781139,34.808113],[133.780667,34.806491],[133.779635,34.804505],[133.77842,34.803531],[133.777999,34.802827],[133.776539,34.802388],[133.775114,34.801082],[133.773122,34.799734],[133.773249,34.799353],[133.775031,34.799248],[133.774695,34.797778],[133.774128,34.797122],[133.774361,34.796139],[133.774071,34.795395],[133.774529,34.794596],[133.774081,34.793745],[133.774226,34.791932],[133.773725,34.79073],[133.773575,34.789643],[133.773851,34.788324],[133.773531,34.786947],[133.772917,34.786405],[133.767726,34.786739],[133.767567,34.788074],[133.766287,34.789774],[133.765662,34.788945],[133.762817,34.787535],[133.762405,34.786503],[133.760259,34.785946],[133.758363,34.78571],[133.757641,34.784857],[133.757286,34.783634],[133.756153,34.782187],[133.755631,34.781934],[133.755103,34.782966],[133.753744,34.784108],[133.752804,34.785894],[133.750103,34.78654],[133.748321,34.787724],[133.74794,34.787647],[133.74809,34.786292],[133.747546,34.785624],[133.747628,34.784631],[133.748632,34.783415],[133.749167,34.782386],[133.748321,34.780476],[133.747349,34.779468],[133.746812,34.778648],[133.746408,34.777527],[133.745381,34.776817],[133.74379,34.777086],[133.743421,34.776221],[133.743678,34.77361],[133.743441,34.773081],[133.742164,34.772234],[133.741338,34.770748],[133.739727,34.769613],[133.739691,34.768748],[133.740014,34.768132],[133.740462,34.767577],[133.740356,34.766629],[133.739994,34.766015],[133.740086,34.763976],[133.740233,34.763422],[133.73977,34.762611],[133.739835,34.761515],[133.740775,34.76037],[133.741868,34.759669],[133.742568,34.75853],[133.742279,34.757854],[133.742387,34.756938],[133.743486,34.75609],[133.744437,34.754419],[133.744911,34.753977],[133.745963,34.753876],[133.746238,34.753318],[133.746501,34.75058],[133.745143,34.749733],[133.745648,34.749113],[133.748043,34.748829],[133.749402,34.747869],[133.751468,34.748382],[133.752853,34.748095],[133.753606,34.748149],[133.754118,34.747374],[133.754877,34.747553],[133.755332,34.748641],[133.75623,34.749418],[133.757051,34.749655],[133.757305,34.749174],[133.759163,34.748456],[133.760192,34.748739],[133.762056,34.748611],[133.762273,34.748122],[133.761873,34.747128],[133.762301,34.745304],[133.763616,34.744731],[133.764042,34.744129],[133.765472,34.74347],[133.765711,34.742474],[133.766397,34.742319],[133.767372,34.741651],[133.768203,34.741675],[133.769438,34.742635],[133.770196,34.74282],[133.770781,34.742206],[133.772608,34.742146],[133.772767,34.741427],[133.773692,34.740748],[133.775006,34.740271],[133.776089,34.740249],[133.778639,34.739462],[133.781391,34.736131],[133.782273,34.736143],[133.783009,34.735469],[133.784345,34.73504],[133.784916,34.734399],[133.785963,34.734161],[133.787256,34.733486],[133.788296,34.73244],[133.788513,34.731784],[133.790773,34.731324],[133.791691,34.730057],[133.792391,34.728787],[133.79328,34.728002],[133.793215,34.727156],[133.793756,34.726142],[133.794623,34.725256],[133.795331,34.725143],[133.795497,34.724338],[133.796205,34.723911],[133.796169,34.723255],[133.797288,34.722441],[133.797028,34.7212],[133.797642,34.718985],[133.798328,34.717228],[133.798855,34.716315],[133.797942,34.716013],[133.79835,34.71438],[133.797981,34.714165],[133.798314,34.713044],[133.798184,34.712284],[133.799751,34.711025],[133.799744,34.710554],[133.798971,34.70951],[133.798335,34.70786],[133.798321,34.7059],[133.794485,34.704117],[133.783695,34.699206],[133.782799,34.699271],[133.782149,34.698687],[133.784128,34.698162],[133.785573,34.69747],[133.786981,34.697229],[133.786461,34.696501],[133.787126,34.695809],[133.787971,34.69598],[133.789459,34.697214],[133.790008,34.697375],[133.78974,34.698281],[133.791004,34.698997],[133.791669,34.698514],[133.793178,34.696149],[133.79463,34.696566],[133.795576,34.694929],[133.797659,34.691744],[133.798625,34.69045],[133.800583,34.690056],[133.802474,34.689266],[133.804259,34.687298],[133.804159,34.684659],[133.803466,34.683576],[133.801711,34.681601],[133.801884,34.680512],[133.801227,34.679134],[133.800035,34.679042],[133.799428,34.678732],[133.797204,34.678273],[133.795637,34.67688],[133.795803,34.675872],[133.795702,34.673323],[133.795392,34.672401],[133.793788,34.67283],[133.79581,34.67099],[133.795886,34.669436],[133.79654,34.66899],[133.796515,34.668438],[133.797169,34.666629],[133.799161,34.664767],[133.80022,34.663289],[133.801277,34.662599],[133.803886,34.663497],[133.80675,34.66533],[133.808667,34.665789],[133.810133,34.665742],[133.811107,34.666342],[133.811885,34.666406],[133.813161,34.66776],[133.816287,34.667886],[133.817933,34.667867],[133.821677,34.668737],[133.822821,34.668683],[133.824934,34.669351],[133.826092,34.666431],[133.82788,34.66553],[133.829026,34.664714],[133.829475,34.66512],[133.830699,34.664333],[133.831626,34.664155],[133.832745,34.663201],[133.833493,34.662958],[133.833529,34.662513],[133.835031,34.661808],[133.835347,34.660841],[133.834837,34.660627],[133.835179,34.659571],[133.834927,34.659279],[133.835685,34.657609],[133.836565,34.6578],[133.837673,34.655024],[133.835591,34.654523],[133.836637,34.651619],[133.834312,34.651033],[133.834018,34.651851],[133.831821,34.651243],[133.831785,34.650932],[133.832705,34.648672],[133.83339,34.6464],[133.834831,34.642129],[133.83662,34.637351],[133.83753,34.635412],[133.838946,34.635704],[133.839245,34.634949],[133.839144,34.633869],[133.835767,34.634132],[133.835388,34.633428],[133.835866,34.632254],[133.835824,34.631546],[133.835334,34.630184],[133.833541,34.628776],[133.833226,34.628041],[133.830919,34.628164],[133.830273,34.627879]]],[[[133.983934,34.606867],[133.985771,34.604655],[133.986864,34.605204],[133.988104,34.607085],[133.987139,34.608438],[133.985637,34.608161],[133.984047,34.607616],[133.983934,34.606867]]],[[[134.096551,34.560843],[134.096468,34.560189],[134.097115,34.559467],[134.097533,34.5599],[134.098525,34.560318],[134.09818,34.560898],[134.098847,34.561453],[134.09933,34.560988],[134.100215,34.560765],[134.100872,34.560897],[134.101756,34.56159],[134.103242,34.560261],[134.104595,34.560493],[134.105332,34.560245],[134.106524,34.560763],[134.106473,34.561572],[134.10701,34.563433],[134.106916,34.564188],[134.106075,34.565256],[134.105381,34.567547],[134.104724,34.566568],[134.103921,34.566456],[134.102963,34.566792],[134.102593,34.566097],[134.101133,34.566814],[134.100245,34.566944],[134.098915,34.565868],[134.099128,34.564697],[134.09834,34.564146],[134.097637,34.564325],[134.096682,34.563899],[134.095179,34.562159],[134.096551,34.560843]]],[[[134.097828,34.566427],[134.095663,34.568187],[134.095282,34.567885],[134.09464,34.566046],[134.094723,34.565115],[134.095757,34.564477],[134.098271,34.564987],[134.097828,34.566427]]],[[[134.108087,34.562665],[134.108345,34.562219],[134.107825,34.561087],[134.109076,34.561083],[134.109536,34.560458],[134.110525,34.560526],[134.110692,34.561513],[134.110351,34.562757],[134.109335,34.563613],[134.108181,34.564197],[134.107848,34.563186],[134.108087,34.562665]]],[[[133.990572,34.600971],[133.991023,34.601798],[133.990731,34.603028],[133.989654,34.603994],[133.989376,34.60553],[133.988787,34.605722],[133.988054,34.604701],[133.988581,34.60369],[133.988388,34.603219],[133.989223,34.602327],[133.9892,34.601396],[133.989588,34.601006],[133.990572,34.600971]]]]}},
  {"type":"Feature","properties":{"name":"倉敷市","code":"33202"},"geometry":{"type":"MultiPolygon","coordinates":[[[[133.801277,34.662599],[133.801601,34.661957],[133.801379,34.660656],[133.801609,34.659664],[133.800966,34.659148],[133.80065,34.656625],[133.800835,34.655799],[133.799357,34.655215],[133.798773,34.653699],[133.798929,34.652671],[133.799544,34.651946],[133.800358,34.649098],[133.800181,34.6488],[133.798768,34.648672],[133.798219,34.647923],[133.798698,34.645521],[133.7993,34.644905],[133.799056,34.644315],[133.800821,34.643048],[133.79961,34.642017],[133.798874,34.640528],[133.797657,34.64025],[133.796321,34.639636],[133.794448,34.639461],[133.793852,34.638663],[133.793243,34.638947],[133.793294,34.639885],[133.793043,34.64054],[133.792333,34.641023],[133.790696,34.642596],[133.7898,34.642651],[133.789233,34.64225],[133.788259,34.642166],[133.787872,34.642886],[133.786267,34.642493],[133.785062,34.643456],[133.784226,34.643462],[133.782172,34.642404],[133.781541,34.642769],[133.780493,34.644384],[133.778374,34.644023],[133.776273,34.643927],[133.776148,34.644552],[133.773328,34.643071],[133.773093,34.642512],[133.771734,34.64159],[133.770788,34.640238],[133.768799,34.640263],[133.767834,34.640828],[133.76623,34.642566],[133.764391,34.642767],[133.764009,34.643006],[133.763785,34.644817],[133.762481,34.644647],[133.762593,34.64345],[133.762143,34.643047],[133.760346,34.64256],[133.759469,34.641923],[133.757938,34.641752],[133.756056,34.639311],[133.755811,34.638601],[133.754601,34.637838],[133.754163,34.637076],[133.753144,34.637201],[133.752441,34.636668],[133.753021,34.635852],[133.752444,34.634881],[133.751308,34.634219],[133.753321,34.633984],[133.754349,34.634109],[133.755059,34.633836],[133.756077,34.632819],[133.757197,34.631411],[133.756548,34.630944],[133.755997,34.629941],[133.753811,34.629078],[133.753232,34.628477],[133.75215,34.626881],[133.751746,34.626603],[133.750224,34.626446],[133.749247,34.626019],[133.748343,34.625035],[133.747226,34.623363],[133.745899,34.622298],[133.741949,34.623828],[133.739057,34.624393],[133.736612,34.624033],[133.733441,34.623062],[133.731122,34.622158],[133.731174,34.622652],[133.73064,34.624291],[133.729174,34.625496],[133.728097,34.626994],[133.726724,34.629746],[133.726303,34.630821],[133.726474,34.632015],[133.727291,34.634461],[133.727608,34.637425],[133.727749,34.640127],[133.727293,34.645629],[133.72724,34.646849],[133.723481,34.646096],[133.722958,34.648045],[133.722671,34.648284],[133.720436,34.651476],[133.720187,34.652053],[133.717231,34.655783],[133.716767,34.656498],[133.717066,34.657641],[133.716888,34.658947],[133.715301,34.657951],[133.714808,34.657066],[133.713538,34.656717],[133.712669,34.656031],[133.711651,34.655969],[133.710738,34.655666],[133.709185,34.656116],[133.708551,34.656572],[133.706789,34.657233],[133.705766,34.657079],[133.705759,34.65794],[133.705037,34.658272],[133.703514,34.657856],[133.70189,34.657018],[133.701264,34.658201],[133.700535,34.658816],[133.699824,34.658952],[133.698864,34.658716],[133.698063,34.658817],[133.696697,34.659347],[133.694729,34.661999],[133.694071,34.66261],[133.693846,34.663968],[133.693189,34.664396],[133.692279,34.664253],[133.690795,34.66371],[133.689592,34.663655],[133.688854,34.663133],[133.689241,34.661722],[133.68904,34.661398],[133.686475,34.661316],[133.686026,34.660665],[133.684856,34.659632],[133.684267,34.659432],[133.683497,34.658559],[133.682468,34.658565],[133.681696,34.657686],[133.680332,34.658634],[133.679205,34.658824],[133.678857,34.660401],[133.678465,34.660631],[133.676973,34.660319],[133.676496,34.660493],[133.675474,34.660292],[133.674789,34.659879],[133.674681,34.658837],[133.673927,34.658599],[133.673579,34.657648],[133.671398,34.656681],[133.670193,34.655388],[133.669036,34.655067],[133.668541,34.654482],[133.668341,34.652762],[133.667354,34.652062],[133.667034,34.650287],[133.66656,34.6494],[133.665053,34.649174],[133.664133,34.648305],[133.663319,34.648935],[133.662539,34.650566],[133.661712,34.650759],[133.660511,34.649985],[133.658864,34.649989],[133.657867,34.649373],[133.657291,34.648274],[133.655834,34.647819],[133.653582,34.647516],[133.65225,34.646472],[133.651278,34.645902],[133.649472,34.645186],[133.648304,34.645686],[133.646995,34.645909],[133.645463,34.646596],[133.64479,34.646386],[133.644104,34.645308],[133.642601,34.645616],[133.641571,34.645353],[133.639943,34.645222],[133.639191,34.644807],[133.637576,34.644746],[133.635353,34.643961],[133.632923,34.642666],[133.632076,34.641832],[133.632747,34.64049],[133.633843,34.639965],[133.633882,34.637678],[133.63321,34.637486],[133.632705,34.636714],[133.632633,34.635795],[133.632021,34.634119],[133.632239,34.633609],[133.633169,34.632677],[133.633297,34.631448],[133.633611,34.630466],[133.633352,34.62985],[133.632494,34.629386],[133.631983,34.628563],[133.632106,34.627664],[133.633065,34.62718],[133.633097,34.625468],[133.633398,34.623482],[133.634359,34.621344],[133.635391,34.620294],[133.635748,34.61794],[133.637,34.614837],[133.636481,34.614504],[133.636962,34.612704],[133.637013,34.610507],[133.637834,34.609589],[133.63775,34.608153],[133.638301,34.607292],[133.638761,34.606029],[133.639641,34.605312],[133.640149,34.60439],[133.642171,34.602295],[133.645432,34.599474],[133.649377,34.596251],[133.648738,34.595585],[133.647028,34.594707],[133.646517,34.593426],[133.645625,34.593884],[133.644197,34.593376],[133.642932,34.592409],[133.642491,34.591537],[133.641163,34.590279],[133.639534,34.589506],[133.638625,34.588861],[133.63834,34.587967],[133.637552,34.587766],[133.636798,34.586569],[133.637371,34.585775],[133.636583,34.585292],[133.636583,34.583966],[133.636075,34.583302],[133.634611,34.583404],[133.633181,34.583261],[133.632305,34.583709],[133.630644,34.583194],[133.629399,34.583289],[133.628788,34.582926],[133.628673,34.582344],[133.627266,34.581962],[133.625536,34.582097],[133.624452,34.581829],[133.623275,34.580484],[133.62301,34.57995],[133.62301,34.578767],[133.623818,34.577916],[133.624947,34.577238],[133.625916,34.57574],[133.627842,34.574386],[133.629676,34.574583],[133.630311,34.573839],[133.631418,34.573338],[133.632549,34.572095],[133.633296,34.57177],[133.634116,34.571951],[133.634404,34.571341],[133.634278,34.570586],[133.63505,34.569909],[133.636713,34.569438],[133.637227,34.568197],[133.636699,34.566879],[133.63708,34.565848],[133.637784,34.565419],[133.638873,34.565614],[133.639732,34.564483],[133.639558,34.563615],[133.638613,34.562937],[133.638435,34.561628],[133.638521,34.560484],[133.63968,34.560617],[133.641661,34.559879],[133.643566,34.558946],[133.644195,34.559092],[133.646538,34.557819],[133.647862,34.557307],[133.648092,34.556857],[133.647817,34.555908],[133.647677,34.554221],[133.64612,34.554117],[133.646005,34.553219],[133.645198,34.552284],[133.644921,34.55154],[133.644355,34.551319],[133.644229,34.550614],[133.64454,34.549794],[133.643376,34.548854],[133.642731,34.548119],[133.648164,34.545497],[133.648957,34.545185],[133.650191,34.545251],[133.643203,34.540882],[133.640794,34.539426],[133.640044,34.537699],[133.640447,34.536916],[133.639918,34.536277],[133.63904,34.535791],[133.637149,34.535312],[133.636642,34.53453],[133.636953,34.533652],[133.636757,34.532574],[133.635812,34.531954],[133.635962,34.530646],[133.635424,34.529677],[133.634416,34.529109],[133.633528,34.527747],[133.632664,34.52722],[133.632318,34.526457],[133.632353,34.525664],[133.631049,34.524304],[133.630923,34.523694],[133.631603,34.521891],[133.631568,34.521499],[133.630799,34.520669],[133.629343,34.520554],[133.62706,34.522196],[133.626114,34.521371],[133.625941,34.520454],[133.62413,34.519595],[133.623784,34.518832],[133.623208,34.518766],[133.622371,34.519415],[133.621516,34.519043],[133.621654,34.517764],[133.621931,34.517068],[133.621908,34.515932],[133.622516,34.515199],[133.623012,34.514054],[133.623001,34.512833],[133.622224,34.512257],[133.622125,34.51164],[133.621316,34.510829],[133.619712,34.510171],[133.618439,34.510087],[133.618241,34.508924],[133.617606,34.507481],[133.613853,34.507799],[133.611203,34.506707],[133.609326,34.506831],[133.607598,34.506069],[133.606417,34.504529],[133.606293,34.503819],[133.605601,34.503161],[133.603753,34.503048],[133.602539,34.502831],[133.602501,34.501722],[133.603222,34.501046],[133.603042,34.499779],[133.60319,34.498747],[133.602905,34.497666],[133.603035,34.496801],[133.603631,34.495901],[133.603739,34.495143],[133.605638,34.495042],[133.607623,34.495377],[133.609372,34.495463],[133.611554,34.495375],[133.614267,34.495059],[133.61623,34.494201],[133.616268,34.493356],[133.616831,34.491508],[133.617395,34.491277],[133.617845,34.491816],[133.619404,34.491941],[133.620681,34.493275],[133.621558,34.493912],[133.622222,34.494914],[133.622836,34.495095],[133.623527,34.496071],[133.623272,34.496669],[133.623711,34.497228],[133.623433,34.49831],[133.62422,34.499315],[133.625045,34.500026],[133.625344,34.500994],[133.626414,34.501462],[133.627566,34.501614],[133.628104,34.501244],[133.629114,34.501855],[133.631442,34.502212],[133.634078,34.502134],[133.636679,34.501679],[133.63743,34.501334],[133.638147,34.501375],[133.639033,34.502885],[133.638302,34.503833],[133.638453,34.504245],[133.640524,34.505037],[133.641236,34.504467],[133.642068,34.504768],[133.644555,34.504476],[133.647168,34.503757],[133.64878,34.504375],[133.647728,34.504929],[133.648169,34.506413],[133.649416,34.507209],[133.649781,34.507881],[133.650762,34.508526],[133.65061,34.509337],[133.648998,34.509736],[133.648945,34.511515],[133.648031,34.512123],[133.653859,34.515355],[133.654926,34.516193],[133.655555,34.516359],[133.656303,34.515862],[133.657007,34.515913],[133.657115,34.517012],[133.658594,34.520345],[133.659442,34.52081],[133.659742,34.519766],[133.664931,34.51921],[133.669658,34.519204],[133.669821,34.517783],[133.676877,34.518403],[133.676975,34.518331],[133.676831,34.514896],[133.677104,34.513725],[133.675897,34.513755],[133.675794,34.514856],[133.670359,34.512747],[133.670195,34.507346],[133.684071,34.507073],[133.684162,34.510398],[133.683944,34.510403],[133.683994,34.512504],[133.690467,34.512377],[133.690675,34.519639],[133.684693,34.523094],[133.684301,34.523571],[133.678661,34.523072],[133.678637,34.523747],[133.679181,34.524526],[133.680137,34.52482],[133.683294,34.52505],[133.683269,34.525259],[133.687628,34.5256],[133.68766,34.525336],[133.689707,34.525487],[133.68968,34.524493],[133.689401,34.523751],[133.690826,34.522822],[133.705334,34.523064],[133.705199,34.517923],[133.705438,34.517884],[133.705386,34.516098],[133.705105,34.515164],[133.70403,34.477827],[133.719377,34.473118],[133.720009,34.474514],[133.725036,34.472945],[133.724401,34.471512],[133.733612,34.468651],[133.733637,34.468706],[133.724491,34.471547],[133.725115,34.47293],[133.731225,34.471036],[133.732828,34.474564],[133.733329,34.474502],[133.737414,34.47077],[133.740197,34.469904],[133.743399,34.470602],[133.740762,34.479398],[133.740442,34.479343],[133.739564,34.482166],[133.739912,34.482238],[133.739168,34.484712],[133.738797,34.485139],[133.738732,34.486152],[133.738057,34.488441],[133.737801,34.488475],[133.737177,34.490575],[133.734973,34.491263],[133.73505,34.491437],[133.719046,34.496406],[133.718986,34.496484],[133.718981,34.503879],[133.721703,34.503875],[133.72169,34.50087],[133.72269,34.50074],[133.724424,34.500014],[133.727482,34.499065],[133.729574,34.498602],[133.73505,34.498593],[133.735007,34.505989],[133.735143,34.506733],[133.736635,34.507836],[133.737071,34.508631],[133.737078,34.511485],[133.736734,34.512001],[133.736727,34.514877],[133.736631,34.51725],[133.737373,34.523165],[133.73792,34.524824],[133.739297,34.525202],[133.73977,34.525115],[133.739681,34.522935],[133.739046,34.517642],[133.739863,34.515927],[133.742124,34.51399],[133.74348,34.512505],[133.744161,34.512831],[133.745391,34.51177],[133.744493,34.511302],[133.743858,34.510526],[133.744375,34.510238],[133.743166,34.508661],[133.742569,34.501401],[133.742884,34.501216],[133.747228,34.491911],[133.748329,34.489466],[133.749715,34.489056],[133.750699,34.48855],[133.751145,34.487717],[133.753765,34.486934],[133.754589,34.48737],[133.759578,34.485847],[133.757935,34.482879],[133.757125,34.481701],[133.757622,34.480968],[133.75768,34.48011],[133.757249,34.479744],[133.757038,34.476796],[133.756062,34.476024],[133.756964,34.475106],[133.757142,34.475809],[133.757853,34.476231],[133.758675,34.47608],[133.759028,34.475292],[133.75836,34.474117],[133.758223,34.472858],[133.758585,34.472685],[133.758135,34.468528],[133.759396,34.468393],[133.759621,34.470201],[133.762966,34.470039],[133.763199,34.472197],[133.763455,34.472665],[133.765471,34.472309],[133.76559,34.472747],[133.766633,34.472319],[133.766818,34.470267],[133.766002,34.470216],[133.76631,34.469309],[133.766901,34.469343],[133.767406,34.463706],[133.766934,34.463134],[133.767494,34.462506],[133.768565,34.461891],[133.769052,34.461889],[133.770492,34.46252],[133.771422,34.462208],[133.772336,34.46236],[133.773099,34.462888],[133.774214,34.462311],[133.774832,34.461334],[133.775354,34.45905],[133.775129,34.458226],[133.774411,34.457987],[133.773438,34.456955],[133.77207,34.457373],[133.770936,34.457173],[133.771305,34.455302],[133.772988,34.453852],[133.774095,34.453335],[133.77477,34.452721],[133.775775,34.450384],[133.775775,34.449806],[133.776541,34.449448],[133.77725,34.448034],[133.778884,34.447347],[133.779536,34.446683],[133.780174,34.445255],[133.780578,34.445378],[133.781644,34.440175],[133.781245,34.439492],[133.781929,34.439346],[133.782704,34.438615],[133.782922,34.438071],[133.783913,34.438068],[133.784306,34.437741],[133.785173,34.43608],[133.785509,34.43624],[133.786623,34.435486],[133.787425,34.435443],[133.788449,34.435803],[133.789335,34.436733],[133.788828,34.437324],[133.790225,34.437999],[133.790539,34.438528],[133.79031,34.439418],[133.791677,34.439365],[133.792079,34.43893],[133.794539,34.437493],[133.794422,34.436713],[133.794778,34.436354],[133.796546,34.435976],[133.79666,34.436723],[133.801495,34.436176],[133.801728,34.436864],[133.802328,34.437182],[133.802789,34.436761],[133.805143,34.436246],[133.806058,34.436551],[133.807132,34.435895],[133.806489,34.435068],[133.808211,34.434176],[133.808607,34.434488],[133.809327,34.43386],[133.810194,34.433756],[133.810659,34.433292],[133.811774,34.432886],[133.812591,34.431939],[133.814329,34.431409],[133.815668,34.432019],[133.8163,34.432078],[133.817705,34.431805],[133.818505,34.431301],[133.819363,34.430301],[133.821238,34.429286],[133.822386,34.429688],[133.822493,34.430019],[133.821855,34.431083],[133.821354,34.431241],[133.819638,34.433343],[133.819185,34.434446],[133.818434,34.435477],[133.81831,34.436132],[133.816226,34.43751],[133.815598,34.437489],[133.814406,34.437991],[133.81371,34.439259],[133.813847,34.439927],[133.815357,34.44046],[133.814389,34.44218],[133.813544,34.441781],[133.813892,34.440676],[133.813119,34.44034],[133.811684,34.440739],[133.811292,34.442306],[133.812208,34.442126],[133.811212,34.445386],[133.810562,34.445737],[133.809636,34.446881],[133.809429,34.449983],[133.809774,34.450607],[133.810458,34.450648],[133.8108,34.45259],[133.809976,34.452566],[133.809786,34.455933],[133.810758,34.458134],[133.80859,34.458801],[133.808065,34.457517],[133.807655,34.457733],[133.809125,34.46149],[133.810982,34.460926],[133.814764,34.460099],[133.815207,34.460707],[133.81404,34.461497],[133.815441,34.463061],[133.817805,34.464341],[133.816926,34.465475],[133.816156,34.465085],[133.815,34.466516],[133.815603,34.467008],[133.815152,34.467847],[133.815631,34.468051],[133.815655,34.467973],[133.817079,34.466827],[133.81966,34.46799],[133.819024,34.46926],[133.819902,34.469559],[133.820786,34.468551],[133.825162,34.469543],[133.826585,34.470372],[133.826703,34.470793],[133.828779,34.472102],[133.829737,34.472528],[133.830081,34.473033],[133.829083,34.475056],[133.829292,34.475123],[133.830141,34.473343],[133.831504,34.470162],[133.833944,34.471236],[133.832854,34.472962],[133.833204,34.473631],[133.834705,34.474286],[133.836472,34.474575],[133.83776,34.472279],[133.836414,34.471473],[133.838084,34.470279],[133.838652,34.470117],[133.840418,34.468934],[133.841032,34.46881],[133.843048,34.469219],[133.842901,34.469678],[133.843733,34.470094],[133.846214,34.470073],[133.846102,34.470518],[133.848219,34.470659],[133.848017,34.469925],[133.851849,34.469071],[133.851993,34.469507],[133.855555,34.469436],[133.856739,34.468881],[133.858262,34.467206],[133.858418,34.466783],[133.8598,34.466988],[133.86272,34.468038],[133.86321,34.467273],[133.865371,34.466976],[133.865586,34.467521],[133.866212,34.46759],[133.867144,34.467276],[133.868931,34.46593],[133.869265,34.466029],[133.871847,34.463665],[133.872739,34.463395],[133.873895,34.462214],[133.874688,34.461019],[133.875172,34.461048],[133.876494,34.460008],[133.878074,34.459048],[133.878915,34.457834],[133.880141,34.456841],[133.881137,34.457789],[133.881813,34.458861],[133.882105,34.459841],[133.882045,34.460638],[133.881665,34.461195],[133.882164,34.461903],[133.880998,34.463378],[133.879493,34.464188],[133.878807,34.464102],[133.878079,34.464496],[133.877622,34.465508],[133.877632,34.466784],[133.876249,34.467922],[133.876387,34.469262],[133.875908,34.470309],[133.876456,34.472063],[133.877661,34.471773],[133.877799,34.473086],[133.876446,34.473323],[133.876303,34.474266],[133.875192,34.474229],[133.874452,34.474913],[133.873371,34.475109],[133.872793,34.475953],[133.870962,34.476489],[133.870252,34.476489],[133.870041,34.47583],[133.868526,34.475186],[133.867096,34.475059],[133.865696,34.475686],[133.86535,34.476275],[133.863576,34.476361],[133.863408,34.476954],[133.862228,34.478169],[133.862439,34.479218],[133.862381,34.480354],[133.861163,34.480473],[133.860713,34.480847],[133.861604,34.481306],[133.861768,34.482847],[133.861,34.482951],[133.859476,34.482307],[133.858803,34.481552],[133.858441,34.482017],[133.860108,34.483324],[133.861787,34.483718],[133.862008,34.484646],[133.861355,34.485084],[133.860875,34.486069],[133.862516,34.485759],[133.86311,34.486704],[133.862947,34.489402],[133.863695,34.490256],[133.86382,34.491059],[133.862603,34.492624],[133.860731,34.492687],[133.860911,34.493253],[133.862261,34.493673],[133.86252,34.494069],[133.863345,34.494022],[133.863921,34.493037],[133.864957,34.492314],[133.867115,34.492441],[133.868617,34.492649],[133.869883,34.492379],[133.870415,34.493065],[133.870074,34.494128],[133.870267,34.495128],[133.869214,34.496121],[133.86838,34.495568],[133.86713,34.495961],[133.86747,34.496818],[133.868434,34.497907],[133.868674,34.498662],[133.869883,34.499123],[133.870103,34.500439],[133.868798,34.502839],[133.868843,34.503249],[133.86964,34.50386],[133.869709,34.504795],[133.86874,34.505282],[133.867956,34.505978],[133.86829,34.508278],[133.868982,34.509144],[133.867771,34.510156],[133.866434,34.5107],[133.866272,34.511879],[133.866491,34.512728],[133.866295,34.514126],[133.866007,34.514851],[133.865776,34.516464],[133.865926,34.517514],[133.866491,34.518521],[133.865973,34.519376],[133.865429,34.519718],[133.863712,34.519952],[133.861913,34.519914],[133.860834,34.518684],[133.859917,34.519121],[133.859052,34.518835],[133.85783,34.519684],[133.85693,34.519828],[133.856365,34.520848],[133.854832,34.520514],[133.85399,34.519904],[133.851441,34.521249],[133.851164,34.522141],[133.85121,34.522962],[133.850672,34.5254],[133.849949,34.526965],[133.851948,34.529578],[133.851254,34.530184],[133.851106,34.530991],[133.84995,34.531878],[133.849146,34.531811],[133.848096,34.530742],[133.847243,34.529282],[133.845755,34.529044],[133.844821,34.529377],[133.844683,34.529797],[133.84293,34.530751],[133.842699,34.531924],[133.841926,34.532754],[133.841546,34.533796],[133.840877,34.534016],[133.839378,34.533863],[133.838409,34.535457],[133.837913,34.535734],[133.837244,34.535428],[133.835133,34.535352],[133.834557,34.534731],[133.833081,34.533857],[133.832181,34.533629],[133.831281,34.533705],[133.830463,34.533285],[133.82969,34.533438],[133.829517,34.534477],[133.828276,34.534533],[133.828041,34.535622],[133.827499,34.536403],[133.827211,34.537434],[133.826288,34.537147],[133.825849,34.538188],[133.825142,34.538907],[133.824396,34.540373],[133.824096,34.543377],[133.823531,34.543911],[133.822401,34.544111],[133.821536,34.544536],[133.821245,34.545896],[133.820776,34.546898],[133.819933,34.546311],[133.818941,34.546864],[133.818434,34.546454],[133.817408,34.547274],[133.816946,34.546902],[133.816231,34.547332],[133.819276,34.550674],[133.821559,34.551313],[133.822666,34.551437],[133.823428,34.550989],[133.824189,34.550951],[133.827441,34.551888],[133.830393,34.553309],[133.833172,34.554856],[133.832631,34.555447],[133.832884,34.557283],[133.832803,34.558228],[133.831719,34.56089],[133.830504,34.56282],[133.829004,34.56443],[133.826045,34.566409],[133.825895,34.566791],[133.827099,34.567412],[133.828167,34.567755],[133.82864,34.568381],[133.829228,34.568553],[133.831488,34.567818],[133.833057,34.568467],[133.835679,34.571313],[133.839723,34.575998],[133.842409,34.578794],[133.842894,34.579653],[133.843194,34.581328],[133.84309,34.582082],[133.843366,34.585695],[133.843601,34.590031],[133.843225,34.590782],[133.838471,34.598792],[133.838286,34.599224],[133.838063,34.599138],[133.833634,34.596009],[133.832558,34.595311],[133.832151,34.594118],[133.830491,34.593409],[133.828129,34.591602],[133.827248,34.591518],[133.824593,34.590594],[133.824338,34.595699],[133.824412,34.596283],[133.820223,34.597184],[133.819733,34.597756],[133.818755,34.597929],[133.816974,34.598562],[133.815038,34.5989],[133.813225,34.598889],[133.812561,34.598746],[133.810061,34.597744],[133.809148,34.597875],[133.807154,34.596688],[133.805457,34.600498],[133.805298,34.601228],[133.805512,34.602112],[133.804996,34.603082],[133.805159,34.604501],[133.804357,34.605785],[133.802464,34.60805],[133.801797,34.60898],[133.803744,34.611176],[133.804134,34.61142],[133.806995,34.611617],[133.808124,34.611599],[133.809256,34.611235],[133.812451,34.612255],[133.813939,34.61284],[133.813993,34.614116],[133.813716,34.615506],[133.813211,34.616627],[133.814172,34.618695],[133.815141,34.618267],[133.816341,34.618482],[133.817248,34.61983],[133.817832,34.620129],[133.818168,34.621142],[133.820066,34.621673],[133.821888,34.622794],[133.823417,34.623247],[133.825808,34.624474],[133.826857,34.625805],[133.8287,34.62619],[133.829212,34.627189],[133.830273,34.627879],[133.830919,34.628164],[133.833226,34.628041],[133.833541,34.628776],[133.835334,34.630184],[133.835824,34.631546],[133.835866,34.632254],[133.835388,34.633428],[133.835767,34.634132],[133.839144,34.633869],[133.839245,34.634949],[133.838946,34.635704],[133.83753,34.635412],[133.83662,34.637351],[133.834831,34.642129],[133.83339,34.6464],[133.832705,34.648672],[133.831785,34.650932],[133.831821,34.651243],[133.834018,34.651851],[133.834312,34.651033],[133.836637,34.651619],[133.835591,34.654523],[133.837673,34.655024],[133.836565,34.6578],[133.835685,34.657609],[133.834927,34.659279],[133.835179,34.659571],[133.834837,34.660627],[133.835347,34.660841],[133.835031,34.661808],[133.833529,34.662513],[133.833493,34.662958],[133.832745,34.663201],[133.831626,34.664155],[133.830699,34.664333],[133.829475,34.66512],[133.829026,34.664714],[133.82788,34.66553],[133.826092,34.666431],[133.824934,34.669351],[133.822821,34.668683],[133.821677,34.668737],[133.817933,34.667867],[133.816287,34.667886],[133.813161,34.66776],[133.811885,34.666406],[133.811107,34.666342],[133.810133,34.665742],[133.808667,34.665789],[133.80675,34.66533],[133.803886,34.663497],[133.801277,34.662599]]],[[[133.683648,34.496329],[133.683691,34.498778],[133.68431,34.498771],[133.684416,34.504267],[133.679668,34.50434],[133.679664,34.504094],[133.674692,34.504163],[133.669193,34.502028],[133.668951,34.491667],[133.668894,34.487583],[133.68115,34.487411],[133.682125,34.487531],[133.682904,34.487964],[133.683503,34.489219],[133.683648,34.496329]]],[[[133.762329,34.425048],[133.762146,34.424784],[133.762173,34.421899],[133.761782,34.421419],[133.763332,34.421102],[133.763975,34.419771],[133.765296,34.419786],[133.766144,34.419163],[133.76753,34.419219],[133.769538,34.418753],[133.770052,34.41878],[133.770718,34.419619],[133.771891,34.419904],[133.772477,34.420905],[133.773762,34.42113],[133.774479,34.421746],[133.775436,34.421698],[133.775933,34.421396],[133.776746,34.421504],[133.776795,34.422771],[133.775561,34.423809],[133.775451,34.425158],[133.774964,34.426499],[133.774143,34.426822],[133.773212,34.426158],[133.772091,34.425724],[133.770983,34.425915],[133.768901,34.425753],[133.766809,34.426588],[133.766574,34.427128],[133.765775,34.427],[133.764375,34.427291],[133.76333,34.42817],[133.763126,34.42864],[133.763704,34.429233],[133.76352,34.429782],[133.762859,34.430239],[133.763158,34.431106],[133.762823,34.431508],[133.761195,34.431284],[133.76043,34.431474],[133.75997,34.431048],[133.760098,34.430222],[133.760704,34.429551],[133.760064,34.42692],[133.760327,34.426605],[133.761615,34.426785],[133.762164,34.426012],[133.762329,34.425048]]],[[[133.832951,34.420567],[133.83364,34.421322],[133.834494,34.421215],[133.835706,34.423364],[133.836406,34.423605],[133.83692,34.424978],[133.836418,34.425312],[133.835937,34.424773],[133.833669,34.423711],[133.832374,34.423726],[133.831276,34.424123],[133.830701,34.423762],[133.829265,34.423777],[133.828594,34.424049],[133.827859,34.423782],[133.827373,34.422759],[133.827702,34.422091],[133.828956,34.420857],[133.830091,34.418903],[133.830217,34.41827],[133.83092,34.417599],[133.831733,34.417361],[133.831941,34.418415],[133.832401,34.418736],[133.832951,34.420567]]],[[[133.707616,34.463533],[133.709012,34.462544],[133.710046,34.461996],[133.710441,34.460601],[133.711927,34.460894],[133.711843,34.461549],[133.712293,34.461853],[133.714382,34.46212],[133.715879,34.461323],[133.716702,34.461101],[133.717378,34.46176],[133.717112,34.462861],[133.714693,34.464898],[133.713164,34.46531],[133.712436,34.465857],[133.711473,34.466143],[133.711471,34.46526],[133.710573,34.464168],[133.709556,34.464014],[133.708436,34.464627],[133.707693,34.464373],[133.707616,34.463533]]],[[[133.852355,34.44591],[133.852877,34.445117],[133.853499,34.444894],[133.854124,34.445415],[133.8538,34.446071],[133.85529,34.447993],[133.855225,34.448398],[133.85411,34.449226],[133.853528,34.450154],[133.852695,34.450226],[133.851939,34.449101],[133.850756,34.449224],[133.851256,34.448403],[133.852111,34.447718],[133.851942,34.446794],[133.852355,34.44591]]],[[[133.691192,34.461268],[133.692455,34.461599],[133.692884,34.462621],[133.692083,34.463223],[133.692002,34.463728],[133.691254,34.46447],[133.690584,34.464487],[133.690556,34.463592],[133.689462,34.461836],[133.68827,34.461498],[133.6893,34.461062],[133.690221,34.46043],[133.690635,34.461073],[133.691192,34.461268]]],[[[133.816696,34.424211],[133.817277,34.424489],[133.817994,34.424165],[133.818603,34.424765],[133.818471,34.42581],[133.816746,34.426006],[133.815215,34.425429],[133.81483,34.42479],[133.816696,34.424211]]],[[[133.752578,34.449085],[133.751999,34.449478],[133.75139,34.448931],[133.752946,34.4472],[133.754024,34.446999],[133.754321,34.447835],[133.753626,34.448545],[133.752578,34.449085]]],[[[133.762265,34.462267],[133.762731,34.463038],[133.761357,34.46378],[133.760618,34.463952],[133.760391,34.462955],[133.761051,34.461957],[133.762265,34.462267]]],[[[133.757402,34.443203],[133.758476,34.442571],[133.759733,34.442621],[133.758513,34.443952],[133.757509,34.444298],[133.75671,34.444142],[133.756473,34.443706],[133.757402,34.443203]]],[[[133.750169,34.449177],[133.749499,34.449999],[133.748742,34.450519],[133.748055,34.451488],[133.747389,34.451207],[133.748048,34.449966],[133.748963,34.449644],[133.74958,34.448981],[133.750169,34.449177]]]]}},
  {"type":"Feature","properties":{"name":"津山市","code":"33203"},"geometry":{"type":"MultiPolygon","coordinates":[[[[133.826095,35.044611],[133.826774,35.04414],[133.827702,35.04414],[133.828331,35.044498],[133.829116,35.044176],[133.830936,35.044802],[133.831638,35.044367],[133.831911,35.045482],[133.832462,35.045995],[133.83413,35.046544],[133.835225,35.047426],[133.836037,35.0468],[133.836059,35.046269],[133.837626,35.044969],[133.838526,35.043254],[133.839324,35.042731],[133.840147,35.040873],[133.840191,35.040229],[133.840756,35.039997],[133.841491,35.039224],[133.841395,35.038607],[133.842174,35.038406],[133.842819,35.037863],[133.8434,35.03809],[133.844009,35.039217],[133.844603,35.039677],[133.846445,35.039748],[133.847301,35.040095],[133.847949,35.039369],[133.849175,35.039619],[133.849983,35.039105],[133.851249,35.03953],[133.852256,35.038981],[133.852474,35.039476],[133.853827,35.040453],[133.85432,35.039769],[133.855263,35.039547],[133.856408,35.040055],[133.857264,35.039172],[133.857967,35.040013],[133.859091,35.039643],[133.861267,35.039458],[133.861818,35.039953],[133.862767,35.039675],[133.863464,35.039754],[133.863667,35.040997],[133.86482,35.042023],[133.867862,35.042553],[133.869573,35.04244],[133.870868,35.042552],[133.872043,35.042361],[133.874496,35.042226],[133.874791,35.041736],[133.873974,35.040201],[133.873922,35.039047],[133.873197,35.037571],[133.87356,35.036793],[133.874603,35.036793],[133.875978,35.036401],[133.877351,35.036555],[133.877775,35.034353],[133.876988,35.033509],[133.876937,35.032233],[133.87773,35.031101],[133.877605,35.029764],[133.878089,35.028223],[133.877033,35.026673],[133.877895,35.025136],[133.878094,35.023899],[133.879025,35.022255],[133.87895,35.020577],[133.878135,35.018751],[133.878334,35.0182],[133.879336,35.016983],[133.87933,35.015656],[133.879603,35.013742],[133.878163,35.013084],[133.87729,35.013307],[133.876247,35.012556],[133.875671,35.011668],[133.874464,35.011672],[133.873916,35.010735],[133.873141,35.010377],[133.872129,35.00925],[133.872057,35.007341],[133.872558,35.006548],[133.873588,35.005618],[133.874201,35.004398],[133.874158,35.003195],[133.875238,35.001983],[133.875246,35.001086],[133.875733,35.000165],[133.876798,34.998962],[133.877239,34.997526],[133.877216,34.996924],[133.87663,34.996329],[133.876895,34.994753],[133.877391,34.993697],[133.877756,34.991867],[133.879004,34.990281],[133.87962,34.991171],[133.880393,34.991635],[133.885209,34.99354],[133.88578,34.99364],[133.886439,34.993245],[133.887276,34.99166],[133.888014,34.990883],[133.889018,34.99062],[133.890601,34.989367],[133.89127,34.98726],[133.892442,34.985111],[133.893946,34.984076],[133.89575,34.983988],[133.896975,34.985084],[133.899531,34.986022],[133.899832,34.986865],[133.899954,34.988088],[133.901483,34.989585],[133.902214,34.989623],[133.90337,34.990043],[133.904283,34.990984],[133.904321,34.991604],[133.905043,34.991892],[133.906084,34.991868],[133.90654,34.992438],[133.908283,34.993315],[133.909409,34.994268],[133.90937,34.99566],[133.910009,34.996267],[133.909591,34.997464],[133.910123,34.998605],[133.911401,34.999564],[133.912722,34.99989],[133.914791,35.001576],[133.916602,35.00219],[133.917477,35.002346],[133.918361,35.003522],[133.919279,35.004128],[133.919047,35.005516],[133.919569,35.005992],[133.920531,35.007448],[133.92016,35.009569],[133.919043,35.010126],[133.918819,35.010914],[133.920624,35.010964],[133.921729,35.010408],[133.923264,35.010229],[133.92471,35.01043],[133.925893,35.011039],[133.926472,35.011684],[133.927512,35.012402],[133.929017,35.013103],[133.930358,35.014367],[133.930224,35.016133],[133.929087,35.016502],[133.928932,35.017306],[133.929516,35.018146],[133.929537,35.019034],[133.930658,35.019768],[133.930168,35.020179],[133.931471,35.020779],[133.932774,35.022152],[133.93436,35.022394],[133.934737,35.022853],[133.934493,35.023834],[133.934478,35.024984],[133.935144,35.025341],[133.934913,35.026338],[133.935477,35.027808],[133.937113,35.028327],[133.937904,35.029744],[133.937956,35.033073],[133.937045,35.035811],[133.937267,35.03634],[133.935251,35.037224],[133.934726,35.037166],[133.93317,35.037757],[133.93262,35.038298],[133.931255,35.038409],[133.92935,35.039836],[133.930163,35.04015],[133.93193,35.040376],[133.932574,35.039984],[133.93393,35.040551],[133.935332,35.041526],[133.935792,35.041581],[133.936951,35.040965],[133.938499,35.041458],[133.939533,35.041267],[133.940391,35.041356],[133.941494,35.04202],[133.941666,35.042546],[133.942587,35.043352],[133.946626,35.043927],[133.94833,35.043999],[133.949338,35.043506],[133.949681,35.043915],[133.949459,35.04495],[133.94888,35.045473],[133.948714,35.047053],[133.947901,35.049189],[133.948317,35.051581],[133.951868,35.051374],[133.952762,35.051245],[133.953491,35.049962],[133.955128,35.048728],[133.955918,35.045425],[133.956868,35.044933],[133.956369,35.043877],[133.956761,35.042991],[133.956063,35.042289],[133.956369,35.041678],[133.955318,35.040743],[133.954916,35.039985],[133.955568,35.038976],[133.954613,35.038213],[133.954351,35.037726],[133.954569,35.035366],[133.954312,35.034507],[133.953181,35.032417],[133.951281,35.030494],[133.950817,35.030195],[133.949977,35.028999],[133.949877,35.028142],[133.950284,35.027632],[133.949938,35.026217],[133.949396,35.025616],[133.949273,35.024971],[133.950022,35.024682],[133.950168,35.023429],[133.949864,35.022439],[133.949122,35.021268],[133.949468,35.020585],[133.949016,35.019608],[133.947831,35.018116],[133.947685,35.017029],[133.948072,35.01571],[133.949011,35.014902],[133.949262,35.013866],[133.949816,35.012922],[133.949772,35.011206],[133.950801,35.009621],[133.9515,35.00902],[133.955001,35.008703],[133.956346,35.009186],[133.957877,35.009154],[133.958771,35.00835],[133.959361,35.008318],[133.959997,35.00772],[133.960779,35.007633],[133.961411,35.008428],[133.961719,35.009413],[133.962396,35.0105],[133.962678,35.011787],[133.964571,35.011796],[133.966167,35.011263],[133.968223,35.011396],[133.968886,35.011225],[133.970888,35.011437],[133.971989,35.011919],[133.972973,35.012074],[133.972078,35.013204],[133.971932,35.014293],[133.97249,35.015537],[133.97422,35.017442],[133.975054,35.018121],[133.976999,35.02009],[133.980788,35.022424],[133.982835,35.023317],[133.98528,35.024921],[133.98657,35.02493],[133.987542,35.025436],[133.988433,35.026574],[133.989489,35.026247],[133.991267,35.026027],[133.991788,35.024811],[133.992369,35.024097],[133.99295,35.024092],[133.994124,35.02326],[133.995754,35.02337],[133.997531,35.023314],[133.99987,35.021516],[134.000625,35.020079],[134.002261,35.018468],[134.003114,35.018205],[134.003497,35.017741],[134.003662,35.016606],[134.00465,35.015578],[134.005469,35.015799],[134.008005,35.017135],[134.010293,35.017963],[134.010989,35.018105],[134.011311,35.017061],[134.011223,35.016329],[134.010232,35.015083],[134.011821,35.013874],[134.013976,35.011744],[134.014422,35.011013],[134.015462,35.010157],[134.017018,35.006216],[134.020317,35.005788],[134.023718,35.005719],[134.024856,35.005849],[134.026534,35.004921],[134.028156,35.004637],[134.02882,35.004069],[134.029243,35.002831],[134.029925,35.002352],[134.031037,35.002352],[134.031694,35.002058],[134.034349,35.002934],[134.035628,35.002703],[134.037189,35.001903],[134.038183,35.001688],[134.040373,35.002316],[134.039953,35.003198],[134.038543,35.004454],[134.037148,35.006461],[134.032878,35.013226],[134.031708,35.014703],[134.029856,35.016632],[134.030907,35.017019],[134.031876,35.017137],[134.033982,35.015851],[134.034961,35.016367],[134.035615,35.017081],[134.038245,35.018643],[134.039546,35.019236],[134.041655,35.021145],[134.041134,35.022153],[134.041267,35.023188],[134.041994,35.023672],[134.042287,35.024567],[134.044286,35.025784],[134.044952,35.025638],[134.046274,35.026177],[134.048459,35.025809],[134.049182,35.025443],[134.050591,35.025943],[134.051356,35.024961],[134.053069,35.025083],[134.053946,35.024883],[134.054672,35.025466],[134.055396,35.02559],[134.057795,35.024652],[134.058466,35.023804],[134.058485,35.022851],[134.059263,35.022682],[134.059436,35.022031],[134.06087,35.020858],[134.063217,35.020484],[134.065069,35.022473],[134.067023,35.022639],[134.069034,35.023068],[134.069849,35.022592],[134.070865,35.022692],[134.071203,35.0233],[134.072388,35.02448],[134.073397,35.025075],[134.075671,35.024769],[134.076593,35.025263],[134.07701,35.024746],[134.077966,35.024333],[134.078917,35.023572],[134.079146,35.023115],[134.08274,35.02026],[134.083283,35.01952],[134.084356,35.019359],[134.083481,35.020234],[134.083779,35.021974],[134.083567,35.022961],[134.082515,35.025127],[134.082241,35.026011],[134.082713,35.02701],[134.082709,35.030144],[134.082885,35.030851],[134.083726,35.032162],[134.081489,35.03293],[134.081622,35.034191],[134.082224,35.03458],[134.081912,35.035618],[134.082141,35.036279],[134.082893,35.036581],[134.083603,35.037554],[134.083029,35.037815],[134.082721,35.038902],[134.084278,35.039918],[134.084358,35.040259],[134.08344,35.040991],[134.083239,35.04164],[134.084215,35.042923],[134.084312,35.043848],[134.085013,35.044858],[134.084971,35.046834],[134.084389,35.047978],[134.084005,35.048238],[134.083028,35.048134],[134.082003,35.047361],[134.080714,35.047239],[134.079061,35.048414],[134.079095,35.049583],[134.078825,35.050385],[134.080765,35.051039],[134.081241,35.050747],[134.0828,35.050931],[134.083352,35.051693],[134.084395,35.052039],[134.085165,35.051903],[134.085691,35.052478],[134.086408,35.052586],[134.08722,35.053584],[134.090472,35.054022],[134.091761,35.054369],[134.092638,35.053491],[134.093466,35.053769],[134.094079,35.05311],[134.094988,35.052603],[134.095916,35.052617],[134.097069,35.051582],[134.097884,35.051072],[134.098144,35.050498],[134.101453,35.050375],[134.102312,35.050583],[134.102776,35.051492],[134.102302,35.05197],[134.102984,35.052843],[134.102926,35.054124],[134.10389,35.055439],[134.104021,35.056288],[134.103708,35.057009],[134.102784,35.05752],[134.102433,35.058119],[134.102734,35.059148],[134.104568,35.059726],[134.104682,35.060443],[134.105313,35.060859],[134.105141,35.061592],[134.105348,35.062764],[134.104804,35.063914],[134.105137,35.064123],[134.104727,35.06617],[134.10526,35.067209],[134.103926,35.067883],[134.103625,35.068476],[134.102242,35.069199],[134.101045,35.070043],[134.100487,35.070831],[134.101107,35.071046],[134.101719,35.075037],[134.102104,35.076798],[134.102469,35.077476],[134.10277,35.078845],[134.103086,35.079388],[134.103521,35.081076],[134.103991,35.081665],[134.104164,35.083612],[134.10464,35.084285],[134.106155,35.084504],[134.109009,35.083677],[134.109741,35.084768],[134.111076,35.085596],[134.112102,35.085693],[134.113522,35.086408],[134.115306,35.088031],[134.117074,35.089373],[134.118065,35.089983],[134.118837,35.092191],[134.118844,35.092715],[134.12016,35.093137],[134.122308,35.094695],[134.122605,35.095681],[134.124431,35.09647],[134.125121,35.097063],[134.125056,35.098998],[134.125209,35.099443],[134.126136,35.099944],[134.126884,35.100874],[134.128557,35.101855],[134.131211,35.102403],[134.131339,35.103093],[134.131753,35.105843],[134.131708,35.107105],[134.131973,35.107786],[134.131849,35.109202],[134.132578,35.110596],[134.133364,35.111291],[134.133896,35.112145],[134.134054,35.116164],[134.13381,35.117435],[134.134808,35.118719],[134.136061,35.12069],[134.137396,35.12306],[134.137653,35.123869],[134.137798,35.126229],[134.138091,35.127898],[134.138823,35.130099],[134.13978,35.1321],[134.140126,35.132223],[134.141395,35.134522],[134.141258,35.13481],[134.141972,35.135726],[134.142655,35.138084],[134.143381,35.141233],[134.143604,35.144248],[134.143595,35.145982],[134.142928,35.147947],[134.142911,35.150299],[134.143509,35.152433],[134.143535,35.153349],[134.14321,35.154683],[134.143005,35.156817],[134.141877,35.157884],[134.141433,35.159719],[134.140766,35.161011],[134.140681,35.161797],[134.14104,35.16259],[134.141817,35.162773],[134.143787,35.16259],[134.145551,35.162731],[134.146098,35.163703],[134.147568,35.16489],[134.148149,35.165676],[134.149669,35.166466],[134.150327,35.16721],[134.151703,35.167385],[134.153241,35.166992],[134.155138,35.16728],[134.15606,35.167778],[134.157598,35.167887],[134.160238,35.16861],[134.161067,35.169565],[134.165189,35.169509],[134.167186,35.170899],[134.167534,35.171826],[134.167323,35.172252],[134.168499,35.175263],[134.167746,35.177137],[134.167589,35.177951],[134.16826,35.178599],[134.168894,35.180167],[134.167801,35.181314],[134.167203,35.182218],[134.167052,35.183412],[134.166703,35.183804],[134.16662,35.184762],[134.165582,35.18639],[134.165554,35.187272],[134.164951,35.187981],[134.163084,35.189111],[134.162547,35.189963],[134.161439,35.19014],[134.161008,35.190608],[134.160861,35.191822],[134.159988,35.192123],[134.158363,35.193096],[134.157343,35.193126],[134.156641,35.193676],[134.155354,35.193571],[134.154767,35.194339],[134.153977,35.194641],[134.153012,35.19587],[134.152977,35.196588],[134.154087,35.197966],[134.154169,35.198855],[134.153756,35.199748],[134.153113,35.200155],[134.153857,35.200819],[134.154031,35.20204],[134.154592,35.202771],[134.15438,35.203518],[134.154344,35.205553],[134.154936,35.207049],[134.156506,35.207622],[134.156332,35.208459],[134.156616,35.209763],[134.157604,35.210646],[134.159009,35.21112],[134.159303,35.211957],[134.160239,35.212937],[134.160262,35.213589],[134.160722,35.214441],[134.162164,35.216453],[134.161778,35.216951],[134.162538,35.219045],[134.163496,35.219608],[134.163183,35.220897],[134.161695,35.221869],[134.161769,35.223581],[134.162476,35.224538],[134.162301,35.225465],[134.162834,35.225751],[134.16389,35.226913],[134.164184,35.227976],[134.163376,35.22848],[134.162669,35.229867],[134.162072,35.230222],[134.161938,35.231209],[134.161374,35.231948],[134.161447,35.232528],[134.160189,35.233161],[134.158246,35.234563],[134.156754,35.23454],[134.155541,35.234163],[134.154614,35.233601],[134.15224,35.233161],[134.150398,35.233266],[134.149181,35.232769],[134.148217,35.232128],[134.146531,35.232146],[134.145673,35.231555],[134.144462,35.231301],[134.143515,35.231842],[134.142997,35.232492],[134.142203,35.232867],[134.140189,35.235145],[134.140248,35.235741],[134.138726,35.236436],[134.13734,35.238652],[134.137475,35.239246],[134.138538,35.239909],[134.140062,35.241206],[134.141124,35.241527],[134.142358,35.241148],[134.143019,35.24121],[134.14542,35.242837],[134.145425,35.243735],[134.144021,35.244361],[134.143806,35.244665],[134.144452,35.245921],[134.143424,35.247128],[134.142923,35.248195],[134.142763,35.249426],[134.143299,35.251049],[134.144377,35.251432],[134.145038,35.252272],[134.144601,35.253173],[134.145079,35.253675],[134.146059,35.253377],[134.147137,35.253942],[134.147427,35.25501],[134.148542,35.256056],[134.149295,35.257138],[134.150579,35.257956],[134.150026,35.259928],[134.148309,35.260891],[134.147278,35.261185],[134.145479,35.261093],[134.146043,35.262099],[134.143559,35.263888],[134.142249,35.263939],[134.141052,35.265118],[134.140445,35.266153],[134.140543,35.266616],[134.13992,35.26723],[134.140079,35.268191],[134.138335,35.268689],[134.137601,35.269564],[134.137796,35.270463],[134.137618,35.271184],[134.138241,35.27202],[134.138138,35.27259],[134.138646,35.273048],[134.139253,35.272902],[134.140293,35.273413],[134.141298,35.27494],[134.140718,35.276422],[134.140783,35.276991],[134.140009,35.278073],[134.139797,35.278823],[134.138074,35.279618],[134.137369,35.280385],[134.136508,35.280789],[134.135914,35.281505],[134.135684,35.282335],[134.134119,35.283119],[134.133663,35.28248],[134.133419,35.281373],[134.132444,35.281006],[134.131532,35.280333],[134.130611,35.280121],[134.129244,35.280409],[134.12738,35.280149],[134.125234,35.280461],[134.124394,35.280912],[134.122303,35.281074],[134.121156,35.281854],[134.117427,35.283428],[134.115818,35.283501],[134.114467,35.284891],[134.113728,35.285022],[134.113819,35.285953],[134.114641,35.28676],[134.114107,35.288464],[134.113278,35.288684],[134.11134,35.289626],[134.111529,35.290531],[134.109693,35.291142],[134.109843,35.292],[134.108809,35.292578],[134.10825,35.293279],[134.107006,35.293672],[134.106372,35.294275],[134.104016,35.295071],[134.103672,35.295714],[134.102793,35.296394],[134.102647,35.297536],[134.102827,35.298214],[134.102398,35.298912],[134.102398,35.300076],[134.100407,35.300104],[134.099858,35.30102],[134.099148,35.301426],[134.098609,35.302495],[134.097914,35.303299],[134.098729,35.304157],[134.097759,35.305698],[134.096213,35.305407],[134.094536,35.305499],[134.09433,35.30641],[134.092075,35.305308],[134.09142,35.305246],[134.088843,35.30616],[134.087819,35.307129],[134.086298,35.307326],[134.085798,35.306461],[134.085259,35.30609],[134.085114,35.304828],[134.085239,35.303898],[134.084215,35.303253],[134.08404,35.302782],[134.08168,35.302257],[134.079387,35.302613],[134.075838,35.302748],[134.075104,35.302539],[134.075039,35.302039],[134.074142,35.301372],[134.072599,35.300585],[134.07154,35.29962],[134.070661,35.299259],[134.070216,35.297274],[134.067896,35.29878],[134.066223,35.299751],[134.064831,35.300724],[134.064646,35.301793],[134.064177,35.302256],[134.062199,35.303043],[134.06098,35.30283],[134.059639,35.301835],[134.058405,35.301347],[134.057901,35.300387],[134.055465,35.298816],[134.054656,35.298189],[134.053532,35.298709],[134.052239,35.298107],[134.050677,35.298738],[134.04813,35.29848],[134.046389,35.300205],[134.046119,35.300654],[134.044826,35.301494],[134.044136,35.302756],[134.042405,35.303635],[134.041371,35.303512],[134.040782,35.303819],[134.039573,35.303774],[134.037727,35.304544],[134.036379,35.303913],[134.033879,35.303954],[134.032305,35.304643],[134.031296,35.305286],[134.030142,35.305421],[134.029563,35.304499],[134.028666,35.303829],[134.028311,35.302363],[134.027667,35.301658],[134.026618,35.299779],[134.026154,35.299336],[134.026139,35.298722],[134.025669,35.298161],[134.02543,35.296307],[134.024535,35.2962],[134.023335,35.295118],[134.023466,35.294109],[134.023019,35.293792],[134.021371,35.293428],[134.021216,35.292444],[134.020244,35.291472],[134.01924,35.291649],[134.018826,35.291126],[134.01932,35.290521],[134.018671,35.2899],[134.018836,35.28928],[134.018534,35.28848],[134.018753,35.286914],[134.018121,35.286508],[134.017847,35.285085],[134.017387,35.28474],[134.017427,35.284028],[134.018751,35.283028],[134.020607,35.281991],[134.020871,35.28061],[134.021907,35.27872],[134.021841,35.277958],[134.02211,35.276676],[134.021728,35.274753],[134.021906,35.273954],[134.020073,35.272522],[134.020128,35.271473],[134.019358,35.269264],[134.018328,35.268036],[134.016893,35.266796],[134.014708,35.265782],[134.013012,35.265619],[134.012153,35.264996],[134.010115,35.264178],[134.009535,35.263653],[134.008596,35.263494],[134.009036,35.262768],[134.008337,35.261475],[134.00799,35.259781],[134.007033,35.259766],[134.005974,35.259348],[134.006108,35.258248],[134.005087,35.257828],[134.00505,35.256946],[134.003662,35.25649],[134.002495,35.256569],[134.001223,35.256373],[134.00027,35.255656],[134.000636,35.252967],[134.001274,35.252301],[134.001496,35.251586],[134.001228,35.250738],[134.001505,35.249997],[134.001337,35.248849],[134.003231,35.247846],[134.004206,35.247075],[134.004789,35.246088],[134.005764,35.245135],[134.005918,35.244323],[134.005256,35.243462],[134.004602,35.241592],[134.004105,35.240874],[134.004474,35.239856],[134.005784,35.238875],[134.006347,35.238171],[134.006663,35.236999],[134.007988,35.236097],[134.008566,35.234979],[134.009089,35.234454],[134.010686,35.233369],[134.012428,35.231043],[134.011927,35.230648],[134.010966,35.230428],[134.010058,35.229527],[134.008688,35.229476],[134.007796,35.229115],[134.006409,35.228044],[134.005984,35.226749],[134.004316,35.226038],[134.003649,35.226027],[134.002731,35.224968],[134.001406,35.225058],[134.001062,35.223383],[133.99978,35.222815],[133.998833,35.221834],[133.998216,35.220386],[133.998236,35.219648],[133.997316,35.2191],[133.996885,35.218125],[133.997143,35.216667],[133.998372,35.215085],[133.998541,35.214496],[133.997955,35.214047],[133.997989,35.212891],[133.997317,35.211042],[133.996846,35.210432],[133.996942,35.209446],[133.997599,35.208913],[133.997427,35.207623],[133.99801,35.206107],[133.997932,35.204696],[133.999046,35.202777],[133.998225,35.201475],[133.999699,35.200173],[134.000216,35.198441],[133.99893,35.197051],[133.998676,35.196082],[133.99808,35.195024],[133.999568,35.193918],[133.999788,35.193039],[133.999588,35.191941],[133.998676,35.190932],[133.997832,35.190447],[133.99788,35.188836],[133.997434,35.188013],[133.997482,35.185753],[133.995944,35.184116],[133.995721,35.182372],[133.996301,35.181626],[133.995855,35.181179],[133.995819,35.179108],[133.996059,35.178283],[133.995478,35.177115],[133.994198,35.176767],[133.993553,35.1768],[133.993182,35.176183],[133.992203,35.175911],[133.991711,35.174945],[133.991223,35.174678],[133.989822,35.172109],[133.98832,35.171859],[133.987894,35.170582],[133.98731,35.170168],[133.986681,35.167698],[133.987326,35.16737],[133.987449,35.165742],[133.986759,35.164577],[133.98626,35.162826],[133.985328,35.162279],[133.984571,35.162154],[133.984137,35.161079],[133.983259,35.160906],[133.982064,35.16018],[133.980434,35.160065],[133.978396,35.159066],[133.977481,35.157666],[133.977972,35.156651],[133.977031,35.156351],[133.97678,35.154933],[133.975963,35.154781],[133.975744,35.15313],[133.974948,35.151995],[133.974259,35.150682],[133.974924,35.149686],[133.97503,35.148794],[133.974767,35.148168],[133.974912,35.147216],[133.975294,35.146597],[133.974413,35.145412],[133.975063,35.144238],[133.97522,35.143027],[133.974032,35.141743],[133.972684,35.141088],[133.971934,35.140508],[133.971348,35.140461],[133.970776,35.139338],[133.968883,35.137297],[133.968678,35.136714],[133.968795,35.135548],[133.968051,35.135011],[133.968451,35.13445],[133.968721,35.132114],[133.969074,35.131531],[133.968903,35.130439],[133.969384,35.12914],[133.96909,35.128331],[133.9691,35.125908],[133.968859,35.125245],[133.968206,35.124569],[133.968226,35.1236],[133.966306,35.122478],[133.965358,35.121421],[133.965024,35.119335],[133.964686,35.118619],[133.963976,35.118258],[133.963357,35.117325],[133.962814,35.115677],[133.963211,35.114902],[133.964074,35.114444],[133.963931,35.113553],[133.963451,35.113003],[133.964251,35.112436],[133.965192,35.111089],[133.965144,35.109349],[133.963471,35.107869],[133.963403,35.106806],[133.962255,35.106051],[133.961222,35.105745],[133.960062,35.105987],[133.959033,35.105737],[133.958434,35.105312],[133.958198,35.10458],[133.957238,35.103936],[133.956762,35.103197],[133.955734,35.102763],[133.955621,35.102131],[133.955871,35.099901],[133.956326,35.099354],[133.956257,35.09845],[133.955591,35.097204],[133.954915,35.096685],[133.954213,35.095178],[133.952523,35.094562],[133.950511,35.094889],[133.950138,35.094229],[133.950286,35.093737],[133.949537,35.092675],[133.948794,35.09208],[133.949236,35.091296],[133.948536,35.090246],[133.948927,35.089639],[133.948374,35.089045],[133.948844,35.088124],[133.948579,35.087748],[133.947271,35.087684],[133.946849,35.087409],[133.945867,35.087611],[133.945636,35.087192],[133.946104,35.086061],[133.944728,35.085861],[133.943293,35.085007],[133.943428,35.084477],[133.942635,35.083962],[133.943448,35.081776],[133.944884,35.081747],[133.94486,35.078158],[133.942969,35.078132],[133.942629,35.077351],[133.942782,35.076241],[133.943664,35.07419],[133.944062,35.073669],[133.943728,35.07312],[133.943623,35.071778],[133.943968,35.070971],[133.942233,35.070178],[133.941463,35.069241],[133.940701,35.068838],[133.939819,35.068756],[133.93973,35.0669],[133.939845,35.066104],[133.939471,35.065901],[133.937739,35.066167],[133.937415,35.064994],[133.937483,35.063061],[133.936351,35.063352],[133.936124,35.062663],[133.935539,35.062268],[133.933936,35.062195],[133.933796,35.062966],[133.933013,35.064117],[133.932583,35.064223],[133.931113,35.063529],[133.929937,35.063657],[133.928246,35.063354],[133.926704,35.063574],[133.926167,35.06328],[133.92568,35.062411],[133.925065,35.063145],[133.923957,35.063588],[133.922577,35.063055],[133.921584,35.063124],[133.920462,35.064015],[133.919116,35.063308],[133.918028,35.063501],[133.917141,35.063993],[133.917028,35.064818],[133.917508,35.065512],[133.917408,35.065971],[133.916148,35.066546],[133.915691,35.067089],[133.914919,35.067146],[133.914164,35.066517],[133.912824,35.067399],[133.912274,35.068447],[133.910657,35.070598],[133.908797,35.070657],[133.907922,35.072013],[133.906899,35.072064],[133.906076,35.072719],[133.905907,35.073274],[133.904577,35.074729],[133.904124,35.074444],[133.902602,35.074661],[133.901579,35.075741],[133.901639,35.076158],[133.900606,35.076993],[133.899321,35.076723],[133.898809,35.077146],[133.897563,35.077411],[133.896931,35.07859],[133.895923,35.079865],[133.894727,35.079759],[133.892786,35.080385],[133.891715,35.080373],[133.891274,35.080818],[133.88952,35.081071],[133.887996,35.080377],[133.887203,35.080874],[133.886521,35.080497],[133.885365,35.080501],[133.884188,35.080258],[133.88311,35.080326],[133.882428,35.080684],[133.880766,35.080533],[133.880291,35.080708],[133.879244,35.08223],[133.879411,35.08278],[133.878763,35.083827],[133.877903,35.083956],[133.876508,35.085042],[133.874836,35.085476],[133.873635,35.085509],[133.873477,35.086563],[133.874217,35.087615],[133.874333,35.088779],[133.874172,35.089718],[133.874701,35.090322],[133.874068,35.091251],[133.873434,35.091423],[133.872817,35.092317],[133.872331,35.092552],[133.871064,35.095127],[133.870236,35.096295],[133.87012,35.097818],[133.868732,35.09886],[133.868128,35.098776],[133.868233,35.100088],[133.867884,35.101811],[133.867129,35.102109],[133.865873,35.102044],[133.865307,35.102697],[133.864029,35.102577],[133.863405,35.103555],[133.862345,35.103561],[133.859543,35.105145],[133.858201,35.105037],[133.856734,35.105371],[133.855471,35.105168],[133.854527,35.104584],[133.853206,35.104086],[133.851987,35.103126],[133.850637,35.102899],[133.850332,35.103072],[133.848713,35.103072],[133.847559,35.102279],[133.845993,35.102194],[133.845601,35.101508],[133.844011,35.100401],[133.842473,35.099733],[133.841318,35.099554],[133.840941,35.099066],[133.838175,35.098419],[133.837253,35.098818],[133.836548,35.098699],[133.835851,35.096367],[133.83612,35.095953],[133.835343,35.095508],[133.834864,35.09378],[133.834475,35.093654],[133.833884,35.092635],[133.833869,35.092057],[133.832984,35.089774],[133.832192,35.089696],[133.832032,35.088253],[133.835771,35.087075],[133.835169,35.084827],[133.835749,35.08407],[133.835471,35.083452],[133.835443,35.082324],[133.834663,35.081698],[133.83364,35.081782],[133.831994,35.080583],[133.831327,35.079814],[133.828824,35.077481],[133.828635,35.075211],[133.827649,35.074281],[133.827135,35.073372],[133.82601,35.07285],[133.825787,35.071483],[133.825217,35.070992],[133.824449,35.070831],[133.823781,35.069776],[133.823803,35.069239],[133.823037,35.068737],[133.822806,35.068061],[133.821211,35.067829],[133.82139,35.066856],[133.822361,35.066439],[133.82305,35.064648],[133.823783,35.061241],[133.82429,35.060299],[133.824008,35.059561],[133.824342,35.058701],[133.823689,35.058268],[133.823939,35.055848],[133.823777,35.055154],[133.824382,35.054033],[133.824426,35.053508],[133.82402,35.052512],[133.823048,35.052285],[133.823049,35.051362],[133.821838,35.05095],[133.821671,35.050139],[133.822237,35.049352],[133.82236,35.048254],[133.822036,35.04784],[133.822636,35.046818],[133.823202,35.046573],[133.824326,35.045541],[133.826095,35.044611]]]]}},
  {"type":"Feature","properties":{"name":"玉野市","code":"33204"},"geometry":{"type":"MultiPolygon","coordinates":[[[[133.866491,34.518521],[133.865926,34.517514],[133.865776,34.516464],[133.866007,34.514851],[133.866295,34.514126],[133.866491,34.512728],[133.866272,34.511879],[133.866434,34.5107],[133.867771,34.510156],[133.868982,34.509144],[133.86829,34.508278],[133.867956,34.505978],[133.86874,34.505282],[133.869709,34.504795],[133.86964,34.50386],[133.868843,34.503249],[133.868798,34.502839],[133.870103,34.500439],[133.869883,34.499123],[133.868674,34.498662],[133.868434,34.497907],[133.86747,34.496818],[133.86713,34.495961],[133.86838,34.495568],[133.869214,34.496121],[133.870267,34.495128],[133.870074,34.494128],[133.870415,34.493065],[133.869883,34.492379],[133.868617,34.492649],[133.867115,34.492441],[133.864957,34.492314],[133.863921,34.493037],[133.863345,34.494022],[133.86252,34.494069],[133.862261,34.493673],[133.860911,34.493253],[133.860731,34.492687],[133.862603,34.492624],[133.86382,34.491059],[133.863695,34.490256],[133.862947,34.489402],[133.86311,34.486704],[133.862516,34.485759],[133.860875,34.486069],[133.861355,34.485084],[133.862008,34.484646],[133.861787,34.483718],[133.860108,34.483324],[133.858441,34.482017],[133.858803,34.481552],[133.859476,34.482307],[133.861,34.482951],[133.861768,34.482847],[133.861604,34.481306],[133.860713,34.480847],[133.861163,34.480473],[133.862381,34.480354],[133.862439,34.479218],[133.862228,34.478169],[133.863408,34.476954],[133.863576,34.476361],[133.86535,34.476275],[133.865696,34.475686],[133.867096,34.475059],[133.868526,34.475186],[133.870041,34.47583],[133.870252,34.476489],[133.870962,34.476489],[133.872793,34.475953],[133.873371,34.475109],[133.874452,34.474913],[133.875192,34.474229],[133.876303,34.474266],[133.876446,34.473323],[133.877799,34.473086],[133.877661,34.471773],[133.876456,34.472063],[133.875908,34.470309],[133.876387,34.469262],[133.876249,34.467922],[133.877632,34.466784],[133.877622,34.465508],[133.878079,34.464496],[133.878807,34.464102],[133.879493,34.464188],[133.880998,34.463378],[133.882164,34.461903],[133.881665,34.461195],[133.882045,34.460638],[133.882105,34.459841],[133.881813,34.458861],[133.881137,34.457789],[133.880141,34.456841],[133.881904,34.456188],[133.882761,34.456143],[133.884651,34.456346],[133.885664,34.456239],[133.887623,34.456859],[133.889262,34.456904],[133.891819,34.456431],[133.894046,34.456341],[133.896854,34.456444],[133.898403,34.457077],[133.89954,34.456987],[133.9005,34.456364],[133.901721,34.455856],[133.903849,34.454497],[133.904992,34.453399],[133.905325,34.453342],[133.906855,34.452069],[133.907761,34.45171],[133.908616,34.451762],[133.910173,34.450941],[133.911102,34.451352],[133.913316,34.450949],[133.91417,34.452499],[133.916253,34.452066],[133.916268,34.451606],[133.917656,34.451249],[133.918293,34.450211],[133.919004,34.449821],[133.919733,34.450051],[133.927653,34.450923],[133.928971,34.452268],[133.928891,34.4527],[133.927536,34.452572],[133.926529,34.452956],[133.925519,34.453974],[133.925184,34.455355],[133.926599,34.45567],[133.92692,34.456269],[133.928452,34.456126],[133.929999,34.454721],[133.931082,34.455279],[133.932144,34.454325],[133.931335,34.453698],[133.932678,34.45252],[133.932525,34.451713],[133.932952,34.451211],[133.933868,34.451391],[133.934746,34.450912],[133.935234,34.451096],[133.935813,34.451874],[133.936954,34.451869],[133.93667,34.453709],[133.937418,34.454425],[133.938186,34.454798],[133.939339,34.454588],[133.940733,34.454919],[133.942116,34.454966],[133.943219,34.455234],[133.943358,34.456701],[133.942307,34.458644],[133.941567,34.459208],[133.942562,34.459472],[133.942663,34.462084],[133.943589,34.462849],[133.943619,34.464294],[133.94331,34.464672],[133.94188,34.465467],[133.940851,34.465138],[133.940654,34.465739],[133.938686,34.468417],[133.938939,34.468981],[133.936713,34.469942],[133.935751,34.471855],[133.934316,34.473253],[133.934347,34.474363],[133.935039,34.4747],[133.939234,34.475447],[133.938376,34.479189],[133.937775,34.479265],[133.937694,34.480192],[133.938029,34.481169],[133.941265,34.482473],[133.943745,34.483244],[133.944306,34.482719],[133.945472,34.483223],[133.946295,34.484261],[133.947653,34.484832],[133.948065,34.485372],[133.94768,34.486186],[133.946554,34.486807],[133.946236,34.488147],[133.94795,34.488646],[133.948976,34.48808],[133.948083,34.486971],[133.949117,34.486429],[133.950226,34.487809],[133.950402,34.488832],[133.950026,34.489005],[133.949979,34.491976],[133.950168,34.492799],[133.952931,34.492703],[133.952916,34.490303],[133.955981,34.490329],[133.954743,34.491137],[133.954838,34.493288],[133.955569,34.493443],[133.956234,34.49233],[133.959194,34.492464],[133.96085,34.491992],[133.961635,34.492038],[133.962723,34.492949],[133.963661,34.493266],[133.964022,34.494082],[133.964709,34.494735],[133.964811,34.49522],[133.963979,34.496896],[133.963234,34.497315],[133.962414,34.499021],[133.963029,34.499993],[133.962028,34.499834],[133.959555,34.501199],[133.959467,34.502072],[133.959766,34.502454],[133.958754,34.502926],[133.957161,34.504358],[133.957184,34.505581],[133.956477,34.505971],[133.956808,34.506916],[133.957399,34.506775],[133.960212,34.509362],[133.96166,34.513526],[133.956932,34.514695],[133.957958,34.517359],[133.959624,34.518331],[133.961454,34.517763],[133.962337,34.519153],[133.961347,34.519739],[133.96101,34.52067],[133.960597,34.520667],[133.959474,34.522715],[133.961607,34.52409],[133.962638,34.525693],[133.963198,34.526217],[133.964539,34.527008],[133.966299,34.527787],[133.966727,34.528696],[133.967414,34.528785],[133.968155,34.529275],[133.968797,34.530069],[133.970678,34.530497],[133.97392,34.531368],[133.977845,34.533066],[133.979393,34.532854],[133.980187,34.532214],[133.981489,34.531837],[133.98364,34.531654],[133.983978,34.531366],[133.987361,34.53068],[133.988665,34.529553],[133.989178,34.528262],[133.988951,34.527706],[133.989225,34.5264],[133.989702,34.526451],[133.990904,34.525244],[133.991641,34.523782],[133.99155,34.523342],[133.992349,34.521378],[133.99235,34.520714],[133.992871,34.520071],[133.993223,34.518976],[133.993135,34.518466],[133.994838,34.518353],[133.995654,34.517923],[133.996585,34.518022],[133.997889,34.517201],[133.99853,34.516314],[133.999362,34.516247],[134.000535,34.515246],[134.001473,34.513972],[134.001568,34.513076],[134.002998,34.511582],[134.003914,34.512878],[134.005143,34.512917],[134.005049,34.514709],[134.005165,34.515205],[134.006202,34.515297],[134.006419,34.515745],[134.007214,34.515865],[134.007273,34.51639],[134.006575,34.517349],[134.00573,34.517898],[134.003769,34.51718],[134.003313,34.517416],[134.002228,34.517061],[134.00152,34.517344],[134.001289,34.51843],[134.002029,34.518483],[134.002864,34.519341],[134.002504,34.519942],[134.001608,34.519588],[134.001137,34.518699],[133.999922,34.518976],[133.999212,34.519727],[133.999012,34.520806],[133.998128,34.520674],[133.997865,34.521098],[133.997585,34.523314],[133.998002,34.523855],[133.997975,34.524798],[133.997187,34.525313],[133.995964,34.525141],[133.995652,34.525575],[133.995522,34.526868],[133.995718,34.528085],[133.99671,34.528929],[133.997535,34.528623],[133.999325,34.52884],[134.000742,34.529247],[134.001053,34.529651],[133.999706,34.53052],[133.998777,34.530787],[133.997628,34.531712],[133.997491,34.532148],[133.996261,34.532415],[133.995555,34.5331],[133.995511,34.533737],[133.999772,34.542811],[134.000987,34.544819],[134.001175,34.545524],[134.002888,34.545259],[134.003201,34.54584],[134.004605,34.545361],[134.008038,34.549617],[134.010218,34.550797],[134.011319,34.550664],[134.011019,34.550147],[134.012524,34.550034],[134.012478,34.549022],[134.013343,34.548969],[134.013579,34.550644],[134.014658,34.550673],[134.015966,34.549218],[134.016423,34.548341],[134.016513,34.54743],[134.015084,34.546613],[134.015172,34.545847],[134.016234,34.544776],[134.017888,34.544224],[134.01942,34.5441],[134.019764,34.544526],[134.020999,34.545114],[134.021769,34.545028],[134.02224,34.545778],[134.022045,34.546477],[134.020978,34.546992],[134.021006,34.548176],[134.021313,34.549163],[134.022034,34.550477],[134.023769,34.552302],[134.025081,34.553014],[134.025863,34.553222],[134.02637,34.552963],[134.026832,34.552104],[134.027813,34.552114],[134.028728,34.551631],[134.029298,34.550454],[134.03012,34.550454],[134.030873,34.550925],[134.031348,34.550675],[134.032091,34.551297],[134.031979,34.552044],[134.032342,34.552995],[134.030956,34.552745],[134.029892,34.553042],[134.029214,34.552899],[134.02878,34.553349],[134.028596,34.55484],[134.028834,34.555919],[134.029241,34.556601],[134.030268,34.556412],[134.031727,34.557636],[134.033583,34.55734],[134.034103,34.557918],[134.033651,34.558239],[134.032823,34.558178],[134.031503,34.558409],[134.030562,34.558198],[134.030088,34.558561],[134.029998,34.560766],[134.030532,34.562134],[134.031176,34.562629],[134.030412,34.563174],[134.030183,34.563726],[134.029372,34.564226],[134.029978,34.567375],[134.030982,34.570024],[134.032098,34.571873],[134.033077,34.573154],[134.034178,34.573768],[134.032183,34.574721],[134.03028,34.577326],[134.030185,34.577901],[134.028886,34.578441],[134.026894,34.577579],[134.025248,34.576297],[134.02366,34.576039],[134.023068,34.575273],[134.020634,34.576357],[134.019731,34.577267],[134.018998,34.577559],[134.017921,34.577368],[134.017218,34.577767],[134.015982,34.57703],[134.014371,34.577714],[134.01306,34.576886],[134.01205,34.57666],[134.011664,34.57608],[134.010163,34.574964],[134.007843,34.575073],[134.006513,34.575421],[134.005366,34.576658],[134.004533,34.576973],[134.003562,34.576469],[134.001782,34.576775],[134.001037,34.576547],[133.998878,34.576871],[133.997336,34.576268],[133.996458,34.577248],[133.995617,34.577531],[133.994204,34.576915],[133.99336,34.576842],[133.992074,34.576335],[133.991423,34.576319],[133.990496,34.575817],[133.987186,34.577574],[133.986099,34.577534],[133.9855,34.577115],[133.985538,34.575748],[133.985307,34.574847],[133.984037,34.573761],[133.983142,34.572694],[133.982243,34.572136],[133.982536,34.570107],[133.981794,34.569403],[133.98126,34.568427],[133.982046,34.567763],[133.982516,34.566991],[133.980865,34.563912],[133.979913,34.563304],[133.979626,34.562445],[133.97883,34.562046],[133.977112,34.559805],[133.974869,34.559029],[133.973449,34.559202],[133.97273,34.558949],[133.971008,34.557596],[133.969758,34.55793],[133.969575,34.558481],[133.968268,34.558853],[133.966081,34.558582],[133.964668,34.559253],[133.965055,34.559817],[133.964702,34.560785],[133.964531,34.562026],[133.962829,34.5641],[133.962127,34.564756],[133.961723,34.566261],[133.960507,34.566354],[133.958084,34.567222],[133.95775,34.567869],[133.956904,34.568114],[133.956879,34.568754],[133.956179,34.570426],[133.953944,34.570389],[133.952737,34.570593],[133.951316,34.570422],[133.948928,34.571278],[133.948566,34.572028],[133.947789,34.572744],[133.946568,34.572974],[133.938753,34.576438],[133.931815,34.563129],[133.931246,34.562764],[133.923769,34.55105],[133.921182,34.54696],[133.919711,34.544935],[133.902216,34.536949],[133.901851,34.537274],[133.897152,34.542761],[133.894675,34.541306],[133.893305,34.542894],[133.88477,34.537899],[133.887161,34.536757],[133.886305,34.535559],[133.887929,34.534887],[133.886403,34.532683],[133.886217,34.532244],[133.886125,34.527467],[133.886716,34.525184],[133.886583,34.524794],[133.88228,34.523989],[133.880984,34.524612],[133.879461,34.524197],[133.878435,34.524693],[133.877807,34.524152],[133.876554,34.523919],[133.875243,34.524119],[133.874683,34.521976],[133.872347,34.520849],[133.871069,34.520669],[133.869282,34.519465],[133.86746,34.519255],[133.866491,34.518521]]],[[[134.010745,34.497893],[134.011956,34.496173],[134.013792,34.496298],[134.014829,34.496733],[134.016577,34.495896],[134.016848,34.496513],[134.018989,34.49821],[134.019228,34.498633],[134.018978,34.499869],[134.01971,34.500787],[134.019131,34.501219],[134.019062,34.502376],[134.019445,34.503366],[134.021118,34.503592],[134.022946,34.5069],[134.022337,34.506596],[134.020866,34.507106],[134.019578,34.506827],[134.018131,34.507037],[134.017426,34.506649],[134.016863,34.505754],[134.014805,34.504604],[134.014952,34.503746],[134.013632,34.503166],[134.012637,34.503003],[134.011751,34.503179],[134.011037,34.501951],[134.010221,34.50169],[134.010133,34.501054],[134.008824,34.500397],[134.00828,34.499346],[134.007561,34.499204],[134.007558,34.498036],[134.00977,34.498439],[134.010503,34.498346],[134.010745,34.497893]]],[[[133.920098,34.418502],[133.92272,34.418843],[133.925278,34.41882],[133.924872,34.420519],[133.923998,34.421676],[133.922946,34.421649],[133.921513,34.420963],[133.920656,34.420857],[133.920443,34.420169],[133.919658,34.419582],[133.920098,34.418502]]]]}},
  {"type":"Feature","properties":{"name":"笠岡市","code":"33205"},"geometry":{"type":"MultiPolygon","coordinates":[[[[133.449437,34.542764],[133.449171,34.542049],[133.449425,34.54078],[133.448708,34.53972],[133.449665,34.538604],[133.450761,34.538737],[133.45136,34.538384],[133.453339,34.534971],[133.453674,34.532565],[133.454389,34.531506],[133.45393,34.530166],[133.453019,34.52946],[133.451706,34.527959],[133.451453,34.527186],[133.450371,34.526744],[133.449795,34.525614],[133.449806,34.523639],[133.448863,34.522371],[133.448702,34.521369],[133.447364,34.520787],[133.447088,34.520019],[133.447272,34.519399],[133.448402,34.517414],[133.448054,34.516068],[133.448239,34.515209],[133.448711,34.51456],[133.449161,34.513202],[133.449957,34.512295],[133.449288,34.511608],[133.448539,34.512047],[133.447409,34.512286],[133.446509,34.51178],[133.446581,34.51086],[133.445208,34.509715],[133.444978,34.507442],[133.444943,34.505886],[133.44683,34.505523],[133.448001,34.50602],[133.449293,34.506029],[133.450619,34.506802],[133.453375,34.506735],[133.454631,34.505231],[133.4556,34.503471],[133.455154,34.502223],[133.455164,34.501636],[133.45639,34.500104],[133.456221,34.499063],[133.455661,34.497811],[133.455735,34.495812],[133.455439,34.494901],[133.453811,34.493011],[133.451493,34.491966],[133.451007,34.491213],[133.451208,34.490196],[133.448801,34.48855],[133.448441,34.487701],[133.449036,34.485872],[133.448117,34.485564],[133.447007,34.484883],[133.446088,34.483753],[133.445873,34.483057],[133.446443,34.482409],[133.446359,34.481131],[133.447159,34.479844],[133.447151,34.479263],[133.449216,34.477518],[133.454709,34.477465],[133.455223,34.477374],[133.455179,34.473927],[133.454987,34.471136],[133.455268,34.470613],[133.456479,34.470561],[133.456321,34.460465],[133.456324,34.454538],[133.46278,34.454466],[133.468019,34.457229],[133.4801,34.46369],[133.480749,34.46296],[133.484024,34.464745],[133.483468,34.465465],[133.484384,34.46595],[133.489767,34.460542],[133.490291,34.459963],[133.490271,34.458788],[133.489106,34.45726],[133.488261,34.456888],[133.486236,34.457139],[133.485005,34.456333],[133.483805,34.456232],[133.482653,34.45546],[133.482576,34.454456],[133.482286,34.454035],[133.480324,34.453541],[133.478261,34.45351],[133.476013,34.452152],[133.474563,34.450534],[133.473829,34.449464],[133.473049,34.447542],[133.472981,34.446536],[133.473369,34.445789],[133.473167,34.443718],[133.473332,34.442632],[133.473803,34.44146],[133.474878,34.441968],[133.476349,34.442373],[133.476965,34.443286],[133.477885,34.443416],[133.480386,34.442469],[133.480676,34.441737],[133.481398,34.441563],[133.482263,34.44238],[133.48308,34.442392],[133.484955,34.441708],[133.485506,34.441843],[133.486778,34.441069],[133.487965,34.441136],[133.489098,34.440961],[133.490565,34.441833],[133.490805,34.442167],[133.491826,34.442204],[133.492691,34.442929],[133.494242,34.443612],[133.495054,34.444271],[133.497016,34.447367],[133.498391,34.44894],[133.49988,34.449615],[133.500185,34.45072],[133.500935,34.451725],[133.501865,34.451399],[133.502799,34.451774],[133.503752,34.451307],[133.506093,34.451866],[133.507167,34.451826],[133.507584,34.450829],[133.509431,34.45077],[133.508747,34.451794],[133.509187,34.452064],[133.509878,34.451702],[133.512065,34.450115],[133.512532,34.450229],[133.513559,34.449415],[133.514404,34.449183],[133.517383,34.44942],[133.518703,34.449985],[133.521473,34.450383],[133.523231,34.451212],[133.524146,34.451216],[133.525019,34.452404],[133.526037,34.452684],[133.527182,34.453465],[133.52747,34.453887],[133.527432,34.45488],[133.526786,34.45647],[133.525165,34.457428],[133.524629,34.458496],[133.524836,34.459175],[133.52479,34.46058],[133.525499,34.462247],[133.526658,34.464145],[133.527288,34.465878],[133.528021,34.468296],[133.527364,34.469865],[133.526974,34.471223],[133.526572,34.471287],[133.524839,34.472205],[133.523794,34.472532],[133.523133,34.4716],[133.520247,34.472678],[133.519384,34.473131],[133.518267,34.475962],[133.518493,34.477413],[133.517814,34.478361],[133.516867,34.479001],[133.51573,34.479061],[133.514704,34.480108],[133.514234,34.482099],[133.51284,34.484216],[133.512359,34.484705],[133.508508,34.490559],[133.499884,34.499933],[133.499658,34.500322],[133.497581,34.501588],[133.4967,34.501991],[133.490484,34.505823],[133.488921,34.506689],[133.489472,34.507095],[133.489731,34.508509],[133.489413,34.509239],[133.486712,34.513055],[133.485338,34.513],[133.485106,34.513343],[133.485808,34.513872],[133.486792,34.514191],[133.488893,34.513035],[133.489433,34.513037],[133.490326,34.510502],[133.490653,34.510692],[133.491566,34.50977],[133.491019,34.509385],[133.491046,34.508655],[133.49255,34.50825],[133.49287,34.507626],[133.492889,34.506517],[133.493407,34.50572],[133.496103,34.504109],[133.496753,34.50441],[133.497045,34.503527],[133.500838,34.501186],[133.501796,34.50149],[133.5016,34.501964],[133.501483,34.503745],[133.501594,34.504469],[133.502635,34.505024],[133.503296,34.504751],[133.502608,34.503972],[133.503305,34.503474],[133.50464,34.502092],[133.503449,34.500788],[133.503913,34.499688],[133.504535,34.499046],[133.50639,34.499354],[133.50678,34.498891],[133.507467,34.499025],[133.508467,34.500209],[133.50906,34.500177],[133.509265,34.49949],[133.510042,34.498815],[133.508239,34.497128],[133.514749,34.49005],[133.51524,34.489894],[133.517088,34.490353],[133.516914,34.489832],[133.515966,34.489543],[133.515537,34.488766],[133.518322,34.4826],[133.518999,34.482415],[133.51934,34.481633],[133.518407,34.481125],[133.518701,34.480336],[133.51833,34.479792],[133.518365,34.479116],[133.519511,34.478463],[133.52065,34.47746],[133.522137,34.476581],[133.521782,34.47567],[133.522635,34.475003],[133.524407,34.474676],[133.524967,34.475137],[133.524551,34.476171],[133.524324,34.477528],[133.524459,34.478814],[133.526674,34.478741],[133.529021,34.477539],[133.529498,34.477052],[133.529392,34.475796],[133.530034,34.473554],[133.529962,34.47274],[133.530769,34.470962],[133.530319,34.470406],[133.530995,34.470043],[133.532058,34.468921],[133.533514,34.467929],[133.534844,34.466229],[133.536048,34.465464],[133.537722,34.463153],[133.539232,34.462263],[133.540384,34.461384],[133.541795,34.461854],[133.542721,34.46166],[133.543726,34.462078],[133.546399,34.462159],[133.547449,34.462872],[133.548596,34.463137],[133.549136,34.462882],[133.549953,34.463176],[133.552114,34.464387],[133.553647,34.464436],[133.555669,34.465754],[133.556854,34.465325],[133.557746,34.466908],[133.55778,34.467531],[133.558929,34.468037],[133.559463,34.467871],[133.560344,34.468262],[133.561947,34.468072],[133.564921,34.467513],[133.567536,34.466623],[133.56908,34.465918],[133.570133,34.465864],[133.572736,34.466067],[133.573241,34.465905],[133.573531,34.468063],[133.571833,34.470418],[133.571036,34.472446],[133.571191,34.474365],[133.570247,34.475393],[133.570825,34.475884],[133.569894,34.477774],[133.569587,34.479074],[133.568736,34.479913],[133.568579,34.483383],[133.569137,34.484156],[133.568561,34.484902],[133.568326,34.485725],[133.56765,34.486296],[133.566797,34.486476],[133.566028,34.486327],[133.564763,34.487419],[133.562925,34.487563],[133.561989,34.488145],[133.560772,34.488495],[133.562109,34.489337],[133.561906,34.490242],[133.561142,34.490751],[133.561644,34.492057],[133.561176,34.493393],[133.560387,34.493532],[133.559143,34.492977],[133.55719,34.49289],[133.556527,34.492603],[133.554451,34.49315],[133.553675,34.493134],[133.553273,34.492605],[133.552127,34.492605],[133.550934,34.492199],[133.549817,34.491361],[133.547325,34.491192],[133.54729,34.491478],[133.545856,34.492313],[133.545009,34.492462],[133.542965,34.493153],[133.542543,34.49268],[133.541587,34.492757],[133.539896,34.493921],[133.537951,34.493494],[133.537169,34.493823],[133.536768,34.494733],[133.533284,34.495837],[133.529795,34.496774],[133.53,34.497339],[133.53345,34.501739],[133.534564,34.503244],[133.536209,34.504771],[133.536325,34.507011],[133.537372,34.507648],[133.538038,34.508701],[133.539157,34.509044],[133.540921,34.509808],[133.54251,34.511157],[133.54403,34.511481],[133.544628,34.512698],[133.544409,34.514091],[133.545274,34.515169],[133.545546,34.516008],[133.544392,34.517879],[133.543712,34.51867],[133.54512,34.518688],[133.546434,34.518422],[133.546838,34.519229],[133.54656,34.522097],[133.546388,34.522784],[133.54716,34.523901],[133.548129,34.524072],[133.548883,34.525017],[133.548941,34.526748],[133.549528,34.527891],[133.548698,34.528149],[133.54665,34.530088],[133.546431,34.531681],[133.545485,34.533595],[133.544701,34.534177],[133.543352,34.534348],[133.542521,34.535054],[133.543386,34.53618],[133.543224,34.537745],[133.543444,34.538279],[133.543391,34.540228],[133.544556,34.541545],[133.544244,34.543296],[133.543863,34.543811],[133.545639,34.54488],[133.544059,34.545126],[133.542871,34.546243],[133.541949,34.546768],[133.54092,34.546951],[133.540655,34.547857],[133.541231,34.548449],[133.540655,34.550524],[133.541012,34.550887],[133.542048,34.550884],[133.543005,34.550302],[133.543686,34.550254],[133.545853,34.551123],[133.546592,34.551047],[133.547168,34.550445],[133.548506,34.550006],[133.54986,34.550083],[133.55114,34.549939],[133.552028,34.550827],[133.553631,34.551314],[133.554357,34.552001],[133.555038,34.551695],[133.555926,34.552335],[133.55671,34.553251],[133.557429,34.554879],[133.558433,34.555031],[133.559286,34.555823],[133.559574,34.556577],[133.559712,34.558145],[133.560935,34.558994],[133.561131,34.559452],[133.560635,34.560139],[133.5606,34.561256],[133.561322,34.562297],[133.562349,34.562297],[133.562418,34.562844],[133.561841,34.563478],[133.561276,34.565825],[133.561887,34.567393],[133.561311,34.567851],[133.561334,34.568386],[133.561979,34.569273],[133.562879,34.569826],[133.563133,34.570284],[133.562904,34.571329],[133.565568,34.572818],[133.565983,34.5736],[133.566052,34.575012],[133.566836,34.575317],[133.567021,34.575832],[133.566398,34.577446],[133.56739,34.57839],[133.567579,34.578846],[133.568755,34.579457],[133.570001,34.58066],[133.57048,34.581597],[133.571253,34.582303],[133.571264,34.5834],[133.572291,34.583944],[133.572337,34.584553],[133.571587,34.584925],[133.570143,34.585036],[133.568317,34.585835],[133.567417,34.585759],[133.566668,34.586016],[133.565747,34.586755],[133.563781,34.586837],[133.563084,34.588462],[133.563109,34.589591],[133.562251,34.591023],[133.560984,34.592261],[133.559417,34.592961],[133.557351,34.592621],[133.556754,34.592786],[133.555223,34.593701],[133.554463,34.595795],[133.553978,34.596422],[133.552219,34.599691],[133.551895,34.599804],[133.550539,34.599393],[133.549655,34.599938],[133.54912,34.600555],[133.548728,34.601518],[133.547534,34.602196],[133.546788,34.602381],[133.544884,34.603307],[133.543174,34.603778],[133.541843,34.60348],[133.539888,34.601814],[133.537388,34.601371],[133.535404,34.600621],[133.534944,34.599726],[133.534207,34.599158],[133.53305,34.599035],[133.529351,34.599676],[133.527837,34.599724],[133.526899,34.598288],[133.525314,34.59632],[133.523759,34.595847],[133.52392,34.593776],[133.523833,34.592609],[133.523423,34.592105],[133.522444,34.592023],[133.520708,34.592698],[133.519613,34.592615],[133.519041,34.592039],[133.516913,34.592121],[133.515333,34.591114],[133.513613,34.591395],[133.512207,34.591292],[133.511075,34.590737],[133.511137,34.589688],[133.509756,34.588228],[133.509765,34.58657],[133.510515,34.584977],[133.509789,34.583347],[133.509789,34.582489],[133.508151,34.581525],[133.507536,34.5807],[133.505045,34.579229],[133.504814,34.5788],[133.50546,34.576754],[133.504987,34.574781],[133.506648,34.5733],[133.505529,34.572422],[133.504019,34.571687],[133.503827,34.570923],[133.505326,34.568883],[133.505407,34.567776],[133.505799,34.566881],[133.505165,34.565898],[133.504941,34.563258],[133.504757,34.562876],[133.50365,34.562572],[133.503016,34.562095],[133.501747,34.56241],[133.500732,34.560268],[133.499803,34.560087],[133.499422,34.560363],[133.497757,34.559772],[133.496599,34.559973],[133.494904,34.559152],[133.493866,34.558144],[133.492829,34.557962],[133.491274,34.557033],[133.48989,34.556584],[133.489268,34.555816],[133.488242,34.553297],[133.485421,34.551406],[133.483784,34.551502],[133.482134,34.551399],[133.480313,34.549731],[133.479229,34.549368],[133.478272,34.547985],[133.477298,34.547011],[133.476111,34.547336],[133.474577,34.547326],[133.474231,34.547851],[133.473274,34.547708],[133.472455,34.546649],[133.471348,34.546735],[133.470926,34.546276],[133.468931,34.545417],[133.467363,34.546037],[133.46665,34.545912],[133.466708,34.544882],[133.465128,34.544319],[133.465338,34.543102],[133.465246,34.542339],[133.464314,34.541931],[133.461535,34.541492],[133.46097,34.540548],[133.459944,34.540491],[133.456514,34.543933],[133.455915,34.544019],[133.454658,34.54483],[133.453002,34.544667],[133.451099,34.543704],[133.450419,34.543112],[133.449437,34.542764]]],[[[133.516667,34.386321],[133.516525,34.38471],[133.516302,34.384072],[133.516996,34.383031],[133.517748,34.382584],[133.519903,34.381933],[133.521133,34.380789],[133.522257,34.380477],[133.522663,34.379905],[133.52484,34.378921],[133.525663,34.378032],[133.526384,34.378009],[133.527349,34.378754],[133.528096,34.37858],[133.5294,34.377571],[133.530032,34.376788],[133.530684,34.376427],[133.531567,34.375277],[133.531735,34.374251],[133.532207,34.373329],[133.532905,34.372991],[133.533803,34.373103],[133.534196,34.373599],[133.535901,34.373908],[133.536778,34.37343],[133.537694,34.372382],[133.53739,34.372204],[133.538234,34.371208],[133.538911,34.37099],[133.539142,34.370331],[133.540929,34.369429],[133.542267,34.368421],[133.542273,34.368009],[133.54353,34.367564],[133.545261,34.366637],[133.545798,34.366606],[133.547036,34.367976],[133.547127,34.368669],[133.547785,34.369034],[133.549275,34.36895],[133.55132,34.368238],[133.552385,34.367442],[133.553927,34.367471],[133.554666,34.367044],[133.555752,34.367703],[133.556594,34.367576],[133.557321,34.367018],[133.558618,34.367024],[133.558883,34.3689],[133.559834,34.369401],[133.560221,34.370484],[133.559616,34.370805],[133.558417,34.372327],[133.558402,34.372936],[133.557735,34.373802],[133.557769,34.374445],[133.558523,34.375127],[133.5595,34.375406],[133.560134,34.376286],[133.559739,34.376969],[133.558149,34.376732],[133.557871,34.37591],[133.55732,34.37547],[133.555909,34.375462],[133.5552,34.374821],[133.554429,34.374925],[133.553479,34.375496],[133.552826,34.376338],[133.55152,34.376551],[133.55019,34.375584],[133.548494,34.375418],[133.546234,34.377344],[133.544996,34.377375],[133.545187,34.379],[133.544787,34.380223],[133.546059,34.38209],[133.546936,34.382611],[133.547898,34.383894],[133.5479,34.385052],[133.549275,34.386552],[133.550143,34.387167],[133.550428,34.38783],[133.55033,34.389293],[133.549852,34.390033],[133.5502,34.390956],[133.551148,34.391916],[133.552479,34.392222],[133.553451,34.39155],[133.554277,34.391553],[133.554581,34.392093],[133.554278,34.393004],[133.555218,34.393863],[133.556043,34.394217],[133.557157,34.393969],[133.557675,34.396128],[133.556297,34.396356],[133.555627,34.39585],[133.555678,34.394992],[133.555088,34.394573],[133.553695,34.394531],[133.5527,34.395299],[133.552272,34.395096],[133.551986,34.393986],[133.552446,34.393441],[133.551809,34.393053],[133.550792,34.394002],[133.550508,34.395411],[133.549928,34.396448],[133.54807,34.398326],[133.547578,34.398969],[133.547779,34.399624],[133.547135,34.400531],[133.545889,34.400968],[133.544868,34.402177],[133.544054,34.401676],[133.543409,34.401639],[133.54228,34.402185],[133.541587,34.401392],[133.540797,34.401279],[133.538811,34.401463],[133.537618,34.401237],[133.536366,34.399519],[133.536869,34.399117],[133.537002,34.39748],[133.536772,34.396403],[133.537175,34.395839],[133.535662,34.394461],[133.535687,34.393846],[133.533667,34.394663],[133.533134,34.394256],[133.533339,34.393724],[133.532965,34.393065],[133.532009,34.392774],[133.530197,34.392946],[133.529609,34.392816],[133.529414,34.391839],[133.530163,34.390399],[133.528769,34.388983],[133.52738,34.388837],[133.527497,34.388042],[133.524907,34.388183],[133.5247,34.388773],[133.52512,34.389688],[133.524693,34.390426],[133.523979,34.390826],[133.523565,34.391597],[133.522546,34.391071],[133.520926,34.390952],[133.519146,34.389516],[133.518515,34.387967],[133.51853,34.387381],[133.518089,34.386745],[133.517206,34.386807],[133.516667,34.386321]]],[[[133.507124,34.399709],[133.507421,34.399031],[133.509094,34.397744],[133.5094,34.396679],[133.509229,34.395687],[133.508822,34.395553],[133.509193,34.394617],[133.50884,34.393922],[133.510095,34.392675],[133.510241,34.392317],[133.511225,34.392036],[133.51133,34.390741],[133.511842,34.390106],[133.513056,34.390039],[133.513767,34.389689],[133.514274,34.390412],[133.515189,34.390918],[133.515419,34.391619],[133.516372,34.392381],[133.516431,34.392796],[133.517444,34.393223],[133.5183,34.394074],[133.519149,34.394563],[133.519186,34.395151],[133.519811,34.395469],[133.520115,34.396276],[133.520238,34.397561],[133.520909,34.3983],[133.521806,34.398616],[133.521926,34.399074],[133.522898,34.399119],[133.524795,34.398689],[133.525603,34.39887],[133.525956,34.399884],[133.525405,34.400201],[133.5256,34.401113],[133.525508,34.402206],[133.524881,34.402714],[133.523898,34.404854],[133.524025,34.405368],[133.523509,34.405931],[133.524051,34.406786],[133.524029,34.408783],[133.525328,34.408789],[133.525658,34.409109],[133.524869,34.409877],[133.525434,34.410476],[133.525589,34.411192],[133.524611,34.411342],[133.524247,34.412933],[133.526838,34.414769],[133.527055,34.415746],[133.526732,34.416019],[133.524832,34.4164],[133.521418,34.415668],[133.521316,34.414671],[133.520473,34.414552],[133.51976,34.414135],[133.519464,34.413217],[133.519971,34.412959],[133.519398,34.411473],[133.519599,34.411299],[133.519066,34.410025],[133.518667,34.408476],[133.517553,34.408114],[133.516846,34.408856],[133.517717,34.41043],[133.516105,34.410862],[133.514427,34.410103],[133.514387,34.409405],[133.5139,34.408513],[133.512197,34.406621],[133.510242,34.406275],[133.50976,34.406925],[133.508115,34.407265],[133.505839,34.406636],[133.506051,34.405902],[133.50572,34.404439],[133.505183,34.403519],[133.506822,34.401849],[133.507318,34.400451],[133.507124,34.399709]]],[[[133.566505,34.352814],[133.566754,34.352251],[133.567403,34.351946],[133.567088,34.351052],[133.567959,34.350565],[133.568765,34.350516],[133.569933,34.349434],[133.571394,34.349406],[133.572026,34.34847],[133.572819,34.347876],[133.573642,34.347678],[133.573991,34.348751],[133.575971,34.34907],[133.576153,34.349942],[133.577166,34.350205],[133.57785,34.350002],[133.579219,34.350882],[133.580873,34.351134],[133.580716,34.352166],[133.581029,34.353157],[133.582551,34.353727],[133.58253,34.354617],[133.583563,34.355879],[133.583648,34.356664],[133.584201,34.357885],[133.58467,34.358336],[133.585838,34.358572],[133.587353,34.358494],[133.587844,34.358227],[133.588979,34.358604],[133.590207,34.358527],[133.591105,34.358805],[133.590692,34.360468],[133.591076,34.361445],[133.589495,34.363095],[133.588029,34.36366],[133.586857,34.363657],[133.585653,34.36261],[133.584178,34.361621],[133.582999,34.361897],[133.581558,34.361876],[133.580913,34.361336],[133.580527,34.360228],[133.580254,34.358678],[133.580325,34.357848],[133.581056,34.357373],[133.5807,34.35666],[133.579327,34.355927],[133.579557,34.355418],[133.578405,34.355083],[133.577936,34.356243],[133.577471,34.355982],[133.575711,34.356287],[133.575337,34.355936],[133.574632,34.356208],[133.574443,34.357119],[133.573977,34.357831],[133.573936,34.359199],[133.573347,34.35958],[133.57247,34.3586],[133.571998,34.357678],[133.571039,34.356653],[133.570639,34.356669],[133.569043,34.355981],[133.568883,34.355316],[133.569335,34.354528],[133.568892,34.353601],[133.568301,34.353699],[133.566644,34.353238],[133.566505,34.352814]]],[[[133.49989,34.42391],[133.500513,34.423578],[133.501393,34.423827],[133.502314,34.425057],[133.503214,34.425157],[133.504343,34.424366],[133.505127,34.424425],[133.507711,34.425298],[133.507995,34.425658],[133.50933,34.426083],[133.510394,34.426151],[133.511091,34.42586],[133.511704,34.426091],[133.512236,34.426833],[133.513485,34.427069],[133.514473,34.428397],[133.516018,34.428813],[133.516122,34.429687],[133.515222,34.429969],[133.515016,34.430756],[133.516377,34.431943],[133.516244,34.432723],[133.517193,34.433292],[133.517601,34.434164],[133.517366,34.434856],[133.516394,34.434563],[133.516231,34.433707],[133.515057,34.433122],[133.513439,34.433565],[133.511894,34.435176],[133.51189,34.434121],[133.511461,34.43345],[133.511771,34.432633],[133.511364,34.432076],[133.509866,34.431622],[133.508491,34.431923],[133.507762,34.432726],[133.506749,34.433358],[133.50598,34.433013],[133.505225,34.431822],[133.503705,34.43115],[133.503548,34.430505],[133.502761,34.429784],[133.502214,34.429895],[133.501958,34.431108],[133.500925,34.431063],[133.501366,34.429438],[133.501315,34.428802],[133.500326,34.428555],[133.500736,34.427499],[133.499751,34.42619],[133.499523,34.425421],[133.49989,34.42391]]],[[[133.499492,34.339892],[133.500875,34.340304],[133.501068,34.339266],[133.50209,34.339084],[133.502833,34.338111],[133.502872,34.33651],[133.503553,34.336302],[133.504205,34.336848],[133.505197,34.336747],[133.506582,34.33571],[133.506826,34.335261],[133.507969,34.335104],[133.507683,34.336782],[133.508185,34.338414],[133.508633,34.338869],[133.509449,34.340543],[133.509688,34.341514],[133.509621,34.342354],[133.509081,34.342828],[133.507493,34.343071],[133.506761,34.344935],[133.506159,34.345092],[133.505109,34.344861],[133.503741,34.344897],[133.503448,34.345756],[133.502857,34.346392],[133.501893,34.346772],[133.500481,34.346917],[133.499995,34.347311],[133.499694,34.34872],[133.500081,34.349799],[133.499601,34.350218],[133.497625,34.350355],[133.497556,34.349444],[133.497853,34.348406],[133.497676,34.346412],[133.496807,34.345682],[133.499017,34.345576],[133.4994,34.344644],[133.498573,34.343892],[133.498731,34.342944],[133.498399,34.342343],[133.497334,34.341924],[133.497093,34.340962],[133.497248,34.340324],[133.499492,34.339892]]],[[[133.533277,34.298734],[133.533776,34.298504],[133.535207,34.299774],[133.536122,34.299908],[133.537011,34.301202],[133.536532,34.302997],[133.536887,34.303631],[133.536812,34.304235],[133.538582,34.305969],[133.538868,34.307171],[133.540512,34.307604],[133.539587,34.308309],[133.538317,34.309708],[133.537741,34.309448],[133.537825,34.30877],[133.537251,34.30795],[133.535737,34.307455],[133.534038,34.307651],[133.532924,34.307085],[133.532294,34.307077],[133.531345,34.307529],[133.530929,34.307305],[133.529702,34.307497],[133.529453,34.307953],[133.528483,34.307523],[133.527878,34.307556],[133.527034,34.308123],[133.526924,34.307096],[133.526006,34.306409],[133.526175,34.305603],[133.525742,34.305076],[133.52672,34.304013],[133.526341,34.302876],[133.527283,34.302854],[133.528264,34.301999],[133.528585,34.301067],[133.528379,34.300501],[133.529821,34.299555],[133.531888,34.299553],[133.532825,34.299188],[133.533277,34.298734]]],[[[133.516521,34.349639],[133.516898,34.349331],[133.516901,34.348392],[133.517381,34.347764],[133.519127,34.346866],[133.519713,34.346095],[133.519463,34.345186],[133.51865,34.344396],[133.518884,34.343889],[133.520158,34.343597],[133.521413,34.343812],[133.522526,34.343239],[133.522976,34.344646],[133.52309,34.345887],[133.522866,34.347566],[133.522016,34.348569],[133.520616,34.34909],[133.519327,34.349917],[133.519199,34.350214],[133.517875,34.35098],[133.517428,34.35169],[133.516596,34.352293],[133.515808,34.350847],[133.516521,34.349639]]],[[[133.582697,34.38068],[133.582226,34.379789],[133.582213,34.378666],[133.582647,34.378236],[133.583854,34.378153],[133.584294,34.377662],[133.58596,34.376964],[133.586508,34.378343],[133.587973,34.379461],[133.588411,34.380386],[133.588894,34.380798],[133.588702,34.381298],[133.586946,34.381007],[133.585627,34.381139],[133.585335,34.380621],[133.584271,34.380525],[133.583956,34.380879],[133.582697,34.38068]]],[[[133.499843,34.432789],[133.500384,34.433593],[133.500342,34.435987],[133.499307,34.436003],[133.499019,34.437042],[133.497885,34.435849],[133.49761,34.434054],[133.497923,34.433172],[133.496814,34.431654],[133.496088,34.431867],[133.495824,34.431259],[133.496505,34.430859],[133.497106,34.431169],[133.497724,34.430533],[133.498683,34.430443],[133.499009,34.431469],[133.499843,34.432789]]],[[[133.586993,34.374688],[133.58613,34.375826],[133.585851,34.375736],[133.583623,34.373583],[133.583766,34.372535],[133.584153,34.372073],[133.584785,34.372186],[133.585695,34.371893],[133.586959,34.372501],[133.587326,34.373245],[133.586993,34.374688]]],[[[133.500583,34.383009],[133.498445,34.38323],[133.497886,34.384731],[133.496574,34.384232],[133.495678,34.384799],[133.496104,34.382893],[133.496816,34.38221],[133.498067,34.382428],[133.499832,34.381881],[133.500583,34.383009]]],[[[133.501951,34.440096],[133.502162,34.438101],[133.502815,34.437391],[133.502875,34.436549],[133.504035,34.437621],[133.504406,34.438243],[133.504361,34.440044],[133.503859,34.440465],[133.502733,34.440503],[133.501951,34.440096]]],[[[133.511118,34.422024],[133.511682,34.422188],[133.512577,34.421945],[133.514169,34.422337],[133.514682,34.42282],[133.516196,34.423342],[133.516667,34.424228],[133.513851,34.423943],[133.513178,34.42309],[133.512473,34.422881],[133.511315,34.42314],[133.510516,34.422239],[133.511118,34.422024]]],[[[133.593086,34.373837],[133.592325,34.373555],[133.592278,34.3724],[133.593446,34.372231],[133.594091,34.373454],[133.593086,34.373837]]]]}},
  {"type":"Feature","properties":{"name":"井原市","code":"33207"},"geometry":{"type":"MultiPolygon","coordinates":[[[[133.529351,34.599676],[133.529412,34.600901],[133.529026,34.601404],[133.527658,34.602042],[133.527558,34.602587],[133.527954,34.6037],[133.527705,34.604924],[133.528854,34.605776],[133.530111,34.606238],[133.531264,34.607328],[133.532309,34.607462],[133.532418,34.607917],[133.531808,34.60912],[133.531634,34.610323],[133.53192,34.611566],[133.531721,34.61209],[133.530614,34.613232],[133.530614,34.613519],[133.531596,34.61497],[133.532641,34.615093],[133.532571,34.615904],[133.531874,34.616253],[133.530406,34.615996],[133.529896,34.616099],[133.529323,34.617035],[133.528353,34.617487],[133.52788,34.618197],[133.527651,34.619668],[133.5279,34.620223],[133.527228,34.621992],[133.52678,34.622506],[133.525733,34.623111],[133.524153,34.623245],[133.522299,34.624499],[133.521366,34.626526],[133.519988,34.626937],[133.51995,34.627708],[133.51883,34.629734],[133.520087,34.630242],[133.521456,34.630561],[133.522202,34.629964],[133.523048,34.63015],[133.52321,34.631497],[133.524653,34.631549],[133.525437,34.632207],[133.526295,34.632453],[133.527216,34.63196],[133.527424,34.631353],[133.528195,34.631117],[133.529187,34.631148],[133.531462,34.630324],[133.533601,34.629934],[133.534373,34.630829],[133.535622,34.631477],[133.536244,34.631487],[133.537286,34.632474],[133.536464,34.634424],[133.535145,34.636008],[133.535208,34.636709],[133.53634,34.638464],[133.536476,34.640346],[133.536315,34.641039],[133.534859,34.642767],[133.533951,34.642983],[133.532682,34.642242],[133.529882,34.642736],[133.529148,34.642613],[133.528351,34.642859],[133.527218,34.642376],[133.526845,34.641553],[133.525974,34.640916],[133.525277,34.641121],[133.525153,34.642047],[133.525937,34.642459],[133.526396,34.644316],[133.526133,34.64514],[133.526568,34.646559],[133.525571,34.646813],[133.523592,34.645608],[133.522472,34.647284],[133.523107,34.648991],[133.52224,34.650333],[133.522763,34.650816],[133.523721,34.650857],[133.52594,34.650682],[133.527073,34.649931],[133.52864,34.647586],[133.528677,34.646969],[133.530749,34.645546],[133.531384,34.645546],[133.533175,34.646009],[133.534358,34.646122],[133.535589,34.646564],[133.537443,34.646564],[133.538115,34.646811],[133.540511,34.645978],[133.543918,34.648528],[133.545734,34.647726],[133.54678,34.648056],[133.547688,34.647654],[133.54944,34.647171],[133.550634,34.645854],[133.550746,34.645042],[133.551406,34.644147],[133.553803,34.643244],[133.555073,34.643738],[133.555894,34.644519],[133.557446,34.645499],[133.558865,34.646023],[133.55991,34.645807],[133.561028,34.646465],[133.561214,34.647596],[133.561961,34.649036],[133.562446,34.649238],[133.564126,34.649248],[133.564362,34.649546],[133.564321,34.65089],[133.562628,34.652062],[133.562648,34.653193],[133.561665,34.65416],[133.561205,34.655528],[133.561566,34.657466],[133.561167,34.659372],[133.562446,34.660899],[133.563392,34.661187],[133.563591,34.661763],[133.564934,34.663079],[133.56583,34.66456],[133.566116,34.66571],[133.567876,34.668444],[133.568659,34.668783],[133.569558,34.669894],[133.569821,34.671497],[133.570347,34.672311],[133.570281,34.673105],[133.5715,34.674782],[133.570589,34.676594],[133.570711,34.678572],[133.570559,34.679405],[133.571428,34.680265],[133.572672,34.679806],[133.573541,34.680264],[133.573857,34.681076],[133.574997,34.681483],[133.576397,34.68155],[133.576639,34.680731],[133.5785,34.680698],[133.580987,34.680114],[133.581513,34.679746],[133.583151,34.679613],[133.583478,34.680693],[133.584004,34.681528],[133.584934,34.682046],[133.587502,34.682229],[133.587907,34.68273],[133.587644,34.683231],[133.588473,34.683932],[133.589221,34.683799],[133.589726,34.684751],[133.591506,34.685001],[133.594062,34.686848],[133.594406,34.687416],[133.594345,34.688134],[133.593253,34.689136],[133.593091,34.690104],[133.593536,34.691957],[133.593576,34.693521],[133.594021,34.694556],[133.592605,34.695842],[133.59303,34.696961],[133.592828,34.698263],[133.595084,34.699524],[133.597167,34.700342],[133.598643,34.700092],[133.599695,34.700543],[133.600443,34.701945],[133.601879,34.70283],[133.602574,34.703663],[133.603848,34.703881],[133.604698,34.703096],[133.60581,34.702645],[133.606234,34.703313],[133.607064,34.703914],[133.607811,34.705283],[133.608547,34.706141],[133.606849,34.706918],[133.605696,34.708254],[133.604711,34.70878],[133.603068,34.708905],[133.601308,34.708671],[133.600143,34.708841],[133.599407,34.710525],[133.598223,34.710531],[133.597345,34.71141],[133.596435,34.711744],[133.596071,34.712579],[133.594999,34.712529],[133.594259,34.712863],[133.593018,34.712255],[133.592386,34.712171],[133.591307,34.711477],[133.589143,34.711276],[133.587283,34.710007],[133.586393,34.710625],[133.585341,34.710725],[133.583982,34.712108],[133.584023,34.712826],[133.583032,34.714696],[133.583275,34.715147],[133.583376,34.716876],[133.584225,34.717377],[133.584448,34.718462],[133.582971,34.719264],[133.581819,34.719247],[133.580707,34.719113],[133.578644,34.7209],[133.577391,34.720516],[133.57589,34.721172],[133.574899,34.721256],[133.572675,34.720421],[133.571927,34.719519],[133.569674,34.720137],[133.568764,34.719886],[133.568441,34.719052],[133.56747,34.719887],[133.566884,34.720771],[133.566196,34.720187],[133.564898,34.720204],[133.564089,34.719619],[133.563381,34.718372],[133.562451,34.71909],[133.562168,34.720793],[133.561197,34.722246],[133.561197,34.723014],[133.560207,34.723281],[133.559742,34.723799],[133.560146,34.726087],[133.559519,34.726938],[133.55867,34.726267],[133.557983,34.7261],[133.557356,34.726701],[133.556446,34.727102],[133.555232,34.728554],[133.555071,34.729072],[133.555556,34.729824],[133.554869,34.730625],[133.554387,34.731735],[133.554529,34.732637],[133.555358,34.733205],[133.555782,34.73404],[133.556672,34.734658],[133.556511,34.735661],[133.55899,34.738375],[133.559192,34.739026],[133.559961,34.739844],[133.55897,34.739807],[133.557878,34.740091],[133.555937,34.739891],[133.554602,34.740174],[133.553433,34.740609],[133.551633,34.740542],[133.550622,34.73974],[133.54953,34.739857],[133.546679,34.739573],[133.545546,34.739924],[133.545081,34.740642],[133.542023,34.741126],[133.541214,34.740792],[133.540365,34.741326],[133.537999,34.742295],[133.53628,34.742646],[133.534521,34.741777],[133.533514,34.741059],[133.532778,34.74004],[133.532274,34.739791],[133.529854,34.740224],[133.526861,34.739222],[133.526289,34.737366],[133.52424,34.73692],[133.522613,34.736445],[133.52213,34.736107],[133.521806,34.734466],[133.520602,34.734083],[133.520277,34.733279],[133.521013,34.731608],[133.520568,34.730489],[133.520548,34.72917],[133.521349,34.727619],[133.521005,34.726217],[133.52143,34.725365],[133.522542,34.724079],[133.52333,34.723645],[133.524159,34.723946],[133.525373,34.723762],[133.526101,34.723344],[133.526465,34.722576],[133.526384,34.721571],[133.526809,34.721087],[133.527233,34.719834],[133.529296,34.718532],[133.529983,34.717747],[133.528285,34.716428],[133.527051,34.715706],[133.526049,34.715393],[133.525867,34.713903],[133.525333,34.712818],[133.524322,34.712116],[133.523412,34.712049],[133.522299,34.711565],[133.521026,34.711665],[133.518498,34.710784],[133.518174,34.709999],[133.517406,34.709314],[133.515343,34.70883],[133.514332,34.708162],[133.513523,34.708612],[133.5114,34.708345],[133.509459,34.708496],[133.508428,34.708262],[133.507214,34.707477],[133.50685,34.706976],[133.505819,34.706321],[133.505334,34.70557],[133.503837,34.705286],[133.502584,34.7038],[133.503534,34.702046],[133.503554,34.701041],[133.503959,34.700123],[133.503838,34.698837],[133.503171,34.697301],[133.501755,34.696383],[133.500501,34.695193],[133.500348,34.694843],[133.499175,34.694726],[133.498447,34.694308],[133.496308,34.694575],[133.49591,34.693762],[133.495287,34.693412],[133.493307,34.693906],[133.493493,34.695346],[133.491944,34.695346],[133.490935,34.695809],[133.489889,34.695747],[133.488198,34.69434],[133.486218,34.693846],[133.484897,34.693692],[133.483754,34.693094],[133.483044,34.693341],[133.48225,34.692792],[133.480743,34.692545],[133.481079,34.691698],[133.48083,34.691225],[133.48083,34.690052],[133.480046,34.689713],[133.4789,34.690062],[133.478078,34.689518],[133.477074,34.68844],[133.476389,34.688265],[133.475405,34.688429],[133.474359,34.689252],[133.472595,34.690054],[133.471811,34.689191],[133.470007,34.688584],[133.468488,34.687658],[133.467703,34.687874],[133.466034,34.687679],[133.46571,34.686948],[133.465758,34.685675],[133.464666,34.685298],[133.462131,34.683899],[133.461274,34.684722],[133.461162,34.685575],[133.461473,34.68648],[133.460215,34.689779],[133.459667,34.690541],[133.458121,34.69062],[133.456925,34.69145],[133.456476,34.690534],[133.456115,34.689173],[133.456227,34.688597],[133.456875,34.687774],[133.455866,34.684982],[133.454895,34.685054],[133.453998,34.684334],[133.453537,34.684262],[133.451928,34.684663],[133.450957,34.684745],[133.449076,34.685969],[133.448227,34.685568],[133.446819,34.685938],[133.445686,34.686977],[133.444547,34.68837],[133.443127,34.689152],[133.442941,34.689748],[133.441658,34.69091],[133.440514,34.690771],[133.440041,34.690441],[133.438014,34.690439],[133.435435,34.692342],[133.434626,34.693627],[133.433741,34.69408],[133.433505,34.696088],[133.433131,34.696253],[133.432097,34.695811],[133.430266,34.695811],[133.428946,34.695656],[133.426804,34.696273],[133.425008,34.69828],[133.424298,34.700189],[133.423115,34.700766],[133.423214,34.701588],[133.422417,34.702954],[133.421184,34.703417],[133.422011,34.705078],[133.421501,34.706563],[133.420716,34.707077],[133.420758,34.708166],[133.419949,34.708485],[133.41894,34.709791],[133.417632,34.709956],[133.416337,34.711334],[133.415492,34.711482],[133.413023,34.713681],[133.412488,34.714422],[133.412787,34.715317],[133.412476,34.716098],[133.411678,34.716778],[133.411753,34.718188],[133.411628,34.719481],[133.412152,34.719862],[133.410358,34.720434],[133.410121,34.721432],[133.410483,34.721761],[133.409997,34.724009],[133.409947,34.725994],[133.40913,34.727067],[133.408133,34.727478],[133.407199,34.727447],[133.406203,34.727684],[133.405219,34.728246],[133.404434,34.728401],[133.404235,34.728874],[133.404559,34.729995],[133.403998,34.731509],[133.404297,34.732568],[133.40416,34.733298],[133.404945,34.733987],[133.404758,34.734759],[133.404111,34.73482],[133.403632,34.735569],[133.402848,34.735661],[133.402586,34.735116],[133.401851,34.734725],[133.401602,34.733522],[133.400855,34.733265],[133.399884,34.733903],[133.399585,34.73453],[133.398489,34.734818],[133.398538,34.735425],[133.397878,34.735569],[133.39672,34.73524],[133.396894,34.734808],[133.393955,34.734715],[133.392897,34.734941],[133.391826,34.735497],[133.391006,34.736649],[133.389335,34.737653],[133.387728,34.738085],[133.386974,34.739119],[133.386039,34.739982],[133.386675,34.741155],[133.386164,34.742014],[133.385143,34.742188],[133.384483,34.743443],[133.382801,34.743238],[133.381568,34.742873],[133.379264,34.743397],[133.376886,34.742512],[133.375606,34.741871],[133.373259,34.742045],[133.372384,34.74224],[133.370474,34.741996],[133.370073,34.742527],[133.369648,34.744586],[133.369358,34.744077],[133.368368,34.7438],[133.367454,34.743152],[133.367038,34.742459],[133.366731,34.741344],[133.366088,34.740759],[133.364639,34.740521],[133.364069,34.739891],[133.363852,34.738911],[133.362866,34.73731],[133.361518,34.735974],[133.360866,34.734527],[133.358231,34.733346],[133.359823,34.731935],[133.360409,34.730898],[133.360334,34.730387],[133.360737,34.728673],[133.361457,34.727129],[133.362092,34.726658],[133.363666,34.726438],[133.364102,34.725097],[133.364544,34.724496],[133.366697,34.723873],[133.369132,34.723554],[133.369768,34.722657],[133.369395,34.72141],[133.369924,34.720668],[133.36978,34.719641],[133.368636,34.71862],[133.36861,34.717932],[133.369994,34.717581],[133.370503,34.715681],[133.371131,34.71523],[133.371606,34.71343],[133.371294,34.712493],[133.370588,34.711819],[133.369765,34.709779],[133.372191,34.708624],[133.373083,34.707987],[133.373407,34.70726],[133.373407,34.706014],[133.372797,34.705891],[133.372138,34.705214],[133.37261,34.704406],[133.372461,34.703425],[133.374212,34.701754],[133.374548,34.700574],[133.373751,34.699751],[133.373951,34.698354],[133.374548,34.697209],[133.374212,34.696294],[133.374175,34.695357],[133.374783,34.694732],[133.376088,34.694589],[133.376549,34.694311],[133.37753,34.693021],[133.378801,34.69226],[133.380402,34.692332],[133.381393,34.691691],[133.382761,34.690129],[133.383272,34.688922],[133.383359,34.688144],[133.384916,34.686305],[133.386411,34.685379],[133.386672,34.684007],[133.385078,34.68373],[133.384555,34.682155],[133.383733,34.681806],[133.3827,34.680676],[133.383036,34.679966],[133.38464,34.679781],[133.385487,34.677538],[133.385823,34.677281],[133.387764,34.676954],[133.388349,34.676594],[133.390008,34.676224],[133.390468,34.675422],[133.3914,34.675123],[133.392147,34.675771],[133.392583,34.675771],[133.393637,34.674844],[133.394558,34.673713],[133.39554,34.674831],[133.396795,34.675458],[133.398125,34.67517],[133.401411,34.674045],[133.402429,34.673349],[133.402722,34.672644],[133.403378,34.671922],[133.402579,34.670118],[133.40275,34.6689],[133.402787,34.667066],[133.40224,34.664828],[133.401506,34.664509],[133.400859,34.662938],[133.400125,34.662084],[133.399913,34.661148],[133.400324,34.660294],[133.399577,34.659307],[133.398448,34.658969],[133.398074,34.658466],[133.398087,34.657396],[133.397739,34.656789],[133.396427,34.655874],[133.396701,34.654736],[133.396539,34.654212],[133.396701,34.652799],[133.39649,34.652079],[133.395781,34.651215],[133.394876,34.649699],[133.392425,34.649833],[133.391766,34.649288],[133.391579,34.64757],[133.391256,34.646439],[133.391094,34.644804],[133.390686,34.643822],[133.388484,34.643431],[133.3878,34.640999],[133.389069,34.640104],[133.388646,34.639479],[133.387638,34.639026],[133.387426,34.638203],[133.387576,34.637215],[133.38719,34.636382],[133.388196,34.634742],[133.389253,34.634272],[133.390261,34.633038],[133.391667,34.632224],[133.391916,34.631134],[133.390236,34.630362],[133.389987,34.6299],[133.388781,34.629355],[133.388495,34.628419],[133.388676,34.627498],[133.388428,34.627107],[133.386171,34.625873],[133.384976,34.625369],[133.384616,34.624916],[133.384603,34.623608],[133.383426,34.621932],[133.383976,34.620478],[133.383578,34.619788],[133.3843,34.619111],[133.384773,34.616758],[133.385818,34.616346],[133.387298,34.615472],[133.38858,34.614495],[133.389264,34.613497],[133.389861,34.613189],[133.39063,34.612042],[133.391203,34.611785],[133.392123,34.612001],[133.392758,34.611703],[133.392646,34.610744],[133.393081,34.609962],[133.392409,34.609058],[133.392484,34.608009],[133.39443,34.607407],[133.39453,34.606508],[133.395388,34.605973],[133.395861,34.605346],[133.395861,34.604083],[133.396694,34.602458],[133.396682,34.601164],[133.397329,34.599048],[133.398113,34.597813],[133.398188,34.596735],[133.398014,34.595923],[133.397018,34.595275],[133.397006,34.594884],[133.398922,34.593763],[133.400129,34.593959],[133.400276,34.59326],[133.40198,34.591872],[133.403187,34.591872],[133.403981,34.591103],[133.405233,34.59055],[133.40578,34.589285],[133.40736,34.589203],[133.408062,34.589645],[133.410899,34.589614],[133.412459,34.589357],[133.412994,34.589018],[133.41272,34.586915],[133.413206,34.586658],[133.415582,34.586679],[133.416524,34.586088],[133.418346,34.586422],[133.419307,34.586946],[133.420688,34.587244],[133.422182,34.586569],[133.423169,34.585544],[133.422881,34.584046],[133.422062,34.58308],[133.422328,34.582727],[133.422754,34.580671],[133.422743,34.579841],[133.423133,34.57866],[133.42379,34.577791],[133.42477,34.575892],[133.425543,34.574929],[133.427554,34.571693],[133.427554,34.571016],[133.426977,34.570405],[133.426733,34.569145],[133.427425,34.568973],[133.429291,34.568072],[133.430649,34.567013],[133.431191,34.566269],[133.432748,34.566288],[133.434489,34.565601],[133.435077,34.565773],[133.436057,34.564431],[133.43668,34.563916],[133.437556,34.562647],[133.438237,34.562542],[133.438121,34.561731],[133.439033,34.560901],[133.440349,34.559341],[133.441489,34.558687],[133.443391,34.558659],[133.443403,34.557618],[133.443691,34.556864],[133.44603,34.556434],[133.44588,34.55525],[133.446459,34.554346],[133.446344,34.552934],[133.445167,34.552114],[133.44636,34.551106],[133.445472,34.550103],[133.445507,34.549798],[133.447236,34.549305],[133.447617,34.548799],[133.447349,34.547313],[133.447924,34.545948],[133.449008,34.545318],[133.449296,34.544688],[133.4491,34.543629],[133.449437,34.542764],[133.450419,34.543112],[133.451099,34.543704],[133.453002,34.544667],[133.454658,34.54483],[133.455915,34.544019],[133.456514,34.543933],[133.459944,34.540491],[133.46097,34.540548],[133.461535,34.541492],[133.464314,34.541931],[133.465246,34.542339],[133.465338,34.543102],[133.465128,34.544319],[133.466708,34.544882],[133.46665,34.545912],[133.467363,34.546037],[133.468931,34.545417],[133.470926,34.546276],[133.471348,34.546735],[133.472455,34.546649],[133.473274,34.547708],[133.474231,34.547851],[133.474577,34.547326],[133.476111,34.547336],[133.477298,34.547011],[133.478272,34.547985],[133.479229,34.549368],[133.480313,34.549731],[133.482134,34.551399],[133.483784,34.551502],[133.485421,34.551406],[133.488242,34.553297],[133.489268,34.555816],[133.48989,34.556584],[133.491274,34.557033],[133.492829,34.557962],[133.493866,34.558144],[133.494904,34.559152],[133.496599,34.559973],[133.497757,34.559772],[133.499422,34.560363],[133.499803,34.560087],[133.500732,34.560268],[133.501747,34.56241],[133.503016,34.562095],[133.50365,34.562572],[133.504757,34.562876],[133.504941,34.563258],[133.505165,34.565898],[133.505799,34.566881],[133.505407,34.567776],[133.505326,34.568883],[133.503827,34.570923],[133.504019,34.571687],[133.505529,34.572422],[133.506648,34.5733],[133.504987,34.574781],[133.50546,34.576754],[133.504814,34.5788],[133.505045,34.579229],[133.507536,34.5807],[133.508151,34.581525],[133.509789,34.582489],[133.509789,34.583347],[133.510515,34.584977],[133.509765,34.58657],[133.509756,34.588228],[133.511137,34.589688],[133.511075,34.590737],[133.512207,34.591292],[133.513613,34.591395],[133.515333,34.591114],[133.516913,34.592121],[133.519041,34.592039],[133.519613,34.592615],[133.520708,34.592698],[133.522444,34.592023],[133.523423,34.592105],[133.523833,34.592609],[133.52392,34.593776],[133.523759,34.595847],[133.525314,34.59632],[133.526899,34.598288],[133.527837,34.599724],[133.529351,34.599676]]]]}},
  {"type":"Feature","properties":{"name":"総社市","code":"33208"},"geometry":{"type":"MultiPolygon","coordinates":[[[[133.740014,34.768132],[133.738851,34.768069],[133.737224,34.768378],[133.736378,34.768707],[133.734513,34.768636],[133.732719,34.768999],[133.730529,34.769781],[133.72906,34.770736],[133.728374,34.771477],[133.729206,34.773847],[133.72917,34.774114],[133.727196,34.774641],[133.725092,34.774316],[133.722853,34.774649],[133.722323,34.775221],[133.720458,34.775652],[133.719836,34.775312],[133.719755,34.773934],[133.719439,34.773454],[133.719617,34.772229],[133.719188,34.771369],[133.719261,34.770442],[133.719034,34.769704],[133.71821,34.769233],[133.715926,34.768726],[133.715733,34.766781],[133.715311,34.766291],[133.714481,34.766192],[133.713901,34.766454],[133.712398,34.766412],[133.712542,34.76538],[133.712463,34.76391],[133.712651,34.763215],[133.711863,34.762863],[133.710065,34.763004],[133.707323,34.762392],[133.706865,34.762562],[133.705906,34.762136],[133.70485,34.762053],[133.704752,34.761268],[133.703886,34.760844],[133.702405,34.761161],[133.700151,34.759848],[133.700347,34.761218],[133.699086,34.760954],[133.698958,34.759107],[133.697729,34.75756],[133.69632,34.757249],[133.695633,34.756802],[133.693978,34.756874],[133.693002,34.757423],[133.692459,34.756598],[133.69285,34.755839],[133.691628,34.75569],[133.691252,34.755004],[133.691481,34.754373],[133.691274,34.751949],[133.690465,34.750962],[133.690227,34.749852],[133.689447,34.748681],[133.689589,34.747827],[133.689004,34.745268],[133.687103,34.743331],[133.686709,34.744027],[133.687606,34.745536],[133.687533,34.745944],[133.685894,34.747024],[133.684103,34.747615],[133.683287,34.748083],[133.682991,34.749198],[133.682218,34.749025],[133.681698,34.74949],[133.681734,34.750131],[133.681315,34.750621],[133.680166,34.750996],[133.679885,34.751414],[133.680188,34.752952],[133.679304,34.753774],[133.679084,34.754833],[133.679295,34.755579],[133.678718,34.756379],[133.677901,34.758174],[133.678152,34.758941],[133.677699,34.759351],[133.677583,34.760414],[133.677084,34.761526],[133.676188,34.762742],[133.674352,34.762787],[133.67399,34.7633],[133.673976,34.764421],[133.674395,34.766281],[133.673224,34.767253],[133.671532,34.769274],[133.669775,34.770173],[133.668561,34.771456],[133.666464,34.773385],[133.666182,34.774512],[133.664729,34.776787],[133.662293,34.778538],[133.662054,34.778965],[133.66204,34.780241],[133.661238,34.781081],[133.661317,34.7816],[133.660131,34.780959],[133.658324,34.781251],[133.656242,34.781144],[133.654984,34.780917],[133.653357,34.779683],[133.653093,34.778748],[133.652244,34.778081],[133.652107,34.777246],[133.650892,34.776602],[133.650295,34.775952],[133.648615,34.774819],[133.648492,34.77382],[133.647288,34.771654],[133.646186,34.77028],[133.646117,34.768428],[133.64628,34.767904],[133.647176,34.767012],[133.64641,34.765915],[133.643598,34.76485],[133.642146,34.763582],[133.641135,34.763279],[133.640128,34.762563],[133.639737,34.761454],[133.638788,34.761168],[133.636795,34.760013],[133.636197,34.75885],[133.63253,34.758412],[133.631843,34.758645],[133.631728,34.759534],[133.630701,34.760473],[133.629874,34.760679],[133.629436,34.761516],[133.627762,34.760769],[133.625814,34.759662],[133.625103,34.758802],[133.624376,34.758982],[133.623422,34.757528],[133.623421,34.756513],[133.620345,34.753832],[133.62205,34.751648],[133.622192,34.751013],[133.621889,34.750445],[133.619725,34.748709],[133.616288,34.746104],[133.615176,34.745486],[133.613741,34.744404],[133.612467,34.744204],[133.611759,34.743319],[133.610119,34.742216],[133.609788,34.74162],[133.609795,34.740584],[133.610248,34.740034],[133.608839,34.739155],[133.606627,34.738912],[133.605712,34.738188],[133.605313,34.737433],[133.605498,34.736666],[133.603641,34.735418],[133.601612,34.735165],[133.600803,34.735666],[133.600301,34.735516],[133.600039,34.734698],[133.598643,34.733729],[133.598303,34.732746],[133.597131,34.731811],[133.596261,34.731744],[133.594335,34.729779],[133.592799,34.727725],[133.592496,34.72709],[133.591881,34.726679],[133.591464,34.725688],[133.590554,34.725454],[133.589543,34.725621],[133.589155,34.725252],[133.588063,34.725385],[133.587618,34.725703],[133.586041,34.725352],[133.584028,34.724045],[133.583996,34.723235],[133.582947,34.72268],[133.582223,34.721885],[133.582385,34.720817],[133.582163,34.719681],[133.581819,34.719247],[133.582971,34.719264],[133.584448,34.718462],[133.584225,34.717377],[133.583376,34.716876],[133.583275,34.715147],[133.583032,34.714696],[133.584023,34.712826],[133.583982,34.712108],[133.585341,34.710725],[133.586393,34.710625],[133.587283,34.710007],[133.589143,34.711276],[133.591307,34.711477],[133.592386,34.712171],[133.593018,34.712255],[133.594259,34.712863],[133.594999,34.712529],[133.596071,34.712579],[133.596435,34.711744],[133.597345,34.71141],[133.598223,34.710531],[133.599407,34.710525],[133.600143,34.708841],[133.601308,34.708671],[133.603068,34.708905],[133.604711,34.70878],[133.605696,34.708254],[133.606849,34.706918],[133.608547,34.706141],[133.609915,34.70612],[133.611512,34.706638],[133.612442,34.70642],[133.613554,34.705786],[133.615617,34.705752],[133.617113,34.706153],[133.618731,34.706086],[133.619122,34.705592],[133.6196,34.703448],[133.62047,34.70186],[133.622601,34.701946],[133.623966,34.702331],[133.625634,34.702199],[133.625981,34.70157],[133.627158,34.700902],[133.626379,34.699433],[133.627259,34.698239],[133.627623,34.696377],[133.627065,34.694703],[133.6264,34.694005],[133.625418,34.692585],[133.625331,34.691783],[133.625808,34.69127],[133.624999,34.690572],[133.624357,34.689049],[133.623728,34.688333],[133.623476,34.68762],[133.623642,34.686815],[133.623425,34.685974],[133.622879,34.685596],[133.6191,34.685488],[133.618514,34.684787],[133.617503,34.684202],[133.614874,34.683334],[133.614652,34.681539],[133.615077,34.68042],[133.615056,34.679602],[133.615441,34.677398],[133.617463,34.677347],[133.618333,34.676431],[133.618252,34.675813],[133.61716,34.675229],[133.615785,34.674794],[133.615846,34.673692],[133.615603,34.673241],[133.613803,34.672674],[133.613035,34.672256],[133.612574,34.671009],[133.613423,34.670725],[133.613908,34.670224],[133.614103,34.669441],[133.615182,34.669184],[133.615766,34.66866],[133.617409,34.667765],[133.61813,34.66759],[133.617446,34.666335],[133.617384,34.664869],[133.617881,34.664108],[133.617819,34.663511],[133.617259,34.662709],[133.617471,34.661987],[133.618118,34.661452],[133.618802,34.660352],[133.620196,34.659549],[133.621701,34.659179],[133.622186,34.658467],[133.623456,34.658191],[133.623271,34.656974],[133.623595,34.655929],[133.622775,34.65432],[133.622911,34.653304],[133.622609,34.651995],[133.623093,34.651336],[133.622488,34.650148],[133.622435,34.649092],[133.621132,34.648855],[133.620953,34.647558],[133.619223,34.647136],[133.619062,34.646766],[133.619099,34.645182],[133.618701,34.644421],[133.620368,34.644411],[133.621513,34.645007],[133.623308,34.645041],[133.624155,34.644601],[133.625501,34.644662],[133.626723,34.64497],[133.627757,34.645548],[133.629165,34.645501],[133.629053,34.644656],[133.630117,34.642583],[133.631079,34.641817],[133.632076,34.641832],[133.632923,34.642666],[133.635353,34.643961],[133.637576,34.644746],[133.639191,34.644807],[133.639943,34.645222],[133.641571,34.645353],[133.642601,34.645616],[133.644104,34.645308],[133.64479,34.646386],[133.645463,34.646596],[133.646995,34.645909],[133.648304,34.645686],[133.649472,34.645186],[133.651278,34.645902],[133.65225,34.646472],[133.653582,34.647516],[133.655834,34.647819],[133.657291,34.648274],[133.657867,34.649373],[133.658864,34.649989],[133.660511,34.649985],[133.661712,34.650759],[133.662539,34.650566],[133.663319,34.648935],[133.664133,34.648305],[133.665053,34.649174],[133.66656,34.6494],[133.667034,34.650287],[133.667354,34.652062],[133.668341,34.652762],[133.668541,34.654482],[133.669036,34.655067],[133.670193,34.655388],[133.671398,34.656681],[133.673579,34.657648],[133.673927,34.658599],[133.674681,34.658837],[133.674789,34.659879],[133.675474,34.660292],[133.676496,34.660493],[133.676973,34.660319],[133.678465,34.660631],[133.678857,34.660401],[133.679205,34.658824],[133.680332,34.658634],[133.681696,34.657686],[133.682468,34.658565],[133.683497,34.658559],[133.684267,34.659432],[133.684856,34.659632],[133.686026,34.660665],[133.686475,34.661316],[133.68904,34.661398],[133.689241,34.661722],[133.688854,34.663133],[133.689592,34.663655],[133.690795,34.66371],[133.692279,34.664253],[133.693189,34.664396],[133.693846,34.663968],[133.694071,34.66261],[133.694729,34.661999],[133.696697,34.659347],[133.698063,34.658817],[133.698864,34.658716],[133.699824,34.658952],[133.700535,34.658816],[133.701264,34.658201],[133.70189,34.657018],[133.703514,34.657856],[133.705037,34.658272],[133.705759,34.65794],[133.705766,34.657079],[133.706789,34.657233],[133.708551,34.656572],[133.709185,34.656116],[133.710738,34.655666],[133.711651,34.655969],[133.712669,34.656031],[133.713538,34.656717],[133.714808,34.657066],[133.715301,34.657951],[133.716888,34.658947],[133.717066,34.657641],[133.716767,34.656498],[133.717231,34.655783],[133.720187,34.652053],[133.720436,34.651476],[133.722671,34.648284],[133.722958,34.648045],[133.723481,34.646096],[133.72724,34.646849],[133.727293,34.645629],[133.727749,34.640127],[133.727608,34.637425],[133.727291,34.634461],[133.726474,34.632015],[133.726303,34.630821],[133.726724,34.629746],[133.728097,34.626994],[133.729174,34.625496],[133.73064,34.624291],[133.731174,34.622652],[133.731122,34.622158],[133.733441,34.623062],[133.736612,34.624033],[133.739057,34.624393],[133.741949,34.623828],[133.745899,34.622298],[133.747226,34.623363],[133.748343,34.625035],[133.749247,34.626019],[133.750224,34.626446],[133.751746,34.626603],[133.75215,34.626881],[133.753232,34.628477],[133.753811,34.629078],[133.755997,34.629941],[133.756548,34.630944],[133.757197,34.631411],[133.756077,34.632819],[133.755059,34.633836],[133.754349,34.634109],[133.753321,34.633984],[133.751308,34.634219],[133.752444,34.634881],[133.753021,34.635852],[133.752441,34.636668],[133.753144,34.637201],[133.754163,34.637076],[133.754601,34.637838],[133.755811,34.638601],[133.756056,34.639311],[133.757938,34.641752],[133.759469,34.641923],[133.760346,34.64256],[133.762143,34.643047],[133.762593,34.64345],[133.762481,34.644647],[133.763785,34.644817],[133.764009,34.643006],[133.764391,34.642767],[133.76623,34.642566],[133.767834,34.640828],[133.768799,34.640263],[133.770788,34.640238],[133.771734,34.64159],[133.773093,34.642512],[133.773328,34.643071],[133.776148,34.644552],[133.776273,34.643927],[133.778374,34.644023],[133.780493,34.644384],[133.781541,34.642769],[133.782172,34.642404],[133.784226,34.643462],[133.785062,34.643456],[133.786267,34.642493],[133.787872,34.642886],[133.788259,34.642166],[133.789233,34.64225],[133.7898,34.642651],[133.790696,34.642596],[133.792333,34.641023],[133.793043,34.64054],[133.793294,34.639885],[133.793243,34.638947],[133.793852,34.638663],[133.794448,34.639461],[133.796321,34.639636],[133.797657,34.64025],[133.798874,34.640528],[133.79961,34.642017],[133.800821,34.643048],[133.799056,34.644315],[133.7993,34.644905],[133.798698,34.645521],[133.798219,34.647923],[133.798768,34.648672],[133.800181,34.6488],[133.800358,34.649098],[133.799544,34.651946],[133.798929,34.652671],[133.798773,34.653699],[133.799357,34.655215],[133.800835,34.655799],[133.80065,34.656625],[133.800966,34.659148],[133.801609,34.659664],[133.801379,34.660656],[133.801601,34.661957],[133.801277,34.662599],[133.80022,34.663289],[133.799161,34.664767],[133.797169,34.666629],[133.796515,34.668438],[133.79654,34.66899],[133.795886,34.669436],[133.79581,34.67099],[133.793788,34.67283],[133.795392,34.672401],[133.795702,34.673323],[133.795803,34.675872],[133.795637,34.67688],[133.797204,34.678273],[133.799428,34.678732],[133.800035,34.679042],[133.801227,34.679134],[133.801884,34.680512],[133.801711,34.681601],[133.803466,34.683576],[133.804159,34.684659],[133.804259,34.687298],[133.802474,34.689266],[133.800583,34.690056],[133.798625,34.69045],[133.797659,34.691744],[133.795576,34.694929],[133.79463,34.696566],[133.793178,34.696149],[133.791669,34.698514],[133.791004,34.698997],[133.78974,34.698281],[133.790008,34.697375],[133.789459,34.697214],[133.787971,34.69598],[133.787126,34.695809],[133.786461,34.696501],[133.786981,34.697229],[133.785573,34.69747],[133.784128,34.698162],[133.782149,34.698687],[133.782799,34.699271],[133.783695,34.699206],[133.794485,34.704117],[133.798321,34.7059],[133.798335,34.70786],[133.798971,34.70951],[133.799744,34.710554],[133.799751,34.711025],[133.798184,34.712284],[133.798314,34.713044],[133.797981,34.714165],[133.79835,34.71438],[133.797942,34.716013],[133.798855,34.716315],[133.798328,34.717228],[133.797642,34.718985],[133.797028,34.7212],[133.797288,34.722441],[133.796169,34.723255],[133.796205,34.723911],[133.795497,34.724338],[133.795331,34.725143],[133.794623,34.725256],[133.793756,34.726142],[133.793215,34.727156],[133.79328,34.728002],[133.792391,34.728787],[133.791691,34.730057],[133.790773,34.731324],[133.788513,34.731784],[133.788296,34.73244],[133.787256,34.733486],[133.785963,34.734161],[133.784916,34.734399],[133.784345,34.73504],[133.783009,34.735469],[133.782273,34.736143],[133.781391,34.736131],[133.778639,34.739462],[133.776089,34.740249],[133.775006,34.740271],[133.773692,34.740748],[133.772767,34.741427],[133.772608,34.742146],[133.770781,34.742206],[133.770196,34.74282],[133.769438,34.742635],[133.768203,34.741675],[133.767372,34.741651],[133.766397,34.742319],[133.765711,34.742474],[133.765472,34.74347],[133.764042,34.744129],[133.763616,34.744731],[133.762301,34.745304],[133.761873,34.747128],[133.762273,34.748122],[133.762056,34.748611],[133.760192,34.748739],[133.759163,34.748456],[133.757305,34.749174],[133.757051,34.749655],[133.75623,34.749418],[133.755332,34.748641],[133.754877,34.747553],[133.754118,34.747374],[133.753606,34.748149],[133.752853,34.748095],[133.751468,34.748382],[133.749402,34.747869],[133.748043,34.748829],[133.745648,34.749113],[133.745143,34.749733],[133.746501,34.75058],[133.746238,34.753318],[133.745963,34.753876],[133.744911,34.753977],[133.744437,34.754419],[133.743486,34.75609],[133.742387,34.756938],[133.742279,34.757854],[133.742568,34.75853],[133.741868,34.759669],[133.740775,34.76037],[133.739835,34.761515],[133.73977,34.762611],[133.740233,34.763422],[133.740086,34.763976],[133.739994,34.766015],[133.740356,34.766629],[133.740462,34.767577],[133.740014,34.768132]]]]}},
  {"type":"Feature","properties":{"name":"高梁市","code":"33209"},"geometry":{"type":"MultiPolygon","coordinates":[[[[133.581819,34.719247],[133.582163,34.719681],[133.582385,34.720817],[133.582223,34.721885],[133.582947,34.72268],[133.583996,34.723235],[133.584028,34.724045],[133.586041,34.725352],[133.587618,34.725703],[133.588063,34.725385],[133.589155,34.725252],[133.589543,34.725621],[133.590554,34.725454],[133.591464,34.725688],[133.591881,34.726679],[133.592496,34.72709],[133.592799,34.727725],[133.594335,34.729779],[133.596261,34.731744],[133.597131,34.731811],[133.598303,34.732746],[133.598643,34.733729],[133.600039,34.734698],[133.600301,34.735516],[133.600803,34.735666],[133.601612,34.735165],[133.603641,34.735418],[133.605498,34.736666],[133.605313,34.737433],[133.605712,34.738188],[133.606627,34.738912],[133.608839,34.739155],[133.610248,34.740034],[133.609795,34.740584],[133.609788,34.74162],[133.610119,34.742216],[133.611759,34.743319],[133.612467,34.744204],[133.613741,34.744404],[133.615176,34.745486],[133.616288,34.746104],[133.619725,34.748709],[133.621889,34.750445],[133.622192,34.751013],[133.62205,34.751648],[133.620345,34.753832],[133.623421,34.756513],[133.623422,34.757528],[133.624376,34.758982],[133.625103,34.758802],[133.625814,34.759662],[133.627762,34.760769],[133.629436,34.761516],[133.629874,34.760679],[133.630701,34.760473],[133.631728,34.759534],[133.631843,34.758645],[133.63253,34.758412],[133.636197,34.75885],[133.636795,34.760013],[133.638788,34.761168],[133.639737,34.761454],[133.640128,34.762563],[133.641135,34.763279],[133.642146,34.763582],[133.643598,34.76485],[133.64641,34.765915],[133.647176,34.767012],[133.64628,34.767904],[133.646117,34.768428],[133.646186,34.77028],[133.647288,34.771654],[133.648492,34.77382],[133.648615,34.774819],[133.650295,34.775952],[133.650892,34.776602],[133.652107,34.777246],[133.652244,34.778081],[133.653093,34.778748],[133.653357,34.779683],[133.654984,34.780917],[133.656242,34.781144],[133.658324,34.781251],[133.660131,34.780959],[133.661317,34.7816],[133.661959,34.781959],[133.661156,34.783814],[133.661829,34.7853],[133.661467,34.786141],[133.662349,34.786722],[133.661914,34.788427],[133.661286,34.788663],[133.660657,34.790315],[133.66003,34.791473],[133.659132,34.792054],[133.659074,34.79353],[133.659435,34.794269],[133.660115,34.794699],[133.660615,34.796221],[133.659876,34.797874],[133.658759,34.799302],[133.659826,34.799851],[133.659139,34.800481],[133.658365,34.801965],[133.657553,34.803055],[133.657086,34.804276],[133.656507,34.804628],[133.654519,34.806996],[133.654024,34.807796],[133.65331,34.80831],[133.651922,34.809734],[133.650551,34.810187],[133.650339,34.810805],[133.651144,34.811844],[133.650861,34.813091],[133.649935,34.813544],[133.648519,34.813043],[133.647745,34.814352],[133.647743,34.815501],[133.648099,34.816151],[133.647999,34.817996],[133.648228,34.818802],[133.647687,34.82009],[133.648036,34.822668],[133.648493,34.823663],[133.647701,34.824317],[133.647542,34.825516],[133.647983,34.826158],[133.647368,34.827214],[133.645961,34.828072],[133.644744,34.828309],[133.642423,34.829184],[133.64139,34.829448],[133.640479,34.830563],[133.639845,34.832018],[133.639864,34.83238],[133.64079,34.833399],[133.640595,34.834091],[133.640504,34.836302],[133.641554,34.837354],[133.642,34.838494],[133.642985,34.838697],[133.644497,34.839857],[133.645568,34.843205],[133.645646,34.844103],[133.646256,34.84563],[133.647785,34.847501],[133.650344,34.848105],[133.651741,34.848809],[133.650981,34.850466],[133.651987,34.850862],[133.653215,34.850589],[133.654469,34.85096],[133.655149,34.851622],[133.656365,34.85345],[133.658008,34.855642],[133.658536,34.856161],[133.661655,34.860641],[133.664572,34.86469],[133.664614,34.865065],[133.663645,34.865931],[133.662893,34.867092],[133.662603,34.868661],[133.663877,34.870916],[133.66392,34.871483],[133.662813,34.873306],[133.663306,34.87416],[133.664969,34.874589],[133.667155,34.874762],[133.668877,34.875612],[133.670411,34.877138],[133.672568,34.877738],[133.673089,34.878358],[133.673655,34.87833],[133.674971,34.877794],[133.676201,34.877764],[133.677395,34.878128],[133.679002,34.878187],[133.67946,34.879196],[133.679962,34.879211],[133.681404,34.878677],[133.681818,34.878043],[133.682337,34.87817],[133.682938,34.879107],[133.68275,34.880434],[133.68136,34.881537],[133.681447,34.882348],[133.68233,34.882056],[133.683126,34.882404],[133.682106,34.88321],[133.68165,34.883848],[133.682178,34.884104],[133.683169,34.883323],[133.68398,34.883239],[133.685058,34.883496],[133.685977,34.885687],[133.686723,34.886857],[133.687967,34.887664],[133.690348,34.888288],[133.692468,34.890191],[133.693141,34.891129],[133.693742,34.89141],[133.695283,34.891249],[133.697512,34.891669],[133.697924,34.892701],[133.698519,34.893105],[133.699917,34.893339],[133.700638,34.893104],[133.702266,34.893807],[133.70265,34.893187],[133.704698,34.892808],[133.705383,34.893128],[133.705624,34.894052],[133.705186,34.894942],[133.705941,34.895867],[133.706623,34.897484],[133.707056,34.898974],[133.70777,34.900119],[133.708794,34.900534],[133.708888,34.900967],[133.709857,34.901581],[133.711001,34.903081],[133.710899,34.903634],[133.711587,34.904365],[133.711572,34.905108],[133.712781,34.905915],[133.713985,34.906359],[133.714554,34.907183],[133.716377,34.908012],[133.71752,34.908719],[133.718034,34.909658],[133.717948,34.911062],[133.717623,34.911864],[133.716682,34.912323],[133.715429,34.913338],[133.714835,34.914755],[133.713822,34.916078],[133.713243,34.917664],[133.712281,34.919044],[133.712005,34.919867],[133.712221,34.921114],[133.713427,34.921995],[133.713919,34.922724],[133.713935,34.924626],[133.714239,34.924972],[133.715445,34.925473],[133.715724,34.926549],[133.716618,34.925996],[133.717489,34.925937],[133.718143,34.926728],[133.718274,34.927358],[133.717959,34.927988],[133.717167,34.928328],[133.71701,34.929144],[133.717724,34.929761],[133.718024,34.930724],[133.718601,34.930942],[133.718809,34.931725],[133.719821,34.932175],[133.720336,34.933486],[133.719436,34.93459],[133.719374,34.935266],[133.719764,34.936182],[133.719728,34.936922],[133.719179,34.938755],[133.718736,34.939289],[133.718968,34.940066],[133.719621,34.940641],[133.719785,34.941469],[133.718101,34.943301],[133.718055,34.943764],[133.718871,34.9443],[133.718913,34.945539],[133.718337,34.946236],[133.717903,34.947291],[133.716652,34.947261],[133.716637,34.948136],[133.717564,34.948876],[133.717374,34.949646],[133.715755,34.950603],[133.715229,34.950516],[133.714077,34.952524],[133.714954,34.953031],[133.715754,34.953845],[133.715811,34.954439],[133.716929,34.955358],[133.717253,34.955884],[133.715836,34.956181],[133.715481,34.956497],[133.714364,34.956701],[133.713648,34.957705],[133.712944,34.957494],[133.711823,34.957734],[133.711026,34.957606],[133.710192,34.959443],[133.709767,34.959825],[133.708461,34.960213],[133.706215,34.959801],[133.70536,34.959796],[133.704305,34.958445],[133.704298,34.95724],[133.703664,34.956565],[133.703272,34.955085],[133.703451,34.954562],[133.702751,34.953793],[133.701649,34.953547],[133.700229,34.952441],[133.698646,34.950944],[133.696877,34.949786],[133.695659,34.949366],[133.695134,34.948934],[133.692225,34.94812],[133.68976,34.947853],[133.689131,34.947484],[133.687883,34.947437],[133.686814,34.947876],[133.685298,34.949263],[133.684489,34.949509],[133.683207,34.95038],[133.682323,34.951381],[133.681446,34.951923],[133.680734,34.952065],[133.679241,34.951729],[133.678048,34.951756],[133.677178,34.951372],[133.676815,34.950749],[133.676059,34.950468],[133.675224,34.951378],[133.673746,34.950996],[133.673611,34.950309],[133.674196,34.950091],[133.67471,34.949111],[133.675316,34.948494],[133.675566,34.946567],[133.674449,34.945553],[133.6735,34.945869],[133.672899,34.944928],[133.671744,34.944964],[133.670994,34.945292],[133.670893,34.944276],[133.671384,34.944046],[133.671934,34.943042],[133.671784,34.942367],[133.670643,34.942484],[133.667061,34.941574],[133.665361,34.940734],[133.662386,34.939665],[133.661185,34.939612],[133.658071,34.938246],[133.6571,34.938497],[133.655919,34.938407],[133.65566,34.939466],[133.654769,34.939947],[133.653392,34.939853],[133.653063,34.940799],[133.65166,34.942089],[133.64974,34.942516],[133.649471,34.941315],[133.647973,34.940676],[133.647777,34.939812],[133.646944,34.939481],[133.646459,34.938729],[133.645575,34.938109],[133.644228,34.93762],[133.644303,34.937068],[133.645002,34.936352],[133.644358,34.935494],[133.644655,34.934701],[133.646568,34.932949],[133.646778,34.931643],[133.648163,34.931464],[133.648125,34.930704],[133.648509,34.93],[133.647655,34.928626],[133.648401,34.928309],[133.648691,34.927464],[133.648184,34.926711],[133.648698,34.92627],[133.649509,34.924444],[133.650125,34.923695],[133.649922,34.922679],[133.649509,34.92203],[133.650429,34.920949],[133.649401,34.920234],[133.649308,34.919346],[133.650524,34.918067],[133.650141,34.917524],[133.650539,34.916599],[133.650068,34.915338],[133.649712,34.91515],[133.646233,34.914545],[133.645394,34.914017],[133.644764,34.913063],[133.644145,34.912628],[133.643078,34.912675],[133.642181,34.912419],[133.640632,34.911309],[133.638606,34.910814],[133.637434,34.910975],[133.636949,34.910719],[133.636362,34.909646],[133.634763,34.909243],[133.633757,34.909708],[133.633483,34.909368],[133.633743,34.907937],[133.633294,34.906471],[133.633175,34.905408],[133.632498,34.905028],[133.632412,34.903963],[133.6315,34.903266],[133.630717,34.902337],[133.628996,34.902681],[133.627665,34.9021],[133.624162,34.900781],[133.622816,34.900716],[133.621784,34.900926],[133.619302,34.900203],[133.618145,34.900584],[133.617247,34.901455],[133.618057,34.901944],[133.618506,34.903172],[133.618288,34.904117],[133.618911,34.90488],[133.619907,34.905557],[133.619907,34.906213],[133.621339,34.906989],[133.621629,34.908253],[133.621325,34.909008],[133.621253,34.910391],[133.620992,34.910916],[133.621194,34.912741],[133.619935,34.914146],[133.620877,34.915721],[133.62008,34.917603],[133.619544,34.918282],[133.619313,34.919213],[133.620533,34.920631],[133.620533,34.920977],[133.619056,34.921787],[133.618616,34.922552],[133.618311,34.923935],[133.617862,34.924783],[133.618152,34.926572],[133.618051,34.927227],[133.618093,34.929869],[133.617456,34.931024],[133.617398,34.931811],[133.616978,34.932157],[133.615587,34.931834],[133.614978,34.931883],[133.61382,34.932419],[133.613031,34.933308],[133.613235,34.934966],[133.61238,34.936229],[133.610888,34.936277],[133.610844,34.937567],[133.609685,34.938222],[133.608622,34.939186],[133.607651,34.93921],[133.607173,34.939508],[133.607419,34.941106],[133.606321,34.941489],[133.606162,34.942813],[133.604698,34.945216],[133.603742,34.946326],[133.603168,34.948514],[133.603269,34.949193],[133.604414,34.951043],[133.604458,34.95205],[133.604067,34.952503],[133.602531,34.952348],[133.601024,34.952873],[133.600114,34.952041],[133.599042,34.95141],[133.597391,34.951565],[133.59642,34.951171],[133.594813,34.950968],[133.593248,34.951266],[133.590813,34.951171],[133.59009,34.950431],[133.58967,34.949005],[133.590032,34.948325],[133.589626,34.947812],[133.588336,34.947621],[133.587116,34.947943],[133.585248,34.9478],[133.584483,34.947418],[133.584136,34.946845],[133.584918,34.944877],[133.584489,34.943845],[133.584606,34.942652],[133.585503,34.941686],[133.585735,34.940699],[133.586329,34.939709],[133.587108,34.939068],[133.588064,34.938924],[133.589064,34.938328],[133.589484,34.937016],[133.590093,34.936491],[133.589325,34.935385],[133.589409,34.933643],[133.588119,34.933047],[133.587511,34.932176],[133.586729,34.931711],[133.586653,34.930815],[133.58612,34.929623],[133.585222,34.929014],[133.584356,34.929312],[133.584109,34.930124],[133.583197,34.930672],[133.582298,34.930732],[133.581661,34.931066],[133.579887,34.930624],[133.579568,34.929468],[133.578715,34.929742],[133.578062,34.929479],[133.577387,34.929717],[133.577097,34.930243],[133.575185,34.929467],[133.574418,34.929742],[133.574301,34.930254],[133.573273,34.930803],[133.572259,34.930409],[133.571899,34.929657],[133.572262,34.928766],[133.570611,34.928861],[133.569668,34.929123],[133.568379,34.92904],[133.568266,34.927973],[133.569033,34.926268],[133.569338,34.924909],[133.568965,34.924019],[133.568255,34.924019],[133.566965,34.924628],[133.566603,34.924234],[133.566922,34.923566],[133.568167,34.922016],[133.568283,34.921386],[133.567791,34.920623],[133.566676,34.919418],[133.565635,34.919609],[133.565244,34.918893],[133.566141,34.918404],[133.566155,34.918035],[133.56529,34.916864],[133.563481,34.916113],[133.563469,34.915527],[133.562731,34.915444],[133.562514,34.914836],[133.561588,34.914406],[133.561777,34.913535],[133.563044,34.911751],[133.563493,34.91032],[133.56465,34.909426],[133.564766,34.908423],[133.565085,34.908018],[133.566561,34.907863],[133.567154,34.907423],[133.567039,34.90654],[133.566054,34.906409],[133.565809,34.905813],[133.566561,34.904954],[133.56727,34.901648],[133.56976,34.897926],[133.569007,34.897317],[133.567386,34.897902],[133.566084,34.897961],[133.565389,34.897782],[133.564028,34.896721],[133.564115,34.895202],[133.564318,34.89463],[133.565721,34.893497],[133.565866,34.892495],[133.565605,34.891118],[133.56461,34.887637],[133.564465,34.886159],[133.563249,34.88623],[133.561846,34.886898],[133.559542,34.886098],[133.558051,34.885204],[133.556604,34.885048],[133.554502,34.884447],[133.55401,34.883922],[133.553823,34.882992],[133.553145,34.882133],[133.552421,34.882085],[133.551032,34.882443],[133.550684,34.882312],[133.550525,34.880892],[133.549397,34.880869],[133.548181,34.881679],[133.546342,34.882109],[133.54588,34.881834],[133.543506,34.881883],[133.542913,34.881644],[133.542026,34.880498],[133.540565,34.880307],[133.539971,34.879973],[133.538988,34.878589],[133.536636,34.878176],[133.535612,34.876888],[133.534932,34.876984],[133.532964,34.876316],[133.53211,34.876423],[133.529809,34.876244],[133.529186,34.877086],[133.52842,34.877026],[133.527565,34.876502],[133.52606,34.876943],[133.524938,34.876967],[133.523881,34.876764],[133.524644,34.875422],[133.524619,34.875059],[133.523711,34.874059],[133.523508,34.872639],[133.522712,34.871172],[133.521543,34.869644],[133.519719,34.868522],[133.518799,34.867736],[133.517323,34.867747],[133.514268,34.865911],[133.513747,34.866984],[133.513531,34.868057],[133.513154,34.86869],[133.511894,34.869369],[133.508945,34.8693],[133.507715,34.870398],[133.50647,34.870469],[133.505442,34.870743],[133.504532,34.871411],[133.503474,34.871542],[133.502462,34.87128],[133.501753,34.871566],[133.500209,34.872621],[133.499949,34.873791],[133.500326,34.87447],[133.499992,34.875496],[133.500123,34.876498],[133.498971,34.876593],[133.497611,34.876307],[133.495569,34.874226],[133.494829,34.875034],[133.494113,34.876345],[133.493326,34.876873],[133.492253,34.878594],[133.491301,34.877832],[133.491135,34.877305],[133.49036,34.876835],[133.490165,34.876022],[133.489408,34.875053],[133.488303,34.875065],[133.487486,34.874807],[133.485817,34.873719],[133.484851,34.872716],[133.483795,34.87208],[133.482391,34.871771],[133.481021,34.87255],[133.480395,34.873856],[133.480465,34.874922],[133.479099,34.876045],[133.477128,34.876801],[133.475954,34.878347],[133.476837,34.878937],[133.477524,34.879923],[133.477434,34.880598],[133.476204,34.881063],[133.475843,34.882151],[133.475939,34.882626],[133.474264,34.883451],[133.473844,34.884448],[133.472835,34.885788],[133.47207,34.885977],[133.471598,34.885319],[133.470056,34.884431],[133.469451,34.884316],[133.46887,34.883182],[133.468873,34.88222],[133.468602,34.881646],[133.468852,34.880719],[133.468602,34.879372],[133.467991,34.878364],[133.466566,34.878066],[133.465106,34.876766],[133.463841,34.876394],[133.462656,34.876778],[133.460258,34.876171],[133.458732,34.876119],[133.457265,34.875746],[133.45509,34.875443],[133.454165,34.875643],[133.452586,34.875655],[133.451825,34.874652],[133.451179,34.874176],[133.450269,34.874383],[133.450144,34.875191],[133.448861,34.876559],[133.448159,34.877665],[133.447096,34.877551],[133.445802,34.878713],[133.444611,34.879287],[133.443755,34.880455],[133.443776,34.881051],[133.442956,34.882684],[133.44183,34.884207],[133.441107,34.883818],[133.439129,34.883485],[133.438016,34.882746],[133.437444,34.8814],[133.436071,34.8805],[133.435188,34.880151],[133.434823,34.881239],[133.433447,34.881819],[133.432508,34.881819],[133.431249,34.882162],[133.429602,34.883348],[133.42767,34.88321],[133.426944,34.883818],[133.425761,34.884247],[133.426019,34.884716],[133.425095,34.886509],[133.424445,34.886441],[133.423833,34.885731],[133.422845,34.885221],[133.422443,34.884252],[133.421428,34.883353],[133.420479,34.882952],[133.420729,34.8816],[133.419387,34.880644],[133.418456,34.880529],[133.417629,34.880088],[133.41749,34.879252],[133.416906,34.878295],[133.416934,34.877596],[133.416141,34.877092],[133.414774,34.876834],[133.413998,34.877888],[133.412792,34.87869],[133.411769,34.879934],[133.410741,34.879813],[133.410122,34.879097],[133.410094,34.878427],[133.408718,34.878203],[133.40722,34.877052],[133.406851,34.87621],[133.405114,34.874932],[133.404544,34.873918],[133.402364,34.875006],[133.400835,34.875024],[133.400244,34.874611],[133.3991,34.875178],[133.398253,34.874849],[133.398152,34.874261],[133.395722,34.872423],[133.395646,34.871764],[133.393998,34.871065],[133.392876,34.869903],[133.391012,34.869885],[133.390168,34.869209],[133.389285,34.869272],[133.387655,34.870613],[133.386699,34.870847],[133.385163,34.870762],[133.384113,34.871082],[133.383484,34.871993],[133.382636,34.872165],[133.381454,34.872056],[133.381003,34.872778],[133.379918,34.873499],[133.377416,34.87335],[133.375443,34.873617],[133.373824,34.87433],[133.372341,34.874405],[133.370797,34.874284],[133.368788,34.873684],[133.367011,34.873763],[133.366218,34.873952],[133.364812,34.874656],[133.364168,34.875278],[133.363004,34.875112],[133.36148,34.87457],[133.359576,34.874872],[133.358284,34.874718],[133.356721,34.875403],[133.353359,34.87744],[133.353124,34.87772],[133.351589,34.876551],[133.350155,34.876014],[133.348486,34.875188],[133.347536,34.874315],[133.346976,34.873272],[133.347232,34.87261],[133.346007,34.871473],[133.345193,34.871007],[133.344127,34.86948],[133.342241,34.868849],[133.34138,34.869314],[133.340576,34.869154],[133.338899,34.869468],[133.337715,34.869885],[133.336545,34.869239],[133.336063,34.867846],[133.336676,34.867166],[133.337431,34.867172],[133.337771,34.866333],[133.338616,34.865921],[133.338742,34.864697],[133.338506,34.864076],[133.337116,34.862539],[133.335483,34.861671],[133.335059,34.859947],[133.333474,34.858488],[133.332424,34.85829],[133.332479,34.857473],[133.330664,34.855925],[133.331343,34.855531],[133.330789,34.854971],[133.330858,34.853892],[133.329058,34.853177],[133.328954,34.852954],[133.330443,34.852315],[133.331232,34.851024],[133.330658,34.849539],[133.332431,34.848796],[133.334003,34.847888],[133.334461,34.847425],[133.334848,34.845906],[133.335423,34.844518],[133.334377,34.843838],[133.333893,34.842907],[133.333865,34.841988],[133.332591,34.840742],[133.332667,34.840194],[133.333491,34.837961],[133.335507,34.836767],[133.335934,34.836182],[133.336091,34.834745],[133.337292,34.834599],[133.337718,34.834244],[133.339036,34.834075],[133.339539,34.833568],[133.339785,34.832677],[133.341355,34.831421],[133.34223,34.830277],[133.344872,34.82963],[133.346883,34.829573],[133.348361,34.828785],[133.348281,34.829742],[133.347133,34.831111],[133.347042,34.831609],[133.348463,34.831759],[133.349918,34.831506],[133.352986,34.830643],[133.353396,34.830352],[133.353519,34.829084],[133.353922,34.828268],[133.355398,34.827393],[133.35647,34.826481],[133.356341,34.825089],[133.356572,34.823552],[133.35744,34.823117],[133.357645,34.822559],[133.357351,34.821703],[133.35888,34.819644],[133.36005,34.819944],[133.361198,34.819926],[133.361778,34.82031],[133.362587,34.819883],[133.363318,34.820137],[133.364287,34.819466],[133.365073,34.819652],[133.366083,34.818953],[133.367897,34.819006],[133.367701,34.816677],[133.368556,34.814883],[133.369181,34.814686],[133.370216,34.813945],[133.371602,34.813804],[133.372848,34.814597],[133.374508,34.813912],[133.376123,34.810681],[133.377317,34.809061],[133.378086,34.80836],[133.378127,34.806226],[133.37837,34.805775],[133.378147,34.804072],[133.37839,34.802472],[133.376641,34.800908],[133.377308,34.799488],[133.377592,34.798163],[133.377592,34.797083],[133.376458,34.796849],[133.375589,34.796364],[133.375851,34.79462],[133.375103,34.793334],[133.373909,34.793083],[133.373544,34.792332],[133.372384,34.792284],[133.372367,34.791194],[133.371128,34.790782],[133.369797,34.789774],[133.369777,34.78883],[133.370631,34.788492],[133.37039,34.785796],[133.370479,34.785396],[133.371995,34.784669],[133.372384,34.784125],[133.376037,34.782087],[133.376847,34.781753],[133.373346,34.780284],[133.372384,34.780019],[133.371619,34.778658],[133.371633,34.777125],[133.370329,34.775784],[133.369839,34.774809],[133.368821,34.774173],[133.367375,34.774331],[133.367259,34.773591],[133.36669,34.772482],[133.367126,34.770601],[133.366882,34.768516],[133.365737,34.768407],[133.364874,34.767643],[133.36466,34.767114],[133.365675,34.765491],[133.365052,34.765017],[133.365951,34.763984],[133.366565,34.762863],[133.367756,34.76202],[133.36718,34.761196],[133.366103,34.761049],[133.36579,34.760459],[133.364375,34.759851],[133.362853,34.758179],[133.36231,34.756196],[133.361848,34.7556],[133.363291,34.754775],[133.36434,34.754381],[133.365978,34.75455],[133.36637,34.754386],[133.367511,34.753214],[133.368102,34.752234],[133.367851,34.751008],[133.36724,34.749813],[133.367605,34.749118],[133.370245,34.748088],[133.370378,34.746859],[133.369648,34.744586],[133.370073,34.742527],[133.370474,34.741996],[133.372384,34.74224],[133.373259,34.742045],[133.375606,34.741871],[133.376886,34.742512],[133.379264,34.743397],[133.381568,34.742873],[133.382801,34.743238],[133.384483,34.743443],[133.385143,34.742188],[133.386164,34.742014],[133.386675,34.741155],[133.386039,34.739982],[133.386974,34.739119],[133.387728,34.738085],[133.389335,34.737653],[133.391006,34.736649],[133.391826,34.735497],[133.392897,34.734941],[133.393955,34.734715],[133.396894,34.734808],[133.39672,34.73524],[133.397878,34.735569],[133.398538,34.735425],[133.398489,34.734818],[133.399585,34.73453],[133.399884,34.733903],[133.400855,34.733265],[133.401602,34.733522],[133.401851,34.734725],[133.402586,34.735116],[133.402848,34.735661],[133.403632,34.735569],[133.404111,34.73482],[133.404758,34.734759],[133.404945,34.733987],[133.40416,34.733298],[133.404297,34.732568],[133.403998,34.731509],[133.404559,34.729995],[133.404235,34.728874],[133.404434,34.728401],[133.405219,34.728246],[133.406203,34.727684],[133.407199,34.727447],[133.408133,34.727478],[133.40913,34.727067],[133.409947,34.725994],[133.409997,34.724009],[133.410483,34.721761],[133.410121,34.721432],[133.410358,34.720434],[133.412152,34.719862],[133.411628,34.719481],[133.411753,34.718188],[133.411678,34.716778],[133.412476,34.716098],[133.412787,34.715317],[133.412488,34.714422],[133.413023,34.713681],[133.415492,34.711482],[133.416337,34.711334],[133.417632,34.709956],[133.41894,34.709791],[133.419949,34.708485],[133.420758,34.708166],[133.420716,34.707077],[133.421501,34.706563],[133.422011,34.705078],[133.421184,34.703417],[133.422417,34.702954],[133.423214,34.701588],[133.423115,34.700766],[133.424298,34.700189],[133.425008,34.69828],[133.426804,34.696273],[133.428946,34.695656],[133.430266,34.695811],[133.432097,34.695811],[133.433131,34.696253],[133.433505,34.696088],[133.433741,34.69408],[133.434626,34.693627],[133.435435,34.692342],[133.438014,34.690439],[133.440041,34.690441],[133.440514,34.690771],[133.441658,34.69091],[133.442941,34.689748],[133.443127,34.689152],[133.444547,34.68837],[133.445686,34.686977],[133.446819,34.685938],[133.448227,34.685568],[133.449076,34.685969],[133.450957,34.684745],[133.451928,34.684663],[133.453537,34.684262],[133.453998,34.684334],[133.454895,34.685054],[133.455866,34.684982],[133.456875,34.687774],[133.456227,34.688597],[133.456115,34.689173],[133.456476,34.690534],[133.456925,34.69145],[133.458121,34.69062],[133.459667,34.690541],[133.460215,34.689779],[133.461473,34.68648],[133.461162,34.685575],[133.461274,34.684722],[133.462131,34.683899],[133.464666,34.685298],[133.465758,34.685675],[133.46571,34.686948],[133.466034,34.687679],[133.467703,34.687874],[133.468488,34.687658],[133.470007,34.688584],[133.471811,34.689191],[133.472595,34.690054],[133.474359,34.689252],[133.475405,34.688429],[133.476389,34.688265],[133.477074,34.68844],[133.478078,34.689518],[133.4789,34.690062],[133.480046,34.689713],[133.48083,34.690052],[133.48083,34.691225],[133.481079,34.691698],[133.480743,34.692545],[133.48225,34.692792],[133.483044,34.693341],[133.483754,34.693094],[133.484897,34.693692],[133.486218,34.693846],[133.488198,34.69434],[133.489889,34.695747],[133.490935,34.695809],[133.491944,34.695346],[133.493493,34.695346],[133.493307,34.693906],[133.495287,34.693412],[133.49591,34.693762],[133.496308,34.694575],[133.498447,34.694308],[133.499175,34.694726],[133.500348,34.694843],[133.500501,34.695193],[133.501755,34.696383],[133.503171,34.697301],[133.503838,34.698837],[133.503959,34.700123],[133.503554,34.701041],[133.503534,34.702046],[133.502584,34.7038],[133.503837,34.705286],[133.505334,34.70557],[133.505819,34.706321],[133.50685,34.706976],[133.507214,34.707477],[133.508428,34.708262],[133.509459,34.708496],[133.5114,34.708345],[133.513523,34.708612],[133.514332,34.708162],[133.515343,34.70883],[133.517406,34.709314],[133.518174,34.709999],[133.518498,34.710784],[133.521026,34.711665],[133.522299,34.711565],[133.523412,34.712049],[133.524322,34.712116],[133.525333,34.712818],[133.525867,34.713903],[133.526049,34.715393],[133.527051,34.715706],[133.528285,34.716428],[133.529983,34.717747],[133.529296,34.718532],[133.527233,34.719834],[133.526809,34.721087],[133.526384,34.721571],[133.526465,34.722576],[133.526101,34.723344],[133.525373,34.723762],[133.524159,34.723946],[133.52333,34.723645],[133.522542,34.724079],[133.52143,34.725365],[133.521005,34.726217],[133.521349,34.727619],[133.520548,34.72917],[133.520568,34.730489],[133.521013,34.731608],[133.520277,34.733279],[133.520602,34.734083],[133.521806,34.734466],[133.52213,34.736107],[133.522613,34.736445],[133.52424,34.73692],[133.526289,34.737366],[133.526861,34.739222],[133.529854,34.740224],[133.532274,34.739791],[133.532778,34.74004],[133.533514,34.741059],[133.534521,34.741777],[133.53628,34.742646],[133.537999,34.742295],[133.540365,34.741326],[133.541214,34.740792],[133.542023,34.741126],[133.545081,34.740642],[133.545546,34.739924],[133.546679,34.739573],[133.54953,34.739857],[133.550622,34.73974],[133.551633,34.740542],[133.553433,34.740609],[133.554602,34.740174],[133.555937,34.739891],[133.557878,34.740091],[133.55897,34.739807],[133.559961,34.739844],[133.559192,34.739026],[133.55899,34.738375],[133.556511,34.735661],[133.556672,34.734658],[133.555782,34.73404],[133.555358,34.733205],[133.554529,34.732637],[133.554387,34.731735],[133.554869,34.730625],[133.555556,34.729824],[133.555071,34.729072],[133.555232,34.728554],[133.556446,34.727102],[133.557356,34.726701],[133.557983,34.7261],[133.55867,34.726267],[133.559519,34.726938],[133.560146,34.726087],[133.559742,34.723799],[133.560207,34.723281],[133.561197,34.723014],[133.561197,34.722246],[133.562168,34.720793],[133.562451,34.71909],[133.563381,34.718372],[133.564089,34.719619],[133.564898,34.720204],[133.566196,34.720187],[133.566884,34.720771],[133.56747,34.719887],[133.568441,34.719052],[133.568764,34.719886],[133.569674,34.720137],[133.571927,34.719519],[133.572675,34.720421],[133.574899,34.721256],[133.57589,34.721172],[133.577391,34.720516],[133.578644,34.7209],[133.580707,34.719113],[133.581819,34.719247]]]]}},
  {"type":"Feature","properties":{"name":"新見市","code":"33210"},"geometry":{"type":"MultiPolygon","coordinates":[[[[133.601024,34.952873],[133.599688,34.953727],[133.598559,34.953786],[133.597979,34.954788],[133.59698,34.955898],[133.595965,34.956613],[133.595472,34.957233],[133.596367,34.958451],[133.597237,34.958999],[133.598802,34.959429],[133.599976,34.959274],[133.600743,34.958641],[133.600134,34.957175],[133.600134,34.956363],[133.600932,34.955827],[133.601093,34.954734],[133.603528,34.954399],[133.604425,34.954435],[133.60557,34.954829],[133.606135,34.955342],[133.607425,34.955973],[133.60799,34.956904],[133.607135,34.957715],[133.607005,34.958156],[133.607416,34.9591],[133.609357,34.960269],[133.611063,34.960412],[133.612947,34.961151],[133.614514,34.961275],[133.615644,34.961764],[133.616687,34.961645],[133.618223,34.961752],[133.620536,34.961538],[133.621636,34.961585],[133.622013,34.962014],[133.621303,34.964117],[133.620637,34.965036],[133.620013,34.965346],[133.619332,34.966764],[133.618448,34.96816],[133.618217,34.969198],[133.618492,34.970048],[133.619289,34.971181],[133.619158,34.972696],[133.617667,34.973686],[133.616232,34.975141],[133.615476,34.975549],[133.614519,34.976419],[133.612824,34.976515],[133.612259,34.976932],[133.610695,34.977278],[133.610205,34.977743],[133.609959,34.978591],[133.610998,34.979008],[133.612578,34.978948],[133.612882,34.979246],[133.612537,34.980008],[133.610437,34.981642],[133.608312,34.982561],[133.606487,34.982858],[133.605632,34.983217],[133.60496,34.983822],[133.603599,34.984596],[133.603353,34.985178],[133.60141,34.986169],[133.600996,34.987657],[133.600851,34.988921],[133.601605,34.989565],[133.606927,34.988071],[133.606854,34.988524],[133.607406,34.989216],[133.607942,34.989371],[133.608434,34.990098],[133.608652,34.991648],[133.607768,34.992852],[133.607854,34.994439],[133.606782,34.995056],[133.606507,34.995808],[133.605884,34.996142],[133.604783,34.996214],[133.603247,34.996964],[133.60223,34.997674],[133.60139,34.998617],[133.599898,34.999165],[133.599478,34.999976],[133.599539,35.000596],[133.599003,35.001121],[133.597684,35.001453],[133.596207,35.000654],[133.594668,35.00001],[133.593915,34.99896],[133.593712,34.998113],[133.592523,34.997109],[133.592176,34.996358],[133.592293,34.994747],[133.591916,34.994103],[133.590743,34.993579],[133.590508,34.9929],[133.588639,34.993043],[133.587784,34.993997],[133.587798,34.994617],[133.587138,34.995709],[133.585153,34.996364],[133.584197,34.996436],[133.583603,34.997772],[133.582969,34.998676],[133.582953,34.999404],[133.583403,34.999702],[133.584692,34.999798],[133.585228,35.000179],[133.585831,35.001362],[133.585729,35.001994],[133.586914,35.004708],[133.587305,35.005363],[133.588843,35.006604],[133.58946,35.007426],[133.591113,35.007403],[133.591708,35.007725],[133.592506,35.007689],[133.593767,35.007987],[133.594144,35.009499],[133.594997,35.010884],[133.595098,35.011635],[133.596273,35.012053],[133.597201,35.013514],[133.59781,35.013299],[133.598854,35.013538],[133.599216,35.014778],[133.599716,35.015411],[133.598353,35.015961],[133.598338,35.016569],[133.597874,35.017106],[133.59844,35.017523],[133.598658,35.018594],[133.599774,35.019321],[133.600397,35.020109],[133.60031,35.020654],[133.599165,35.022064],[133.597381,35.022302],[133.596235,35.021837],[133.594887,35.021956],[133.593755,35.022743],[133.590956,35.023339],[133.589657,35.023789],[133.588671,35.024362],[133.587887,35.023801],[133.58754,35.024696],[133.588032,35.024934],[133.588976,35.026043],[133.589018,35.02783],[133.588467,35.028702],[133.586843,35.029084],[133.586365,35.030097],[133.585425,35.03066],[133.584483,35.030911],[133.583844,35.031399],[133.584149,35.032557],[133.584062,35.033129],[133.583046,35.033475],[133.583511,35.035026],[133.584381,35.035795],[133.584483,35.036558],[133.584033,35.037119],[133.584511,35.037906],[133.583656,35.039558],[133.584091,35.041488],[133.585671,35.042143],[133.586846,35.043491],[133.587788,35.043909],[133.588827,35.045146],[133.589567,35.045004],[133.590887,35.045946],[133.591104,35.046706],[133.59077,35.048066],[133.589262,35.048663],[133.588668,35.048674],[133.588435,35.049283],[133.588754,35.050884],[133.587594,35.051838],[133.586738,35.051862],[133.586782,35.052863],[133.585723,35.053198],[133.585143,35.054791],[133.586724,35.055614],[133.586202,35.056437],[133.58639,35.056839],[133.585999,35.057793],[133.586057,35.058581],[133.586665,35.059535],[133.58672,35.060392],[133.587634,35.061406],[133.587605,35.062837],[133.587881,35.063398],[133.587229,35.064006],[133.587359,35.065774],[133.587025,35.066967],[133.587475,35.068002],[133.586909,35.068622],[133.586909,35.06929],[133.587387,35.069719],[133.588483,35.071272],[133.589513,35.0725],[133.589427,35.073538],[133.588411,35.074814],[133.588397,35.07542],[133.589049,35.076697],[133.58902,35.078146],[133.589368,35.079493],[133.589238,35.080554],[133.588889,35.080674],[133.58902,35.081884],[133.587859,35.082111],[133.58696,35.082767],[133.585756,35.084553],[133.584234,35.085627],[133.584509,35.08639],[133.583174,35.087034],[133.581591,35.086557],[133.580663,35.086735],[133.579458,35.087761],[133.579283,35.089013],[133.578978,35.089729],[133.578108,35.09029],[133.577085,35.090338],[133.576258,35.090911],[133.576315,35.092724],[133.574835,35.093926],[133.574603,35.095345],[133.576057,35.09615],[133.575825,35.096985],[133.576042,35.097784],[133.575403,35.099129],[133.574242,35.100048],[133.574648,35.10124],[133.574227,35.10317],[133.574866,35.104375],[133.574982,35.106885],[133.575763,35.108418],[133.575269,35.10967],[133.575181,35.111053],[133.575687,35.112003],[133.578329,35.112145],[133.579041,35.112456],[133.580027,35.112241],[133.581087,35.112694],[133.582638,35.11372],[133.583303,35.115466],[133.583796,35.116038],[133.583979,35.119041],[133.584255,35.120139],[133.584646,35.122678],[133.585271,35.123227],[133.585939,35.124264],[133.58588,35.1253],[133.58636,35.127029],[133.586228,35.127661],[133.587097,35.127936],[133.58791,35.12864],[133.588136,35.129763],[133.588034,35.130693],[133.588586,35.131265],[133.589222,35.132553],[133.589309,35.133709],[133.590703,35.135379],[133.591193,35.136569],[133.590699,35.137392],[133.590554,35.138227],[133.588855,35.138322],[133.587797,35.138823],[133.587358,35.139518],[133.586312,35.139684],[133.584803,35.14065],[133.58309,35.140853],[133.58185,35.1412],[133.581197,35.142166],[133.579846,35.142071],[133.5787,35.1438],[133.577475,35.144394],[133.577329,35.144752],[133.575965,35.14468],[133.574991,35.145073],[133.57336,35.144633],[133.57259,35.145587],[133.570733,35.146516],[133.569046,35.147564],[133.568001,35.149079],[133.566781,35.149341],[133.563993,35.149102],[133.562597,35.147913],[133.561494,35.147865],[133.560506,35.148629],[133.558184,35.148879],[133.556727,35.14876],[133.555478,35.149762],[133.555243,35.150813],[133.554095,35.151601],[133.552586,35.150993],[133.551512,35.151219],[133.550627,35.151147],[133.548057,35.150528],[133.547215,35.150896],[133.545995,35.150921],[133.545503,35.151541],[133.544689,35.151219],[133.54347,35.151589],[133.540743,35.151351],[133.538581,35.151435],[133.537448,35.152413],[133.537231,35.153235],[133.537448,35.153975],[133.536838,35.155334],[133.536896,35.155728],[133.536182,35.156251],[133.535789,35.157766],[133.536603,35.158864],[133.537633,35.159209],[133.539443,35.161195],[133.540255,35.161553],[133.540777,35.162126],[133.540749,35.162674],[133.541445,35.163372],[133.540981,35.165447],[133.541227,35.165969],[133.541183,35.168104],[133.540327,35.168033],[133.539572,35.168545],[133.5395,35.169357],[133.538675,35.169913],[133.538035,35.170733],[133.53754,35.170816],[133.535399,35.170554],[133.534271,35.170775],[133.53464,35.171829],[133.534456,35.172685],[133.534781,35.173244],[133.534421,35.173738],[133.535746,35.175101],[133.535675,35.175988],[133.53475,35.176502],[133.533284,35.176357],[133.532368,35.176438],[133.530644,35.177157],[133.529766,35.177321],[133.529161,35.178331],[133.527799,35.178859],[133.526837,35.179527],[133.526639,35.181158],[133.526055,35.182028],[133.526111,35.182886],[133.524794,35.183335],[133.523345,35.183423],[133.522603,35.182741],[133.521272,35.182079],[133.520822,35.182088],[133.519182,35.182911],[133.518644,35.185595],[133.51878,35.186463],[133.518389,35.186856],[133.517211,35.187342],[133.516399,35.189377],[133.516341,35.190517],[133.515978,35.190822],[133.514756,35.190991],[133.51416,35.19071],[133.513543,35.189947],[133.51227,35.189624],[133.51047,35.190114],[133.509001,35.192097],[133.508453,35.192362],[133.508051,35.193092],[133.506319,35.192843],[133.503141,35.191701],[133.502075,35.191885],[133.501136,35.192768],[133.500412,35.192367],[133.500077,35.191464],[133.49939,35.190751],[133.498893,35.189026],[133.49846,35.188229],[133.497574,35.187667],[133.496629,35.187456],[133.496114,35.186712],[133.494383,35.186584],[133.492905,35.186983],[133.491725,35.18777],[133.491176,35.187512],[133.489743,35.187681],[133.488739,35.186543],[133.488323,35.186428],[133.486559,35.186605],[133.485438,35.186401],[133.485372,35.18525],[133.484943,35.184281],[133.483903,35.184143],[133.482963,35.183153],[133.482562,35.182413],[133.481867,35.182312],[133.478106,35.182368],[133.476039,35.181924],[133.474845,35.182019],[133.473306,35.180889],[133.473161,35.178594],[133.471893,35.176994],[133.470374,35.177481],[133.46971,35.176871],[133.46885,35.176563],[133.468053,35.175551],[133.466972,35.175157],[133.465909,35.175616],[133.465434,35.176684],[133.463521,35.177781],[133.462579,35.177882],[133.46121,35.177619],[133.459826,35.177787],[133.459185,35.176797],[133.458231,35.176344],[133.456897,35.173539],[133.456515,35.173109],[133.454886,35.172664],[133.453549,35.17305],[133.452403,35.172922],[133.449826,35.171923],[133.449288,35.171604],[133.447556,35.171296],[133.446611,35.172618],[133.445964,35.172882],[133.442338,35.173103],[133.441513,35.173444],[133.438052,35.173075],[133.437432,35.173628],[133.435787,35.174136],[133.434737,35.174897],[133.433229,35.175432],[133.432309,35.175589],[133.429834,35.176432],[133.428567,35.177319],[133.428124,35.177409],[133.425293,35.176635],[133.424489,35.176713],[133.42218,35.176113],[133.421388,35.177001],[133.421415,35.178191],[133.421108,35.178739],[133.421361,35.179299],[133.420849,35.180984],[133.419121,35.181713],[133.418098,35.182743],[133.417042,35.183427],[133.416085,35.18445],[133.415573,35.184724],[133.413391,35.184568],[133.41193,35.184623],[133.410799,35.184148],[133.410069,35.184182],[133.407889,35.185815],[133.407439,35.185882],[133.405754,35.185093],[133.404678,35.184282],[133.404037,35.184176],[133.402776,35.182178],[133.401857,35.181484],[133.400739,35.181513],[133.398677,35.180557],[133.397963,35.180462],[133.396913,35.180854],[133.396101,35.180596],[133.39493,35.178809],[133.394385,35.176073],[133.394672,35.175409],[133.394814,35.174123],[133.396947,35.172461],[133.395452,35.171649],[133.393362,35.169145],[133.393217,35.16769],[133.394027,35.166571],[133.395392,35.165677],[133.396843,35.165033],[133.397844,35.164925],[133.398515,35.163581],[133.398355,35.16296],[133.398762,35.161313],[133.400069,35.160121],[133.400722,35.158433],[133.400636,35.15755],[133.400054,35.155394],[133.400359,35.153271],[133.401172,35.152371],[133.403147,35.151011],[133.403234,35.150248],[133.404514,35.148668],[133.40418,35.147427],[133.404064,35.145863],[133.404587,35.144861],[133.405138,35.142928],[133.406634,35.142487],[133.408623,35.141258],[133.409424,35.140506],[133.409815,35.139504],[133.411224,35.138753],[133.411268,35.137209],[133.4115,35.136385],[133.411165,35.135658],[133.411659,35.134758],[133.412502,35.134054],[133.412618,35.133493],[133.411892,35.132707],[133.411718,35.131436],[133.411834,35.130733],[133.412603,35.129373],[133.412342,35.129004],[133.412763,35.128181],[133.411979,35.126786],[133.412124,35.125141],[133.412487,35.124378],[133.411782,35.122279],[133.411826,35.121146],[133.410882,35.120502],[133.40943,35.119989],[133.408231,35.119824],[133.406678,35.118551],[133.405764,35.118024],[133.405169,35.116903],[133.404936,35.1159],[133.404228,35.11541],[133.403363,35.114321],[133.402033,35.114381],[133.400813,35.114953],[133.399988,35.115058],[133.39861,35.114648],[133.397584,35.114547],[133.396656,35.114154],[133.396107,35.114261],[133.394797,35.113569],[133.393539,35.113636],[133.391508,35.113128],[133.390767,35.113283],[133.388928,35.11314],[133.387732,35.112766],[133.386994,35.113115],[133.386331,35.114316],[133.385223,35.114727],[133.383473,35.114653],[133.38276,35.115012],[133.38019,35.114929],[133.378788,35.114666],[133.376562,35.113739],[133.374718,35.113521],[133.372952,35.112979],[133.372284,35.112601],[133.372217,35.111996],[133.370126,35.110625],[133.367507,35.110376],[133.366681,35.110155],[133.366513,35.109049],[133.365701,35.1081],[133.363611,35.107219],[133.363231,35.106263],[133.362664,35.105576],[133.360915,35.104671],[133.359218,35.104442],[133.358396,35.102126],[133.357829,35.101972],[133.356575,35.102186],[133.356229,35.101652],[133.354874,35.100771],[133.353961,35.101083],[133.350597,35.10326],[133.34953,35.104465],[133.348247,35.104876],[133.347271,35.105595],[133.346017,35.105583],[133.343969,35.10535],[133.341836,35.105871],[133.34024,35.106025],[133.339001,35.10659],[133.338223,35.106563],[133.337819,35.105883],[133.336559,35.104765],[133.335367,35.103346],[133.332359,35.101272],[133.332326,35.100833],[133.332984,35.09949],[133.331311,35.098917],[133.330313,35.098076],[133.329101,35.09661],[133.327924,35.09595],[133.32814,35.094998],[133.327669,35.094595],[133.32666,35.094389],[133.325517,35.093469],[133.323652,35.093616],[133.322115,35.094413],[133.320995,35.093666],[133.319428,35.093856],[133.318558,35.094318],[133.318091,35.095211],[133.317242,35.095658],[133.316891,35.096333],[133.316324,35.096563],[133.315972,35.097602],[133.314184,35.097416],[133.31333,35.097997],[133.312657,35.098048],[133.311941,35.097511],[133.310782,35.096262],[133.310119,35.096413],[133.309029,35.097408],[133.308577,35.098301],[133.308341,35.099447],[133.307284,35.099597],[133.305323,35.099435],[133.30416,35.099774],[133.302829,35.099581],[133.302291,35.10015],[133.30193,35.101343],[133.300311,35.102493],[133.299032,35.103804],[133.296217,35.102544],[133.295284,35.101821],[133.293371,35.101695],[133.29094,35.100359],[133.290805,35.099087],[133.290993,35.098332],[133.290805,35.097661],[133.290109,35.097128],[133.289671,35.096274],[133.288263,35.095914],[133.288176,35.095021],[133.287744,35.094093],[133.287811,35.093236],[133.288359,35.092062],[133.288883,35.091789],[133.290219,35.090411],[133.290056,35.089071],[133.289623,35.08772],[133.289897,35.086843],[133.289941,35.085733],[133.29066,35.084424],[133.290428,35.083636],[133.290708,35.083123],[133.290315,35.082389],[133.290267,35.081387],[133.288945,35.080275],[133.288945,35.078831],[133.288705,35.075795],[133.288478,35.0753],[133.288859,35.074446],[133.290181,35.073823],[133.290143,35.072766],[133.29074,35.072288],[133.290824,35.070944],[133.290143,35.070731],[133.289266,35.06974],[133.288768,35.068611],[133.287766,35.068388],[133.286434,35.067268],[133.285561,35.067063],[133.284524,35.066289],[133.284401,35.065501],[133.283421,35.06595],[133.279115,35.06569],[133.278273,35.066086],[133.276912,35.066109],[133.276611,35.065581],[133.275242,35.064334],[133.275118,35.063166],[133.274677,35.062693],[133.273348,35.062198],[133.272324,35.061541],[133.272343,35.060516],[133.272631,35.059751],[133.272091,35.059239],[133.269563,35.058071],[133.268538,35.057069],[133.268365,35.056256],[133.267624,35.054549],[133.267618,35.053574],[133.266941,35.053276],[133.266928,35.052431],[133.268384,35.05101],[133.268969,35.049977],[133.270407,35.049567],[133.272056,35.048013],[133.273419,35.047813],[133.273556,35.047193],[133.274428,35.045908],[133.274467,35.044977],[133.275645,35.044543],[133.276111,35.044141],[133.277841,35.043541],[133.279423,35.042311],[133.27995,35.041301],[133.281081,35.042088],[133.281733,35.041719],[133.281682,35.041072],[133.282278,35.040407],[133.28294,35.040355],[133.283544,35.040804],[133.284479,35.040899],[133.285236,35.040659],[133.286051,35.039419],[133.286763,35.039127],[133.287469,35.037759],[133.28861,35.037531],[133.289089,35.037057],[133.290566,35.036396],[133.291002,35.035961],[133.291606,35.034723],[133.291738,35.034019],[133.292646,35.033366],[133.293369,35.031457],[133.294285,35.030368],[133.295469,35.029872],[133.295842,35.029493],[133.295498,35.027923],[133.295752,35.027213],[133.297102,35.026239],[133.297248,35.025919],[133.296878,35.024729],[133.297942,35.024311],[133.300022,35.023191],[133.300923,35.021621],[133.302308,35.020793],[133.302998,35.020651],[133.303391,35.019938],[133.303217,35.019514],[133.303356,35.018097],[133.303105,35.017429],[133.303473,35.01662],[133.304998,35.015193],[133.305932,35.015256],[133.306433,35.014821],[133.308768,35.014576],[133.309016,35.013731],[133.309676,35.013353],[133.311477,35.013694],[133.312196,35.013007],[133.313835,35.013126],[133.314832,35.012534],[133.315704,35.012431],[133.316193,35.011154],[133.316672,35.010961],[133.317054,35.009857],[133.317623,35.009284],[133.319622,35.008626],[133.320032,35.007115],[133.321604,35.006216],[133.320793,35.005468],[133.320777,35.004821],[133.321211,35.003629],[133.320968,35.003186],[133.319661,35.002152],[133.31944,35.001417],[133.319561,35.000245],[133.319223,34.998313],[133.319494,34.997619],[133.31987,34.99549],[133.31987,34.994305],[133.320829,34.993292],[133.321017,34.992296],[133.320579,34.991059],[133.32075,34.990094],[133.321726,34.988887],[133.321726,34.987926],[133.320725,34.98638],[133.320079,34.984801],[133.320118,34.983535],[133.3195,34.98318],[133.317044,34.983067],[133.31437,34.981476],[133.313277,34.98007],[133.313694,34.978422],[133.313444,34.977649],[133.312672,34.977168],[133.312225,34.975868],[133.311338,34.9754],[133.310838,34.974644],[133.309553,34.974361],[133.308586,34.974438],[133.306981,34.973871],[133.305354,34.972773],[133.303958,34.972515],[133.303079,34.972044],[133.304417,34.970291],[133.304375,34.969003],[133.30475,34.967716],[133.304634,34.966905],[133.304868,34.966219],[133.304893,34.964962],[133.303878,34.96421],[133.302883,34.964238],[133.301412,34.963331],[133.301451,34.962919],[133.302239,34.962405],[133.302239,34.961543],[133.301893,34.96051],[133.300413,34.959204],[133.299909,34.95839],[133.299255,34.957867],[133.298641,34.95696],[133.297788,34.956945],[133.297262,34.956004],[133.298115,34.952984],[133.298405,34.952476],[133.29944,34.952007],[133.301654,34.950368],[133.302362,34.948703],[133.302798,34.947328],[133.303469,34.94661],[133.304304,34.944921],[133.30552,34.944024],[133.306645,34.942096],[133.308026,34.941088],[133.309224,34.938696],[133.309446,34.937045],[133.309201,34.936525],[133.307899,34.935691],[133.307195,34.934431],[133.306365,34.934037],[133.305726,34.932151],[133.304559,34.93135],[133.303535,34.930906],[133.302436,34.92984],[133.301873,34.928914],[133.302744,34.925998],[133.302817,34.924698],[133.304178,34.922784],[133.304632,34.921717],[133.304455,34.921221],[133.304743,34.919861],[133.304839,34.917717],[133.304514,34.916895],[133.303634,34.915877],[133.303454,34.915135],[133.303517,34.913838],[133.302969,34.913084],[133.301224,34.912747],[133.300448,34.912428],[133.299326,34.911142],[133.298737,34.910102],[133.297553,34.909474],[133.29765,34.908812],[133.298529,34.907556],[133.298467,34.906778],[133.296971,34.905276],[133.29596,34.904979],[133.295794,34.904008],[133.294574,34.90366],[133.294094,34.903081],[133.294997,34.902722],[133.295793,34.9021],[133.295953,34.901357],[133.296486,34.900581],[133.296944,34.899347],[133.296237,34.898233],[133.295836,34.896885],[133.295302,34.89632],[133.295254,34.89556],[133.296694,34.894611],[133.29657,34.893212],[133.297581,34.891796],[133.297934,34.89059],[133.297124,34.889694],[133.298011,34.889339],[133.300068,34.886609],[133.300102,34.885975],[133.301099,34.88445],[133.302638,34.883651],[133.303628,34.883428],[133.305699,34.882062],[133.306212,34.88108],[133.305727,34.880514],[133.306849,34.87843],[133.306586,34.877584],[133.307168,34.876608],[133.309406,34.874043],[133.310161,34.873694],[133.311948,34.873523],[133.312814,34.873101],[133.314324,34.872821],[133.31474,34.871485],[133.314553,34.869319],[133.315364,34.868377],[133.316499,34.867743],[133.316811,34.867178],[133.318245,34.866641],[133.319194,34.866544],[133.320025,34.866173],[133.322166,34.86607],[133.322692,34.864984],[133.324029,34.864356],[133.324077,34.861996],[133.322547,34.86102],[133.322588,34.860152],[133.323115,34.859272],[133.325303,34.857959],[133.327021,34.857284],[133.328213,34.856564],[133.330664,34.855925],[133.332479,34.857473],[133.332424,34.85829],[133.333474,34.858488],[133.335059,34.859947],[133.335483,34.861671],[133.337116,34.862539],[133.338506,34.864076],[133.338742,34.864697],[133.338616,34.865921],[133.337771,34.866333],[133.337431,34.867172],[133.336676,34.867166],[133.336063,34.867846],[133.336545,34.869239],[133.337715,34.869885],[133.338899,34.869468],[133.340576,34.869154],[133.34138,34.869314],[133.342241,34.868849],[133.344127,34.86948],[133.345193,34.871007],[133.346007,34.871473],[133.347232,34.87261],[133.346976,34.873272],[133.347536,34.874315],[133.348486,34.875188],[133.350155,34.876014],[133.351589,34.876551],[133.353124,34.87772],[133.353359,34.87744],[133.356721,34.875403],[133.358284,34.874718],[133.359576,34.874872],[133.36148,34.87457],[133.363004,34.875112],[133.364168,34.875278],[133.364812,34.874656],[133.366218,34.873952],[133.367011,34.873763],[133.368788,34.873684],[133.370797,34.874284],[133.372341,34.874405],[133.373824,34.87433],[133.375443,34.873617],[133.377416,34.87335],[133.379918,34.873499],[133.381003,34.872778],[133.381454,34.872056],[133.382636,34.872165],[133.383484,34.871993],[133.384113,34.871082],[133.385163,34.870762],[133.386699,34.870847],[133.387655,34.870613],[133.389285,34.869272],[133.390168,34.869209],[133.391012,34.869885],[133.392876,34.869903],[133.393998,34.871065],[133.395646,34.871764],[133.395722,34.872423],[133.398152,34.874261],[133.398253,34.874849],[133.3991,34.875178],[133.400244,34.874611],[133.400835,34.875024],[133.402364,34.875006],[133.404544,34.873918],[133.405114,34.874932],[133.406851,34.87621],[133.40722,34.877052],[133.408718,34.878203],[133.410094,34.878427],[133.410122,34.879097],[133.410741,34.879813],[133.411769,34.879934],[133.412792,34.87869],[133.413998,34.877888],[133.414774,34.876834],[133.416141,34.877092],[133.416934,34.877596],[133.416906,34.878295],[133.41749,34.879252],[133.417629,34.880088],[133.418456,34.880529],[133.419387,34.880644],[133.420729,34.8816],[133.420479,34.882952],[133.421428,34.883353],[133.422443,34.884252],[133.422845,34.885221],[133.423833,34.885731],[133.424445,34.886441],[133.425095,34.886509],[133.426019,34.884716],[133.425761,34.884247],[133.426944,34.883818],[133.42767,34.88321],[133.429602,34.883348],[133.431249,34.882162],[133.432508,34.881819],[133.433447,34.881819],[133.434823,34.881239],[133.435188,34.880151],[133.436071,34.8805],[133.437444,34.8814],[133.438016,34.882746],[133.439129,34.883485],[133.441107,34.883818],[133.44183,34.884207],[133.442956,34.882684],[133.443776,34.881051],[133.443755,34.880455],[133.444611,34.879287],[133.445802,34.878713],[133.447096,34.877551],[133.448159,34.877665],[133.448861,34.876559],[133.450144,34.875191],[133.450269,34.874383],[133.451179,34.874176],[133.451825,34.874652],[133.452586,34.875655],[133.454165,34.875643],[133.45509,34.875443],[133.457265,34.875746],[133.458732,34.876119],[133.460258,34.876171],[133.462656,34.876778],[133.463841,34.876394],[133.465106,34.876766],[133.466566,34.878066],[133.467991,34.878364],[133.468602,34.879372],[133.468852,34.880719],[133.468602,34.881646],[133.468873,34.88222],[133.46887,34.883182],[133.469451,34.884316],[133.470056,34.884431],[133.471598,34.885319],[133.47207,34.885977],[133.472835,34.885788],[133.473844,34.884448],[133.474264,34.883451],[133.475939,34.882626],[133.475843,34.882151],[133.476204,34.881063],[133.477434,34.880598],[133.477524,34.879923],[133.476837,34.878937],[133.475954,34.878347],[133.477128,34.876801],[133.479099,34.876045],[133.480465,34.874922],[133.480395,34.873856],[133.481021,34.87255],[133.482391,34.871771],[133.483795,34.87208],[133.484851,34.872716],[133.485817,34.873719],[133.487486,34.874807],[133.488303,34.875065],[133.489408,34.875053],[133.490165,34.876022],[133.49036,34.876835],[133.491135,34.877305],[133.491301,34.877832],[133.492253,34.878594],[133.493326,34.876873],[133.494113,34.876345],[133.494829,34.875034],[133.495569,34.874226],[133.497611,34.876307],[133.498971,34.876593],[133.500123,34.876498],[133.499992,34.875496],[133.500326,34.87447],[133.499949,34.873791],[133.500209,34.872621],[133.501753,34.871566],[133.502462,34.87128],[133.503474,34.871542],[133.504532,34.871411],[133.505442,34.870743],[133.50647,34.870469],[133.507715,34.870398],[133.508945,34.8693],[133.511894,34.869369],[133.513154,34.86869],[133.513531,34.868057],[133.513747,34.866984],[133.514268,34.865911],[133.517323,34.867747],[133.518799,34.867736],[133.519719,34.868522],[133.521543,34.869644],[133.522712,34.871172],[133.523508,34.872639],[133.523711,34.874059],[133.524619,34.875059],[133.524644,34.875422],[133.523881,34.876764],[133.524938,34.876967],[133.52606,34.876943],[133.527565,34.876502],[133.52842,34.877026],[133.529186,34.877086],[133.529809,34.876244],[133.53211,34.876423],[133.532964,34.876316],[133.534932,34.876984],[133.535612,34.876888],[133.536636,34.878176],[133.538988,34.878589],[133.539971,34.879973],[133.540565,34.880307],[133.542026,34.880498],[133.542913,34.881644],[133.543506,34.881883],[133.54588,34.881834],[133.546342,34.882109],[133.548181,34.881679],[133.549397,34.880869],[133.550525,34.880892],[133.550684,34.882312],[133.551032,34.882443],[133.552421,34.882085],[133.553145,34.882133],[133.553823,34.882992],[133.55401,34.883922],[133.554502,34.884447],[133.556604,34.885048],[133.558051,34.885204],[133.559542,34.886098],[133.561846,34.886898],[133.563249,34.88623],[133.564465,34.886159],[133.56461,34.887637],[133.565605,34.891118],[133.565866,34.892495],[133.565721,34.893497],[133.564318,34.89463],[133.564115,34.895202],[133.564028,34.896721],[133.565389,34.897782],[133.566084,34.897961],[133.567386,34.897902],[133.569007,34.897317],[133.56976,34.897926],[133.56727,34.901648],[133.566561,34.904954],[133.565809,34.905813],[133.566054,34.906409],[133.567039,34.90654],[133.567154,34.907423],[133.566561,34.907863],[133.565085,34.908018],[133.564766,34.908423],[133.56465,34.909426],[133.563493,34.91032],[133.563044,34.911751],[133.561777,34.913535],[133.561588,34.914406],[133.562514,34.914836],[133.562731,34.915444],[133.563469,34.915527],[133.563481,34.916113],[133.56529,34.916864],[133.566155,34.918035],[133.566141,34.918404],[133.565244,34.918893],[133.565635,34.919609],[133.566676,34.919418],[133.567791,34.920623],[133.568283,34.921386],[133.568167,34.922016],[133.566922,34.923566],[133.566603,34.924234],[133.566965,34.924628],[133.568255,34.924019],[133.568965,34.924019],[133.569338,34.924909],[133.569033,34.926268],[133.568266,34.927973],[133.568379,34.92904],[133.569668,34.929123],[133.570611,34.928861],[133.572262,34.928766],[133.571899,34.929657],[133.572259,34.930409],[133.573273,34.930803],[133.574301,34.930254],[133.574418,34.929742],[133.575185,34.929467],[133.577097,34.930243],[133.577387,34.929717],[133.578062,34.929479],[133.578715,34.929742],[133.579568,34.929468],[133.579887,34.930624],[133.581661,34.931066],[133.582298,34.930732],[133.583197,34.930672],[133.584109,34.930124],[133.584356,34.929312],[133.585222,34.929014],[133.58612,34.929623],[133.586653,34.930815],[133.586729,34.931711],[133.587511,34.932176],[133.588119,34.933047],[133.589409,34.933643],[133.589325,34.935385],[133.590093,34.936491],[133.589484,34.937016],[133.589064,34.938328],[133.588064,34.938924],[133.587108,34.939068],[133.586329,34.939709],[133.585735,34.940699],[133.585503,34.941686],[133.584606,34.942652],[133.584489,34.943845],[133.584918,34.944877],[133.584136,34.946845],[133.584483,34.947418],[133.585248,34.9478],[133.587116,34.947943],[133.588336,34.947621],[133.589626,34.947812],[133.590032,34.948325],[133.58967,34.949005],[133.59009,34.950431],[133.590813,34.951171],[133.593248,34.951266],[133.594813,34.950968],[133.59642,34.951171],[133.597391,34.951565],[133.599042,34.95141],[133.600114,34.952041],[133.601024,34.952873]]]]}},
  {"type":"Feature","properties":{"name":"備前市","code":"33211"},"geometry":{"type":"MultiPolygon","coordinates":[[[[134.102298,34.726682],[134.105832,34.726225],[134.106598,34.726251],[134.107203,34.727538],[134.108247,34.728153],[134.109976,34.727895],[134.111111,34.727348],[134.111112,34.726405],[134.109782,34.721581],[134.10994,34.721164],[134.109814,34.719148],[134.110507,34.718314],[134.11039,34.717819],[134.109616,34.716766],[134.109305,34.714966],[134.108124,34.713285],[134.107517,34.712665],[134.109607,34.711699],[134.110211,34.711831],[134.111392,34.711364],[134.113187,34.710277],[134.112457,34.709288],[134.114011,34.708236],[134.11452,34.70806],[134.118568,34.70556],[134.118559,34.704582],[134.119973,34.703462],[134.122419,34.701995],[134.123767,34.703668],[134.122722,34.704248],[134.124246,34.706112],[134.123561,34.706471],[134.12476,34.707977],[134.121612,34.709806],[134.122319,34.710713],[134.124434,34.713013],[134.124914,34.71366],[134.124691,34.715152],[134.124828,34.715644],[134.126369,34.716446],[134.126523,34.717558],[134.128219,34.717164],[134.129794,34.717473],[134.13202,34.71767],[134.133596,34.717459],[134.134127,34.718641],[134.134503,34.718824],[134.136096,34.71843],[134.1371,34.718925],[134.137832,34.72032],[134.138315,34.720741],[134.139648,34.721294],[134.139706,34.722292],[134.140306,34.722437],[134.140965,34.723146],[134.141887,34.723303],[134.143219,34.724434],[134.143468,34.72542],[134.14401,34.725865],[134.14603,34.726671],[134.146887,34.726424],[134.147706,34.725811],[134.148351,34.725679],[134.150063,34.726124],[134.151132,34.726689],[134.152201,34.726051],[134.151381,34.724885],[134.151278,34.724067],[134.152464,34.723044],[134.153562,34.72106],[134.156285,34.719593],[134.157376,34.718817],[134.15843,34.719009],[134.159616,34.718336],[134.160611,34.716086],[134.161124,34.715846],[134.163071,34.715786],[134.164916,34.7151],[134.165237,34.714655],[134.164769,34.713759],[134.164798,34.71305],[134.164227,34.712622],[134.164052,34.711829],[134.163056,34.710969],[134.163218,34.709634],[134.161285,34.708683],[134.161197,34.706518],[134.16089,34.705797],[134.161329,34.705231],[134.160802,34.703812],[134.159909,34.703259],[134.159045,34.701461],[134.158489,34.700811],[134.159031,34.700462],[134.159184,34.699314],[134.158738,34.698652],[134.160048,34.698213],[134.160443,34.697768],[134.160414,34.695676],[134.160165,34.694653],[134.160883,34.692933],[134.161812,34.692007],[134.16231,34.692512],[134.163144,34.691971],[134.162954,34.691646],[134.1619,34.691321],[134.160846,34.690636],[134.160158,34.69078],[134.161095,34.688916],[134.160656,34.687617],[134.161329,34.686239],[134.161051,34.68565],[134.16212,34.684399],[134.16433,34.684002],[134.165136,34.68405],[134.166219,34.684904],[134.167229,34.684868],[134.168547,34.685181],[134.169798,34.684568],[134.172609,34.684989],[134.174542,34.684893],[134.175639,34.685831],[134.177279,34.686348],[134.178626,34.68731],[134.179724,34.687394],[134.181532,34.687894],[134.183406,34.689],[134.184255,34.689049],[134.185046,34.689469],[134.185602,34.690336],[134.185865,34.69229],[134.186699,34.692747],[134.187285,34.693673],[134.187973,34.694142],[134.189496,34.693685],[134.191384,34.693649],[134.19216,34.694647],[134.193697,34.695309],[134.194224,34.696969],[134.194605,34.697209],[134.196215,34.696945],[134.198316,34.699092],[134.199635,34.699097],[134.200483,34.699381],[134.202005,34.700692],[134.202576,34.701546],[134.203146,34.701726],[134.204918,34.701654],[134.205606,34.701822],[134.207099,34.70169],[134.207538,34.702412],[134.209258,34.702544],[134.211,34.703891],[134.212152,34.704419],[134.213957,34.703206],[134.216021,34.704048],[134.217969,34.703314],[134.219308,34.703182],[134.219806,34.703735],[134.221606,34.703001],[134.223539,34.70347],[134.224051,34.703939],[134.226013,34.704264],[134.226613,34.704649],[134.227169,34.705792],[134.229387,34.705383],[134.231085,34.706273],[134.2317,34.706947],[134.231334,34.707789],[134.231422,34.708498],[134.230763,34.710682],[134.231334,34.711583],[134.231129,34.712618],[134.230406,34.713824],[134.229738,34.713809],[134.229366,34.714755],[134.228183,34.714491],[134.228755,34.71304],[134.227994,34.712241],[134.225981,34.711899],[134.225174,34.711368],[134.223228,34.711303],[134.221838,34.710393],[134.220997,34.709513],[134.220513,34.709458],[134.220163,34.708593],[134.217904,34.708005],[134.219132,34.709079],[134.218563,34.709608],[134.213579,34.710111],[134.210279,34.709937],[134.207087,34.709536],[134.205909,34.710649],[134.205537,34.710726],[134.20387,34.710137],[134.20268,34.710047],[134.201347,34.708955],[134.200668,34.708638],[134.198835,34.708352],[134.19769,34.707744],[134.197436,34.708176],[134.199872,34.709193],[134.200891,34.709515],[134.201368,34.710226],[134.202075,34.710669],[134.203558,34.711148],[134.204701,34.711821],[134.20623,34.712341],[134.206999,34.71314],[134.207989,34.712677],[134.20906,34.713422],[134.209419,34.713951],[134.210464,34.714156],[134.211041,34.714803],[134.211825,34.71465],[134.214103,34.715307],[134.214138,34.716291],[134.213417,34.716818],[134.212193,34.717202],[134.211745,34.717084],[134.210508,34.715882],[134.209027,34.715055],[134.208311,34.715473],[134.208567,34.71643],[134.206762,34.716457],[134.206023,34.717151],[134.204406,34.717093],[134.203515,34.715972],[134.201823,34.714578],[134.200518,34.714689],[134.199599,34.715139],[134.198917,34.714687],[134.197923,34.714789],[134.197585,34.71525],[134.197948,34.716532],[134.197505,34.717358],[134.196294,34.717658],[134.195307,34.7176],[134.19454,34.716857],[134.194495,34.719245],[134.19314,34.719607],[134.193936,34.72015],[134.194026,34.721206],[134.195013,34.721946],[134.19659,34.720706],[134.198799,34.720968],[134.200186,34.721258],[134.203223,34.722893],[134.20438,34.722767],[134.204909,34.726046],[134.204888,34.726893],[134.204282,34.727189],[134.201409,34.727535],[134.199473,34.72805],[134.199551,34.728651],[134.197164,34.729184],[134.195481,34.72979],[134.191985,34.732513],[134.189826,34.733792],[134.188997,34.733781],[134.186979,34.73444],[134.18561,34.734427],[134.183961,34.735061],[134.181888,34.735089],[134.179771,34.73418],[134.179331,34.73317],[134.178552,34.73432],[134.180481,34.735186],[134.179276,34.736811],[134.180421,34.738236],[134.182239,34.740025],[134.183052,34.740128],[134.1841,34.741172],[134.185004,34.740186],[134.185522,34.740674],[134.185185,34.741588],[134.185317,34.74228],[134.185943,34.742307],[134.187396,34.740603],[134.187854,34.740471],[134.186405,34.739467],[134.185999,34.738538],[134.18704,34.737758],[134.189583,34.736604],[134.191603,34.735517],[134.194918,34.734014],[134.197286,34.732829],[134.198624,34.732338],[134.202335,34.731451],[134.204029,34.730865],[134.203947,34.730485],[134.207977,34.730035],[134.208072,34.73063],[134.20882,34.730481],[134.209413,34.731163],[134.210564,34.73141],[134.211929,34.731431],[134.213182,34.73081],[134.214604,34.730438],[134.215197,34.730785],[134.216323,34.730855],[134.217958,34.730565],[134.218132,34.72996],[134.219676,34.730797],[134.220653,34.73077],[134.220734,34.729871],[134.223204,34.730003],[134.223376,34.731728],[134.224049,34.731738],[134.224164,34.731131],[134.228486,34.731362],[134.22934,34.731104],[134.230101,34.728878],[134.230858,34.728716],[134.231028,34.728176],[134.232338,34.726222],[134.232674,34.724998],[134.23227,34.724119],[134.232424,34.723152],[134.231979,34.722689],[134.230505,34.723064],[134.229111,34.722993],[134.228477,34.72275],[134.228447,34.721964],[134.227823,34.721818],[134.226849,34.722201],[134.226813,34.721339],[134.226463,34.720908],[134.225537,34.720992],[134.225332,34.719725],[134.226232,34.719421],[134.227383,34.720518],[134.228377,34.720631],[134.229992,34.720348],[134.230462,34.720057],[134.232632,34.719266],[134.233835,34.719212],[134.233961,34.720173],[134.233642,34.720784],[134.234383,34.721018],[134.23535,34.720525],[134.236141,34.720555],[134.236764,34.720188],[134.23873,34.719713],[134.241437,34.718414],[134.242569,34.717381],[134.24289,34.71628],[134.243478,34.715402],[134.244057,34.715265],[134.248277,34.71647],[134.249676,34.717037],[134.250899,34.718267],[134.25172,34.718427],[134.252577,34.71822],[134.25348,34.718333],[134.257248,34.718102],[134.258955,34.71839],[134.259949,34.718843],[134.262286,34.718483],[134.263801,34.718412],[134.267436,34.718801],[134.268587,34.719178],[134.26849,34.720185],[134.269453,34.720812],[134.269949,34.722301],[134.268652,34.724118],[134.269125,34.725318],[134.269068,34.727084],[134.268231,34.728505],[134.267641,34.730242],[134.268792,34.731364],[134.270248,34.731438],[134.270266,34.730903],[134.269715,34.730248],[134.270874,34.728859],[134.271272,34.728142],[134.270268,34.727763],[134.271115,34.726261],[134.27627,34.728236],[134.275965,34.729825],[134.27642,34.729946],[134.276295,34.730837],[134.275842,34.732014],[134.275239,34.732623],[134.274397,34.732858],[134.274193,34.733323],[134.27545,34.734562],[134.279036,34.73394],[134.279295,34.73302],[134.280215,34.732714],[134.280535,34.731027],[134.281585,34.730155],[134.282614,34.729941],[134.283503,34.730276],[134.283793,34.730924],[134.285231,34.732641],[134.284902,34.733357],[134.285661,34.734034],[134.286837,34.734515],[134.289005,34.735049],[134.292133,34.735419],[134.292643,34.735913],[134.29811,34.736545],[134.300291,34.735837],[134.302047,34.734806],[134.305815,34.734082],[134.306856,34.73408],[134.311224,34.733283],[134.311434,34.733883],[134.312177,34.733794],[134.313011,34.732927],[134.31513,34.732207],[134.316401,34.731358],[134.316709,34.730837],[134.31802,34.729988],[134.318414,34.729286],[134.319613,34.728174],[134.320204,34.723882],[134.320737,34.722667],[134.321729,34.721946],[134.32162,34.723349],[134.321954,34.724408],[134.321735,34.726612],[134.321241,34.727528],[134.321046,34.729179],[134.321906,34.729682],[134.323651,34.731044],[134.323816,34.73177],[134.323529,34.732478],[134.321841,34.733313],[134.321332,34.734083],[134.320819,34.735365],[134.320276,34.735481],[134.317598,34.735196],[134.316577,34.735388],[134.315329,34.73629],[134.315091,34.736987],[134.314343,34.737692],[134.313027,34.738397],[134.313653,34.739049],[134.313526,34.74003],[134.314632,34.740578],[134.314726,34.741556],[134.31662,34.744129],[134.31652,34.745464],[134.316897,34.747054],[134.316823,34.748085],[134.317142,34.749546],[134.318156,34.751061],[134.318353,34.752296],[134.31779,34.753466],[134.318449,34.756261],[134.319005,34.756975],[134.320195,34.757974],[134.320482,34.759588],[134.321531,34.761709],[134.322592,34.761956],[134.323585,34.762575],[134.324474,34.763577],[134.326424,34.763641],[134.327764,34.764221],[134.327892,34.764741],[134.327383,34.766553],[134.328956,34.766824],[134.329746,34.766722],[134.330456,34.767453],[134.331142,34.766531],[134.333066,34.765737],[134.333415,34.765987],[134.334147,34.768037],[134.334789,34.768888],[134.334712,34.769346],[134.333911,34.770074],[134.333402,34.769831],[134.331848,34.770503],[134.331005,34.770634],[134.330674,34.771051],[134.331043,34.772606],[134.329775,34.773565],[134.3296,34.774238],[134.328136,34.774211],[134.325935,34.775212],[134.323268,34.774256],[134.322725,34.774421],[134.322479,34.775053],[134.320053,34.776064],[134.320712,34.776669],[134.320618,34.777045],[134.319665,34.778029],[134.318084,34.777924],[134.317711,34.778107],[134.317651,34.779352],[134.316604,34.780058],[134.315828,34.781041],[134.316624,34.783042],[134.317943,34.783654],[134.318165,34.784284],[134.319004,34.785043],[134.31897,34.786352],[134.319338,34.787006],[134.319209,34.788188],[134.317861,34.789792],[134.316902,34.791248],[134.31614,34.792089],[134.318118,34.793021],[134.31745,34.794361],[134.317715,34.795683],[134.317048,34.796739],[134.316465,34.79721],[134.317116,34.797709],[134.317424,34.798958],[134.316773,34.800006],[134.316611,34.801019],[134.317099,34.801951],[134.316361,34.802574],[134.314172,34.803053],[134.312989,34.802742],[134.311285,34.802552],[134.310274,34.803158],[134.310352,34.804219],[134.309462,34.805124],[134.308365,34.805612],[134.308597,34.807201],[134.307258,34.807471],[134.306341,34.808616],[134.307351,34.810923],[134.306914,34.811528],[134.305564,34.812431],[134.305146,34.812369],[134.304264,34.812988],[134.30385,34.813748],[134.302667,34.814212],[134.302145,34.814663],[134.301537,34.814627],[134.300967,34.81367],[134.299705,34.813994],[134.298502,34.813459],[134.298142,34.813621],[134.297663,34.814915],[134.297038,34.815422],[134.295762,34.815731],[134.295804,34.816364],[134.295379,34.816825],[134.295608,34.818056],[134.29466,34.818788],[134.29321,34.81845],[134.292183,34.820111],[134.291026,34.820006],[134.29037,34.820209],[134.288813,34.821222],[134.287931,34.821559],[134.287717,34.824201],[134.288119,34.824686],[134.287965,34.825249],[134.288419,34.82693],[134.287992,34.827806],[134.288278,34.828355],[134.287446,34.828798],[134.285803,34.829136],[134.284249,34.829046],[134.283347,34.829745],[134.282477,34.829804],[134.28186,34.829143],[134.280816,34.829013],[134.279172,34.828393],[134.277526,34.828021],[134.275863,34.828045],[134.274817,34.828502],[134.274386,34.827641],[134.273324,34.827182],[134.272532,34.826526],[134.271268,34.826859],[134.270413,34.827377],[134.270002,34.826765],[134.268552,34.826063],[134.267104,34.826075],[134.266295,34.825641],[134.264916,34.826691],[134.263821,34.826683],[134.263426,34.8275],[134.262399,34.828882],[134.261756,34.830437],[134.26173,34.831149],[134.263169,34.832252],[134.263347,34.832721],[134.262535,34.834756],[134.261782,34.835769],[134.262878,34.836395],[134.263118,34.836827],[134.264179,34.836993],[134.264611,34.837313],[134.265502,34.838736],[134.265099,34.839439],[134.265311,34.840448],[134.263693,34.84105],[134.263044,34.841558],[134.263014,34.842015],[134.261844,34.844108],[134.262856,34.84523],[134.262231,34.846053],[134.260964,34.846968],[134.259718,34.847228],[134.258871,34.846844],[134.258472,34.847914],[134.257742,34.848758],[134.257134,34.848761],[134.255987,34.848134],[134.255486,34.848345],[134.254558,34.849262],[134.254033,34.851144],[134.253016,34.851378],[134.252845,34.852308],[134.253658,34.853066],[134.253632,34.855873],[134.254001,34.856958],[134.254733,34.857264],[134.256024,34.858552],[134.255283,34.859658],[134.256479,34.861561],[134.258455,34.862554],[134.258731,34.864389],[134.259369,34.865212],[134.25948,34.866054],[134.260163,34.867314],[134.260052,34.867753],[134.259061,34.868503],[134.259202,34.869368],[134.258937,34.870089],[134.259288,34.870423],[134.26094,34.870546],[134.261657,34.871139],[134.263365,34.871114],[134.264303,34.872226],[134.265566,34.873052],[134.265784,34.873752],[134.266463,34.874346],[134.267075,34.875478],[134.266416,34.876216],[134.266399,34.877076],[134.265829,34.877649],[134.264166,34.877936],[134.264241,34.879125],[134.263283,34.879682],[134.262681,34.880894],[134.262354,34.881983],[134.262676,34.883931],[134.26325,34.884709],[134.264399,34.885146],[134.266444,34.884358],[134.267488,34.883301],[134.268663,34.883681],[134.26968,34.883562],[134.270126,34.883794],[134.26953,34.885767],[134.268713,34.886416],[134.268721,34.887849],[134.269293,34.889091],[134.270367,34.889809],[134.271947,34.889668],[134.272989,34.89052],[134.27285,34.891286],[134.273379,34.892482],[134.275021,34.893078],[134.275858,34.894028],[134.277112,34.894597],[134.277791,34.895141],[134.279161,34.895275],[134.280073,34.895795],[134.281188,34.895925],[134.282703,34.895191],[134.283585,34.895363],[134.283703,34.896307],[134.284332,34.897055],[134.287483,34.897204],[134.289148,34.897691],[134.289191,34.898912],[134.288275,34.899616],[134.288421,34.900368],[134.2903,34.900393],[134.290629,34.901279],[134.292214,34.901657],[134.292657,34.902851],[134.294106,34.902802],[134.294408,34.903722],[134.294861,34.903984],[134.294694,34.904772],[134.295015,34.907462],[134.293102,34.90815],[134.293127,34.90961],[134.292744,34.911458],[134.291843,34.911004],[134.289989,34.91067],[134.287558,34.912492],[134.287356,34.91283],[134.287408,34.915281],[134.285729,34.916474],[134.284019,34.916966],[134.283313,34.9186],[134.284135,34.919314],[134.284718,34.920158],[134.284492,34.921035],[134.283277,34.921386],[134.281701,34.921457],[134.280168,34.921802],[134.279431,34.921598],[134.278237,34.921679],[134.277171,34.922702],[134.277064,34.923444],[134.274799,34.92428],[134.275343,34.925403],[134.275839,34.927302],[134.275601,34.928244],[134.276096,34.92968],[134.274919,34.929761],[134.274996,34.93095],[134.273522,34.931734],[134.273087,34.932551],[134.271812,34.932834],[134.271271,34.933465],[134.269722,34.933732],[134.269093,34.934032],[134.268889,34.934606],[134.267958,34.935871],[134.266892,34.935439],[134.265044,34.93625],[134.264474,34.936801],[134.263998,34.936349],[134.263238,34.936238],[134.262884,34.937657],[134.262363,34.937545],[134.260997,34.93676],[134.260475,34.936092],[134.259944,34.934439],[134.258591,34.934076],[134.258509,34.935472],[134.257504,34.935855],[134.257165,34.93643],[134.256146,34.936734],[134.25548,34.937544],[134.254638,34.937747],[134.253727,34.939087],[134.253564,34.941688],[134.253347,34.942206],[134.253856,34.942729],[134.253907,34.943369],[134.253551,34.944064],[134.254404,34.944783],[134.254624,34.945359],[134.254203,34.946004],[134.253582,34.946162],[134.253134,34.947461],[134.251246,34.947774],[134.251634,34.948452],[134.250341,34.949236],[134.249298,34.949221],[134.247668,34.948804],[134.247301,34.94848],[134.245571,34.948376],[134.245485,34.947417],[134.244083,34.947003],[134.244295,34.946057],[134.244259,34.944996],[134.2456,34.944769],[134.246086,34.943552],[134.245794,34.943175],[134.246293,34.942461],[134.246115,34.941492],[134.243934,34.940227],[134.24295,34.93979],[134.242561,34.939254],[134.241108,34.938181],[134.237096,34.937453],[134.235636,34.937424],[134.23515,34.935369],[134.235317,34.933402],[134.235891,34.931482],[134.235776,34.930607],[134.235988,34.929555],[134.235354,34.928543],[134.235006,34.92757],[134.233341,34.926815],[134.232235,34.9254],[134.2313,34.925138],[134.229922,34.924013],[134.228568,34.924495],[134.227871,34.92407],[134.226398,34.923536],[134.226819,34.9228],[134.226936,34.921856],[134.227503,34.920973],[134.22645,34.919968],[134.226765,34.919091],[134.226506,34.918391],[134.226865,34.917043],[134.226322,34.916806],[134.224758,34.916742],[134.22422,34.916369],[134.223803,34.915157],[134.224377,34.913878],[134.22415,34.912775],[134.224304,34.911958],[134.225376,34.911425],[134.226411,34.910323],[134.227056,34.908864],[134.225975,34.908985],[134.224908,34.908719],[134.224604,34.907939],[134.223948,34.907185],[134.222631,34.906747],[134.221296,34.905973],[134.220786,34.907068],[134.220248,34.907651],[134.219054,34.907684],[134.217548,34.908069],[134.216267,34.908699],[134.216019,34.90916],[134.215781,34.910739],[134.215441,34.911165],[134.213673,34.910517],[134.212033,34.910331],[134.210887,34.910698],[134.209603,34.910384],[134.208058,34.910464],[134.206997,34.910145],[134.205894,34.910144],[134.205321,34.91047],[134.20502,34.912295],[134.203783,34.913649],[134.202209,34.914882],[134.199932,34.915115],[134.198753,34.914417],[134.197444,34.914411],[134.196453,34.914883],[134.195852,34.91451],[134.195194,34.913664],[134.19484,34.912552],[134.195116,34.911561],[134.194919,34.910968],[134.195385,34.910127],[134.195923,34.907185],[134.196269,34.906491],[134.196977,34.906053],[134.196802,34.904467],[134.19588,34.903181],[134.195824,34.902557],[134.194982,34.901841],[134.194939,34.901258],[134.196029,34.900921],[134.19651,34.900338],[134.196163,34.899825],[134.196388,34.899173],[134.197231,34.898993],[134.198603,34.898007],[134.199068,34.897023],[134.200035,34.895822],[134.199692,34.894296],[134.19832,34.892703],[134.198028,34.891349],[134.196925,34.891012],[134.195569,34.890379],[134.195321,34.889849],[134.195613,34.8881],[134.19633,34.886886],[134.195717,34.886614],[134.195486,34.88573],[134.19436,34.885248],[134.194106,34.884639],[134.194339,34.883747],[134.195139,34.882507],[134.194672,34.880529],[134.194283,34.881329],[134.19344,34.881615],[134.193091,34.881225],[134.192671,34.878912],[134.190965,34.877763],[134.190587,34.876337],[134.188837,34.874982],[134.188158,34.874685],[134.186413,34.875181],[134.184985,34.877566],[134.184582,34.877613],[134.183754,34.876137],[134.183704,34.874214],[134.184377,34.872891],[134.184386,34.872359],[134.183896,34.871435],[134.18372,34.869943],[134.182658,34.868742],[134.183412,34.867845],[134.182863,34.867057],[134.182771,34.86636],[134.181957,34.86584],[134.180904,34.864652],[134.180541,34.863678],[134.180586,34.863073],[134.180125,34.859608],[134.180625,34.859452],[134.181989,34.859832],[134.182874,34.859619],[134.184075,34.859951],[134.184527,34.860364],[134.186254,34.860815],[134.187789,34.861371],[134.189382,34.861461],[134.189358,34.860034],[134.190336,34.858907],[134.191158,34.858877],[134.192012,34.858202],[134.193217,34.85804],[134.194638,34.857566],[134.196059,34.858577],[134.197035,34.857854],[134.19802,34.857714],[134.199733,34.856737],[134.201954,34.856684],[134.203659,34.857372],[134.204471,34.857381],[134.205543,34.856999],[134.206444,34.855927],[134.206417,34.853566],[134.206642,34.852858],[134.208468,34.850917],[134.210816,34.849332],[134.211164,34.848121],[134.210773,34.847024],[134.210733,34.84604],[134.210257,34.84541],[134.209212,34.845303],[134.208427,34.84391],[134.209673,34.842902],[134.210595,34.841914],[134.212131,34.841715],[134.215073,34.840865],[134.216259,34.840013],[134.215767,34.839314],[134.213943,34.838761],[134.213696,34.837611],[134.212513,34.837426],[134.211841,34.836979],[134.211378,34.83601],[134.210057,34.83425],[134.210808,34.833701],[134.210974,34.832701],[134.210435,34.832127],[134.210019,34.831116],[134.209871,34.830115],[134.208916,34.829493],[134.207819,34.829066],[134.207466,34.828039],[134.208262,34.826748],[134.207433,34.826102],[134.207203,34.824809],[134.206223,34.823524],[134.205941,34.822791],[134.205162,34.821721],[134.202921,34.821361],[134.20201,34.820089],[134.200992,34.819323],[134.200697,34.818236],[134.199701,34.818467],[134.198804,34.818276],[134.197731,34.817533],[134.197161,34.816046],[134.197283,34.814053],[134.197813,34.813017],[134.197704,34.812477],[134.196701,34.810816],[134.195617,34.809878],[134.193873,34.809133],[134.192528,34.809031],[134.193011,34.808279],[134.193547,34.806374],[134.193547,34.805619],[134.192664,34.803232],[134.191414,34.80205],[134.190572,34.800248],[134.191536,34.79928],[134.192474,34.798953],[134.191917,34.797771],[134.192039,34.795711],[134.192256,34.794686],[134.193113,34.793346],[134.194361,34.792997],[134.195341,34.793177],[134.197061,34.792261],[134.197734,34.792282],[134.19962,34.791004],[134.199803,34.789897],[134.19902,34.787873],[134.198126,34.786761],[134.19769,34.785677],[134.197569,34.7848],[134.197026,34.783606],[134.194648,34.783061],[134.193706,34.783037],[134.191428,34.781562],[134.191401,34.779823],[134.191048,34.778853],[134.193035,34.778796],[134.194389,34.778414],[134.195236,34.777933],[134.195857,34.777076],[134.19742,34.776074],[134.198194,34.774666],[134.198602,34.773202],[134.199608,34.772347],[134.200554,34.770071],[134.199961,34.76898],[134.200069,34.768552],[134.201593,34.767206],[134.20151,34.766949],[134.199839,34.765561],[134.198868,34.765291],[134.196696,34.765271],[134.195219,34.764589],[134.194807,34.763279],[134.193385,34.764093],[134.192158,34.763429],[134.191103,34.763642],[134.190993,34.764304],[134.190057,34.764662],[134.188609,34.763883],[134.188003,34.763346],[134.187038,34.763443],[134.186261,34.763051],[134.185547,34.76362],[134.185098,34.764577],[134.183359,34.765196],[134.181924,34.765189],[134.181144,34.764093],[134.180164,34.763404],[134.178963,34.762926],[134.178404,34.761978],[134.176968,34.76045],[134.176167,34.760474],[134.175461,34.761059],[134.174855,34.760996],[134.173866,34.760314],[134.172477,34.759831],[134.169376,34.759294],[134.168663,34.759309],[134.167021,34.760043],[134.166462,34.760131],[134.163355,34.759468],[134.162501,34.759429],[134.161473,34.759814],[134.159906,34.761329],[134.158369,34.76043],[134.156492,34.759618],[134.155114,34.75951],[134.154579,34.760149],[134.15362,34.76043],[134.153013,34.76102],[134.151271,34.760889],[134.1493,34.761683],[134.148977,34.762212],[134.149443,34.763196],[134.149191,34.763563],[134.147811,34.764279],[134.147746,34.76512],[134.147022,34.765696],[134.146516,34.766789],[134.145236,34.767167],[134.144639,34.766007],[134.144085,34.765762],[134.142297,34.766283],[134.141647,34.76613],[134.14128,34.765513],[134.139496,34.763916],[134.139355,34.763337],[134.138006,34.763418],[134.137558,34.762862],[134.136083,34.762385],[134.135551,34.761725],[134.134534,34.761388],[134.133145,34.75952],[134.132793,34.758842],[134.13077,34.758728],[134.130126,34.758147],[134.128992,34.758116],[134.126956,34.757125],[134.125756,34.757212],[134.125063,34.756086],[134.124594,34.755885],[134.123488,34.756311],[134.122891,34.756226],[134.123168,34.755049],[134.122726,34.754411],[134.122928,34.753628],[134.122524,34.752911],[134.122949,34.752211],[134.122675,34.750344],[134.120955,34.749427],[134.120887,34.748653],[134.119734,34.747613],[134.117094,34.74794],[134.116276,34.74792],[134.115105,34.747485],[134.112934,34.746015],[134.111275,34.745973],[134.110732,34.745479],[134.11084,34.744445],[134.1115,34.74382],[134.111446,34.742084],[134.111098,34.741836],[134.107454,34.741706],[134.106202,34.742068],[134.105986,34.738957],[134.105657,34.737164],[134.105063,34.734883],[134.103946,34.731471],[134.102298,34.726682]]],[[[134.274677,34.713622],[134.277151,34.711907],[134.277144,34.711406],[134.277813,34.710014],[134.279,34.710031],[134.279377,34.709515],[134.280263,34.70947],[134.281014,34.709763],[134.28164,34.710386],[134.281803,34.711394],[134.282894,34.710963],[134.284652,34.711665],[134.284941,34.712488],[134.284928,34.713367],[134.28601,34.713081],[134.286946,34.713268],[134.287254,34.712324],[134.286546,34.711634],[134.286721,34.710679],[134.285624,34.709676],[134.284258,34.709582],[134.283627,34.709154],[134.283407,34.70852],[134.282028,34.708288],[134.281341,34.707812],[134.281517,34.706982],[134.281906,34.706706],[134.283345,34.706852],[134.284683,34.706164],[134.285963,34.706264],[134.287527,34.706148],[134.2892,34.706314],[134.28971,34.706199],[134.29076,34.706486],[134.2915,34.706959],[134.29265,34.706847],[134.293953,34.708188],[134.295003,34.708695],[134.296557,34.708262],[134.296738,34.707605],[134.298888,34.707396],[134.299008,34.708431],[134.301279,34.708324],[134.30163,34.708687],[134.302868,34.708166],[134.303039,34.710082],[134.302793,34.710679],[134.301633,34.712331],[134.302288,34.713007],[134.30325,34.712748],[134.303526,34.713117],[134.304805,34.713678],[134.305433,34.715166],[134.306381,34.714788],[134.306678,34.71212],[134.307503,34.711274],[134.308346,34.71117],[134.308783,34.71179],[134.309328,34.711198],[134.310242,34.710837],[134.310474,34.710099],[134.30956,34.710077],[134.308319,34.709556],[134.309526,34.708042],[134.308118,34.706906],[134.308564,34.705861],[134.308981,34.705636],[134.310768,34.705765],[134.311703,34.704993],[134.311661,34.704333],[134.312398,34.70368],[134.313046,34.703539],[134.314445,34.705253],[134.315256,34.705016],[134.31556,34.703508],[134.316709,34.702863],[134.318105,34.703666],[134.319114,34.70334],[134.321382,34.703145],[134.322601,34.704528],[134.323401,34.704469],[134.324234,34.703974],[134.324909,34.704289],[134.324629,34.70554],[134.32476,34.706766],[134.323408,34.707372],[134.322972,34.708358],[134.323538,34.709254],[134.323961,34.711154],[134.325857,34.712151],[134.327214,34.712196],[134.328347,34.711137],[134.328613,34.710472],[134.330052,34.709593],[134.330864,34.708781],[134.331812,34.708443],[134.332938,34.708984],[134.333818,34.709119],[134.334254,34.710286],[134.333975,34.711238],[134.334322,34.711498],[134.335854,34.711509],[134.336901,34.711199],[134.337001,34.710148],[134.337774,34.709294],[134.337958,34.708697],[134.337158,34.708299],[134.337043,34.707555],[134.33782,34.706699],[134.338559,34.706769],[134.339193,34.707316],[134.340203,34.706837],[134.34016,34.706073],[134.341013,34.704359],[134.34096,34.703822],[134.341758,34.703191],[134.342686,34.703382],[134.342768,34.703816],[134.342331,34.704723],[134.342788,34.706431],[134.344153,34.70695],[134.344644,34.707513],[134.346961,34.70813],[134.347193,34.709173],[134.346622,34.709796],[134.346717,34.710292],[134.345994,34.710759],[134.344453,34.711317],[134.343443,34.712366],[134.342843,34.714017],[134.34186,34.714479],[134.340919,34.715978],[134.340126,34.716562],[134.339234,34.71688],[134.338893,34.717376],[134.339056,34.718221],[134.338809,34.719729],[134.338319,34.720306],[134.336451,34.721625],[134.33446,34.722662],[134.333481,34.723043],[134.331778,34.723034],[134.331553,34.722166],[134.330652,34.721732],[134.328967,34.720171],[134.328265,34.719263],[134.327456,34.718698],[134.326491,34.716304],[134.32439,34.714569],[134.323039,34.714101],[134.321471,34.714631],[134.318391,34.716085],[134.317227,34.717387],[134.315822,34.720204],[134.314519,34.721794],[134.313141,34.724684],[134.312089,34.726389],[134.310964,34.727233],[134.31017,34.727517],[134.308739,34.72771],[134.30768,34.728145],[134.306324,34.728238],[134.305676,34.728675],[134.303852,34.729093],[134.302632,34.729096],[134.302191,34.729327],[134.299382,34.729931],[134.298607,34.730234],[134.296974,34.730343],[134.296012,34.730078],[134.294764,34.730168],[134.292852,34.729712],[134.291817,34.728702],[134.289067,34.726815],[134.287329,34.724949],[134.286305,34.72434],[134.285291,34.724045],[134.285864,34.723261],[134.286034,34.722332],[134.286558,34.721573],[134.28653,34.721054],[134.287281,34.720468],[134.286878,34.718524],[134.28569,34.718289],[134.284729,34.718366],[134.282963,34.719386],[134.282301,34.719984],[134.281653,34.721122],[134.280318,34.722337],[134.27866,34.722236],[134.277739,34.721751],[134.27656,34.721603],[134.277069,34.71876],[134.276871,34.717701],[134.276285,34.716388],[134.275582,34.715463],[134.274956,34.714999],[134.274677,34.713622]]],[[[134.249627,34.695569],[134.250985,34.694889],[134.252601,34.694837],[134.253631,34.695456],[134.254335,34.69465],[134.255186,34.694684],[134.2552,34.693867],[134.254006,34.693191],[134.253379,34.693591],[134.251894,34.693374],[134.250709,34.69262],[134.251988,34.691833],[134.2532,34.6919],[134.253918,34.691664],[134.254714,34.692082],[134.254648,34.690988],[134.255321,34.690231],[134.256306,34.690751],[134.257638,34.689958],[134.258656,34.690452],[134.259689,34.691568],[134.260439,34.691816],[134.261074,34.691494],[134.261743,34.691862],[134.261068,34.692431],[134.2595,34.692808],[134.258932,34.692678],[134.258734,34.693405],[134.260637,34.694047],[134.261216,34.694431],[134.261837,34.694014],[134.262274,34.69456],[134.261789,34.695558],[134.260964,34.695868],[134.263004,34.697164],[134.262656,34.69819],[134.263304,34.698748],[134.265037,34.697339],[134.265651,34.697282],[134.26668,34.697643],[134.267131,34.697051],[134.268209,34.697125],[134.267959,34.696318],[134.268011,34.695482],[134.268884,34.695107],[134.269297,34.695722],[134.270269,34.695513],[134.271586,34.696071],[134.271203,34.697136],[134.271361,34.69862],[134.270562,34.699762],[134.269852,34.700061],[134.268679,34.701194],[134.267513,34.701227],[134.267008,34.700805],[134.265896,34.701379],[134.265507,34.702479],[134.264176,34.70303],[134.261933,34.703087],[134.262205,34.704011],[134.263543,34.704293],[134.264218,34.705077],[134.264138,34.706042],[134.263332,34.706533],[134.262377,34.706347],[134.261579,34.706634],[134.260903,34.706254],[134.259831,34.706316],[134.258591,34.707279],[134.258099,34.707027],[134.256857,34.706993],[134.256857,34.706046],[134.256128,34.706091],[134.255132,34.70666],[134.253931,34.706322],[134.253145,34.706349],[134.250391,34.705778],[134.250568,34.705234],[134.251967,34.704521],[134.251892,34.703042],[134.252986,34.70278],[134.253249,34.702281],[134.252853,34.701396],[134.25194,34.701162],[134.251339,34.7001],[134.250216,34.699392],[134.250057,34.698626],[134.251114,34.698567],[134.249914,34.697273],[134.249457,34.696028],[134.249627,34.695569]]],[[[134.24983,34.709801],[134.2514,34.709224],[134.253335,34.708707],[134.254156,34.708861],[134.254906,34.709349],[134.256046,34.708793],[134.256915,34.708623],[134.258276,34.708751],[134.258892,34.708005],[134.261249,34.707927],[134.262546,34.708345],[134.262657,34.709112],[134.263502,34.709374],[134.26441,34.708889],[134.265481,34.70903],[134.266263,34.708268],[134.266995,34.709002],[134.267562,34.709093],[134.268448,34.708584],[134.268987,34.70872],[134.269225,34.710036],[134.267274,34.711749],[134.266545,34.712671],[134.266339,34.713516],[134.265839,34.713882],[134.264651,34.714024],[134.263194,34.713367],[134.261448,34.713181],[134.260384,34.713407],[134.259477,34.713302],[134.258444,34.713518],[134.257387,34.71327],[134.256317,34.712716],[134.255227,34.713009],[134.253535,34.712251],[134.252132,34.712692],[134.250923,34.712417],[134.249964,34.711553],[134.249485,34.711453],[134.249193,34.710605],[134.247715,34.710506],[134.247441,34.709913],[134.248732,34.709739],[134.24983,34.709801]]],[[[134.28276,34.698559],[134.28426,34.698291],[134.285392,34.698274],[134.28589,34.698607],[134.286757,34.698041],[134.285721,34.697381],[134.285888,34.69704],[134.287566,34.696867],[134.288578,34.696324],[134.289376,34.697649],[134.290038,34.69775],[134.290952,34.697474],[134.291265,34.696759],[134.292168,34.696586],[134.291954,34.698387],[134.29108,34.698773],[134.29029,34.700275],[134.291197,34.701244],[134.291552,34.701926],[134.290617,34.703364],[134.289842,34.703732],[134.286872,34.703696],[134.286022,34.70429],[134.285126,34.703578],[134.28347,34.703619],[134.282392,34.703845],[134.281415,34.703121],[134.279744,34.703431],[134.279491,34.702918],[134.28188,34.700646],[134.283191,34.699979],[134.284198,34.699971],[134.283776,34.698567],[134.28276,34.698559]]],[[[134.29171,34.685585],[134.290866,34.687094],[134.290041,34.686361],[134.290341,34.684687],[134.28999,34.684117],[134.291034,34.684089],[134.292446,34.682928],[134.294172,34.68219],[134.294091,34.681704],[134.294823,34.680956],[134.294775,34.680161],[134.295687,34.68029],[134.296829,34.680088],[134.297408,34.681035],[134.298197,34.681598],[134.298811,34.681006],[134.301432,34.682374],[134.302507,34.682355],[134.302631,34.683086],[134.302106,34.685194],[134.300653,34.686472],[134.299926,34.685415],[134.300277,34.684224],[134.299022,34.684067],[134.297909,34.68362],[134.297238,34.684772],[134.296464,34.68423],[134.294852,34.684548],[134.293647,34.684049],[134.292473,34.684205],[134.29171,34.685585]]],[[[134.216552,34.723876],[134.215999,34.724599],[134.214987,34.724955],[134.213692,34.725144],[134.212896,34.725955],[134.211334,34.725791],[134.211095,34.725474],[134.210996,34.724027],[134.210639,34.723326],[134.210002,34.723069],[134.209135,34.721585],[134.209182,34.720098],[134.209657,34.719608],[134.210329,34.719691],[134.211245,34.720297],[134.211942,34.722016],[134.212444,34.722065],[134.213195,34.720866],[134.21468,34.720169],[134.215268,34.720205],[134.216387,34.720835],[134.217054,34.721581],[134.218443,34.721124],[134.219259,34.721427],[134.219061,34.722771],[134.217967,34.72347],[134.216552,34.723876]]],[[[134.320366,34.695013],[134.320698,34.693763],[134.32132,34.692883],[134.322576,34.693835],[134.323126,34.694738],[134.32422,34.69583],[134.323972,34.697218],[134.324266,34.697658],[134.322603,34.69836],[134.321908,34.698106],[134.319704,34.698326],[134.319336,34.696681],[134.31982,34.695953],[134.319456,34.695696],[134.320366,34.695013]]]]}},
  {"type":"Feature","properties":{"name":"瀬戸内市","code":"33212"},"geometry":{"type":"MultiPolygon","coordinates":[[[[134.112187,34.588468],[134.113755,34.588321],[134.115373,34.589049],[134.117426,34.589707],[134.118427,34.589812],[134.119003,34.588943],[134.119969,34.588632],[134.120728,34.58953],[134.121739,34.590047],[134.122199,34.590755],[134.121393,34.591709],[134.122979,34.594125],[134.123848,34.595045],[134.124031,34.595589],[134.125422,34.596843],[134.127111,34.598117],[134.127976,34.598547],[134.129456,34.597728],[134.131023,34.597643],[134.131528,34.598077],[134.132788,34.597672],[134.133463,34.596725],[134.134073,34.596834],[134.134655,34.597841],[134.1355,34.598476],[134.138379,34.599546],[134.137633,34.601132],[134.138246,34.602017],[134.137854,34.602824],[134.136996,34.603407],[134.135916,34.603336],[134.135248,34.604136],[134.135194,34.605077],[134.135684,34.60621],[134.13563,34.606638],[134.134594,34.607337],[134.134362,34.607822],[134.138975,34.611295],[134.141327,34.60785],[134.141899,34.609129],[134.143071,34.609828],[134.144052,34.610042],[134.145006,34.60967],[134.145621,34.609962],[134.145899,34.611271],[134.146497,34.611766],[134.147101,34.611794],[134.147112,34.613181],[134.147608,34.613635],[134.147172,34.614242],[134.14733,34.616242],[134.147043,34.617039],[134.150035,34.616541],[134.152952,34.615921],[134.153906,34.615357],[134.156284,34.616124],[134.156877,34.615504],[134.157749,34.616095],[134.157504,34.616839],[134.159439,34.6168],[134.16222,34.616451],[134.163684,34.615667],[134.165815,34.613518],[134.166629,34.613046],[134.167213,34.613087],[134.168743,34.613651],[134.169704,34.613443],[134.170587,34.613936],[134.170098,34.615604],[134.171616,34.616441],[134.172298,34.617136],[134.173154,34.617337],[134.172928,34.619321],[134.17356,34.620209],[134.173691,34.620849],[134.174229,34.621514],[134.174547,34.622898],[134.174949,34.623535],[134.17563,34.623727],[134.176678,34.623398],[134.177375,34.624121],[134.177285,34.625854],[134.178146,34.628871],[134.178663,34.629949],[134.179548,34.630349],[134.180985,34.629966],[134.182145,34.630451],[134.182995,34.630422],[134.185531,34.631257],[134.186318,34.630803],[134.187208,34.63133],[134.187336,34.631921],[134.186918,34.63236],[134.18565,34.632074],[134.185125,34.63259],[134.184634,34.634833],[134.184994,34.636147],[134.184209,34.63678],[134.183079,34.63671],[134.180334,34.635863],[134.180007,34.635242],[134.178951,34.634027],[134.179143,34.633121],[134.179073,34.631744],[134.178158,34.631229],[134.17734,34.631538],[134.176277,34.630473],[134.175105,34.63064],[134.173933,34.631319],[134.173744,34.632017],[134.174903,34.632773],[134.175119,34.633586],[134.174581,34.634089],[134.173461,34.640851],[134.173502,34.641363],[134.172911,34.644383],[134.172045,34.64958],[134.171282,34.649552],[134.171096,34.650735],[134.169769,34.650741],[134.170522,34.652877],[134.171349,34.653434],[134.172195,34.653285],[134.172144,34.652769],[134.173416,34.652523],[134.174464,34.652711],[134.174613,34.65316],[134.175465,34.653734],[134.1766,34.653749],[134.176277,34.654974],[134.176433,34.656444],[134.177814,34.657006],[134.178055,34.656581],[134.179056,34.656231],[134.1786,34.654179],[134.180677,34.652587],[134.181503,34.652815],[134.182083,34.653768],[134.183037,34.653848],[134.183834,34.653164],[134.183677,34.652268],[134.182921,34.651564],[134.183994,34.651281],[134.186345,34.651397],[134.188526,34.650806],[134.189529,34.651759],[134.190472,34.652107],[134.190199,34.653136],[134.190573,34.653396],[134.192031,34.655251],[134.192837,34.65554],[134.193217,34.656011],[134.193978,34.655671],[134.194331,34.656468],[134.195006,34.657062],[134.195248,34.658265],[134.196495,34.658243],[134.197089,34.658531],[134.197841,34.658327],[134.198311,34.6586],[134.198473,34.659558],[134.196186,34.660548],[134.195505,34.660413],[134.194292,34.661061],[134.193803,34.661771],[134.192726,34.661946],[134.192433,34.663321],[134.191568,34.663106],[134.191139,34.663845],[134.191641,34.664148],[134.192188,34.665267],[134.192798,34.664962],[134.194362,34.664961],[134.194927,34.664503],[134.195524,34.664612],[134.197277,34.664456],[134.197987,34.663929],[134.199681,34.664563],[134.200965,34.664138],[134.201217,34.663372],[134.202622,34.663649],[134.203643,34.665175],[134.20453,34.665687],[134.204434,34.66699],[134.205694,34.668196],[134.208057,34.667336],[134.209086,34.666421],[134.209933,34.66637],[134.210364,34.666781],[134.210151,34.669093],[134.210612,34.670132],[134.208127,34.669718],[134.206682,34.670149],[134.205381,34.671312],[134.204316,34.67269],[134.204208,34.673231],[134.204523,34.674347],[134.204944,34.674336],[134.205787,34.673628],[134.20702,34.673105],[134.208548,34.672794],[134.208765,34.672997],[134.210651,34.672653],[134.212121,34.672841],[134.212614,34.67324],[134.213996,34.673395],[134.21371,34.673973],[134.213902,34.675537],[134.214322,34.675839],[134.216352,34.676378],[134.217909,34.675804],[134.218603,34.67624],[134.218819,34.676783],[134.219886,34.6775],[134.220306,34.679709],[134.219399,34.680792],[134.21981,34.68101],[134.22108,34.680589],[134.222139,34.681192],[134.222935,34.680841],[134.223023,34.681632],[134.222023,34.682016],[134.22174,34.683073],[134.220708,34.683311],[134.220495,34.68279],[134.219103,34.682607],[134.219112,34.681946],[134.217665,34.681988],[134.21686,34.68241],[134.215019,34.682536],[134.214026,34.682976],[134.212571,34.683891],[134.213686,34.684972],[134.215381,34.684606],[134.216312,34.684657],[134.21692,34.683799],[134.218221,34.683764],[134.218654,34.684439],[134.222391,34.685526],[134.222408,34.686068],[134.224394,34.687234],[134.225627,34.687193],[134.227184,34.687606],[134.227678,34.68796],[134.228167,34.689105],[134.226826,34.689202],[134.227089,34.690586],[134.226295,34.690693],[134.226346,34.691755],[134.229156,34.691658],[134.231414,34.690858],[134.232203,34.691432],[134.233483,34.691643],[134.23406,34.691469],[134.235426,34.691504],[134.235508,34.692807],[134.236244,34.694319],[134.236732,34.694685],[134.237864,34.694801],[134.237921,34.695941],[134.237686,34.696926],[134.237855,34.697664],[134.237198,34.69969],[134.237618,34.700105],[134.238585,34.699824],[134.239853,34.698635],[134.240371,34.697889],[134.240978,34.695372],[134.241421,34.695151],[134.242733,34.695594],[134.242845,34.696968],[134.244442,34.697111],[134.245009,34.698466],[134.244086,34.698438],[134.243504,34.697496],[134.242948,34.697664],[134.242845,34.698368],[134.242271,34.699374],[134.242656,34.700971],[134.243067,34.701097],[134.244006,34.700348],[134.245281,34.701053],[134.24449,34.701943],[134.245009,34.702817],[134.242972,34.703155],[134.242262,34.703127],[134.241612,34.703999],[134.241821,34.705539],[134.239929,34.706939],[134.237703,34.709095],[134.236501,34.710069],[134.235806,34.710263],[134.235507,34.710805],[134.23574,34.712248],[134.236399,34.712837],[134.23608,34.714472],[134.235609,34.714859],[134.233761,34.714813],[134.232723,34.715313],[134.231497,34.714587],[134.230897,34.714507],[134.230154,34.714923],[134.229366,34.714755],[134.229738,34.713809],[134.230406,34.713824],[134.231129,34.712618],[134.231334,34.711583],[134.230763,34.710682],[134.231422,34.708498],[134.231334,34.707789],[134.2317,34.706947],[134.231085,34.706273],[134.229387,34.705383],[134.227169,34.705792],[134.226613,34.704649],[134.226013,34.704264],[134.224051,34.703939],[134.223539,34.70347],[134.221606,34.703001],[134.219806,34.703735],[134.219308,34.703182],[134.217969,34.703314],[134.216021,34.704048],[134.213957,34.703206],[134.212152,34.704419],[134.211,34.703891],[134.209258,34.702544],[134.207538,34.702412],[134.207099,34.70169],[134.205606,34.701822],[134.204918,34.701654],[134.203146,34.701726],[134.202576,34.701546],[134.202005,34.700692],[134.200483,34.699381],[134.199635,34.699097],[134.198316,34.699092],[134.196215,34.696945],[134.194605,34.697209],[134.194224,34.696969],[134.193697,34.695309],[134.19216,34.694647],[134.191384,34.693649],[134.189496,34.693685],[134.187973,34.694142],[134.187285,34.693673],[134.186699,34.692747],[134.185865,34.69229],[134.185602,34.690336],[134.185046,34.689469],[134.184255,34.689049],[134.183406,34.689],[134.181532,34.687894],[134.179724,34.687394],[134.178626,34.68731],[134.177279,34.686348],[134.175639,34.685831],[134.174542,34.684893],[134.172609,34.684989],[134.169798,34.684568],[134.168547,34.685181],[134.167229,34.684868],[134.166219,34.684904],[134.165136,34.68405],[134.16433,34.684002],[134.16212,34.684399],[134.161051,34.68565],[134.161329,34.686239],[134.160656,34.687617],[134.161095,34.688916],[134.160158,34.69078],[134.160846,34.690636],[134.1619,34.691321],[134.162954,34.691646],[134.163144,34.691971],[134.16231,34.692512],[134.161812,34.692007],[134.160883,34.692933],[134.160165,34.694653],[134.160414,34.695676],[134.160443,34.697768],[134.160048,34.698213],[134.158738,34.698652],[134.159184,34.699314],[134.159031,34.700462],[134.158489,34.700811],[134.159045,34.701461],[134.159909,34.703259],[134.160802,34.703812],[134.161329,34.705231],[134.16089,34.705797],[134.161197,34.706518],[134.161285,34.708683],[134.163218,34.709634],[134.163056,34.710969],[134.164052,34.711829],[134.164227,34.712622],[134.164798,34.71305],[134.164769,34.713759],[134.165237,34.714655],[134.164916,34.7151],[134.163071,34.715786],[134.161124,34.715846],[134.160611,34.716086],[134.159616,34.718336],[134.15843,34.719009],[134.157376,34.718817],[134.156285,34.719593],[134.153562,34.72106],[134.152464,34.723044],[134.151278,34.724067],[134.151381,34.724885],[134.152201,34.726051],[134.151132,34.726689],[134.150063,34.726124],[134.148351,34.725679],[134.147706,34.725811],[134.146887,34.726424],[134.14603,34.726671],[134.14401,34.725865],[134.143468,34.72542],[134.143219,34.724434],[134.141887,34.723303],[134.140965,34.723146],[134.140306,34.722437],[134.139706,34.722292],[134.139648,34.721294],[134.138315,34.720741],[134.137832,34.72032],[134.1371,34.718925],[134.136096,34.71843],[134.134503,34.718824],[134.134127,34.718641],[134.133596,34.717459],[134.13202,34.71767],[134.129794,34.717473],[134.128219,34.717164],[134.126523,34.717558],[134.126369,34.716446],[134.124828,34.715644],[134.124691,34.715152],[134.124914,34.71366],[134.124434,34.713013],[134.122319,34.710713],[134.121612,34.709806],[134.12476,34.707977],[134.123561,34.706471],[134.124246,34.706112],[134.122722,34.704248],[134.123767,34.703668],[134.122419,34.701995],[134.119973,34.703462],[134.118559,34.704582],[134.118568,34.70556],[134.11452,34.70806],[134.114011,34.708236],[134.112457,34.709288],[134.113187,34.710277],[134.111392,34.711364],[134.110211,34.711831],[134.109607,34.711699],[134.107517,34.712665],[134.108124,34.713285],[134.109305,34.714966],[134.109616,34.716766],[134.11039,34.717819],[134.110507,34.718314],[134.109814,34.719148],[134.10994,34.721164],[134.109782,34.721581],[134.111112,34.726405],[134.111111,34.727348],[134.109976,34.727895],[134.108247,34.728153],[134.107203,34.727538],[134.106598,34.726251],[134.105832,34.726225],[134.102298,34.726682],[134.101555,34.724688],[134.100542,34.722965],[134.097701,34.719654],[134.094796,34.716548],[134.09299,34.714336],[134.090969,34.712751],[134.086943,34.71008],[134.084736,34.708186],[134.08375,34.70701],[134.083389,34.706121],[134.083466,34.704685],[134.08411,34.701403],[134.08416,34.698984],[134.083615,34.696454],[134.08325,34.695576],[134.081444,34.693161],[134.080949,34.692321],[134.079674,34.688886],[134.078706,34.684991],[134.077734,34.681977],[134.076653,34.680202],[134.074397,34.677902],[134.072542,34.676619],[134.066328,34.673538],[134.060199,34.670145],[134.05863,34.668338],[134.05604,34.664492],[134.054643,34.662041],[134.053392,34.660462],[134.05193,34.659212],[134.054079,34.658409],[134.054594,34.656773],[134.055403,34.657301],[134.058057,34.658693],[134.059469,34.659541],[134.060337,34.659472],[134.059974,34.6575],[134.06061,34.65683],[134.059259,34.656351],[134.058925,34.655982],[134.058763,34.654773],[134.058194,34.653385],[134.058214,34.65179],[134.060004,34.650005],[134.060843,34.649891],[134.061932,34.650111],[134.064358,34.649836],[134.064384,34.6484],[134.066292,34.64855],[134.066837,34.647698],[134.069316,34.648746],[134.071526,34.648981],[134.071905,34.648841],[134.074457,34.649228],[134.07731,34.650097],[134.078426,34.650149],[134.081794,34.64974],[134.0827,34.649706],[134.083326,34.649194],[134.076029,34.646793],[134.075742,34.64583],[134.075738,34.644696],[134.076635,34.644686],[134.075458,34.643671],[134.074948,34.643472],[134.075002,34.642458],[134.074722,34.641739],[134.074859,34.640806],[134.074644,34.639763],[134.074236,34.639065],[134.073074,34.637856],[134.073996,34.635198],[134.074614,34.634963],[134.075581,34.635182],[134.076721,34.634283],[134.077576,34.634088],[134.079076,34.63282],[134.080004,34.632472],[134.082089,34.63347],[134.082891,34.633354],[134.084358,34.632761],[134.085545,34.632772],[134.086308,34.632519],[134.087222,34.633182],[134.088499,34.633684],[134.089119,34.633549],[134.090254,34.632864],[134.091245,34.633743],[134.091662,34.634383],[134.093266,34.634554],[134.094602,34.635617],[134.094646,34.636388],[134.094356,34.637171],[134.095897,34.637427],[134.096794,34.637122],[134.097329,34.637906],[134.098919,34.638514],[134.09942,34.638527],[134.100481,34.639551],[134.101295,34.639512],[134.102384,34.638624],[134.102464,34.637934],[134.103311,34.637663],[134.103173,34.636773],[134.103609,34.636599],[134.104269,34.637586],[134.104651,34.637467],[134.105169,34.63528],[134.10436,34.633922],[134.104281,34.633215],[134.105306,34.632827],[134.106499,34.632886],[134.107316,34.633155],[134.107868,34.633798],[134.108627,34.6341],[134.109578,34.634883],[134.110913,34.634725],[134.109702,34.631597],[134.110294,34.630974],[134.112636,34.63021],[134.113101,34.629565],[134.114097,34.629077],[134.114084,34.628505],[134.115088,34.628295],[134.11634,34.627437],[134.115425,34.626516],[134.116584,34.625705],[134.116952,34.624949],[134.117871,34.624102],[134.117956,34.623714],[134.117101,34.623196],[134.11703,34.622346],[134.114607,34.622779],[134.115003,34.620655],[134.116841,34.620129],[134.11688,34.619547],[134.115677,34.619742],[134.115043,34.619426],[134.113507,34.619763],[134.112638,34.61924],[134.112802,34.618158],[134.11245,34.617634],[134.112698,34.616939],[134.112007,34.615941],[134.111354,34.616194],[134.110444,34.616129],[134.109286,34.616787],[134.108508,34.616777],[134.109116,34.615423],[134.109031,34.614493],[134.107662,34.613532],[134.108921,34.611844],[134.109012,34.610309],[134.109351,34.609473],[134.108347,34.608977],[134.108327,34.608551],[134.10926,34.60758],[134.109651,34.60563],[134.111622,34.604416],[134.112147,34.603786],[134.111623,34.603138],[134.112215,34.601809],[134.112868,34.600789],[134.11262,34.599244],[134.112004,34.598703],[134.1123,34.597059],[134.111684,34.595801],[134.112,34.594586],[134.112587,34.594128],[134.113644,34.592671],[134.113011,34.591811],[134.111955,34.591299],[134.111863,34.589891],[134.112314,34.589492],[134.112187,34.588468]]],[[[134.164652,34.607123],[134.165111,34.605985],[134.164203,34.604824],[134.164353,34.603905],[134.165356,34.603627],[134.165653,34.602935],[134.167109,34.602268],[134.167908,34.602202],[134.168993,34.602778],[134.169531,34.60253],[134.171962,34.602484],[134.172855,34.602913],[134.172884,34.603584],[134.173825,34.604057],[134.174966,34.604098],[134.175917,34.604412],[134.17668,34.60435],[134.177022,34.603395],[134.178193,34.604812],[134.179549,34.605151],[134.180319,34.60612],[134.181532,34.606362],[134.183658,34.606131],[134.183999,34.605523],[134.184861,34.604786],[134.185755,34.605171],[134.187601,34.604869],[134.18864,34.605664],[134.189379,34.605417],[134.190779,34.605489],[134.192179,34.606233],[134.192408,34.606769],[134.193076,34.607067],[134.193666,34.606849],[134.194675,34.607071],[134.194582,34.607772],[134.195515,34.608253],[134.195706,34.608916],[134.196511,34.609231],[134.197223,34.610049],[134.19711,34.610725],[134.197491,34.611097],[134.19829,34.611139],[134.198432,34.611925],[134.199478,34.613225],[134.200098,34.613564],[134.200285,34.614146],[134.2009,34.614204],[134.201864,34.615859],[134.201056,34.616457],[134.200586,34.61611],[134.198888,34.617217],[134.197772,34.616994],[134.197785,34.616254],[134.196193,34.615691],[134.195601,34.615986],[134.192462,34.615527],[134.191263,34.614512],[134.189907,34.614433],[134.188449,34.614743],[134.187631,34.614134],[134.187073,34.612859],[134.185628,34.611407],[134.184891,34.611159],[134.183576,34.611322],[134.182983,34.611046],[134.182009,34.611136],[134.180489,34.610353],[134.179972,34.609823],[134.17899,34.609395],[134.177947,34.609259],[134.17751,34.608806],[134.17646,34.609034],[134.175287,34.608829],[134.173975,34.609462],[134.173191,34.610285],[134.173055,34.611123],[134.173582,34.611448],[134.173766,34.61284],[134.171426,34.611412],[134.170758,34.611356],[134.169606,34.610516],[134.16791,34.610251],[134.167263,34.609425],[134.167369,34.608735],[134.166761,34.608618],[134.166767,34.607631],[134.164777,34.606891],[134.164652,34.607123]]],[[[134.250119,34.684422],[134.249164,34.683785],[134.247903,34.684062],[134.24677,34.683897],[134.246279,34.683181],[134.246675,34.682646],[134.247489,34.68226],[134.247441,34.68164],[134.245913,34.681739],[134.244783,34.681352],[134.244406,34.68081],[134.243336,34.680761],[134.242643,34.680444],[134.243482,34.679491],[134.244912,34.679154],[134.246973,34.679923],[134.249581,34.679762],[134.250918,34.679181],[134.250979,34.678014],[134.251696,34.677536],[134.252787,34.678121],[134.252869,34.678567],[134.253667,34.679406],[134.254744,34.679801],[134.256402,34.679649],[134.256696,34.678921],[134.257493,34.678893],[134.258169,34.678454],[134.258497,34.677688],[134.259656,34.677],[134.259547,34.676323],[134.26025,34.675253],[134.260994,34.675349],[134.261847,34.674757],[134.262863,34.675028],[134.263402,34.675692],[134.264799,34.676053],[134.264711,34.676397],[134.266116,34.677552],[134.266934,34.677507],[134.267158,34.677947],[134.267917,34.678104],[134.268498,34.677209],[134.26959,34.677267],[134.269916,34.678634],[134.271307,34.679423],[134.272217,34.680245],[134.272779,34.68028],[134.273486,34.68082],[134.273627,34.681663],[134.272857,34.683456],[134.271351,34.683493],[134.270508,34.683035],[134.26896,34.683108],[134.268339,34.682551],[134.268394,34.681897],[134.267916,34.681474],[134.267152,34.681829],[134.267473,34.682269],[134.267398,34.683063],[134.266989,34.683622],[134.266341,34.683148],[134.266729,34.682387],[134.266361,34.681925],[134.265604,34.681717],[134.264294,34.681869],[134.263155,34.682748],[134.263292,34.683904],[134.262228,34.684536],[134.261729,34.684551],[134.261115,34.685233],[134.261082,34.68608],[134.260228,34.686839],[134.258619,34.687748],[134.256886,34.687364],[134.255938,34.687974],[134.254921,34.687521],[134.254103,34.686863],[134.253994,34.686163],[134.253012,34.685144],[134.252719,34.683465],[134.252902,34.682529],[134.252391,34.681841],[134.251458,34.682088],[134.251614,34.683082],[134.251416,34.683594],[134.250119,34.684422]]],[[[134.223371,34.668546],[134.224195,34.668264],[134.224604,34.667802],[134.225763,34.668005],[134.22693,34.668643],[134.226845,34.669387],[134.227818,34.670289],[134.229333,34.671338],[134.230147,34.671668],[134.231679,34.671626],[134.232467,34.671042],[134.232226,34.670186],[134.233211,34.669523],[134.234205,34.670006],[134.235048,34.670115],[134.235658,34.671093],[134.235424,34.671467],[134.237356,34.673244],[134.23888,34.673279],[134.239744,34.67248],[134.240819,34.672506],[134.244163,34.672242],[134.245061,34.672885],[134.245467,34.673495],[134.245784,34.675124],[134.245477,34.675981],[134.245254,34.677648],[134.244749,34.678464],[134.244227,34.678731],[134.242943,34.678141],[134.241495,34.678443],[134.241423,34.679695],[134.23995,34.678696],[134.23834,34.67852],[134.236988,34.678161],[134.236388,34.678288],[134.235177,34.678077],[134.234569,34.679012],[134.232899,34.678668],[134.231957,34.679153],[134.23033,34.678963],[134.229474,34.679132],[134.228858,34.678928],[134.228781,34.678274],[134.229534,34.677641],[134.228464,34.676719],[134.227762,34.676747],[134.22736,34.676234],[134.227634,34.675411],[134.227745,34.673779],[134.226783,34.672402],[134.226348,34.671336],[134.225488,34.672037],[134.226068,34.67272],[134.226251,34.673652],[134.226259,34.675143],[134.225446,34.676149],[134.224453,34.676842],[134.222612,34.676715],[134.221773,34.676919],[134.220154,34.676617],[134.219682,34.676028],[134.218879,34.676096],[134.218493,34.675751],[134.21869,34.674893],[134.218355,34.674448],[134.21899,34.673856],[134.220181,34.6733],[134.220436,34.672139],[134.221105,34.670896],[134.222469,34.670672],[134.222696,34.669526],[134.222587,34.668918],[134.223371,34.668546]]],[[[134.189994,34.600085],[134.190366,34.598709],[134.189754,34.598203],[134.18967,34.597496],[134.190081,34.596667],[134.190718,34.59725],[134.191519,34.59645],[134.193192,34.597227],[134.192902,34.596196],[134.193263,34.596061],[134.19336,34.594988],[134.194027,34.595318],[134.193964,34.596293],[134.1944,34.596823],[134.195476,34.596593],[134.19617,34.597294],[134.196819,34.597186],[134.197719,34.595973],[134.19827,34.596109],[134.198485,34.59674],[134.198219,34.597674],[134.199206,34.597779],[134.199625,34.598201],[134.200741,34.597964],[134.200679,34.598713],[134.201205,34.599358],[134.200469,34.599797],[134.200508,34.600458],[134.200049,34.601495],[134.199494,34.601657],[134.198227,34.601231],[134.197381,34.600387],[134.196095,34.600254],[134.19542,34.600389],[134.194853,34.600917],[134.193574,34.601136],[134.192844,34.600299],[134.191345,34.600992],[134.190765,34.601736],[134.190439,34.600502],[134.189994,34.600085]]],[[[134.201205,34.608522],[134.201196,34.607503],[134.20265,34.607631],[134.20333,34.608019],[134.203597,34.608905],[134.20444,34.609554],[134.205791,34.610139],[134.206245,34.609721],[134.207254,34.609614],[134.207854,34.610784],[134.208644,34.61129],[134.210629,34.612159],[134.209198,34.612729],[134.20775,34.612299],[134.206713,34.611338],[134.205329,34.610646],[134.204913,34.610663],[134.203038,34.609925],[134.201805,34.608707],[134.201205,34.608522]]],[[[134.157654,34.598996],[134.157938,34.598274],[134.157566,34.597398],[134.159571,34.596966],[134.160504,34.597522],[134.160994,34.59832],[134.162264,34.598813],[134.16293,34.599863],[134.160619,34.600506],[134.159363,34.599997],[134.158493,34.598979],[134.157654,34.598996]]],[[[134.215556,34.666386],[134.215374,34.667079],[134.213394,34.666827],[134.213476,34.66579],[134.212318,34.665486],[134.212216,34.663924],[134.212652,34.663795],[134.213735,34.664736],[134.215696,34.664888],[134.215556,34.666386]]],[[[134.224751,34.680296],[134.225208,34.679619],[134.225828,34.679755],[134.226339,34.680764],[134.226243,34.681345],[134.225057,34.681902],[134.223918,34.681496],[134.224751,34.680296]]]]}},
  {"type":"Feature","properties":{"name":"赤磐市","code":"33213"},"geometry":{"type":"MultiPolygon","coordinates":[[[[133.993589,34.719641],[133.993937,34.720027],[133.994575,34.722713],[133.995632,34.722182],[133.996357,34.722175],[133.997427,34.722897],[133.99751,34.723673],[134.00049,34.726228],[134.001635,34.726687],[134.003089,34.726194],[134.005666,34.726821],[134.007809,34.726341],[134.00916,34.726228],[134.009723,34.726635],[134.009565,34.727476],[134.009133,34.72788],[134.009603,34.729244],[134.010722,34.729638],[134.011124,34.73041],[134.011888,34.730591],[134.013621,34.730658],[134.015395,34.731464],[134.016117,34.732109],[134.017196,34.732163],[134.017581,34.73273],[134.019125,34.733124],[134.020378,34.733858],[134.021828,34.733989],[134.022687,34.734259],[134.023795,34.735447],[134.024809,34.73567],[134.025871,34.736943],[134.0272,34.737575],[134.028704,34.737821],[134.031057,34.740031],[134.031464,34.739952],[134.032023,34.740719],[134.033997,34.74179],[134.033842,34.743149],[134.034824,34.744016],[134.03547,34.74432],[134.036895,34.744514],[134.038832,34.744511],[134.039507,34.745069],[134.04002,34.746475],[134.041957,34.747268],[134.042885,34.748164],[134.043956,34.74873],[134.045314,34.749207],[134.045252,34.750954],[134.046166,34.752334],[134.04793,34.753371],[134.048083,34.753616],[134.046984,34.755957],[134.046904,34.756553],[134.047691,34.757721],[134.048739,34.758261],[134.049894,34.760072],[134.051219,34.761475],[134.050713,34.76356],[134.049976,34.763143],[134.048467,34.763289],[134.047924,34.763958],[134.048638,34.764737],[134.048876,34.766552],[134.04987,34.767328],[134.050218,34.768157],[134.051423,34.768947],[134.052451,34.770074],[134.053908,34.769892],[134.054773,34.769341],[134.055376,34.768576],[134.056264,34.768435],[134.058247,34.767812],[134.059269,34.768824],[134.059086,34.770331],[134.059255,34.770974],[134.060156,34.771985],[134.059371,34.773011],[134.059644,34.774104],[134.060923,34.776363],[134.062192,34.777558],[134.062347,34.778093],[134.064552,34.779838],[134.065516,34.780161],[134.066616,34.780052],[134.069448,34.781233],[134.069846,34.782352],[134.070786,34.782986],[134.071504,34.782904],[134.073908,34.781677],[134.074767,34.781588],[134.075792,34.782139],[134.076847,34.782251],[134.077805,34.782058],[134.079151,34.781205],[134.081042,34.782885],[134.082351,34.782997],[134.084919,34.781771],[134.087045,34.781955],[134.087161,34.781313],[134.087917,34.779766],[134.087419,34.778354],[134.087856,34.776142],[134.088587,34.775356],[134.089691,34.774548],[134.090418,34.773626],[134.090561,34.773012],[134.08983,34.77193],[134.089789,34.771062],[134.090308,34.770622],[134.091514,34.770545],[134.09291,34.770141],[134.092154,34.768415],[134.090218,34.762643],[134.090166,34.761825],[134.091454,34.761382],[134.093011,34.761111],[134.094467,34.761155],[134.096202,34.761534],[134.097057,34.761437],[134.097966,34.760932],[134.099349,34.761268],[134.100875,34.760927],[134.102524,34.759318],[134.104599,34.758128],[134.106846,34.756478],[134.108403,34.75625],[134.108444,34.757419],[134.108137,34.758608],[134.108642,34.759386],[134.108041,34.760843],[134.109073,34.760839],[134.110022,34.760388],[134.110754,34.759629],[134.113053,34.759059],[134.113776,34.757771],[134.114647,34.757468],[134.119344,34.757212],[134.119461,34.756793],[134.118695,34.755843],[134.118748,34.753772],[134.119393,34.753136],[134.121542,34.752826],[134.122524,34.752911],[134.122928,34.753628],[134.122726,34.754411],[134.123168,34.755049],[134.122891,34.756226],[134.123488,34.756311],[134.124594,34.755885],[134.125063,34.756086],[134.125756,34.757212],[134.126956,34.757125],[134.128992,34.758116],[134.130126,34.758147],[134.13077,34.758728],[134.132793,34.758842],[134.133145,34.75952],[134.134534,34.761388],[134.135551,34.761725],[134.136083,34.762385],[134.137558,34.762862],[134.138006,34.763418],[134.139355,34.763337],[134.139496,34.763916],[134.14128,34.765513],[134.141647,34.76613],[134.142297,34.766283],[134.144085,34.765762],[134.144639,34.766007],[134.145236,34.767167],[134.146516,34.766789],[134.14786,34.767092],[134.148265,34.768357],[134.148914,34.769074],[134.148824,34.77015],[134.150533,34.770872],[134.1522,34.772445],[134.151617,34.773081],[134.151661,34.773623],[134.15074,34.774498],[134.151007,34.775146],[134.151155,34.776677],[134.150495,34.777871],[134.150016,34.779642],[134.150729,34.780216],[134.150814,34.780674],[134.150064,34.781886],[134.149558,34.782359],[134.14975,34.783658],[134.148834,34.784183],[134.146691,34.784743],[134.146041,34.785157],[134.145414,34.786046],[134.144403,34.786581],[134.143322,34.786548],[134.142604,34.787322],[134.142155,34.788249],[134.141202,34.788414],[134.139028,34.789506],[134.138491,34.79058],[134.136501,34.790767],[134.134708,34.790609],[134.134271,34.793006],[134.131393,34.792974],[134.129545,34.793064],[134.125863,34.793086],[134.120644,34.793398],[134.118616,34.793666],[134.118658,34.795908],[134.11832,34.796175],[134.112949,34.798102],[134.11166,34.79807],[134.111761,34.798941],[134.110668,34.800687],[134.109446,34.801357],[134.108543,34.802272],[134.107609,34.802502],[134.106742,34.803025],[134.105047,34.803551],[134.101762,34.802708],[134.101246,34.802715],[134.099751,34.803871],[134.098835,34.80484],[134.095953,34.806514],[134.094689,34.806882],[134.093809,34.807342],[134.093713,34.807895],[134.094587,34.810073],[134.094376,34.810881],[134.092099,34.811251],[134.090661,34.812064],[134.089542,34.812408],[134.089768,34.813808],[134.089033,34.815254],[134.08851,34.817778],[134.087695,34.819149],[134.087732,34.820619],[134.085356,34.823391],[134.084468,34.823521],[134.082349,34.824584],[134.081088,34.824349],[134.079996,34.824941],[134.079376,34.825932],[134.077729,34.825358],[134.076595,34.824546],[134.075043,34.824329],[134.073506,34.824549],[134.073071,34.824779],[134.072328,34.825966],[134.071372,34.826508],[134.069945,34.826699],[134.068531,34.827273],[134.06791,34.82773],[134.066457,34.828176],[134.065465,34.828193],[134.063108,34.827151],[134.062489,34.826051],[134.063235,34.825078],[134.061574,34.824625],[134.060778,34.824695],[134.058856,34.826],[134.058092,34.827165],[134.057955,34.827877],[134.057096,34.828782],[134.056133,34.829116],[134.054671,34.82995],[134.054486,34.83037],[134.055064,34.831614],[134.054743,34.832537],[134.053831,34.832827],[134.052452,34.832559],[134.050339,34.833011],[134.04871,34.832554],[134.048239,34.831049],[134.048696,34.829843],[134.048135,34.829566],[134.047018,34.829472],[134.046457,34.828287],[134.045913,34.827865],[134.043329,34.82999],[134.042812,34.830272],[134.039922,34.830391],[134.039213,34.831213],[134.038693,34.832617],[134.039839,34.833643],[134.040489,34.834712],[134.040284,34.835276],[134.039118,34.83562],[134.038303,34.836136],[134.039527,34.837604],[134.039568,34.839457],[134.039239,34.842624],[134.038583,34.843509],[134.03703,34.844551],[134.038399,34.845278],[134.039594,34.845492],[134.040404,34.845355],[134.042584,34.845879],[134.043661,34.847064],[134.044573,34.847813],[134.045158,34.849025],[134.045014,34.850891],[134.045441,34.852666],[134.045178,34.853342],[134.044078,34.854097],[134.043936,34.856276],[134.043465,34.857864],[134.045971,34.857726],[134.04757,34.857822],[134.048441,34.856807],[134.049867,34.857152],[134.050799,34.856862],[134.051924,34.856943],[134.054337,34.857496],[134.055053,34.857226],[134.055629,34.856571],[134.055992,34.855116],[134.058984,34.854757],[134.059866,34.854142],[134.061363,34.855039],[134.062292,34.855028],[134.062898,34.855307],[134.064514,34.857101],[134.064332,34.857971],[134.065033,34.858578],[134.06519,34.859502],[134.064711,34.860296],[134.065293,34.86058],[134.065921,34.860113],[134.066816,34.859863],[134.069263,34.85975],[134.070696,34.859446],[134.071779,34.859558],[134.072309,34.859852],[134.072366,34.861198],[134.074902,34.862607],[134.077096,34.863294],[134.077806,34.864264],[134.07728,34.86494],[134.077683,34.866022],[134.078626,34.866913],[134.079426,34.867065],[134.080602,34.866848],[134.081353,34.868079],[134.081287,34.868697],[134.080585,34.869752],[134.08059,34.870526],[134.080991,34.871122],[134.080998,34.874517],[134.080397,34.876036],[134.080089,34.877332],[134.080828,34.877397],[134.083582,34.876515],[134.084908,34.876459],[134.086231,34.875502],[134.086705,34.874876],[134.087997,34.87478],[134.08853,34.873584],[134.089993,34.873859],[134.09112,34.874566],[134.091318,34.875311],[134.092422,34.876025],[134.093588,34.875428],[134.094011,34.874972],[134.096396,34.875535],[134.097442,34.876133],[134.098057,34.877046],[134.098866,34.877071],[134.101201,34.878573],[134.103545,34.87899],[134.104071,34.88102],[134.103358,34.881926],[134.101003,34.882639],[134.097238,34.882926],[134.095615,34.883404],[134.094189,34.88409],[134.093071,34.885426],[134.092969,34.886213],[134.093569,34.887569],[134.097561,34.89251],[134.097937,34.893381],[134.097964,34.894667],[134.097678,34.896185],[134.097166,34.897034],[134.096259,34.897709],[134.094895,34.897433],[134.091438,34.896033],[134.090483,34.895313],[134.089051,34.894841],[134.087898,34.89506],[134.086282,34.895769],[134.085165,34.896609],[134.084846,34.89736],[134.084976,34.898196],[134.086514,34.90093],[134.087631,34.902318],[134.089771,34.904045],[134.092188,34.905562],[134.093162,34.906295],[134.094936,34.90819],[134.09625,34.910123],[134.097371,34.912074],[134.098503,34.914571],[134.099408,34.916013],[134.099932,34.917754],[134.100447,34.918613],[134.09982,34.920939],[134.098591,34.923392],[134.097923,34.924553],[134.096,34.925692],[134.091727,34.927364],[134.088002,34.929386],[134.087776,34.930146],[134.088143,34.9313],[134.089777,34.933517],[134.09134,34.936494],[134.091455,34.937062],[134.091286,34.938564],[134.090552,34.940797],[134.089802,34.941777],[134.088369,34.942574],[134.086161,34.942641],[134.081039,34.941334],[134.078503,34.940848],[134.074976,34.940912],[134.072654,34.941266],[134.071604,34.939244],[134.06938,34.937855],[134.067864,34.937636],[134.067292,34.936819],[134.066406,34.937304],[134.065145,34.937429],[134.063703,34.93798],[134.062337,34.938203],[134.061178,34.938813],[134.058954,34.939413],[134.058348,34.938446],[134.057617,34.938104],[134.054573,34.93819],[134.051746,34.937068],[134.050055,34.936688],[134.049231,34.936675],[134.049113,34.93732],[134.049605,34.938011],[134.047585,34.938962],[134.046449,34.939802],[134.04462,34.940282],[134.042836,34.94124],[134.041939,34.942121],[134.041062,34.943326],[134.039368,34.943438],[134.038391,34.943096],[134.037214,34.943454],[134.035847,34.94437],[134.033598,34.944127],[134.03235,34.944785],[134.030979,34.946201],[134.029807,34.946373],[134.028562,34.947221],[134.027156,34.949066],[134.025802,34.949611],[134.025882,34.950179],[134.025094,34.950814],[134.023958,34.949655],[134.022998,34.948456],[134.022819,34.947722],[134.022174,34.946625],[134.021274,34.946092],[134.020078,34.94569],[134.018558,34.945731],[134.018373,34.945064],[134.018906,34.943865],[134.01889,34.942443],[134.019474,34.941441],[134.019334,34.941042],[134.017998,34.939581],[134.016031,34.938345],[134.014711,34.937137],[134.013961,34.935537],[134.013906,34.934329],[134.012336,34.931339],[134.013664,34.929748],[134.013153,34.928646],[134.012872,34.927441],[134.011908,34.92577],[134.011861,34.924078],[134.011016,34.923294],[134.011003,34.922859],[134.011622,34.921431],[134.011009,34.920716],[134.011108,34.920164],[134.010372,34.919189],[134.010968,34.917816],[134.010899,34.917214],[134.009778,34.916724],[134.008991,34.916657],[134.008549,34.915601],[134.008663,34.915088],[134.007341,34.914502],[134.007429,34.913786],[134.006553,34.91209],[134.004748,34.912131],[134.004113,34.91182],[134.003367,34.911987],[134.002396,34.911604],[134.001898,34.911132],[134.001891,34.910416],[134.00324,34.908981],[134.00196,34.907886],[134.001502,34.906917],[134.002261,34.905823],[134.001813,34.904099],[134.000545,34.903076],[134.001165,34.902219],[134.001277,34.900177],[134.001734,34.898511],[134.00339,34.897158],[134.004387,34.896046],[134.004551,34.894782],[134.003345,34.894777],[134.002692,34.894045],[134.001571,34.893673],[134.000885,34.893097],[134.00067,34.89193],[133.999057,34.890595],[133.997778,34.890436],[133.996507,34.890782],[133.994654,34.88977],[133.993717,34.889394],[133.992282,34.888303],[133.991025,34.888325],[133.990246,34.887576],[133.98881,34.887339],[133.987819,34.886742],[133.985871,34.886595],[133.984726,34.886692],[133.982184,34.88664],[133.979483,34.88632],[133.978592,34.885406],[133.977586,34.884032],[133.975717,34.882674],[133.97553,34.881794],[133.975756,34.881021],[133.976255,34.880441],[133.975641,34.879958],[133.975394,34.879246],[133.97458,34.878609],[133.973939,34.878582],[133.973234,34.87764],[133.972299,34.877085],[133.970778,34.877453],[133.970218,34.877962],[133.967608,34.876316],[133.96584,34.876406],[133.964758,34.875578],[133.963694,34.874258],[133.961132,34.874564],[133.960534,34.873261],[133.95996,34.872703],[133.959227,34.873096],[133.957479,34.873312],[133.956311,34.873289],[133.955355,34.872731],[133.956372,34.872737],[133.957505,34.871969],[133.958461,34.871694],[133.959216,34.870031],[133.961109,34.868014],[133.960908,34.867216],[133.961389,34.866403],[133.961423,34.863782],[133.962564,34.863473],[133.963296,34.863551],[133.964641,34.86053],[133.96588,34.859629],[133.96557,34.858966],[133.966102,34.858025],[133.966915,34.857621],[133.967301,34.856006],[133.968894,34.854699],[133.96829,34.853153],[133.966769,34.853076],[133.964883,34.852442],[133.964554,34.851701],[133.962763,34.850901],[133.961714,34.850156],[133.962224,34.849739],[133.963242,34.850111],[133.964793,34.84979],[133.965962,34.849729],[133.968004,34.848568],[133.969684,34.848588],[133.970671,34.84791],[133.971542,34.847978],[133.97205,34.847128],[133.971841,34.846387],[133.972463,34.845761],[133.973754,34.84637],[133.974841,34.846331],[133.976197,34.845276],[133.976071,34.844792],[133.974736,34.844271],[133.976289,34.843274],[133.977999,34.843113],[133.978361,34.843329],[133.977465,34.844654],[133.977814,34.845474],[133.977915,34.84645],[133.977567,34.847132],[133.979028,34.849394],[133.980049,34.849723],[133.979837,34.851047],[133.980697,34.852778],[133.981327,34.853702],[133.981561,34.854693],[133.981931,34.855044],[133.983617,34.854631],[133.985372,34.85435],[133.986504,34.853054],[133.986708,34.854254],[133.987075,34.854417],[133.988382,34.853209],[133.990734,34.85214],[133.992214,34.851689],[133.992899,34.85089],[133.993985,34.850073],[133.993959,34.849245],[133.993225,34.848675],[133.99322,34.847007],[133.992636,34.845891],[133.992699,34.843876],[133.992592,34.842986],[133.992817,34.841293],[133.991668,34.839914],[133.991628,34.839399],[133.99011,34.837149],[133.989229,34.837161],[133.988509,34.836114],[133.987743,34.835759],[133.987667,34.835263],[133.988194,34.834666],[133.988407,34.832841],[133.990928,34.832404],[133.990029,34.831809],[133.989539,34.831055],[133.988339,34.830603],[133.988404,34.829739],[133.989524,34.828642],[133.989915,34.827818],[133.991016,34.827501],[133.991204,34.827081],[133.990459,34.826348],[133.990307,34.825175],[133.98753,34.823497],[133.98708,34.821857],[133.985203,34.820967],[133.985113,34.819945],[133.98583,34.819581],[133.987087,34.818256],[133.986773,34.817304],[133.987087,34.816546],[133.986916,34.81589],[133.987018,34.814675],[133.987278,34.814076],[133.986916,34.813704],[133.985641,34.813124],[133.985421,34.811742],[133.985605,34.810987],[133.98651,34.809584],[133.986553,34.808613],[133.985551,34.807003],[133.98452,34.806383],[133.983591,34.806457],[133.982047,34.80556],[133.980642,34.805758],[133.980363,34.805111],[133.978771,34.804332],[133.976456,34.804541],[133.97467,34.803919],[133.973671,34.802568],[133.973336,34.801571],[133.973186,34.80012],[133.972687,34.79924],[133.970974,34.798663],[133.970694,34.798348],[133.970923,34.797028],[133.969477,34.797017],[133.967969,34.795113],[133.967553,34.794149],[133.967667,34.793321],[133.966961,34.79277],[133.966842,34.791831],[133.96585,34.791355],[133.965341,34.79083],[133.964899,34.789747],[133.963074,34.789038],[133.962528,34.789038],[133.961704,34.78807],[133.961908,34.787147],[133.961704,34.786012],[133.962689,34.785626],[133.963697,34.785927],[133.965018,34.785689],[133.966025,34.785011],[133.967437,34.784474],[133.968423,34.784393],[133.96956,34.784769],[133.97029,34.784224],[133.971546,34.782128],[133.973134,34.78251],[133.974703,34.781414],[133.975611,34.780304],[133.976279,34.780081],[133.977278,34.780517],[133.979304,34.780839],[133.980062,34.780484],[133.980076,34.779211],[133.980683,34.778642],[133.980409,34.776404],[133.980615,34.775749],[133.980255,34.775044],[133.978247,34.77458],[133.977803,34.7741],[133.978194,34.77354],[133.978028,34.772973],[133.976764,34.77105],[133.976621,34.769271],[133.977263,34.768601],[133.978219,34.768319],[133.978974,34.767746],[133.9793,34.766918],[133.980821,34.766572],[133.981418,34.766102],[133.982118,34.76638],[133.983319,34.767242],[133.985938,34.767807],[133.986426,34.767637],[133.986665,34.766662],[133.986051,34.765181],[133.986272,34.764169],[133.985887,34.763511],[133.985852,34.761329],[133.985411,34.760437],[133.984412,34.760142],[133.983688,34.759579],[133.983544,34.758004],[133.981913,34.756668],[133.981247,34.755769],[133.981012,34.755048],[133.979983,34.755541],[133.976709,34.755077],[133.976216,34.754721],[133.974457,34.754203],[133.973427,34.754248],[133.972574,34.753869],[133.97172,34.752233],[133.971396,34.750493],[133.971422,34.749433],[133.972762,34.747207],[133.97251,34.745804],[133.972838,34.744806],[133.973922,34.745351],[133.975109,34.74559],[133.976634,34.745221],[133.978431,34.744952],[133.978817,34.743956],[133.979805,34.744295],[133.982733,34.744651],[133.983394,34.744195],[133.983724,34.742906],[133.980956,34.743594],[133.979932,34.743248],[133.97937,34.742576],[133.979606,34.741531],[133.981291,34.740534],[133.982266,34.740299],[133.984094,34.739499],[133.983962,34.738866],[133.982333,34.737633],[133.983359,34.736907],[133.984934,34.736899],[133.986079,34.73658],[133.986811,34.735661],[133.98653,34.733477],[133.987124,34.732789],[133.988774,34.732467],[133.990517,34.730839],[133.99082,34.730168],[133.992025,34.728802],[133.991359,34.727569],[133.992427,34.726881],[133.993963,34.72654],[133.993316,34.724098],[133.993305,34.723421],[133.992715,34.722558],[133.992412,34.721111],[133.993287,34.720456],[133.993589,34.719641]]]]}},
  {"type":"Feature","properties":{"name":"真庭市","code":"33214"},"geometry":{"type":"MultiPolygon","coordinates":[[[[133.845601,35.101508],[133.843997,35.103336],[133.842886,35.10613],[133.84306,35.107245],[133.843648,35.107454],[133.844628,35.108804],[133.844606,35.110173],[133.843779,35.111264],[133.844599,35.1132],[133.844737,35.114387],[133.843989,35.115196],[133.843764,35.116693],[133.842697,35.116675],[133.842276,35.117433],[133.840069,35.119112],[133.838566,35.118944],[133.837348,35.118501],[133.837432,35.119714],[133.836135,35.120104],[133.835786,35.120683],[133.834698,35.120907],[133.833804,35.121759],[133.833202,35.12297],[133.832128,35.123284],[133.832926,35.124674],[133.833565,35.126254],[133.833717,35.128245],[133.831957,35.12778],[133.831006,35.127195],[133.828835,35.127523],[133.827529,35.128274],[133.82662,35.128382],[133.824144,35.127034],[133.823383,35.127477],[133.821564,35.127249],[133.82107,35.128364],[133.820399,35.129119],[133.819122,35.12916],[133.818232,35.129682],[133.817199,35.131107],[133.816846,35.132268],[133.813877,35.132913],[133.812809,35.13205],[133.811911,35.132043],[133.810859,35.131644],[133.810663,35.130994],[133.809561,35.130923],[133.808251,35.131316],[133.806858,35.130832],[133.806044,35.131071],[133.80538,35.131848],[133.802567,35.131602],[133.801733,35.132188],[133.800283,35.132661],[133.79783,35.134125],[133.797575,35.135397],[133.796516,35.135604],[133.794416,35.135252],[133.795144,35.135979],[133.792702,35.137583],[133.791383,35.139561],[133.791508,35.140481],[133.790161,35.141132],[133.789192,35.141323],[133.788858,35.142104],[133.786416,35.143252],[133.786749,35.144883],[133.786205,35.145324],[133.784695,35.145557],[133.784139,35.146284],[133.784038,35.147006],[133.783293,35.147611],[133.782753,35.147513],[133.782002,35.148015],[133.781621,35.149664],[133.782067,35.151343],[133.780956,35.153025],[133.780009,35.153653],[133.7788,35.154],[133.778091,35.153969],[133.776913,35.154787],[133.776027,35.154978],[133.775156,35.155792],[133.773691,35.156072],[133.771498,35.155723],[133.770031,35.155747],[133.769287,35.156103],[133.768246,35.157125],[133.767609,35.156847],[133.766282,35.15807],[133.765933,35.158887],[133.766057,35.159577],[133.767205,35.160141],[133.767501,35.160525],[133.768946,35.161456],[133.769214,35.162135],[133.769897,35.162416],[133.770623,35.163361],[133.771525,35.164106],[133.771395,35.165297],[133.772285,35.166844],[133.77153,35.168096],[133.770634,35.168679],[133.770487,35.171121],[133.771352,35.171927],[133.772725,35.17204],[133.772943,35.172547],[133.774527,35.173182],[133.776184,35.17314],[133.778393,35.175231],[133.77925,35.176209],[133.777806,35.177678],[133.777593,35.179584],[133.777339,35.180622],[133.777913,35.181123],[133.778785,35.182599],[133.778909,35.183439],[133.778037,35.186248],[133.778872,35.187739],[133.778879,35.188601],[133.779751,35.189478],[133.78127,35.190158],[133.780224,35.191842],[133.779243,35.19285],[133.779126,35.194715],[133.778741,35.19552],[133.77849,35.197299],[133.777419,35.198141],[133.776939,35.198768],[133.77707,35.199516],[133.776169,35.200798],[133.773175,35.201735],[133.772536,35.202811],[133.772833,35.203494],[133.772769,35.204396],[133.772419,35.205253],[133.772536,35.205858],[133.775049,35.20655],[133.776757,35.207656],[133.777273,35.20898],[133.778893,35.210236],[133.779744,35.211613],[133.781349,35.212738],[133.781194,35.21412],[133.779988,35.215857],[133.779004,35.216491],[133.778523,35.219081],[133.778036,35.21988],[133.777939,35.220636],[133.778558,35.222436],[133.780138,35.222219],[133.782034,35.221188],[133.784803,35.220302],[133.786445,35.220046],[133.787564,35.218835],[133.78986,35.217806],[133.792113,35.217279],[133.793994,35.217046],[133.795193,35.216435],[133.796712,35.215934],[133.798688,35.214822],[133.800047,35.214446],[133.800738,35.214721],[133.802293,35.214521],[133.802932,35.215332],[133.803784,35.215527],[133.805352,35.216368],[133.80633,35.217377],[133.807088,35.218576],[133.808113,35.219745],[133.809377,35.219707],[133.810082,35.219444],[133.812537,35.219024],[133.814035,35.21792],[133.814849,35.217825],[133.816205,35.218215],[133.816571,35.219003],[133.815153,35.221117],[133.815168,35.221594],[133.814558,35.222784],[133.812534,35.224694],[133.812189,35.2255],[133.811578,35.226108],[133.810706,35.227566],[133.810284,35.229159],[133.810997,35.22923],[133.811738,35.230169],[133.814324,35.230906],[133.814833,35.231687],[133.815226,35.233318],[133.815865,35.23404],[133.816599,35.234255],[133.817739,35.235483],[133.817899,35.23678],[133.818866,35.237767],[133.819098,35.238274],[133.818546,35.239765],[133.81912,35.240746],[133.820581,35.242171],[133.820319,35.242902],[133.82082,35.244136],[133.820351,35.244642],[133.820668,35.245494],[133.820668,35.246896],[133.820384,35.247373],[133.819515,35.247627],[133.818633,35.248574],[133.818015,35.249606],[133.818073,35.250536],[133.817696,35.251901],[133.818146,35.252634],[133.817754,35.253633],[133.817536,35.255459],[133.817878,35.256544],[133.818488,35.257233],[133.818154,35.259236],[133.81755,35.259913],[133.816656,35.26046],[133.816635,35.261931],[133.815964,35.263073],[133.816146,35.263645],[133.815222,35.264888],[133.814263,35.265477],[133.813171,35.265688],[133.81145,35.267162],[133.811374,35.267873],[133.810385,35.269036],[133.808763,35.269248],[133.807606,35.270286],[133.807854,35.271869],[133.809636,35.274525],[133.809431,35.275933],[133.80891,35.276367],[133.809279,35.276917],[133.808555,35.277471],[133.808137,35.278263],[133.806151,35.279456],[133.804994,35.280617],[133.805533,35.28178],[133.804573,35.282609],[133.802434,35.283593],[133.801379,35.284831],[133.801457,35.285576],[133.801149,35.286697],[133.801845,35.287121],[133.801714,35.287526],[133.799743,35.288455],[133.798972,35.289749],[133.800041,35.290321],[133.800188,35.29095],[133.799771,35.291732],[133.799874,35.292693],[133.798863,35.29292],[133.797876,35.294011],[133.796433,35.293916],[133.795233,35.294071],[133.794587,35.293108],[133.79348,35.292851],[133.792222,35.293173],[133.790331,35.293292],[133.789559,35.293534],[133.789114,35.294474],[133.789676,35.295287],[133.789283,35.296104],[133.789967,35.297315],[133.789138,35.297446],[133.78833,35.296933],[133.788148,35.296468],[133.786907,35.295218],[133.785617,35.294884],[133.783733,35.294765],[133.783202,35.29512],[133.783006,35.295955],[133.782518,35.296651],[133.782373,35.297873],[133.780191,35.298595],[133.779514,35.299123],[133.777267,35.299147],[133.776721,35.299523],[133.775705,35.299558],[133.774721,35.300954],[133.773855,35.301276],[133.773084,35.301872],[133.772895,35.302725],[133.772022,35.30313],[133.77144,35.303714],[133.770545,35.303899],[133.769614,35.304433],[133.769207,35.304982],[133.768538,35.306843],[133.76701,35.308634],[133.76573,35.308965],[133.763984,35.308852],[133.763053,35.309401],[133.763213,35.310033],[133.76212,35.311116],[133.760098,35.310314],[133.75964,35.309146],[133.758331,35.308329],[133.75696,35.308198],[133.754344,35.310541],[133.751878,35.310908],[133.750693,35.311396],[133.750366,35.311921],[133.750271,35.313129],[133.749841,35.313982],[133.748838,35.314703],[133.749143,35.315464],[133.749071,35.316376],[133.748685,35.317062],[133.747334,35.318207],[133.745013,35.319602],[133.744481,35.318941],[133.744184,35.317987],[133.743231,35.317059],[133.742309,35.316523],[133.740096,35.316638],[133.738305,35.318107],[133.737455,35.318946],[133.736612,35.318448],[133.735084,35.318484],[133.735193,35.316916],[133.735441,35.316391],[133.734706,35.316069],[133.733891,35.316786],[133.73208,35.317413],[133.731069,35.317252],[133.730124,35.317485],[133.729011,35.316736],[133.727134,35.31701],[133.724727,35.319649],[133.723483,35.319239],[133.721863,35.31909],[133.720137,35.319089],[133.719548,35.319756],[133.718435,35.319515],[133.717206,35.31992],[133.715664,35.321038],[133.715315,35.321934],[133.714348,35.322824],[133.713278,35.323486],[133.711911,35.323767],[133.71154,35.324202],[133.710587,35.324494],[133.710018,35.324338],[133.709023,35.32506],[133.707496,35.325156],[133.704957,35.324297],[133.703568,35.32447],[133.702273,35.324926],[133.701269,35.324873],[133.700564,35.325284],[133.698608,35.325958],[133.697109,35.327144],[133.696062,35.326924],[133.695146,35.326247],[133.693436,35.325383],[133.691531,35.323888],[133.691523,35.32294],[133.691836,35.322254],[133.691756,35.320844],[133.69124,35.32014],[133.690258,35.320146],[133.688847,35.31975],[133.688425,35.319446],[133.687007,35.319439],[133.685574,35.319711],[133.683566,35.318751],[133.680657,35.319037],[133.678351,35.318942],[133.677362,35.319293],[133.676256,35.320176],[133.675994,35.320725],[133.67518,35.321229],[133.674678,35.322553],[133.673965,35.323373],[133.672161,35.323665],[133.671056,35.323063],[133.670103,35.322922],[133.669092,35.323083],[133.668168,35.32368],[133.666452,35.323772],[133.665739,35.32401],[133.664582,35.325021],[133.663521,35.325164],[133.662357,35.326679],[133.661454,35.327028],[133.66056,35.327672],[133.660313,35.328203],[133.658523,35.328787],[133.657738,35.329396],[133.657389,35.330193],[133.655527,35.331266],[133.653796,35.33276],[133.653054,35.334066],[133.652429,35.334513],[133.651192,35.334987],[133.650472,35.335858],[133.649177,35.336338],[133.646818,35.336433],[133.644362,35.336328],[133.643635,35.336102],[133.642427,35.336489],[133.640693,35.336661],[133.639253,35.337696],[133.638901,35.338948],[133.638494,35.339151],[133.636244,35.339482],[133.634249,35.339311],[133.633229,35.339735],[133.631613,35.339502],[133.630208,35.3387],[133.628271,35.338348],[133.625933,35.338298],[133.623987,35.33735],[133.622191,35.336709],[133.620371,35.337568],[133.618002,35.339601],[133.616555,35.340053],[133.6159,35.3409],[133.614676,35.340161],[133.613454,35.33997],[133.612129,35.340101],[133.611382,35.340607],[133.610482,35.340733],[133.609769,35.34172],[133.607993,35.341935],[133.605811,35.341063],[133.604687,35.341649],[133.603632,35.343124],[133.603173,35.34333],[133.601378,35.343438],[133.598757,35.344332],[133.597999,35.344786],[133.596799,35.345021],[133.595926,35.344197],[133.594528,35.340786],[133.593206,35.340119],[133.592731,35.339368],[133.589341,35.337859],[133.588366,35.336964],[133.589341,35.335747],[133.589123,35.333904],[133.589937,35.333104],[133.590628,35.333296],[133.591889,35.332924],[133.592205,35.332569],[133.592446,35.330814],[133.591374,35.329948],[133.59098,35.329387],[133.589311,35.328783],[133.589328,35.328299],[133.590143,35.327631],[133.59006,35.327187],[133.58928,35.326494],[133.587933,35.324891],[133.586223,35.323604],[133.585074,35.323413],[133.584368,35.321644],[133.583794,35.321207],[133.583179,35.321453],[133.582572,35.321139],[133.582226,35.320024],[133.581172,35.319229],[133.581306,35.316928],[133.580374,35.316395],[133.579199,35.31618],[133.577943,35.315512],[133.577344,35.314707],[133.576786,35.314414],[133.577255,35.312087],[133.576482,35.311317],[133.576374,35.310717],[133.576454,35.308728],[133.57618,35.305965],[133.575755,35.30501],[133.575755,35.304059],[133.57667,35.303382],[133.577029,35.301956],[133.576879,35.301544],[133.575764,35.300815],[133.575681,35.300388],[133.576206,35.29914],[133.577378,35.298537],[133.577553,35.297261],[133.576604,35.296929],[133.576721,35.295804],[133.574827,35.293318],[133.574803,35.292724],[133.573943,35.292209],[133.574426,35.290063],[133.573544,35.289456],[133.573411,35.288532],[133.570544,35.287086],[133.570414,35.286654],[133.571061,35.285258],[133.571576,35.28356],[133.572318,35.281658],[133.571968,35.280181],[133.571411,35.279594],[133.570628,35.279444],[133.569861,35.278432],[133.568849,35.277495],[133.568674,35.276846],[133.569173,35.27623],[133.570613,35.275568],[133.571583,35.27421],[133.571599,35.273313],[133.571916,35.272569],[133.571269,35.271209],[133.570341,35.270333],[133.569592,35.270169],[133.568747,35.269061],[133.567807,35.268488],[133.56677,35.26581],[133.56742,35.264524],[133.567777,35.263423],[133.567694,35.26257],[133.566887,35.261544],[133.566961,35.260602],[133.567682,35.260115],[133.56819,35.259399],[133.567807,35.258126],[133.568181,35.257056],[133.566638,35.25559],[133.568017,35.254433],[133.56968,35.253593],[133.571034,35.253801],[133.571537,35.253489],[133.572711,35.253367],[133.574772,35.25241],[133.575771,35.252249],[133.576123,35.251025],[133.577173,35.250281],[133.578283,35.249976],[133.579344,35.248743],[133.58086,35.247222],[133.582649,35.246493],[133.584878,35.24632],[133.586349,35.246549],[133.587257,35.246072],[133.588405,35.244679],[133.591049,35.244804],[133.592769,35.244117],[133.593444,35.244277],[133.594342,35.24298],[133.594874,35.242855],[133.596408,35.241221],[133.596442,35.240929],[133.594511,35.23973],[133.593358,35.237843],[133.593437,35.237245],[133.592486,35.235748],[133.592696,35.235005],[133.592486,35.23321],[133.593801,35.232198],[133.59431,35.231529],[133.595427,35.231035],[133.595946,35.229756],[133.596802,35.228304],[133.597539,35.22805],[133.597837,35.227372],[133.598854,35.227003],[133.598859,35.226314],[133.599746,35.224794],[133.599056,35.223917],[133.599407,35.223004],[133.599086,35.221569],[133.598456,35.221053],[133.597937,35.219275],[133.598085,35.218749],[133.596901,35.217911],[133.597232,35.216284],[133.596523,35.21575],[133.597178,35.214668],[133.598466,35.213766],[133.599169,35.213649],[133.599507,35.212943],[133.602338,35.209628],[133.604069,35.208285],[133.604182,35.207368],[133.605681,35.20588],[133.606298,35.205707],[133.606576,35.204397],[133.606991,35.204002],[133.607172,35.203143],[133.60661,35.202377],[133.606689,35.201282],[133.607075,35.199671],[133.606781,35.199116],[133.607571,35.198636],[133.607645,35.197608],[133.607978,35.196867],[133.608109,35.194894],[133.609161,35.193937],[133.6094,35.193019],[133.608543,35.191162],[133.60648,35.189948],[133.605725,35.189793],[133.605843,35.188878],[133.606938,35.18745],[133.606948,35.1864],[133.606185,35.185354],[133.605427,35.185314],[133.603628,35.185948],[133.603091,35.185992],[133.601331,35.185274],[133.600718,35.185824],[133.599791,35.186222],[133.598515,35.186338],[133.597385,35.186018],[133.596698,35.185298],[133.59614,35.18537],[133.594523,35.186668],[133.593208,35.187054],[133.592121,35.186392],[133.591354,35.185663],[133.590638,35.184654],[133.588872,35.184172],[133.588559,35.18255],[133.589239,35.181163],[133.588393,35.180834],[133.588087,35.179744],[133.588377,35.179031],[133.587658,35.178324],[133.587539,35.177564],[133.588292,35.175804],[133.587064,35.175351],[133.585982,35.175273],[133.584181,35.175401],[133.582912,35.174726],[133.582036,35.173279],[133.58279,35.172201],[133.582859,35.170263],[133.583069,35.169742],[133.58227,35.169038],[133.582139,35.167342],[133.582371,35.165803],[133.581675,35.164932],[133.582241,35.163826],[133.583591,35.163325],[133.58439,35.161954],[133.585,35.161353],[133.585827,35.16004],[133.586451,35.157801],[133.585308,35.156464],[133.58432,35.155808],[133.58367,35.154864],[133.582799,35.154649],[133.580287,35.152705],[133.578195,35.152088],[133.577497,35.151646],[133.576568,35.150489],[133.576046,35.150609],[133.574769,35.149881],[133.57221,35.149037],[133.571034,35.149085],[133.570294,35.148894],[133.568001,35.149079],[133.569046,35.147564],[133.570733,35.146516],[133.57259,35.145587],[133.57336,35.144633],[133.574991,35.145073],[133.575965,35.14468],[133.577329,35.144752],[133.577475,35.144394],[133.5787,35.1438],[133.579846,35.142071],[133.581197,35.142166],[133.58185,35.1412],[133.58309,35.140853],[133.584803,35.14065],[133.586312,35.139684],[133.587358,35.139518],[133.587797,35.138823],[133.588855,35.138322],[133.590554,35.138227],[133.590699,35.137392],[133.591193,35.136569],[133.590703,35.135379],[133.589309,35.133709],[133.589222,35.132553],[133.588586,35.131265],[133.588034,35.130693],[133.588136,35.129763],[133.58791,35.12864],[133.587097,35.127936],[133.586228,35.127661],[133.58636,35.127029],[133.58588,35.1253],[133.585939,35.124264],[133.585271,35.123227],[133.584646,35.122678],[133.584255,35.120139],[133.583979,35.119041],[133.583796,35.116038],[133.583303,35.115466],[133.582638,35.11372],[133.581087,35.112694],[133.580027,35.112241],[133.579041,35.112456],[133.578329,35.112145],[133.575687,35.112003],[133.575181,35.111053],[133.575269,35.10967],[133.575763,35.108418],[133.574982,35.106885],[133.574866,35.104375],[133.574227,35.10317],[133.574648,35.10124],[133.574242,35.100048],[133.575403,35.099129],[133.576042,35.097784],[133.575825,35.096985],[133.576057,35.09615],[133.574603,35.095345],[133.574835,35.093926],[133.576315,35.092724],[133.576258,35.090911],[133.577085,35.090338],[133.578108,35.09029],[133.578978,35.089729],[133.579283,35.089013],[133.579458,35.087761],[133.580663,35.086735],[133.581591,35.086557],[133.583174,35.087034],[133.584509,35.08639],[133.584234,35.085627],[133.585756,35.084553],[133.58696,35.082767],[133.587859,35.082111],[133.58902,35.081884],[133.588889,35.080674],[133.589238,35.080554],[133.589368,35.079493],[133.58902,35.078146],[133.589049,35.076697],[133.588397,35.07542],[133.588411,35.074814],[133.589427,35.073538],[133.589513,35.0725],[133.588483,35.071272],[133.587387,35.069719],[133.586909,35.06929],[133.586909,35.068622],[133.587475,35.068002],[133.587025,35.066967],[133.587359,35.065774],[133.587229,35.064006],[133.587881,35.063398],[133.587605,35.062837],[133.587634,35.061406],[133.58672,35.060392],[133.586665,35.059535],[133.586057,35.058581],[133.585999,35.057793],[133.58639,35.056839],[133.586202,35.056437],[133.586724,35.055614],[133.585143,35.054791],[133.585723,35.053198],[133.586782,35.052863],[133.586738,35.051862],[133.587594,35.051838],[133.588754,35.050884],[133.588435,35.049283],[133.588668,35.048674],[133.589262,35.048663],[133.59077,35.048066],[133.591104,35.046706],[133.590887,35.045946],[133.589567,35.045004],[133.588827,35.045146],[133.587788,35.043909],[133.586846,35.043491],[133.585671,35.042143],[133.584091,35.041488],[133.583656,35.039558],[133.584511,35.037906],[133.584033,35.037119],[133.584483,35.036558],[133.584381,35.035795],[133.583511,35.035026],[133.583046,35.033475],[133.584062,35.033129],[133.584149,35.032557],[133.583844,35.031399],[133.584483,35.030911],[133.585425,35.03066],[133.586365,35.030097],[133.586843,35.029084],[133.588467,35.028702],[133.589018,35.02783],[133.588976,35.026043],[133.588032,35.024934],[133.58754,35.024696],[133.587887,35.023801],[133.588671,35.024362],[133.589657,35.023789],[133.590956,35.023339],[133.593755,35.022743],[133.594887,35.021956],[133.596235,35.021837],[133.597381,35.022302],[133.599165,35.022064],[133.60031,35.020654],[133.600397,35.020109],[133.599774,35.019321],[133.598658,35.018594],[133.59844,35.017523],[133.597874,35.017106],[133.598338,35.016569],[133.598353,35.015961],[133.599716,35.015411],[133.599216,35.014778],[133.598854,35.013538],[133.59781,35.013299],[133.597201,35.013514],[133.596273,35.012053],[133.595098,35.011635],[133.594997,35.010884],[133.594144,35.009499],[133.593767,35.007987],[133.592506,35.007689],[133.591708,35.007725],[133.591113,35.007403],[133.58946,35.007426],[133.588843,35.006604],[133.587305,35.005363],[133.586914,35.004708],[133.585729,35.001994],[133.585831,35.001362],[133.585228,35.000179],[133.584692,34.999798],[133.583403,34.999702],[133.582953,34.999404],[133.582969,34.998676],[133.583603,34.997772],[133.584197,34.996436],[133.585153,34.996364],[133.587138,34.995709],[133.587798,34.994617],[133.587784,34.993997],[133.588639,34.993043],[133.590508,34.9929],[133.590743,34.993579],[133.591916,34.994103],[133.592293,34.994747],[133.592176,34.996358],[133.592523,34.997109],[133.593712,34.998113],[133.593915,34.99896],[133.594668,35.00001],[133.596207,35.000654],[133.597684,35.001453],[133.599003,35.001121],[133.599539,35.000596],[133.599478,34.999976],[133.599898,34.999165],[133.60139,34.998617],[133.60223,34.997674],[133.603247,34.996964],[133.604783,34.996214],[133.605884,34.996142],[133.606507,34.995808],[133.606782,34.995056],[133.607854,34.994439],[133.607768,34.992852],[133.608652,34.991648],[133.608434,34.990098],[133.607942,34.989371],[133.607406,34.989216],[133.606854,34.988524],[133.606927,34.988071],[133.601605,34.989565],[133.600851,34.988921],[133.600996,34.987657],[133.60141,34.986169],[133.603353,34.985178],[133.603599,34.984596],[133.60496,34.983822],[133.605632,34.983217],[133.606487,34.982858],[133.608312,34.982561],[133.610437,34.981642],[133.612537,34.980008],[133.612882,34.979246],[133.612578,34.978948],[133.610998,34.979008],[133.609959,34.978591],[133.610205,34.977743],[133.610695,34.977278],[133.612259,34.976932],[133.612824,34.976515],[133.614519,34.976419],[133.615476,34.975549],[133.616232,34.975141],[133.617667,34.973686],[133.619158,34.972696],[133.619289,34.971181],[133.618492,34.970048],[133.618217,34.969198],[133.618448,34.96816],[133.619332,34.966764],[133.620013,34.965346],[133.620637,34.965036],[133.621303,34.964117],[133.622013,34.962014],[133.621636,34.961585],[133.620536,34.961538],[133.618223,34.961752],[133.616687,34.961645],[133.615644,34.961764],[133.614514,34.961275],[133.612947,34.961151],[133.611063,34.960412],[133.609357,34.960269],[133.607416,34.9591],[133.607005,34.958156],[133.607135,34.957715],[133.60799,34.956904],[133.607425,34.955973],[133.606135,34.955342],[133.60557,34.954829],[133.604425,34.954435],[133.603528,34.954399],[133.601093,34.954734],[133.600932,34.955827],[133.600134,34.956363],[133.600134,34.957175],[133.600743,34.958641],[133.599976,34.959274],[133.598802,34.959429],[133.597237,34.958999],[133.596367,34.958451],[133.595472,34.957233],[133.595965,34.956613],[133.59698,34.955898],[133.597979,34.954788],[133.598559,34.953786],[133.599688,34.953727],[133.601024,34.952873],[133.602531,34.952348],[133.604067,34.952503],[133.604458,34.95205],[133.604414,34.951043],[133.603269,34.949193],[133.603168,34.948514],[133.603742,34.946326],[133.604698,34.945216],[133.606162,34.942813],[133.606321,34.941489],[133.607419,34.941106],[133.607173,34.939508],[133.607651,34.93921],[133.608622,34.939186],[133.609685,34.938222],[133.610844,34.937567],[133.610888,34.936277],[133.61238,34.936229],[133.613235,34.934966],[133.613031,34.933308],[133.61382,34.932419],[133.614978,34.931883],[133.615587,34.931834],[133.616978,34.932157],[133.617398,34.931811],[133.617456,34.931024],[133.618093,34.929869],[133.618051,34.927227],[133.618152,34.926572],[133.617862,34.924783],[133.618311,34.923935],[133.618616,34.922552],[133.619056,34.921787],[133.620533,34.920977],[133.620533,34.920631],[133.619313,34.919213],[133.619544,34.918282],[133.62008,34.917603],[133.620877,34.915721],[133.619935,34.914146],[133.621194,34.912741],[133.620992,34.910916],[133.621253,34.910391],[133.621325,34.909008],[133.621629,34.908253],[133.621339,34.906989],[133.619907,34.906213],[133.619907,34.905557],[133.618911,34.90488],[133.618288,34.904117],[133.618506,34.903172],[133.618057,34.901944],[133.617247,34.901455],[133.618145,34.900584],[133.619302,34.900203],[133.621784,34.900926],[133.622816,34.900716],[133.624162,34.900781],[133.627665,34.9021],[133.628996,34.902681],[133.630717,34.902337],[133.6315,34.903266],[133.632412,34.903963],[133.632498,34.905028],[133.633175,34.905408],[133.633294,34.906471],[133.633743,34.907937],[133.633483,34.909368],[133.633757,34.909708],[133.634763,34.909243],[133.636362,34.909646],[133.636949,34.910719],[133.637434,34.910975],[133.638606,34.910814],[133.640632,34.911309],[133.642181,34.912419],[133.643078,34.912675],[133.644145,34.912628],[133.644764,34.913063],[133.645394,34.914017],[133.646233,34.914545],[133.649712,34.91515],[133.650068,34.915338],[133.650539,34.916599],[133.650141,34.917524],[133.650524,34.918067],[133.649308,34.919346],[133.649401,34.920234],[133.650429,34.920949],[133.649509,34.92203],[133.649922,34.922679],[133.650125,34.923695],[133.649509,34.924444],[133.648698,34.92627],[133.648184,34.926711],[133.648691,34.927464],[133.648401,34.928309],[133.647655,34.928626],[133.648509,34.93],[133.648125,34.930704],[133.648163,34.931464],[133.646778,34.931643],[133.646568,34.932949],[133.644655,34.934701],[133.644358,34.935494],[133.645002,34.936352],[133.644303,34.937068],[133.644228,34.93762],[133.645575,34.938109],[133.646459,34.938729],[133.646944,34.939481],[133.647777,34.939812],[133.647973,34.940676],[133.649471,34.941315],[133.64974,34.942516],[133.65166,34.942089],[133.653063,34.940799],[133.653392,34.939853],[133.654769,34.939947],[133.65566,34.939466],[133.655919,34.938407],[133.6571,34.938497],[133.658071,34.938246],[133.661185,34.939612],[133.662386,34.939665],[133.665361,34.940734],[133.667061,34.941574],[133.670643,34.942484],[133.671784,34.942367],[133.671934,34.943042],[133.671384,34.944046],[133.670893,34.944276],[133.670994,34.945292],[133.671744,34.944964],[133.672899,34.944928],[133.6735,34.945869],[133.674449,34.945553],[133.675566,34.946567],[133.675316,34.948494],[133.67471,34.949111],[133.674196,34.950091],[133.673611,34.950309],[133.673746,34.950996],[133.675224,34.951378],[133.676059,34.950468],[133.676815,34.950749],[133.677178,34.951372],[133.678048,34.951756],[133.679241,34.951729],[133.680734,34.952065],[133.681446,34.951923],[133.682323,34.951381],[133.683207,34.95038],[133.684489,34.949509],[133.685298,34.949263],[133.686814,34.947876],[133.687883,34.947437],[133.689131,34.947484],[133.68976,34.947853],[133.692225,34.94812],[133.695134,34.948934],[133.695659,34.949366],[133.696877,34.949786],[133.698646,34.950944],[133.700229,34.952441],[133.701649,34.953547],[133.702751,34.953793],[133.703451,34.954562],[133.703272,34.955085],[133.703664,34.956565],[133.704298,34.95724],[133.704305,34.958445],[133.70536,34.959796],[133.706215,34.959801],[133.708461,34.960213],[133.709767,34.959825],[133.710192,34.959443],[133.711026,34.957606],[133.711823,34.957734],[133.712944,34.957494],[133.713648,34.957705],[133.714364,34.956701],[133.715481,34.956497],[133.715836,34.956181],[133.717253,34.955884],[133.716929,34.955358],[133.718921,34.954292],[133.719575,34.954139],[133.721031,34.953252],[133.72148,34.952706],[133.721079,34.951948],[133.720994,34.950443],[133.721322,34.94951],[133.722,34.948905],[133.723041,34.949211],[133.723848,34.948747],[133.725012,34.949217],[133.727396,34.949934],[133.728918,34.950211],[133.732157,34.949881],[133.733763,34.950257],[133.73454,34.9494],[133.736683,34.948148],[133.73719,34.947625],[133.737983,34.947737],[133.738691,34.947375],[133.739843,34.947143],[133.742225,34.94564],[133.743044,34.94584],[133.743703,34.947161],[133.744537,34.947367],[133.745573,34.947038],[133.746956,34.946222],[133.747774,34.945105],[133.748347,34.944998],[133.750107,34.945591],[133.750447,34.946331],[133.751244,34.94716],[133.751954,34.947434],[133.752657,34.948466],[133.753884,34.949783],[133.754565,34.94998],[133.755509,34.949776],[133.755825,34.950308],[133.754941,34.951006],[133.755413,34.952061],[133.75768,34.952795],[133.759354,34.952972],[133.760669,34.952588],[133.761893,34.952487],[133.763893,34.954986],[133.765146,34.955475],[133.765551,34.956203],[133.766456,34.956827],[133.767781,34.956783],[133.768861,34.957066],[133.769629,34.957829],[133.770448,34.959243],[133.771469,34.960281],[133.772273,34.960782],[133.773057,34.960865],[133.77386,34.960376],[133.775268,34.960657],[133.775453,34.960991],[133.776644,34.960884],[133.777283,34.961243],[133.778194,34.961187],[133.779821,34.961439],[133.780995,34.961301],[133.78228,34.960258],[133.782381,34.959316],[133.783917,34.958946],[133.78527,34.95736],[133.784777,34.956123],[133.785212,34.955437],[133.786147,34.954782],[133.786755,34.954794],[133.787985,34.955711],[133.789217,34.955687],[133.789821,34.956333],[133.789684,34.956814],[133.791155,34.958988],[133.793332,34.95943],[133.795244,34.959448],[133.796625,34.959958],[133.797526,34.959913],[133.7992,34.959251],[133.799743,34.958351],[133.800197,34.956645],[133.800204,34.955291],[133.800014,34.954048],[133.8006,34.953251],[133.802915,34.952683],[133.803824,34.951931],[133.804722,34.951627],[133.806207,34.951412],[133.808786,34.951484],[133.808783,34.952829],[133.809508,34.953826],[133.809349,34.954511],[133.808102,34.954786],[133.808112,34.955809],[133.807873,34.956632],[133.808148,34.957055],[133.807822,34.957723],[133.807623,34.959064],[133.80663,34.960018],[133.806369,34.960782],[133.80534,34.960954],[133.804751,34.96221],[133.803309,34.963134],[133.802324,34.965772],[133.802998,34.966338],[133.805175,34.968608],[133.804835,34.970376],[133.805288,34.971105],[133.804256,34.971611],[133.804069,34.972769],[133.804648,34.974881],[133.804033,34.976509],[133.803865,34.978141],[133.803264,34.97903],[133.802257,34.979716],[133.801156,34.980187],[133.79535,34.981966],[133.794104,34.98252],[133.793496,34.983067],[133.792249,34.984713],[133.79146,34.985476],[133.78891,34.987015],[133.788316,34.987558],[133.787461,34.989001],[133.787324,34.989924],[133.788247,34.990578],[133.788421,34.991013],[133.787861,34.992789],[133.788364,34.994177],[133.787408,34.99528],[133.786292,34.995936],[133.786538,34.997039],[133.786193,34.997568],[133.786956,35.000069],[133.787453,35.000992],[133.787424,35.002083],[133.786874,35.002769],[133.785918,35.003085],[133.786055,35.004121],[133.786652,35.005366],[133.787303,35.00566],[133.787254,35.006146],[133.787993,35.006379],[133.788695,35.006984],[133.788544,35.0075],[133.788979,35.008967],[133.78958,35.009716],[133.788936,35.011681],[133.788363,35.011824],[133.788254,35.013259],[133.788491,35.013937],[133.787659,35.014983],[133.787014,35.01512],[133.786956,35.015836],[133.786469,35.016332],[133.785657,35.015927],[133.784968,35.015909],[133.783982,35.017085],[133.784453,35.017918],[133.784735,35.01959],[133.785025,35.019983],[133.78593,35.019762],[133.78794,35.019922],[133.7891,35.020493],[133.792031,35.020781],[133.793016,35.021649],[133.794669,35.021286],[133.796325,35.021274],[133.797005,35.022033],[133.798145,35.021936],[133.798615,35.021448],[133.800021,35.021425],[133.801133,35.022001],[133.801767,35.022639],[133.802383,35.022258],[133.803318,35.023134],[133.803964,35.024058],[133.805257,35.025017],[133.805111,35.026342],[133.808086,35.026496],[133.808809,35.027195],[133.81002,35.026855],[133.811212,35.026918],[133.811668,35.027533],[133.811899,35.029599],[133.812408,35.029945],[133.81396,35.030329],[133.815098,35.030939],[133.815351,35.031303],[133.814576,35.031971],[133.816323,35.033371],[133.816113,35.033766],[133.817124,35.034201],[133.818749,35.034434],[133.818716,35.035267],[133.819336,35.035674],[133.81893,35.037237],[133.819423,35.037893],[133.819213,35.038239],[133.817965,35.038459],[133.816986,35.038936],[133.817124,35.04032],[133.816843,35.041295],[133.816829,35.042315],[133.815284,35.042977],[133.815379,35.043597],[133.817525,35.043996],[133.818056,35.044627],[133.819151,35.044866],[133.819582,35.043869],[133.820786,35.042301],[133.821859,35.042014],[133.823023,35.042249],[133.823473,35.043406],[133.824766,35.043863],[133.826095,35.044611],[133.824326,35.045541],[133.823202,35.046573],[133.822636,35.046818],[133.822036,35.04784],[133.82236,35.048254],[133.822237,35.049352],[133.821671,35.050139],[133.821838,35.05095],[133.823049,35.051362],[133.823048,35.052285],[133.82402,35.052512],[133.824426,35.053508],[133.824382,35.054033],[133.823777,35.055154],[133.823939,35.055848],[133.823689,35.058268],[133.824342,35.058701],[133.824008,35.059561],[133.82429,35.060299],[133.823783,35.061241],[133.82305,35.064648],[133.822361,35.066439],[133.82139,35.066856],[133.821211,35.067829],[133.822806,35.068061],[133.823037,35.068737],[133.823803,35.069239],[133.823781,35.069776],[133.824449,35.070831],[133.825217,35.070992],[133.825787,35.071483],[133.82601,35.07285],[133.827135,35.073372],[133.827649,35.074281],[133.828635,35.075211],[133.828824,35.077481],[133.831327,35.079814],[133.831994,35.080583],[133.83364,35.081782],[133.834663,35.081698],[133.835443,35.082324],[133.835471,35.083452],[133.835749,35.08407],[133.835169,35.084827],[133.835771,35.087075],[133.832032,35.088253],[133.832192,35.089696],[133.832984,35.089774],[133.833869,35.092057],[133.833884,35.092635],[133.834475,35.093654],[133.834864,35.09378],[133.835343,35.095508],[133.83612,35.095953],[133.835851,35.096367],[133.836548,35.098699],[133.837253,35.098818],[133.838175,35.098419],[133.840941,35.099066],[133.841318,35.099554],[133.842473,35.099733],[133.844011,35.100401],[133.845601,35.101508]]]]}},
  {"type":"Feature","properties":{"name":"美作市","code":"33215"},"geometry":{"type":"MultiPolygon","coordinates":[[[[134.254203,34.946004],[134.255371,34.946699],[134.256698,34.946929],[134.257768,34.947777],[134.258522,34.948972],[134.258869,34.95007],[134.259716,34.950942],[134.25999,34.952306],[134.262233,34.952402],[134.262952,34.952183],[134.264507,34.953049],[134.26535,34.953717],[134.266699,34.954431],[134.266938,34.955043],[134.26693,34.956232],[134.267341,34.957456],[134.268642,34.958057],[134.269614,34.959211],[134.271301,34.959408],[134.272619,34.960003],[134.274282,34.962125],[134.275286,34.962096],[134.275612,34.962722],[134.276861,34.963049],[134.276956,34.96333],[134.275518,34.964434],[134.275198,34.965039],[134.274296,34.965751],[134.27342,34.967551],[134.274581,34.968116],[134.274961,34.968786],[134.274652,34.969144],[134.275056,34.970086],[134.274575,34.971223],[134.275509,34.972468],[134.275817,34.973816],[134.276262,34.974772],[134.277075,34.975789],[134.2769,34.976971],[134.276591,34.977135],[134.273752,34.977022],[134.273479,34.977927],[134.272488,34.97879],[134.271931,34.978936],[134.270876,34.978356],[134.27022,34.978306],[134.269583,34.978694],[134.27026,34.980379],[134.271142,34.981711],[134.270594,34.982904],[134.271089,34.983902],[134.271951,34.984026],[134.272499,34.984441],[134.27367,34.986064],[134.275586,34.986098],[134.276184,34.986492],[134.277556,34.98683],[134.277837,34.987107],[134.278163,34.988796],[134.279009,34.991143],[134.281043,34.991867],[134.282889,34.993312],[134.283077,34.994023],[134.283723,34.994521],[134.286125,34.995264],[134.286579,34.995697],[134.28645,34.996591],[134.285544,34.996897],[134.282859,34.996553],[134.282365,34.996593],[134.280775,34.997876],[134.279481,34.999766],[134.278778,35.000044],[134.278971,35.001015],[134.27818,35.001401],[134.277225,35.000783],[134.276591,35.000888],[134.27593,35.002025],[134.274638,35.002677],[134.271686,35.002977],[134.271376,35.003202],[134.26881,35.003712],[134.268476,35.003909],[134.267842,35.005158],[134.267071,35.005401],[134.265762,35.004967],[134.26522,35.005532],[134.265777,35.006082],[134.265921,35.007727],[134.266659,35.008185],[134.266435,35.008914],[134.265755,35.009551],[134.265654,35.010681],[134.263929,35.010788],[134.263401,35.011347],[134.264174,35.012635],[134.265476,35.013051],[134.266251,35.012644],[134.267238,35.012676],[134.268062,35.012284],[134.268402,35.01276],[134.26608,35.013476],[134.265126,35.014274],[134.264503,35.015776],[134.264438,35.016692],[134.266232,35.017528],[134.267136,35.017313],[134.268623,35.01803],[134.26774,35.0198],[134.267598,35.021538],[134.26821,35.022081],[134.270322,35.022527],[134.271421,35.023201],[134.272601,35.023696],[134.273718,35.023417],[134.275208,35.02331],[134.276348,35.024657],[134.276051,35.025639],[134.277012,35.026712],[134.277519,35.027801],[134.277823,35.028958],[134.278823,35.029269],[134.278634,35.029958],[134.27967,35.030637],[134.279918,35.032192],[134.281588,35.033616],[134.281475,35.034374],[134.280766,35.035544],[134.281172,35.036876],[134.281591,35.037232],[134.28348,35.037978],[134.284893,35.03784],[134.285497,35.036825],[134.286589,35.036379],[134.28754,35.036724],[134.288394,35.037366],[134.289457,35.03692],[134.290264,35.037319],[134.292047,35.037426],[134.29277,35.037721],[134.292667,35.039001],[134.293147,35.03974],[134.293793,35.039925],[134.294162,35.040871],[134.295356,35.041698],[134.295992,35.041275],[134.296567,35.041545],[134.297001,35.043009],[134.297787,35.043107],[134.299529,35.042611],[134.300444,35.042759],[134.301109,35.042354],[134.301366,35.041517],[134.302458,35.040486],[134.304221,35.040479],[134.305305,35.040169],[134.307604,35.041805],[134.306867,35.042586],[134.307124,35.043269],[134.306271,35.043911],[134.307736,35.045502],[134.308886,35.045502],[134.309392,35.045098],[134.311934,35.045282],[134.312777,35.04461],[134.313435,35.045086],[134.314159,35.044396],[134.316332,35.0432],[134.316874,35.043529],[134.317144,35.045259],[134.316437,35.045819],[134.317174,35.046818],[134.316771,35.047556],[134.316104,35.047742],[134.315465,35.048376],[134.314986,35.049864],[134.314335,35.050792],[134.315174,35.051978],[134.314632,35.052581],[134.314575,35.05381],[134.315157,35.054552],[134.314703,35.056339],[134.315243,35.05757],[134.314292,35.058393],[134.314703,35.059301],[134.31454,35.060904],[134.315276,35.061159],[134.316865,35.063479],[134.316445,35.064049],[134.317177,35.065647],[134.318191,35.065924],[134.319554,35.067116],[134.321159,35.067497],[134.321731,35.068803],[134.321254,35.069654],[134.321287,35.070385],[134.320689,35.072039],[134.321654,35.072747],[134.321191,35.073386],[134.320908,35.074518],[134.320043,35.075281],[134.320103,35.075809],[134.320776,35.076245],[134.320053,35.076611],[134.31994,35.077743],[134.319452,35.078583],[134.319412,35.079177],[134.319879,35.08012],[134.320074,35.081825],[134.31891,35.083091],[134.319083,35.083443],[134.320899,35.084029],[134.322204,35.084207],[134.324783,35.08573],[134.326548,35.085861],[134.327318,35.085569],[134.328208,35.085641],[134.330737,35.087138],[134.33198,35.087391],[134.332841,35.086153],[134.334193,35.086927],[134.335529,35.087956],[134.33582,35.088455],[134.336539,35.088751],[134.337119,35.090124],[134.337179,35.091362],[134.338053,35.090782],[134.339055,35.089186],[134.340217,35.088746],[134.341206,35.088932],[134.341541,35.089579],[134.342139,35.089951],[134.343826,35.09017],[134.344577,35.090064],[134.345348,35.090367],[134.346247,35.090356],[134.347244,35.091021],[134.347997,35.090529],[134.349551,35.090223],[134.350348,35.091037],[134.350061,35.092231],[134.350656,35.092845],[134.350001,35.094252],[134.35115,35.095807],[134.351241,35.096381],[134.352338,35.096371],[134.353164,35.096881],[134.353305,35.097655],[134.354166,35.097982],[134.354273,35.098453],[134.355044,35.098999],[134.355031,35.099428],[134.353886,35.100349],[134.354027,35.101137],[134.353329,35.102055],[134.353761,35.103311],[134.35347,35.103812],[134.353414,35.105325],[134.35243,35.106397],[134.352349,35.107463],[134.352494,35.108724],[134.352284,35.1111],[134.352952,35.113466],[134.353457,35.114347],[134.354338,35.11496],[134.355383,35.115266],[134.356811,35.117167],[134.357599,35.117246],[134.358286,35.118358],[134.36073,35.120349],[134.360248,35.121266],[134.360411,35.121953],[134.360153,35.122955],[134.359148,35.123694],[134.357502,35.124311],[134.356252,35.124334],[134.35643,35.124824],[134.357472,35.125987],[134.359283,35.12729],[134.359718,35.128236],[134.36052,35.129305],[134.360506,35.131636],[134.360941,35.132132],[134.360886,35.132729],[134.360028,35.133388],[134.360845,35.133888],[134.362421,35.134508],[134.363294,35.135526],[134.36306,35.136343],[134.361837,35.13748],[134.362204,35.138584],[134.362693,35.139091],[134.362476,35.140093],[134.363364,35.141303],[134.364038,35.141928],[134.364323,35.14257],[134.365184,35.143174],[134.365532,35.143854],[134.36613,35.144101],[134.36685,35.145396],[134.367393,35.146961],[134.369349,35.147284],[134.370254,35.147169],[134.37136,35.147739],[134.371822,35.148999],[134.373996,35.150156],[134.374716,35.150869],[134.375925,35.150655],[134.377118,35.149335],[134.377564,35.14912],[134.379532,35.149152],[134.379919,35.150756],[134.381461,35.151661],[134.382374,35.151944],[134.383085,35.15249],[134.385802,35.152096],[134.387541,35.151657],[134.388258,35.151263],[134.389144,35.151815],[134.390122,35.15186],[134.391535,35.152558],[134.393173,35.152251],[134.39432,35.152738],[134.395761,35.152259],[134.397472,35.152141],[134.399132,35.151299],[134.403884,35.148673],[134.407021,35.147331],[134.408686,35.14787],[134.408622,35.148396],[134.409223,35.149743],[134.410012,35.150788],[134.411632,35.151963],[134.412343,35.153633],[134.412253,35.15445],[134.412533,35.157091],[134.413161,35.158619],[134.412417,35.159223],[134.411098,35.161251],[134.411136,35.162286],[134.41083,35.162911],[134.40949,35.16342],[134.407774,35.163878],[134.407289,35.165261],[134.406341,35.165391],[134.406184,35.165777],[134.406548,35.166823],[134.406489,35.168086],[134.406977,35.168684],[134.407133,35.169853],[134.408224,35.170501],[134.408251,35.171466],[134.409543,35.17259],[134.410919,35.175193],[134.411903,35.17611],[134.412633,35.17765],[134.412693,35.178223],[134.412281,35.179132],[134.412603,35.180657],[134.412494,35.184223],[134.412069,35.185457],[134.411083,35.186967],[134.409696,35.186948],[134.408745,35.187341],[134.406459,35.187647],[134.40299,35.187707],[134.401409,35.187516],[134.399674,35.187625],[134.398698,35.188766],[134.396664,35.189907],[134.395182,35.190557],[134.39475,35.191354],[134.392696,35.192228],[134.391985,35.192714],[134.391367,35.192457],[134.389808,35.192418],[134.388948,35.192228],[134.386735,35.192763],[134.385719,35.193398],[134.384389,35.193614],[134.382993,35.194439],[134.381585,35.194129],[134.381145,35.193283],[134.380921,35.191197],[134.379892,35.189945],[134.379659,35.189142],[134.378971,35.188315],[134.379331,35.186907],[134.379062,35.186383],[134.377903,35.186051],[134.377241,35.185279],[134.376493,35.184821],[134.376148,35.183832],[134.375529,35.183591],[134.374116,35.182476],[134.371924,35.18211],[134.371685,35.181946],[134.370633,35.180046],[134.369409,35.179444],[134.369123,35.178763],[134.369131,35.177848],[134.368272,35.177264],[134.366906,35.176722],[134.366151,35.175928],[134.365086,35.17598],[134.364268,35.175776],[134.36161,35.174375],[134.360816,35.174154],[134.360368,35.173614],[134.35973,35.172101],[134.357883,35.17056],[134.358093,35.169853],[134.356972,35.168434],[134.355529,35.167106],[134.355315,35.166216],[134.354806,35.165351],[134.35341,35.164697],[134.352355,35.164714],[134.350954,35.164245],[134.349623,35.163198],[134.345721,35.161455],[134.345833,35.160861],[134.345568,35.159459],[134.344808,35.158499],[134.344315,35.157364],[134.343536,35.156611],[134.342422,35.156543],[134.341013,35.155425],[134.341586,35.153844],[134.340521,35.151904],[134.340561,35.150677],[134.339203,35.149292],[134.339292,35.148406],[134.338428,35.147344],[134.337681,35.147197],[134.336358,35.146385],[134.334529,35.145069],[134.333996,35.14441],[134.333361,35.144923],[134.331907,35.145125],[134.33127,35.145536],[134.32847,35.145958],[134.327001,35.146612],[134.325807,35.146938],[134.323433,35.147901],[134.321867,35.147895],[134.320753,35.146916],[134.320373,35.148053],[134.319408,35.149224],[134.318878,35.150159],[134.317988,35.15075],[134.317414,35.151861],[134.316936,35.151949],[134.31411,35.151938],[134.312941,35.152658],[134.311012,35.152433],[134.30983,35.153232],[134.308499,35.153728],[134.305198,35.154583],[134.303051,35.156396],[134.30172,35.157308],[134.301048,35.15732],[134.2999,35.156216],[134.298568,35.157274],[134.297413,35.15759],[134.296501,35.157489],[134.296163,35.157974],[134.295253,35.158468],[134.293745,35.158461],[134.292855,35.159807],[134.292687,35.160764],[134.291658,35.162181],[134.290278,35.163556],[134.289839,35.1647],[134.289915,35.166886],[134.288954,35.168179],[134.288834,35.169852],[134.287953,35.171556],[134.287471,35.171858],[134.287297,35.173215],[134.288164,35.174866],[134.289353,35.175571],[134.28972,35.176488],[134.289278,35.177372],[134.288427,35.177516],[134.28774,35.178324],[134.286259,35.178792],[134.285345,35.179911],[134.283979,35.180818],[134.283073,35.181899],[134.282924,35.182368],[134.283342,35.184499],[134.283943,35.185505],[134.283798,35.187611],[134.283316,35.188178],[134.281298,35.18969],[134.280293,35.190783],[134.280538,35.191333],[134.280165,35.19205],[134.280247,35.192768],[134.280069,35.194299],[134.280595,35.195016],[134.280704,35.195947],[134.281335,35.196703],[134.278461,35.196871],[134.277469,35.19754],[134.276023,35.198869],[134.275903,35.199576],[134.274339,35.200605],[134.272951,35.200865],[134.271223,35.200714],[134.269701,35.202323],[134.269242,35.203412],[134.26854,35.203927],[134.267973,35.208419],[134.266978,35.208563],[134.265719,35.208378],[134.2635,35.208799],[134.262263,35.21003],[134.260902,35.210457],[134.260472,35.210976],[134.259645,35.20998],[134.258463,35.209445],[134.25693,35.20912],[134.256158,35.208626],[134.255324,35.208634],[134.254099,35.208293],[134.253458,35.206908],[134.252354,35.205684],[134.251858,35.204476],[134.251993,35.202933],[134.251257,35.20259],[134.250212,35.201035],[134.249759,35.200681],[134.247673,35.20003],[134.247051,35.20001],[134.245773,35.199444],[134.244237,35.198455],[134.242256,35.198294],[134.241402,35.199003],[134.23662,35.199395],[134.234682,35.199262],[134.233444,35.198506],[134.232556,35.197368],[134.231454,35.19722],[134.227629,35.197115],[134.227168,35.195999],[134.225639,35.195403],[134.225742,35.194589],[134.226289,35.194105],[134.225606,35.19299],[134.223308,35.192814],[134.221618,35.190422],[134.219961,35.190639],[134.217656,35.190226],[134.21652,35.189489],[134.216735,35.188057],[134.216652,35.186656],[134.217006,35.185368],[134.218339,35.185236],[134.219157,35.183343],[134.219176,35.182297],[134.21953,35.181391],[134.220509,35.180522],[134.221916,35.17994],[134.221723,35.179038],[134.222191,35.178796],[134.223331,35.177588],[134.22437,35.177214],[134.224711,35.175711],[134.223267,35.175064],[134.222021,35.174169],[134.221553,35.173055],[134.222168,35.171926],[134.221677,35.17009],[134.222076,35.167676],[134.221669,35.165164],[134.221216,35.16471],[134.223249,35.163433],[134.224183,35.162058],[134.224949,35.161522],[134.22591,35.160494],[134.226534,35.160151],[134.226983,35.158251],[134.228523,35.157482],[134.228596,35.155759],[134.227073,35.154181],[134.2272,35.153393],[134.226756,35.152004],[134.226373,35.151744],[134.227627,35.150292],[134.228627,35.148881],[134.227447,35.14697],[134.2263,35.145573],[134.225533,35.143593],[134.224313,35.14368],[134.223046,35.143406],[134.22344,35.142333],[134.22312,35.141467],[134.223113,35.140656],[134.223597,35.136871],[134.224504,35.135913],[134.225144,35.134143],[134.226017,35.133354],[134.226964,35.133228],[134.227951,35.132609],[134.229171,35.132511],[134.229958,35.131991],[134.230078,35.131361],[134.231318,35.130501],[134.231571,35.129734],[134.231391,35.128901],[134.231944,35.128252],[134.231831,35.126874],[134.231074,35.12608],[134.230454,35.124316],[134.228828,35.124004],[134.226885,35.123464],[134.224934,35.122588],[134.224481,35.121451],[134.223361,35.120293],[134.225704,35.119046],[134.225711,35.116568],[134.226551,35.116047],[134.227998,35.115524],[134.229518,35.115732],[134.230305,35.115519],[134.231248,35.11424],[134.232455,35.113643],[134.232495,35.113308],[134.23121,35.11199],[134.231175,35.110717],[134.230773,35.110007],[134.229355,35.109381],[134.228261,35.109424],[134.225673,35.108249],[134.224851,35.108208],[134.224511,35.107573],[134.222964,35.107315],[134.222204,35.106888],[134.221898,35.105888],[134.222024,35.105335],[134.221051,35.104738],[134.219601,35.104513],[134.219128,35.104212],[134.219474,35.102314],[134.218531,35.101676],[134.218191,35.100076],[134.214984,35.100109],[134.213924,35.099249],[134.212762,35.099049],[134.212297,35.098624],[134.21121,35.098208],[134.21043,35.097425],[134.209877,35.097545],[134.208163,35.096077],[134.20671,35.096729],[134.20689,35.098222],[134.206463,35.099323],[134.20657,35.10035],[134.207523,35.102043],[134.208023,35.10413],[134.20713,35.104015],[134.206373,35.102807],[134.205493,35.102675],[134.20418,35.101503],[134.20298,35.100747],[134.201543,35.100621],[134.198952,35.100166],[134.198772,35.101114],[134.199373,35.102163],[134.199486,35.103762],[134.198672,35.103806],[134.198319,35.103105],[134.196726,35.101475],[134.195582,35.1015],[134.195216,35.100974],[134.195309,35.10024],[134.194556,35.099966],[134.194746,35.099191],[134.193359,35.09895],[134.192279,35.098977],[134.191426,35.098347],[134.190342,35.097942],[134.189776,35.09706],[134.190096,35.096307],[134.189602,35.095408],[134.190296,35.09463],[134.190209,35.093258],[134.190769,35.091758],[134.189902,35.091831],[134.189235,35.092456],[134.187675,35.09228],[134.186515,35.091368],[134.185222,35.090793],[134.184608,35.090026],[134.183155,35.089369],[134.181475,35.089977],[134.179671,35.091069],[134.178678,35.091847],[134.177544,35.092461],[134.176304,35.092286],[134.175811,35.091644],[134.175201,35.090336],[134.174407,35.089837],[134.174201,35.088774],[134.173554,35.088402],[134.173441,35.087638],[134.173741,35.086701],[134.172315,35.085179],[134.173083,35.084423],[134.171947,35.083541],[134.171912,35.082915],[134.173059,35.08166],[134.17261,35.081287],[134.172404,35.080151],[134.171411,35.079624],[134.170898,35.079033],[134.170073,35.076804],[134.170237,35.076556],[134.171954,35.075839],[134.174338,35.074569],[134.175158,35.074366],[134.175679,35.073813],[134.176628,35.073904],[134.176697,35.073238],[134.177352,35.072707],[134.176583,35.072052],[134.176601,35.071065],[134.177524,35.070565],[134.177671,35.069886],[134.177223,35.068576],[134.177917,35.068336],[134.180125,35.068106],[134.182646,35.068017],[134.183478,35.067461],[134.184126,35.066721],[134.184026,35.066166],[134.185867,35.064769],[134.185959,35.064146],[134.184985,35.06287],[134.184771,35.062239],[134.183491,35.062603],[134.182553,35.062397],[134.181157,35.062934],[134.180307,35.062689],[134.179557,35.063035],[134.178913,35.062787],[134.177689,35.06284],[134.176889,35.062461],[134.176734,35.061732],[134.177136,35.061314],[134.176971,35.060426],[134.177163,35.059367],[134.178639,35.058008],[134.179059,35.057258],[134.179224,35.055906],[134.178986,35.055418],[134.179082,35.054164],[134.179429,35.053838],[134.180836,35.053395],[134.180832,35.052494],[134.179667,35.051293],[134.179498,35.050399],[134.177865,35.048876],[134.177451,35.04669],[134.176617,35.046513],[134.176088,35.045229],[134.173846,35.044216],[134.172283,35.043793],[134.171274,35.044417],[134.170003,35.044444],[134.168963,35.044718],[134.16781,35.044726],[134.165789,35.045731],[134.164196,35.045795],[134.16333,35.04567],[134.161929,35.046452],[134.160978,35.047727],[134.160707,35.048368],[134.159596,35.049439],[134.158822,35.049716],[134.158415,35.048449],[134.156296,35.047331],[134.155553,35.047197],[134.152627,35.047278],[134.151406,35.046796],[134.150417,35.046915],[134.149335,35.046767],[134.14909,35.047721],[134.146414,35.0481],[134.144571,35.047813],[134.142511,35.047981],[134.140187,35.048716],[134.139277,35.048201],[134.138218,35.048865],[134.136997,35.048511],[134.135755,35.047191],[134.135795,35.04647],[134.136508,35.045084],[134.136584,35.043158],[134.137829,35.042308],[134.138515,35.040458],[134.138509,35.039368],[134.137886,35.03842],[134.138579,35.037821],[134.138219,35.037117],[134.136689,35.035373],[134.136805,35.035105],[134.13816,35.034484],[134.138829,35.034369],[134.139539,35.033585],[134.138608,35.032419],[134.138758,35.03018],[134.139824,35.027506],[134.139592,35.026423],[134.139621,35.023238],[134.140156,35.022764],[134.140107,35.021731],[134.138969,35.020351],[134.138713,35.018525],[134.137297,35.019131],[134.134741,35.019127],[134.133914,35.019557],[134.132675,35.019381],[134.131859,35.018538],[134.130791,35.017946],[134.128865,35.017822],[134.12826,35.018539],[134.126876,35.017957],[134.124987,35.017701],[134.122961,35.018467],[134.122143,35.019151],[134.120961,35.018819],[134.120053,35.017982],[134.119079,35.01766],[134.118565,35.016601],[134.118143,35.016258],[134.115838,35.016352],[134.114042,35.015447],[134.112027,35.015123],[134.110981,35.014568],[134.109701,35.015073],[134.108762,35.015098],[134.108524,35.016108],[134.107038,35.016011],[134.107634,35.014765],[134.105587,35.014807],[134.103864,35.016117],[134.103305,35.016199],[134.102715,35.017142],[134.101979,35.017336],[134.10005,35.017243],[134.09933,35.016428],[134.098696,35.016144],[134.098288,35.015528],[134.097141,35.014977],[134.096223,35.01488],[134.096015,35.014166],[134.095342,35.013729],[134.094976,35.014131],[134.093671,35.013903],[134.0932,35.013599],[134.091689,35.013221],[134.090149,35.013087],[134.089151,35.01209],[134.08813,35.011661],[134.088125,35.010363],[134.087478,35.009591],[134.087824,35.008591],[134.08852,35.008111],[134.088875,35.007113],[134.089585,35.007156],[134.089993,35.006585],[134.09068,35.003346],[134.089687,35.002019],[134.090309,35.00113],[134.09032,34.999688],[134.088907,34.999165],[134.088061,34.99846],[134.086967,34.996881],[134.086761,34.995226],[134.086233,34.994659],[134.086326,34.993149],[134.087083,34.992726],[134.087286,34.991927],[134.088246,34.991102],[134.088352,34.990071],[134.087489,34.989153],[134.08702,34.987766],[134.088733,34.987124],[134.090041,34.987952],[134.090777,34.987698],[134.091563,34.988024],[134.091859,34.98739],[134.092824,34.986912],[134.093675,34.986933],[134.093865,34.988328],[134.094284,34.989419],[134.094914,34.989952],[134.094686,34.991753],[134.095688,34.992891],[134.096313,34.993965],[134.097852,34.995729],[134.098825,34.995889],[134.099908,34.996439],[134.100488,34.996232],[134.101888,34.994892],[134.101989,34.994553],[134.104132,34.99306],[134.106222,34.992227],[134.106231,34.991318],[134.108198,34.99103],[134.109112,34.992206],[134.110821,34.992282],[134.110051,34.991153],[134.109311,34.989729],[134.107014,34.988781],[134.106116,34.989158],[134.105609,34.989864],[134.104289,34.989512],[134.103156,34.989864],[134.101873,34.989792],[134.10145,34.988971],[134.099788,34.988434],[134.09953,34.986642],[134.099153,34.985969],[134.09964,34.985551],[134.099966,34.983872],[134.101243,34.983644],[134.102543,34.982781],[134.103638,34.98265],[134.104623,34.982806],[134.105313,34.982274],[134.105507,34.981623],[134.104514,34.981601],[134.102758,34.981128],[134.10159,34.981023],[134.101048,34.978477],[134.100934,34.976703],[134.101176,34.976274],[134.100267,34.975954],[134.100353,34.975076],[134.10165,34.974367],[134.103158,34.975093],[134.10364,34.976233],[134.104947,34.976779],[134.105732,34.976783],[134.106863,34.975971],[134.107091,34.975522],[134.106254,34.974944],[134.106779,34.974415],[134.107039,34.972473],[134.104778,34.972165],[134.103328,34.971321],[134.101889,34.969901],[134.10108,34.969559],[134.10025,34.96875],[134.100248,34.967497],[134.099678,34.966332],[134.097788,34.965593],[134.097143,34.965965],[134.09507,34.965821],[134.094179,34.964817],[134.093336,34.964724],[134.09245,34.965162],[134.091636,34.96519],[134.09041,34.964635],[134.08833,34.963926],[134.088541,34.963524],[134.089699,34.962941],[134.091997,34.963471],[134.092361,34.962654],[134.091991,34.961336],[134.092651,34.960207],[134.093529,34.959805],[134.092833,34.959013],[134.092275,34.957361],[134.092773,34.956726],[134.092773,34.95614],[134.093576,34.955495],[134.094473,34.955386],[134.095214,34.954783],[134.097262,34.953945],[134.098673,34.954397],[134.099637,34.954304],[134.099888,34.953798],[134.101203,34.953789],[134.101659,34.952831],[134.102675,34.952585],[134.102754,34.951931],[134.10352,34.951332],[134.103663,34.950474],[134.104398,34.950068],[134.104043,34.949172],[134.10532,34.947682],[134.10645,34.946891],[134.106296,34.945966],[134.1071,34.945142],[134.107263,34.944572],[134.107965,34.944148],[134.107739,34.943104],[134.109803,34.940766],[134.110569,34.940236],[134.111942,34.939934],[134.113671,34.938465],[134.116236,34.93779],[134.116996,34.937455],[134.119016,34.937091],[134.119986,34.935706],[134.120924,34.935875],[134.121515,34.935394],[134.121891,34.9345],[134.121566,34.932404],[134.121141,34.931629],[134.12058,34.931371],[134.117973,34.931217],[134.116421,34.931412],[134.114861,34.932057],[134.1122,34.932606],[134.112066,34.931559],[134.112226,34.930414],[134.111156,34.930312],[134.10967,34.92953],[134.108396,34.929083],[134.107525,34.928283],[134.108428,34.927351],[134.108802,34.925482],[134.105123,34.924929],[134.103878,34.924486],[134.102864,34.92351],[134.102436,34.92268],[134.104593,34.922141],[134.105333,34.921796],[134.105413,34.920259],[134.104661,34.918753],[134.10529,34.917493],[134.105901,34.916839],[134.1058,34.915936],[134.106235,34.915047],[134.107798,34.915318],[134.109553,34.913605],[134.110066,34.912047],[134.109573,34.91118],[134.110068,34.910771],[134.110897,34.910875],[134.112423,34.912183],[134.113537,34.912521],[134.114234,34.912186],[134.115304,34.913017],[134.115479,34.91362],[134.116793,34.913763],[134.117973,34.913586],[134.118944,34.914285],[134.120162,34.916074],[134.121759,34.916184],[134.122167,34.916769],[134.123205,34.914737],[134.123594,34.914317],[134.124981,34.914399],[134.127355,34.913576],[134.128029,34.912313],[134.12773,34.91118],[134.12585,34.909719],[134.126042,34.909073],[134.125426,34.907806],[134.126509,34.905369],[134.12682,34.904365],[134.126954,34.902867],[134.126678,34.900722],[134.125298,34.90018],[134.124873,34.899147],[134.125454,34.8968],[134.124918,34.896146],[134.125744,34.895075],[134.124732,34.894109],[134.124584,34.892833],[134.125009,34.892273],[134.124357,34.890559],[134.125953,34.890212],[134.126707,34.890274],[134.127765,34.889081],[134.128903,34.888378],[134.130843,34.888666],[134.131693,34.889202],[134.133384,34.889727],[134.13426,34.888543],[134.136458,34.887267],[134.137456,34.886993],[134.138673,34.887219],[134.140292,34.888947],[134.141932,34.889634],[134.142731,34.88964],[134.144704,34.888195],[134.145391,34.88802],[134.14785,34.88851],[134.148926,34.888224],[134.150042,34.887473],[134.151266,34.887502],[134.152687,34.887304],[134.153246,34.887805],[134.15386,34.887736],[134.155459,34.887001],[134.156512,34.885426],[134.156798,34.884734],[134.159004,34.883089],[134.159435,34.882016],[134.160686,34.881084],[134.162293,34.880968],[134.163267,34.881119],[134.165758,34.880944],[134.166203,34.881947],[134.16696,34.882626],[134.167241,34.883579],[134.167021,34.884481],[134.1674,34.885655],[134.167387,34.886451],[134.168444,34.887536],[134.168244,34.888624],[134.168474,34.889489],[134.169482,34.8904],[134.170015,34.891134],[134.170383,34.892815],[134.171416,34.892847],[134.172097,34.893382],[134.172274,34.894309],[134.172081,34.895385],[134.172303,34.896424],[134.17202,34.897337],[134.17194,34.898729],[134.172217,34.899225],[134.174201,34.898446],[134.175454,34.898651],[134.176698,34.898468],[134.178194,34.898558],[134.178353,34.897688],[134.178728,34.897487],[134.180523,34.897468],[134.181681,34.89767],[134.182605,34.898271],[134.183459,34.898259],[134.184472,34.897273],[134.185524,34.897166],[134.186405,34.897334],[134.186893,34.89789],[134.187141,34.898718],[134.187749,34.898591],[134.188407,34.896894],[134.188022,34.896376],[134.188198,34.892908],[134.189443,34.892301],[134.190335,34.891601],[134.191084,34.891591],[134.191662,34.891149],[134.192138,34.890296],[134.192743,34.890378],[134.193286,34.891082],[134.194046,34.891552],[134.19568,34.891377],[134.196925,34.891012],[134.198028,34.891349],[134.19832,34.892703],[134.199692,34.894296],[134.200035,34.895822],[134.199068,34.897023],[134.198603,34.898007],[134.197231,34.898993],[134.196388,34.899173],[134.196163,34.899825],[134.19651,34.900338],[134.196029,34.900921],[134.194939,34.901258],[134.194982,34.901841],[134.195824,34.902557],[134.19588,34.903181],[134.196802,34.904467],[134.196977,34.906053],[134.196269,34.906491],[134.195923,34.907185],[134.195385,34.910127],[134.194919,34.910968],[134.195116,34.911561],[134.19484,34.912552],[134.195194,34.913664],[134.195852,34.91451],[134.196453,34.914883],[134.197444,34.914411],[134.198753,34.914417],[134.199932,34.915115],[134.202209,34.914882],[134.203783,34.913649],[134.20502,34.912295],[134.205321,34.91047],[134.205894,34.910144],[134.206997,34.910145],[134.208058,34.910464],[134.209603,34.910384],[134.210887,34.910698],[134.212033,34.910331],[134.213673,34.910517],[134.215441,34.911165],[134.215781,34.910739],[134.216019,34.90916],[134.216267,34.908699],[134.217548,34.908069],[134.219054,34.907684],[134.220248,34.907651],[134.220786,34.907068],[134.221296,34.905973],[134.222631,34.906747],[134.223948,34.907185],[134.224604,34.907939],[134.224908,34.908719],[134.225975,34.908985],[134.227056,34.908864],[134.226411,34.910323],[134.225376,34.911425],[134.224304,34.911958],[134.22415,34.912775],[134.224377,34.913878],[134.223803,34.915157],[134.22422,34.916369],[134.224758,34.916742],[134.226322,34.916806],[134.226865,34.917043],[134.226506,34.918391],[134.226765,34.919091],[134.22645,34.919968],[134.227503,34.920973],[134.226936,34.921856],[134.226819,34.9228],[134.226398,34.923536],[134.227871,34.92407],[134.228568,34.924495],[134.229922,34.924013],[134.2313,34.925138],[134.232235,34.9254],[134.233341,34.926815],[134.235006,34.92757],[134.235354,34.928543],[134.235988,34.929555],[134.235776,34.930607],[134.235891,34.931482],[134.235317,34.933402],[134.23515,34.935369],[134.235636,34.937424],[134.237096,34.937453],[134.241108,34.938181],[134.242561,34.939254],[134.24295,34.93979],[134.243934,34.940227],[134.246115,34.941492],[134.246293,34.942461],[134.245794,34.943175],[134.246086,34.943552],[134.2456,34.944769],[134.244259,34.944996],[134.244295,34.946057],[134.244083,34.947003],[134.245485,34.947417],[134.245571,34.948376],[134.247301,34.94848],[134.247668,34.948804],[134.249298,34.949221],[134.250341,34.949236],[134.251634,34.948452],[134.251246,34.947774],[134.253134,34.947461],[134.253582,34.946162],[134.254203,34.946004]]]]}},
  {"type":"Feature","properties":{"name":"浅口市","code":"33216"},"geometry":{"type":"MultiPolygon","coordinates":[[[[133.623275,34.580484],[133.622369,34.581071],[133.621427,34.580733],[133.620993,34.579399],[133.620658,34.579256],[133.619228,34.579666],[133.618086,34.579647],[133.617141,34.578779],[133.616818,34.577806],[133.615054,34.5775],[133.613819,34.576981],[133.612389,34.576008],[133.61104,34.574411],[133.610775,34.573575],[133.610121,34.573576],[133.608264,34.574874],[133.607319,34.575352],[133.606661,34.576716],[133.605772,34.577718],[133.60463,34.577021],[133.60395,34.576306],[133.60297,34.576229],[133.601644,34.57642],[133.600998,34.576983],[133.599504,34.576668],[133.597429,34.576487],[133.596702,34.576726],[133.594518,34.576611],[133.592018,34.578017],[133.591153,34.578294],[133.59068,34.578886],[133.590473,34.57984],[133.588789,34.57985],[133.587192,34.580288],[133.586788,34.581157],[133.585831,34.58193],[133.585024,34.581748],[133.583294,34.582541],[133.583882,34.583991],[133.584012,34.584951],[133.583781,34.585504],[133.584115,34.586843],[133.584476,34.587429],[133.584812,34.589774],[133.583904,34.590226],[133.582896,34.589959],[133.581488,34.589897],[133.579112,34.590175],[133.578029,34.590113],[133.576701,34.589136],[133.575718,34.589373],[133.574461,34.589187],[133.572487,34.587789],[133.571387,34.587418],[133.570254,34.585931],[133.570143,34.585036],[133.571587,34.584925],[133.572337,34.584553],[133.572291,34.583944],[133.571264,34.5834],[133.571253,34.582303],[133.57048,34.581597],[133.570001,34.58066],[133.568755,34.579457],[133.567579,34.578846],[133.56739,34.57839],[133.566398,34.577446],[133.567021,34.575832],[133.566836,34.575317],[133.566052,34.575012],[133.565983,34.5736],[133.565568,34.572818],[133.562904,34.571329],[133.563133,34.570284],[133.562879,34.569826],[133.561979,34.569273],[133.561334,34.568386],[133.561311,34.567851],[133.561887,34.567393],[133.561276,34.565825],[133.561841,34.563478],[133.562418,34.562844],[133.562349,34.562297],[133.561322,34.562297],[133.5606,34.561256],[133.560635,34.560139],[133.561131,34.559452],[133.560935,34.558994],[133.559712,34.558145],[133.559574,34.556577],[133.559286,34.555823],[133.558433,34.555031],[133.557429,34.554879],[133.55671,34.553251],[133.555926,34.552335],[133.555038,34.551695],[133.554357,34.552001],[133.553631,34.551314],[133.552028,34.550827],[133.55114,34.549939],[133.54986,34.550083],[133.548506,34.550006],[133.547168,34.550445],[133.546592,34.551047],[133.545853,34.551123],[133.543686,34.550254],[133.543005,34.550302],[133.542048,34.550884],[133.541012,34.550887],[133.540655,34.550524],[133.541231,34.548449],[133.540655,34.547857],[133.54092,34.546951],[133.541949,34.546768],[133.542871,34.546243],[133.544059,34.545126],[133.545639,34.54488],[133.543863,34.543811],[133.544244,34.543296],[133.544556,34.541545],[133.543391,34.540228],[133.543444,34.538279],[133.543224,34.537745],[133.543386,34.53618],[133.542521,34.535054],[133.543352,34.534348],[133.544701,34.534177],[133.545485,34.533595],[133.546431,34.531681],[133.54665,34.530088],[133.548698,34.528149],[133.549528,34.527891],[133.549842,34.529859],[133.550845,34.530603],[133.552095,34.53004],[133.553537,34.529926],[133.554217,34.530479],[133.555682,34.53112],[133.557331,34.531254],[133.558253,34.530834],[133.559049,34.530806],[133.560634,34.531372],[133.560371,34.533852],[133.559286,34.535073],[133.559609,34.536075],[133.559552,34.536801],[133.560498,34.537908],[133.56243,34.538532],[133.564264,34.537855],[133.565567,34.536862],[133.565982,34.535956],[133.567193,34.535335],[133.568484,34.536041],[133.569877,34.534369],[133.570616,34.533854],[133.570726,34.533017],[133.57286,34.530128],[133.573909,34.529985],[133.574878,34.530586],[133.576596,34.531025],[133.57723,34.53175],[133.578365,34.532017],[133.579495,34.531607],[133.579945,34.532466],[133.581006,34.533516],[133.582203,34.533061],[133.582018,34.531849],[133.58218,34.531401],[133.581315,34.531067],[133.581246,34.529809],[133.579919,34.529647],[133.580231,34.529068],[133.581927,34.529009],[133.582256,34.528711],[133.583356,34.52959],[133.583608,34.531069],[133.585436,34.531676],[133.586094,34.531266],[133.586244,34.530217],[133.58599,34.52972],[133.585102,34.529377],[133.583822,34.527784],[133.581843,34.527116],[133.578356,34.526096],[133.578033,34.525561],[133.576626,34.525113],[133.575849,34.525203],[133.57518,34.524926],[133.574938,34.524287],[133.57601,34.52339],[133.575884,34.522465],[133.577553,34.517643],[133.577496,34.51728],[133.572244,34.515703],[133.572383,34.515159],[133.571852,34.514625],[133.569098,34.51391],[133.568923,34.512617],[133.568402,34.511779],[133.567191,34.511722],[133.566684,34.510052],[133.56556,34.508588],[133.565503,34.507814],[133.564776,34.507423],[133.564108,34.506149],[133.563024,34.505615],[133.56575,34.501547],[133.565663,34.500821],[133.565992,34.500286],[133.565895,34.499341],[133.566266,34.498835],[133.567823,34.498038],[133.567573,34.49619],[133.566287,34.495054],[133.565182,34.494863],[133.563976,34.495583],[133.563479,34.496673],[133.562632,34.495846],[133.561514,34.495295],[133.560499,34.493945],[133.560387,34.493532],[133.561176,34.493393],[133.561644,34.492057],[133.561142,34.490751],[133.561906,34.490242],[133.562109,34.489337],[133.560772,34.488495],[133.561989,34.488145],[133.562925,34.487563],[133.564763,34.487419],[133.566028,34.486327],[133.566797,34.486476],[133.56765,34.486296],[133.568326,34.485725],[133.568561,34.484902],[133.569137,34.484156],[133.568579,34.483383],[133.568736,34.479913],[133.569587,34.479074],[133.569894,34.477774],[133.570825,34.475884],[133.570247,34.475393],[133.571191,34.474365],[133.571036,34.472446],[133.571833,34.470418],[133.573531,34.468063],[133.573241,34.465905],[133.574483,34.465528],[133.575055,34.46577],[133.575779,34.46557],[133.576633,34.465766],[133.577572,34.46687],[133.577217,34.468264],[133.578186,34.46953],[133.578738,34.470518],[133.592109,34.470731],[133.592195,34.470163],[133.593065,34.469489],[133.593914,34.469279],[133.594378,34.469556],[133.595994,34.471491],[133.596587,34.47194],[133.597691,34.472341],[133.599342,34.47218],[133.600139,34.472669],[133.600914,34.472707],[133.601791,34.473206],[133.601813,34.473625],[133.600359,34.474028],[133.599798,34.475261],[133.59857,34.475718],[133.596882,34.47602],[133.596182,34.475628],[133.588727,34.482481],[133.589473,34.483602],[133.590187,34.486272],[133.592455,34.489039],[133.59273,34.489822],[133.594155,34.491065],[133.595081,34.490492],[133.597108,34.491381],[133.59771,34.490527],[133.598077,34.490703],[133.597467,34.491829],[133.598229,34.492285],[133.597799,34.492753],[133.600145,34.494347],[133.601668,34.495018],[133.602207,34.49422],[133.603147,34.49453],[133.603739,34.495143],[133.603631,34.495901],[133.603035,34.496801],[133.602905,34.497666],[133.60319,34.498747],[133.603042,34.499779],[133.603222,34.501046],[133.602501,34.501722],[133.602539,34.502831],[133.603753,34.503048],[133.605601,34.503161],[133.606293,34.503819],[133.606417,34.504529],[133.607598,34.506069],[133.609326,34.506831],[133.611203,34.506707],[133.613853,34.507799],[133.617606,34.507481],[133.618241,34.508924],[133.618439,34.510087],[133.619712,34.510171],[133.621316,34.510829],[133.622125,34.51164],[133.622224,34.512257],[133.623001,34.512833],[133.623012,34.514054],[133.622516,34.515199],[133.621908,34.515932],[133.621931,34.517068],[133.621654,34.517764],[133.621516,34.519043],[133.622371,34.519415],[133.623208,34.518766],[133.623784,34.518832],[133.62413,34.519595],[133.625941,34.520454],[133.626114,34.521371],[133.62706,34.522196],[133.629343,34.520554],[133.630799,34.520669],[133.631568,34.521499],[133.631603,34.521891],[133.630923,34.523694],[133.631049,34.524304],[133.632353,34.525664],[133.632318,34.526457],[133.632664,34.52722],[133.633528,34.527747],[133.634416,34.529109],[133.635424,34.529677],[133.635962,34.530646],[133.635812,34.531954],[133.636757,34.532574],[133.636953,34.533652],[133.636642,34.53453],[133.637149,34.535312],[133.63904,34.535791],[133.639918,34.536277],[133.640447,34.536916],[133.640044,34.537699],[133.640794,34.539426],[133.643203,34.540882],[133.650191,34.545251],[133.648957,34.545185],[133.648164,34.545497],[133.642731,34.548119],[133.643376,34.548854],[133.64454,34.549794],[133.644229,34.550614],[133.644355,34.551319],[133.644921,34.55154],[133.645198,34.552284],[133.646005,34.553219],[133.64612,34.554117],[133.647677,34.554221],[133.647817,34.555908],[133.648092,34.556857],[133.647862,34.557307],[133.646538,34.557819],[133.644195,34.559092],[133.643566,34.558946],[133.641661,34.559879],[133.63968,34.560617],[133.638521,34.560484],[133.638435,34.561628],[133.638613,34.562937],[133.639558,34.563615],[133.639732,34.564483],[133.638873,34.565614],[133.637784,34.565419],[133.63708,34.565848],[133.636699,34.566879],[133.637227,34.568197],[133.636713,34.569438],[133.63505,34.569909],[133.634278,34.570586],[133.634404,34.571341],[133.634116,34.571951],[133.633296,34.57177],[133.632549,34.572095],[133.631418,34.573338],[133.630311,34.573839],[133.629676,34.574583],[133.627842,34.574386],[133.625916,34.57574],[133.624947,34.577238],[133.623818,34.577916],[133.62301,34.578767],[133.62301,34.57995],[133.623275,34.580484]]]]}},
  {"type":"Feature","properties":{"name":"和気町","code":"33346"},"geometry":{"type":"MultiPolygon","coordinates":[[[[134.196925,34.891012],[134.19568,34.891377],[134.194046,34.891552],[134.193286,34.891082],[134.192743,34.890378],[134.192138,34.890296],[134.191662,34.891149],[134.191084,34.891591],[134.190335,34.891601],[134.189443,34.892301],[134.188198,34.892908],[134.188022,34.896376],[134.188407,34.896894],[134.187749,34.898591],[134.187141,34.898718],[134.186893,34.89789],[134.186405,34.897334],[134.185524,34.897166],[134.184472,34.897273],[134.183459,34.898259],[134.182605,34.898271],[134.181681,34.89767],[134.180523,34.897468],[134.178728,34.897487],[134.178353,34.897688],[134.178194,34.898558],[134.176698,34.898468],[134.175454,34.898651],[134.174201,34.898446],[134.172217,34.899225],[134.17194,34.898729],[134.17202,34.897337],[134.172303,34.896424],[134.172081,34.895385],[134.172274,34.894309],[134.172097,34.893382],[134.171416,34.892847],[134.170383,34.892815],[134.170015,34.891134],[134.169482,34.8904],[134.168474,34.889489],[134.168244,34.888624],[134.168444,34.887536],[134.167387,34.886451],[134.1674,34.885655],[134.167021,34.884481],[134.167241,34.883579],[134.16696,34.882626],[134.166203,34.881947],[134.165758,34.880944],[134.163267,34.881119],[134.162293,34.880968],[134.160686,34.881084],[134.159435,34.882016],[134.159004,34.883089],[134.156798,34.884734],[134.156512,34.885426],[134.155459,34.887001],[134.15386,34.887736],[134.153246,34.887805],[134.152687,34.887304],[134.151266,34.887502],[134.150042,34.887473],[134.148926,34.888224],[134.14785,34.88851],[134.145391,34.88802],[134.144704,34.888195],[134.142731,34.88964],[134.141932,34.889634],[134.140292,34.888947],[134.138673,34.887219],[134.137456,34.886993],[134.136458,34.887267],[134.13426,34.888543],[134.133384,34.889727],[134.131693,34.889202],[134.130843,34.888666],[134.128903,34.888378],[134.127765,34.889081],[134.126707,34.890274],[134.125953,34.890212],[134.124357,34.890559],[134.125009,34.892273],[134.124584,34.892833],[134.124732,34.894109],[134.125744,34.895075],[134.124918,34.896146],[134.125454,34.8968],[134.124873,34.899147],[134.125298,34.90018],[134.126678,34.900722],[134.126954,34.902867],[134.12682,34.904365],[134.126509,34.905369],[134.125426,34.907806],[134.126042,34.909073],[134.12585,34.909719],[134.12773,34.91118],[134.128029,34.912313],[134.127355,34.913576],[134.124981,34.914399],[134.123594,34.914317],[134.123205,34.914737],[134.122167,34.916769],[134.121759,34.916184],[134.120162,34.916074],[134.118944,34.914285],[134.117973,34.913586],[134.116793,34.913763],[134.115479,34.91362],[134.115304,34.913017],[134.114234,34.912186],[134.113537,34.912521],[134.112423,34.912183],[134.110897,34.910875],[134.110068,34.910771],[134.109573,34.91118],[134.110066,34.912047],[134.109553,34.913605],[134.107798,34.915318],[134.106235,34.915047],[134.1058,34.915936],[134.105901,34.916839],[134.10529,34.917493],[134.104661,34.918753],[134.105413,34.920259],[134.105333,34.921796],[134.104593,34.922141],[134.102436,34.92268],[134.098591,34.923392],[134.09982,34.920939],[134.100447,34.918613],[134.099932,34.917754],[134.099408,34.916013],[134.098503,34.914571],[134.097371,34.912074],[134.09625,34.910123],[134.094936,34.90819],[134.093162,34.906295],[134.092188,34.905562],[134.089771,34.904045],[134.087631,34.902318],[134.086514,34.90093],[134.084976,34.898196],[134.084846,34.89736],[134.085165,34.896609],[134.086282,34.895769],[134.087898,34.89506],[134.089051,34.894841],[134.090483,34.895313],[134.091438,34.896033],[134.094895,34.897433],[134.096259,34.897709],[134.097166,34.897034],[134.097678,34.896185],[134.097964,34.894667],[134.097937,34.893381],[134.097561,34.89251],[134.093569,34.887569],[134.092969,34.886213],[134.093071,34.885426],[134.094189,34.88409],[134.095615,34.883404],[134.097238,34.882926],[134.101003,34.882639],[134.103358,34.881926],[134.104071,34.88102],[134.103545,34.87899],[134.101201,34.878573],[134.098866,34.877071],[134.098057,34.877046],[134.097442,34.876133],[134.096396,34.875535],[134.094011,34.874972],[134.093588,34.875428],[134.092422,34.876025],[134.091318,34.875311],[134.09112,34.874566],[134.089993,34.873859],[134.08853,34.873584],[134.087997,34.87478],[134.086705,34.874876],[134.086231,34.875502],[134.084908,34.876459],[134.083582,34.876515],[134.080828,34.877397],[134.080089,34.877332],[134.080397,34.876036],[134.080998,34.874517],[134.080991,34.871122],[134.08059,34.870526],[134.080585,34.869752],[134.081287,34.868697],[134.081353,34.868079],[134.080602,34.866848],[134.079426,34.867065],[134.078626,34.866913],[134.077683,34.866022],[134.07728,34.86494],[134.077806,34.864264],[134.077096,34.863294],[134.074902,34.862607],[134.072366,34.861198],[134.072309,34.859852],[134.071779,34.859558],[134.070696,34.859446],[134.069263,34.85975],[134.066816,34.859863],[134.065921,34.860113],[134.065293,34.86058],[134.064711,34.860296],[134.06519,34.859502],[134.065033,34.858578],[134.064332,34.857971],[134.064514,34.857101],[134.062898,34.855307],[134.062292,34.855028],[134.061363,34.855039],[134.059866,34.854142],[134.058984,34.854757],[134.055992,34.855116],[134.055629,34.856571],[134.055053,34.857226],[134.054337,34.857496],[134.051924,34.856943],[134.050799,34.856862],[134.049867,34.857152],[134.048441,34.856807],[134.04757,34.857822],[134.045971,34.857726],[134.043465,34.857864],[134.043936,34.856276],[134.044078,34.854097],[134.045178,34.853342],[134.045441,34.852666],[134.045014,34.850891],[134.045158,34.849025],[134.044573,34.847813],[134.043661,34.847064],[134.042584,34.845879],[134.040404,34.845355],[134.039594,34.845492],[134.038399,34.845278],[134.03703,34.844551],[134.038583,34.843509],[134.039239,34.842624],[134.039568,34.839457],[134.039527,34.837604],[134.038303,34.836136],[134.039118,34.83562],[134.040284,34.835276],[134.040489,34.834712],[134.039839,34.833643],[134.038693,34.832617],[134.039213,34.831213],[134.039922,34.830391],[134.042812,34.830272],[134.043329,34.82999],[134.045913,34.827865],[134.046457,34.828287],[134.047018,34.829472],[134.048135,34.829566],[134.048696,34.829843],[134.048239,34.831049],[134.04871,34.832554],[134.050339,34.833011],[134.052452,34.832559],[134.053831,34.832827],[134.054743,34.832537],[134.055064,34.831614],[134.054486,34.83037],[134.054671,34.82995],[134.056133,34.829116],[134.057096,34.828782],[134.057955,34.827877],[134.058092,34.827165],[134.058856,34.826],[134.060778,34.824695],[134.061574,34.824625],[134.063235,34.825078],[134.062489,34.826051],[134.063108,34.827151],[134.065465,34.828193],[134.066457,34.828176],[134.06791,34.82773],[134.068531,34.827273],[134.069945,34.826699],[134.071372,34.826508],[134.072328,34.825966],[134.073071,34.824779],[134.073506,34.824549],[134.075043,34.824329],[134.076595,34.824546],[134.077729,34.825358],[134.079376,34.825932],[134.079996,34.824941],[134.081088,34.824349],[134.082349,34.824584],[134.084468,34.823521],[134.085356,34.823391],[134.087732,34.820619],[134.087695,34.819149],[134.08851,34.817778],[134.089033,34.815254],[134.089768,34.813808],[134.089542,34.812408],[134.090661,34.812064],[134.092099,34.811251],[134.094376,34.810881],[134.094587,34.810073],[134.093713,34.807895],[134.093809,34.807342],[134.094689,34.806882],[134.095953,34.806514],[134.098835,34.80484],[134.099751,34.803871],[134.101246,34.802715],[134.101762,34.802708],[134.105047,34.803551],[134.106742,34.803025],[134.107609,34.802502],[134.108543,34.802272],[134.109446,34.801357],[134.110668,34.800687],[134.111761,34.798941],[134.11166,34.79807],[134.112949,34.798102],[134.11832,34.796175],[134.118658,34.795908],[134.118616,34.793666],[134.120644,34.793398],[134.125863,34.793086],[134.129545,34.793064],[134.131393,34.792974],[134.134271,34.793006],[134.134708,34.790609],[134.136501,34.790767],[134.138491,34.79058],[134.139028,34.789506],[134.141202,34.788414],[134.142155,34.788249],[134.142604,34.787322],[134.143322,34.786548],[134.144403,34.786581],[134.145414,34.786046],[134.146041,34.785157],[134.146691,34.784743],[134.148834,34.784183],[134.14975,34.783658],[134.149558,34.782359],[134.150064,34.781886],[134.150814,34.780674],[134.150729,34.780216],[134.150016,34.779642],[134.150495,34.777871],[134.151155,34.776677],[134.151007,34.775146],[134.15074,34.774498],[134.151661,34.773623],[134.151617,34.773081],[134.1522,34.772445],[134.150533,34.770872],[134.148824,34.77015],[134.148914,34.769074],[134.148265,34.768357],[134.14786,34.767092],[134.146516,34.766789],[134.147022,34.765696],[134.147746,34.76512],[134.147811,34.764279],[134.149191,34.763563],[134.149443,34.763196],[134.148977,34.762212],[134.1493,34.761683],[134.151271,34.760889],[134.153013,34.76102],[134.15362,34.76043],[134.154579,34.760149],[134.155114,34.75951],[134.156492,34.759618],[134.158369,34.76043],[134.159906,34.761329],[134.161473,34.759814],[134.162501,34.759429],[134.163355,34.759468],[134.166462,34.760131],[134.167021,34.760043],[134.168663,34.759309],[134.169376,34.759294],[134.172477,34.759831],[134.173866,34.760314],[134.174855,34.760996],[134.175461,34.761059],[134.176167,34.760474],[134.176968,34.76045],[134.178404,34.761978],[134.178963,34.762926],[134.180164,34.763404],[134.181144,34.764093],[134.181924,34.765189],[134.183359,34.765196],[134.185098,34.764577],[134.185547,34.76362],[134.186261,34.763051],[134.187038,34.763443],[134.188003,34.763346],[134.188609,34.763883],[134.190057,34.764662],[134.190993,34.764304],[134.191103,34.763642],[134.192158,34.763429],[134.193385,34.764093],[134.194807,34.763279],[134.195219,34.764589],[134.196696,34.765271],[134.198868,34.765291],[134.199839,34.765561],[134.20151,34.766949],[134.201593,34.767206],[134.200069,34.768552],[134.199961,34.76898],[134.200554,34.770071],[134.199608,34.772347],[134.198602,34.773202],[134.198194,34.774666],[134.19742,34.776074],[134.195857,34.777076],[134.195236,34.777933],[134.194389,34.778414],[134.193035,34.778796],[134.191048,34.778853],[134.191401,34.779823],[134.191428,34.781562],[134.193706,34.783037],[134.194648,34.783061],[134.197026,34.783606],[134.197569,34.7848],[134.19769,34.785677],[134.198126,34.786761],[134.19902,34.787873],[134.199803,34.789897],[134.19962,34.791004],[134.197734,34.792282],[134.197061,34.792261],[134.195341,34.793177],[134.194361,34.792997],[134.193113,34.793346],[134.192256,34.794686],[134.192039,34.795711],[134.191917,34.797771],[134.192474,34.798953],[134.191536,34.79928],[134.190572,34.800248],[134.191414,34.80205],[134.192664,34.803232],[134.193547,34.805619],[134.193547,34.806374],[134.193011,34.808279],[134.192528,34.809031],[134.193873,34.809133],[134.195617,34.809878],[134.196701,34.810816],[134.197704,34.812477],[134.197813,34.813017],[134.197283,34.814053],[134.197161,34.816046],[134.197731,34.817533],[134.198804,34.818276],[134.199701,34.818467],[134.200697,34.818236],[134.200992,34.819323],[134.20201,34.820089],[134.202921,34.821361],[134.205162,34.821721],[134.205941,34.822791],[134.206223,34.823524],[134.207203,34.824809],[134.207433,34.826102],[134.208262,34.826748],[134.207466,34.828039],[134.207819,34.829066],[134.208916,34.829493],[134.209871,34.830115],[134.210019,34.831116],[134.210435,34.832127],[134.210974,34.832701],[134.210808,34.833701],[134.210057,34.83425],[134.211378,34.83601],[134.211841,34.836979],[134.212513,34.837426],[134.213696,34.837611],[134.213943,34.838761],[134.215767,34.839314],[134.216259,34.840013],[134.215073,34.840865],[134.212131,34.841715],[134.210595,34.841914],[134.209673,34.842902],[134.208427,34.84391],[134.209212,34.845303],[134.210257,34.84541],[134.210733,34.84604],[134.210773,34.847024],[134.211164,34.848121],[134.210816,34.849332],[134.208468,34.850917],[134.206642,34.852858],[134.206417,34.853566],[134.206444,34.855927],[134.205543,34.856999],[134.204471,34.857381],[134.203659,34.857372],[134.201954,34.856684],[134.199733,34.856737],[134.19802,34.857714],[134.197035,34.857854],[134.196059,34.858577],[134.194638,34.857566],[134.193217,34.85804],[134.192012,34.858202],[134.191158,34.858877],[134.190336,34.858907],[134.189358,34.860034],[134.189382,34.861461],[134.187789,34.861371],[134.186254,34.860815],[134.184527,34.860364],[134.184075,34.859951],[134.182874,34.859619],[134.181989,34.859832],[134.180625,34.859452],[134.180125,34.859608],[134.180586,34.863073],[134.180541,34.863678],[134.180904,34.864652],[134.181957,34.86584],[134.182771,34.86636],[134.182863,34.867057],[134.183412,34.867845],[134.182658,34.868742],[134.18372,34.869943],[134.183896,34.871435],[134.184386,34.872359],[134.184377,34.872891],[134.183704,34.874214],[134.183754,34.876137],[134.184582,34.877613],[134.184985,34.877566],[134.186413,34.875181],[134.188158,34.874685],[134.188837,34.874982],[134.190587,34.876337],[134.190965,34.877763],[134.192671,34.878912],[134.193091,34.881225],[134.19344,34.881615],[134.194283,34.881329],[134.194672,34.880529],[134.195139,34.882507],[134.194339,34.883747],[134.194106,34.884639],[134.19436,34.885248],[134.195486,34.88573],[134.195717,34.886614],[134.19633,34.886886],[134.195613,34.8881],[134.195321,34.889849],[134.195569,34.890379],[134.196925,34.891012]]]]}},
  {"type":"Feature","properties":{"name":"早島町","code":"33423"},"geometry":{"type":"MultiPolygon","coordinates":[[[[133.830273,34.627879],[133.829212,34.627189],[133.8287,34.62619],[133.826857,34.625805],[133.825808,34.624474],[133.823417,34.623247],[133.821888,34.622794],[133.820066,34.621673],[133.818168,34.621142],[133.817832,34.620129],[133.817248,34.61983],[133.816341,34.618482],[133.815141,34.618267],[133.814172,34.618695],[133.813211,34.616627],[133.813716,34.615506],[133.813993,34.614116],[133.813939,34.61284],[133.812451,34.612255],[133.809256,34.611235],[133.808124,34.611599],[133.806995,34.611617],[133.804134,34.61142],[133.803744,34.611176],[133.801797,34.60898],[133.802464,34.60805],[133.804357,34.605785],[133.805159,34.604501],[133.804996,34.603082],[133.805512,34.602112],[133.805298,34.601228],[133.805457,34.600498],[133.807154,34.596688],[133.809148,34.597875],[133.810061,34.597744],[133.812561,34.598746],[133.813225,34.598889],[133.815038,34.5989],[133.816974,34.598562],[133.818755,34.597929],[133.819733,34.597756],[133.820223,34.597184],[133.824412,34.596283],[133.824338,34.595699],[133.824593,34.590594],[133.827248,34.591518],[133.828129,34.591602],[133.830491,34.593409],[133.832151,34.594118],[133.832558,34.595311],[133.833634,34.596009],[133.838063,34.599138],[133.838286,34.599224],[133.839767,34.600417],[133.835236,34.606423],[133.835799,34.607177],[133.83553,34.607782],[133.834884,34.610251],[133.834355,34.61154],[133.83475,34.612524],[133.834546,34.613436],[133.835376,34.613568],[133.835872,34.614598],[133.835294,34.615926],[133.835807,34.617418],[133.835373,34.617916],[133.834276,34.617659],[133.834836,34.619209],[133.836044,34.619919],[133.834965,34.621484],[133.835009,34.62252],[133.834538,34.623095],[133.834562,34.623838],[133.834178,34.625236],[133.833614,34.626153],[133.832112,34.625764],[133.831661,34.62679],[133.830839,34.627231],[133.830273,34.627879]]]]}},
  {"type":"Feature","properties":{"name":"里庄町","code":"33445"},"geometry":{"type":"MultiPolygon","coordinates":[[[[133.560387,34.493532],[133.560499,34.493945],[133.561514,34.495295],[133.562632,34.495846],[133.563479,34.496673],[133.563976,34.495583],[133.565182,34.494863],[133.566287,34.495054],[133.567573,34.49619],[133.567823,34.498038],[133.566266,34.498835],[133.565895,34.499341],[133.565992,34.500286],[133.565663,34.500821],[133.56575,34.501547],[133.563024,34.505615],[133.564108,34.506149],[133.564776,34.507423],[133.565503,34.507814],[133.56556,34.508588],[133.566684,34.510052],[133.567191,34.511722],[133.568402,34.511779],[133.568923,34.512617],[133.569098,34.51391],[133.571852,34.514625],[133.572383,34.515159],[133.572244,34.515703],[133.577496,34.51728],[133.577553,34.517643],[133.575884,34.522465],[133.57601,34.52339],[133.574938,34.524287],[133.57518,34.524926],[133.575849,34.525203],[133.576626,34.525113],[133.578033,34.525561],[133.578356,34.526096],[133.581843,34.527116],[133.583822,34.527784],[133.585102,34.529377],[133.58599,34.52972],[133.586244,34.530217],[133.586094,34.531266],[133.585436,34.531676],[133.583608,34.531069],[133.583356,34.52959],[133.582256,34.528711],[133.581927,34.529009],[133.580231,34.529068],[133.579919,34.529647],[133.581246,34.529809],[133.581315,34.531067],[133.58218,34.531401],[133.582018,34.531849],[133.582203,34.533061],[133.581006,34.533516],[133.579945,34.532466],[133.579495,34.531607],[133.578365,34.532017],[133.57723,34.53175],[133.576596,34.531025],[133.574878,34.530586],[133.573909,34.529985],[133.57286,34.530128],[133.570726,34.533017],[133.570616,34.533854],[133.569877,34.534369],[133.568484,34.536041],[133.567193,34.535335],[133.565982,34.535956],[133.565567,34.536862],[133.564264,34.537855],[133.56243,34.538532],[133.560498,34.537908],[133.559552,34.536801],[133.559609,34.536075],[133.559286,34.535073],[133.560371,34.533852],[133.560634,34.531372],[133.559049,34.530806],[133.558253,34.530834],[133.557331,34.531254],[133.555682,34.53112],[133.554217,34.530479],[133.553537,34.529926],[133.552095,34.53004],[133.550845,34.530603],[133.549842,34.529859],[133.549528,34.527891],[133.548941,34.526748],[133.548883,34.525017],[133.548129,34.524072],[133.54716,34.523901],[133.546388,34.522784],[133.54656,34.522097],[133.546838,34.519229],[133.546434,34.518422],[133.54512,34.518688],[133.543712,34.51867],[133.544392,34.517879],[133.545546,34.516008],[133.545274,34.515169],[133.544409,34.514091],[133.544628,34.512698],[133.54403,34.511481],[133.54251,34.511157],[133.540921,34.509808],[133.539157,34.509044],[133.538038,34.508701],[133.537372,34.507648],[133.536325,34.507011],[133.536209,34.504771],[133.534564,34.503244],[133.53345,34.501739],[133.53,34.497339],[133.529795,34.496774],[133.533284,34.495837],[133.536768,34.494733],[133.537169,34.493823],[133.537951,34.493494],[133.539896,34.493921],[133.541587,34.492757],[133.542543,34.49268],[133.542965,34.493153],[133.545009,34.492462],[133.545856,34.492313],[133.54729,34.491478],[133.547325,34.491192],[133.549817,34.491361],[133.550934,34.492199],[133.552127,34.492605],[133.553273,34.492605],[133.553675,34.493134],[133.554451,34.49315],[133.556527,34.492603],[133.55719,34.49289],[133.559143,34.492977],[133.560387,34.493532]]]]}},
  {"type":"Feature","properties":{"name":"矢掛町","code":"33461"},"geometry":{"type":"MultiPolygon","coordinates":[[[[133.632076,34.641832],[133.631079,34.641817],[133.630117,34.642583],[133.629053,34.644656],[133.629165,34.645501],[133.627757,34.645548],[133.626723,34.64497],[133.625501,34.644662],[133.624155,34.644601],[133.623308,34.645041],[133.621513,34.645007],[133.620368,34.644411],[133.618701,34.644421],[133.619099,34.645182],[133.619062,34.646766],[133.619223,34.647136],[133.620953,34.647558],[133.621132,34.648855],[133.622435,34.649092],[133.622488,34.650148],[133.623093,34.651336],[133.622609,34.651995],[133.622911,34.653304],[133.622775,34.65432],[133.623595,34.655929],[133.623271,34.656974],[133.623456,34.658191],[133.622186,34.658467],[133.621701,34.659179],[133.620196,34.659549],[133.618802,34.660352],[133.618118,34.661452],[133.617471,34.661987],[133.617259,34.662709],[133.617819,34.663511],[133.617881,34.664108],[133.617384,34.664869],[133.617446,34.666335],[133.61813,34.66759],[133.617409,34.667765],[133.615766,34.66866],[133.615182,34.669184],[133.614103,34.669441],[133.613908,34.670224],[133.613423,34.670725],[133.612574,34.671009],[133.613035,34.672256],[133.613803,34.672674],[133.615603,34.673241],[133.615846,34.673692],[133.615785,34.674794],[133.61716,34.675229],[133.618252,34.675813],[133.618333,34.676431],[133.617463,34.677347],[133.615441,34.677398],[133.615056,34.679602],[133.615077,34.68042],[133.614652,34.681539],[133.614874,34.683334],[133.617503,34.684202],[133.618514,34.684787],[133.6191,34.685488],[133.622879,34.685596],[133.623425,34.685974],[133.623642,34.686815],[133.623476,34.68762],[133.623728,34.688333],[133.624357,34.689049],[133.624999,34.690572],[133.625808,34.69127],[133.625331,34.691783],[133.625418,34.692585],[133.6264,34.694005],[133.627065,34.694703],[133.627623,34.696377],[133.627259,34.698239],[133.626379,34.699433],[133.627158,34.700902],[133.625981,34.70157],[133.625634,34.702199],[133.623966,34.702331],[133.622601,34.701946],[133.62047,34.70186],[133.6196,34.703448],[133.619122,34.705592],[133.618731,34.706086],[133.617113,34.706153],[133.615617,34.705752],[133.613554,34.705786],[133.612442,34.70642],[133.611512,34.706638],[133.609915,34.70612],[133.608547,34.706141],[133.607811,34.705283],[133.607064,34.703914],[133.606234,34.703313],[133.60581,34.702645],[133.604698,34.703096],[133.603848,34.703881],[133.602574,34.703663],[133.601879,34.70283],[133.600443,34.701945],[133.599695,34.700543],[133.598643,34.700092],[133.597167,34.700342],[133.595084,34.699524],[133.592828,34.698263],[133.59303,34.696961],[133.592605,34.695842],[133.594021,34.694556],[133.593576,34.693521],[133.593536,34.691957],[133.593091,34.690104],[133.593253,34.689136],[133.594345,34.688134],[133.594406,34.687416],[133.594062,34.686848],[133.591506,34.685001],[133.589726,34.684751],[133.589221,34.683799],[133.588473,34.683932],[133.587644,34.683231],[133.587907,34.68273],[133.587502,34.682229],[133.584934,34.682046],[133.584004,34.681528],[133.583478,34.680693],[133.583151,34.679613],[133.581513,34.679746],[133.580987,34.680114],[133.5785,34.680698],[133.576639,34.680731],[133.576397,34.68155],[133.574997,34.681483],[133.573857,34.681076],[133.573541,34.680264],[133.572672,34.679806],[133.571428,34.680265],[133.570559,34.679405],[133.570711,34.678572],[133.570589,34.676594],[133.5715,34.674782],[133.570281,34.673105],[133.570347,34.672311],[133.569821,34.671497],[133.569558,34.669894],[133.568659,34.668783],[133.567876,34.668444],[133.566116,34.66571],[133.56583,34.66456],[133.564934,34.663079],[133.563591,34.661763],[133.563392,34.661187],[133.562446,34.660899],[133.561167,34.659372],[133.561566,34.657466],[133.561205,34.655528],[133.561665,34.65416],[133.562648,34.653193],[133.562628,34.652062],[133.564321,34.65089],[133.564362,34.649546],[133.564126,34.649248],[133.562446,34.649238],[133.561961,34.649036],[133.561214,34.647596],[133.561028,34.646465],[133.55991,34.645807],[133.558865,34.646023],[133.557446,34.645499],[133.555894,34.644519],[133.555073,34.643738],[133.553803,34.643244],[133.551406,34.644147],[133.550746,34.645042],[133.550634,34.645854],[133.54944,34.647171],[133.547688,34.647654],[133.54678,34.648056],[133.545734,34.647726],[133.543918,34.648528],[133.540511,34.645978],[133.538115,34.646811],[133.537443,34.646564],[133.535589,34.646564],[133.534358,34.646122],[133.533175,34.646009],[133.531384,34.645546],[133.530749,34.645546],[133.528677,34.646969],[133.52864,34.647586],[133.527073,34.649931],[133.52594,34.650682],[133.523721,34.650857],[133.522763,34.650816],[133.52224,34.650333],[133.523107,34.648991],[133.522472,34.647284],[133.523592,34.645608],[133.525571,34.646813],[133.526568,34.646559],[133.526133,34.64514],[133.526396,34.644316],[133.525937,34.642459],[133.525153,34.642047],[133.525277,34.641121],[133.525974,34.640916],[133.526845,34.641553],[133.527218,34.642376],[133.528351,34.642859],[133.529148,34.642613],[133.529882,34.642736],[133.532682,34.642242],[133.533951,34.642983],[133.534859,34.642767],[133.536315,34.641039],[133.536476,34.640346],[133.53634,34.638464],[133.535208,34.636709],[133.535145,34.636008],[133.536464,34.634424],[133.537286,34.632474],[133.536244,34.631487],[133.535622,34.631477],[133.534373,34.630829],[133.533601,34.629934],[133.531462,34.630324],[133.529187,34.631148],[133.528195,34.631117],[133.527424,34.631353],[133.527216,34.63196],[133.526295,34.632453],[133.525437,34.632207],[133.524653,34.631549],[133.52321,34.631497],[133.523048,34.63015],[133.522202,34.629964],[133.521456,34.630561],[133.520087,34.630242],[133.51883,34.629734],[133.51995,34.627708],[133.519988,34.626937],[133.521366,34.626526],[133.522299,34.624499],[133.524153,34.623245],[133.525733,34.623111],[133.52678,34.622506],[133.527228,34.621992],[133.5279,34.620223],[133.527651,34.619668],[133.52788,34.618197],[133.528353,34.617487],[133.529323,34.617035],[133.529896,34.616099],[133.530406,34.615996],[133.531874,34.616253],[133.532571,34.615904],[133.532641,34.615093],[133.531596,34.61497],[133.530614,34.613519],[133.530614,34.613232],[133.531721,34.61209],[133.53192,34.611566],[133.531634,34.610323],[133.531808,34.60912],[133.532418,34.607917],[133.532309,34.607462],[133.531264,34.607328],[133.530111,34.606238],[133.528854,34.605776],[133.527705,34.604924],[133.527954,34.6037],[133.527558,34.602587],[133.527658,34.602042],[133.529026,34.601404],[133.529412,34.600901],[133.529351,34.599676],[133.53305,34.599035],[133.534207,34.599158],[133.534944,34.599726],[133.535404,34.600621],[133.537388,34.601371],[133.539888,34.601814],[133.541843,34.60348],[133.543174,34.603778],[133.544884,34.603307],[133.546788,34.602381],[133.547534,34.602196],[133.548728,34.601518],[133.54912,34.600555],[133.549655,34.599938],[133.550539,34.599393],[133.551895,34.599804],[133.552219,34.599691],[133.553978,34.596422],[133.554463,34.595795],[133.555223,34.593701],[133.556754,34.592786],[133.557351,34.592621],[133.559417,34.592961],[133.560984,34.592261],[133.562251,34.591023],[133.563109,34.589591],[133.563084,34.588462],[133.563781,34.586837],[133.565747,34.586755],[133.566668,34.586016],[133.567417,34.585759],[133.568317,34.585835],[133.570143,34.585036],[133.570254,34.585931],[133.571387,34.587418],[133.572487,34.587789],[133.574461,34.589187],[133.575718,34.589373],[133.576701,34.589136],[133.578029,34.590113],[133.579112,34.590175],[133.581488,34.589897],[133.582896,34.589959],[133.583904,34.590226],[133.584812,34.589774],[133.584476,34.587429],[133.584115,34.586843],[133.583781,34.585504],[133.584012,34.584951],[133.583882,34.583991],[133.583294,34.582541],[133.585024,34.581748],[133.585831,34.58193],[133.586788,34.581157],[133.587192,34.580288],[133.588789,34.57985],[133.590473,34.57984],[133.59068,34.578886],[133.591153,34.578294],[133.592018,34.578017],[133.594518,34.576611],[133.596702,34.576726],[133.597429,34.576487],[133.599504,34.576668],[133.600998,34.576983],[133.601644,34.57642],[133.60297,34.576229],[133.60395,34.576306],[133.60463,34.577021],[133.605772,34.577718],[133.606661,34.576716],[133.607319,34.575352],[133.608264,34.574874],[133.610121,34.573576],[133.610775,34.573575],[133.61104,34.574411],[133.612389,34.576008],[133.613819,34.576981],[133.615054,34.5775],[133.616818,34.577806],[133.617141,34.578779],[133.618086,34.579647],[133.619228,34.579666],[133.620658,34.579256],[133.620993,34.579399],[133.621427,34.580733],[133.622369,34.581071],[133.623275,34.580484],[133.624452,34.581829],[133.625536,34.582097],[133.627266,34.581962],[133.628673,34.582344],[133.628788,34.582926],[133.629399,34.583289],[133.630644,34.583194],[133.632305,34.583709],[133.633181,34.583261],[133.634611,34.583404],[133.636075,34.583302],[133.636583,34.583966],[133.636583,34.585292],[133.637371,34.585775],[133.636798,34.586569],[133.637552,34.587766],[133.63834,34.587967],[133.638625,34.588861],[133.639534,34.589506],[133.641163,34.590279],[133.642491,34.591537],[133.642932,34.592409],[133.644197,34.593376],[133.645625,34.593884],[133.646517,34.593426],[133.647028,34.594707],[133.648738,34.595585],[133.649377,34.596251],[133.645432,34.599474],[133.642171,34.602295],[133.640149,34.60439],[133.639641,34.605312],[133.638761,34.606029],[133.638301,34.607292],[133.63775,34.608153],[133.637834,34.609589],[133.637013,34.610507],[133.636962,34.612704],[133.636481,34.614504],[133.637,34.614837],[133.635748,34.61794],[133.635391,34.620294],[133.634359,34.621344],[133.633398,34.623482],[133.633097,34.625468],[133.633065,34.62718],[133.632106,34.627664],[133.631983,34.628563],[133.632494,34.629386],[133.633352,34.62985],[133.633611,34.630466],[133.633297,34.631448],[133.633169,34.632677],[133.632239,34.633609],[133.632021,34.634119],[133.632633,34.635795],[133.632705,34.636714],[133.63321,34.637486],[133.633882,34.637678],[133.633843,34.639965],[133.632747,34.64049],[133.632076,34.641832]]]]}},
  {"type":"Feature","properties":{"name":"新庄村","code":"33586"},"geometry":{"type":"MultiPolygon","coordinates":[[[[133.568001,35.149079],[133.570294,35.148894],[133.571034,35.149085],[133.57221,35.149037],[133.574769,35.149881],[133.576046,35.150609],[133.576568,35.150489],[133.577497,35.151646],[133.578195,35.152088],[133.580287,35.152705],[133.582799,35.154649],[133.58367,35.154864],[133.58432,35.155808],[133.585308,35.156464],[133.586451,35.157801],[133.585827,35.16004],[133.585,35.161353],[133.58439,35.161954],[133.583591,35.163325],[133.582241,35.163826],[133.581675,35.164932],[133.582371,35.165803],[133.582139,35.167342],[133.58227,35.169038],[133.583069,35.169742],[133.582859,35.170263],[133.58279,35.172201],[133.582036,35.173279],[133.582912,35.174726],[133.584181,35.175401],[133.585982,35.175273],[133.587064,35.175351],[133.588292,35.175804],[133.587539,35.177564],[133.587658,35.178324],[133.588377,35.179031],[133.588087,35.179744],[133.588393,35.180834],[133.589239,35.181163],[133.588559,35.18255],[133.588872,35.184172],[133.590638,35.184654],[133.591354,35.185663],[133.592121,35.186392],[133.593208,35.187054],[133.594523,35.186668],[133.59614,35.18537],[133.596698,35.185298],[133.597385,35.186018],[133.598515,35.186338],[133.599791,35.186222],[133.600718,35.185824],[133.601331,35.185274],[133.603091,35.185992],[133.603628,35.185948],[133.605427,35.185314],[133.606185,35.185354],[133.606948,35.1864],[133.606938,35.18745],[133.605843,35.188878],[133.605725,35.189793],[133.60648,35.189948],[133.608543,35.191162],[133.6094,35.193019],[133.609161,35.193937],[133.608109,35.194894],[133.607978,35.196867],[133.607645,35.197608],[133.607571,35.198636],[133.606781,35.199116],[133.607075,35.199671],[133.606689,35.201282],[133.60661,35.202377],[133.607172,35.203143],[133.606991,35.204002],[133.606576,35.204397],[133.606298,35.205707],[133.605681,35.20588],[133.604182,35.207368],[133.604069,35.208285],[133.602338,35.209628],[133.599507,35.212943],[133.599169,35.213649],[133.598466,35.213766],[133.597178,35.214668],[133.596523,35.21575],[133.597232,35.216284],[133.596901,35.217911],[133.598085,35.218749],[133.597937,35.219275],[133.598456,35.221053],[133.599086,35.221569],[133.599407,35.223004],[133.599056,35.223917],[133.599746,35.224794],[133.598859,35.226314],[133.598854,35.227003],[133.597837,35.227372],[133.597539,35.22805],[133.596802,35.228304],[133.595946,35.229756],[133.595427,35.231035],[133.59431,35.231529],[133.593801,35.232198],[133.592486,35.23321],[133.592696,35.235005],[133.592486,35.235748],[133.593437,35.237245],[133.593358,35.237843],[133.594511,35.23973],[133.596442,35.240929],[133.596408,35.241221],[133.594874,35.242855],[133.594342,35.24298],[133.593444,35.244277],[133.592769,35.244117],[133.591049,35.244804],[133.588405,35.244679],[133.587257,35.246072],[133.586349,35.246549],[133.584878,35.24632],[133.582649,35.246493],[133.58086,35.247222],[133.579344,35.248743],[133.578283,35.249976],[133.577173,35.250281],[133.576123,35.251025],[133.575771,35.252249],[133.574772,35.25241],[133.572711,35.253367],[133.571537,35.253489],[133.571034,35.253801],[133.56968,35.253593],[133.568017,35.254433],[133.566638,35.25559],[133.564576,35.255161],[133.562905,35.254676],[133.562223,35.254116],[133.562112,35.253163],[133.562353,35.252316],[133.562255,35.251458],[133.561601,35.249893],[133.561806,35.248878],[133.560927,35.246962],[133.560526,35.246593],[133.559058,35.246119],[133.557982,35.245975],[133.557106,35.245032],[133.557116,35.244149],[133.556456,35.242934],[133.555301,35.242364],[133.55491,35.24181],[133.553414,35.242235],[133.551496,35.242348],[133.550184,35.24263],[133.548588,35.243738],[133.547228,35.243473],[133.545947,35.243681],[133.543911,35.243199],[133.542511,35.242387],[133.541495,35.242179],[133.540466,35.24122],[133.539313,35.241067],[133.538667,35.240353],[133.538784,35.239353],[133.53761,35.238574],[133.536112,35.237207],[133.534831,35.236717],[133.53353,35.236893],[133.532463,35.236701],[133.531309,35.236934],[133.528355,35.236662],[133.52737,35.237627],[133.526666,35.23871],[133.525669,35.239449],[133.524177,35.239235],[133.523062,35.239307],[133.522064,35.239861],[133.517227,35.240737],[133.516749,35.240665],[133.515354,35.239098],[133.514894,35.238009],[133.514806,35.236757],[133.514492,35.235489],[133.513364,35.234754],[133.511799,35.234369],[133.510489,35.233839],[133.509198,35.233743],[133.508174,35.233247],[133.507656,35.232091],[133.507763,35.231449],[133.506863,35.230272],[133.50661,35.229574],[133.505541,35.228173],[133.505855,35.227289],[133.506647,35.226888],[133.507038,35.225299],[133.507486,35.224713],[133.509002,35.223934],[133.511312,35.221516],[133.513434,35.220799],[133.51541,35.220534],[133.516058,35.219638],[133.516516,35.218473],[133.517231,35.217783],[133.517925,35.216571],[133.518649,35.216373],[133.518904,35.21569],[133.518297,35.214358],[133.519933,35.212756],[133.520138,35.211816],[133.521514,35.210573],[133.521591,35.209425],[133.522404,35.208358],[133.522355,35.207934],[133.520975,35.206554],[133.520682,35.206016],[133.521572,35.204269],[133.521445,35.203594],[133.522759,35.201238],[133.522994,35.200324],[133.523462,35.199594],[133.522876,35.198823],[133.523472,35.197394],[133.523032,35.196451],[133.523404,35.19629],[133.524147,35.195255],[133.525487,35.193954],[133.526166,35.194248],[133.526821,35.193669],[133.526107,35.192779],[133.526318,35.192396],[133.526143,35.190695],[133.526697,35.190153],[133.527851,35.188444],[133.528822,35.187684],[133.529076,35.186937],[133.527952,35.186407],[133.527286,35.185837],[133.527141,35.184667],[133.526387,35.184026],[133.526111,35.182886],[133.526055,35.182028],[133.526639,35.181158],[133.526837,35.179527],[133.527799,35.178859],[133.529161,35.178331],[133.529766,35.177321],[133.530644,35.177157],[133.532368,35.176438],[133.533284,35.176357],[133.53475,35.176502],[133.535675,35.175988],[133.535746,35.175101],[133.534421,35.173738],[133.534781,35.173244],[133.534456,35.172685],[133.53464,35.171829],[133.534271,35.170775],[133.535399,35.170554],[133.53754,35.170816],[133.538035,35.170733],[133.538675,35.169913],[133.5395,35.169357],[133.539572,35.168545],[133.540327,35.168033],[133.541183,35.168104],[133.541227,35.165969],[133.540981,35.165447],[133.541445,35.163372],[133.540749,35.162674],[133.540777,35.162126],[133.540255,35.161553],[133.539443,35.161195],[133.537633,35.159209],[133.536603,35.158864],[133.535789,35.157766],[133.536182,35.156251],[133.536896,35.155728],[133.536838,35.155334],[133.537448,35.153975],[133.537231,35.153235],[133.537448,35.152413],[133.538581,35.151435],[133.540743,35.151351],[133.54347,35.151589],[133.544689,35.151219],[133.545503,35.151541],[133.545995,35.150921],[133.547215,35.150896],[133.548057,35.150528],[133.550627,35.151147],[133.551512,35.151219],[133.552586,35.150993],[133.554095,35.151601],[133.555243,35.150813],[133.555478,35.149762],[133.556727,35.14876],[133.558184,35.148879],[133.560506,35.148629],[133.561494,35.147865],[133.562597,35.147913],[133.563993,35.149102],[133.566781,35.149341],[133.568001,35.149079]]]]}},
  {"type":"Feature","properties":{"name":"鏡野町","code":"33606"},"geometry":{"type":"MultiPolygon","coordinates":[[[[134.030142,35.305421],[134.029622,35.306386],[134.029662,35.307345],[134.028241,35.30782],[134.027282,35.307398],[134.025329,35.307493],[134.02453,35.307143],[134.023014,35.306053],[134.021695,35.305569],[134.020393,35.305999],[134.01877,35.305692],[134.016812,35.30595],[134.015853,35.306784],[134.014766,35.307021],[134.012184,35.306812],[134.011305,35.307427],[134.009839,35.307583],[134.007836,35.308398],[134.007391,35.309328],[134.005495,35.310047],[134.003482,35.3116],[134.003607,35.312614],[134.002688,35.313036],[134.001646,35.313143],[133.999468,35.314651],[134.000222,35.316328],[134.001371,35.318045],[134.000667,35.318773],[134.001271,35.320244],[134.002602,35.321045],[134.002907,35.32161],[134.003826,35.322352],[134.004625,35.324085],[134.004645,35.324751],[134.004161,35.325283],[134.006961,35.327242],[134.008134,35.327277],[134.009173,35.327986],[134.009943,35.329383],[134.010487,35.329698],[134.011988,35.329887],[134.012293,35.330602],[134.013272,35.3317],[134.013621,35.332532],[134.015365,35.333864],[134.015464,35.334947],[134.014176,35.336271],[134.01256,35.336767],[134.011368,35.337876],[134.010949,35.338721],[134.010822,35.340396],[134.012728,35.342191],[134.013211,35.343256],[134.014341,35.344057],[134.015421,35.345294],[134.015901,35.346378],[134.015542,35.347568],[134.015721,35.348695],[134.014806,35.350391],[134.012819,35.349354],[134.011962,35.349488],[134.009655,35.349524],[134.008991,35.349861],[134.008763,35.35073],[134.007919,35.351456],[134.006244,35.351118],[134.004807,35.351069],[134.002757,35.351293],[134.001774,35.35162],[133.999711,35.352719],[133.997668,35.3529],[133.995998,35.352278],[133.994961,35.351591],[133.994671,35.350806],[133.993953,35.350344],[133.993252,35.349532],[133.992886,35.3487],[133.992336,35.348147],[133.990521,35.348311],[133.989666,35.348567],[133.988064,35.347834],[133.986829,35.346808],[133.985273,35.346689],[133.983564,35.345824],[133.981901,35.345248],[133.981062,35.344694],[133.97978,35.34341],[133.978819,35.344111],[133.977766,35.344287],[133.97682,35.345335],[133.975965,35.345843],[133.974394,35.345668],[133.97267,35.346038],[133.97096,35.347697],[133.969633,35.347834],[133.966307,35.346339],[133.964766,35.346686],[133.963148,35.345294],[133.962905,35.344489],[133.96199,35.343894],[133.960494,35.343833],[133.959319,35.344104],[133.957779,35.342578],[133.956802,35.342163],[133.955703,35.342021],[133.954071,35.340698],[133.953675,35.339798],[133.953889,35.338291],[133.951402,35.33686],[133.949911,35.335871],[133.948558,35.334581],[133.947303,35.333682],[133.945321,35.332616],[133.944223,35.332914],[133.942969,35.333984],[133.941769,35.334148],[133.940854,35.334564],[133.939162,35.333858],[133.937742,35.334249],[133.937126,35.335566],[133.935561,35.335625],[133.9341,35.335127],[133.93223,35.333948],[133.931535,35.333206],[133.930473,35.33146],[133.929787,35.330036],[133.929526,35.327313],[133.929102,35.326369],[133.928007,35.324521],[133.927823,35.322097],[133.928323,35.321485],[133.92914,35.321057],[133.930358,35.319855],[133.931519,35.318954],[133.932019,35.317921],[133.932081,35.317071],[133.931812,35.316131],[133.931327,35.31578],[133.931266,35.314714],[133.929905,35.312844],[133.929659,35.312139],[133.928348,35.311434],[133.928194,35.31086],[133.927355,35.310375],[133.926748,35.310514],[133.926148,35.310098],[133.926646,35.309199],[133.926315,35.308184],[133.925307,35.30758],[133.925222,35.306899],[133.923622,35.307056],[133.923006,35.306596],[133.922098,35.306772],[133.920801,35.306389],[133.919494,35.307278],[133.917562,35.307581],[133.916601,35.306995],[133.914941,35.307411],[133.913934,35.306755],[133.913212,35.307121],[133.911168,35.307196],[133.909122,35.306868],[133.90843,35.307246],[133.906838,35.306641],[133.906533,35.304986],[133.904663,35.304715],[133.902033,35.303819],[133.900648,35.303969],[133.899741,35.304448],[133.898041,35.304266],[133.897587,35.303799],[133.896617,35.301487],[133.894801,35.300863],[133.893805,35.299982],[133.892281,35.300096],[133.891859,35.299326],[133.890042,35.298065],[133.888507,35.297506],[133.888184,35.297096],[133.887766,35.29513],[133.885942,35.294241],[133.885304,35.294689],[133.884557,35.295968],[133.883989,35.295578],[133.883635,35.294734],[133.881378,35.293945],[133.880308,35.294027],[133.879493,35.294695],[133.878556,35.294683],[133.877263,35.295225],[133.876025,35.295199],[133.874317,35.294821],[133.87364,35.294374],[133.873549,35.293611],[133.872805,35.293042],[133.872324,35.293285],[133.871311,35.293115],[133.870169,35.292385],[133.869267,35.292969],[133.867347,35.293032],[133.865711,35.293342],[133.862546,35.292701],[133.862009,35.292361],[133.861776,35.290882],[133.861043,35.28991],[133.861441,35.2894],[133.860823,35.288091],[133.860961,35.28688],[133.861732,35.286296],[133.862758,35.286314],[133.865129,35.285864],[133.866343,35.284887],[133.866147,35.283348],[133.865332,35.283438],[133.86411,35.28285],[133.864176,35.281276],[133.865332,35.280271],[133.865294,35.279636],[133.864409,35.278306],[133.864241,35.27762],[133.863463,35.277095],[133.863914,35.276458],[133.864198,35.275291],[133.864787,35.274838],[133.864874,35.273973],[133.865645,35.273135],[133.865943,35.272259],[133.863696,35.271627],[133.863385,35.271216],[133.862343,35.271087],[133.860066,35.269897],[133.859222,35.269319],[133.858175,35.268251],[133.857593,35.26809],[133.855557,35.268117],[133.855193,35.26727],[133.854364,35.266751],[133.853193,35.265663],[133.852239,35.262374],[133.851054,35.260981],[133.849504,35.260384],[133.848938,35.259144],[133.84813,35.258426],[133.847475,35.256929],[133.846275,35.256437],[133.84522,35.254708],[133.844129,35.254099],[133.843729,35.253485],[133.843951,35.25293],[133.845002,35.251531],[133.844527,35.25088],[133.844573,35.249494],[133.843643,35.249324],[133.841539,35.249525],[133.840918,35.250267],[133.838922,35.251198],[133.836871,35.250738],[133.835999,35.250106],[133.835243,35.24998],[133.834247,35.249319],[133.832076,35.248833],[133.829453,35.249223],[133.828195,35.249736],[133.826386,35.249542],[133.825499,35.250043],[133.824838,35.250008],[133.823821,35.250484],[133.822753,35.250547],[133.820202,35.251853],[133.819338,35.252014],[133.818146,35.252634],[133.817696,35.251901],[133.818073,35.250536],[133.818015,35.249606],[133.818633,35.248574],[133.819515,35.247627],[133.820384,35.247373],[133.820668,35.246896],[133.820668,35.245494],[133.820351,35.244642],[133.82082,35.244136],[133.820319,35.242902],[133.820581,35.242171],[133.81912,35.240746],[133.818546,35.239765],[133.819098,35.238274],[133.818866,35.237767],[133.817899,35.23678],[133.817739,35.235483],[133.816599,35.234255],[133.815865,35.23404],[133.815226,35.233318],[133.814833,35.231687],[133.814324,35.230906],[133.811738,35.230169],[133.810997,35.22923],[133.810284,35.229159],[133.810706,35.227566],[133.811578,35.226108],[133.812189,35.2255],[133.812534,35.224694],[133.814558,35.222784],[133.815168,35.221594],[133.815153,35.221117],[133.816571,35.219003],[133.816205,35.218215],[133.814849,35.217825],[133.814035,35.21792],[133.812537,35.219024],[133.810082,35.219444],[133.809377,35.219707],[133.808113,35.219745],[133.807088,35.218576],[133.80633,35.217377],[133.805352,35.216368],[133.803784,35.215527],[133.802932,35.215332],[133.802293,35.214521],[133.800738,35.214721],[133.800047,35.214446],[133.798688,35.214822],[133.796712,35.215934],[133.795193,35.216435],[133.793994,35.217046],[133.792113,35.217279],[133.78986,35.217806],[133.787564,35.218835],[133.786445,35.220046],[133.784803,35.220302],[133.782034,35.221188],[133.780138,35.222219],[133.778558,35.222436],[133.777939,35.220636],[133.778036,35.21988],[133.778523,35.219081],[133.779004,35.216491],[133.779988,35.215857],[133.781194,35.21412],[133.781349,35.212738],[133.779744,35.211613],[133.778893,35.210236],[133.777273,35.20898],[133.776757,35.207656],[133.775049,35.20655],[133.772536,35.205858],[133.772419,35.205253],[133.772769,35.204396],[133.772833,35.203494],[133.772536,35.202811],[133.773175,35.201735],[133.776169,35.200798],[133.77707,35.199516],[133.776939,35.198768],[133.777419,35.198141],[133.77849,35.197299],[133.778741,35.19552],[133.779126,35.194715],[133.779243,35.19285],[133.780224,35.191842],[133.78127,35.190158],[133.779751,35.189478],[133.778879,35.188601],[133.778872,35.187739],[133.778037,35.186248],[133.778909,35.183439],[133.778785,35.182599],[133.777913,35.181123],[133.777339,35.180622],[133.777593,35.179584],[133.777806,35.177678],[133.77925,35.176209],[133.778393,35.175231],[133.776184,35.17314],[133.774527,35.173182],[133.772943,35.172547],[133.772725,35.17204],[133.771352,35.171927],[133.770487,35.171121],[133.770634,35.168679],[133.77153,35.168096],[133.772285,35.166844],[133.771395,35.165297],[133.771525,35.164106],[133.770623,35.163361],[133.769897,35.162416],[133.769214,35.162135],[133.768946,35.161456],[133.767501,35.160525],[133.767205,35.160141],[133.766057,35.159577],[133.765933,35.158887],[133.766282,35.15807],[133.767609,35.156847],[133.768246,35.157125],[133.769287,35.156103],[133.770031,35.155747],[133.771498,35.155723],[133.773691,35.156072],[133.775156,35.155792],[133.776027,35.154978],[133.776913,35.154787],[133.778091,35.153969],[133.7788,35.154],[133.780009,35.153653],[133.780956,35.153025],[133.782067,35.151343],[133.781621,35.149664],[133.782002,35.148015],[133.782753,35.147513],[133.783293,35.147611],[133.784038,35.147006],[133.784139,35.146284],[133.784695,35.145557],[133.786205,35.145324],[133.786749,35.144883],[133.786416,35.143252],[133.788858,35.142104],[133.789192,35.141323],[133.790161,35.141132],[133.791508,35.140481],[133.791383,35.139561],[133.792702,35.137583],[133.795144,35.135979],[133.794416,35.135252],[133.796516,35.135604],[133.797575,35.135397],[133.79783,35.134125],[133.800283,35.132661],[133.801733,35.132188],[133.802567,35.131602],[133.80538,35.131848],[133.806044,35.131071],[133.806858,35.130832],[133.808251,35.131316],[133.809561,35.130923],[133.810663,35.130994],[133.810859,35.131644],[133.811911,35.132043],[133.812809,35.13205],[133.813877,35.132913],[133.816846,35.132268],[133.817199,35.131107],[133.818232,35.129682],[133.819122,35.12916],[133.820399,35.129119],[133.82107,35.128364],[133.821564,35.127249],[133.823383,35.127477],[133.824144,35.127034],[133.82662,35.128382],[133.827529,35.128274],[133.828835,35.127523],[133.831006,35.127195],[133.831957,35.12778],[133.833717,35.128245],[133.833565,35.126254],[133.832926,35.124674],[133.832128,35.123284],[133.833202,35.12297],[133.833804,35.121759],[133.834698,35.120907],[133.835786,35.120683],[133.836135,35.120104],[133.837432,35.119714],[133.837348,35.118501],[133.838566,35.118944],[133.840069,35.119112],[133.842276,35.117433],[133.842697,35.116675],[133.843764,35.116693],[133.843989,35.115196],[133.844737,35.114387],[133.844599,35.1132],[133.843779,35.111264],[133.844606,35.110173],[133.844628,35.108804],[133.843648,35.107454],[133.84306,35.107245],[133.842886,35.10613],[133.843997,35.103336],[133.845601,35.101508],[133.845993,35.102194],[133.847559,35.102279],[133.848713,35.103072],[133.850332,35.103072],[133.850637,35.102899],[133.851987,35.103126],[133.853206,35.104086],[133.854527,35.104584],[133.855471,35.105168],[133.856734,35.105371],[133.858201,35.105037],[133.859543,35.105145],[133.862345,35.103561],[133.863405,35.103555],[133.864029,35.102577],[133.865307,35.102697],[133.865873,35.102044],[133.867129,35.102109],[133.867884,35.101811],[133.868233,35.100088],[133.868128,35.098776],[133.868732,35.09886],[133.87012,35.097818],[133.870236,35.096295],[133.871064,35.095127],[133.872331,35.092552],[133.872817,35.092317],[133.873434,35.091423],[133.874068,35.091251],[133.874701,35.090322],[133.874172,35.089718],[133.874333,35.088779],[133.874217,35.087615],[133.873477,35.086563],[133.873635,35.085509],[133.874836,35.085476],[133.876508,35.085042],[133.877903,35.083956],[133.878763,35.083827],[133.879411,35.08278],[133.879244,35.08223],[133.880291,35.080708],[133.880766,35.080533],[133.882428,35.080684],[133.88311,35.080326],[133.884188,35.080258],[133.885365,35.080501],[133.886521,35.080497],[133.887203,35.080874],[133.887996,35.080377],[133.88952,35.081071],[133.891274,35.080818],[133.891715,35.080373],[133.892786,35.080385],[133.894727,35.079759],[133.895923,35.079865],[133.896931,35.07859],[133.897563,35.077411],[133.898809,35.077146],[133.899321,35.076723],[133.900606,35.076993],[133.901639,35.076158],[133.901579,35.075741],[133.902602,35.074661],[133.904124,35.074444],[133.904577,35.074729],[133.905907,35.073274],[133.906076,35.072719],[133.906899,35.072064],[133.907922,35.072013],[133.908797,35.070657],[133.910657,35.070598],[133.912274,35.068447],[133.912824,35.067399],[133.914164,35.066517],[133.914919,35.067146],[133.915691,35.067089],[133.916148,35.066546],[133.917408,35.065971],[133.917508,35.065512],[133.917028,35.064818],[133.917141,35.063993],[133.918028,35.063501],[133.919116,35.063308],[133.920462,35.064015],[133.921584,35.063124],[133.922577,35.063055],[133.923957,35.063588],[133.925065,35.063145],[133.92568,35.062411],[133.926167,35.06328],[133.926704,35.063574],[133.928246,35.063354],[133.929937,35.063657],[133.931113,35.063529],[133.932583,35.064223],[133.933013,35.064117],[133.933796,35.062966],[133.933936,35.062195],[133.935539,35.062268],[133.936124,35.062663],[133.936351,35.063352],[133.937483,35.063061],[133.937415,35.064994],[133.937739,35.066167],[133.939471,35.065901],[133.939845,35.066104],[133.93973,35.0669],[133.939819,35.068756],[133.940701,35.068838],[133.941463,35.069241],[133.942233,35.070178],[133.943968,35.070971],[133.943623,35.071778],[133.943728,35.07312],[133.944062,35.073669],[133.943664,35.07419],[133.942782,35.076241],[133.942629,35.077351],[133.942969,35.078132],[133.94486,35.078158],[133.944884,35.081747],[133.943448,35.081776],[133.942635,35.083962],[133.943428,35.084477],[133.943293,35.085007],[133.944728,35.085861],[133.946104,35.086061],[133.945636,35.087192],[133.945867,35.087611],[133.946849,35.087409],[133.947271,35.087684],[133.948579,35.087748],[133.948844,35.088124],[133.948374,35.089045],[133.948927,35.089639],[133.948536,35.090246],[133.949236,35.091296],[133.948794,35.09208],[133.949537,35.092675],[133.950286,35.093737],[133.950138,35.094229],[133.950511,35.094889],[133.952523,35.094562],[133.954213,35.095178],[133.954915,35.096685],[133.955591,35.097204],[133.956257,35.09845],[133.956326,35.099354],[133.955871,35.099901],[133.955621,35.102131],[133.955734,35.102763],[133.956762,35.103197],[133.957238,35.103936],[133.958198,35.10458],[133.958434,35.105312],[133.959033,35.105737],[133.960062,35.105987],[133.961222,35.105745],[133.962255,35.106051],[133.963403,35.106806],[133.963471,35.107869],[133.965144,35.109349],[133.965192,35.111089],[133.964251,35.112436],[133.963451,35.113003],[133.963931,35.113553],[133.964074,35.114444],[133.963211,35.114902],[133.962814,35.115677],[133.963357,35.117325],[133.963976,35.118258],[133.964686,35.118619],[133.965024,35.119335],[133.965358,35.121421],[133.966306,35.122478],[133.968226,35.1236],[133.968206,35.124569],[133.968859,35.125245],[133.9691,35.125908],[133.96909,35.128331],[133.969384,35.12914],[133.968903,35.130439],[133.969074,35.131531],[133.968721,35.132114],[133.968451,35.13445],[133.968051,35.135011],[133.968795,35.135548],[133.968678,35.136714],[133.968883,35.137297],[133.970776,35.139338],[133.971348,35.140461],[133.971934,35.140508],[133.972684,35.141088],[133.974032,35.141743],[133.97522,35.143027],[133.975063,35.144238],[133.974413,35.145412],[133.975294,35.146597],[133.974912,35.147216],[133.974767,35.148168],[133.97503,35.148794],[133.974924,35.149686],[133.974259,35.150682],[133.974948,35.151995],[133.975744,35.15313],[133.975963,35.154781],[133.97678,35.154933],[133.977031,35.156351],[133.977972,35.156651],[133.977481,35.157666],[133.978396,35.159066],[133.980434,35.160065],[133.982064,35.16018],[133.983259,35.160906],[133.984137,35.161079],[133.984571,35.162154],[133.985328,35.162279],[133.98626,35.162826],[133.986759,35.164577],[133.987449,35.165742],[133.987326,35.16737],[133.986681,35.167698],[133.98731,35.170168],[133.987894,35.170582],[133.98832,35.171859],[133.989822,35.172109],[133.991223,35.174678],[133.991711,35.174945],[133.992203,35.175911],[133.993182,35.176183],[133.993553,35.1768],[133.994198,35.176767],[133.995478,35.177115],[133.996059,35.178283],[133.995819,35.179108],[133.995855,35.181179],[133.996301,35.181626],[133.995721,35.182372],[133.995944,35.184116],[133.997482,35.185753],[133.997434,35.188013],[133.99788,35.188836],[133.997832,35.190447],[133.998676,35.190932],[133.999588,35.191941],[133.999788,35.193039],[133.999568,35.193918],[133.99808,35.195024],[133.998676,35.196082],[133.99893,35.197051],[134.000216,35.198441],[133.999699,35.200173],[133.998225,35.201475],[133.999046,35.202777],[133.997932,35.204696],[133.99801,35.206107],[133.997427,35.207623],[133.997599,35.208913],[133.996942,35.209446],[133.996846,35.210432],[133.997317,35.211042],[133.997989,35.212891],[133.997955,35.214047],[133.998541,35.214496],[133.998372,35.215085],[133.997143,35.216667],[133.996885,35.218125],[133.997316,35.2191],[133.998236,35.219648],[133.998216,35.220386],[133.998833,35.221834],[133.99978,35.222815],[134.001062,35.223383],[134.001406,35.225058],[134.002731,35.224968],[134.003649,35.226027],[134.004316,35.226038],[134.005984,35.226749],[134.006409,35.228044],[134.007796,35.229115],[134.008688,35.229476],[134.010058,35.229527],[134.010966,35.230428],[134.011927,35.230648],[134.012428,35.231043],[134.010686,35.233369],[134.009089,35.234454],[134.008566,35.234979],[134.007988,35.236097],[134.006663,35.236999],[134.006347,35.238171],[134.005784,35.238875],[134.004474,35.239856],[134.004105,35.240874],[134.004602,35.241592],[134.005256,35.243462],[134.005918,35.244323],[134.005764,35.245135],[134.004789,35.246088],[134.004206,35.247075],[134.003231,35.247846],[134.001337,35.248849],[134.001505,35.249997],[134.001228,35.250738],[134.001496,35.251586],[134.001274,35.252301],[134.000636,35.252967],[134.00027,35.255656],[134.001223,35.256373],[134.002495,35.256569],[134.003662,35.25649],[134.00505,35.256946],[134.005087,35.257828],[134.006108,35.258248],[134.005974,35.259348],[134.007033,35.259766],[134.00799,35.259781],[134.008337,35.261475],[134.009036,35.262768],[134.008596,35.263494],[134.009535,35.263653],[134.010115,35.264178],[134.012153,35.264996],[134.013012,35.265619],[134.014708,35.265782],[134.016893,35.266796],[134.018328,35.268036],[134.019358,35.269264],[134.020128,35.271473],[134.020073,35.272522],[134.021906,35.273954],[134.021728,35.274753],[134.02211,35.276676],[134.021841,35.277958],[134.021907,35.27872],[134.020871,35.28061],[134.020607,35.281991],[134.018751,35.283028],[134.017427,35.284028],[134.017387,35.28474],[134.017847,35.285085],[134.018121,35.286508],[134.018753,35.286914],[134.018534,35.28848],[134.018836,35.28928],[134.018671,35.2899],[134.01932,35.290521],[134.018826,35.291126],[134.01924,35.291649],[134.020244,35.291472],[134.021216,35.292444],[134.021371,35.293428],[134.023019,35.293792],[134.023466,35.294109],[134.023335,35.295118],[134.024535,35.2962],[134.02543,35.296307],[134.025669,35.298161],[134.026139,35.298722],[134.026154,35.299336],[134.026618,35.299779],[134.027667,35.301658],[134.028311,35.302363],[134.028666,35.303829],[134.029563,35.304499],[134.030142,35.305421]]]]}},
  {"type":"Feature","properties":{"name":"勝央町","code":"33622"},"geometry":{"type":"MultiPolygon","coordinates":[[[[134.084356,35.019359],[134.085153,35.017721],[134.085077,35.016852],[134.085555,35.016436],[134.086452,35.016318],[134.087464,35.015376],[134.086984,35.012769],[134.087191,35.012104],[134.08813,35.011661],[134.089151,35.01209],[134.090149,35.013087],[134.091689,35.013221],[134.0932,35.013599],[134.093671,35.013903],[134.094976,35.014131],[134.095342,35.013729],[134.096015,35.014166],[134.096223,35.01488],[134.097141,35.014977],[134.098288,35.015528],[134.098696,35.016144],[134.09933,35.016428],[134.10005,35.017243],[134.101979,35.017336],[134.102715,35.017142],[134.103305,35.016199],[134.103864,35.016117],[134.105587,35.014807],[134.107634,35.014765],[134.107038,35.016011],[134.108524,35.016108],[134.108762,35.015098],[134.109701,35.015073],[134.110981,35.014568],[134.112027,35.015123],[134.114042,35.015447],[134.115838,35.016352],[134.118143,35.016258],[134.118565,35.016601],[134.119079,35.01766],[134.120053,35.017982],[134.120961,35.018819],[134.122143,35.019151],[134.122961,35.018467],[134.124987,35.017701],[134.126876,35.017957],[134.12826,35.018539],[134.128865,35.017822],[134.130791,35.017946],[134.131859,35.018538],[134.132675,35.019381],[134.133914,35.019557],[134.134741,35.019127],[134.137297,35.019131],[134.138713,35.018525],[134.138969,35.020351],[134.140107,35.021731],[134.140156,35.022764],[134.139621,35.023238],[134.139592,35.026423],[134.139824,35.027506],[134.138758,35.03018],[134.138608,35.032419],[134.139539,35.033585],[134.138829,35.034369],[134.13816,35.034484],[134.136805,35.035105],[134.136689,35.035373],[134.138219,35.037117],[134.138579,35.037821],[134.137886,35.03842],[134.138509,35.039368],[134.138515,35.040458],[134.137829,35.042308],[134.136584,35.043158],[134.136508,35.045084],[134.135795,35.04647],[134.135755,35.047191],[134.136997,35.048511],[134.138218,35.048865],[134.139277,35.048201],[134.140187,35.048716],[134.142511,35.047981],[134.144571,35.047813],[134.146414,35.0481],[134.14909,35.047721],[134.149335,35.046767],[134.150417,35.046915],[134.151406,35.046796],[134.152627,35.047278],[134.155553,35.047197],[134.156296,35.047331],[134.158415,35.048449],[134.158822,35.049716],[134.159596,35.049439],[134.160707,35.048368],[134.160978,35.047727],[134.161929,35.046452],[134.16333,35.04567],[134.164196,35.045795],[134.165789,35.045731],[134.16781,35.044726],[134.168963,35.044718],[134.170003,35.044444],[134.171274,35.044417],[134.172283,35.043793],[134.173846,35.044216],[134.176088,35.045229],[134.176617,35.046513],[134.177451,35.04669],[134.177865,35.048876],[134.179498,35.050399],[134.179667,35.051293],[134.180832,35.052494],[134.180836,35.053395],[134.179429,35.053838],[134.179082,35.054164],[134.178986,35.055418],[134.179224,35.055906],[134.179059,35.057258],[134.178639,35.058008],[134.177163,35.059367],[134.176971,35.060426],[134.177136,35.061314],[134.176734,35.061732],[134.176889,35.062461],[134.177689,35.06284],[134.178913,35.062787],[134.179557,35.063035],[134.180307,35.062689],[134.181157,35.062934],[134.182553,35.062397],[134.183491,35.062603],[134.184771,35.062239],[134.184985,35.06287],[134.185959,35.064146],[134.185867,35.064769],[134.184026,35.066166],[134.184126,35.066721],[134.183478,35.067461],[134.182646,35.068017],[134.180125,35.068106],[134.177917,35.068336],[134.177223,35.068576],[134.177671,35.069886],[134.177524,35.070565],[134.176601,35.071065],[134.176583,35.072052],[134.177352,35.072707],[134.176697,35.073238],[134.176628,35.073904],[134.175679,35.073813],[134.175158,35.074366],[134.174338,35.074569],[134.171954,35.075839],[134.170237,35.076556],[134.170073,35.076804],[134.170898,35.079033],[134.171411,35.079624],[134.172404,35.080151],[134.17261,35.081287],[134.173059,35.08166],[134.171912,35.082915],[134.171947,35.083541],[134.173083,35.084423],[134.172315,35.085179],[134.173741,35.086701],[134.173441,35.087638],[134.173554,35.088402],[134.174201,35.088774],[134.174407,35.089837],[134.175201,35.090336],[134.175811,35.091644],[134.176304,35.092286],[134.174151,35.092694],[134.171854,35.092541],[134.170777,35.093101],[134.169157,35.093425],[134.167813,35.094244],[134.165866,35.094896],[134.164907,35.094523],[134.163633,35.095301],[134.162615,35.095308],[134.162471,35.094546],[134.161059,35.09538],[134.159783,35.095427],[134.159269,35.094704],[134.157783,35.094386],[134.156822,35.094676],[134.154749,35.096095],[134.154049,35.09598],[134.153069,35.095438],[134.150739,35.0954],[134.150022,35.096664],[134.149028,35.097377],[134.147848,35.097941],[134.147354,35.098773],[134.147192,35.100365],[134.147481,35.102898],[134.146627,35.103188],[134.145647,35.102562],[134.143683,35.103691],[134.143206,35.10338],[134.141664,35.103399],[134.139422,35.103588],[134.139452,35.102595],[134.138971,35.100583],[134.137777,35.100737],[134.137088,35.098654],[134.136464,35.098403],[134.13536,35.099039],[134.134113,35.099318],[134.133747,35.099874],[134.132573,35.100723],[134.132066,35.10195],[134.131339,35.103093],[134.131211,35.102403],[134.128557,35.101855],[134.126884,35.100874],[134.126136,35.099944],[134.125209,35.099443],[134.125056,35.098998],[134.125121,35.097063],[134.124431,35.09647],[134.122605,35.095681],[134.122308,35.094695],[134.12016,35.093137],[134.118844,35.092715],[134.118837,35.092191],[134.118065,35.089983],[134.117074,35.089373],[134.115306,35.088031],[134.113522,35.086408],[134.112102,35.085693],[134.111076,35.085596],[134.109741,35.084768],[134.109009,35.083677],[134.106155,35.084504],[134.10464,35.084285],[134.104164,35.083612],[134.103991,35.081665],[134.103521,35.081076],[134.103086,35.079388],[134.10277,35.078845],[134.102469,35.077476],[134.102104,35.076798],[134.101719,35.075037],[134.101107,35.071046],[134.100487,35.070831],[134.101045,35.070043],[134.102242,35.069199],[134.103625,35.068476],[134.103926,35.067883],[134.10526,35.067209],[134.104727,35.06617],[134.105137,35.064123],[134.104804,35.063914],[134.105348,35.062764],[134.105141,35.061592],[134.105313,35.060859],[134.104682,35.060443],[134.104568,35.059726],[134.102734,35.059148],[134.102433,35.058119],[134.102784,35.05752],[134.103708,35.057009],[134.104021,35.056288],[134.10389,35.055439],[134.102926,35.054124],[134.102984,35.052843],[134.102302,35.05197],[134.102776,35.051492],[134.102312,35.050583],[134.101453,35.050375],[134.098144,35.050498],[134.097884,35.051072],[134.097069,35.051582],[134.095916,35.052617],[134.094988,35.052603],[134.094079,35.05311],[134.093466,35.053769],[134.092638,35.053491],[134.091761,35.054369],[134.090472,35.054022],[134.08722,35.053584],[134.086408,35.052586],[134.085691,35.052478],[134.085165,35.051903],[134.084395,35.052039],[134.083352,35.051693],[134.0828,35.050931],[134.081241,35.050747],[134.080765,35.051039],[134.078825,35.050385],[134.079095,35.049583],[134.079061,35.048414],[134.080714,35.047239],[134.082003,35.047361],[134.083028,35.048134],[134.084005,35.048238],[134.084389,35.047978],[134.084971,35.046834],[134.085013,35.044858],[134.084312,35.043848],[134.084215,35.042923],[134.083239,35.04164],[134.08344,35.040991],[134.084358,35.040259],[134.084278,35.039918],[134.082721,35.038902],[134.083029,35.037815],[134.083603,35.037554],[134.082893,35.036581],[134.082141,35.036279],[134.081912,35.035618],[134.082224,35.03458],[134.081622,35.034191],[134.081489,35.03293],[134.083726,35.032162],[134.082885,35.030851],[134.082709,35.030144],[134.082713,35.02701],[134.082241,35.026011],[134.082515,35.025127],[134.083567,35.022961],[134.083779,35.021974],[134.083481,35.020234],[134.084356,35.019359]]]]}},
  {"type":"Feature","properties":{"name":"奈義町","code":"33623"},"geometry":{"type":"MultiPolygon","coordinates":[[[[134.131339,35.103093],[134.132066,35.10195],[134.132573,35.100723],[134.133747,35.099874],[134.134113,35.099318],[134.13536,35.099039],[134.136464,35.098403],[134.137088,35.098654],[134.137777,35.100737],[134.138971,35.100583],[134.139452,35.102595],[134.139422,35.103588],[134.141664,35.103399],[134.143206,35.10338],[134.143683,35.103691],[134.145647,35.102562],[134.146627,35.103188],[134.147481,35.102898],[134.147192,35.100365],[134.147354,35.098773],[134.147848,35.097941],[134.149028,35.097377],[134.150022,35.096664],[134.150739,35.0954],[134.153069,35.095438],[134.154049,35.09598],[134.154749,35.096095],[134.156822,35.094676],[134.157783,35.094386],[134.159269,35.094704],[134.159783,35.095427],[134.161059,35.09538],[134.162471,35.094546],[134.162615,35.095308],[134.163633,35.095301],[134.164907,35.094523],[134.165866,35.094896],[134.167813,35.094244],[134.169157,35.093425],[134.170777,35.093101],[134.171854,35.092541],[134.174151,35.092694],[134.176304,35.092286],[134.177544,35.092461],[134.178678,35.091847],[134.179671,35.091069],[134.181475,35.089977],[134.183155,35.089369],[134.184608,35.090026],[134.185222,35.090793],[134.186515,35.091368],[134.187675,35.09228],[134.189235,35.092456],[134.189902,35.091831],[134.190769,35.091758],[134.190209,35.093258],[134.190296,35.09463],[134.189602,35.095408],[134.190096,35.096307],[134.189776,35.09706],[134.190342,35.097942],[134.191426,35.098347],[134.192279,35.098977],[134.193359,35.09895],[134.194746,35.099191],[134.194556,35.099966],[134.195309,35.10024],[134.195216,35.100974],[134.195582,35.1015],[134.196726,35.101475],[134.198319,35.103105],[134.198672,35.103806],[134.199486,35.103762],[134.199373,35.102163],[134.198772,35.101114],[134.198952,35.100166],[134.201543,35.100621],[134.20298,35.100747],[134.20418,35.101503],[134.205493,35.102675],[134.206373,35.102807],[134.20713,35.104015],[134.208023,35.10413],[134.207523,35.102043],[134.20657,35.10035],[134.206463,35.099323],[134.20689,35.098222],[134.20671,35.096729],[134.208163,35.096077],[134.209877,35.097545],[134.21043,35.097425],[134.21121,35.098208],[134.212297,35.098624],[134.212762,35.099049],[134.213924,35.099249],[134.214984,35.100109],[134.218191,35.100076],[134.218531,35.101676],[134.219474,35.102314],[134.219128,35.104212],[134.219601,35.104513],[134.221051,35.104738],[134.222024,35.105335],[134.221898,35.105888],[134.222204,35.106888],[134.222964,35.107315],[134.224511,35.107573],[134.224851,35.108208],[134.225673,35.108249],[134.228261,35.109424],[134.229355,35.109381],[134.230773,35.110007],[134.231175,35.110717],[134.23121,35.11199],[134.232495,35.113308],[134.232455,35.113643],[134.231248,35.11424],[134.230305,35.115519],[134.229518,35.115732],[134.227998,35.115524],[134.226551,35.116047],[134.225711,35.116568],[134.225704,35.119046],[134.223361,35.120293],[134.224481,35.121451],[134.224934,35.122588],[134.226885,35.123464],[134.228828,35.124004],[134.230454,35.124316],[134.231074,35.12608],[134.231831,35.126874],[134.231944,35.128252],[134.231391,35.128901],[134.231571,35.129734],[134.231318,35.130501],[134.230078,35.131361],[134.229958,35.131991],[134.229171,35.132511],[134.227951,35.132609],[134.226964,35.133228],[134.226017,35.133354],[134.225144,35.134143],[134.224504,35.135913],[134.223597,35.136871],[134.223113,35.140656],[134.22312,35.141467],[134.22344,35.142333],[134.223046,35.143406],[134.224313,35.14368],[134.225533,35.143593],[134.2263,35.145573],[134.227447,35.14697],[134.228627,35.148881],[134.227627,35.150292],[134.226373,35.151744],[134.226756,35.152004],[134.2272,35.153393],[134.227073,35.154181],[134.228596,35.155759],[134.228523,35.157482],[134.226983,35.158251],[134.226534,35.160151],[134.22591,35.160494],[134.224949,35.161522],[134.224183,35.162058],[134.223249,35.163433],[134.221216,35.16471],[134.221669,35.165164],[134.222076,35.167676],[134.221677,35.17009],[134.222168,35.171926],[134.221553,35.173055],[134.222021,35.174169],[134.223267,35.175064],[134.224711,35.175711],[134.22437,35.177214],[134.223331,35.177588],[134.222191,35.178796],[134.221723,35.179038],[134.221916,35.17994],[134.220509,35.180522],[134.21953,35.181391],[134.219176,35.182297],[134.219157,35.183343],[134.218339,35.185236],[134.217006,35.185368],[134.216652,35.186656],[134.216735,35.188057],[134.21652,35.189489],[134.214223,35.190162],[134.21325,35.190758],[134.212644,35.190723],[134.211798,35.189846],[134.209091,35.189994],[134.20752,35.189257],[134.204839,35.189348],[134.203174,35.188794],[134.202423,35.188892],[134.201347,35.189657],[134.201424,35.190471],[134.198409,35.190533],[134.196748,35.189756],[134.195626,35.189397],[134.193892,35.189291],[134.192851,35.188562],[134.193073,35.188021],[134.193969,35.187362],[134.193645,35.186099],[134.193679,35.184345],[134.192646,35.183756],[134.192244,35.182844],[134.192176,35.181848],[134.191553,35.181244],[134.191263,35.180339],[134.190199,35.178657],[134.190494,35.177736],[134.189937,35.175865],[134.186772,35.173913],[134.185243,35.173253],[134.184577,35.172783],[134.182238,35.171843],[134.180846,35.171654],[134.179101,35.169849],[134.177598,35.169171],[134.174304,35.169618],[134.172448,35.169743],[134.170423,35.170744],[134.168834,35.171875],[134.167534,35.171826],[134.167186,35.170899],[134.165189,35.169509],[134.161067,35.169565],[134.160238,35.16861],[134.157598,35.167887],[134.15606,35.167778],[134.155138,35.16728],[134.153241,35.166992],[134.151703,35.167385],[134.150327,35.16721],[134.149669,35.166466],[134.148149,35.165676],[134.147568,35.16489],[134.146098,35.163703],[134.145551,35.162731],[134.143787,35.16259],[134.141817,35.162773],[134.14104,35.16259],[134.140681,35.161797],[134.140766,35.161011],[134.141433,35.159719],[134.141877,35.157884],[134.143005,35.156817],[134.14321,35.154683],[134.143535,35.153349],[134.143509,35.152433],[134.142911,35.150299],[134.142928,35.147947],[134.143595,35.145982],[134.143604,35.144248],[134.143381,35.141233],[134.142655,35.138084],[134.141972,35.135726],[134.141258,35.13481],[134.141395,35.134522],[134.140126,35.132223],[134.13978,35.1321],[134.138823,35.130099],[134.138091,35.127898],[134.137798,35.126229],[134.137653,35.123869],[134.137396,35.12306],[134.136061,35.12069],[134.134808,35.118719],[134.13381,35.117435],[134.134054,35.116164],[134.133896,35.112145],[134.133364,35.111291],[134.132578,35.110596],[134.131849,35.109202],[134.131973,35.107786],[134.131708,35.107105],[134.131753,35.105843],[134.131339,35.103093]]]]}},
  {"type":"Feature","properties":{"name":"西粟倉村","code":"33643"},"geometry":{"type":"MultiPolygon","coordinates":[[[[134.382993,35.194439],[134.383615,35.195285],[134.383671,35.195886],[134.383028,35.197451],[134.383632,35.19908],[134.382688,35.199768],[134.382243,35.2027],[134.381432,35.204502],[134.381316,35.206347],[134.38078,35.207843],[134.379983,35.209356],[134.379999,35.210513],[134.380734,35.210693],[134.381438,35.211493],[134.380773,35.212506],[134.380949,35.213396],[134.380981,35.215193],[134.382096,35.216667],[134.381152,35.21789],[134.381137,35.218642],[134.382069,35.219495],[134.381943,35.220478],[134.382517,35.221724],[134.383495,35.221803],[134.383992,35.222269],[134.384875,35.222483],[134.385269,35.223429],[134.386248,35.223688],[134.387514,35.223381],[134.388508,35.223667],[134.389753,35.224498],[134.391505,35.224937],[134.392986,35.225512],[134.393978,35.226852],[134.396998,35.227618],[134.39687,35.228317],[134.397221,35.229115],[134.396869,35.230077],[134.397562,35.231133],[134.398459,35.231476],[134.398991,35.232524],[134.398943,35.233128],[134.399806,35.235295],[134.400128,35.23654],[134.40154,35.239356],[134.402814,35.241024],[134.401527,35.242393],[134.401668,35.243873],[134.401336,35.244681],[134.401693,35.245824],[134.400588,35.246491],[134.399918,35.247661],[134.398781,35.248359],[134.398346,35.248941],[134.398519,35.249629],[134.39758,35.250474],[134.396303,35.250295],[134.395415,35.250584],[134.394987,35.251313],[134.393665,35.251749],[134.39355,35.252489],[134.393066,35.252693],[134.390308,35.25231],[134.389727,35.252122],[134.388473,35.250951],[134.387034,35.250261],[134.38539,35.25025],[134.384353,35.249098],[134.382485,35.248792],[134.381383,35.248853],[134.38069,35.247896],[134.379739,35.247288],[134.378869,35.247164],[134.378706,35.246568],[134.376981,35.246455],[134.375486,35.246162],[134.374699,35.246218],[134.373788,35.245712],[134.373163,35.245881],[134.372622,35.245344],[134.372607,35.244698],[134.373463,35.243876],[134.374142,35.242762],[134.374441,35.241208],[134.374264,35.240498],[134.373544,35.239778],[134.373558,35.239327],[134.374332,35.238922],[134.374848,35.238044],[134.374672,35.237244],[134.373381,35.235871],[134.372162,35.23481],[134.371922,35.234165],[134.37008,35.233348],[134.3689,35.231719],[134.367967,35.231576],[134.366891,35.230942],[134.365537,35.23109],[134.363778,35.230409],[134.361843,35.228928],[134.360377,35.2292],[134.359726,35.228675],[134.357799,35.228085],[134.355919,35.226824],[134.35466,35.226547],[134.353095,35.224819],[134.351821,35.224505],[134.351158,35.223448],[134.350399,35.222818],[134.349025,35.222873],[134.346763,35.222509],[134.343856,35.220807],[134.342501,35.220651],[134.34159,35.221087],[134.339809,35.221259],[134.338344,35.220313],[134.337775,35.220219],[134.336554,35.219483],[134.336433,35.218379],[134.336659,35.217239],[134.33565,35.216067],[134.334984,35.214839],[134.335107,35.213735],[134.334682,35.212893],[134.333361,35.212383],[134.33191,35.212191],[134.331011,35.211169],[134.330919,35.210682],[134.330131,35.209842],[134.32892,35.209302],[134.327823,35.207807],[134.325949,35.206062],[134.32472,35.204733],[134.323168,35.203928],[134.322698,35.202754],[134.321975,35.202543],[134.321218,35.201817],[134.320026,35.201448],[134.318528,35.202314],[134.316595,35.202246],[134.315111,35.200908],[134.313794,35.200594],[134.311188,35.201162],[134.310035,35.200815],[134.307932,35.201021],[134.306426,35.201754],[134.303938,35.201727],[134.302715,35.202093],[134.301689,35.202157],[134.30099,35.201942],[134.298996,35.20186],[134.297786,35.201],[134.296764,35.201214],[134.295856,35.200903],[134.295533,35.200459],[134.294166,35.199422],[134.293034,35.199251],[134.291704,35.200118],[134.289556,35.199406],[134.28725,35.199232],[134.285969,35.198581],[134.28459,35.198138],[134.283939,35.198227],[134.282316,35.197878],[134.281335,35.196703],[134.280704,35.195947],[134.280595,35.195016],[134.280069,35.194299],[134.280247,35.192768],[134.280165,35.19205],[134.280538,35.191333],[134.280293,35.190783],[134.281298,35.18969],[134.283316,35.188178],[134.283798,35.187611],[134.283943,35.185505],[134.283342,35.184499],[134.282924,35.182368],[134.283073,35.181899],[134.283979,35.180818],[134.285345,35.179911],[134.286259,35.178792],[134.28774,35.178324],[134.288427,35.177516],[134.289278,35.177372],[134.28972,35.176488],[134.289353,35.175571],[134.288164,35.174866],[134.287297,35.173215],[134.287471,35.171858],[134.287953,35.171556],[134.288834,35.169852],[134.288954,35.168179],[134.289915,35.166886],[134.289839,35.1647],[134.290278,35.163556],[134.291658,35.162181],[134.292687,35.160764],[134.292855,35.159807],[134.293745,35.158461],[134.295253,35.158468],[134.296163,35.157974],[134.296501,35.157489],[134.297413,35.15759],[134.298568,35.157274],[134.2999,35.156216],[134.301048,35.15732],[134.30172,35.157308],[134.303051,35.156396],[134.305198,35.154583],[134.308499,35.153728],[134.30983,35.153232],[134.311012,35.152433],[134.312941,35.152658],[134.31411,35.151938],[134.316936,35.151949],[134.317414,35.151861],[134.317988,35.15075],[134.318878,35.150159],[134.319408,35.149224],[134.320373,35.148053],[134.320753,35.146916],[134.321867,35.147895],[134.323433,35.147901],[134.325807,35.146938],[134.327001,35.146612],[134.32847,35.145958],[134.33127,35.145536],[134.331907,35.145125],[134.333361,35.144923],[134.333996,35.14441],[134.334529,35.145069],[134.336358,35.146385],[134.337681,35.147197],[134.338428,35.147344],[134.339292,35.148406],[134.339203,35.149292],[134.340561,35.150677],[134.340521,35.151904],[134.341586,35.153844],[134.341013,35.155425],[134.342422,35.156543],[134.343536,35.156611],[134.344315,35.157364],[134.344808,35.158499],[134.345568,35.159459],[134.345833,35.160861],[134.345721,35.161455],[134.349623,35.163198],[134.350954,35.164245],[134.352355,35.164714],[134.35341,35.164697],[134.354806,35.165351],[134.355315,35.166216],[134.355529,35.167106],[134.356972,35.168434],[134.358093,35.169853],[134.357883,35.17056],[134.35973,35.172101],[134.360368,35.173614],[134.360816,35.174154],[134.36161,35.174375],[134.364268,35.175776],[134.365086,35.17598],[134.366151,35.175928],[134.366906,35.176722],[134.368272,35.177264],[134.369131,35.177848],[134.369123,35.178763],[134.369409,35.179444],[134.370633,35.180046],[134.371685,35.181946],[134.371924,35.18211],[134.374116,35.182476],[134.375529,35.183591],[134.376148,35.183832],[134.376493,35.184821],[134.377241,35.185279],[134.377903,35.186051],[134.379062,35.186383],[134.379331,35.186907],[134.378971,35.188315],[134.379659,35.189142],[134.379892,35.189945],[134.380921,35.191197],[134.381145,35.193283],[134.381585,35.194129],[134.382993,35.194439]]]]}},
  {"type":"Feature","properties":{"name":"久米南町","code":"33663"},"geometry":{"type":"MultiPolygon","coordinates":[[[[133.955355,34.872731],[133.956311,34.873289],[133.957479,34.873312],[133.959227,34.873096],[133.95996,34.872703],[133.960534,34.873261],[133.961132,34.874564],[133.963694,34.874258],[133.964758,34.875578],[133.96584,34.876406],[133.967608,34.876316],[133.970218,34.877962],[133.970778,34.877453],[133.972299,34.877085],[133.973234,34.87764],[133.973939,34.878582],[133.97458,34.878609],[133.975394,34.879246],[133.975641,34.879958],[133.976255,34.880441],[133.975756,34.881021],[133.97553,34.881794],[133.975717,34.882674],[133.977586,34.884032],[133.978592,34.885406],[133.979483,34.88632],[133.982184,34.88664],[133.984726,34.886692],[133.985871,34.886595],[133.987819,34.886742],[133.98881,34.887339],[133.990246,34.887576],[133.991025,34.888325],[133.992282,34.888303],[133.993717,34.889394],[133.994654,34.88977],[133.996507,34.890782],[133.997778,34.890436],[133.999057,34.890595],[134.00067,34.89193],[134.000885,34.893097],[134.001571,34.893673],[134.002692,34.894045],[134.003345,34.894777],[134.004551,34.894782],[134.004387,34.896046],[134.00339,34.897158],[134.001734,34.898511],[134.001277,34.900177],[134.001165,34.902219],[134.000545,34.903076],[134.001813,34.904099],[134.002261,34.905823],[134.001502,34.906917],[134.00196,34.907886],[134.00324,34.908981],[134.001891,34.910416],[134.001898,34.911132],[134.002396,34.911604],[134.003367,34.911987],[134.004113,34.91182],[134.004748,34.912131],[134.006553,34.91209],[134.007429,34.913786],[134.007341,34.914502],[134.008663,34.915088],[134.008549,34.915601],[134.008991,34.916657],[134.009778,34.916724],[134.010899,34.917214],[134.010968,34.917816],[134.010372,34.919189],[134.011108,34.920164],[134.011009,34.920716],[134.011622,34.921431],[134.011003,34.922859],[134.011016,34.923294],[134.011861,34.924078],[134.011908,34.92577],[134.012872,34.927441],[134.013153,34.928646],[134.013664,34.929748],[134.012336,34.931339],[134.013906,34.934329],[134.013961,34.935537],[134.014711,34.937137],[134.016031,34.938345],[134.01457,34.937828],[134.012409,34.937663],[134.011146,34.937686],[134.009914,34.937169],[134.008038,34.936805],[134.006774,34.937031],[134.005519,34.937895],[134.005634,34.938294],[134.006499,34.938802],[134.005612,34.940613],[134.005091,34.941303],[134.004266,34.941517],[134.003132,34.942292],[134.003586,34.943808],[134.003586,34.944822],[134.004336,34.945993],[134.004301,34.946775],[134.003649,34.948118],[134.002433,34.948261],[134.001731,34.949544],[134.002328,34.950156],[134.002318,34.950944],[134.001834,34.951541],[134.000941,34.951888],[134.001042,34.952539],[134.000526,34.953746],[134.002251,34.954409],[134.002797,34.954769],[134.002979,34.955408],[134.002711,34.956951],[134.002905,34.95834],[134.003228,34.958589],[134.004878,34.958515],[134.004786,34.959389],[134.003534,34.960273],[134.002969,34.962385],[134.003439,34.963221],[134.004192,34.963711],[134.003997,34.964513],[134.002509,34.96419],[134.000509,34.964101],[133.998706,34.964432],[133.997589,34.96411],[133.994996,34.963972],[133.994251,34.964134],[133.993226,34.964924],[133.992333,34.964451],[133.991612,34.963533],[133.990792,34.963209],[133.988746,34.963479],[133.986509,34.963209],[133.986804,34.964059],[133.986558,34.964465],[133.985296,34.963864],[133.983361,34.963661],[133.982091,34.96439],[133.980799,34.964498],[133.978176,34.964228],[133.976259,34.96279],[133.974652,34.962047],[133.972532,34.961831],[133.970852,34.961993],[133.969951,34.961716],[133.968795,34.961642],[133.967372,34.961811],[133.966241,34.961379],[133.965659,34.960589],[133.964397,34.960359],[133.963536,34.95985],[133.962856,34.96035],[133.96052,34.960661],[133.958753,34.961521],[133.9559,34.963363],[133.95454,34.963836],[133.952887,34.963883],[133.951609,34.964301],[133.95033,34.964484],[133.949748,34.965938],[133.949084,34.966113],[133.947798,34.965911],[133.946913,34.966559],[133.946301,34.967653],[133.945694,34.96822],[133.944145,34.969131],[133.942776,34.969509],[133.941908,34.971321],[133.941719,34.972245],[133.940965,34.973265],[133.940055,34.97344],[133.938632,34.975292],[133.936984,34.975299],[133.935624,34.974827],[133.934952,34.973764],[133.935321,34.972475],[133.934976,34.970618],[133.935386,34.968604],[133.935059,34.967618],[133.933583,34.966268],[133.932436,34.96591],[133.930898,34.965978],[133.93066,34.965006],[133.929266,34.963937],[133.928857,34.964274],[133.926595,34.963538],[133.925645,34.961911],[133.926194,34.961121],[133.926194,34.960338],[133.926579,34.960072],[133.926587,34.959282],[133.926186,34.958351],[133.925235,34.957216],[133.923836,34.956413],[133.922836,34.955182],[133.923099,34.954581],[133.923025,34.953251],[133.922296,34.951192],[133.920992,34.950717],[133.920918,34.950171],[133.918812,34.94986],[133.918394,34.949104],[133.918304,34.948253],[133.917766,34.947463],[133.915553,34.946518],[133.913332,34.945064],[133.911627,34.944335],[133.91013,34.943842],[133.909958,34.943309],[133.90813,34.94177],[133.907343,34.94147],[133.906737,34.939243],[133.906335,34.938182],[133.906516,34.936303],[133.907098,34.935473],[133.907041,34.934967],[133.907565,34.93442],[133.908762,34.933725],[133.909614,34.932705],[133.909483,34.931825],[133.909762,34.931035],[133.908762,34.929523],[133.908557,34.928808],[133.908582,34.926577],[133.907114,34.925119],[133.905459,34.924937],[133.905107,34.925261],[133.903404,34.925483],[133.902493,34.923989],[133.901774,34.923357],[133.901012,34.923121],[133.900536,34.922585],[133.900979,34.921464],[133.902011,34.920668],[133.903929,34.920067],[133.904931,34.919509],[133.906273,34.918221],[133.905889,34.917724],[133.904446,34.917071],[133.90396,34.915857],[133.903432,34.915722],[133.902272,34.916095],[133.901042,34.915537],[133.900111,34.914026],[133.89826,34.913226],[133.897105,34.913581],[133.894767,34.913699],[133.894296,34.913553],[133.894456,34.912178],[133.893876,34.911306],[133.894173,34.90959],[133.894706,34.908804],[133.895486,34.908244],[133.898233,34.907486],[133.898656,34.9063],[133.899413,34.905812],[133.899771,34.905241],[133.899743,34.904004],[133.900215,34.903065],[133.9015,34.901803],[133.902566,34.901487],[133.903158,34.903182],[133.904139,34.903122],[133.904179,34.904147],[133.904925,34.904057],[133.905341,34.905297],[133.907388,34.905118],[133.907939,34.905235],[133.908451,34.906221],[133.909231,34.906655],[133.910645,34.906276],[133.911493,34.906452],[133.912144,34.905995],[133.911541,34.90478],[133.912295,34.903736],[133.912949,34.903217],[133.913803,34.903026],[133.914921,34.903283],[133.916646,34.903212],[133.917378,34.902446],[133.918369,34.902632],[133.919469,34.901622],[133.920488,34.901068],[133.922232,34.900831],[133.922942,34.901288],[133.9232,34.900299],[133.92205,34.899562],[133.921554,34.89898],[133.920983,34.897706],[133.921482,34.896925],[133.920949,34.896132],[133.920653,34.894894],[133.921207,34.894295],[133.922274,34.894014],[133.922782,34.893004],[133.924181,34.892794],[133.925867,34.893074],[133.926411,34.893422],[133.927576,34.892488],[133.927436,34.89186],[133.928107,34.890905],[133.929109,34.890027],[133.929346,34.889439],[133.930556,34.887839],[133.931819,34.886876],[133.934216,34.885966],[133.935121,34.885342],[133.935277,34.884401],[133.936228,34.884369],[133.938239,34.884768],[133.938499,34.883939],[133.937091,34.882441],[133.935356,34.881245],[133.933591,34.879425],[133.932839,34.878116],[133.931725,34.877452],[133.930911,34.876615],[133.929785,34.876416],[133.928793,34.875452],[133.928036,34.875127],[133.927843,34.874663],[133.92787,34.872794],[133.928951,34.873209],[133.929507,34.873984],[133.931215,34.874164],[133.932512,34.873976],[133.932641,34.873283],[133.933428,34.872922],[133.934289,34.873339],[133.934873,34.873178],[133.936197,34.8715],[133.937462,34.870973],[133.938715,34.871198],[133.939743,34.871124],[133.941,34.871283],[133.943325,34.870005],[133.945512,34.869662],[133.946554,34.870334],[133.946858,34.870815],[133.948929,34.871125],[133.949871,34.871062],[133.951053,34.871696],[133.951437,34.87212],[133.952169,34.8721],[133.953146,34.871559],[133.955355,34.872731]]]]}},
  {"type":"Feature","properties":{"name":"美咲町","code":"33666"},"geometry":{"type":"MultiPolygon","coordinates":[[[[133.91013,34.943842],[133.911627,34.944335],[133.913332,34.945064],[133.915553,34.946518],[133.917766,34.947463],[133.918304,34.948253],[133.918394,34.949104],[133.918812,34.94986],[133.920918,34.950171],[133.920992,34.950717],[133.922296,34.951192],[133.923025,34.953251],[133.923099,34.954581],[133.922836,34.955182],[133.923836,34.956413],[133.925235,34.957216],[133.926186,34.958351],[133.926587,34.959282],[133.926579,34.960072],[133.926194,34.960338],[133.926194,34.961121],[133.925645,34.961911],[133.926595,34.963538],[133.928857,34.964274],[133.929266,34.963937],[133.93066,34.965006],[133.930898,34.965978],[133.932436,34.96591],[133.933583,34.966268],[133.935059,34.967618],[133.935386,34.968604],[133.934976,34.970618],[133.935321,34.972475],[133.934952,34.973764],[133.935624,34.974827],[133.936984,34.975299],[133.938632,34.975292],[133.940055,34.97344],[133.940965,34.973265],[133.941719,34.972245],[133.941908,34.971321],[133.942776,34.969509],[133.944145,34.969131],[133.945694,34.96822],[133.946301,34.967653],[133.946913,34.966559],[133.947798,34.965911],[133.949084,34.966113],[133.949748,34.965938],[133.95033,34.964484],[133.951609,34.964301],[133.952887,34.963883],[133.95454,34.963836],[133.9559,34.963363],[133.958753,34.961521],[133.96052,34.960661],[133.962856,34.96035],[133.963536,34.95985],[133.964397,34.960359],[133.965659,34.960589],[133.966241,34.961379],[133.967372,34.961811],[133.968795,34.961642],[133.969951,34.961716],[133.970852,34.961993],[133.972532,34.961831],[133.974652,34.962047],[133.976259,34.96279],[133.978176,34.964228],[133.980799,34.964498],[133.982091,34.96439],[133.983361,34.963661],[133.985296,34.963864],[133.986558,34.964465],[133.986804,34.964059],[133.986509,34.963209],[133.988746,34.963479],[133.990792,34.963209],[133.991612,34.963533],[133.992333,34.964451],[133.993226,34.964924],[133.994251,34.964134],[133.994996,34.963972],[133.997589,34.96411],[133.998706,34.964432],[134.000509,34.964101],[134.002509,34.96419],[134.003997,34.964513],[134.004192,34.963711],[134.003439,34.963221],[134.002969,34.962385],[134.003534,34.960273],[134.004786,34.959389],[134.004878,34.958515],[134.003228,34.958589],[134.002905,34.95834],[134.002711,34.956951],[134.002979,34.955408],[134.002797,34.954769],[134.002251,34.954409],[134.000526,34.953746],[134.001042,34.952539],[134.000941,34.951888],[134.001834,34.951541],[134.002318,34.950944],[134.002328,34.950156],[134.001731,34.949544],[134.002433,34.948261],[134.003649,34.948118],[134.004301,34.946775],[134.004336,34.945993],[134.003586,34.944822],[134.003586,34.943808],[134.003132,34.942292],[134.004266,34.941517],[134.005091,34.941303],[134.005612,34.940613],[134.006499,34.938802],[134.005634,34.938294],[134.005519,34.937895],[134.006774,34.937031],[134.008038,34.936805],[134.009914,34.937169],[134.011146,34.937686],[134.012409,34.937663],[134.01457,34.937828],[134.016031,34.938345],[134.017998,34.939581],[134.019334,34.941042],[134.019474,34.941441],[134.01889,34.942443],[134.018906,34.943865],[134.018373,34.945064],[134.018558,34.945731],[134.020078,34.94569],[134.021274,34.946092],[134.022174,34.946625],[134.022819,34.947722],[134.022998,34.948456],[134.023958,34.949655],[134.025094,34.950814],[134.025882,34.950179],[134.025802,34.949611],[134.027156,34.949066],[134.028562,34.947221],[134.029807,34.946373],[134.030979,34.946201],[134.03235,34.944785],[134.033598,34.944127],[134.035847,34.94437],[134.037214,34.943454],[134.038391,34.943096],[134.039368,34.943438],[134.041062,34.943326],[134.041939,34.942121],[134.042836,34.94124],[134.04462,34.940282],[134.046449,34.939802],[134.047585,34.938962],[134.049605,34.938011],[134.049113,34.93732],[134.049231,34.936675],[134.050055,34.936688],[134.051746,34.937068],[134.054573,34.93819],[134.057617,34.938104],[134.058348,34.938446],[134.058954,34.939413],[134.061178,34.938813],[134.062337,34.938203],[134.063703,34.93798],[134.065145,34.937429],[134.066406,34.937304],[134.067292,34.936819],[134.067864,34.937636],[134.06938,34.937855],[134.071604,34.939244],[134.072654,34.941266],[134.074976,34.940912],[134.078503,34.940848],[134.081039,34.941334],[134.086161,34.942641],[134.088369,34.942574],[134.089802,34.941777],[134.090552,34.940797],[134.091286,34.938564],[134.091455,34.937062],[134.09134,34.936494],[134.089777,34.933517],[134.088143,34.9313],[134.087776,34.930146],[134.088002,34.929386],[134.091727,34.927364],[134.096,34.925692],[134.097923,34.924553],[134.098591,34.923392],[134.102436,34.92268],[134.102864,34.92351],[134.103878,34.924486],[134.105123,34.924929],[134.108802,34.925482],[134.108428,34.927351],[134.107525,34.928283],[134.108396,34.929083],[134.10967,34.92953],[134.111156,34.930312],[134.112226,34.930414],[134.112066,34.931559],[134.1122,34.932606],[134.114861,34.932057],[134.116421,34.931412],[134.117973,34.931217],[134.12058,34.931371],[134.121141,34.931629],[134.121566,34.932404],[134.121891,34.9345],[134.121515,34.935394],[134.120924,34.935875],[134.119986,34.935706],[134.119016,34.937091],[134.116996,34.937455],[134.116236,34.93779],[134.113671,34.938465],[134.111942,34.939934],[134.110569,34.940236],[134.109803,34.940766],[134.107739,34.943104],[134.107965,34.944148],[134.107263,34.944572],[134.1071,34.945142],[134.106296,34.945966],[134.10645,34.946891],[134.10532,34.947682],[134.104043,34.949172],[134.104398,34.950068],[134.103663,34.950474],[134.10352,34.951332],[134.102754,34.951931],[134.102675,34.952585],[134.101659,34.952831],[134.101203,34.953789],[134.099888,34.953798],[134.099637,34.954304],[134.098673,34.954397],[134.097262,34.953945],[134.095214,34.954783],[134.094473,34.955386],[134.093576,34.955495],[134.092773,34.95614],[134.092773,34.956726],[134.092275,34.957361],[134.092833,34.959013],[134.093529,34.959805],[134.092651,34.960207],[134.091991,34.961336],[134.092361,34.962654],[134.091997,34.963471],[134.089699,34.962941],[134.088541,34.963524],[134.08833,34.963926],[134.09041,34.964635],[134.091636,34.96519],[134.09245,34.965162],[134.093336,34.964724],[134.094179,34.964817],[134.09507,34.965821],[134.097143,34.965965],[134.097788,34.965593],[134.099678,34.966332],[134.100248,34.967497],[134.10025,34.96875],[134.10108,34.969559],[134.101889,34.969901],[134.103328,34.971321],[134.104778,34.972165],[134.107039,34.972473],[134.106779,34.974415],[134.106254,34.974944],[134.107091,34.975522],[134.106863,34.975971],[134.105732,34.976783],[134.104947,34.976779],[134.10364,34.976233],[134.103158,34.975093],[134.10165,34.974367],[134.100353,34.975076],[134.100267,34.975954],[134.101176,34.976274],[134.100934,34.976703],[134.101048,34.978477],[134.10159,34.981023],[134.102758,34.981128],[134.104514,34.981601],[134.105507,34.981623],[134.105313,34.982274],[134.104623,34.982806],[134.103638,34.98265],[134.102543,34.982781],[134.101243,34.983644],[134.099966,34.983872],[134.09964,34.985551],[134.099153,34.985969],[134.09953,34.986642],[134.099788,34.988434],[134.10145,34.988971],[134.101873,34.989792],[134.103156,34.989864],[134.104289,34.989512],[134.105609,34.989864],[134.106116,34.989158],[134.107014,34.988781],[134.109311,34.989729],[134.110051,34.991153],[134.110821,34.992282],[134.109112,34.992206],[134.108198,34.99103],[134.106231,34.991318],[134.106222,34.992227],[134.104132,34.99306],[134.101989,34.994553],[134.101888,34.994892],[134.100488,34.996232],[134.099908,34.996439],[134.098825,34.995889],[134.097852,34.995729],[134.096313,34.993965],[134.095688,34.992891],[134.094686,34.991753],[134.094914,34.989952],[134.094284,34.989419],[134.093865,34.988328],[134.093675,34.986933],[134.092824,34.986912],[134.091859,34.98739],[134.091563,34.988024],[134.090777,34.987698],[134.090041,34.987952],[134.088733,34.987124],[134.08702,34.987766],[134.087489,34.989153],[134.088352,34.990071],[134.088246,34.991102],[134.087286,34.991927],[134.087083,34.992726],[134.086326,34.993149],[134.086233,34.994659],[134.086761,34.995226],[134.086967,34.996881],[134.088061,34.99846],[134.088907,34.999165],[134.09032,34.999688],[134.090309,35.00113],[134.089687,35.002019],[134.09068,35.003346],[134.089993,35.006585],[134.089585,35.007156],[134.088875,35.007113],[134.08852,35.008111],[134.087824,35.008591],[134.087478,35.009591],[134.088125,35.010363],[134.08813,35.011661],[134.087191,35.012104],[134.086984,35.012769],[134.087464,35.015376],[134.086452,35.016318],[134.085555,35.016436],[134.085077,35.016852],[134.085153,35.017721],[134.084356,35.019359],[134.083283,35.01952],[134.08274,35.02026],[134.079146,35.023115],[134.078917,35.023572],[134.077966,35.024333],[134.07701,35.024746],[134.076593,35.025263],[134.075671,35.024769],[134.073397,35.025075],[134.072388,35.02448],[134.071203,35.0233],[134.070865,35.022692],[134.069849,35.022592],[134.069034,35.023068],[134.067023,35.022639],[134.065069,35.022473],[134.063217,35.020484],[134.06087,35.020858],[134.059436,35.022031],[134.059263,35.022682],[134.058485,35.022851],[134.058466,35.023804],[134.057795,35.024652],[134.055396,35.02559],[134.054672,35.025466],[134.053946,35.024883],[134.053069,35.025083],[134.051356,35.024961],[134.050591,35.025943],[134.049182,35.025443],[134.048459,35.025809],[134.046274,35.026177],[134.044952,35.025638],[134.044286,35.025784],[134.042287,35.024567],[134.041994,35.023672],[134.041267,35.023188],[134.041134,35.022153],[134.041655,35.021145],[134.039546,35.019236],[134.038245,35.018643],[134.035615,35.017081],[134.034961,35.016367],[134.033982,35.015851],[134.031876,35.017137],[134.030907,35.017019],[134.029856,35.016632],[134.031708,35.014703],[134.032878,35.013226],[134.037148,35.006461],[134.038543,35.004454],[134.039953,35.003198],[134.040373,35.002316],[134.038183,35.001688],[134.037189,35.001903],[134.035628,35.002703],[134.034349,35.002934],[134.031694,35.002058],[134.031037,35.002352],[134.029925,35.002352],[134.029243,35.002831],[134.02882,35.004069],[134.028156,35.004637],[134.026534,35.004921],[134.024856,35.005849],[134.023718,35.005719],[134.020317,35.005788],[134.017018,35.006216],[134.015462,35.010157],[134.014422,35.011013],[134.013976,35.011744],[134.011821,35.013874],[134.010232,35.015083],[134.011223,35.016329],[134.011311,35.017061],[134.010989,35.018105],[134.010293,35.017963],[134.008005,35.017135],[134.005469,35.015799],[134.00465,35.015578],[134.003662,35.016606],[134.003497,35.017741],[134.003114,35.018205],[134.002261,35.018468],[134.000625,35.020079],[133.99987,35.021516],[133.997531,35.023314],[133.995754,35.02337],[133.994124,35.02326],[133.99295,35.024092],[133.992369,35.024097],[133.991788,35.024811],[133.991267,35.026027],[133.989489,35.026247],[133.988433,35.026574],[133.987542,35.025436],[133.98657,35.02493],[133.98528,35.024921],[133.982835,35.023317],[133.980788,35.022424],[133.976999,35.02009],[133.975054,35.018121],[133.97422,35.017442],[133.97249,35.015537],[133.971932,35.014293],[133.972078,35.013204],[133.972973,35.012074],[133.971989,35.011919],[133.970888,35.011437],[133.968886,35.011225],[133.968223,35.011396],[133.966167,35.011263],[133.964571,35.011796],[133.962678,35.011787],[133.962396,35.0105],[133.961719,35.009413],[133.961411,35.008428],[133.960779,35.007633],[133.959997,35.00772],[133.959361,35.008318],[133.958771,35.00835],[133.957877,35.009154],[133.956346,35.009186],[133.955001,35.008703],[133.9515,35.00902],[133.950801,35.009621],[133.949772,35.011206],[133.949816,35.012922],[133.949262,35.013866],[133.949011,35.014902],[133.948072,35.01571],[133.947685,35.017029],[133.947831,35.018116],[133.949016,35.019608],[133.949468,35.020585],[133.949122,35.021268],[133.949864,35.022439],[133.950168,35.023429],[133.950022,35.024682],[133.949273,35.024971],[133.949396,35.025616],[133.949938,35.026217],[133.950284,35.027632],[133.949877,35.028142],[133.949977,35.028999],[133.950817,35.030195],[133.951281,35.030494],[133.953181,35.032417],[133.954312,35.034507],[133.954569,35.035366],[133.954351,35.037726],[133.954613,35.038213],[133.955568,35.038976],[133.954916,35.039985],[133.955318,35.040743],[133.956369,35.041678],[133.956063,35.042289],[133.956761,35.042991],[133.956369,35.043877],[133.956868,35.044933],[133.955918,35.045425],[133.955128,35.048728],[133.953491,35.049962],[133.952762,35.051245],[133.951868,35.051374],[133.948317,35.051581],[133.947901,35.049189],[133.948714,35.047053],[133.94888,35.045473],[133.949459,35.04495],[133.949681,35.043915],[133.949338,35.043506],[133.94833,35.043999],[133.946626,35.043927],[133.942587,35.043352],[133.941666,35.042546],[133.941494,35.04202],[133.940391,35.041356],[133.939533,35.041267],[133.938499,35.041458],[133.936951,35.040965],[133.935792,35.041581],[133.935332,35.041526],[133.93393,35.040551],[133.932574,35.039984],[133.93193,35.040376],[133.930163,35.04015],[133.92935,35.039836],[133.931255,35.038409],[133.93262,35.038298],[133.93317,35.037757],[133.934726,35.037166],[133.935251,35.037224],[133.937267,35.03634],[133.937045,35.035811],[133.937956,35.033073],[133.937904,35.029744],[133.937113,35.028327],[133.935477,35.027808],[133.934913,35.026338],[133.935144,35.025341],[133.934478,35.024984],[133.934493,35.023834],[133.934737,35.022853],[133.93436,35.022394],[133.932774,35.022152],[133.931471,35.020779],[133.930168,35.020179],[133.930658,35.019768],[133.929537,35.019034],[133.929516,35.018146],[133.928932,35.017306],[133.929087,35.016502],[133.930224,35.016133],[133.930358,35.014367],[133.929017,35.013103],[133.927512,35.012402],[133.926472,35.011684],[133.925893,35.011039],[133.92471,35.01043],[133.923264,35.010229],[133.921729,35.010408],[133.920624,35.010964],[133.918819,35.010914],[133.919043,35.010126],[133.92016,35.009569],[133.920531,35.007448],[133.919569,35.005992],[133.919047,35.005516],[133.919279,35.004128],[133.918361,35.003522],[133.917477,35.002346],[133.916602,35.00219],[133.914791,35.001576],[133.912722,34.99989],[133.911401,34.999564],[133.910123,34.998605],[133.909591,34.997464],[133.910009,34.996267],[133.90937,34.99566],[133.909409,34.994268],[133.908283,34.993315],[133.90654,34.992438],[133.906084,34.991868],[133.905043,34.991892],[133.904321,34.991604],[133.904283,34.990984],[133.90337,34.990043],[133.902214,34.989623],[133.901483,34.989585],[133.899954,34.988088],[133.899832,34.986865],[133.899531,34.986022],[133.896975,34.985084],[133.89575,34.983988],[133.893946,34.984076],[133.892442,34.985111],[133.89127,34.98726],[133.890601,34.989367],[133.889018,34.99062],[133.888014,34.990883],[133.887276,34.99166],[133.886439,34.993245],[133.88578,34.99364],[133.885209,34.99354],[133.880393,34.991635],[133.87962,34.991171],[133.879004,34.990281],[133.877756,34.991867],[133.877391,34.993697],[133.876895,34.994753],[133.87663,34.996329],[133.877216,34.996924],[133.877239,34.997526],[133.876798,34.998962],[133.875733,35.000165],[133.875246,35.001086],[133.875238,35.001983],[133.874158,35.003195],[133.874201,35.004398],[133.873588,35.005618],[133.872558,35.006548],[133.872057,35.007341],[133.872129,35.00925],[133.873141,35.010377],[133.873916,35.010735],[133.874464,35.011672],[133.875671,35.011668],[133.876247,35.012556],[133.87729,35.013307],[133.878163,35.013084],[133.879603,35.013742],[133.87933,35.015656],[133.879336,35.016983],[133.878334,35.0182],[133.878135,35.018751],[133.87895,35.020577],[133.879025,35.022255],[133.878094,35.023899],[133.877895,35.025136],[133.877033,35.026673],[133.878089,35.028223],[133.877605,35.029764],[133.87773,35.031101],[133.876937,35.032233],[133.876988,35.033509],[133.877775,35.034353],[133.877351,35.036555],[133.875978,35.036401],[133.874603,35.036793],[133.87356,35.036793],[133.873197,35.037571],[133.873922,35.039047],[133.873974,35.040201],[133.874791,35.041736],[133.874496,35.042226],[133.872043,35.042361],[133.870868,35.042552],[133.869573,35.04244],[133.867862,35.042553],[133.86482,35.042023],[133.863667,35.040997],[133.863464,35.039754],[133.862767,35.039675],[133.861818,35.039953],[133.861267,35.039458],[133.859091,35.039643],[133.857967,35.040013],[133.857264,35.039172],[133.856408,35.040055],[133.855263,35.039547],[133.85432,35.039769],[133.853827,35.040453],[133.852474,35.039476],[133.852256,35.038981],[133.851249,35.03953],[133.849983,35.039105],[133.849175,35.039619],[133.847949,35.039369],[133.847301,35.040095],[133.846445,35.039748],[133.844603,35.039677],[133.844009,35.039217],[133.8434,35.03809],[133.842819,35.037863],[133.842174,35.038406],[133.841395,35.038607],[133.841491,35.039224],[133.840756,35.039997],[133.840191,35.040229],[133.840147,35.040873],[133.839324,35.042731],[133.838526,35.043254],[133.837626,35.044969],[133.836059,35.046269],[133.836037,35.0468],[133.835225,35.047426],[133.83413,35.046544],[133.832462,35.045995],[133.831911,35.045482],[133.831638,35.044367],[133.830936,35.044802],[133.829116,35.044176],[133.828331,35.044498],[133.827702,35.04414],[133.826774,35.04414],[133.826095,35.044611],[133.824766,35.043863],[133.823473,35.043406],[133.823023,35.042249],[133.821859,35.042014],[133.820786,35.042301],[133.819582,35.043869],[133.819151,35.044866],[133.818056,35.044627],[133.817525,35.043996],[133.815379,35.043597],[133.815284,35.042977],[133.816829,35.042315],[133.816843,35.041295],[133.817124,35.04032],[133.816986,35.038936],[133.817965,35.038459],[133.819213,35.038239],[133.819423,35.037893],[133.81893,35.037237],[133.819336,35.035674],[133.818716,35.035267],[133.818749,35.034434],[133.817124,35.034201],[133.816113,35.033766],[133.816323,35.033371],[133.814576,35.031971],[133.815351,35.031303],[133.815098,35.030939],[133.81396,35.030329],[133.812408,35.029945],[133.811899,35.029599],[133.811668,35.027533],[133.811212,35.026918],[133.81002,35.026855],[133.808809,35.027195],[133.808086,35.026496],[133.805111,35.026342],[133.805257,35.025017],[133.803964,35.024058],[133.803318,35.023134],[133.802383,35.022258],[133.801767,35.022639],[133.801133,35.022001],[133.800021,35.021425],[133.798615,35.021448],[133.798145,35.021936],[133.797005,35.022033],[133.796325,35.021274],[133.794669,35.021286],[133.793016,35.021649],[133.792031,35.020781],[133.7891,35.020493],[133.78794,35.019922],[133.78593,35.019762],[133.785025,35.019983],[133.784735,35.01959],[133.784453,35.017918],[133.783982,35.017085],[133.784968,35.015909],[133.785657,35.015927],[133.786469,35.016332],[133.786956,35.015836],[133.787014,35.01512],[133.787659,35.014983],[133.788491,35.013937],[133.788254,35.013259],[133.788363,35.011824],[133.788936,35.011681],[133.78958,35.009716],[133.788979,35.008967],[133.788544,35.0075],[133.788695,35.006984],[133.787993,35.006379],[133.787254,35.006146],[133.787303,35.00566],[133.786652,35.005366],[133.786055,35.004121],[133.785918,35.003085],[133.786874,35.002769],[133.787424,35.002083],[133.787453,35.000992],[133.786956,35.000069],[133.786193,34.997568],[133.786538,34.997039],[133.786292,34.995936],[133.787408,34.99528],[133.788364,34.994177],[133.787861,34.992789],[133.788421,34.991013],[133.788247,34.990578],[133.787324,34.989924],[133.787461,34.989001],[133.788316,34.987558],[133.78891,34.987015],[133.79146,34.985476],[133.792249,34.984713],[133.793496,34.983067],[133.794104,34.98252],[133.79535,34.981966],[133.801156,34.980187],[133.802257,34.979716],[133.803264,34.97903],[133.803865,34.978141],[133.804033,34.976509],[133.804648,34.974881],[133.804069,34.972769],[133.804256,34.971611],[133.805288,34.971105],[133.804835,34.970376],[133.805175,34.968608],[133.802998,34.966338],[133.802324,34.965772],[133.803309,34.963134],[133.804751,34.96221],[133.80534,34.960954],[133.806369,34.960782],[133.80663,34.960018],[133.807623,34.959064],[133.807822,34.957723],[133.808148,34.957055],[133.807873,34.956632],[133.808112,34.955809],[133.808102,34.954786],[133.809349,34.954511],[133.809508,34.953826],[133.808783,34.952829],[133.808786,34.951484],[133.806207,34.951412],[133.804722,34.951627],[133.803824,34.951931],[133.802915,34.952683],[133.8006,34.953251],[133.800014,34.954048],[133.800204,34.955291],[133.800197,34.956645],[133.799743,34.958351],[133.7992,34.959251],[133.797526,34.959913],[133.796625,34.959958],[133.795244,34.959448],[133.793332,34.95943],[133.791155,34.958988],[133.789684,34.956814],[133.789821,34.956333],[133.789217,34.955687],[133.787985,34.955711],[133.786755,34.954794],[133.786147,34.954782],[133.785212,34.955437],[133.784777,34.956123],[133.78527,34.95736],[133.783917,34.958946],[133.782381,34.959316],[133.78228,34.960258],[133.780995,34.961301],[133.779821,34.961439],[133.778194,34.961187],[133.777283,34.961243],[133.776644,34.960884],[133.775453,34.960991],[133.775268,34.960657],[133.77386,34.960376],[133.773057,34.960865],[133.772273,34.960782],[133.771469,34.960281],[133.770448,34.959243],[133.769629,34.957829],[133.768861,34.957066],[133.767781,34.956783],[133.766456,34.956827],[133.765551,34.956203],[133.765146,34.955475],[133.763893,34.954986],[133.761893,34.952487],[133.762758,34.951791],[133.762347,34.949203],[133.763788,34.948153],[133.763762,34.947125],[133.764361,34.946119],[133.764028,34.945714],[133.763086,34.945368],[133.765389,34.943764],[133.765969,34.942756],[133.766404,34.941307],[133.765769,34.940268],[133.765805,34.939439],[133.766486,34.937184],[133.767399,34.937054],[133.769164,34.935948],[133.770584,34.936479],[133.772373,34.936449],[133.773641,34.935543],[133.773843,34.93463],[133.775104,34.933454],[133.775901,34.934301],[133.776357,34.935542],[133.776732,34.935774],[133.77806,34.934981],[133.778792,34.933246],[133.779241,34.93253],[133.77898,34.932119],[133.778906,34.930926],[133.779914,34.929139],[133.780434,34.929053],[133.781644,34.929376],[133.78255,34.928892],[133.783759,34.929388],[133.783933,34.930157],[133.784593,34.930509],[133.785299,34.92999],[133.786335,34.929799],[133.787074,34.92937],[133.787907,34.927969],[133.789363,34.929132],[133.790052,34.928208],[133.790711,34.927891],[133.791334,34.928452],[133.792609,34.928923],[133.792348,34.929388],[133.792819,34.930223],[133.793562,34.930463],[133.793809,34.931137],[133.793649,34.932329],[133.794163,34.932538],[133.795141,34.932305],[133.795883,34.932796],[133.798083,34.933128],[133.799065,34.934069],[133.798746,34.934808],[133.799406,34.935613],[133.79908,34.937063],[133.798353,34.938323],[133.798505,34.939379],[133.799433,34.939659],[133.800693,34.939391],[133.802096,34.939899],[133.803098,34.939564],[133.805047,34.939576],[133.80686,34.940096],[133.808331,34.941862],[133.809048,34.941957],[133.809485,34.942976],[133.809819,34.944568],[133.810456,34.945707],[133.811318,34.946279],[133.812615,34.945844],[133.814028,34.945999],[133.814818,34.94653],[133.816571,34.949363],[133.819828,34.952024],[133.820988,34.952776],[133.822349,34.952991],[133.826579,34.952316],[133.829231,34.95197],[133.831375,34.951558],[133.832479,34.951148],[133.83337,34.950474],[133.833964,34.949562],[133.834763,34.946363],[133.835567,34.944992],[133.836849,34.944753],[133.838653,34.944789],[133.842288,34.94529],[133.844171,34.944969],[133.845265,34.944008],[133.845613,34.943126],[133.845855,34.940102],[133.84637,34.938337],[133.847423,34.936892],[133.850241,34.93438],[133.852096,34.936186],[133.852306,34.937432],[133.852803,34.938849],[133.852651,34.939594],[133.851716,34.940382],[133.851318,34.941342],[133.850667,34.942069],[133.850446,34.943195],[133.853181,34.944163],[133.854014,34.944652],[133.85513,34.944568],[133.855891,34.943489],[133.857405,34.942878],[133.860709,34.943713],[133.861172,34.943594],[133.861918,34.9419],[133.862759,34.941369],[133.863127,34.938574],[133.863888,34.937125],[133.864909,34.936898],[133.865546,34.936234],[133.866415,34.934319],[133.868523,34.932679],[133.869414,34.93253],[133.869132,34.933675],[133.867683,34.935667],[133.867661,34.936581],[133.867342,34.937517],[133.869442,34.93831],[133.870913,34.939211],[133.873049,34.939459],[133.874876,34.939823],[133.875909,34.940478],[133.876251,34.941281],[133.876914,34.942094],[133.878275,34.943228],[133.879226,34.943728],[133.880422,34.944713],[133.880996,34.945672],[133.881823,34.946255],[133.882938,34.948341],[133.884943,34.948301],[133.885853,34.947234],[133.887361,34.946361],[133.887586,34.945216],[133.888099,34.944038],[133.889148,34.943977],[133.890366,34.944916],[133.892284,34.944875],[133.892489,34.944349],[133.894424,34.94472],[133.895579,34.944356],[133.896137,34.944868],[133.897783,34.944453],[133.897699,34.943512],[133.898467,34.942858],[133.899584,34.942769],[133.901388,34.942978],[133.901945,34.944322],[133.90165,34.944612],[133.902158,34.946435],[133.903133,34.945739],[133.904002,34.946138],[133.904458,34.947173],[133.90518,34.947672],[133.90518,34.948516],[133.905491,34.94909],[133.907671,34.948786],[133.909564,34.947929],[133.910679,34.947882],[133.911528,34.9475],[133.912466,34.94657],[133.911941,34.946286],[133.910417,34.945942],[133.910122,34.945246],[133.91013,34.943842]]]]}},
  {"type":"Feature","properties":{"name":"吉備中央町","code":"33681"},"geometry":{"type":"MultiPolygon","coordinates":[[[[133.850241,34.93438],[133.847423,34.936892],[133.84637,34.938337],[133.845855,34.940102],[133.845613,34.943126],[133.845265,34.944008],[133.844171,34.944969],[133.842288,34.94529],[133.838653,34.944789],[133.836849,34.944753],[133.835567,34.944992],[133.834763,34.946363],[133.833964,34.949562],[133.83337,34.950474],[133.832479,34.951148],[133.831375,34.951558],[133.829231,34.95197],[133.826579,34.952316],[133.822349,34.952991],[133.820988,34.952776],[133.819828,34.952024],[133.816571,34.949363],[133.814818,34.94653],[133.814028,34.945999],[133.812615,34.945844],[133.811318,34.946279],[133.810456,34.945707],[133.809819,34.944568],[133.809485,34.942976],[133.809048,34.941957],[133.808331,34.941862],[133.80686,34.940096],[133.805047,34.939576],[133.803098,34.939564],[133.802096,34.939899],[133.800693,34.939391],[133.799433,34.939659],[133.798505,34.939379],[133.798353,34.938323],[133.79908,34.937063],[133.799406,34.935613],[133.798746,34.934808],[133.799065,34.934069],[133.798083,34.933128],[133.795883,34.932796],[133.795141,34.932305],[133.794163,34.932538],[133.793649,34.932329],[133.793809,34.931137],[133.793562,34.930463],[133.792819,34.930223],[133.792348,34.929388],[133.792609,34.928923],[133.791334,34.928452],[133.790711,34.927891],[133.790052,34.928208],[133.789363,34.929132],[133.787907,34.927969],[133.787074,34.92937],[133.786335,34.929799],[133.785299,34.92999],[133.784593,34.930509],[133.783933,34.930157],[133.783759,34.929388],[133.78255,34.928892],[133.781644,34.929376],[133.780434,34.929053],[133.779914,34.929139],[133.778906,34.930926],[133.77898,34.932119],[133.779241,34.93253],[133.778792,34.933246],[133.77806,34.934981],[133.776732,34.935774],[133.776357,34.935542],[133.775901,34.934301],[133.775104,34.933454],[133.773843,34.93463],[133.773641,34.935543],[133.772373,34.936449],[133.770584,34.936479],[133.769164,34.935948],[133.767399,34.937054],[133.766486,34.937184],[133.765805,34.939439],[133.765769,34.940268],[133.766404,34.941307],[133.765969,34.942756],[133.765389,34.943764],[133.763086,34.945368],[133.764028,34.945714],[133.764361,34.946119],[133.763762,34.947125],[133.763788,34.948153],[133.762347,34.949203],[133.762758,34.951791],[133.761893,34.952487],[133.760669,34.952588],[133.759354,34.952972],[133.75768,34.952795],[133.755413,34.952061],[133.754941,34.951006],[133.755825,34.950308],[133.755509,34.949776],[133.754565,34.94998],[133.753884,34.949783],[133.752657,34.948466],[133.751954,34.947434],[133.751244,34.94716],[133.750447,34.946331],[133.750107,34.945591],[133.748347,34.944998],[133.747774,34.945105],[133.746956,34.946222],[133.745573,34.947038],[133.744537,34.947367],[133.743703,34.947161],[133.743044,34.94584],[133.742225,34.94564],[133.739843,34.947143],[133.738691,34.947375],[133.737983,34.947737],[133.73719,34.947625],[133.736683,34.948148],[133.73454,34.9494],[133.733763,34.950257],[133.732157,34.949881],[133.728918,34.950211],[133.727396,34.949934],[133.725012,34.949217],[133.723848,34.948747],[133.723041,34.949211],[133.722,34.948905],[133.721322,34.94951],[133.720994,34.950443],[133.721079,34.951948],[133.72148,34.952706],[133.721031,34.953252],[133.719575,34.954139],[133.718921,34.954292],[133.716929,34.955358],[133.715811,34.954439],[133.715754,34.953845],[133.714954,34.953031],[133.714077,34.952524],[133.715229,34.950516],[133.715755,34.950603],[133.717374,34.949646],[133.717564,34.948876],[133.716637,34.948136],[133.716652,34.947261],[133.717903,34.947291],[133.718337,34.946236],[133.718913,34.945539],[133.718871,34.9443],[133.718055,34.943764],[133.718101,34.943301],[133.719785,34.941469],[133.719621,34.940641],[133.718968,34.940066],[133.718736,34.939289],[133.719179,34.938755],[133.719728,34.936922],[133.719764,34.936182],[133.719374,34.935266],[133.719436,34.93459],[133.720336,34.933486],[133.719821,34.932175],[133.718809,34.931725],[133.718601,34.930942],[133.718024,34.930724],[133.717724,34.929761],[133.71701,34.929144],[133.717167,34.928328],[133.717959,34.927988],[133.718274,34.927358],[133.718143,34.926728],[133.717489,34.925937],[133.716618,34.925996],[133.715724,34.926549],[133.715445,34.925473],[133.714239,34.924972],[133.713935,34.924626],[133.713919,34.922724],[133.713427,34.921995],[133.712221,34.921114],[133.712005,34.919867],[133.712281,34.919044],[133.713243,34.917664],[133.713822,34.916078],[133.714835,34.914755],[133.715429,34.913338],[133.716682,34.912323],[133.717623,34.911864],[133.717948,34.911062],[133.718034,34.909658],[133.71752,34.908719],[133.716377,34.908012],[133.714554,34.907183],[133.713985,34.906359],[133.712781,34.905915],[133.711572,34.905108],[133.711587,34.904365],[133.710899,34.903634],[133.711001,34.903081],[133.709857,34.901581],[133.708888,34.900967],[133.708794,34.900534],[133.70777,34.900119],[133.707056,34.898974],[133.706623,34.897484],[133.705941,34.895867],[133.705186,34.894942],[133.705624,34.894052],[133.705383,34.893128],[133.704698,34.892808],[133.70265,34.893187],[133.702266,34.893807],[133.700638,34.893104],[133.699917,34.893339],[133.698519,34.893105],[133.697924,34.892701],[133.697512,34.891669],[133.695283,34.891249],[133.693742,34.89141],[133.693141,34.891129],[133.692468,34.890191],[133.690348,34.888288],[133.687967,34.887664],[133.686723,34.886857],[133.685977,34.885687],[133.685058,34.883496],[133.68398,34.883239],[133.683169,34.883323],[133.682178,34.884104],[133.68165,34.883848],[133.682106,34.88321],[133.683126,34.882404],[133.68233,34.882056],[133.681447,34.882348],[133.68136,34.881537],[133.68275,34.880434],[133.682938,34.879107],[133.682337,34.87817],[133.681818,34.878043],[133.681404,34.878677],[133.679962,34.879211],[133.67946,34.879196],[133.679002,34.878187],[133.677395,34.878128],[133.676201,34.877764],[133.674971,34.877794],[133.673655,34.87833],[133.673089,34.878358],[133.672568,34.877738],[133.670411,34.877138],[133.668877,34.875612],[133.667155,34.874762],[133.664969,34.874589],[133.663306,34.87416],[133.662813,34.873306],[133.66392,34.871483],[133.663877,34.870916],[133.662603,34.868661],[133.662893,34.867092],[133.663645,34.865931],[133.664614,34.865065],[133.664572,34.86469],[133.661655,34.860641],[133.658536,34.856161],[133.658008,34.855642],[133.656365,34.85345],[133.655149,34.851622],[133.654469,34.85096],[133.653215,34.850589],[133.651987,34.850862],[133.650981,34.850466],[133.651741,34.848809],[133.650344,34.848105],[133.647785,34.847501],[133.646256,34.84563],[133.645646,34.844103],[133.645568,34.843205],[133.644497,34.839857],[133.642985,34.838697],[133.642,34.838494],[133.641554,34.837354],[133.640504,34.836302],[133.640595,34.834091],[133.64079,34.833399],[133.639864,34.83238],[133.639845,34.832018],[133.640479,34.830563],[133.64139,34.829448],[133.642423,34.829184],[133.644744,34.828309],[133.645961,34.828072],[133.647368,34.827214],[133.647983,34.826158],[133.647542,34.825516],[133.647701,34.824317],[133.648493,34.823663],[133.648036,34.822668],[133.647687,34.82009],[133.648228,34.818802],[133.647999,34.817996],[133.648099,34.816151],[133.647743,34.815501],[133.647745,34.814352],[133.648519,34.813043],[133.649935,34.813544],[133.650861,34.813091],[133.651144,34.811844],[133.650339,34.810805],[133.650551,34.810187],[133.651922,34.809734],[133.65331,34.80831],[133.654024,34.807796],[133.654519,34.806996],[133.656507,34.804628],[133.657086,34.804276],[133.657553,34.803055],[133.658365,34.801965],[133.659139,34.800481],[133.659826,34.799851],[133.658759,34.799302],[133.659876,34.797874],[133.660615,34.796221],[133.660115,34.794699],[133.659435,34.794269],[133.659074,34.79353],[133.659132,34.792054],[133.66003,34.791473],[133.660657,34.790315],[133.661286,34.788663],[133.661914,34.788427],[133.662349,34.786722],[133.661467,34.786141],[133.661829,34.7853],[133.661156,34.783814],[133.661959,34.781959],[133.661317,34.7816],[133.661238,34.781081],[133.66204,34.780241],[133.662054,34.778965],[133.662293,34.778538],[133.664729,34.776787],[133.666182,34.774512],[133.666464,34.773385],[133.668561,34.771456],[133.669775,34.770173],[133.671532,34.769274],[133.673224,34.767253],[133.674395,34.766281],[133.673976,34.764421],[133.67399,34.7633],[133.674352,34.762787],[133.676188,34.762742],[133.677084,34.761526],[133.677583,34.760414],[133.677699,34.759351],[133.678152,34.758941],[133.677901,34.758174],[133.678718,34.756379],[133.679295,34.755579],[133.679084,34.754833],[133.679304,34.753774],[133.680188,34.752952],[133.679885,34.751414],[133.680166,34.750996],[133.681315,34.750621],[133.681734,34.750131],[133.681698,34.74949],[133.682218,34.749025],[133.682991,34.749198],[133.683287,34.748083],[133.684103,34.747615],[133.685894,34.747024],[133.687533,34.745944],[133.687606,34.745536],[133.686709,34.744027],[133.687103,34.743331],[133.689004,34.745268],[133.689589,34.747827],[133.689447,34.748681],[133.690227,34.749852],[133.690465,34.750962],[133.691274,34.751949],[133.691481,34.754373],[133.691252,34.755004],[133.691628,34.75569],[133.69285,34.755839],[133.692459,34.756598],[133.693002,34.757423],[133.693978,34.756874],[133.695633,34.756802],[133.69632,34.757249],[133.697729,34.75756],[133.698958,34.759107],[133.699086,34.760954],[133.700347,34.761218],[133.700151,34.759848],[133.702405,34.761161],[133.703886,34.760844],[133.704752,34.761268],[133.70485,34.762053],[133.705906,34.762136],[133.706865,34.762562],[133.707323,34.762392],[133.710065,34.763004],[133.711863,34.762863],[133.712651,34.763215],[133.712463,34.76391],[133.712542,34.76538],[133.712398,34.766412],[133.713901,34.766454],[133.714481,34.766192],[133.715311,34.766291],[133.715733,34.766781],[133.715926,34.768726],[133.71821,34.769233],[133.719034,34.769704],[133.719261,34.770442],[133.719188,34.771369],[133.719617,34.772229],[133.719439,34.773454],[133.719755,34.773934],[133.719836,34.775312],[133.720458,34.775652],[133.722323,34.775221],[133.722853,34.774649],[133.725092,34.774316],[133.727196,34.774641],[133.72917,34.774114],[133.729206,34.773847],[133.728374,34.771477],[133.72906,34.770736],[133.730529,34.769781],[133.732719,34.768999],[133.734513,34.768636],[133.736378,34.768707],[133.737224,34.768378],[133.738851,34.768069],[133.740014,34.768132],[133.739691,34.768748],[133.739727,34.769613],[133.741338,34.770748],[133.742164,34.772234],[133.743441,34.773081],[133.743678,34.77361],[133.743421,34.776221],[133.74379,34.777086],[133.745381,34.776817],[133.746408,34.777527],[133.746812,34.778648],[133.747349,34.779468],[133.748321,34.780476],[133.749167,34.782386],[133.748632,34.783415],[133.747628,34.784631],[133.747546,34.785624],[133.74809,34.786292],[133.74794,34.787647],[133.748321,34.787724],[133.750103,34.78654],[133.752804,34.785894],[133.753744,34.784108],[133.755103,34.782966],[133.755631,34.781934],[133.756153,34.782187],[133.757286,34.783634],[133.757641,34.784857],[133.758363,34.78571],[133.760259,34.785946],[133.762405,34.786503],[133.762817,34.787535],[133.765662,34.788945],[133.766287,34.789774],[133.767567,34.788074],[133.767726,34.786739],[133.772917,34.786405],[133.773531,34.786947],[133.773851,34.788324],[133.773575,34.789643],[133.773725,34.79073],[133.774226,34.791932],[133.774081,34.793745],[133.774529,34.794596],[133.774071,34.795395],[133.774361,34.796139],[133.774128,34.797122],[133.774695,34.797778],[133.775031,34.799248],[133.773249,34.799353],[133.773122,34.799734],[133.775114,34.801082],[133.776539,34.802388],[133.777999,34.802827],[133.77842,34.803531],[133.779635,34.804505],[133.780667,34.806491],[133.781139,34.808113],[133.780993,34.808916],[133.782887,34.809166],[133.783329,34.809524],[133.782989,34.810437],[133.783842,34.811155],[133.785273,34.81157],[133.786857,34.810967],[133.787601,34.811117],[133.788867,34.812345],[133.789048,34.813565],[133.790746,34.814221],[133.792214,34.814376],[133.795055,34.813875],[133.795355,34.815524],[133.795055,34.816573],[133.795316,34.817271],[133.79627,34.817957],[133.796075,34.818807],[133.795529,34.819084],[133.796523,34.820137],[133.799683,34.819564],[133.79921,34.818739],[133.799192,34.817973],[133.7986,34.817013],[133.79878,34.815552],[133.799348,34.814721],[133.801603,34.814404],[133.802717,34.813163],[133.806807,34.812087],[133.807546,34.811542],[133.807108,34.809795],[133.807655,34.808283],[133.808949,34.807723],[133.81127,34.807096],[133.812528,34.806354],[133.813511,34.806097],[133.814863,34.805435],[133.81642,34.805461],[133.817508,34.806147],[133.81889,34.806634],[133.819022,34.807814],[133.82031,34.810744],[133.818646,34.812532],[133.818319,34.813279],[133.81871,34.814076],[133.818225,34.81539],[133.818456,34.815966],[133.817652,34.81694],[133.818158,34.818675],[133.819682,34.819286],[133.820516,34.819339],[133.819956,34.820071],[133.820114,34.82111],[133.819525,34.82158],[133.818844,34.82273],[133.817624,34.823939],[133.817402,34.82595],[133.816732,34.826426],[133.81701,34.827706],[133.816156,34.829327],[133.817091,34.832229],[133.817609,34.834526],[133.818412,34.835129],[133.819669,34.835092],[133.820154,34.835293],[133.820689,34.83636],[133.822673,34.837477],[133.823374,34.837596],[133.824098,34.838336],[133.824721,34.839523],[133.826211,34.840024],[133.827849,34.841069],[133.82837,34.841695],[133.830124,34.842261],[133.831692,34.842202],[133.832669,34.84327],[133.833385,34.843508],[133.834427,34.843008],[133.833581,34.841958],[133.833556,34.841177],[133.834919,34.841964],[133.836261,34.842175],[133.837419,34.842133],[133.840046,34.842861],[133.842029,34.843726],[133.843483,34.844668],[133.843711,34.845355],[133.842715,34.846424],[133.842969,34.847339],[133.842842,34.848234],[133.843757,34.849934],[133.844904,34.850716],[133.845822,34.851606],[133.84677,34.852066],[133.847993,34.853628],[133.847855,34.854134],[133.846801,34.854825],[133.846826,34.856355],[133.846501,34.856794],[133.845365,34.857038],[133.845539,34.858303],[133.844886,34.859836],[133.846044,34.861623],[133.846324,34.862763],[133.846986,34.863982],[133.846617,34.864673],[133.844968,34.866002],[133.844677,34.866449],[133.844274,34.868241],[133.843238,34.869226],[133.843859,34.871346],[133.844519,34.872604],[133.845157,34.872377],[133.845423,34.873178],[133.846836,34.875451],[133.846765,34.876653],[133.847254,34.878125],[133.84812,34.878902],[133.849246,34.878966],[133.850221,34.879478],[133.849163,34.880949],[133.849233,34.882309],[133.848074,34.883705],[133.848432,34.884838],[133.84848,34.885933],[133.849545,34.886487],[133.850506,34.887355],[133.851872,34.886782],[133.852543,34.887225],[133.851566,34.887899],[133.851116,34.888984],[133.851579,34.890441],[133.853655,34.892271],[133.854476,34.892576],[133.854461,34.893517],[133.856603,34.895231],[133.858205,34.894197],[133.859977,34.894073],[133.861251,34.894955],[133.863196,34.895524],[133.864944,34.896447],[133.865835,34.897859],[133.865347,34.898589],[133.865256,34.899396],[133.865962,34.900063],[133.867016,34.900292],[133.867827,34.899968],[133.868962,34.900111],[133.871881,34.900161],[133.872683,34.900387],[133.875589,34.902214],[133.876737,34.902158],[133.878396,34.903111],[133.877086,34.905609],[133.876621,34.906237],[133.875939,34.906599],[133.874247,34.907011],[133.871876,34.906558],[133.868703,34.905426],[133.867321,34.905312],[133.863978,34.906176],[133.862813,34.907023],[133.861944,34.908174],[133.860523,34.910482],[133.85943,34.9118],[133.858729,34.912412],[133.857029,34.91342],[133.855104,34.914207],[133.852544,34.914723],[133.851705,34.915015],[133.850315,34.915981],[133.849541,34.916929],[133.84813,34.919276],[133.847479,34.920769],[133.847247,34.922135],[133.847681,34.923441],[133.848116,34.924103],[133.849637,34.925364],[133.851774,34.926569],[133.852357,34.927358],[133.852777,34.929058],[133.852602,34.930584],[133.852312,34.931479],[133.851012,34.933553],[133.850241,34.93438]]]]}}
]}
