{"type":"FeatureCollection", "features": [
  {"type":"Feature","properties":{"name":"大阪市","code":"27100"},"geometry":{"type":"MultiPolygon","coordinates":[[[[135.426305,34.655745],[135.428007,34.654888],[135.428716,34.652893],[135.428764,34.652324],[135.42555,34.651293],[135.425778,34.650285],[135.427003,34.650197],[135.428133,34.65115],[135.429215,34.651536],[135.429601,34.650789],[135.433233,34.64924],[135.437594,34.650871],[135.440622,34.649454],[135.440268,34.648977],[135.438887,34.649545],[135.435498,34.648283],[135.435409,34.648048],[135.439878,34.646192],[135.443618,34.647591],[135.444106,34.648016],[135.446828,34.646783],[135.446536,34.646403],[135.445683,34.646748],[135.442127,34.645429],[135.444122,34.64446],[135.447713,34.645786],[135.449921,34.64668],[135.450412,34.645918],[135.450789,34.645333],[135.451238,34.642527],[135.447096,34.641263],[135.448245,34.634877],[135.450946,34.635212],[135.452666,34.634938],[135.452799,34.632893],[135.452989,34.632484],[135.453574,34.629225],[135.45036,34.630587],[135.448367,34.631006],[135.448145,34.630708],[135.448569,34.628472],[135.448502,34.626466],[135.448446,34.6248],[135.447565,34.61788],[135.444786,34.618391],[135.442914,34.618121],[135.441299,34.626176],[135.434237,34.62335],[135.433593,34.623598],[135.432728,34.623213],[135.433094,34.622286],[135.431287,34.621807],[135.431667,34.617328],[135.430176,34.617657],[135.430187,34.616039],[135.432967,34.615011],[135.432961,34.613025],[135.426626,34.613045],[135.426117,34.617976],[135.423669,34.619161],[135.423425,34.618984],[135.423405,34.610771],[135.437504,34.610765],[135.437555,34.608171],[135.446539,34.608329],[135.455086,34.606052],[135.462745,34.603744],[135.469364,34.601853],[135.471318,34.60113],[135.474005,34.599824],[135.478156,34.5982],[135.482231,34.59693],[135.486962,34.596014],[135.48966,34.595535],[135.492498,34.594927],[135.493942,34.594744],[135.495251,34.594311],[135.49669,34.593361],[135.497393,34.592659],[135.498598,34.58917],[135.499348,34.588025],[135.500091,34.587231],[135.501227,34.58648],[135.502778,34.586161],[135.504078,34.586233],[135.505876,34.586599],[135.507814,34.587688],[135.511617,34.589203],[135.513125,34.589991],[135.514164,34.590307],[135.516646,34.591506],[135.518854,34.592967],[135.52199,34.594335],[135.522503,34.594575],[135.526368,34.5964],[135.527205,34.595117],[135.527703,34.5947],[135.529695,34.594276],[135.530251,34.590906],[135.530525,34.590918],[135.530041,34.594056],[135.531087,34.596346],[135.53178,34.596471],[135.531499,34.598309],[135.531968,34.598679],[135.534688,34.598989],[135.53476,34.599185],[135.538347,34.599448],[135.538592,34.599341],[135.543463,34.599424],[135.543621,34.597134],[135.543578,34.595195],[135.544877,34.595171],[135.546891,34.595356],[135.547966,34.595016],[135.548658,34.595064],[135.549553,34.595816],[135.54964,34.594766],[135.551841,34.594796],[135.552432,34.594974],[135.561972,34.595041],[135.564223,34.594504],[135.564483,34.59615],[135.56716,34.595536],[135.567239,34.59445],[135.567817,34.592857],[135.567896,34.591962],[135.569318,34.590531],[135.569318,34.587871],[135.569109,34.587071],[135.571057,34.586923],[135.571208,34.588569],[135.570984,34.589213],[135.571049,34.590412],[135.570919,34.59213],[135.571901,34.592213],[135.571872,34.594044],[135.576834,34.593073],[135.577073,34.593852],[135.579916,34.594091],[135.580024,34.598445],[135.579974,34.600878],[135.58133,34.600902],[135.581381,34.602704],[135.583661,34.602835],[135.583639,34.603682],[135.584967,34.603694],[135.58605,34.603968],[135.586013,34.604767],[135.587319,34.604738],[135.587262,34.607183],[135.586821,34.607935],[135.58693,34.60914],[135.585963,34.609038],[135.584469,34.609193],[135.582802,34.611019],[135.582622,34.611973],[135.576286,34.611955],[135.576227,34.613772],[135.57685,34.613823],[135.576859,34.61476],[135.574997,34.614846],[135.574044,34.615304],[135.573923,34.613836],[135.572519,34.613756],[135.569236,34.613816],[135.569207,34.614854],[135.568009,34.614848],[135.568009,34.615719],[135.566956,34.615766],[135.565159,34.616613],[135.563774,34.616464],[135.563218,34.616816],[135.561955,34.616995],[135.562258,34.622858],[135.563427,34.621832],[135.5636,34.621248],[135.565909,34.621331],[135.568962,34.620133],[135.572981,34.618886],[135.573941,34.618451],[135.575182,34.618236],[135.574915,34.61925],[135.574936,34.620413],[135.575622,34.620407],[135.575485,34.622697],[135.575564,34.624338],[135.575968,34.625483],[135.576632,34.626521],[135.575954,34.627821],[135.576026,34.630535],[135.574821,34.630553],[135.574684,34.632181],[135.574604,34.633989],[135.571754,34.633911],[135.571739,34.634466],[135.568579,34.634364],[135.568413,34.638164],[135.565382,34.638074],[135.565238,34.640956],[135.561291,34.640842],[135.561143,34.643551],[135.56076,34.650204],[135.56195,34.650121],[135.561965,34.652793],[135.559396,34.652877],[135.559396,34.654779],[135.558552,34.654785],[135.558559,34.655829],[135.561575,34.65574],[135.563313,34.655888],[135.563337,34.656618],[135.563906,34.656629],[135.563877,34.658269],[135.561821,34.658251],[135.561546,34.660577],[135.561113,34.660714],[135.561156,34.662575],[135.558977,34.662617],[135.559042,34.663208],[135.557036,34.663345],[135.557074,34.664272],[135.557418,34.668063],[135.562203,34.667914],[135.561993,34.669381],[135.56218,34.671752],[135.562529,34.674197],[135.563228,34.676388],[135.563401,34.678022],[135.563439,34.679702],[135.563849,34.682204],[135.564586,34.683129],[135.564263,34.684511],[135.564603,34.685241],[135.564702,34.686644],[135.565638,34.687752],[135.569468,34.687705],[135.570848,34.688063],[135.573572,34.687698],[135.573904,34.688259],[135.576439,34.688116],[135.577996,34.688764],[135.57952,34.689665],[135.580568,34.690989],[135.580781,34.691927],[135.582959,34.696257],[135.581962,34.696806],[135.583883,34.698249],[135.584837,34.698619],[135.586123,34.698426],[135.586996,34.698623],[135.587986,34.699541],[135.589004,34.700144],[135.590232,34.700561],[135.590136,34.701998],[135.592506,34.702379],[135.594994,34.703499],[135.594642,34.703884],[135.591457,34.706616],[135.590525,34.707248],[135.593024,34.707242],[135.597039,34.706932],[135.597508,34.708682],[135.59935,34.714692],[135.598462,34.714717],[135.596678,34.714186],[135.59471,34.713842],[135.594653,34.713651],[135.591619,34.713395],[135.589849,34.713701],[135.588823,34.71317],[135.587804,34.71215],[135.587407,34.710773],[135.586981,34.710904],[135.58571,34.711894],[135.58657,34.71343],[135.587061,34.714939],[135.587271,34.71653],[135.587235,34.718254],[135.585214,34.721691],[135.58426,34.722371],[135.583458,34.722533],[135.582628,34.723332],[135.582231,34.723338],[135.581913,34.721858],[135.582254,34.721114],[135.583286,34.721091],[135.58346,34.720166],[135.582998,34.719952],[135.582754,34.719199],[135.58305,34.718376],[135.58287,34.717389],[135.582306,34.717031],[135.580948,34.717257],[135.575052,34.717406],[135.576461,34.715044],[135.577576,34.712901],[135.576818,34.712781],[135.574817,34.712948],[135.574294,34.708929],[135.571829,34.708776],[135.569901,34.708902],[135.56999,34.71026],[135.569478,34.710308],[135.569521,34.711161],[135.568929,34.711799],[135.569413,34.712515],[135.568678,34.715275],[135.567626,34.717778],[135.567257,34.718563],[135.566042,34.720024],[135.565573,34.721544],[135.565536,34.72269],[135.564443,34.724066],[135.563641,34.724783],[135.563013,34.724992],[135.560709,34.725284],[135.559921,34.726167],[135.559148,34.725749],[135.558325,34.725756],[135.555118,34.724813],[135.554903,34.726326],[135.554746,34.730738],[135.554905,34.731072],[135.553401,34.733095],[135.556178,34.734705],[135.557283,34.735499],[135.560286,34.736834],[135.560936,34.738134],[135.561001,34.74021],[135.559973,34.741951],[135.556435,34.746081],[135.556316,34.746687],[135.556374,34.748983],[135.556844,34.750775],[135.558144,34.752361],[135.559441,34.753405],[135.560529,34.753992],[135.558261,34.756289],[135.558254,34.756904],[135.554898,34.756909],[135.550764,34.757152],[135.55035,34.758641],[135.550033,34.761501],[135.550573,34.761077],[135.551033,34.763512],[135.5505,34.764314],[135.549072,34.765275],[135.549344,34.765529],[135.550851,34.764531],[135.551315,34.765389],[135.551155,34.766641],[135.550829,34.767225],[135.549873,34.768052],[135.548773,34.768453],[135.547787,34.768183],[135.546617,34.768171],[135.545418,34.768801],[135.544124,34.768459],[135.542304,34.76705],[135.541333,34.765587],[135.540479,34.762799],[135.539698,34.761612],[135.539102,34.76112],[135.536889,34.760778],[135.533462,34.760053],[135.532365,34.759417],[135.531311,34.757936],[135.529941,34.75576],[135.528993,34.754567],[135.529687,34.753247],[135.531326,34.75281],[135.531608,34.752339],[135.530474,34.750806],[135.529211,34.750374],[135.528886,34.749384],[135.527801,34.748596],[135.525605,34.747874],[135.5251,34.74785],[135.522247,34.748989],[135.520467,34.748853],[135.519499,34.748924],[135.519058,34.75023],[135.517122,34.749992],[135.515793,34.749681],[135.514125,34.748864],[135.513266,34.748273],[135.509538,34.745318],[135.508888,34.744882],[135.507797,34.744572],[135.506714,34.744729],[135.505746,34.745013],[135.501527,34.746918],[135.499432,34.747944],[135.500175,34.749558],[135.49938,34.749749],[135.497189,34.750651],[135.495551,34.751026],[135.495186,34.751366],[135.494019,34.750697],[135.492322,34.75127],[135.490552,34.751336],[135.488634,34.750436],[135.487912,34.74981],[135.486919,34.74878],[135.486175,34.74906],[135.485431,34.748441],[135.484564,34.747308],[135.484694,34.745246],[135.483249,34.741518],[135.482683,34.741671],[135.482238,34.740523],[135.482636,34.740166],[135.481657,34.738726],[135.48105,34.738141],[135.479728,34.737414],[135.478334,34.736938],[135.476976,34.736658],[135.47547,34.736122],[135.472256,34.733571],[135.47015,34.732631],[135.469879,34.730974],[135.46696,34.730696],[135.460295,34.733136],[135.457135,34.734046],[135.455387,34.734309],[135.451775,34.734321],[135.448987,34.734097],[135.448113,34.733859],[135.447087,34.733047],[135.446091,34.731332],[135.445636,34.730034],[135.445556,34.729082],[135.445621,34.728414],[135.446416,34.725811],[135.447579,34.723893],[135.447991,34.722737],[135.448106,34.721689],[135.447882,34.720776],[135.44695,34.719127],[135.445813,34.718086],[135.44444,34.717371],[135.442028,34.716489],[135.436979,34.714951],[135.434671,34.714058],[135.431099,34.712348],[135.429579,34.711347],[135.427863,34.709499],[135.42587,34.706784],[135.424566,34.705897],[135.419799,34.704551],[135.41635,34.703409],[135.412865,34.701997],[135.410835,34.70072],[135.40956,34.699751],[135.408578,34.698782],[135.407294,34.697096],[135.408219,34.696602],[135.408764,34.694748],[135.409599,34.693129],[135.41027,34.692127],[135.411686,34.69087],[135.413653,34.68978],[135.41444,34.689578],[135.417714,34.688063],[135.417573,34.687731],[135.418094,34.686699],[135.420365,34.682847],[135.42226,34.679633],[135.421003,34.679231],[135.412261,34.676755],[135.408871,34.675501],[135.409329,34.674663],[135.408753,34.673157],[135.408694,34.672329],[135.408247,34.671825],[135.409897,34.670747],[135.410306,34.671632],[135.412509,34.672109],[135.416667,34.67321],[135.418518,34.670608],[135.417169,34.668812],[135.416934,34.66388],[135.417394,34.663759],[135.424537,34.665755],[135.425876,34.668139],[135.426268,34.667823],[135.423873,34.663575],[135.422687,34.663084],[135.417838,34.661685],[135.416612,34.661539],[135.416344,34.660933],[135.41436,34.65206],[135.414541,34.651572],[135.415946,34.652268],[135.416588,34.654867],[135.416888,34.654889],[135.417518,34.657619],[135.418083,34.659522],[135.420462,34.6602],[135.419206,34.653363],[135.420852,34.653828],[135.422485,34.656793],[135.423538,34.657138],[135.426305,34.655745]],[[135.553648,34.755809],[135.553819,34.756008],[135.555505,34.755659],[135.555527,34.755332],[135.554158,34.755554],[135.553648,34.755809]]],[[[135.379126,34.659804],[135.3729,34.652076],[135.378939,34.643189],[135.392024,34.642313],[135.392796,34.641839],[135.404523,34.653718],[135.399728,34.656944],[135.379438,34.660115],[135.379126,34.659804]]],[[[135.409553,34.665817],[135.408821,34.665905],[135.40939,34.668787],[135.402789,34.673076],[135.402585,34.673171],[135.400434,34.672453],[135.39759,34.67138],[135.395171,34.670589],[135.393011,34.669721],[135.39222,34.669549],[135.391016,34.668929],[135.388049,34.667836],[135.386851,34.662676],[135.387922,34.662746],[135.390499,34.662259],[135.396297,34.661355],[135.396552,34.661397],[135.402003,34.660551],[135.40194,34.660279],[135.409784,34.659049],[135.41095,34.665652],[135.409553,34.665817]]],[[[135.343588,34.621122],[135.345674,34.617282],[135.349306,34.620042],[135.349045,34.620341],[135.365092,34.632486],[135.365018,34.632553],[135.358707,34.627777],[135.357211,34.628944],[135.353444,34.632402],[135.355954,34.635001],[135.355838,34.635106],[135.35,34.628987],[135.343982,34.622725],[135.343568,34.622024],[135.343588,34.621122]]],[[[135.396673,34.628776],[135.398601,34.631361],[135.404498,34.631543],[135.412283,34.637202],[135.414803,34.634823],[135.407484,34.6295],[135.410252,34.625953],[135.41043,34.625866],[135.420569,34.625854],[135.42216,34.621907],[135.43179,34.624417],[135.432664,34.624218],[135.433244,34.624474],[135.43364,34.625106],[135.440696,34.627936],[135.441575,34.628736],[135.441696,34.629207],[135.4393,34.641213],[135.438336,34.641087],[135.438238,34.641537],[135.434991,34.642978],[135.434242,34.643184],[135.432538,34.643217],[135.432347,34.64402],[135.42421,34.642652],[135.417861,34.644424],[135.417349,34.644147],[135.416466,34.644815],[135.4053,34.640867],[135.405179,34.639849],[135.40437,34.639433],[135.402871,34.639403],[135.401812,34.639632],[135.398782,34.638561],[135.398511,34.638168],[135.398503,34.631338],[135.396673,34.628776]]],[[[135.389554,34.628427],[135.389465,34.62835],[135.399442,34.620655],[135.400222,34.618654],[135.401218,34.618214],[135.400636,34.617351],[135.402665,34.612112],[135.402829,34.61209],[135.417023,34.612086],[135.417517,34.610788],[135.41916,34.61088],[135.419162,34.612665],[135.420428,34.612916],[135.41843,34.619546],[135.417051,34.619459],[135.41483,34.619714],[135.414777,34.619423],[135.41233,34.619702],[135.405969,34.619723],[135.404879,34.619301],[135.403786,34.619724],[135.4022,34.620674],[135.399501,34.620719],[135.389713,34.628268],[135.389554,34.628427]]]]}},
  {"type":"Feature","properties":{"name":"堺市","code":"27140"},"geometry":{"type":"MultiPolygon","coordinates":[[[[135.486962,34.596014],[135.482231,34.59693],[135.478156,34.5982],[135.474005,34.599824],[135.471318,34.60113],[135.469364,34.601853],[135.462745,34.603744],[135.455086,34.606052],[135.446539,34.608329],[135.437555,34.608171],[135.437595,34.606126],[135.436974,34.60471],[135.446566,34.601861],[135.446643,34.600958],[135.446261,34.600592],[135.445683,34.599267],[135.445401,34.598183],[135.444683,34.597502],[135.443828,34.597661],[135.433325,34.600793],[135.433976,34.602249],[135.431385,34.603029],[135.430919,34.602859],[135.42725,34.603926],[135.423679,34.605035],[135.423542,34.604917],[135.425549,34.593345],[135.43681,34.589023],[135.437704,34.588656],[135.438129,34.588853],[135.443385,34.590469],[135.443923,34.589435],[135.447093,34.590097],[135.447502,34.590403],[135.451775,34.591903],[135.459056,34.590058],[135.459931,34.590714],[135.459724,34.594829],[135.460597,34.594861],[135.460687,34.592796],[135.46095,34.592105],[135.462632,34.591572],[135.462799,34.588],[135.462332,34.587377],[135.460613,34.587913],[135.452586,34.589968],[135.452376,34.589933],[135.449307,34.58712],[135.44939,34.586971],[135.464289,34.583158],[135.463421,34.584467],[135.464568,34.585028],[135.466157,34.584581],[135.465596,34.583891],[135.465819,34.582914],[135.465211,34.582058],[135.464492,34.581613],[135.463221,34.581567],[135.462545,34.582863],[135.459232,34.583605],[135.458922,34.583379],[135.458567,34.583446],[135.457298,34.58259],[135.456428,34.582521],[135.45338,34.582621],[135.451862,34.583126],[135.450549,34.583797],[135.450094,34.583414],[135.450969,34.580368],[135.451169,34.579111],[135.451747,34.577151],[135.452702,34.576558],[135.456689,34.576407],[135.456732,34.575788],[135.457614,34.575717],[135.457567,34.57404],[135.456684,34.572727],[135.455448,34.573644],[135.455505,34.575819],[135.452705,34.575888],[135.4514,34.574982],[135.450582,34.57242],[135.450812,34.572361],[135.449425,34.568047],[135.453331,34.56649],[135.452368,34.564797],[135.448613,34.565924],[135.448652,34.56612],[135.446474,34.5668],[135.444966,34.56701],[135.445297,34.567411],[135.445043,34.568788],[135.444632,34.568884],[135.443454,34.575924],[135.443113,34.577325],[135.441509,34.582949],[135.434393,34.582662],[135.433759,34.586683],[135.42619,34.589624],[135.426507,34.587861],[135.426238,34.587827],[135.427329,34.581148],[135.427573,34.581178],[135.428643,34.574997],[135.429429,34.570704],[135.420817,34.569679],[135.419661,34.57541],[135.415762,34.593729],[135.414421,34.594428],[135.409591,34.596753],[135.404862,34.598949],[135.402757,34.599991],[135.402066,34.599673],[135.405842,34.581929],[135.409704,34.563855],[135.410394,34.560897],[135.409242,34.558218],[135.409457,34.558193],[135.410539,34.560747],[135.430487,34.56077],[135.43276,34.560075],[135.432862,34.560327],[135.436091,34.559489],[135.437096,34.559608],[135.437626,34.558895],[135.439632,34.558563],[135.444786,34.557221],[135.444243,34.555763],[135.443864,34.554152],[135.444078,34.553938],[135.443597,34.552622],[135.444196,34.552472],[135.443711,34.551131],[135.442663,34.550508],[135.44261,34.54937],[135.44215,34.547855],[135.437697,34.54106],[135.439166,34.540464],[135.438619,34.53954],[135.441692,34.539565],[135.442351,34.539442],[135.443831,34.538163],[135.446089,34.536879],[135.445067,34.535331],[135.445667,34.535115],[135.446565,34.536054],[135.44663,34.534124],[135.448038,34.533932],[135.447711,34.532803],[135.446464,34.531742],[135.446428,34.530823],[135.450303,34.530249],[135.451075,34.530475],[135.451283,34.529724],[135.450196,34.52923],[135.448229,34.529481],[135.447938,34.528453],[135.446143,34.527762],[135.446036,34.525939],[135.447575,34.526048],[135.448187,34.525915],[135.448811,34.525144],[135.451349,34.525253],[135.453232,34.524678],[135.453577,34.525071],[135.454385,34.524929],[135.454676,34.524059],[135.455758,34.524138],[135.456186,34.522521],[135.456958,34.522698],[135.457559,34.52195],[135.458306,34.521843],[135.457417,34.520935],[135.459501,34.519878],[135.459983,34.518797],[135.459484,34.518207],[135.458628,34.518483],[135.457154,34.516744],[135.457148,34.516118],[135.456011,34.516117],[135.454364,34.51653],[135.454654,34.51514],[135.456637,34.515377],[135.457397,34.514841],[135.45815,34.513316],[135.458262,34.510959],[135.459074,34.510983],[135.459537,34.512513],[135.460699,34.512106],[135.461765,34.510602],[135.461854,34.509755],[135.460945,34.508206],[135.460781,34.507614],[135.462287,34.507986],[135.461974,34.50666],[135.463301,34.506592],[135.463338,34.504187],[135.462778,34.502749],[135.462658,34.501984],[135.46196,34.501141],[135.461178,34.498958],[135.461025,34.497319],[135.461607,34.496933],[135.461838,34.49806],[135.462477,34.498518],[135.462858,34.499615],[135.464022,34.498739],[135.464148,34.501176],[135.463756,34.502534],[135.463912,34.503422],[135.464926,34.504125],[135.466015,34.503275],[135.465934,34.502859],[135.464895,34.501226],[135.464746,34.500194],[135.465026,34.499745],[135.465636,34.498591],[135.465889,34.4967],[135.465822,34.496025],[135.466526,34.496025],[135.46589,34.491784],[135.466202,34.491354],[135.466025,34.489543],[135.46624,34.487019],[135.465999,34.486033],[135.4662,34.483009],[135.468054,34.482958],[135.468156,34.48326],[135.469991,34.483276],[135.470375,34.481188],[135.471768,34.480999],[135.472033,34.479835],[135.471324,34.479721],[135.471348,34.477643],[135.471913,34.476334],[135.473658,34.47419],[135.475664,34.473285],[135.477637,34.471302],[135.478201,34.470904],[135.477481,34.470039],[135.476568,34.469627],[135.475872,34.469687],[135.475784,34.469003],[135.477264,34.46648],[135.477432,34.465973],[135.478513,34.464899],[135.479719,34.464485],[135.480344,34.463978],[135.481401,34.46364],[135.484403,34.461045],[135.486052,34.461307],[135.48714,34.461101],[135.488176,34.460346],[135.489627,34.460346],[135.490456,34.459591],[135.491091,34.458513],[135.492926,34.457381],[135.494516,34.455918],[135.49516,34.454259],[135.496964,34.45217],[135.497255,34.451574],[135.49738,34.449445],[135.49779,34.446846],[135.498431,34.445686],[135.498114,34.444636],[135.498431,34.443203],[135.499252,34.441523],[135.499087,34.440049],[135.498338,34.439129],[135.498186,34.437754],[135.499402,34.436356],[135.499741,34.435669],[135.499697,34.434824],[135.500778,34.433678],[135.502912,34.433845],[135.503596,34.433356],[135.505042,34.433541],[135.506316,34.433984],[135.508931,34.43278],[135.509905,34.432573],[135.511295,34.431433],[135.513876,34.431242],[135.514792,34.430873],[135.515836,34.431099],[135.51827,34.430178],[135.51959,34.431171],[135.518874,34.431896],[135.518391,34.433042],[135.518867,34.434261],[135.51891,34.435298],[135.519702,34.436149],[135.519817,34.437001],[135.521583,34.438526],[135.521957,34.439289],[135.522036,34.440147],[135.523954,34.441505],[135.524983,34.44166],[135.526218,34.442187],[135.526729,34.443126],[135.527446,34.443489],[135.528453,34.444677],[135.529433,34.445542],[135.530438,34.446128],[135.5309,34.446687],[135.532326,34.447304],[135.533635,34.448615],[135.533851,34.449431],[135.534367,34.449947],[135.534753,34.451055],[135.535551,34.451083],[135.535493,34.451728],[135.536307,34.453101],[135.538876,34.455105],[135.539251,34.455738],[135.54004,34.456134],[135.54033,34.456839],[135.541174,34.457804],[135.541239,34.458814],[135.542061,34.459138],[135.543703,34.460181],[135.545386,34.462325],[135.544331,34.463261],[135.543647,34.464249],[135.542296,34.465086],[135.542061,34.466504],[135.54136,34.466763],[135.540957,34.467699],[135.538604,34.469263],[135.538396,34.470428],[135.537808,34.471095],[135.537058,34.473477],[135.536424,34.474432],[135.536201,34.475427],[135.536604,34.476147],[135.53633,34.476993],[135.536647,34.477675],[135.53628,34.47868],[135.535266,34.479847],[135.535309,34.480526],[135.535835,34.481276],[135.535928,34.48192],[135.535597,34.483367],[135.535921,34.484023],[135.535698,34.484726],[135.536008,34.485164],[135.535698,34.48606],[135.533925,34.487111],[135.533572,34.487719],[135.534242,34.489456],[135.53386,34.491041],[135.534422,34.491731],[135.534969,34.492916],[135.536951,34.493899],[135.537399,34.494751],[135.538516,34.495251],[135.539587,34.497035],[135.540044,34.498605],[135.539706,34.501087],[135.538748,34.502648],[135.538247,34.502856],[135.53591,34.504996],[135.535311,34.5064],[135.534321,34.50798],[135.534021,34.508527],[135.533379,34.511494],[135.532637,34.513764],[135.532644,34.514611],[135.533307,34.514686],[135.534309,34.513206],[135.53454,34.513713],[135.534086,34.514232],[135.534078,34.515044],[135.535614,34.51431],[135.537272,34.512875],[135.539261,34.511775],[135.540703,34.511143],[135.541086,34.512064],[135.542123,34.511516],[135.542851,34.510012],[135.543371,34.510436],[135.54358,34.511438],[135.544005,34.511852],[135.543846,34.51363],[135.543976,34.514337],[135.543616,34.515924],[135.544704,34.516255],[135.54487,34.516738],[135.546384,34.518008],[135.547162,34.518286],[135.547926,34.517659],[135.549311,34.517814],[135.553131,34.518026],[135.554018,34.517573],[135.55502,34.517991],[135.553369,34.519443],[135.553275,34.520427],[135.553946,34.521957],[135.554364,34.523311],[135.554277,34.524334],[135.554861,34.525271],[135.55476,34.526133],[135.555236,34.526968],[135.555048,34.527958],[135.555971,34.528012],[135.55667,34.528843],[135.55742,34.529088],[135.558105,34.528604],[135.558566,34.529422],[135.559381,34.529112],[135.558934,34.528431],[135.558408,34.526749],[135.560772,34.526609],[135.561385,34.52689],[135.561918,34.525756],[135.562855,34.52522],[135.562819,34.524229],[135.563453,34.524041],[135.563021,34.522389],[135.563893,34.52046],[135.562826,34.519956],[135.563439,34.518375],[135.563519,34.517402],[135.564059,34.516916],[135.565824,34.516015],[135.566537,34.513542],[135.567633,34.513295],[135.569911,34.512188],[135.571346,34.512001],[135.572506,34.511458],[135.573963,34.511798],[135.57513,34.51093],[135.5765,34.510745],[135.578302,34.510903],[135.578591,34.51141],[135.579917,34.511243],[135.581251,34.510381],[135.582137,34.510667],[135.582123,34.512015],[135.582469,34.513134],[135.582418,34.514034],[135.581993,34.515857],[135.580768,34.51736],[135.581445,34.518222],[135.582216,34.518776],[135.583269,34.519105],[135.584163,34.518992],[135.585475,34.519126],[135.585583,34.520999],[135.58515,34.521801],[135.584451,34.522403],[135.58417,34.523561],[135.58466,34.523981],[135.584826,34.525985],[135.585669,34.526513],[135.585064,34.526895],[135.585107,34.527485],[135.586477,34.529272],[135.586613,34.530704],[135.587565,34.53107],[135.587198,34.531798],[135.585455,34.532218],[135.583739,34.533709],[135.582284,34.533533],[135.581534,34.533885],[135.582456,34.534834],[135.581981,34.535096],[135.581238,34.536173],[135.580791,34.537419],[135.581656,34.537425],[135.581793,34.537992],[135.578802,34.540381],[135.578225,34.541052],[135.57816,34.541648],[135.577064,34.542424],[135.575319,34.542874],[135.5747,34.543184],[135.574339,34.544115],[135.5755,34.544252],[135.575759,34.545439],[135.573222,34.546962],[135.572465,34.54627],[135.572097,34.547107],[135.572588,34.548438],[135.570028,34.548679],[135.569199,34.54893],[135.567404,34.548709],[135.567274,34.552434],[135.567455,34.552968],[135.568197,34.553374],[135.568435,34.554191],[135.568846,34.557236],[135.568197,34.558778],[135.567202,34.560009],[135.566125,34.559913],[135.562319,34.559862],[135.561058,34.560029],[135.560935,34.559346],[135.561216,34.557468],[135.560985,34.556629],[135.561721,34.555299],[135.561548,34.554422],[135.560632,34.554846],[135.5587,34.554861],[135.558527,34.553847],[135.557122,34.553805],[135.556545,34.554545],[135.555658,34.554139],[135.555478,34.554816],[135.553849,34.554548],[135.553186,34.553898],[135.552126,34.554664],[135.551578,34.555445],[135.551787,34.556042],[135.551203,34.556761],[135.548118,34.557572],[135.548017,34.558437],[135.549098,34.559857],[135.549566,34.56047],[135.549054,34.561377],[135.548521,34.561553],[135.54793,34.562394],[135.548298,34.564312],[135.548982,34.564771],[135.548809,34.565296],[135.548038,34.56591],[135.544743,34.565564],[135.542422,34.56569],[135.540916,34.565603],[135.537261,34.565588],[135.536943,34.565851],[135.536814,34.567551],[135.535833,34.567589],[135.535812,34.569018],[135.535264,34.569543],[135.535682,34.57002],[135.535566,34.571613],[135.534053,34.57175],[135.533498,34.571565],[135.532186,34.572412],[135.531652,34.573763],[135.53176,34.576641],[135.528559,34.576674],[135.523542,34.576593],[135.522425,34.576656],[135.522316,34.580047],[135.522309,34.585594],[135.522799,34.585701],[135.522789,34.587112],[135.521223,34.587435],[135.521007,34.589839],[135.522645,34.58988],[135.522565,34.591825],[135.522645,34.593202],[135.52199,34.594335],[135.518854,34.592967],[135.516646,34.591506],[135.514164,34.590307],[135.513125,34.589991],[135.511617,34.589203],[135.507814,34.587688],[135.505876,34.586599],[135.504078,34.586233],[135.502778,34.586161],[135.501227,34.58648],[135.500091,34.587231],[135.499348,34.588025],[135.498598,34.58917],[135.497393,34.592659],[135.49669,34.593361],[135.495251,34.594311],[135.493942,34.594744],[135.492498,34.594927],[135.48966,34.595535],[135.486962,34.596014]],[[135.577821,34.534246],[135.577987,34.534657],[135.579378,34.535284],[135.579984,34.536739],[135.579854,34.537449],[135.579292,34.538162],[135.580149,34.538252],[135.580503,34.534884],[135.579299,34.534168],[135.577821,34.534246]]],[[[135.426248,34.54709],[135.430365,34.545289],[135.436364,34.542583],[135.44015,34.548331],[135.440649,34.548246],[135.440814,34.549258],[135.440959,34.554259],[135.440754,34.554493],[135.436791,34.555532],[135.434928,34.552697],[135.430663,34.553816],[135.426248,34.54709]]],[[[135.405262,34.547234],[135.409212,34.545729],[135.408743,34.544828],[135.412199,34.543534],[135.415877,34.549987],[135.40945,34.554434],[135.409273,34.55434],[135.405262,34.547234]]]]}},
  {"type":"Feature","properties":{"name":"岸和田市","code":"27202"},"geometry":{"type":"MultiPolygon","coordinates":[[[[135.359418,34.459799],[135.362121,34.458305],[135.360801,34.457601],[135.361274,34.456554],[135.362584,34.457117],[135.363433,34.456491],[135.363949,34.455484],[135.36508,34.454648],[135.366021,34.454408],[135.366709,34.453964],[135.367769,34.452511],[135.369641,34.451269],[135.370697,34.45107],[135.371129,34.451324],[135.372207,34.450498],[135.372731,34.451631],[135.375904,34.449363],[135.377715,34.447916],[135.381213,34.4454],[135.381418,34.442639],[135.379736,34.441054],[135.37949,34.439219],[135.378745,34.439272],[135.378,34.438868],[135.377795,34.438135],[135.378154,34.437614],[135.379144,34.436914],[135.380197,34.435128],[135.380595,34.434703],[135.380146,34.433161],[135.379529,34.432124],[135.379555,34.431688],[135.381548,34.428533],[135.38219,34.426917],[135.383593,34.424152],[135.384377,34.423706],[135.384954,34.422206],[135.385057,34.421133],[135.386729,34.420116],[135.387881,34.418249],[135.387856,34.417656],[135.388679,34.417702],[135.390315,34.418596],[135.390846,34.418689],[135.392229,34.419916],[135.393133,34.418786],[135.394079,34.417277],[135.393993,34.416666],[135.394747,34.41635],[135.395459,34.416716],[135.396523,34.418806],[135.39698,34.419082],[135.397783,34.418506],[135.398061,34.417918],[135.39885,34.417414],[135.398914,34.415997],[135.397996,34.414196],[135.399718,34.412418],[135.399951,34.411598],[135.40096,34.41125],[135.40128,34.412279],[135.402885,34.412537],[135.403221,34.411843],[135.405038,34.411846],[135.405842,34.412377],[135.406042,34.412892],[135.408587,34.413724],[135.409259,34.413552],[135.409248,34.412661],[135.410069,34.411985],[135.409934,34.41026],[135.41113,34.409536],[135.410775,34.408585],[135.409319,34.408214],[135.409248,34.407796],[135.408271,34.407339],[135.407876,34.406222],[135.407002,34.405889],[135.405215,34.404852],[135.405461,34.403753],[135.40526,34.402361],[135.405875,34.400965],[135.407332,34.400126],[135.40827,34.399772],[135.4086,34.398133],[135.409318,34.397361],[135.409422,34.396789],[135.408937,34.396168],[135.408542,34.393957],[135.40871,34.393134],[135.410078,34.392248],[135.410388,34.39081],[135.410202,34.390056],[135.41093,34.387938],[135.412217,34.386237],[135.413476,34.386003],[135.41387,34.385424],[135.414041,34.384213],[135.415164,34.38391],[135.416081,34.383155],[135.41624,34.380207],[135.416622,34.379311],[135.417599,34.379053],[135.419128,34.379008],[135.420439,34.377705],[135.421639,34.377476],[135.422538,34.376223],[135.423361,34.376398],[135.424533,34.376193],[135.425679,34.376514],[135.42576,34.375941],[135.427093,34.374362],[135.426633,34.373121],[135.427362,34.371814],[135.427468,34.370902],[135.428796,34.369477],[135.428701,34.368227],[135.429396,34.365501],[135.429368,34.364515],[135.429811,34.363215],[135.430327,34.362526],[135.430876,34.360769],[135.430446,34.360189],[135.430159,34.358743],[135.430532,34.357811],[135.431252,34.357218],[135.431341,34.356446],[135.430669,34.355372],[135.43095,34.353684],[135.432273,34.352694],[135.432727,34.351071],[135.432682,34.35005],[135.433259,34.349055],[135.43429,34.348226],[135.435451,34.348673],[135.436221,34.348588],[135.436957,34.348029],[135.437639,34.348059],[135.439262,34.347708],[135.440569,34.347915],[135.44148,34.347369],[135.444159,34.347712],[135.446826,34.34872],[135.447763,34.349424],[135.448649,34.349188],[135.450358,34.349542],[135.451816,34.349105],[135.453128,34.349861],[135.454157,34.350753],[135.454838,34.351656],[135.456149,34.351766],[135.456854,34.353022],[135.456544,34.354248],[135.455737,34.355271],[135.454645,34.357296],[135.454371,34.358677],[135.455608,34.360179],[135.455652,34.361225],[135.456431,34.363042],[135.456387,34.364317],[135.456009,34.365735],[135.456471,34.367346],[135.457962,34.367532],[135.458873,34.368839],[135.459132,34.369722],[135.458789,34.370436],[135.459041,34.371232],[135.458957,34.37292],[135.459825,34.374708],[135.46119,34.374691],[135.462354,34.374884],[135.46339,34.375754],[135.463727,34.376394],[135.463622,34.378039],[135.463334,34.379003],[135.462446,34.381124],[135.462454,34.382117],[135.461201,34.383483],[135.460603,34.383895],[135.457789,34.384429],[135.456759,34.385416],[135.456194,34.385679],[135.456073,34.386581],[135.454884,34.387779],[135.454877,34.389469],[135.453913,34.390128],[135.450001,34.39075],[135.449828,34.39152],[135.450221,34.392809],[135.451244,34.393961],[135.451983,34.394411],[135.452532,34.395719],[135.452076,34.397259],[135.452053,34.39804],[135.452723,34.398804],[135.452804,34.400151],[135.454404,34.400411],[135.453919,34.401372],[135.453711,34.402503],[135.453879,34.403199],[135.455478,34.405437],[135.454982,34.406522],[135.453464,34.40772],[135.453377,34.408697],[135.452979,34.409464],[135.453365,34.410511],[135.453205,34.411902],[135.452813,34.412452],[135.451853,34.412991],[135.451932,34.414645],[135.449609,34.414916],[135.449634,34.415833],[135.450651,34.416437],[135.4515,34.417226],[135.451492,34.418579],[135.451166,34.418999],[135.451634,34.420441],[135.451053,34.421455],[135.451192,34.422222],[135.450898,34.42287],[135.451541,34.423667],[135.451393,34.424129],[135.450455,34.424742],[135.450145,34.425788],[135.449392,34.426349],[135.448439,34.427556],[135.448075,34.428669],[135.448586,34.429537],[135.448206,34.431],[135.448811,34.432357],[135.447567,34.433153],[135.446883,34.43386],[135.444842,34.434012],[135.443824,34.435412],[135.443846,34.435765],[135.444677,34.436933],[135.443492,34.440044],[135.442769,34.440685],[135.442275,34.442083],[135.442448,34.442567],[135.442283,34.443704],[135.442521,34.44485],[135.443346,34.445502],[135.443222,34.445904],[135.441978,34.446849],[135.441838,34.447477],[135.442274,34.448206],[135.442241,34.448878],[135.441088,34.449042],[135.441228,34.450202],[135.440151,34.450854],[135.440183,34.451873],[135.440486,34.452686],[135.441256,34.453297],[135.441963,34.454379],[135.442217,34.455582],[135.441423,34.456233],[135.441264,34.456828],[135.442306,34.459692],[135.441963,34.460879],[135.441336,34.461241],[135.440383,34.462319],[135.435615,34.465708],[135.4356,34.466731],[135.434486,34.466622],[135.431844,34.468702],[135.429594,34.470361],[135.428721,34.470381],[135.428371,34.469671],[135.427203,34.468229],[135.425431,34.466609],[135.424254,34.466305],[135.422369,34.467708],[135.416853,34.472022],[135.415081,34.473541],[135.414635,34.473977],[135.413538,34.473859],[135.413283,34.474632],[135.410733,34.476449],[135.408478,34.478587],[135.405917,34.48036],[135.401329,34.483845],[135.399718,34.484773],[135.399589,34.485155],[135.397308,34.487066],[135.394725,34.488844],[135.393908,34.488956],[135.393344,34.489625],[135.39129,34.490865],[135.387396,34.492987],[135.383519,34.494606],[135.381911,34.49489],[135.370873,34.5004],[135.370898,34.495629],[135.372443,34.494364],[135.370278,34.490189],[135.377372,34.486512],[135.375938,34.482491],[135.375814,34.482348],[135.372425,34.483373],[135.371798,34.481284],[135.376879,34.478631],[135.376099,34.476093],[135.377092,34.475298],[135.376502,34.474751],[135.375931,34.473221],[135.373541,34.474644],[135.374319,34.475884],[135.371055,34.478078],[135.366144,34.480702],[135.363804,34.477615],[135.367378,34.472956],[135.367895,34.471918],[135.367345,34.471634],[135.367784,34.471064],[135.368485,34.471429],[135.371312,34.471937],[135.372224,34.471673],[135.370666,34.469756],[135.370169,34.467753],[135.36957,34.467435],[135.368474,34.467799],[135.367601,34.467546],[135.366645,34.468051],[135.365503,34.468143],[135.36354,34.465787],[135.362092,34.466581],[135.36306,34.467886],[135.362117,34.468403],[135.36394,34.470719],[135.36266,34.472336],[135.356181,34.464194],[135.353997,34.462895],[135.357582,34.460931],[135.358898,34.46258],[135.360805,34.461547],[135.359418,34.459799]]],[[[135.347803,34.469519],[135.350679,34.465778],[135.351088,34.465697],[135.354712,34.467598],[135.354867,34.467421],[135.360149,34.473983],[135.359571,34.473702],[135.355848,34.477498],[135.352945,34.480166],[135.354743,34.482712],[135.345551,34.471196],[135.345699,34.471257],[135.352172,34.479331],[135.353052,34.479236],[135.351991,34.477944],[135.352124,34.477779],[135.350564,34.475826],[135.351733,34.474301],[135.351365,34.473439],[135.351613,34.472722],[135.350712,34.472216],[135.350265,34.471384],[135.350653,34.470582],[135.351621,34.469609],[135.351611,34.468896],[135.350583,34.468821],[135.349102,34.468068],[135.347803,34.469519]]]]}},
  {"type":"Feature","properties":{"name":"豊中市","code":"27203"},"geometry":{"type":"MultiPolygon","coordinates":[[[[135.487912,34.74981],[135.486903,34.75106],[135.486824,34.752545],[135.487234,34.756563],[135.487379,34.757344],[135.488022,34.759095],[135.488333,34.760712],[135.488485,34.76704],[135.489374,34.767947],[135.489601,34.768849],[135.490518,34.77008],[135.491438,34.769939],[135.49161,34.770879],[135.49422,34.771241],[135.496378,34.771323],[135.496154,34.772146],[135.496891,34.772379],[135.49671,34.772975],[135.49718,34.773311],[135.496887,34.774159],[135.498362,34.774587],[135.498113,34.775334],[135.49994,34.776564],[135.49916,34.776769],[135.497956,34.77758],[135.495234,34.778475],[135.495349,34.778839],[135.494807,34.78047],[135.492457,34.781049],[135.492045,34.781449],[135.491908,34.782433],[135.491886,34.784631],[135.492254,34.785528],[135.492435,34.786697],[135.493455,34.78747],[135.493664,34.788048],[135.493368,34.788633],[135.492703,34.789015],[135.491495,34.789046],[135.491336,34.78938],[135.493513,34.790567],[135.494894,34.792181],[135.49532,34.792443],[135.496716,34.792497],[135.496715,34.792891],[135.495537,34.795698],[135.496586,34.796104],[135.497771,34.797276],[135.499668,34.797176],[135.501866,34.798054],[135.503424,34.799639],[135.504897,34.800259],[135.504341,34.801539],[135.504068,34.80354],[135.503766,34.806704],[135.503795,34.807535],[135.504826,34.807465],[135.505096,34.808138],[135.505975,34.809027],[135.507545,34.809886],[135.508294,34.810629],[135.506897,34.811437],[135.507233,34.813139],[135.506588,34.813297],[135.505386,34.814396],[135.504947,34.815747],[135.503972,34.81711],[135.503986,34.817379],[135.502529,34.819187],[135.49966,34.821521],[135.498374,34.823948],[135.497654,34.824884],[135.496706,34.824573],[135.49659,34.823985],[135.495975,34.823437],[135.495954,34.822298],[135.494999,34.822286],[135.494319,34.821692],[135.4933,34.821793],[135.492418,34.820261],[135.492526,34.818915],[135.492938,34.818319],[135.49283,34.81749],[135.491615,34.817224],[135.491565,34.816884],[135.490141,34.816419],[135.488166,34.816756],[135.487356,34.8165],[135.485354,34.817003],[135.483524,34.817099],[135.481963,34.818217],[135.480784,34.818539],[135.480191,34.819022],[135.479548,34.819034],[135.478101,34.819661],[135.47766,34.820209],[135.475773,34.821071],[135.475028,34.820576],[135.472758,34.819726],[135.46915,34.81748],[135.467661,34.8161],[135.465651,34.815306],[135.465101,34.814656],[135.462932,34.813402],[135.461956,34.812498],[135.461103,34.811103],[135.458268,34.810271],[135.457386,34.810133],[135.456692,34.809131],[135.4544,34.808305],[135.453424,34.807201],[135.452455,34.807356],[135.450784,34.807354],[135.449852,34.807544],[135.448107,34.808427],[135.448102,34.806077],[135.449447,34.805851],[135.450648,34.806352],[135.452404,34.806036],[135.452122,34.805343],[135.450836,34.805141],[135.450235,34.805284],[135.449635,34.804637],[135.446714,34.804407],[135.447068,34.801654],[135.447584,34.801415],[135.447975,34.799561],[135.446543,34.799339],[135.446519,34.799841],[135.443873,34.799432],[135.44286,34.799945],[135.442896,34.798046],[135.443713,34.797037],[135.442896,34.794189],[135.441812,34.794189],[135.441327,34.793018],[135.441143,34.791888],[135.441703,34.791809],[135.442665,34.790989],[135.441594,34.790482],[135.442708,34.790005],[135.441696,34.788863],[135.442759,34.786236],[135.442397,34.785305],[135.442491,34.784336],[135.443814,34.784157],[135.4438,34.78237],[135.44448,34.78212],[135.444509,34.781571],[135.44513,34.780742],[135.444964,34.780166],[135.445579,34.777396],[135.446201,34.777068],[135.446179,34.775287],[135.445722,34.775198],[135.445514,34.774047],[135.445384,34.771419],[135.444501,34.769812],[135.444697,34.768529],[135.446714,34.768598],[135.447683,34.768467],[135.449491,34.767489],[135.450409,34.766322],[135.449903,34.764962],[135.450511,34.762094],[135.450069,34.760033],[135.451053,34.758858],[135.452593,34.757844],[135.453063,34.757891],[135.454032,34.759457],[135.45588,34.760491],[135.456447,34.760149],[135.456731,34.758212],[135.456088,34.756441],[135.455831,34.754904],[135.456665,34.751668],[135.457229,34.751161],[135.458218,34.751871],[135.459352,34.752032],[135.459937,34.750917],[135.459186,34.750387],[135.460168,34.747885],[135.459793,34.7458],[135.4598,34.74436],[135.45936,34.740535],[135.459186,34.738218],[135.458724,34.736496],[135.458897,34.735198],[135.459999,34.733803],[135.460295,34.733136],[135.46696,34.730696],[135.469879,34.730974],[135.47015,34.732631],[135.472256,34.733571],[135.47547,34.736122],[135.476976,34.736658],[135.478334,34.736938],[135.479728,34.737414],[135.48105,34.738141],[135.481657,34.738726],[135.482636,34.740166],[135.482238,34.740523],[135.482683,34.741671],[135.483249,34.741518],[135.484694,34.745246],[135.484564,34.747308],[135.485431,34.748441],[135.486175,34.74906],[135.486919,34.74878],[135.487912,34.74981]]]]}},
  {"type":"Feature","properties":{"name":"池田市","code":"27204"},"geometry":{"type":"MultiPolygon","coordinates":[[[[135.448107,34.808427],[135.448554,34.809792],[135.447584,34.809723],[135.447475,34.810154],[135.447956,34.810877],[135.449211,34.810962],[135.449557,34.811784],[135.449586,34.812864],[135.448285,34.814513],[135.448277,34.815252],[135.447836,34.815926],[135.448697,34.816985],[135.449398,34.817456],[135.451278,34.817429],[135.450873,34.818485],[135.45182,34.818867],[135.451517,34.820087],[135.451842,34.820682],[135.451676,34.821421],[135.450526,34.822316],[135.450338,34.824794],[135.450844,34.826754],[135.450959,34.828928],[135.451364,34.829975],[135.45242,34.830368],[135.453143,34.83231],[135.45362,34.832709],[135.453714,34.834159],[135.452753,34.83551],[135.453049,34.836202],[135.453159,34.838077],[135.454361,34.838959],[135.454549,34.839455],[135.454253,34.841304],[135.453652,34.841882],[135.453734,34.842777],[135.454465,34.843558],[135.454522,34.843994],[135.455484,34.844029],[135.457207,34.844614],[135.458459,34.844006],[135.459472,34.843833],[135.459928,34.844638],[135.458956,34.845971],[135.4591,34.847236],[135.459918,34.850996],[135.459665,34.8536],[135.459028,34.854763],[135.458383,34.855347],[135.458883,34.857981],[135.459266,34.858577],[135.459518,34.860068],[135.459337,34.861196],[135.457339,34.863474],[135.456548,34.864065],[135.456273,34.864732],[135.454964,34.864846],[135.454146,34.865126],[135.452861,34.865237],[135.450979,34.865857],[135.449249,34.867062],[135.448634,34.867879],[135.448504,34.868631],[135.447998,34.869251],[135.447049,34.869698],[135.445954,34.871356],[135.445687,34.87212],[135.444731,34.872233],[135.443602,34.87271],[135.443103,34.873706],[135.441973,34.874819],[135.441314,34.875051],[135.439208,34.873715],[135.438234,34.87447],[135.437988,34.875299],[135.438169,34.876635],[135.437489,34.877125],[135.437185,34.876069],[135.435759,34.875067],[135.435171,34.874414],[135.434013,34.872212],[135.434063,34.87093],[135.434802,34.870083],[135.43415,34.868288],[135.433687,34.868184],[135.432724,34.866612],[135.432236,34.865121],[135.431874,34.863239],[135.430608,34.86207],[135.430058,34.861056],[135.431563,34.858169],[135.431614,34.857197],[135.431358,34.856415],[135.430439,34.855514],[135.42957,34.855211],[135.427842,34.854059],[135.425794,34.853516],[135.425215,34.852777],[135.42397,34.852174],[135.42009,34.851548],[135.417998,34.852311],[135.416878,34.852225],[135.417986,34.85105],[135.418637,34.849469],[135.42069,34.846821],[135.421305,34.844572],[135.422282,34.842664],[135.422528,34.841864],[135.424229,34.83822],[135.424279,34.836569],[135.423597,34.834147],[135.423799,34.829947],[135.423337,34.828573],[135.422382,34.826909],[135.421052,34.825295],[135.418673,34.823204],[135.41727,34.821776],[135.416186,34.820457],[135.415991,34.817693],[135.416959,34.814889],[135.417191,34.814591],[135.418709,34.811081],[135.418948,34.810255],[135.419736,34.808829],[135.421783,34.805987],[135.421876,34.805179],[135.422759,34.803229],[135.42374,34.802053],[135.425225,34.8025],[135.427606,34.802298],[135.428695,34.803133],[135.429107,34.801523],[135.42996,34.80081],[135.431168,34.799248],[135.431233,34.798487],[135.432419,34.798421],[135.433236,34.797741],[135.434449,34.79824],[135.434603,34.79727],[135.434075,34.796593],[135.438478,34.792],[135.440582,34.791774],[135.441143,34.791888],[135.441327,34.793018],[135.441812,34.794189],[135.442896,34.794189],[135.443713,34.797037],[135.442896,34.798046],[135.44286,34.799945],[135.443873,34.799432],[135.446519,34.799841],[135.446543,34.799339],[135.447975,34.799561],[135.447584,34.801415],[135.447068,34.801654],[135.446714,34.804407],[135.449635,34.804637],[135.450235,34.805284],[135.450836,34.805141],[135.452122,34.805343],[135.452404,34.806036],[135.450648,34.806352],[135.449447,34.805851],[135.448102,34.806077],[135.448107,34.808427]]]]}},
  {"type":"Feature","properties":{"name":"吹田市","code":"27205"},"geometry":{"type":"MultiPolygon","coordinates":[[[[135.548773,34.768453],[135.54968,34.769041],[135.550633,34.768969],[135.550745,34.769454],[135.547177,34.773975],[135.54621,34.774934],[135.542991,34.779083],[135.542144,34.780072],[135.538012,34.785268],[135.536925,34.785642],[135.536813,34.786547],[135.53783,34.787231],[135.537547,34.788052],[135.53851,34.78825],[135.539898,34.789299],[135.540875,34.787758],[135.541566,34.787974],[135.542605,34.788819],[135.545403,34.790379],[135.547754,34.791895],[135.550604,34.792933],[135.551498,34.793131],[135.551934,34.793562],[135.552922,34.795679],[135.554985,34.799797],[135.554719,34.801827],[135.553496,34.802646],[135.553276,34.803196],[135.554322,34.804483],[135.554435,34.805032],[135.555077,34.805231],[135.554673,34.807413],[135.55301,34.807489],[135.552627,34.807694],[135.553187,34.808864],[135.552117,34.809338],[135.55128,34.809121],[135.550234,34.809525],[135.548355,34.809835],[135.547019,34.810712],[135.545395,34.811063],[135.543136,34.811993],[135.54214,34.812835],[135.541892,34.813894],[135.540439,34.81373],[135.540254,34.813332],[135.539095,34.813549],[135.537113,34.8149],[135.537304,34.815555],[135.536581,34.815795],[135.534479,34.815204],[135.532841,34.815432],[135.529994,34.816344],[135.53015,34.817128],[135.529246,34.817643],[135.529278,34.819643],[135.528994,34.820152],[135.527197,34.821532],[135.525626,34.823118],[135.523871,34.824089],[135.522864,34.824434],[135.52334,34.825914],[135.523986,34.82624],[135.523435,34.826616],[135.522088,34.825896],[135.520996,34.82661],[135.519071,34.826182],[135.518582,34.827071],[135.518745,34.827914],[135.518103,34.82806],[135.516749,34.827926],[135.515487,34.828119],[135.51515,34.827621],[135.513519,34.827224],[135.51242,34.82668],[135.51158,34.827083],[135.510771,34.828323],[135.510208,34.828814],[135.509073,34.828879],[135.507698,34.829376],[135.507634,34.829727],[135.506588,34.830107],[135.505701,34.830809],[135.505039,34.830873],[135.502599,34.830423],[135.502351,34.830049],[135.50027,34.83016],[135.500072,34.829013],[135.501079,34.82861],[135.500146,34.827581],[135.499373,34.827206],[135.498877,34.826399],[135.497562,34.82565],[135.497654,34.824884],[135.498374,34.823948],[135.49966,34.821521],[135.502529,34.819187],[135.503986,34.817379],[135.503972,34.81711],[135.504947,34.815747],[135.505386,34.814396],[135.506588,34.813297],[135.507233,34.813139],[135.506897,34.811437],[135.508294,34.810629],[135.507545,34.809886],[135.505975,34.809027],[135.505096,34.808138],[135.504826,34.807465],[135.503795,34.807535],[135.503766,34.806704],[135.504068,34.80354],[135.504341,34.801539],[135.504897,34.800259],[135.503424,34.799639],[135.501866,34.798054],[135.499668,34.797176],[135.497771,34.797276],[135.496586,34.796104],[135.495537,34.795698],[135.496715,34.792891],[135.496716,34.792497],[135.49532,34.792443],[135.494894,34.792181],[135.493513,34.790567],[135.491336,34.78938],[135.491495,34.789046],[135.492703,34.789015],[135.493368,34.788633],[135.493664,34.788048],[135.493455,34.78747],[135.492435,34.786697],[135.492254,34.785528],[135.491886,34.784631],[135.491908,34.782433],[135.492045,34.781449],[135.492457,34.781049],[135.494807,34.78047],[135.495349,34.778839],[135.495234,34.778475],[135.497956,34.77758],[135.49916,34.776769],[135.49994,34.776564],[135.498113,34.775334],[135.498362,34.774587],[135.496887,34.774159],[135.49718,34.773311],[135.49671,34.772975],[135.496891,34.772379],[135.496154,34.772146],[135.496378,34.771323],[135.49422,34.771241],[135.49161,34.770879],[135.491438,34.769939],[135.490518,34.77008],[135.489601,34.768849],[135.489374,34.767947],[135.488485,34.76704],[135.488333,34.760712],[135.488022,34.759095],[135.487379,34.757344],[135.487234,34.756563],[135.486824,34.752545],[135.486903,34.75106],[135.487912,34.74981],[135.488634,34.750436],[135.490552,34.751336],[135.492322,34.75127],[135.494019,34.750697],[135.495186,34.751366],[135.495551,34.751026],[135.497189,34.750651],[135.49938,34.749749],[135.500175,34.749558],[135.499432,34.747944],[135.501527,34.746918],[135.505746,34.745013],[135.506714,34.744729],[135.507797,34.744572],[135.508888,34.744882],[135.509538,34.745318],[135.513266,34.748273],[135.514125,34.748864],[135.515793,34.749681],[135.517122,34.749992],[135.519058,34.75023],[135.519499,34.748924],[135.520467,34.748853],[135.522247,34.748989],[135.5251,34.74785],[135.525605,34.747874],[135.527801,34.748596],[135.528886,34.749384],[135.529211,34.750374],[135.530474,34.750806],[135.531608,34.752339],[135.531326,34.75281],[135.529687,34.753247],[135.528993,34.754567],[135.529941,34.75576],[135.531311,34.757936],[135.532365,34.759417],[135.533462,34.760053],[135.536889,34.760778],[135.539102,34.76112],[135.539698,34.761612],[135.540479,34.762799],[135.541333,34.765587],[135.542304,34.76705],[135.544124,34.768459],[135.545418,34.768801],[135.546617,34.768171],[135.547787,34.768183],[135.548773,34.768453]],[[135.546818,34.806063],[135.546209,34.805091],[135.545496,34.806215],[135.544028,34.806312],[135.543511,34.806528],[135.543531,34.807311],[135.544379,34.807688],[135.545858,34.807776],[135.546818,34.806063]]]]}},
  {"type":"Feature","properties":{"name":"泉大津市","code":"27206"},"geometry":{"type":"MultiPolygon","coordinates":[[[[135.415305,34.48154],[135.417004,34.482714],[135.416243,34.483385],[135.417391,34.484773],[135.416545,34.485428],[135.417304,34.486158],[135.416322,34.48674],[135.416898,34.487405],[135.417798,34.487552],[135.418411,34.487146],[135.421193,34.489832],[135.421806,34.489906],[135.422821,34.489416],[135.423591,34.490432],[135.424566,34.489405],[135.425346,34.490486],[135.425939,34.490203],[135.426787,34.491579],[135.428382,34.490314],[135.429579,34.491903],[135.42816,34.493053],[135.429219,34.494355],[135.427357,34.495688],[135.427234,34.496289],[135.428107,34.497794],[135.427459,34.498293],[135.426764,34.497756],[135.425943,34.498389],[135.426522,34.498957],[135.425236,34.499944],[135.423937,34.500678],[135.426314,34.502672],[135.427189,34.503945],[135.427975,34.503407],[135.429611,34.504856],[135.429986,34.504584],[135.431042,34.505707],[135.431592,34.50531],[135.432136,34.505838],[135.432204,34.506632],[135.433898,34.50872],[135.435067,34.508942],[135.433192,34.510406],[135.43387,34.511343],[135.43202,34.512713],[135.43338,34.513979],[135.432648,34.514504],[135.433288,34.515466],[135.431742,34.516652],[135.430508,34.515549],[135.429522,34.515215],[135.428951,34.514525],[135.426818,34.512737],[135.423317,34.515442],[135.424101,34.516276],[135.422717,34.517569],[135.421956,34.518083],[135.420606,34.518287],[135.418876,34.519482],[135.418361,34.519356],[135.41137,34.522512],[135.410364,34.522912],[135.406475,34.516986],[135.409915,34.51362],[135.405271,34.510353],[135.403802,34.511796],[135.405648,34.515056],[135.404438,34.516217],[135.402603,34.512968],[135.401409,34.514141],[135.403243,34.51738],[135.402041,34.518566],[135.401029,34.516763],[135.400592,34.516355],[135.399339,34.515827],[135.398198,34.515115],[135.39852,34.514586],[135.397313,34.513937],[135.400494,34.510819],[135.399107,34.509868],[135.397016,34.509029],[135.396076,34.509723],[135.397378,34.51181],[135.396632,34.512488],[135.39445,34.51096],[135.393147,34.512058],[135.392694,34.512217],[135.390394,34.509129],[135.392412,34.507617],[135.390089,34.505483],[135.386216,34.508364],[135.38954,34.512877],[135.387525,34.514369],[135.384182,34.509872],[135.381743,34.511681],[135.38602,34.517465],[135.38449,34.518817],[135.380783,34.530145],[135.378335,34.531893],[135.377318,34.530585],[135.371506,34.522756],[135.371286,34.522566],[135.367161,34.517045],[135.37547,34.510865],[135.376591,34.512295],[135.378647,34.510885],[135.377505,34.509341],[135.378581,34.50854],[135.37783,34.507845],[135.384836,34.502638],[135.385735,34.501389],[135.387398,34.500288],[135.389746,34.498928],[135.391907,34.497923],[135.395188,34.496542],[135.396918,34.495963],[135.402404,34.495182],[135.40351,34.494872],[135.404569,34.494029],[135.405193,34.493072],[135.405576,34.492047],[135.405693,34.490741],[135.405427,34.489619],[135.405485,34.488644],[135.406316,34.487316],[135.409247,34.484065],[135.411326,34.482162],[135.414045,34.482286],[135.415305,34.48154]],[[135.430855,34.511604],[135.431717,34.511348],[135.430332,34.510156],[135.429729,34.510619],[135.430855,34.511604]]],[[[135.393845,34.531429],[135.388357,34.524005],[135.389457,34.522816],[135.392716,34.525082],[135.393909,34.523904],[135.390651,34.521646],[135.392056,34.520263],[135.395314,34.522517],[135.396502,34.521347],[135.393246,34.519101],[135.395043,34.517323],[135.397268,34.518477],[135.39749,34.518176],[135.399391,34.519225],[135.40043,34.519326],[135.401118,34.52053],[135.402695,34.525563],[135.401109,34.52742],[135.400704,34.527416],[135.398397,34.526109],[135.393845,34.531429]]]]}},
  {"type":"Feature","properties":{"name":"高槻市","code":"27207"},"geometry":{"type":"MultiPolygon","coordinates":[[[[135.573116,34.916831],[135.573739,34.915137],[135.575216,34.914403],[135.576402,34.912996],[135.576518,34.912047],[135.576026,34.9099],[135.575179,34.909816],[135.574441,34.908958],[135.574861,34.908146],[135.573993,34.907329],[135.574195,34.906756],[135.575418,34.906935],[135.575621,34.906697],[135.575002,34.905462],[135.573569,34.904973],[135.572936,34.903959],[135.572234,34.903947],[135.570949,34.902796],[135.569958,34.902742],[135.568546,34.902074],[135.566324,34.900702],[135.565818,34.899962],[135.566549,34.899217],[135.567345,34.899056],[135.56885,34.89914],[135.56969,34.898979],[135.570993,34.897839],[135.570566,34.897135],[135.569549,34.896736],[135.569086,34.895954],[135.569172,34.894917],[135.569621,34.894207],[135.569534,34.892578],[135.570312,34.891338],[135.570211,34.890789],[135.569455,34.890007],[135.569386,34.889333],[135.568626,34.88882],[135.567084,34.888779],[135.566147,34.887824],[135.566154,34.886357],[135.566444,34.885474],[135.56741,34.884806],[135.56817,34.884609],[135.568597,34.883566],[135.570548,34.882808],[135.571916,34.881335],[135.573769,34.880905],[135.572969,34.880261],[135.571948,34.880303],[135.570971,34.880827],[135.570066,34.880744],[135.569571,34.879998],[135.567312,34.878281],[135.566864,34.877744],[135.566111,34.877541],[135.565203,34.876783],[135.565456,34.876139],[135.566686,34.875483],[135.566839,34.874732],[135.565467,34.87426],[135.56437,34.873115],[135.56301,34.872405],[135.562648,34.871863],[135.564634,34.870502],[135.565481,34.870353],[135.566332,34.869751],[135.56859,34.868737],[135.568546,34.867592],[135.568836,34.866393],[135.569661,34.865492],[135.569734,34.864508],[135.569553,34.862576],[135.569136,34.860888],[135.569278,34.85954],[135.567982,34.85849],[135.567077,34.857482],[135.566701,34.85676],[135.567476,34.855114],[135.568076,34.85472],[135.568981,34.852621],[135.569719,34.851344],[135.570559,34.850838],[135.571283,34.849394],[135.572093,34.848625],[135.574424,34.848863],[135.575643,34.848583],[135.580102,34.847259],[135.58165,34.847283],[135.582295,34.84671],[135.582982,34.844253],[135.58354,34.843955],[135.584293,34.842857],[135.585639,34.841492],[135.585722,34.839756],[135.583731,34.839678],[135.582914,34.837871],[135.583203,34.836572],[135.583002,34.835691],[135.583897,34.832295],[135.584154,34.831743],[135.586089,34.831823],[135.586138,34.83018],[135.586901,34.829491],[135.586444,34.828936],[135.586229,34.826435],[135.586468,34.826088],[135.586554,34.823655],[135.587819,34.823648],[135.587878,34.822892],[135.590221,34.822843],[135.590178,34.82165],[135.593729,34.821518],[135.593729,34.820617],[135.598882,34.820697],[135.598906,34.818775],[135.60362,34.818646],[135.606271,34.818512],[135.606278,34.816706],[135.605738,34.816194],[135.604103,34.816136],[135.603536,34.815211],[135.602123,34.81477],[135.601153,34.814065],[135.59951,34.813844],[135.598603,34.813126],[135.598401,34.812348],[135.598404,34.807506],[135.598635,34.801638],[135.598286,34.800241],[135.597527,34.799267],[135.597621,34.798661],[135.598667,34.797668],[135.598623,34.796026],[135.598152,34.796015],[135.598146,34.794817],[135.598583,34.794611],[135.598485,34.793335],[135.598875,34.792686],[135.598516,34.792143],[135.598092,34.790672],[135.598697,34.787715],[135.598068,34.785784],[135.598553,34.784974],[135.599178,34.784725],[135.599511,34.783787],[135.60061,34.782627],[135.602275,34.780508],[135.602375,34.781291],[135.603679,34.781483],[135.606678,34.783016],[135.608211,34.783966],[135.610382,34.785673],[135.611924,34.787614],[135.613516,34.790109],[135.614258,34.791507],[135.61439,34.794977],[135.614748,34.797478],[135.615341,34.799269],[135.617655,34.80109],[135.620038,34.805772],[135.620584,34.806361],[135.62422,34.809012],[135.625081,34.809764],[135.627394,34.810927],[135.628812,34.811524],[135.631624,34.81212],[135.633331,34.812233],[135.635376,34.812734],[135.63704,34.813432],[135.638768,34.814441],[135.640326,34.816128],[135.640915,34.817494],[135.64132,34.818914],[135.641508,34.821765],[135.641841,34.823375],[135.642296,34.824616],[135.643106,34.826054],[135.644103,34.827068],[135.646323,34.829817],[135.646569,34.831958],[135.646352,34.835704],[135.646059,34.836573],[135.646486,34.838832],[135.647376,34.841856],[135.649417,34.846377],[135.650542,34.848172],[135.651791,34.849269],[135.653035,34.850009],[135.654418,34.850605],[135.659759,34.852109],[135.661272,34.852634],[135.662708,34.853349],[135.66425,34.854405],[135.665231,34.855443],[135.666646,34.857489],[135.667163,34.858598],[135.668473,34.860226],[135.669399,34.86232],[135.670579,34.86408],[135.671654,34.865893],[135.671929,34.868732],[135.672756,34.870031],[135.669278,34.871528],[135.665663,34.8725],[135.664128,34.872619],[135.663151,34.872249],[135.663061,34.87315],[135.662605,34.873621],[135.661443,34.873633],[135.661132,34.875077],[135.660813,34.875178],[135.659098,34.873604],[135.658273,34.873705],[135.657698,34.873276],[135.65714,34.872244],[135.656576,34.872566],[135.655071,34.872476],[135.654607,34.873162],[135.655747,34.874033],[135.655117,34.87522],[135.653529,34.876281],[135.652436,34.876597],[135.651839,34.878131],[135.650865,34.879305],[135.650272,34.880898],[135.647619,34.881244],[135.646852,34.881172],[135.646512,34.881685],[135.645068,34.88227],[135.644641,34.88314],[135.645281,34.884125],[135.644615,34.885163],[135.64493,34.885932],[135.645734,34.886385],[135.646378,34.887143],[135.644243,34.887238],[135.642003,34.888329],[135.640635,34.888628],[135.641391,34.889517],[135.641434,34.890221],[135.640392,34.891115],[135.638818,34.891538],[135.638217,34.891521],[135.636806,34.891002],[135.635789,34.891204],[135.634667,34.892308],[135.634628,34.893692],[135.634287,34.894216],[135.634182,34.895129],[135.634327,34.896286],[135.63373,34.897401],[135.633951,34.899203],[135.634233,34.900246],[135.633679,34.900962],[135.633723,34.902239],[135.635014,34.902793],[135.635767,34.903372],[135.636208,34.904088],[135.636096,34.905793],[135.635615,34.906336],[135.636498,34.906998],[135.636686,34.907493],[135.636414,34.908531],[135.636516,34.910118],[135.635517,34.910183],[135.635188,34.909581],[135.634319,34.909342],[135.633718,34.908847],[135.632832,34.907475],[135.631718,34.907034],[135.630212,34.906813],[135.629904,34.907762],[135.629864,34.909187],[135.630476,34.911447],[135.630613,34.91242],[135.630508,34.913517],[135.629987,34.914537],[135.629238,34.915152],[135.629463,34.916589],[135.629104,34.917358],[135.629119,34.918092],[135.62977,34.918909],[135.629729,34.919898],[135.630736,34.920423],[135.631018,34.921085],[135.632381,34.921669],[135.632685,34.92223],[135.632395,34.922934],[135.632706,34.923921],[135.631584,34.923742],[135.631149,34.923921],[135.629033,34.925493],[135.628279,34.926402],[135.629417,34.928516],[135.629308,34.929751],[135.62883,34.931669],[135.629004,34.932176],[135.628108,34.933733],[135.626641,34.933751],[135.62375,34.934908],[135.622497,34.933506],[135.621026,34.932982],[135.619111,34.931963],[135.618858,34.931194],[135.617829,34.930508],[135.617764,34.929995],[135.616938,34.928546],[135.615583,34.928036],[135.615199,34.927625],[135.613178,34.928001],[135.611954,34.928406],[135.610027,34.928364],[135.609262,34.928123],[135.607653,34.928338],[135.606269,34.927616],[135.605371,34.92739],[135.60285,34.927306],[135.600561,34.92794],[135.599749,34.928053],[135.59943,34.928632],[135.601111,34.929717],[135.600524,34.930475],[135.60051,34.93097],[135.601928,34.932507],[135.602035,34.93353],[135.602673,34.933977],[135.603202,34.934949],[135.603919,34.935146],[135.603448,34.93582],[135.605439,34.936022],[135.605526,34.9353],[135.60641,34.935206],[135.606938,34.936059],[135.607489,34.936279],[135.607619,34.936924],[135.606996,34.937574],[135.608069,34.938218],[135.608302,34.939334],[135.609251,34.939895],[135.610186,34.939382],[135.610801,34.93974],[135.611197,34.940828],[135.610874,34.941936],[135.611345,34.942282],[135.612851,34.941644],[135.61317,34.94202],[135.611678,34.943374],[135.611523,34.943898],[135.612537,34.945193],[135.613895,34.945792],[135.613975,34.946358],[135.612815,34.946424],[135.612794,34.946889],[135.613659,34.947411],[135.614086,34.948323],[135.614115,34.950268],[135.614813,34.950343],[135.614799,34.950928],[135.615328,34.95156],[135.614784,34.952371],[135.616096,34.952872],[135.615321,34.953337],[135.615199,34.953843],[135.616438,34.955239],[135.617111,34.955728],[135.617046,34.956718],[135.616546,34.957319],[135.616887,34.957677],[135.617677,34.957391],[135.618626,34.957963],[135.618793,34.958816],[135.617783,34.960997],[135.615667,34.962804],[135.615374,34.964569],[135.61549,34.965887],[135.614932,34.966734],[135.613766,34.967449],[135.613832,34.968689],[135.613264,34.971195],[135.61193,34.971172],[135.610669,34.970879],[135.61009,34.970444],[135.607644,34.969329],[135.607079,34.970606],[135.605833,34.969884],[135.603826,34.970236],[135.603319,34.971149],[135.602529,34.971125],[135.601796,34.970522],[135.600536,34.970439],[135.599239,34.969723],[135.598043,34.969627],[135.597558,34.969168],[135.595986,34.96887],[135.594957,34.969723],[135.594147,34.969357],[135.593582,34.968438],[135.593292,34.967442],[135.592097,34.966112],[135.59151,34.966869],[135.590546,34.967346],[135.58972,34.967001],[135.589242,34.967221],[135.588726,34.968151],[135.588494,34.969135],[135.58748,34.970214],[135.586727,34.97062],[135.586843,34.971122],[135.585583,34.973338],[135.585678,34.974239],[135.584668,34.97514],[135.584769,34.976088],[135.583834,34.976201],[135.582994,34.976667],[135.582277,34.976631],[135.581914,34.975921],[135.580306,34.974347],[135.578492,34.97393],[135.577036,34.973924],[135.575478,34.972928],[135.575254,34.9722],[135.574746,34.971807],[135.572935,34.971366],[135.571905,34.969818],[135.570927,34.969788],[135.57126,34.968087],[135.571079,34.96733],[135.571347,34.966852],[135.570927,34.965737],[135.571231,34.963916],[135.572274,34.962299],[135.573194,34.961249],[135.573832,34.960862],[135.577563,34.960808],[135.57836,34.960462],[135.578892,34.958915],[135.578964,34.958169],[135.578501,34.956947],[135.578578,34.955885],[135.577571,34.955366],[135.57623,34.955664],[135.574933,34.955378],[135.574339,34.954847],[135.572767,34.954787],[135.571595,34.955088],[135.570617,34.954832],[135.570023,34.954378],[135.5689,34.954677],[135.567994,34.954635],[135.567349,34.954211],[135.567277,34.953645],[135.566596,34.952923],[135.564233,34.953747],[135.563131,34.953664],[135.562914,34.953133],[135.563103,34.951815],[135.562124,34.950866],[135.562103,34.95027],[135.562649,34.949248],[135.562026,34.948156],[135.562069,34.947373],[135.561244,34.946663],[135.561454,34.945356],[135.562207,34.944545],[135.56231,34.943648],[135.559898,34.942372],[135.559557,34.941972],[135.559563,34.94106],[135.558954,34.940105],[135.557187,34.938692],[135.557885,34.937821],[135.558508,34.937457],[135.558327,34.936276],[135.557399,34.935322],[135.557486,34.934316],[135.558052,34.933541],[135.558117,34.932873],[135.558711,34.932765],[135.559341,34.933314],[135.559551,34.933929],[135.558812,34.934686],[135.558674,34.935312],[135.559916,34.936989],[135.561844,34.937765],[135.5623,34.938666],[135.562394,34.941595],[135.563083,34.942192],[135.564713,34.942364],[135.56464,34.941446],[135.565002,34.94048],[135.566017,34.940128],[135.565389,34.937902],[135.56544,34.937168],[135.564919,34.936703],[135.56301,34.934474],[135.5628,34.933418],[135.564684,34.933024],[135.565278,34.933919],[135.566894,34.935136],[135.567379,34.935708],[135.567162,34.936604],[135.567567,34.936807],[135.569003,34.936803],[135.569894,34.937752],[135.571916,34.939082],[135.572843,34.938825],[135.574068,34.938926],[135.575134,34.93867],[135.57646,34.938766],[135.577873,34.937817],[135.579778,34.937233],[135.581053,34.937036],[135.581742,34.935556],[135.580584,34.930434],[135.581142,34.929313],[135.581026,34.927953],[135.581562,34.927464],[135.581388,34.926172],[135.580881,34.925516],[135.580512,34.924389],[135.581099,34.923728],[135.581258,34.922452],[135.579541,34.921581],[135.577149,34.920079],[135.575715,34.919581],[135.573981,34.91834],[135.573638,34.91738],[135.573116,34.916831]]]]}},
  {"type":"Feature","properties":{"name":"貝塚市","code":"27208"},"geometry":{"type":"MultiPolygon","coordinates":[[[[135.359418,34.459799],[135.356039,34.455565],[135.356567,34.455261],[135.353465,34.451354],[135.353444,34.450844],[135.35178,34.451935],[135.353268,34.457251],[135.352043,34.457915],[135.350218,34.451885],[135.346736,34.44835],[135.346502,34.448036],[135.343521,34.45009],[135.343368,34.449919],[135.337155,34.445764],[135.336411,34.444353],[135.338625,34.442804],[135.338123,34.441963],[135.337283,34.441247],[135.336094,34.441562],[135.335444,34.440395],[135.335021,34.438996],[135.332495,34.434962],[135.331716,34.434577],[135.330944,34.43381],[135.329809,34.434789],[135.32905,34.434327],[135.331298,34.432782],[135.334026,34.432041],[135.336374,34.431876],[135.337453,34.432198],[135.339268,34.430428],[135.339494,34.429341],[135.339916,34.429011],[135.342277,34.428271],[135.343616,34.427667],[135.345047,34.425989],[135.346023,34.425467],[135.347746,34.425093],[135.348189,34.424532],[135.34869,34.422531],[135.349681,34.421599],[135.35131,34.420827],[135.351661,34.420429],[135.352751,34.420039],[135.352979,34.419695],[135.3546,34.418785],[135.355202,34.418905],[135.35622,34.419804],[135.35669,34.419381],[135.357174,34.418274],[135.359066,34.418843],[135.359654,34.419293],[135.36074,34.419254],[135.360509,34.418306],[135.360787,34.417769],[135.362224,34.417642],[135.361861,34.417078],[135.363979,34.416714],[135.365374,34.41689],[135.366565,34.417614],[135.367504,34.417137],[135.367803,34.416312],[135.368675,34.415392],[135.367657,34.415134],[135.366625,34.416504],[135.366096,34.416488],[135.364852,34.41589],[135.364091,34.415796],[135.363204,34.41629],[135.362721,34.416252],[135.362363,34.415561],[135.363097,34.414562],[135.36434,34.414661],[135.365307,34.415572],[135.365758,34.415012],[135.364918,34.414162],[135.36579,34.413655],[135.365975,34.412975],[135.366936,34.412633],[135.367465,34.412869],[135.367439,34.413798],[135.36886,34.414275],[135.369118,34.413557],[135.368714,34.412826],[135.367115,34.412229],[135.366658,34.411619],[135.367513,34.410734],[135.368791,34.410008],[135.369267,34.409488],[135.370384,34.409022],[135.371,34.408504],[135.371411,34.407751],[135.371345,34.406923],[135.372432,34.406289],[135.373195,34.40609],[135.375289,34.404729],[135.376744,34.403384],[135.37689,34.402956],[135.376236,34.401849],[135.376701,34.400962],[135.378649,34.400049],[135.378711,34.397446],[135.378914,34.396459],[135.379531,34.395271],[135.379436,34.394376],[135.379671,34.393039],[135.379538,34.392579],[135.380059,34.392047],[135.379435,34.391629],[135.379391,34.391113],[135.38127,34.390029],[135.381874,34.389908],[135.383808,34.389069],[135.38375,34.388219],[135.383299,34.387379],[135.383293,34.38625],[135.383604,34.385434],[135.384574,34.384944],[135.385996,34.384979],[135.386768,34.385585],[135.387974,34.385566],[135.387144,34.384631],[135.387023,34.383841],[135.385907,34.380608],[135.385733,34.379722],[135.386418,34.378329],[135.386203,34.377035],[135.385233,34.375599],[135.385303,34.374506],[135.385942,34.373841],[135.386719,34.371889],[135.387096,34.370073],[135.386811,34.369114],[135.385993,34.368634],[135.384512,34.368461],[135.383414,34.36871],[135.38284,34.368335],[135.382021,34.367053],[135.382648,34.366256],[135.38353,34.366145],[135.384644,34.365571],[135.385954,34.364254],[135.38761,34.361598],[135.387495,34.360352],[135.387718,34.359072],[135.387309,34.358234],[135.387476,34.356537],[135.388261,34.355965],[135.388314,34.355428],[135.389151,34.354313],[135.389896,34.351906],[135.391437,34.351068],[135.391472,34.348225],[135.392273,34.347276],[135.392889,34.347234],[135.393289,34.347818],[135.39418,34.347423],[135.395153,34.347835],[135.396129,34.347893],[135.39689,34.347149],[135.397969,34.347208],[135.400126,34.34674],[135.40105,34.346794],[135.40159,34.348246],[135.404299,34.348503],[135.40509,34.348089],[135.406083,34.348059],[135.406789,34.347309],[135.407544,34.347112],[135.407806,34.34646],[135.408753,34.345111],[135.409109,34.34386],[135.408918,34.342995],[135.409221,34.341938],[135.411132,34.342043],[135.412429,34.341948],[135.413831,34.341292],[135.41564,34.339903],[135.417406,34.339896],[135.418152,34.340264],[135.420444,34.340126],[135.421496,34.339769],[135.423141,34.340286],[135.424787,34.33997],[135.426944,34.34112],[135.427093,34.341865],[135.428237,34.343324],[135.428011,34.344402],[135.428697,34.345563],[135.430019,34.346303],[135.430366,34.3468],[135.431623,34.34735],[135.433971,34.347866],[135.43429,34.348226],[135.433259,34.349055],[135.432682,34.35005],[135.432727,34.351071],[135.432273,34.352694],[135.43095,34.353684],[135.430669,34.355372],[135.431341,34.356446],[135.431252,34.357218],[135.430532,34.357811],[135.430159,34.358743],[135.430446,34.360189],[135.430876,34.360769],[135.430327,34.362526],[135.429811,34.363215],[135.429368,34.364515],[135.429396,34.365501],[135.428701,34.368227],[135.428796,34.369477],[135.427468,34.370902],[135.427362,34.371814],[135.426633,34.373121],[135.427093,34.374362],[135.42576,34.375941],[135.425679,34.376514],[135.424533,34.376193],[135.423361,34.376398],[135.422538,34.376223],[135.421639,34.377476],[135.420439,34.377705],[135.419128,34.379008],[135.417599,34.379053],[135.416622,34.379311],[135.41624,34.380207],[135.416081,34.383155],[135.415164,34.38391],[135.414041,34.384213],[135.41387,34.385424],[135.413476,34.386003],[135.412217,34.386237],[135.41093,34.387938],[135.410202,34.390056],[135.410388,34.39081],[135.410078,34.392248],[135.40871,34.393134],[135.408542,34.393957],[135.408937,34.396168],[135.409422,34.396789],[135.409318,34.397361],[135.4086,34.398133],[135.40827,34.399772],[135.407332,34.400126],[135.405875,34.400965],[135.40526,34.402361],[135.405461,34.403753],[135.405215,34.404852],[135.407002,34.405889],[135.407876,34.406222],[135.408271,34.407339],[135.409248,34.407796],[135.409319,34.408214],[135.410775,34.408585],[135.41113,34.409536],[135.409934,34.41026],[135.410069,34.411985],[135.409248,34.412661],[135.409259,34.413552],[135.408587,34.413724],[135.406042,34.412892],[135.405842,34.412377],[135.405038,34.411846],[135.403221,34.411843],[135.402885,34.412537],[135.40128,34.412279],[135.40096,34.41125],[135.399951,34.411598],[135.399718,34.412418],[135.397996,34.414196],[135.398914,34.415997],[135.39885,34.417414],[135.398061,34.417918],[135.397783,34.418506],[135.39698,34.419082],[135.396523,34.418806],[135.395459,34.416716],[135.394747,34.41635],[135.393993,34.416666],[135.394079,34.417277],[135.393133,34.418786],[135.392229,34.419916],[135.390846,34.418689],[135.390315,34.418596],[135.388679,34.417702],[135.387856,34.417656],[135.387881,34.418249],[135.386729,34.420116],[135.385057,34.421133],[135.384954,34.422206],[135.384377,34.423706],[135.383593,34.424152],[135.38219,34.426917],[135.381548,34.428533],[135.379555,34.431688],[135.379529,34.432124],[135.380146,34.433161],[135.380595,34.434703],[135.380197,34.435128],[135.379144,34.436914],[135.378154,34.437614],[135.377795,34.438135],[135.378,34.438868],[135.378745,34.439272],[135.37949,34.439219],[135.379736,34.441054],[135.381418,34.442639],[135.381213,34.4454],[135.377715,34.447916],[135.375904,34.449363],[135.372731,34.451631],[135.372207,34.450498],[135.371129,34.451324],[135.370697,34.45107],[135.369641,34.451269],[135.367769,34.452511],[135.366709,34.453964],[135.366021,34.454408],[135.36508,34.454648],[135.363949,34.455484],[135.363433,34.456491],[135.362584,34.457117],[135.361274,34.456554],[135.360801,34.457601],[135.362121,34.458305],[135.359418,34.459799]]],[[[135.328618,34.447411],[135.327187,34.44846],[135.328281,34.449937],[135.330389,34.448405],[135.329791,34.447754],[135.331308,34.447426],[135.332382,34.446421],[135.332815,34.445677],[135.333009,34.444727],[135.342127,34.450844],[135.345969,34.454686],[135.347208,34.458686],[135.339075,34.469298],[135.339012,34.475594],[135.33891,34.47559],[135.338975,34.469275],[135.340787,34.466929],[135.328073,34.449794],[135.327073,34.448426],[135.328618,34.447411]]],[[[135.376122,34.399334],[135.375677,34.400318],[135.375184,34.400774],[135.374821,34.402835],[135.373122,34.404681],[135.3719,34.406203],[135.37159,34.405386],[135.372208,34.404312],[135.374316,34.402393],[135.374981,34.399531],[135.37547,34.398891],[135.3767,34.397867],[135.377448,34.397969],[135.377854,34.398818],[135.377606,34.399652],[135.37664,34.399256],[135.376122,34.399334]]]]}},
  {"type":"Feature","properties":{"name":"守口市","code":"27209"},"geometry":{"type":"MultiPolygon","coordinates":[[[[135.556435,34.746081],[135.559973,34.741951],[135.561001,34.74021],[135.560936,34.738134],[135.560286,34.736834],[135.557283,34.735499],[135.556178,34.734705],[135.553401,34.733095],[135.554905,34.731072],[135.554746,34.730738],[135.554903,34.726326],[135.555118,34.724813],[135.558325,34.725756],[135.559148,34.725749],[135.559921,34.726167],[135.560709,34.725284],[135.563013,34.724992],[135.563641,34.724783],[135.564443,34.724066],[135.565536,34.72269],[135.565573,34.721544],[135.566042,34.720024],[135.567257,34.718563],[135.567626,34.717778],[135.568678,34.715275],[135.569413,34.712515],[135.568929,34.711799],[135.569521,34.711161],[135.569478,34.710308],[135.56999,34.71026],[135.569901,34.708902],[135.571829,34.708776],[135.574294,34.708929],[135.574817,34.712948],[135.576818,34.712781],[135.577576,34.712901],[135.576461,34.715044],[135.575052,34.717406],[135.580948,34.717257],[135.582306,34.717031],[135.58287,34.717389],[135.58305,34.718376],[135.582754,34.719199],[135.582998,34.719952],[135.58346,34.720166],[135.583286,34.721091],[135.582254,34.721114],[135.581913,34.721858],[135.582231,34.723338],[135.582628,34.723332],[135.583458,34.722533],[135.58426,34.722371],[135.583596,34.723779],[135.583719,34.724299],[135.582637,34.726269],[135.582316,34.727601],[135.581683,34.728767],[135.580975,34.729304],[135.579292,34.73098],[135.579682,34.731702],[135.576379,34.734225],[135.576772,34.735354],[135.575544,34.737114],[135.574519,34.737382],[135.571889,34.737597],[135.571059,34.738114],[135.571991,34.739009],[135.571587,34.739969],[135.572555,34.740828],[135.57431,34.740691],[135.57483,34.74016],[135.57548,34.740178],[135.576125,34.741422],[135.578963,34.743396],[135.579368,34.744911],[135.580104,34.745329],[135.580294,34.747077],[135.58111,34.747792],[135.582027,34.747918],[135.583299,34.747715],[135.585301,34.747828],[135.585756,34.747089],[135.586624,34.747423],[135.589266,34.74713],[135.590951,34.747864],[135.591529,34.747757],[135.593161,34.746594],[135.595003,34.745818],[135.596628,34.745681],[135.597344,34.745126],[135.598667,34.744751],[135.599187,34.74512],[135.602054,34.745377],[135.603586,34.74527],[135.604776,34.745449],[135.605939,34.748019],[135.606871,34.748891],[135.606798,34.749678],[135.606278,34.750203],[135.604826,34.750644],[135.603861,34.752141],[135.604033,34.754159],[135.605045,34.754799],[135.604503,34.755805],[135.603495,34.756304],[135.602918,34.756163],[135.602512,34.755569],[135.601639,34.755182],[135.601141,34.755693],[135.600136,34.755922],[135.599309,34.756927],[135.598394,34.756569],[135.597368,34.756727],[135.596848,34.757268],[135.597136,34.760747],[135.597189,34.763069],[135.594614,34.763234],[135.593691,34.763757],[135.592103,34.764967],[135.589698,34.765079],[135.588889,34.765308],[135.589616,34.766019],[135.587006,34.767522],[135.585263,34.766133],[135.580529,34.7618],[135.576749,34.759114],[135.574479,34.758005],[135.573054,34.7576],[135.563702,34.755585],[135.562131,34.754886],[135.560529,34.753992],[135.559441,34.753405],[135.558144,34.752361],[135.556844,34.750775],[135.556374,34.748983],[135.556316,34.746687],[135.556435,34.746081]]]]}},
  {"type":"Feature","properties":{"name":"枚方市","code":"27210"},"geometry":{"type":"MultiPolygon","coordinates":[[[[135.614258,34.791507],[135.615726,34.791203],[135.619052,34.790857],[135.622177,34.790201],[135.622875,34.789938],[135.625818,34.790404],[135.629954,34.790356],[135.631009,34.789926],[135.632109,34.789109],[135.632282,34.787529],[135.631892,34.786699],[135.631863,34.785417],[135.632543,34.785662],[135.633254,34.785465],[135.635023,34.785465],[135.63589,34.785322],[135.639166,34.785489],[135.639614,34.785757],[135.641602,34.785912],[135.643522,34.785483],[135.643992,34.783938],[135.645149,34.784158],[135.646891,34.784164],[135.64867,34.783395],[135.649154,34.782053],[135.649704,34.781701],[135.649187,34.780616],[135.649852,34.77922],[135.650496,34.777246],[135.651421,34.775814],[135.652072,34.774443],[135.651747,34.773643],[135.653033,34.773089],[135.653728,34.773369],[135.653937,34.774007],[135.655347,34.775069],[135.656489,34.775325],[135.657046,34.776029],[135.658225,34.776214],[135.659295,34.77554],[135.659538,34.774975],[135.659936,34.775011],[135.661497,34.77584],[135.662849,34.77618],[135.665994,34.77652],[135.667411,34.776365],[135.667766,34.776538],[135.66914,34.778309],[135.669848,34.778297],[135.670463,34.778804],[135.6718,34.778715],[135.671605,34.781232],[135.670752,34.7819],[135.670455,34.785109],[135.670586,34.785497],[135.67188,34.785628],[135.670361,34.788163],[135.669624,34.789624],[135.669335,34.791151],[135.668864,34.791771],[135.665416,34.794181],[135.664303,34.795249],[135.665322,34.795505],[135.666855,34.796263],[135.665987,34.797384],[135.667281,34.797963],[135.668431,34.798142],[135.670336,34.799245],[135.670864,34.799179],[135.67317,34.799454],[135.673713,34.799895],[135.673727,34.801721],[135.674363,34.802001],[135.675014,34.801679],[135.676308,34.80342],[135.676966,34.803074],[135.676525,34.802335],[135.677863,34.801858],[135.679446,34.802389],[135.679959,34.802227],[135.680169,34.801464],[135.681095,34.800695],[135.682786,34.800021],[135.684431,34.800337],[135.685538,34.800349],[135.687027,34.799383],[135.687439,34.799317],[135.688929,34.799711],[135.693071,34.800462],[135.694192,34.800355],[135.695692,34.800599],[135.696914,34.800164],[135.697601,34.799699],[135.699669,34.799723],[135.700558,34.799431],[135.702196,34.79949],[135.705258,34.798441],[135.705721,34.7981],[135.707438,34.798333],[135.708609,34.798077],[135.70892,34.797516],[135.709058,34.795637],[135.709853,34.795667],[135.711342,34.794796],[135.711885,34.795154],[135.71272,34.795041],[135.713053,34.794027],[135.714596,34.793723],[135.715066,34.792148],[135.714596,34.790198],[135.716693,34.788909],[135.716454,34.787883],[135.716769,34.786506],[135.716595,34.7857],[135.715728,34.78471],[135.715428,34.783344],[135.714607,34.782861],[135.713616,34.782831],[135.712749,34.782521],[135.712326,34.781453],[135.711969,34.781332],[135.713191,34.780169],[135.713711,34.779943],[135.715628,34.779936],[135.716553,34.779287],[135.717305,34.777551],[135.718212,34.776853],[135.720233,34.774622],[135.721531,34.774437],[135.722478,34.774634],[135.725613,34.775976],[135.726574,34.775857],[135.727753,34.776579],[135.729128,34.778573],[135.729316,34.779391],[135.729999,34.779909],[135.730903,34.781209],[135.731955,34.781794],[135.732294,34.782749],[135.733911,34.784007],[135.735635,34.784395],[135.736351,34.784914],[135.73638,34.785439],[135.7378,34.787114],[135.73865,34.787604],[135.739619,34.787842],[135.740674,34.788367],[135.740241,34.790085],[135.739669,34.790419],[135.739481,34.791177],[135.740024,34.791797],[135.74053,34.793288],[135.741325,34.793646],[135.74306,34.793652],[135.743505,34.794117],[135.743686,34.795441],[135.744033,34.796079],[135.744709,34.796568],[135.745316,34.797821],[135.745982,34.798721],[135.746039,34.799509],[135.746589,34.801244],[135.746459,34.802467],[135.746025,34.803642],[135.745483,34.804227],[135.744015,34.804758],[135.742908,34.805432],[135.742186,34.806642],[135.741882,34.808396],[135.740971,34.809637],[135.739041,34.811611],[135.738267,34.811718],[135.737529,34.813197],[135.736734,34.81383],[135.736814,34.814706],[135.736438,34.816317],[135.736141,34.816735],[135.735903,34.818017],[135.735338,34.818924],[135.735085,34.81989],[135.733629,34.820487],[135.733173,34.820976],[135.732631,34.822276],[135.731875,34.822669],[135.730921,34.822634],[135.730494,34.822246],[135.729468,34.822318],[135.727772,34.823141],[135.726199,34.823069],[135.724269,34.823218],[135.723112,34.825008],[135.723314,34.825843],[135.723152,34.826837],[135.720618,34.829463],[135.71954,34.829696],[135.719352,34.831062],[135.718481,34.832016],[135.717758,34.832457],[135.718199,34.833155],[135.717259,34.834611],[135.717295,34.835339],[135.716833,34.835893],[135.715767,34.836576],[135.715687,34.837863],[135.714717,34.838847],[135.713979,34.83927],[135.713193,34.840075],[135.712166,34.840051],[135.711054,34.841649],[135.711873,34.842139],[135.711174,34.843886],[135.710219,34.844166],[135.709914,34.844739],[135.710171,34.84663],[135.708984,34.847322],[135.708619,34.848097],[135.707721,34.849273],[135.706256,34.84969],[135.705304,34.85099],[135.702829,34.8517],[135.702257,34.85173],[135.701486,34.850942],[135.700683,34.850752],[135.698066,34.849618],[135.697234,34.848891],[135.695653,34.848169],[135.694914,34.848282],[135.694509,34.849511],[135.69465,34.850579],[135.693601,34.851467],[135.692359,34.852129],[135.691643,34.853292],[135.692298,34.854301],[135.692384,34.855273],[135.690999,34.855929],[135.690651,34.856519],[135.691089,34.858064],[135.691878,34.858941],[135.693495,34.860081],[135.694704,34.860713],[135.694653,34.861339],[135.693622,34.860969],[135.691382,34.861381],[135.691064,34.862782],[135.691863,34.864691],[135.691701,34.865663],[135.691324,34.86586],[135.691382,34.867011],[135.69106,34.868484],[135.690579,34.869152],[135.689522,34.869325],[135.688711,34.868991],[135.687434,34.869533],[135.686443,34.870285],[135.685085,34.87072],[135.684753,34.871161],[135.683703,34.871513],[135.682552,34.872151],[135.682013,34.873153],[135.682107,34.874036],[135.681865,34.875104],[135.682118,34.875915],[135.683519,34.877633],[135.682936,34.878873],[135.682929,34.879487],[135.682201,34.880537],[135.679922,34.881341],[135.679412,34.879868],[135.677523,34.876027],[135.676253,34.874064],[135.672756,34.870031],[135.671929,34.868732],[135.671654,34.865893],[135.670579,34.86408],[135.669399,34.86232],[135.668473,34.860226],[135.667163,34.858598],[135.666646,34.857489],[135.665231,34.855443],[135.66425,34.854405],[135.662708,34.853349],[135.661272,34.852634],[135.659759,34.852109],[135.654418,34.850605],[135.653035,34.850009],[135.651791,34.849269],[135.650542,34.848172],[135.649417,34.846377],[135.647376,34.841856],[135.646486,34.838832],[135.646059,34.836573],[135.646352,34.835704],[135.646569,34.831958],[135.646323,34.829817],[135.644103,34.827068],[135.643106,34.826054],[135.642296,34.824616],[135.641841,34.823375],[135.641508,34.821765],[135.64132,34.818914],[135.640915,34.817494],[135.640326,34.816128],[135.638768,34.814441],[135.63704,34.813432],[135.635376,34.812734],[135.633331,34.812233],[135.631624,34.81212],[135.628812,34.811524],[135.627394,34.810927],[135.625081,34.809764],[135.62422,34.809012],[135.620584,34.806361],[135.620038,34.805772],[135.617655,34.80109],[135.615341,34.799269],[135.614748,34.797478],[135.61439,34.794977],[135.614258,34.791507]]]]}},
  {"type":"Feature","properties":{"name":"茨木市","code":"27211"},"geometry":{"type":"MultiPolygon","coordinates":[[[[135.551934,34.793562],[135.553921,34.793551],[135.554928,34.793251],[135.555023,34.792064],[135.555894,34.791584],[135.558486,34.791446],[135.558566,34.792831],[135.56285,34.792802],[135.56281,34.791938],[135.562032,34.79147],[135.562498,34.790613],[135.562552,34.788579],[135.563144,34.787924],[135.562848,34.786825],[135.563883,34.786626],[135.562694,34.783322],[135.566088,34.784554],[135.56828,34.785613],[135.567866,34.780476],[135.568023,34.779172],[135.567814,34.777768],[135.565847,34.776409],[135.56688,34.775444],[135.568036,34.776293],[135.568953,34.776617],[135.570526,34.776634],[135.573751,34.779175],[135.573862,34.780179],[135.575594,34.781799],[135.576149,34.782898],[135.577682,34.784407],[135.579495,34.785111],[135.582303,34.786571],[135.583927,34.788241],[135.587521,34.791514],[135.587478,34.792585],[135.588823,34.793628],[135.589684,34.794005],[135.590596,34.793468],[135.591965,34.794839],[135.594504,34.796148],[135.595324,34.79713],[135.596478,34.797691],[135.597621,34.798661],[135.597527,34.799267],[135.598286,34.800241],[135.598635,34.801638],[135.598404,34.807506],[135.598401,34.812348],[135.598603,34.813126],[135.59951,34.813844],[135.601153,34.814065],[135.602123,34.81477],[135.603536,34.815211],[135.604103,34.816136],[135.605738,34.816194],[135.606278,34.816706],[135.606271,34.818512],[135.60362,34.818646],[135.598906,34.818775],[135.598882,34.820697],[135.593729,34.820617],[135.593729,34.821518],[135.590178,34.82165],[135.590221,34.822843],[135.587878,34.822892],[135.587819,34.823648],[135.586554,34.823655],[135.586468,34.826088],[135.586229,34.826435],[135.586444,34.828936],[135.586901,34.829491],[135.586138,34.83018],[135.586089,34.831823],[135.584154,34.831743],[135.583897,34.832295],[135.583002,34.835691],[135.583203,34.836572],[135.582914,34.837871],[135.583731,34.839678],[135.585722,34.839756],[135.585639,34.841492],[135.584293,34.842857],[135.58354,34.843955],[135.582982,34.844253],[135.582295,34.84671],[135.58165,34.847283],[135.580102,34.847259],[135.575643,34.848583],[135.574424,34.848863],[135.572093,34.848625],[135.571283,34.849394],[135.570559,34.850838],[135.569719,34.851344],[135.568981,34.852621],[135.568076,34.85472],[135.567476,34.855114],[135.566701,34.85676],[135.567077,34.857482],[135.567982,34.85849],[135.569278,34.85954],[135.569136,34.860888],[135.569553,34.862576],[135.569734,34.864508],[135.569661,34.865492],[135.568836,34.866393],[135.568546,34.867592],[135.56859,34.868737],[135.566332,34.869751],[135.565481,34.870353],[135.564634,34.870502],[135.562648,34.871863],[135.56301,34.872405],[135.56437,34.873115],[135.565467,34.87426],[135.566839,34.874732],[135.566686,34.875483],[135.565456,34.876139],[135.565203,34.876783],[135.566111,34.877541],[135.566864,34.877744],[135.567312,34.878281],[135.569571,34.879998],[135.570066,34.880744],[135.570971,34.880827],[135.571948,34.880303],[135.572969,34.880261],[135.573769,34.880905],[135.571916,34.881335],[135.570548,34.882808],[135.568597,34.883566],[135.56817,34.884609],[135.56741,34.884806],[135.566444,34.885474],[135.566154,34.886357],[135.566147,34.887824],[135.567084,34.888779],[135.568626,34.88882],[135.569386,34.889333],[135.569455,34.890007],[135.570211,34.890789],[135.570312,34.891338],[135.569534,34.892578],[135.569621,34.894207],[135.569172,34.894917],[135.569086,34.895954],[135.569549,34.896736],[135.570566,34.897135],[135.570993,34.897839],[135.56969,34.898979],[135.56885,34.89914],[135.567345,34.899056],[135.566549,34.899217],[135.565818,34.899962],[135.566324,34.900702],[135.568546,34.902074],[135.569958,34.902742],[135.570949,34.902796],[135.572234,34.903947],[135.572936,34.903959],[135.573569,34.904973],[135.575002,34.905462],[135.575621,34.906697],[135.575418,34.906935],[135.574195,34.906756],[135.573993,34.907329],[135.574861,34.908146],[135.574441,34.908958],[135.575179,34.909816],[135.576026,34.9099],[135.576518,34.912047],[135.576402,34.912996],[135.575216,34.914403],[135.573739,34.915137],[135.573116,34.916831],[135.572291,34.916383],[135.571148,34.916729],[135.569023,34.916563],[135.567409,34.916288],[135.566335,34.916813],[135.565582,34.916819],[135.564044,34.917445],[135.562738,34.917791],[135.560826,34.917922],[135.557816,34.917469],[135.556661,34.917051],[135.555959,34.916503],[135.555062,34.916359],[135.553328,34.915548],[135.550672,34.918334],[135.54947,34.918554],[135.549021,34.918149],[135.54853,34.916771],[135.546181,34.916586],[135.54431,34.917451],[135.543174,34.915924],[135.542088,34.915238],[135.54106,34.91531],[135.539229,34.917391],[135.53823,34.918882],[135.537166,34.91905],[135.53629,34.920027],[135.536007,34.920916],[135.536666,34.922294],[135.53694,34.92368],[135.537303,34.924371],[135.538196,34.924929],[135.538146,34.9254],[135.536994,34.925525],[135.533871,34.926564],[135.533393,34.927107],[135.532422,34.92697],[135.531683,34.92722],[135.530256,34.927252],[135.52772,34.928189],[135.527032,34.928833],[135.525377,34.928802],[135.525456,34.927861],[135.525796,34.927402],[135.525304,34.926651],[135.525558,34.925595],[135.525489,34.923553],[135.525059,34.923107],[135.524813,34.921974],[135.524907,34.920255],[135.524294,34.919186],[135.523122,34.918972],[135.522724,34.918268],[135.522565,34.917295],[135.521425,34.916579],[135.520354,34.915559],[135.519713,34.914397],[135.520133,34.913711],[135.520209,34.912828],[135.519927,34.912386],[135.518461,34.911903],[135.517781,34.911456],[135.516977,34.911372],[135.516854,34.908861],[135.516409,34.908121],[135.516286,34.907119],[135.516905,34.906791],[135.518302,34.904918],[135.517838,34.904202],[135.516709,34.903266],[135.515891,34.903021],[135.513734,34.903039],[135.512359,34.901768],[135.511382,34.900575],[135.511252,34.900044],[135.511842,34.898655],[135.511277,34.898094],[135.509663,34.898237],[135.508997,34.898827],[135.507724,34.898547],[135.50726,34.898016],[135.502849,34.895958],[135.500598,34.895958],[135.501503,34.894395],[135.50151,34.89328],[135.501047,34.892099],[135.50046,34.889886],[135.500627,34.887929],[135.500026,34.887577],[135.499802,34.886563],[135.498626,34.885304],[135.498528,34.884475],[135.498064,34.884016],[135.496478,34.883402],[135.495806,34.882461],[135.495901,34.881148],[135.497013,34.880505],[135.498531,34.88004],[135.499327,34.879211],[135.499526,34.877517],[135.49957,34.876313],[135.500507,34.875138],[135.501796,34.872901],[135.501872,34.872149],[135.503254,34.870032],[135.503797,34.87039],[135.50384,34.870944],[135.504513,34.87107],[135.505845,34.87206],[135.50675,34.873837],[135.507213,34.874416],[135.509214,34.875156],[135.509684,34.875573],[135.510575,34.874839],[135.511726,34.874362],[135.511834,34.873736],[135.512536,34.873044],[135.51313,34.872048],[135.513289,34.871338],[135.512946,34.870008],[135.512051,34.869191],[135.511805,34.867867],[135.512428,34.866686],[135.512884,34.865284],[135.514057,34.864408],[135.515801,34.864127],[135.515844,34.862147],[135.515464,34.860864],[135.514466,34.860071],[135.518092,34.857202],[135.519843,34.856701],[135.520372,34.855813],[135.519949,34.854459],[135.520469,34.854238],[135.520643,34.853307],[135.520339,34.852651],[135.520571,34.852079],[135.522822,34.852001],[135.522749,34.850373],[135.522909,34.849729],[135.522886,34.847521],[135.524752,34.847475],[135.525286,34.847608],[135.525239,34.846281],[135.524291,34.845231],[135.524335,34.844629],[135.525775,34.843961],[135.525095,34.843389],[135.524805,34.842536],[135.524939,34.840859],[135.523195,34.840561],[135.521936,34.839828],[135.520582,34.840507],[135.519359,34.840471],[135.518907,34.839207],[135.519783,34.838509],[135.519739,34.837722],[135.52068,34.836935],[135.520579,34.835686],[135.522034,34.835321],[135.523272,34.834564],[135.524395,34.834988],[135.525028,34.834929],[135.525423,34.834348],[135.524581,34.833187],[135.524679,34.832574],[135.525637,34.832221],[135.526222,34.830792],[135.525036,34.827048],[135.523986,34.82624],[135.52334,34.825914],[135.522864,34.824434],[135.523871,34.824089],[135.525626,34.823118],[135.527197,34.821532],[135.528994,34.820152],[135.529278,34.819643],[135.529246,34.817643],[135.53015,34.817128],[135.529994,34.816344],[135.532841,34.815432],[135.534479,34.815204],[135.536581,34.815795],[135.537304,34.815555],[135.537113,34.8149],[135.539095,34.813549],[135.540254,34.813332],[135.540439,34.81373],[135.541892,34.813894],[135.54214,34.812835],[135.543136,34.811993],[135.545395,34.811063],[135.547019,34.810712],[135.548355,34.809835],[135.550234,34.809525],[135.55128,34.809121],[135.552117,34.809338],[135.553187,34.808864],[135.552627,34.807694],[135.55301,34.807489],[135.554673,34.807413],[135.555077,34.805231],[135.554435,34.805032],[135.554322,34.804483],[135.553276,34.803196],[135.553496,34.802646],[135.554719,34.801827],[135.554985,34.799797],[135.552922,34.795679],[135.551934,34.793562]]],[[[135.546818,34.806063],[135.545858,34.807776],[135.544379,34.807688],[135.543531,34.807311],[135.543511,34.806528],[135.544028,34.806312],[135.545496,34.806215],[135.546209,34.805091],[135.546818,34.806063]]]]}},
  {"type":"Feature","properties":{"name":"八尾市","code":"27212"},"geometry":{"type":"MultiPolygon","coordinates":[[[[135.576834,34.593073],[135.57872,34.592446],[135.580596,34.591975],[135.582198,34.591414],[135.584204,34.590537],[135.585756,34.590019],[135.584695,34.588438],[135.585438,34.588742],[135.586037,34.589553],[135.58704,34.589023],[135.586499,34.588229],[135.586549,34.587346],[135.58735,34.587227],[135.587348,34.585996],[135.589436,34.586013],[135.590223,34.585725],[135.591074,34.586959],[135.591975,34.586347],[135.591441,34.585257],[135.592509,34.585014],[135.593187,34.586135],[135.596193,34.584858],[135.596843,34.586093],[135.598582,34.586116],[135.598808,34.586518],[135.601067,34.585048],[135.601156,34.583487],[135.605024,34.583332],[135.605277,34.583445],[135.605517,34.586167],[135.606291,34.586104],[135.606352,34.587115],[135.607283,34.587163],[135.607369,34.587557],[135.608488,34.587604],[135.608437,34.588716],[135.60764,34.588704],[135.607676,34.591192],[135.608514,34.591209],[135.608542,34.591866],[135.610851,34.592122],[135.610779,34.592945],[135.618969,34.592922],[135.618875,34.594341],[135.622445,34.595393],[135.620884,34.597843],[135.621238,34.598272],[135.623139,34.59804],[135.623326,34.598994],[135.624156,34.599597],[135.625173,34.599812],[135.631841,34.599883],[135.631863,34.600945],[135.634345,34.601016],[135.635326,34.600864],[135.638343,34.59988],[135.63985,34.60002],[135.640991,34.599579],[135.642672,34.600345],[135.643451,34.600101],[135.646056,34.600331],[135.647138,34.599388],[135.647709,34.599221],[135.648949,34.599946],[135.650263,34.601693],[135.650551,34.602275],[135.650024,34.602692],[135.650602,34.603981],[135.65058,34.604914],[135.650883,34.606167],[135.651793,34.60681],[135.650951,34.607046],[135.650121,34.607833],[135.650987,34.609953],[135.651911,34.610106],[135.653087,34.610612],[135.653347,34.611287],[135.654227,34.611221],[135.656796,34.611737],[135.656854,34.612542],[135.657308,34.612781],[135.657388,34.613526],[135.658318,34.614615],[135.659061,34.615033],[135.657784,34.616354],[135.658896,34.619518],[135.659494,34.620944],[135.659632,34.622456],[135.658888,34.62313],[135.659552,34.624051],[135.660108,34.624093],[135.661039,34.625238],[135.661277,34.626559],[135.661601,34.627031],[135.66171,34.62825],[135.662611,34.628638],[135.663196,34.629521],[135.663398,34.633285],[135.661703,34.634382],[135.661197,34.635393],[135.662294,34.635417],[135.663016,34.636354],[135.662583,34.638211],[135.662648,34.640261],[135.663239,34.641322],[135.664076,34.642109],[135.664287,34.643276],[135.663668,34.643184],[135.662124,34.643783],[135.660508,34.643634],[135.660436,34.642698],[135.659793,34.642537],[135.658148,34.643244],[135.657412,34.643166],[135.656532,34.64356],[135.655659,34.643372],[135.654432,34.643998],[135.653689,34.643718],[135.652902,34.644299],[135.651538,34.644222],[135.649489,34.644434],[135.647678,34.645042],[135.646617,34.644923],[135.646285,34.64404],[135.645138,34.643965],[135.64285,34.644052],[135.641487,34.644409],[135.641111,34.644159],[135.634913,34.644261],[135.634964,34.644594],[135.632561,34.64438],[135.632597,34.643911],[135.632251,34.64044],[135.631356,34.640458],[135.631442,34.643306],[135.631803,34.644362],[135.625482,34.644657],[135.625532,34.650306],[135.621425,34.650353],[135.617961,34.650282],[135.618214,34.649232],[135.618048,34.648009],[135.617096,34.648116],[135.616634,34.648474],[135.616793,34.650239],[135.613538,34.650251],[135.611554,34.650371],[135.606185,34.650419],[135.603464,34.650603],[135.600549,34.650591],[135.599524,34.650776],[135.59767,34.650663],[135.594495,34.650621],[135.594704,34.648503],[135.594791,34.646277],[135.594553,34.644477],[135.59596,34.644406],[135.595917,34.641721],[135.590678,34.641745],[135.590859,34.640671],[135.589018,34.640343],[135.588852,34.640021],[135.587438,34.639693],[135.586248,34.639765],[135.585208,34.639347],[135.586312,34.638053],[135.587821,34.636824],[135.586919,34.635971],[135.588196,34.634993],[135.589993,34.633943],[135.588874,34.632434],[135.574684,34.632181],[135.574821,34.630553],[135.576026,34.630535],[135.575954,34.627821],[135.576632,34.626521],[135.575968,34.625483],[135.575564,34.624338],[135.575485,34.622697],[135.575622,34.620407],[135.574936,34.620413],[135.574915,34.61925],[135.575182,34.618236],[135.573941,34.618451],[135.572981,34.618886],[135.568962,34.620133],[135.565909,34.621331],[135.5636,34.621248],[135.563427,34.621832],[135.562258,34.622858],[135.561955,34.616995],[135.563218,34.616816],[135.563774,34.616464],[135.565159,34.616613],[135.566956,34.615766],[135.568009,34.615719],[135.568009,34.614848],[135.569207,34.614854],[135.569236,34.613816],[135.572519,34.613756],[135.573923,34.613836],[135.574044,34.615304],[135.574997,34.614846],[135.576859,34.61476],[135.57685,34.613823],[135.576227,34.613772],[135.576286,34.611955],[135.582622,34.611973],[135.582802,34.611019],[135.584469,34.609193],[135.585963,34.609038],[135.58693,34.60914],[135.586821,34.607935],[135.587262,34.607183],[135.587319,34.604738],[135.586013,34.604767],[135.58605,34.603968],[135.584967,34.603694],[135.583639,34.603682],[135.583661,34.602835],[135.581381,34.602704],[135.58133,34.600902],[135.579974,34.600878],[135.580024,34.598445],[135.579916,34.594091],[135.577073,34.593852],[135.576834,34.593073]]]]}},
  {"type":"Feature","properties":{"name":"泉佐野市","code":"27213"},"geometry":{"type":"MultiPolygon","coordinates":[[[[135.32905,34.434327],[135.328875,34.434179],[135.3249,34.436937],[135.321037,34.432972],[135.324975,34.430311],[135.326125,34.431409],[135.328393,34.429876],[135.326269,34.427713],[135.324703,34.426332],[135.322797,34.424401],[135.320632,34.425795],[135.322042,34.427229],[135.322867,34.427871],[135.32248,34.42829],[135.318691,34.430862],[135.317998,34.430926],[135.313772,34.426621],[135.319631,34.422654],[135.31938,34.421384],[135.319654,34.420936],[135.31675,34.419407],[135.315406,34.421109],[135.314006,34.420152],[135.311684,34.418117],[135.311026,34.418386],[135.309542,34.417069],[135.306441,34.419472],[135.310398,34.42297],[135.31031,34.423038],[135.302103,34.415817],[135.294528,34.415067],[135.293384,34.414052],[135.292955,34.407099],[135.292001,34.406837],[135.290159,34.404562],[135.288818,34.403624],[135.292591,34.400943],[135.294225,34.399659],[135.294605,34.39916],[135.295579,34.399678],[135.296663,34.39914],[135.295095,34.397813],[135.295293,34.397451],[135.297456,34.395401],[135.298249,34.394473],[135.298575,34.393208],[135.298393,34.392834],[135.297158,34.392512],[135.297784,34.391486],[135.299692,34.391079],[135.300381,34.390014],[135.298725,34.38916],[135.297204,34.389246],[135.297727,34.388556],[135.2968,34.388102],[135.298724,34.385473],[135.296791,34.384479],[135.295113,34.385938],[135.293534,34.385129],[135.292854,34.385051],[135.291737,34.385405],[135.289351,34.384216],[135.289607,34.383412],[135.290561,34.382288],[135.289678,34.381709],[135.289859,34.381106],[135.289466,34.380374],[135.289627,34.37895],[135.290824,34.379042],[135.293728,34.379812],[135.294114,34.379256],[135.296486,34.380166],[135.296365,34.381023],[135.298872,34.381677],[135.29985,34.380624],[135.300438,34.380437],[135.302388,34.381014],[135.305353,34.382071],[135.305647,34.382087],[135.307601,34.38084],[135.309674,34.380031],[135.310346,34.379134],[135.311181,34.377328],[135.31306,34.376267],[135.313576,34.376507],[135.315696,34.373789],[135.316211,34.372709],[135.317061,34.372018],[135.317939,34.371934],[135.31791,34.371068],[135.318929,34.370281],[135.319341,34.369362],[135.320194,34.368671],[135.320264,34.367799],[135.321097,34.367093],[135.321499,34.365757],[135.322067,34.365465],[135.322224,34.364445],[135.321969,34.364218],[135.322773,34.363422],[135.323961,34.363202],[135.325127,34.363527],[135.324578,34.362322],[135.323539,34.361297],[135.32295,34.359489],[135.322404,34.358267],[135.322338,34.356221],[135.32198,34.355372],[135.322834,34.354598],[135.32303,34.353891],[135.323657,34.353713],[135.323333,34.352476],[135.323981,34.351824],[135.324383,34.350954],[135.32502,34.351068],[135.326569,34.350547],[135.327079,34.34928],[135.327187,34.348334],[135.327569,34.347333],[135.327304,34.346715],[135.328579,34.345413],[135.329059,34.34293],[135.328706,34.341841],[135.329667,34.339889],[135.331141,34.339979],[135.331837,34.340794],[135.333042,34.341841],[135.334642,34.342085],[135.335408,34.341174],[135.336368,34.34171],[135.336759,34.341206],[135.337683,34.340683],[135.338221,34.341065],[135.339143,34.341024],[135.339378,34.340025],[135.339819,34.339359],[135.340382,34.336626],[135.339851,34.335824],[135.338894,34.334962],[135.340205,34.335294],[135.341384,34.33533],[135.342199,34.335111],[135.342878,34.334457],[135.344241,34.332689],[135.345356,34.331583],[135.345597,34.330747],[135.346194,34.330503],[135.347099,34.330921],[135.348249,34.331072],[135.349364,34.331753],[135.350344,34.331664],[135.352065,34.332204],[135.353703,34.33194],[135.355539,34.333425],[135.356537,34.33301],[135.35758,34.333366],[135.358977,34.33304],[135.360251,34.331881],[135.360297,34.331306],[135.361706,34.329346],[135.362731,34.328998],[135.363479,34.329775],[135.365008,34.329545],[135.366309,34.329708],[135.366809,34.330037],[135.366978,34.330706],[135.368219,34.331165],[135.369398,34.330579],[135.371359,34.330147],[135.373136,34.330495],[135.374138,34.330963],[135.374985,34.331069],[135.375886,34.330865],[135.376743,34.330185],[135.377908,34.330042],[135.379252,34.328951],[135.380345,34.328444],[135.381447,34.329049],[135.382722,34.329419],[135.384029,34.329495],[135.38678,34.329125],[135.386944,34.329299],[135.388243,34.332416],[135.389837,34.33259],[135.39113,34.333006],[135.392578,34.33191],[135.393348,34.331668],[135.394449,34.330811],[135.395749,34.330873],[135.396709,34.330369],[135.397411,34.330527],[135.397853,34.331404],[135.398655,34.332251],[135.399629,34.332644],[135.40105,34.332863],[135.401715,34.332681],[135.402489,34.333082],[135.403251,34.333892],[135.404107,34.334096],[135.405428,34.333854],[135.405893,34.334818],[135.406767,34.335475],[135.407061,34.336626],[135.406921,34.338561],[135.407073,34.339],[135.408322,34.340106],[135.408693,34.341423],[135.409221,34.341938],[135.408918,34.342995],[135.409109,34.34386],[135.408753,34.345111],[135.407806,34.34646],[135.407544,34.347112],[135.406789,34.347309],[135.406083,34.348059],[135.40509,34.348089],[135.404299,34.348503],[135.40159,34.348246],[135.40105,34.346794],[135.400126,34.34674],[135.397969,34.347208],[135.39689,34.347149],[135.396129,34.347893],[135.395153,34.347835],[135.39418,34.347423],[135.393289,34.347818],[135.392889,34.347234],[135.392273,34.347276],[135.391472,34.348225],[135.391437,34.351068],[135.389896,34.351906],[135.389151,34.354313],[135.388314,34.355428],[135.386346,34.354848],[135.384892,34.354921],[135.383248,34.355389],[135.382828,34.355695],[135.381355,34.356076],[135.380631,34.356652],[135.379827,34.358312],[135.380762,34.359985],[135.381606,34.362049],[135.381229,34.363232],[135.380272,34.363451],[135.379354,34.364065],[135.37788,34.364041],[135.376402,34.364368],[135.375149,34.364208],[135.372208,34.365631],[135.371462,34.364385],[135.370301,34.36447],[135.368798,34.366041],[135.367819,34.36684],[135.367213,34.367009],[135.366503,34.367915],[135.366054,34.36802],[135.365219,34.367438],[135.363128,34.368097],[135.362426,34.368781],[135.360534,34.369273],[135.360132,34.369847],[135.357313,34.371789],[135.355601,34.37271],[135.355349,34.37321],[135.355614,34.374678],[135.355023,34.37614],[135.355176,34.378525],[135.354794,34.379037],[135.353835,34.379451],[135.352958,34.379291],[135.35196,34.379979],[135.350952,34.380325],[135.349708,34.380098],[135.348315,34.380881],[135.348325,34.381742],[135.347424,34.383159],[135.347026,34.383236],[135.345023,34.385177],[135.342962,34.386738],[135.342632,34.387248],[135.342611,34.388142],[135.343258,34.389748],[135.34225,34.390482],[135.341011,34.390641],[135.341011,34.391191],[135.340431,34.391666],[135.339492,34.391782],[135.339011,34.392653],[135.339008,34.395104],[135.33691,34.395505],[135.336161,34.397886],[135.336401,34.398397],[135.335458,34.399028],[135.336303,34.400645],[135.335979,34.401155],[135.336618,34.401749],[135.338129,34.403571],[135.338084,34.404328],[135.338645,34.404574],[135.338952,34.40541],[135.33789,34.406702],[135.339007,34.407034],[135.340255,34.406981],[135.340449,34.407833],[135.342312,34.40689],[135.342582,34.407479],[135.343658,34.408699],[135.345275,34.407712],[135.34667,34.410189],[135.347691,34.410419],[135.348742,34.408998],[135.350029,34.40836],[135.350798,34.407704],[135.3532,34.406633],[135.353879,34.406738],[135.35342,34.408393],[135.353768,34.411137],[135.354044,34.412282],[135.354556,34.412776],[135.354936,34.413972],[135.354739,34.414861],[135.354908,34.416141],[135.355856,34.416254],[135.357081,34.417851],[135.357174,34.418274],[135.35669,34.419381],[135.35622,34.419804],[135.355202,34.418905],[135.3546,34.418785],[135.352979,34.419695],[135.352751,34.420039],[135.351661,34.420429],[135.35131,34.420827],[135.349681,34.421599],[135.34869,34.422531],[135.348189,34.424532],[135.347746,34.425093],[135.346023,34.425467],[135.345047,34.425989],[135.343616,34.427667],[135.342277,34.428271],[135.339916,34.429011],[135.339494,34.429341],[135.339268,34.430428],[135.337453,34.432198],[135.336374,34.431876],[135.334026,34.432041],[135.331298,34.432782],[135.32905,34.434327]]],[[[135.23992,34.438503],[135.252415,34.446927],[135.250641,34.448744],[135.254214,34.45114],[135.245459,34.451269],[135.241583,34.455224],[135.237937,34.452778],[135.235778,34.450388],[135.229325,34.446049],[135.23992,34.438503]]],[[[135.252,34.429855],[135.25225,34.430898],[135.256518,34.433758],[135.260235,34.435286],[135.263274,34.437336],[135.264221,34.436845],[135.265133,34.437799],[135.259594,34.443453],[135.251759,34.444122],[135.241604,34.4373],[135.243021,34.436314],[135.252,34.429855]]]]}},
  {"type":"Feature","properties":{"name":"富田林市","code":"27214"},"geometry":{"type":"MultiPolygon","coordinates":[[[[135.566537,34.513542],[135.56591,34.513327],[135.564159,34.513301],[135.561376,34.512928],[135.560302,34.511627],[135.56041,34.510777],[135.560179,34.509644],[135.560353,34.509155],[135.559819,34.507726],[135.560309,34.506999],[135.560078,34.505964],[135.560129,34.50498],[135.559336,34.503947],[135.559288,34.502399],[135.559446,34.501689],[135.559938,34.501196],[135.561082,34.500942],[135.561212,34.500137],[135.560845,34.499894],[135.560629,34.498638],[135.560895,34.497524],[135.559584,34.497344],[135.560002,34.495496],[135.560672,34.495609],[135.560996,34.493956],[135.561752,34.493343],[135.562714,34.492941],[135.563989,34.493079],[135.563491,34.491153],[135.561718,34.491738],[135.560316,34.49156],[135.559913,34.491178],[135.559913,34.490448],[135.559097,34.49054],[135.558336,34.489681],[135.558768,34.488547],[135.55848,34.487892],[135.558489,34.486802],[135.558006,34.486118],[135.558109,34.484929],[135.558983,34.484414],[135.559796,34.484391],[135.560166,34.483202],[135.560354,34.481795],[135.560782,34.481413],[135.559356,34.480464],[135.559804,34.47947],[135.560292,34.479351],[135.56071,34.477812],[135.561488,34.477108],[135.563001,34.476095],[135.563891,34.475983],[135.564655,34.476401],[135.566366,34.476809],[135.567021,34.477494],[135.569003,34.4766],[135.570788,34.476206],[135.57162,34.47617],[135.572779,34.47579],[135.573436,34.47654],[135.573962,34.476069],[135.574651,34.476146],[135.575588,34.475414],[135.576836,34.474901],[135.577184,34.474446],[135.576803,34.47376],[135.57686,34.472875],[135.57875,34.472087],[135.579736,34.47118],[135.580456,34.469909],[135.582132,34.468974],[135.582593,34.468272],[135.582298,34.466168],[135.581815,34.465096],[135.580446,34.465228],[135.579538,34.464937],[135.578832,34.463732],[135.578583,34.461588],[135.577906,34.459758],[135.57818,34.458972],[135.578453,34.457],[135.578424,34.456098],[135.577884,34.454817],[135.579231,34.454328],[135.579591,34.453917],[135.580873,34.453745],[135.581399,34.453327],[135.582279,34.453476],[135.583159,34.453334],[135.583044,34.452756],[135.582144,34.451106],[135.582518,34.449709],[135.584111,34.448612],[135.58491,34.448761],[135.586466,34.447953],[135.587381,34.448382],[135.589324,34.446941],[135.590433,34.445051],[135.590569,34.444222],[135.59208,34.442942],[135.593518,34.442075],[135.594458,34.441866],[135.595477,34.440707],[135.597168,34.44136],[135.597938,34.440931],[135.598961,34.440727],[135.600408,34.440685],[135.602007,34.439707],[135.602527,34.439199],[135.603754,34.439598],[135.604551,34.441374],[135.604709,34.442512],[135.605926,34.443099],[135.606157,34.444241],[135.606867,34.444914],[135.607227,34.445658],[135.607937,34.445941],[135.60897,34.445899],[135.609986,34.445297],[135.610785,34.445511],[135.611495,34.446679],[135.612594,34.447457],[135.612579,34.448359],[135.613422,34.448878],[135.614208,34.449024],[135.614764,34.450998],[135.615996,34.451832],[135.615686,34.452613],[135.615456,34.45454],[135.616331,34.455245],[135.616591,34.455955],[135.614941,34.457263],[135.616569,34.458051],[135.616742,34.459869],[135.616483,34.460602],[135.617514,34.461441],[135.617852,34.462291],[135.617334,34.463074],[135.617067,34.464954],[135.616261,34.466275],[135.615742,34.466734],[135.615562,34.467422],[135.615641,34.468525],[135.614892,34.469706],[135.614863,34.470281],[135.615425,34.472488],[135.615843,34.473115],[135.616613,34.473618],[135.616848,34.47432],[135.616953,34.475983],[135.617335,34.476918],[135.617363,34.477761],[135.615858,34.479521],[135.615448,34.480892],[135.613594,34.481432],[135.612759,34.482226],[135.612615,34.482819],[135.612932,34.483372],[135.612585,34.484587],[135.613866,34.485016],[135.614046,34.48611],[135.612873,34.487607],[135.613038,34.490417],[135.615386,34.490446],[135.616349,34.489921],[135.617343,34.489838],[135.618278,34.490387],[135.618422,34.491436],[135.618062,34.491704],[135.618614,34.492391],[135.618463,34.493038],[135.619254,34.493818],[135.62132,34.493866],[135.621248,34.493311],[135.621551,34.491521],[135.622474,34.491318],[135.623295,34.490036],[135.623322,34.489412],[135.62289,34.488629],[135.624726,34.488146],[135.625454,34.488194],[135.625615,34.486257],[135.62707,34.48624],[135.626875,34.49015],[135.627833,34.490174],[135.627804,34.494391],[135.627703,34.497942],[135.625521,34.498079],[135.624571,34.498914],[135.624103,34.499671],[135.622677,34.499743],[135.621933,34.500129],[135.621589,34.501828],[135.620977,34.50301],[135.61979,34.50456],[135.619653,34.505169],[135.618521,34.505771],[135.617663,34.50706],[135.617735,34.507939],[135.617468,34.510203],[135.617923,34.511814],[135.617959,34.512753],[135.618297,34.513451],[135.618946,34.514],[135.620398,34.514817],[135.621959,34.516845],[135.621469,34.518581],[135.621325,34.520582],[135.621837,34.521405],[135.621339,34.522249],[135.621678,34.52275],[135.624398,34.522761],[135.624816,34.523351],[135.62589,34.523924],[135.62682,34.523149],[135.626856,34.522105],[135.627317,34.522093],[135.627137,34.525451],[135.624708,34.525487],[135.623605,34.52563],[135.622552,34.526149],[135.622087,34.526642],[135.621432,34.526142],[135.62056,34.525966],[135.617294,34.526256],[135.615304,34.52588],[135.612204,34.526157],[135.611498,34.527058],[135.610453,34.527037],[135.610511,34.529244],[135.60886,34.529223],[135.608737,34.529438],[135.602761,34.529694],[135.600058,34.529485],[135.598832,34.528677],[135.598162,34.528623],[135.596396,34.529706],[135.594767,34.530249],[135.593354,34.53001],[135.59122,34.530514],[135.590672,34.530848],[135.589663,34.532324],[135.587198,34.531798],[135.587565,34.53107],[135.586613,34.530704],[135.586477,34.529272],[135.585107,34.527485],[135.585064,34.526895],[135.585669,34.526513],[135.584826,34.525985],[135.58466,34.523981],[135.58417,34.523561],[135.584451,34.522403],[135.58515,34.521801],[135.585583,34.520999],[135.585475,34.519126],[135.584163,34.518992],[135.583269,34.519105],[135.582216,34.518776],[135.581445,34.518222],[135.580768,34.51736],[135.581993,34.515857],[135.582418,34.514034],[135.582469,34.513134],[135.582123,34.512015],[135.582137,34.510667],[135.581251,34.510381],[135.579917,34.511243],[135.578591,34.51141],[135.578302,34.510903],[135.5765,34.510745],[135.57513,34.51093],[135.573963,34.511798],[135.572506,34.511458],[135.571346,34.512001],[135.569911,34.512188],[135.567633,34.513295],[135.566537,34.513542]]]]}},
  {"type":"Feature","properties":{"name":"寝屋川市","code":"27215"},"geometry":{"type":"MultiPolygon","coordinates":[[[[135.602275,34.780508],[135.598664,34.777024],[135.593976,34.773162],[135.589544,34.769611],[135.587006,34.767522],[135.589616,34.766019],[135.588889,34.765308],[135.589698,34.765079],[135.592103,34.764967],[135.593691,34.763757],[135.594614,34.763234],[135.597189,34.763069],[135.597136,34.760747],[135.596848,34.757268],[135.597368,34.756727],[135.598394,34.756569],[135.599309,34.756927],[135.600136,34.755922],[135.601141,34.755693],[135.601639,34.755182],[135.602512,34.755569],[135.602918,34.756163],[135.603495,34.756304],[135.604503,34.755805],[135.605045,34.754799],[135.604033,34.754159],[135.603861,34.752141],[135.604826,34.750644],[135.606278,34.750203],[135.607484,34.749894],[135.607867,34.748904],[135.608058,34.74738],[135.608418,34.746599],[135.610497,34.747384],[135.611234,34.745314],[135.612144,34.744253],[135.613675,34.74402],[135.61558,34.743971],[135.618643,34.744263],[135.619033,34.744072],[135.619698,34.742987],[135.620382,34.742894],[135.622302,34.738293],[135.623405,34.736324],[135.622659,34.736003],[135.621929,34.735137],[135.62156,34.734356],[135.621647,34.733587],[135.6214,34.732665],[135.621653,34.731871],[135.620973,34.730326],[135.620765,34.729108],[135.624323,34.728809],[135.625277,34.728964],[135.632271,34.728377],[135.633608,34.728212],[135.633717,34.729847],[135.632906,34.729927],[135.63245,34.7309],[135.63194,34.730875],[135.631944,34.732188],[135.631083,34.732198],[135.630652,34.732855],[135.630166,34.734186],[135.628783,34.734191],[135.627574,34.734466],[135.625233,34.73421],[135.624548,34.734708],[135.62454,34.736445],[135.626101,34.736997],[135.626518,34.738405],[135.625976,34.739376],[135.626352,34.739971],[135.62671,34.741235],[135.626669,34.745206],[135.627987,34.745218],[135.628034,34.74622],[135.629169,34.746196],[135.629141,34.746885],[135.63043,34.746909],[135.630515,34.749656],[135.633,34.749609],[135.63424,34.74948],[135.63681,34.749574],[135.637893,34.749875],[135.639748,34.749487],[135.641803,34.749581],[135.643907,34.749507],[135.644622,34.749198],[135.649989,34.749437],[135.650688,34.749777],[135.651195,34.749261],[135.652242,34.748901],[135.652718,34.747523],[135.65482,34.746608],[135.655908,34.746835],[135.656443,34.746447],[135.657031,34.746956],[135.656521,34.748286],[135.657324,34.748885],[135.659314,34.749038],[135.659872,34.749978],[135.658935,34.75168],[135.660279,34.752109],[135.660295,34.752507],[135.659526,34.752971],[135.658613,34.754046],[135.658656,34.755453],[135.658273,34.755799],[135.658013,34.757738],[135.659234,34.757863],[135.658735,34.758972],[135.659198,34.760768],[135.660138,34.761692],[135.660601,34.76273],[135.660702,34.764048],[135.661526,34.765086],[135.662076,34.766726],[135.661917,34.769333],[135.661678,34.770836],[135.660008,34.772184],[135.659878,34.774343],[135.659538,34.774975],[135.659295,34.77554],[135.658225,34.776214],[135.657046,34.776029],[135.656489,34.775325],[135.655347,34.775069],[135.653937,34.774007],[135.653728,34.773369],[135.653033,34.773089],[135.651747,34.773643],[135.652072,34.774443],[135.651421,34.775814],[135.650496,34.777246],[135.649852,34.77922],[135.649187,34.780616],[135.649704,34.781701],[135.649154,34.782053],[135.64867,34.783395],[135.646891,34.784164],[135.645149,34.784158],[135.643992,34.783938],[135.643522,34.785483],[135.641602,34.785912],[135.639614,34.785757],[135.639166,34.785489],[135.63589,34.785322],[135.635023,34.785465],[135.633254,34.785465],[135.632543,34.785662],[135.631863,34.785417],[135.631892,34.786699],[135.632282,34.787529],[135.632109,34.789109],[135.631009,34.789926],[135.629954,34.790356],[135.625818,34.790404],[135.622875,34.789938],[135.622177,34.790201],[135.619052,34.790857],[135.615726,34.791203],[135.614258,34.791507],[135.613516,34.790109],[135.611924,34.787614],[135.610382,34.785673],[135.608211,34.783966],[135.606678,34.783016],[135.603679,34.781483],[135.602375,34.781291],[135.602275,34.780508]],[[135.626229,34.734094],[135.627122,34.734147],[135.629484,34.733992],[135.629425,34.733586],[135.626244,34.733779],[135.626229,34.734094]]]]}},
  {"type":"Feature","properties":{"name":"河内長野市","code":"27216"},"geometry":{"type":"MultiPolygon","coordinates":[[[[135.51959,34.431171],[135.520624,34.430497],[135.521713,34.430085],[135.523104,34.430254],[135.524639,34.429095],[135.525617,34.426682],[135.525992,34.42633],[135.526078,34.425516],[135.526539,34.424889],[135.526114,34.423894],[135.526186,34.423018],[135.525217,34.422219],[135.52591,34.421268],[135.526024,34.419089],[135.525739,34.418249],[135.525705,34.416085],[135.526228,34.414981],[135.526901,34.414349],[135.526914,34.413718],[135.526126,34.412687],[135.525277,34.41205],[135.524863,34.409705],[135.525367,34.40843],[135.524747,34.407958],[135.524285,34.406583],[135.523273,34.405985],[135.52315,34.405523],[135.523847,34.404321],[135.524366,34.403787],[135.523768,34.403404],[135.523558,34.40266],[135.522722,34.40164],[135.522464,34.400935],[135.522532,34.399932],[135.521343,34.399803],[135.520276,34.398732],[135.519312,34.396593],[135.520058,34.396212],[135.520296,34.395626],[135.519671,34.394114],[135.519324,34.3938],[135.52014,34.393],[135.520133,34.390728],[135.519637,34.389776],[135.519711,34.388344],[135.518407,34.387239],[135.517544,34.385954],[135.516993,34.385644],[135.516674,34.384658],[135.515449,34.384272],[135.512978,34.382381],[135.511793,34.381612],[135.510864,34.381693],[135.509668,34.381496],[135.50888,34.381637],[135.507861,34.381321],[135.506319,34.381349],[135.505436,34.381862],[135.50409,34.381857],[135.503116,34.380728],[135.503282,34.37963],[135.502324,34.378982],[135.501631,34.377725],[135.500748,34.376818],[135.500575,34.375656],[135.499715,34.375172],[135.498601,34.375454],[135.497532,34.374689],[135.497194,34.374862],[135.494409,34.374217],[135.492303,34.373385],[135.490786,34.372913],[135.490538,34.370958],[135.490699,34.369983],[135.489789,34.368666],[135.489595,34.366188],[135.489392,34.365619],[135.487935,34.364788],[135.486817,34.363783],[135.485376,34.362832],[135.486846,34.360151],[135.487423,34.359498],[135.487507,34.358529],[135.488157,34.357561],[135.488699,34.356367],[135.489387,34.356157],[135.489923,34.355346],[135.490553,34.35499],[135.491384,34.355021],[135.493592,34.354407],[135.494536,34.353569],[135.497821,34.352313],[135.49824,34.35099],[135.498801,34.350331],[135.4997,34.350176],[135.501745,34.350202],[135.502644,34.348789],[135.502783,34.348134],[135.503606,34.346879],[135.503559,34.346545],[135.502351,34.345428],[135.502893,34.343835],[135.503621,34.343206],[135.504599,34.341918],[135.504895,34.341217],[135.504627,34.339812],[135.503979,34.338994],[135.502351,34.338091],[135.503246,34.337208],[135.503496,34.336541],[135.504479,34.336238],[135.505372,34.336476],[135.506281,34.336285],[135.507821,34.336497],[135.509038,34.336842],[135.51204,34.338329],[135.514529,34.340193],[135.516654,34.342378],[135.517664,34.342965],[135.519399,34.344221],[135.519933,34.345242],[135.521466,34.345501],[135.522616,34.346835],[135.523649,34.348452],[135.525804,34.350412],[135.52707,34.351182],[135.529151,34.351431],[135.530855,34.351452],[135.531517,34.351076],[135.533231,34.351809],[135.534207,34.351944],[135.534859,34.352362],[135.538288,34.356456],[135.539705,34.357505],[135.541458,34.357631],[135.54345,34.356553],[135.54489,34.356649],[135.545784,34.35689],[135.54712,34.356553],[135.547874,34.356688],[135.550608,34.358241],[135.551594,34.359666],[135.553209,34.35931],[135.554439,34.359435],[135.556591,34.361029],[135.556893,34.361953],[135.558045,34.363094],[135.559369,34.36474],[135.56079,34.365369],[135.561533,34.366216],[135.561952,34.367519],[135.563403,34.369329],[135.565195,34.370295],[135.566403,34.370372],[135.566902,34.37069],[135.566705,34.371643],[135.56768,34.371729],[135.568592,34.371287],[135.569846,34.371008],[135.570473,34.371489],[135.572447,34.371912],[135.57287,34.372188],[135.573286,34.373265],[135.574064,34.373708],[135.575608,34.373881],[135.575942,34.374919],[135.577121,34.376049],[135.578723,34.375905],[135.579327,34.376232],[135.582388,34.376897],[135.583434,34.376887],[135.584339,34.376031],[135.58672,34.3753],[135.58816,34.375636],[135.589973,34.375144],[135.590492,34.375506],[135.591463,34.375362],[135.592663,34.374823],[135.594987,34.375381],[135.595489,34.376518],[135.596101,34.377275],[135.595803,34.378855],[135.59595,34.379214],[135.597678,34.380397],[135.598778,34.380127],[135.601367,34.380082],[135.601707,34.379727],[135.601839,34.378483],[135.602413,34.378103],[135.603272,34.378015],[135.604115,34.377391],[135.607784,34.377642],[135.609892,34.377168],[135.611383,34.377006],[135.613266,34.376581],[135.614109,34.376806],[135.615449,34.378066],[135.616142,34.379483],[135.61753,34.381831],[135.617788,34.383272],[135.61842,34.383759],[135.619911,34.384483],[135.621523,34.38437],[135.623498,34.383563],[135.62578,34.383258],[135.626124,34.383807],[135.627301,34.383787],[135.629013,34.383329],[135.630669,34.383278],[135.631947,34.383044],[135.63245,34.382627],[135.633309,34.382546],[135.635137,34.382068],[135.636358,34.381485],[135.63794,34.38176],[135.638959,34.382156],[135.638983,34.383468],[135.639915,34.383305],[135.640713,34.383559],[135.642218,34.383509],[135.643788,34.383885],[135.646156,34.383448],[135.648916,34.383703],[135.651129,34.383206],[135.652736,34.383428],[135.653831,34.383347],[135.654715,34.383835],[135.655294,34.385069],[135.656288,34.386293],[135.657871,34.3875],[135.658326,34.388469],[135.659443,34.390159],[135.659504,34.391161],[135.659885,34.391679],[135.661154,34.391923],[135.662652,34.393289],[135.663339,34.395775],[135.663382,34.396541],[135.661646,34.396021],[135.660971,34.396082],[135.659327,34.395543],[135.657978,34.395665],[135.657389,34.395919],[135.655645,34.395869],[135.655534,34.396123],[135.656479,34.397211],[135.656737,34.397811],[135.656405,34.398894],[135.655914,34.399464],[135.655043,34.399789],[135.654712,34.400358],[135.653835,34.400208],[135.651541,34.400859],[135.651026,34.402089],[135.650461,34.402363],[135.649847,34.40367],[135.646739,34.407491],[135.646273,34.408762],[135.645659,34.409904],[135.644538,34.411427],[135.643568,34.411621],[135.642636,34.4122],[135.641912,34.41342],[135.641237,34.413939],[135.641357,34.415471],[135.64116,34.415918],[135.639872,34.417484],[135.639614,34.418074],[135.638324,34.418981],[135.637674,34.419164],[135.637367,34.419795],[135.636634,34.42018],[135.635568,34.420043],[135.635066,34.419634],[135.633827,34.419461],[135.633226,34.419125],[135.631668,34.419613],[135.63087,34.419451],[135.629398,34.419786],[135.626865,34.421153],[135.626058,34.421076],[135.625914,34.421654],[135.62487,34.422519],[135.623221,34.424419],[135.622854,34.425194],[135.620759,34.426018],[135.618826,34.428152],[135.616562,34.429316],[135.615629,34.43054],[135.614102,34.431101],[135.61335,34.430518],[135.611937,34.430242],[135.610484,34.430354],[135.609316,34.431245],[135.60786,34.432001],[135.607269,34.433014],[135.605895,34.433958],[135.605413,34.434554],[135.604753,34.43475],[135.604588,34.435806],[135.603284,34.437378],[135.602419,34.437329],[135.602131,34.438141],[135.602527,34.439199],[135.602007,34.439707],[135.600408,34.440685],[135.598961,34.440727],[135.597938,34.440931],[135.597168,34.44136],[135.595477,34.440707],[135.594458,34.441866],[135.593518,34.442075],[135.59208,34.442942],[135.590569,34.444222],[135.590433,34.445051],[135.589324,34.446941],[135.587381,34.448382],[135.586466,34.447953],[135.58491,34.448761],[135.584111,34.448612],[135.582518,34.449709],[135.582144,34.451106],[135.583044,34.452756],[135.583159,34.453334],[135.582279,34.453476],[135.581399,34.453327],[135.580873,34.453745],[135.579591,34.453917],[135.579231,34.454328],[135.577884,34.454817],[135.578424,34.456098],[135.578453,34.457],[135.57818,34.458972],[135.577906,34.459758],[135.578583,34.461588],[135.578832,34.463732],[135.579538,34.464937],[135.580446,34.465228],[135.581815,34.465096],[135.582298,34.466168],[135.582593,34.468272],[135.582132,34.468974],[135.580456,34.469909],[135.579736,34.47118],[135.57875,34.472087],[135.57686,34.472875],[135.576803,34.47376],[135.577184,34.474446],[135.576836,34.474901],[135.575588,34.475414],[135.574651,34.476146],[135.573962,34.476069],[135.573436,34.47654],[135.572779,34.47579],[135.57162,34.47617],[135.570788,34.476206],[135.569003,34.4766],[135.567021,34.477494],[135.566366,34.476809],[135.564655,34.476401],[135.563891,34.475983],[135.563001,34.476095],[135.561488,34.477108],[135.56071,34.477812],[135.560292,34.479351],[135.559804,34.47947],[135.559076,34.479756],[135.558306,34.479327],[135.556588,34.477344],[135.55581,34.477535],[135.554092,34.476825],[135.553919,34.47423],[135.553229,34.472741],[135.553085,34.471928],[135.551712,34.471347],[135.549411,34.470998],[135.548067,34.469705],[135.546094,34.468244],[135.545466,34.467369],[135.544119,34.467357],[135.542061,34.466504],[135.542296,34.465086],[135.543647,34.464249],[135.544331,34.463261],[135.545386,34.462325],[135.543703,34.460181],[135.542061,34.459138],[135.541239,34.458814],[135.541174,34.457804],[135.54033,34.456839],[135.54004,34.456134],[135.539251,34.455738],[135.538876,34.455105],[135.536307,34.453101],[135.535493,34.451728],[135.535551,34.451083],[135.534753,34.451055],[135.534367,34.449947],[135.533851,34.449431],[135.533635,34.448615],[135.532326,34.447304],[135.5309,34.446687],[135.530438,34.446128],[135.529433,34.445542],[135.528453,34.444677],[135.527446,34.443489],[135.526729,34.443126],[135.526218,34.442187],[135.524983,34.44166],[135.523954,34.441505],[135.522036,34.440147],[135.521957,34.439289],[135.521583,34.438526],[135.519817,34.437001],[135.519702,34.436149],[135.51891,34.435298],[135.518867,34.434261],[135.518391,34.433042],[135.518874,34.431896],[135.51959,34.431171]]]]}},
  {"type":"Feature","properties":{"name":"松原市","code":"27217"},"geometry":{"type":"MultiPolygon","coordinates":[[[[135.52199,34.594335],[135.522645,34.593202],[135.522565,34.591825],[135.522645,34.58988],[135.521007,34.589839],[135.521223,34.587435],[135.522789,34.587112],[135.522799,34.585701],[135.522309,34.585594],[135.522316,34.580047],[135.522425,34.576656],[135.523542,34.576593],[135.528559,34.576674],[135.53176,34.576641],[135.531652,34.573763],[135.532186,34.572412],[135.533498,34.571565],[135.534053,34.57175],[135.535566,34.571613],[135.535682,34.57002],[135.535264,34.569543],[135.535812,34.569018],[135.535833,34.567589],[135.536814,34.567551],[135.536943,34.565851],[135.537261,34.565588],[135.540916,34.565603],[135.542422,34.56569],[135.544743,34.565564],[135.548038,34.56591],[135.548809,34.565296],[135.548982,34.564771],[135.548298,34.564312],[135.54793,34.562394],[135.548521,34.561553],[135.549054,34.561377],[135.549566,34.56047],[135.549098,34.559857],[135.548017,34.558437],[135.548118,34.557572],[135.551203,34.556761],[135.551787,34.556042],[135.551578,34.555445],[135.552126,34.554664],[135.553186,34.553898],[135.553849,34.554548],[135.555478,34.554816],[135.555658,34.554139],[135.556545,34.554545],[135.557122,34.553805],[135.558527,34.553847],[135.5587,34.554861],[135.560632,34.554846],[135.561548,34.554422],[135.561721,34.555299],[135.560985,34.556629],[135.561216,34.557468],[135.560935,34.559346],[135.561058,34.560029],[135.562319,34.559862],[135.566125,34.559913],[135.567202,34.560009],[135.566481,34.560958],[135.56677,34.562184],[135.567426,34.562411],[135.568629,34.563866],[135.568738,34.564811],[135.569776,34.56496],[135.569639,34.566469],[135.569105,34.566777],[135.568586,34.569798],[135.567606,34.574182],[135.56837,34.574224],[135.567194,34.576687],[135.568049,34.576805],[135.569916,34.576692],[135.571631,34.577551],[135.576504,34.577411],[135.577449,34.579791],[135.577146,34.580721],[135.578847,34.58087],[135.579128,34.582013],[135.581234,34.582062],[135.58122,34.583053],[135.582117,34.583082],[135.582206,34.58392],[135.583308,34.584016],[135.583445,34.584874],[135.582323,34.585175],[135.582306,34.586881],[135.583396,34.586881],[135.583374,34.58808],[135.584688,34.58805],[135.584695,34.588438],[135.585756,34.590019],[135.584204,34.590537],[135.582198,34.591414],[135.580596,34.591975],[135.57872,34.592446],[135.576834,34.593073],[135.571872,34.594044],[135.571901,34.592213],[135.570919,34.59213],[135.571049,34.590412],[135.570984,34.589213],[135.571208,34.588569],[135.571057,34.586923],[135.569109,34.587071],[135.569318,34.587871],[135.569318,34.590531],[135.567896,34.591962],[135.567817,34.592857],[135.567239,34.59445],[135.56716,34.595536],[135.564483,34.59615],[135.564223,34.594504],[135.561972,34.595041],[135.552432,34.594974],[135.551841,34.594796],[135.54964,34.594766],[135.549553,34.595816],[135.548658,34.595064],[135.547966,34.595016],[135.546891,34.595356],[135.544877,34.595171],[135.543578,34.595195],[135.543621,34.597134],[135.543463,34.599424],[135.538592,34.599341],[135.538347,34.599448],[135.53476,34.599185],[135.534688,34.598989],[135.531968,34.598679],[135.531499,34.598309],[135.53178,34.596471],[135.531087,34.596346],[135.530041,34.594056],[135.530525,34.590918],[135.530251,34.590906],[135.529695,34.594276],[135.527703,34.5947],[135.527205,34.595117],[135.526368,34.5964],[135.522503,34.594575],[135.52199,34.594335]]]]}},
  {"type":"Feature","properties":{"name":"大東市","code":"27218"},"geometry":{"type":"MultiPolygon","coordinates":[[[[135.594994,34.703499],[135.595111,34.703031],[135.596592,34.701856],[135.59677,34.70058],[135.601014,34.700486],[135.601563,34.700575],[135.603188,34.701297],[135.603224,34.700283],[135.605398,34.701387],[135.607258,34.699651],[135.607814,34.698756],[135.607869,34.698201],[135.60922,34.6981],[135.609488,34.697604],[135.612862,34.697464],[135.612999,34.698633],[135.613822,34.698556],[135.613945,34.697422],[135.615628,34.697017],[135.618786,34.695964],[135.618967,34.697151],[135.617934,34.698422],[135.618389,34.69847],[135.618385,34.699636],[135.617865,34.700196],[135.617836,34.700984],[135.619,34.701209],[135.622179,34.70131],[135.626303,34.701091],[135.627344,34.701697],[135.626785,34.703021],[135.627587,34.702923],[135.628411,34.702451],[135.628974,34.701612],[135.633416,34.70157],[135.634043,34.700428],[135.634163,34.69978],[135.633855,34.698723],[135.634474,34.698814],[135.637674,34.698821],[135.638015,34.699371],[135.638805,34.699449],[135.638984,34.700203],[135.638574,34.700506],[135.638796,34.701386],[135.638617,34.701887],[135.640208,34.702084],[135.644249,34.702063],[135.644795,34.701936],[135.649788,34.70188],[135.651024,34.701993],[135.651622,34.702543],[135.652791,34.702585],[135.654494,34.702042],[135.65568,34.702162],[135.657659,34.70169],[135.659908,34.701373],[135.661628,34.700619],[135.662694,34.69971],[135.663373,34.698878],[135.665429,34.698864],[135.668531,34.699971],[135.669461,34.700098],[135.670016,34.700717],[135.671928,34.700619],[135.672943,34.700999],[135.673136,34.700081],[135.673438,34.70037],[135.673082,34.701771],[135.673136,34.703398],[135.672646,34.703936],[135.673343,34.704404],[135.673499,34.70603],[135.674219,34.706635],[135.67455,34.707409],[135.674301,34.708856],[135.674714,34.710529],[135.675364,34.711066],[135.674609,34.711526],[135.674612,34.712193],[135.673622,34.713359],[135.673589,34.714917],[135.672608,34.715546],[135.672034,34.716306],[135.668411,34.716247],[135.668554,34.717438],[135.667236,34.717902],[135.666685,34.718526],[135.665979,34.718371],[135.664726,34.71886],[135.663774,34.718991],[135.660824,34.719929],[135.660051,34.721095],[135.658255,34.721917],[135.657675,34.721903],[135.656852,34.722493],[135.656618,34.723165],[135.656761,34.724152],[135.65667,34.726416],[135.656825,34.727839],[135.655654,34.727476],[135.654581,34.727389],[135.653401,34.726924],[135.653161,34.727829],[135.652326,34.729164],[135.651104,34.729721],[135.649991,34.729658],[135.648535,34.731066],[135.646801,34.731593],[135.642091,34.731733],[135.633154,34.732217],[135.631944,34.732188],[135.63194,34.730875],[135.63245,34.7309],[135.632906,34.729927],[135.633717,34.729847],[135.633608,34.728212],[135.632271,34.728377],[135.625277,34.728964],[135.624323,34.728809],[135.620765,34.729108],[135.621054,34.727115],[135.621415,34.726841],[135.622179,34.724724],[135.622827,34.724586],[135.623655,34.723532],[135.623823,34.721612],[135.622593,34.72149],[135.621338,34.721145],[135.620619,34.720722],[135.619783,34.718968],[135.619378,34.718932],[135.616947,34.720464],[135.61608,34.720661],[135.614968,34.720327],[135.613501,34.720291],[135.612006,34.720851],[135.610561,34.721692],[135.609376,34.72211],[135.60851,34.721806],[135.608507,34.71975],[135.607041,34.719374],[135.607012,34.718623],[135.606412,34.718074],[135.603998,34.716906],[135.602987,34.716638],[135.602076,34.715814],[135.599885,34.714807],[135.59935,34.714692],[135.597508,34.708682],[135.597039,34.706932],[135.593024,34.707242],[135.590525,34.707248],[135.591457,34.706616],[135.594642,34.703884],[135.594994,34.703499]]]]}},
  {"type":"Feature","properties":{"name":"和泉市","code":"27219"},"geometry":{"type":"MultiPolygon","coordinates":[[[[135.454654,34.51514],[135.454684,34.514622],[135.454095,34.514127],[135.454364,34.513261],[135.453857,34.512564],[135.45303,34.512114],[135.452239,34.512164],[135.451621,34.513015],[135.450697,34.513767],[135.447753,34.511287],[135.447358,34.511608],[135.445501,34.511966],[135.444674,34.511238],[135.442997,34.512238],[135.442908,34.512509],[135.440838,34.512944],[135.440366,34.512688],[135.439611,34.513231],[135.436828,34.513782],[135.436218,34.51366],[135.436056,34.514423],[135.435191,34.513865],[135.433894,34.514146],[135.43338,34.513979],[135.43202,34.512713],[135.43387,34.511343],[135.433192,34.510406],[135.435067,34.508942],[135.433898,34.50872],[135.432204,34.506632],[135.432136,34.505838],[135.431592,34.50531],[135.431042,34.505707],[135.429986,34.504584],[135.429611,34.504856],[135.427975,34.503407],[135.427189,34.503945],[135.426314,34.502672],[135.423937,34.500678],[135.425236,34.499944],[135.426522,34.498957],[135.425943,34.498389],[135.426764,34.497756],[135.427459,34.498293],[135.428107,34.497794],[135.427234,34.496289],[135.427357,34.495688],[135.429219,34.494355],[135.42816,34.493053],[135.429579,34.491903],[135.428382,34.490314],[135.426787,34.491579],[135.425939,34.490203],[135.425346,34.490486],[135.424566,34.489405],[135.423591,34.490432],[135.422821,34.489416],[135.421806,34.489906],[135.421193,34.489832],[135.418411,34.487146],[135.417798,34.487552],[135.416898,34.487405],[135.416322,34.48674],[135.417304,34.486158],[135.416545,34.485428],[135.417391,34.484773],[135.416243,34.483385],[135.417004,34.482714],[135.415305,34.48154],[135.415812,34.480853],[135.415518,34.480483],[135.41678,34.480153],[135.417741,34.479657],[135.417798,34.478578],[135.418681,34.477941],[135.4185,34.477476],[135.41739,34.476636],[135.416088,34.475987],[135.415081,34.473541],[135.416853,34.472022],[135.422369,34.467708],[135.424254,34.466305],[135.425431,34.466609],[135.427203,34.468229],[135.428371,34.469671],[135.428721,34.470381],[135.429594,34.470361],[135.431844,34.468702],[135.434486,34.466622],[135.4356,34.466731],[135.435615,34.465708],[135.440383,34.462319],[135.441336,34.461241],[135.441963,34.460879],[135.442306,34.459692],[135.441264,34.456828],[135.441423,34.456233],[135.442217,34.455582],[135.441963,34.454379],[135.441256,34.453297],[135.440486,34.452686],[135.440183,34.451873],[135.440151,34.450854],[135.441228,34.450202],[135.441088,34.449042],[135.442241,34.448878],[135.442274,34.448206],[135.441838,34.447477],[135.441978,34.446849],[135.443222,34.445904],[135.443346,34.445502],[135.442521,34.44485],[135.442283,34.443704],[135.442448,34.442567],[135.442275,34.442083],[135.442769,34.440685],[135.443492,34.440044],[135.444677,34.436933],[135.443846,34.435765],[135.443824,34.435412],[135.444842,34.434012],[135.446883,34.43386],[135.447567,34.433153],[135.448811,34.432357],[135.448206,34.431],[135.448586,34.429537],[135.448075,34.428669],[135.448439,34.427556],[135.449392,34.426349],[135.450145,34.425788],[135.450455,34.424742],[135.451393,34.424129],[135.451541,34.423667],[135.450898,34.42287],[135.451192,34.422222],[135.451053,34.421455],[135.451634,34.420441],[135.451166,34.418999],[135.451492,34.418579],[135.4515,34.417226],[135.450651,34.416437],[135.449634,34.415833],[135.449609,34.414916],[135.451932,34.414645],[135.451853,34.412991],[135.452813,34.412452],[135.453205,34.411902],[135.453365,34.410511],[135.452979,34.409464],[135.453377,34.408697],[135.453464,34.40772],[135.454982,34.406522],[135.455478,34.405437],[135.453879,34.403199],[135.453711,34.402503],[135.453919,34.401372],[135.454404,34.400411],[135.452804,34.400151],[135.452723,34.398804],[135.452053,34.39804],[135.452076,34.397259],[135.452532,34.395719],[135.451983,34.394411],[135.451244,34.393961],[135.450221,34.392809],[135.449828,34.39152],[135.450001,34.39075],[135.453913,34.390128],[135.454877,34.389469],[135.454884,34.387779],[135.456073,34.386581],[135.456194,34.385679],[135.456759,34.385416],[135.457789,34.384429],[135.460603,34.383895],[135.461201,34.383483],[135.462454,34.382117],[135.462446,34.381124],[135.463334,34.379003],[135.463622,34.378039],[135.463727,34.376394],[135.46339,34.375754],[135.462354,34.374884],[135.46119,34.374691],[135.459825,34.374708],[135.458957,34.37292],[135.459041,34.371232],[135.458789,34.370436],[135.459132,34.369722],[135.458873,34.368839],[135.457962,34.367532],[135.456471,34.367346],[135.456009,34.365735],[135.456387,34.364317],[135.456431,34.363042],[135.455652,34.361225],[135.455608,34.360179],[135.454371,34.358677],[135.454645,34.357296],[135.455737,34.355271],[135.456544,34.354248],[135.456854,34.353022],[135.456149,34.351766],[135.454838,34.351656],[135.454157,34.350753],[135.453128,34.349861],[135.454481,34.349413],[135.455126,34.348976],[135.455573,34.34805],[135.456069,34.347695],[135.457585,34.347335],[135.460012,34.347603],[135.460831,34.347839],[135.462327,34.347808],[135.462801,34.348231],[135.463489,34.348251],[135.465705,34.347335],[135.466431,34.347859],[135.467114,34.349534],[135.467941,34.35005],[135.470094,34.350473],[135.471318,34.351599],[135.471635,34.352305],[135.473236,34.353272],[135.474348,34.352902],[135.476762,34.353076],[135.47774,34.353554],[135.47775,34.354173],[135.477259,34.355428],[135.478144,34.356338],[135.479288,34.358116],[135.480564,34.35864],[135.481459,34.359251],[135.48161,34.36002],[135.48305,34.360844],[135.485376,34.362832],[135.486817,34.363783],[135.487935,34.364788],[135.489392,34.365619],[135.489595,34.366188],[135.489789,34.368666],[135.490699,34.369983],[135.490538,34.370958],[135.490786,34.372913],[135.492303,34.373385],[135.494409,34.374217],[135.497194,34.374862],[135.497532,34.374689],[135.498601,34.375454],[135.499715,34.375172],[135.500575,34.375656],[135.500748,34.376818],[135.501631,34.377725],[135.502324,34.378982],[135.503282,34.37963],[135.503116,34.380728],[135.50409,34.381857],[135.505436,34.381862],[135.506319,34.381349],[135.507861,34.381321],[135.50888,34.381637],[135.509668,34.381496],[135.510864,34.381693],[135.511793,34.381612],[135.512978,34.382381],[135.515449,34.384272],[135.516674,34.384658],[135.516993,34.385644],[135.517544,34.385954],[135.518407,34.387239],[135.519711,34.388344],[135.519637,34.389776],[135.520133,34.390728],[135.52014,34.393],[135.519324,34.3938],[135.519671,34.394114],[135.520296,34.395626],[135.520058,34.396212],[135.519312,34.396593],[135.520276,34.398732],[135.521343,34.399803],[135.522532,34.399932],[135.522464,34.400935],[135.522722,34.40164],[135.523558,34.40266],[135.523768,34.403404],[135.524366,34.403787],[135.523847,34.404321],[135.52315,34.405523],[135.523273,34.405985],[135.524285,34.406583],[135.524747,34.407958],[135.525367,34.40843],[135.524863,34.409705],[135.525277,34.41205],[135.526126,34.412687],[135.526914,34.413718],[135.526901,34.414349],[135.526228,34.414981],[135.525705,34.416085],[135.525739,34.418249],[135.526024,34.419089],[135.52591,34.421268],[135.525217,34.422219],[135.526186,34.423018],[135.526114,34.423894],[135.526539,34.424889],[135.526078,34.425516],[135.525992,34.42633],[135.525617,34.426682],[135.524639,34.429095],[135.523104,34.430254],[135.521713,34.430085],[135.520624,34.430497],[135.51959,34.431171],[135.51827,34.430178],[135.515836,34.431099],[135.514792,34.430873],[135.513876,34.431242],[135.511295,34.431433],[135.509905,34.432573],[135.508931,34.43278],[135.506316,34.433984],[135.505042,34.433541],[135.503596,34.433356],[135.502912,34.433845],[135.500778,34.433678],[135.499697,34.434824],[135.499741,34.435669],[135.499402,34.436356],[135.498186,34.437754],[135.498338,34.439129],[135.499087,34.440049],[135.499252,34.441523],[135.498431,34.443203],[135.498114,34.444636],[135.498431,34.445686],[135.49779,34.446846],[135.49738,34.449445],[135.497255,34.451574],[135.496964,34.45217],[135.49516,34.454259],[135.494516,34.455918],[135.492926,34.457381],[135.491091,34.458513],[135.490456,34.459591],[135.489627,34.460346],[135.488176,34.460346],[135.48714,34.461101],[135.486052,34.461307],[135.484403,34.461045],[135.481401,34.46364],[135.480344,34.463978],[135.479719,34.464485],[135.478513,34.464899],[135.477432,34.465973],[135.477264,34.46648],[135.475784,34.469003],[135.475872,34.469687],[135.476568,34.469627],[135.477481,34.470039],[135.478201,34.470904],[135.477637,34.471302],[135.475664,34.473285],[135.473658,34.47419],[135.471913,34.476334],[135.471348,34.477643],[135.471324,34.479721],[135.472033,34.479835],[135.471768,34.480999],[135.470375,34.481188],[135.469991,34.483276],[135.468156,34.48326],[135.468054,34.482958],[135.4662,34.483009],[135.465999,34.486033],[135.46624,34.487019],[135.466025,34.489543],[135.466202,34.491354],[135.46589,34.491784],[135.466526,34.496025],[135.465822,34.496025],[135.465889,34.4967],[135.465636,34.498591],[135.465026,34.499745],[135.464746,34.500194],[135.464895,34.501226],[135.465934,34.502859],[135.466015,34.503275],[135.464926,34.504125],[135.463912,34.503422],[135.463756,34.502534],[135.464148,34.501176],[135.464022,34.498739],[135.462858,34.499615],[135.462477,34.498518],[135.461838,34.49806],[135.461607,34.496933],[135.461025,34.497319],[135.461178,34.498958],[135.46196,34.501141],[135.462658,34.501984],[135.462778,34.502749],[135.463338,34.504187],[135.463301,34.506592],[135.461974,34.50666],[135.462287,34.507986],[135.460781,34.507614],[135.460945,34.508206],[135.461854,34.509755],[135.461765,34.510602],[135.460699,34.512106],[135.459537,34.512513],[135.459074,34.510983],[135.458262,34.510959],[135.45815,34.513316],[135.457397,34.514841],[135.456637,34.515377],[135.454654,34.51514]]]]}},
  {"type":"Feature","properties":{"name":"箕面市","code":"27220"},"geometry":{"type":"MultiPolygon","coordinates":[[[[135.497654,34.824884],[135.497562,34.82565],[135.498877,34.826399],[135.499373,34.827206],[135.500146,34.827581],[135.501079,34.82861],[135.500072,34.829013],[135.50027,34.83016],[135.502351,34.830049],[135.502599,34.830423],[135.505039,34.830873],[135.505701,34.830809],[135.506588,34.830107],[135.507634,34.829727],[135.507698,34.829376],[135.509073,34.828879],[135.510208,34.828814],[135.510771,34.828323],[135.51158,34.827083],[135.51242,34.82668],[135.513519,34.827224],[135.51515,34.827621],[135.515487,34.828119],[135.516749,34.827926],[135.518103,34.82806],[135.518745,34.827914],[135.518582,34.827071],[135.519071,34.826182],[135.520996,34.82661],[135.522088,34.825896],[135.523435,34.826616],[135.523986,34.82624],[135.525036,34.827048],[135.526222,34.830792],[135.525637,34.832221],[135.524679,34.832574],[135.524581,34.833187],[135.525423,34.834348],[135.525028,34.834929],[135.524395,34.834988],[135.523272,34.834564],[135.522034,34.835321],[135.520579,34.835686],[135.52068,34.836935],[135.519739,34.837722],[135.519783,34.838509],[135.518907,34.839207],[135.519359,34.840471],[135.520582,34.840507],[135.521936,34.839828],[135.523195,34.840561],[135.524939,34.840859],[135.524805,34.842536],[135.525095,34.843389],[135.525775,34.843961],[135.524335,34.844629],[135.524291,34.845231],[135.525239,34.846281],[135.525286,34.847608],[135.524752,34.847475],[135.522886,34.847521],[135.522909,34.849729],[135.522749,34.850373],[135.522822,34.852001],[135.520571,34.852079],[135.520339,34.852651],[135.520643,34.853307],[135.520469,34.854238],[135.519949,34.854459],[135.520372,34.855813],[135.519843,34.856701],[135.518092,34.857202],[135.514466,34.860071],[135.515464,34.860864],[135.515844,34.862147],[135.515801,34.864127],[135.514057,34.864408],[135.512884,34.865284],[135.512428,34.866686],[135.511805,34.867867],[135.512051,34.869191],[135.512946,34.870008],[135.513289,34.871338],[135.51313,34.872048],[135.512536,34.873044],[135.511834,34.873736],[135.511726,34.874362],[135.510575,34.874839],[135.509684,34.875573],[135.509214,34.875156],[135.507213,34.874416],[135.50675,34.873837],[135.505845,34.87206],[135.504513,34.87107],[135.50384,34.870944],[135.503797,34.87039],[135.503254,34.870032],[135.501872,34.872149],[135.501796,34.872901],[135.500507,34.875138],[135.49957,34.876313],[135.499526,34.877517],[135.498853,34.877792],[135.49818,34.877428],[135.497106,34.877485],[135.495539,34.878967],[135.494465,34.879505],[135.493799,34.879451],[135.492588,34.878397],[135.491604,34.878146],[135.490269,34.877342],[135.488981,34.877163],[135.488763,34.876364],[135.48796,34.87467],[135.48721,34.873847],[135.485879,34.873471],[135.484793,34.873399],[135.484069,34.874133],[135.481985,34.874789],[135.481354,34.876718],[135.481469,34.877964],[135.481071,34.879294],[135.481708,34.880742],[135.481209,34.881464],[135.48055,34.883427],[135.480521,34.884149],[135.47878,34.884795],[135.4792,34.885714],[135.478867,34.886608],[135.478259,34.887192],[135.477977,34.887944],[135.477702,34.889955],[135.477868,34.890271],[135.479569,34.891416],[135.479967,34.891935],[135.479951,34.892708],[135.482448,34.894211],[135.484098,34.894593],[135.485069,34.895391],[135.485967,34.895761],[135.487226,34.895785],[135.487132,34.896864],[135.486828,34.897544],[135.486929,34.898416],[135.485315,34.898564],[135.484368,34.898276],[135.482348,34.898532],[135.481226,34.899374],[135.480068,34.899893],[135.479036,34.900936],[135.475678,34.903603],[135.475987,34.905188],[135.475502,34.906005],[135.474865,34.906351],[135.474793,34.907192],[135.475175,34.908342],[135.473373,34.908832],[135.473445,34.91043],[135.472012,34.910866],[135.471773,34.910478],[135.470463,34.910048],[135.469676,34.910262],[135.467128,34.910006],[135.46571,34.909521],[135.465739,34.908963],[135.465189,34.908545],[135.465116,34.907782],[135.465768,34.906851],[135.464458,34.904527],[135.4639,34.903328],[135.462722,34.902328],[135.462107,34.90219],[135.461086,34.901093],[135.459661,34.901027],[135.458807,34.90188],[135.458206,34.901689],[135.458349,34.90049],[135.457763,34.898352],[135.457886,34.897171],[135.457176,34.896933],[135.455772,34.897094],[135.454643,34.896759],[135.452855,34.894844],[135.45106,34.89556],[135.450401,34.895304],[135.448773,34.895542],[135.447231,34.896127],[135.446203,34.895035],[135.445132,34.895441],[135.444131,34.894164],[135.444486,34.892923],[135.443943,34.89139],[135.442234,34.891062],[135.440938,34.890457],[135.44096,34.889936],[135.440142,34.888175],[135.440149,34.887373],[135.439736,34.886356],[135.439917,34.885521],[135.439237,34.885019],[135.438976,34.883916],[135.438209,34.88218],[135.437431,34.879919],[135.43725,34.878354],[135.436997,34.877626],[135.437489,34.877125],[135.438169,34.876635],[135.437988,34.875299],[135.438234,34.87447],[135.439208,34.873715],[135.441314,34.875051],[135.441973,34.874819],[135.443103,34.873706],[135.443602,34.87271],[135.444731,34.872233],[135.445687,34.87212],[135.445954,34.871356],[135.447049,34.869698],[135.447998,34.869251],[135.448504,34.868631],[135.448634,34.867879],[135.449249,34.867062],[135.450979,34.865857],[135.452861,34.865237],[135.454146,34.865126],[135.454964,34.864846],[135.456273,34.864732],[135.456548,34.864065],[135.457339,34.863474],[135.459337,34.861196],[135.459518,34.860068],[135.459266,34.858577],[135.458883,34.857981],[135.458383,34.855347],[135.459028,34.854763],[135.459665,34.8536],[135.459918,34.850996],[135.4591,34.847236],[135.458956,34.845971],[135.459928,34.844638],[135.459472,34.843833],[135.458459,34.844006],[135.457207,34.844614],[135.455484,34.844029],[135.454522,34.843994],[135.454465,34.843558],[135.453734,34.842777],[135.453652,34.841882],[135.454253,34.841304],[135.454549,34.839455],[135.454361,34.838959],[135.453159,34.838077],[135.453049,34.836202],[135.452753,34.83551],[135.453714,34.834159],[135.45362,34.832709],[135.453143,34.83231],[135.45242,34.830368],[135.451364,34.829975],[135.450959,34.828928],[135.450844,34.826754],[135.450338,34.824794],[135.450526,34.822316],[135.451676,34.821421],[135.451842,34.820682],[135.451517,34.820087],[135.45182,34.818867],[135.450873,34.818485],[135.451278,34.817429],[135.449398,34.817456],[135.448697,34.816985],[135.447836,34.815926],[135.448277,34.815252],[135.448285,34.814513],[135.449586,34.812864],[135.449557,34.811784],[135.449211,34.810962],[135.448554,34.809792],[135.448107,34.808427],[135.449852,34.807544],[135.450784,34.807354],[135.452455,34.807356],[135.453424,34.807201],[135.4544,34.808305],[135.456692,34.809131],[135.457386,34.810133],[135.458268,34.810271],[135.461103,34.811103],[135.461956,34.812498],[135.462932,34.813402],[135.465101,34.814656],[135.465651,34.815306],[135.467661,34.8161],[135.46915,34.81748],[135.472758,34.819726],[135.475028,34.820576],[135.475773,34.821071],[135.47766,34.820209],[135.478101,34.819661],[135.479548,34.819034],[135.480191,34.819022],[135.480784,34.818539],[135.481963,34.818217],[135.483524,34.817099],[135.485354,34.817003],[135.487356,34.8165],[135.488166,34.816756],[135.490141,34.816419],[135.491565,34.816884],[135.491615,34.817224],[135.49283,34.81749],[135.492938,34.818319],[135.492526,34.818915],[135.492418,34.820261],[135.4933,34.821793],[135.494319,34.821692],[135.494999,34.822286],[135.495954,34.822298],[135.495975,34.823437],[135.49659,34.823985],[135.496706,34.824573],[135.497654,34.824884]]]]}},
  {"type":"Feature","properties":{"name":"柏原市","code":"27221"},"geometry":{"type":"MultiPolygon","coordinates":[[[[135.608437,34.588716],[135.610953,34.58871],[135.610938,34.587911],[135.614467,34.587953],[135.614343,34.584886],[135.615793,34.584946],[135.615771,34.583949],[135.616903,34.583943],[135.616939,34.583347],[135.617912,34.583073],[135.618705,34.582461],[135.618842,34.581692],[135.621437,34.581042],[135.62365,34.580357],[135.625711,34.57945],[135.626908,34.578615],[135.627593,34.577685],[135.627189,34.576217],[135.624926,34.573963],[135.623729,34.572173],[135.62316,34.571093],[135.622283,34.570457],[135.621927,34.569365],[135.62174,34.567429],[135.621639,34.564278],[135.621552,34.559611],[135.622533,34.559366],[135.622064,34.557295],[135.622043,34.553761],[135.622367,34.552772],[135.622497,34.551597],[135.623376,34.551675],[135.624695,34.553136],[135.625697,34.553411],[135.627456,34.552981],[135.629121,34.552951],[135.629316,34.551889],[135.629864,34.551818],[135.629806,34.552731],[135.630094,34.55344],[135.631723,34.554657],[135.633929,34.556727],[135.634967,34.556745],[135.635076,34.557401],[135.63664,34.557371],[135.637015,34.556673],[135.636899,34.555409],[135.636488,34.555158],[135.635933,34.553751],[135.636164,34.551269],[135.636488,34.550726],[135.638529,34.550762],[135.638421,34.549569],[135.639192,34.549366],[135.639531,34.548895],[135.640734,34.548615],[135.642046,34.548961],[135.644332,34.548376],[135.64573,34.547619],[135.647388,34.547678],[135.650624,34.548609],[135.651317,34.548621],[135.652398,34.547857],[135.653187,34.54699],[135.654393,34.547506],[135.655773,34.549199],[135.655744,34.549778],[135.65622,34.550577],[135.656674,34.55211],[135.656364,34.55279],[135.656458,34.553696],[135.654432,34.553756],[135.654461,34.554144],[135.656562,34.555558],[135.657204,34.556285],[135.657319,34.557723],[135.657636,34.558713],[135.657399,34.55944],[135.657788,34.560526],[135.65778,34.561319],[135.656923,34.56228],[135.657824,34.562822],[135.658955,34.563794],[135.661676,34.565429],[135.664517,34.567618],[135.666254,34.568256],[135.667678,34.569109],[135.669786,34.569866],[135.671595,34.569968],[135.672367,34.570188],[135.673239,34.57097],[135.673354,34.571631],[135.671134,34.574197],[135.670701,34.575008],[135.6706,34.576201],[135.672057,34.57706],[135.671119,34.578074],[135.671545,34.579106],[135.671545,34.579911],[135.673102,34.579994],[135.674342,34.579464],[135.67574,34.579726],[135.676858,34.580639],[135.677895,34.581194],[135.68,34.581981],[135.680873,34.582595],[135.681759,34.584778],[135.680555,34.585088],[135.680382,34.586449],[135.680616,34.58672],[135.679461,34.587817],[135.677736,34.588163],[135.677058,34.589359],[135.677303,34.58983],[135.679107,34.590999],[135.677678,34.592344],[135.677981,34.593913],[135.676451,34.596207],[135.676545,34.596967],[135.676098,34.59776],[135.676119,34.598652],[135.674857,34.599935],[135.675766,34.601554],[135.674908,34.601715],[135.673349,34.602616],[135.672317,34.602974],[135.671891,34.603579],[135.671098,34.603746],[135.669539,34.602959],[135.667136,34.602682],[135.665946,34.602431],[135.662749,34.602178],[135.661169,34.601913],[135.660173,34.601996],[135.659473,34.602444],[135.657561,34.602572],[135.655937,34.603168],[135.654054,34.603076],[135.652842,34.60338],[135.652286,34.603947],[135.651882,34.605546],[135.651793,34.60681],[135.650883,34.606167],[135.65058,34.604914],[135.650602,34.603981],[135.650024,34.602692],[135.650551,34.602275],[135.650263,34.601693],[135.648949,34.599946],[135.647709,34.599221],[135.647138,34.599388],[135.646056,34.600331],[135.643451,34.600101],[135.642672,34.600345],[135.640991,34.599579],[135.63985,34.60002],[135.638343,34.59988],[135.635326,34.600864],[135.634345,34.601016],[135.631863,34.600945],[135.631841,34.599883],[135.625173,34.599812],[135.624156,34.599597],[135.623326,34.598994],[135.623139,34.59804],[135.621238,34.598272],[135.620884,34.597843],[135.622445,34.595393],[135.618875,34.594341],[135.618969,34.592922],[135.610779,34.592945],[135.610851,34.592122],[135.608542,34.591866],[135.608514,34.591209],[135.607676,34.591192],[135.60764,34.588704],[135.608437,34.588716]]]]}},
  {"type":"Feature","properties":{"name":"羽曳野市","code":"27222"},"geometry":{"type":"MultiPolygon","coordinates":[[[[135.587198,34.531798],[135.589663,34.532324],[135.590672,34.530848],[135.59122,34.530514],[135.593354,34.53001],[135.594767,34.530249],[135.596396,34.529706],[135.598162,34.528623],[135.598832,34.528677],[135.600058,34.529485],[135.602761,34.529694],[135.608737,34.529438],[135.60886,34.529223],[135.610511,34.529244],[135.610453,34.527037],[135.611498,34.527058],[135.612204,34.526157],[135.615304,34.52588],[135.617294,34.526256],[135.62056,34.525966],[135.621432,34.526142],[135.622087,34.526642],[135.622552,34.526149],[135.623605,34.52563],[135.624708,34.525487],[135.627137,34.525451],[135.628434,34.525521],[135.62904,34.525933],[135.630359,34.525658],[135.630402,34.526267],[135.631602,34.527472],[135.632474,34.527651],[135.632806,34.52734],[135.634817,34.527174],[135.636486,34.528557],[135.638256,34.529679],[135.63955,34.531015],[135.640854,34.53086],[135.642044,34.530305],[135.643024,34.530234],[135.644322,34.531498],[135.645172,34.532124],[135.645641,34.533269],[135.647104,34.534641],[135.64864,34.534152],[135.650009,34.533084],[135.651487,34.533651],[135.653001,34.534623],[135.655509,34.536729],[135.656216,34.538548],[135.656788,34.539329],[135.657891,34.540051],[135.660143,34.541071],[135.659987,34.542209],[135.659158,34.543837],[135.657558,34.542949],[135.65732,34.542364],[135.65652,34.541708],[135.65479,34.541905],[135.653651,34.541404],[135.651669,34.542418],[135.650414,34.543844],[135.650335,34.544249],[135.651993,34.546295],[135.653187,34.54699],[135.652398,34.547857],[135.651317,34.548621],[135.650624,34.548609],[135.647388,34.547678],[135.64573,34.547619],[135.644332,34.548376],[135.642046,34.548961],[135.640734,34.548615],[135.639531,34.548895],[135.639192,34.549366],[135.638421,34.549569],[135.638529,34.550762],[135.636488,34.550726],[135.636164,34.551269],[135.635933,34.553751],[135.636488,34.555158],[135.636899,34.555409],[135.637015,34.556673],[135.63664,34.557371],[135.635076,34.557401],[135.634967,34.556745],[135.633929,34.556727],[135.631723,34.554657],[135.630094,34.55344],[135.629806,34.552731],[135.629864,34.551818],[135.629316,34.551889],[135.629121,34.552951],[135.627456,34.552981],[135.625697,34.553411],[135.624695,34.553136],[135.623376,34.551675],[135.622497,34.551597],[135.622367,34.552772],[135.622043,34.553761],[135.622064,34.557295],[135.622533,34.559366],[135.621552,34.559611],[135.621639,34.564278],[135.619685,34.564067],[135.618402,34.563434],[135.618006,34.563682],[135.616672,34.563712],[135.616239,34.562948],[135.614971,34.562894],[135.614841,34.563258],[135.613471,34.564376],[135.612275,34.564245],[135.612246,34.564848],[135.611669,34.564997],[135.611474,34.565808],[135.609766,34.565567],[135.608202,34.566091],[135.604215,34.565945],[135.604763,34.563819],[135.605376,34.563124],[135.606306,34.561251],[135.606328,34.560899],[135.605073,34.560103],[135.605059,34.558423],[135.604511,34.558167],[135.602903,34.558059],[135.602904,34.556897],[135.60157,34.554698],[135.601591,34.553541],[135.601108,34.553511],[135.599349,34.554212],[135.598766,34.554618],[135.59767,34.554427],[135.595666,34.556052],[135.595269,34.556655],[135.596019,34.557186],[135.596019,34.558239],[135.596459,34.558996],[135.595709,34.559944],[135.5955,34.561113],[135.594476,34.5613],[135.592444,34.56195],[135.592869,34.562827],[135.594678,34.562436],[135.595154,34.561637],[135.595976,34.561443],[135.596394,34.563704],[135.595118,34.564032],[135.594743,34.56323],[135.591672,34.56413],[135.592104,34.564906],[135.59129,34.566018],[135.591261,34.56736],[135.590093,34.567849],[135.589625,34.568881],[135.588839,34.568989],[135.590086,34.567652],[135.589221,34.567655],[135.588226,34.568813],[135.588082,34.569847],[135.586878,34.571154],[135.586835,34.571738],[135.587455,34.57521],[135.587296,34.576355],[135.586416,34.577268],[135.5854,34.577491],[135.584961,34.578309],[135.585609,34.578827],[135.585032,34.580029],[135.584852,34.581539],[135.583641,34.58102],[135.583338,34.581944],[135.582163,34.581908],[135.58212,34.580826],[135.581226,34.580826],[135.581234,34.582062],[135.579128,34.582013],[135.578847,34.58087],[135.577146,34.580721],[135.577449,34.579791],[135.576504,34.577411],[135.571631,34.577551],[135.569916,34.576692],[135.568049,34.576805],[135.567194,34.576687],[135.56837,34.574224],[135.567606,34.574182],[135.568586,34.569798],[135.569105,34.566777],[135.569639,34.566469],[135.569776,34.56496],[135.568738,34.564811],[135.568629,34.563866],[135.567426,34.562411],[135.56677,34.562184],[135.566481,34.560958],[135.567202,34.560009],[135.568197,34.558778],[135.568846,34.557236],[135.568435,34.554191],[135.568197,34.553374],[135.567455,34.552968],[135.567274,34.552434],[135.567404,34.548709],[135.569199,34.54893],[135.570028,34.548679],[135.572588,34.548438],[135.572097,34.547107],[135.572465,34.54627],[135.573222,34.546962],[135.575759,34.545439],[135.5755,34.544252],[135.574339,34.544115],[135.5747,34.543184],[135.575319,34.542874],[135.577064,34.542424],[135.57816,34.541648],[135.578225,34.541052],[135.578802,34.540381],[135.581793,34.537992],[135.581656,34.537425],[135.580791,34.537419],[135.581238,34.536173],[135.581981,34.535096],[135.582456,34.534834],[135.581534,34.533885],[135.582284,34.533533],[135.583739,34.533709],[135.585455,34.532218],[135.587198,34.531798]]],[[[135.577821,34.534246],[135.579299,34.534168],[135.580503,34.534884],[135.580149,34.538252],[135.579292,34.538162],[135.579854,34.537449],[135.579984,34.536739],[135.579378,34.535284],[135.577987,34.534657],[135.577821,34.534246]]]]}},
  {"type":"Feature","properties":{"name":"門真市","code":"27223"},"geometry":{"type":"MultiPolygon","coordinates":[[[[135.59935,34.714692],[135.599885,34.714807],[135.602076,34.715814],[135.602987,34.716638],[135.603998,34.716906],[135.606412,34.718074],[135.607012,34.718623],[135.607041,34.719374],[135.608507,34.71975],[135.60851,34.721806],[135.609376,34.72211],[135.610561,34.721692],[135.612006,34.720851],[135.613501,34.720291],[135.614968,34.720327],[135.61608,34.720661],[135.616947,34.720464],[135.619378,34.718932],[135.619783,34.718968],[135.620619,34.720722],[135.621338,34.721145],[135.622593,34.72149],[135.623823,34.721612],[135.623655,34.723532],[135.622827,34.724586],[135.622179,34.724724],[135.621415,34.726841],[135.621054,34.727115],[135.620765,34.729108],[135.620973,34.730326],[135.621653,34.731871],[135.6214,34.732665],[135.621647,34.733587],[135.62156,34.734356],[135.621929,34.735137],[135.622659,34.736003],[135.623405,34.736324],[135.622302,34.738293],[135.620382,34.742894],[135.619698,34.742987],[135.619033,34.744072],[135.618643,34.744263],[135.61558,34.743971],[135.613675,34.74402],[135.612144,34.744253],[135.611234,34.745314],[135.610497,34.747384],[135.608418,34.746599],[135.608058,34.74738],[135.607867,34.748904],[135.607484,34.749894],[135.606278,34.750203],[135.606798,34.749678],[135.606871,34.748891],[135.605939,34.748019],[135.604776,34.745449],[135.603586,34.74527],[135.602054,34.745377],[135.599187,34.74512],[135.598667,34.744751],[135.597344,34.745126],[135.596628,34.745681],[135.595003,34.745818],[135.593161,34.746594],[135.591529,34.747757],[135.590951,34.747864],[135.589266,34.74713],[135.586624,34.747423],[135.585756,34.747089],[135.585301,34.747828],[135.583299,34.747715],[135.582027,34.747918],[135.58111,34.747792],[135.580294,34.747077],[135.580104,34.745329],[135.579368,34.744911],[135.578963,34.743396],[135.576125,34.741422],[135.57548,34.740178],[135.57483,34.74016],[135.57431,34.740691],[135.572555,34.740828],[135.571587,34.739969],[135.571991,34.739009],[135.571059,34.738114],[135.571889,34.737597],[135.574519,34.737382],[135.575544,34.737114],[135.576772,34.735354],[135.576379,34.734225],[135.579682,34.731702],[135.579292,34.73098],[135.580975,34.729304],[135.581683,34.728767],[135.582316,34.727601],[135.582637,34.726269],[135.583719,34.724299],[135.583596,34.723779],[135.58426,34.722371],[135.585214,34.721691],[135.587235,34.718254],[135.587271,34.71653],[135.587061,34.714939],[135.58657,34.71343],[135.58571,34.711894],[135.586981,34.710904],[135.587407,34.710773],[135.587804,34.71215],[135.588823,34.71317],[135.589849,34.713701],[135.591619,34.713395],[135.594653,34.713651],[135.59471,34.713842],[135.596678,34.714186],[135.598462,34.714717],[135.59935,34.714692]]]]}},
  {"type":"Feature","properties":{"name":"摂津市","code":"27224"},"geometry":{"type":"MultiPolygon","coordinates":[[[[135.560529,34.753992],[135.562131,34.754886],[135.563702,34.755585],[135.573054,34.7576],[135.574479,34.758005],[135.576749,34.759114],[135.580529,34.7618],[135.585263,34.766133],[135.587006,34.767522],[135.589544,34.769611],[135.593976,34.773162],[135.598664,34.777024],[135.602275,34.780508],[135.60061,34.782627],[135.599511,34.783787],[135.599178,34.784725],[135.598553,34.784974],[135.598068,34.785784],[135.598697,34.787715],[135.598092,34.790672],[135.598516,34.792143],[135.598875,34.792686],[135.598485,34.793335],[135.598583,34.794611],[135.598146,34.794817],[135.598152,34.796015],[135.598623,34.796026],[135.598667,34.797668],[135.597621,34.798661],[135.596478,34.797691],[135.595324,34.79713],[135.594504,34.796148],[135.591965,34.794839],[135.590596,34.793468],[135.589684,34.794005],[135.588823,34.793628],[135.587478,34.792585],[135.587521,34.791514],[135.583927,34.788241],[135.582303,34.786571],[135.579495,34.785111],[135.577682,34.784407],[135.576149,34.782898],[135.575594,34.781799],[135.573862,34.780179],[135.573751,34.779175],[135.570526,34.776634],[135.568953,34.776617],[135.568036,34.776293],[135.56688,34.775444],[135.565847,34.776409],[135.567814,34.777768],[135.568023,34.779172],[135.567866,34.780476],[135.56828,34.785613],[135.566088,34.784554],[135.562694,34.783322],[135.563883,34.786626],[135.562848,34.786825],[135.563144,34.787924],[135.562552,34.788579],[135.562498,34.790613],[135.562032,34.79147],[135.56281,34.791938],[135.56285,34.792802],[135.558566,34.792831],[135.558486,34.791446],[135.555894,34.791584],[135.555023,34.792064],[135.554928,34.793251],[135.553921,34.793551],[135.551934,34.793562],[135.551498,34.793131],[135.550604,34.792933],[135.547754,34.791895],[135.545403,34.790379],[135.542605,34.788819],[135.541566,34.787974],[135.540875,34.787758],[135.539898,34.789299],[135.53851,34.78825],[135.537547,34.788052],[135.53783,34.787231],[135.536813,34.786547],[135.536925,34.785642],[135.538012,34.785268],[135.542144,34.780072],[135.542991,34.779083],[135.54621,34.774934],[135.547177,34.773975],[135.550745,34.769454],[135.550633,34.768969],[135.54968,34.769041],[135.548773,34.768453],[135.549873,34.768052],[135.550829,34.767225],[135.551155,34.766641],[135.551315,34.765389],[135.550851,34.764531],[135.549344,34.765529],[135.549072,34.765275],[135.5505,34.764314],[135.551033,34.763512],[135.550573,34.761077],[135.550033,34.761501],[135.55035,34.758641],[135.550764,34.757152],[135.554898,34.756909],[135.558254,34.756904],[135.558261,34.756289],[135.560529,34.753992]]]]}},
  {"type":"Feature","properties":{"name":"高石市","code":"27225"},"geometry":{"type":"MultiPolygon","coordinates":[[[[135.437697,34.54106],[135.431942,34.532332],[135.432149,34.531474],[135.431704,34.530822],[135.430496,34.529677],[135.429773,34.530339],[135.421112,34.521663],[135.418876,34.519482],[135.420606,34.518287],[135.421956,34.518083],[135.422717,34.517569],[135.424101,34.516276],[135.423317,34.515442],[135.426818,34.512737],[135.428951,34.514525],[135.429522,34.515215],[135.430508,34.515549],[135.431742,34.516652],[135.433288,34.515466],[135.432648,34.514504],[135.43338,34.513979],[135.433894,34.514146],[135.435191,34.513865],[135.436056,34.514423],[135.436218,34.51366],[135.436828,34.513782],[135.439611,34.513231],[135.440366,34.512688],[135.440838,34.512944],[135.442908,34.512509],[135.442997,34.512238],[135.444674,34.511238],[135.445501,34.511966],[135.447358,34.511608],[135.447753,34.511287],[135.450697,34.513767],[135.451621,34.513015],[135.452239,34.512164],[135.45303,34.512114],[135.453857,34.512564],[135.454364,34.513261],[135.454095,34.514127],[135.454684,34.514622],[135.454654,34.51514],[135.454364,34.51653],[135.456011,34.516117],[135.457148,34.516118],[135.457154,34.516744],[135.458628,34.518483],[135.459484,34.518207],[135.459983,34.518797],[135.459501,34.519878],[135.457417,34.520935],[135.458306,34.521843],[135.457559,34.52195],[135.456958,34.522698],[135.456186,34.522521],[135.455758,34.524138],[135.454676,34.524059],[135.454385,34.524929],[135.453577,34.525071],[135.453232,34.524678],[135.451349,34.525253],[135.448811,34.525144],[135.448187,34.525915],[135.447575,34.526048],[135.446036,34.525939],[135.446143,34.527762],[135.447938,34.528453],[135.448229,34.529481],[135.450196,34.52923],[135.451283,34.529724],[135.451075,34.530475],[135.450303,34.530249],[135.446428,34.530823],[135.446464,34.531742],[135.447711,34.532803],[135.448038,34.533932],[135.44663,34.534124],[135.446565,34.536054],[135.445667,34.535115],[135.445067,34.535331],[135.446089,34.536879],[135.443831,34.538163],[135.442351,34.539442],[135.441692,34.539565],[135.438619,34.53954],[135.439166,34.540464],[135.437697,34.54106]]],[[[135.426248,34.54709],[135.420232,34.537978],[135.411325,34.541999],[135.412199,34.543534],[135.408743,34.544828],[135.409212,34.545729],[135.405262,34.547234],[135.399166,34.53649],[135.401094,34.534258],[135.404386,34.536202],[135.407386,34.535038],[135.404599,34.530136],[135.417715,34.524242],[135.421469,34.524814],[135.430669,34.534003],[135.431354,34.534965],[135.436364,34.542583],[135.430365,34.545289],[135.426248,34.54709]]],[[[135.401109,34.52742],[135.397531,34.531613],[135.396474,34.532463],[135.394642,34.532491],[135.393845,34.531429],[135.398397,34.526109],[135.400704,34.527416],[135.401109,34.52742]]]]}},
  {"type":"Feature","properties":{"name":"藤井寺市","code":"27226"},"geometry":{"type":"MultiPolygon","coordinates":[[[[135.584695,34.588438],[135.584688,34.58805],[135.583374,34.58808],[135.583396,34.586881],[135.582306,34.586881],[135.582323,34.585175],[135.583445,34.584874],[135.583308,34.584016],[135.582206,34.58392],[135.582117,34.583082],[135.58122,34.583053],[135.581234,34.582062],[135.581226,34.580826],[135.58212,34.580826],[135.582163,34.581908],[135.583338,34.581944],[135.583641,34.58102],[135.584852,34.581539],[135.585032,34.580029],[135.585609,34.578827],[135.584961,34.578309],[135.5854,34.577491],[135.586416,34.577268],[135.587296,34.576355],[135.587455,34.57521],[135.586835,34.571738],[135.586878,34.571154],[135.588082,34.569847],[135.588226,34.568813],[135.589221,34.567655],[135.590086,34.567652],[135.588839,34.568989],[135.589625,34.568881],[135.590093,34.567849],[135.591261,34.56736],[135.59129,34.566018],[135.592104,34.564906],[135.591672,34.56413],[135.594743,34.56323],[135.595118,34.564032],[135.596394,34.563704],[135.595976,34.561443],[135.595154,34.561637],[135.594678,34.562436],[135.592869,34.562827],[135.592444,34.56195],[135.594476,34.5613],[135.5955,34.561113],[135.595709,34.559944],[135.596459,34.558996],[135.596019,34.558239],[135.596019,34.557186],[135.595269,34.556655],[135.595666,34.556052],[135.59767,34.554427],[135.598766,34.554618],[135.599349,34.554212],[135.601108,34.553511],[135.601591,34.553541],[135.60157,34.554698],[135.602904,34.556897],[135.602903,34.558059],[135.604511,34.558167],[135.605059,34.558423],[135.605073,34.560103],[135.606328,34.560899],[135.606306,34.561251],[135.605376,34.563124],[135.604763,34.563819],[135.604215,34.565945],[135.608202,34.566091],[135.609766,34.565567],[135.611474,34.565808],[135.611669,34.564997],[135.612246,34.564848],[135.612275,34.564245],[135.613471,34.564376],[135.614841,34.563258],[135.614971,34.562894],[135.616239,34.562948],[135.616672,34.563712],[135.618006,34.563682],[135.618402,34.563434],[135.619685,34.564067],[135.621639,34.564278],[135.62174,34.567429],[135.621927,34.569365],[135.622283,34.570457],[135.62316,34.571093],[135.623729,34.572173],[135.624926,34.573963],[135.627189,34.576217],[135.627593,34.577685],[135.626908,34.578615],[135.625711,34.57945],[135.62365,34.580357],[135.621437,34.581042],[135.618842,34.581692],[135.618705,34.582461],[135.617912,34.583073],[135.616939,34.583347],[135.616903,34.583943],[135.615771,34.583949],[135.615793,34.584946],[135.614343,34.584886],[135.614467,34.587953],[135.610938,34.587911],[135.610953,34.58871],[135.608437,34.588716],[135.608488,34.587604],[135.607369,34.587557],[135.607283,34.587163],[135.606352,34.587115],[135.606291,34.586104],[135.605517,34.586167],[135.605277,34.583445],[135.605024,34.583332],[135.601156,34.583487],[135.601067,34.585048],[135.598808,34.586518],[135.598582,34.586116],[135.596843,34.586093],[135.596193,34.584858],[135.593187,34.586135],[135.592509,34.585014],[135.591441,34.585257],[135.591975,34.586347],[135.591074,34.586959],[135.590223,34.585725],[135.589436,34.586013],[135.587348,34.585996],[135.58735,34.587227],[135.586549,34.587346],[135.586499,34.588229],[135.58704,34.589023],[135.586037,34.589553],[135.585438,34.588742],[135.584695,34.588438]]]]}},
  {"type":"Feature","properties":{"name":"東大阪市","code":"27227"},"geometry":{"type":"MultiPolygon","coordinates":[[[[135.557074,34.664272],[135.557036,34.663345],[135.559042,34.663208],[135.558977,34.662617],[135.561156,34.662575],[135.561113,34.660714],[135.561546,34.660577],[135.561821,34.658251],[135.563877,34.658269],[135.563906,34.656629],[135.563337,34.656618],[135.563313,34.655888],[135.561575,34.65574],[135.558559,34.655829],[135.558552,34.654785],[135.559396,34.654779],[135.559396,34.652877],[135.561965,34.652793],[135.56195,34.650121],[135.56076,34.650204],[135.561143,34.643551],[135.561291,34.640842],[135.565238,34.640956],[135.565382,34.638074],[135.568413,34.638164],[135.568579,34.634364],[135.571739,34.634466],[135.571754,34.633911],[135.574604,34.633989],[135.574684,34.632181],[135.588874,34.632434],[135.589993,34.633943],[135.588196,34.634993],[135.586919,34.635971],[135.587821,34.636824],[135.586312,34.638053],[135.585208,34.639347],[135.586248,34.639765],[135.587438,34.639693],[135.588852,34.640021],[135.589018,34.640343],[135.590859,34.640671],[135.590678,34.641745],[135.595917,34.641721],[135.59596,34.644406],[135.594553,34.644477],[135.594791,34.646277],[135.594704,34.648503],[135.594495,34.650621],[135.59767,34.650663],[135.599524,34.650776],[135.600549,34.650591],[135.603464,34.650603],[135.606185,34.650419],[135.611554,34.650371],[135.613538,34.650251],[135.616793,34.650239],[135.616634,34.648474],[135.617096,34.648116],[135.618048,34.648009],[135.618214,34.649232],[135.617961,34.650282],[135.621425,34.650353],[135.625532,34.650306],[135.625482,34.644657],[135.631803,34.644362],[135.631442,34.643306],[135.631356,34.640458],[135.632251,34.64044],[135.632597,34.643911],[135.632561,34.64438],[135.634964,34.644594],[135.634913,34.644261],[135.641111,34.644159],[135.641487,34.644409],[135.64285,34.644052],[135.645138,34.643965],[135.646285,34.64404],[135.646617,34.644923],[135.647678,34.645042],[135.649489,34.644434],[135.651538,34.644222],[135.652902,34.644299],[135.653689,34.643718],[135.654432,34.643998],[135.655659,34.643372],[135.656532,34.64356],[135.657412,34.643166],[135.658148,34.643244],[135.659793,34.642537],[135.660436,34.642698],[135.660508,34.643634],[135.662124,34.643783],[135.663668,34.643184],[135.664287,34.643276],[135.66531,34.643842],[135.665216,34.644984],[135.665411,34.645646],[135.665426,34.647982],[135.665829,34.648912],[135.665274,34.649673],[135.664264,34.649977],[135.664321,34.651295],[135.664913,34.652724],[135.666674,34.653463],[135.667417,34.654492],[135.668138,34.656517],[135.669517,34.657281],[135.67013,34.658972],[135.670073,34.65955],[135.671155,34.661062],[135.671104,34.661557],[135.670188,34.662613],[135.670108,34.663236],[135.670873,34.664608],[135.671054,34.66692],[135.672208,34.66796],[135.673868,34.669744],[135.673965,34.671016],[135.674474,34.671952],[135.676258,34.673689],[135.676543,34.674149],[135.676976,34.675943],[135.678705,34.677759],[135.67856,34.678827],[135.677938,34.679809],[135.678378,34.683169],[135.678096,34.684407],[135.677313,34.684771],[135.676773,34.685469],[135.676676,34.68619],[135.675993,34.687546],[135.673098,34.690146],[135.673002,34.691668],[135.673167,34.692951],[135.673088,34.694268],[135.673613,34.695232],[135.674064,34.698394],[135.673136,34.700081],[135.672943,34.700999],[135.671928,34.700619],[135.670016,34.700717],[135.669461,34.700098],[135.668531,34.699971],[135.665429,34.698864],[135.663373,34.698878],[135.662694,34.69971],[135.661628,34.700619],[135.659908,34.701373],[135.657659,34.70169],[135.65568,34.702162],[135.654494,34.702042],[135.652791,34.702585],[135.651622,34.702543],[135.651024,34.701993],[135.649788,34.70188],[135.644795,34.701936],[135.644249,34.702063],[135.640208,34.702084],[135.638617,34.701887],[135.638796,34.701386],[135.638574,34.700506],[135.638984,34.700203],[135.638805,34.699449],[135.638015,34.699371],[135.637674,34.698821],[135.634474,34.698814],[135.633855,34.698723],[135.634163,34.69978],[135.634043,34.700428],[135.633416,34.70157],[135.628974,34.701612],[135.628411,34.702451],[135.627587,34.702923],[135.626785,34.703021],[135.627344,34.701697],[135.626303,34.701091],[135.622179,34.70131],[135.619,34.701209],[135.617836,34.700984],[135.617865,34.700196],[135.618385,34.699636],[135.618389,34.69847],[135.617934,34.698422],[135.618967,34.697151],[135.618786,34.695964],[135.615628,34.697017],[135.613945,34.697422],[135.613822,34.698556],[135.612999,34.698633],[135.612862,34.697464],[135.609488,34.697604],[135.60922,34.6981],[135.607869,34.698201],[135.607814,34.698756],[135.607258,34.699651],[135.605398,34.701387],[135.603224,34.700283],[135.603188,34.701297],[135.601563,34.700575],[135.601014,34.700486],[135.59677,34.70058],[135.596592,34.701856],[135.595111,34.703031],[135.594994,34.703499],[135.592506,34.702379],[135.590136,34.701998],[135.590232,34.700561],[135.589004,34.700144],[135.587986,34.699541],[135.586996,34.698623],[135.586123,34.698426],[135.584837,34.698619],[135.583883,34.698249],[135.581962,34.696806],[135.582959,34.696257],[135.580781,34.691927],[135.580568,34.690989],[135.57952,34.689665],[135.577996,34.688764],[135.576439,34.688116],[135.573904,34.688259],[135.573572,34.687698],[135.570848,34.688063],[135.569468,34.687705],[135.565638,34.687752],[135.564702,34.686644],[135.564603,34.685241],[135.564263,34.684511],[135.564586,34.683129],[135.563849,34.682204],[135.563439,34.679702],[135.563401,34.678022],[135.563228,34.676388],[135.562529,34.674197],[135.56218,34.671752],[135.561993,34.669381],[135.562203,34.667914],[135.557418,34.668063],[135.557074,34.664272]]]]}},
  {"type":"Feature","properties":{"name":"泉南市","code":"27228"},"geometry":{"type":"MultiPolygon","coordinates":[[[[135.289607,34.383412],[135.287546,34.385234],[135.285248,34.383819],[135.284451,34.38515],[135.283016,34.387044],[135.282178,34.387971],[135.281319,34.389596],[135.284121,34.390656],[135.282571,34.393435],[135.279801,34.395393],[135.279377,34.395103],[135.279587,34.393905],[135.278553,34.393588],[135.277218,34.393789],[135.276354,34.392201],[135.276408,34.391551],[135.275213,34.39016],[135.274544,34.3905],[135.273504,34.389581],[135.272708,34.390199],[135.272184,34.389783],[135.272479,34.389249],[135.271693,34.388282],[135.270057,34.386683],[135.269284,34.38645],[135.268545,34.385387],[135.265985,34.383288],[135.26379,34.381079],[135.262966,34.380981],[135.262377,34.38049],[135.260437,34.380727],[135.258595,34.381466],[135.257646,34.380481],[135.256936,34.381032],[135.257089,34.381674],[135.252405,34.377504],[135.251463,34.376932],[135.250704,34.376963],[135.250539,34.375442],[135.252261,34.374802],[135.25359,34.374541],[135.252998,34.373227],[135.2521,34.373328],[135.252262,34.374068],[135.250324,34.3743],[135.250289,34.373122],[135.251906,34.372983],[135.251558,34.371736],[135.251181,34.3715],[135.249941,34.371625],[135.249291,34.36815],[135.249279,34.366445],[135.249598,34.364284],[135.250492,34.362468],[135.252644,34.360418],[135.254199,34.359374],[135.255454,34.358916],[135.257247,34.358757],[135.257855,34.358479],[135.25865,34.357675],[135.259694,34.356953],[135.260007,34.355881],[135.260344,34.352916],[135.261198,34.352493],[135.261395,34.351722],[135.264498,34.347561],[135.265239,34.346854],[135.266255,34.344837],[135.266264,34.344277],[135.266825,34.343413],[135.266586,34.342154],[135.266866,34.341553],[135.267954,34.340192],[135.268639,34.34011],[135.269374,34.339363],[135.269193,34.3387],[135.269944,34.338451],[135.269729,34.336812],[135.272319,34.333898],[135.274212,34.331593],[135.274871,34.330951],[135.275178,34.330244],[135.276126,34.329758],[135.27792,34.328167],[135.279263,34.326766],[135.278968,34.325971],[135.279411,34.325327],[135.2804,34.323223],[135.281902,34.319292],[135.282552,34.317876],[135.282812,34.31791],[135.284617,34.31617],[135.286603,34.312576],[135.286367,34.311323],[135.285928,34.310398],[135.286449,34.3094],[135.286559,34.30798],[135.286982,34.306752],[135.287705,34.306331],[135.287883,34.304902],[135.289237,34.303146],[135.289655,34.301946],[135.290894,34.300594],[135.291636,34.299548],[135.292914,34.299244],[135.293486,34.299884],[135.295774,34.300295],[135.295997,34.30136],[135.297552,34.300782],[135.298229,34.301458],[135.298568,34.302701],[135.300342,34.302479],[135.300841,34.302619],[135.300894,34.303314],[135.301467,34.30365],[135.301485,34.304272],[135.302644,34.304878],[135.302766,34.306459],[135.30394,34.308585],[135.304495,34.309929],[135.304593,34.311179],[135.303914,34.312613],[135.303968,34.313715],[135.307007,34.314454],[135.307601,34.314448],[135.308849,34.31342],[135.309642,34.313258],[135.311354,34.313576],[135.311924,34.313946],[135.31316,34.314094],[135.314096,34.315077],[135.315888,34.315588],[135.316663,34.315462],[135.317688,34.315788],[135.318495,34.316346],[135.319671,34.316561],[135.320188,34.317078],[135.321574,34.317679],[135.322171,34.317753],[135.322906,34.318548],[135.324199,34.319132],[135.325937,34.319154],[135.328099,34.318614],[135.328928,34.318163],[135.329776,34.317176],[135.330543,34.31702],[135.330133,34.318389],[135.330498,34.319538],[135.328983,34.321161],[135.328538,34.321435],[135.327957,34.32306],[135.328028,34.324029],[135.329446,34.324561],[135.330248,34.325254],[135.332646,34.325735],[135.334443,34.325609],[135.335495,34.326342],[135.335744,34.327],[135.337166,34.327728],[135.339136,34.32943],[135.339137,34.330737],[135.339485,34.331957],[135.339056,34.332665],[135.338718,34.334041],[135.337544,34.334898],[135.338407,34.335272],[135.338894,34.334962],[135.339851,34.335824],[135.340382,34.336626],[135.339819,34.339359],[135.339378,34.340025],[135.339143,34.341024],[135.338221,34.341065],[135.337683,34.340683],[135.336759,34.341206],[135.336368,34.34171],[135.335408,34.341174],[135.334642,34.342085],[135.333042,34.341841],[135.331837,34.340794],[135.331141,34.339979],[135.329667,34.339889],[135.328706,34.341841],[135.329059,34.34293],[135.328579,34.345413],[135.327304,34.346715],[135.327569,34.347333],[135.327187,34.348334],[135.327079,34.34928],[135.326569,34.350547],[135.32502,34.351068],[135.324383,34.350954],[135.323981,34.351824],[135.323333,34.352476],[135.323657,34.353713],[135.32303,34.353891],[135.322834,34.354598],[135.32198,34.355372],[135.322338,34.356221],[135.322404,34.358267],[135.32295,34.359489],[135.323539,34.361297],[135.324578,34.362322],[135.325127,34.363527],[135.323961,34.363202],[135.322773,34.363422],[135.321969,34.364218],[135.322224,34.364445],[135.322067,34.365465],[135.321499,34.365757],[135.321097,34.367093],[135.320264,34.367799],[135.320194,34.368671],[135.319341,34.369362],[135.318929,34.370281],[135.31791,34.371068],[135.317939,34.371934],[135.317061,34.372018],[135.316211,34.372709],[135.315696,34.373789],[135.313576,34.376507],[135.31306,34.376267],[135.311181,34.377328],[135.310346,34.379134],[135.309674,34.380031],[135.307601,34.38084],[135.305647,34.382087],[135.305353,34.382071],[135.302388,34.381014],[135.300438,34.380437],[135.29985,34.380624],[135.298872,34.381677],[135.296365,34.381023],[135.296486,34.380166],[135.294114,34.379256],[135.293728,34.379812],[135.290824,34.379042],[135.289627,34.37895],[135.289466,34.380374],[135.289859,34.381106],[135.289678,34.381709],[135.290561,34.382288],[135.289607,34.383412]]],[[[135.230462,34.429829],[135.219123,34.422224],[135.227687,34.413476],[135.231273,34.41588],[135.233778,34.418486],[135.24034,34.422895],[135.230462,34.429829]]],[[[135.228891,34.430926],[135.218049,34.438496],[135.208101,34.43181],[135.204835,34.430541],[135.201165,34.428092],[135.206171,34.423107],[135.216916,34.430354],[135.221626,34.433487],[135.2259,34.429101],[135.228655,34.430948],[135.228891,34.430926]]]]}},
  {"type":"Feature","properties":{"name":"四條畷市","code":"27229"},"geometry":{"type":"MultiPolygon","coordinates":[[[[135.631944,34.732188],[135.633154,34.732217],[135.642091,34.731733],[135.646801,34.731593],[135.648535,34.731066],[135.649991,34.729658],[135.651104,34.729721],[135.652326,34.729164],[135.653161,34.727829],[135.653401,34.726924],[135.654581,34.727389],[135.655654,34.727476],[135.656825,34.727839],[135.65667,34.726416],[135.656761,34.724152],[135.656618,34.723165],[135.656852,34.722493],[135.657675,34.721903],[135.658255,34.721917],[135.660051,34.721095],[135.660824,34.719929],[135.663774,34.718991],[135.664726,34.71886],[135.665979,34.718371],[135.666685,34.718526],[135.667236,34.717902],[135.668554,34.717438],[135.668411,34.716247],[135.672034,34.716306],[135.672608,34.715546],[135.673589,34.714917],[135.673622,34.713359],[135.674612,34.712193],[135.674609,34.711526],[135.675364,34.711066],[135.674714,34.710529],[135.674301,34.708856],[135.67455,34.707409],[135.674219,34.706635],[135.673499,34.70603],[135.673343,34.704404],[135.672646,34.703936],[135.673136,34.703398],[135.673082,34.701771],[135.673404,34.702255],[135.675029,34.702987],[135.675098,34.703583],[135.677009,34.704837],[135.677748,34.706018],[135.67903,34.707182],[135.679687,34.7088],[135.680779,34.709601],[135.681543,34.710457],[135.683079,34.711292],[135.685004,34.711201],[135.686361,34.711536],[135.687523,34.711354],[135.688005,34.712098],[135.68941,34.713739],[135.689816,34.713875],[135.690727,34.714869],[135.692487,34.715635],[135.693239,34.716816],[135.694621,34.717451],[135.696732,34.718905],[135.69744,34.720375],[135.698636,34.721181],[135.699495,34.721465],[135.700502,34.721283],[135.701692,34.721681],[135.702901,34.722572],[135.702981,34.723083],[135.704019,34.723617],[135.703623,34.724729],[135.702736,34.725104],[135.70153,34.727647],[135.701444,34.728175],[135.700551,34.729997],[135.700468,34.730724],[135.699688,34.732563],[135.699932,34.733732],[135.699749,34.734533],[135.700141,34.735038],[135.700038,34.735742],[135.699017,34.737655],[135.69757,34.739659],[135.696921,34.741413],[135.697151,34.742736],[135.696828,34.743882],[135.695857,34.74364],[135.69556,34.743071],[135.694712,34.742861],[135.692636,34.742983],[135.691906,34.743907],[135.690909,34.744135],[135.690138,34.744643],[135.689422,34.744708],[135.689008,34.743749],[135.687709,34.743688],[135.686529,34.742891],[135.685241,34.742751],[135.684755,34.742129],[135.684039,34.742142],[135.683268,34.742672],[135.682958,34.743911],[135.682883,34.745234],[135.682258,34.745444],[135.681184,34.745023],[135.680447,34.744481],[135.680203,34.743622],[135.679222,34.743355],[135.677116,34.744669],[135.676708,34.744305],[135.675512,34.745221],[135.674977,34.745032],[135.674807,34.744345],[135.6732,34.744669],[135.672002,34.746644],[135.670973,34.745856],[135.670636,34.745102],[135.669141,34.744485],[135.668547,34.74452],[135.668024,34.74568],[135.66563,34.746311],[135.664429,34.747322],[135.663967,34.748343],[135.663143,34.749293],[135.662782,34.749337],[135.661822,34.748557],[135.661332,34.748698],[135.659872,34.749978],[135.659314,34.749038],[135.657324,34.748885],[135.656521,34.748286],[135.657031,34.746956],[135.656443,34.746447],[135.655908,34.746835],[135.65482,34.746608],[135.652718,34.747523],[135.652242,34.748901],[135.651195,34.749261],[135.650688,34.749777],[135.649989,34.749437],[135.644622,34.749198],[135.643907,34.749507],[135.641803,34.749581],[135.639748,34.749487],[135.637893,34.749875],[135.63681,34.749574],[135.63424,34.74948],[135.633,34.749609],[135.630515,34.749656],[135.63043,34.746909],[135.629141,34.746885],[135.629169,34.746196],[135.628034,34.74622],[135.627987,34.745218],[135.626669,34.745206],[135.62671,34.741235],[135.626352,34.739971],[135.625976,34.739376],[135.626518,34.738405],[135.626101,34.736997],[135.62454,34.736445],[135.624548,34.734708],[135.625233,34.73421],[135.627574,34.734466],[135.628783,34.734191],[135.630166,34.734186],[135.630652,34.732855],[135.631083,34.732198],[135.631944,34.732188]]]]}},
  {"type":"Feature","properties":{"name":"交野市","code":"27230"},"geometry":{"type":"MultiPolygon","coordinates":[[[[135.659538,34.774975],[135.659878,34.774343],[135.660008,34.772184],[135.661678,34.770836],[135.661917,34.769333],[135.662076,34.766726],[135.661526,34.765086],[135.660702,34.764048],[135.660601,34.76273],[135.660138,34.761692],[135.659198,34.760768],[135.658735,34.758972],[135.659234,34.757863],[135.658013,34.757738],[135.658273,34.755799],[135.658656,34.755453],[135.658613,34.754046],[135.659526,34.752971],[135.660295,34.752507],[135.660279,34.752109],[135.658935,34.75168],[135.659872,34.749978],[135.661332,34.748698],[135.661822,34.748557],[135.662782,34.749337],[135.663143,34.749293],[135.663967,34.748343],[135.664429,34.747322],[135.66563,34.746311],[135.668024,34.74568],[135.668547,34.74452],[135.669141,34.744485],[135.670636,34.745102],[135.670973,34.745856],[135.672002,34.746644],[135.6732,34.744669],[135.674807,34.744345],[135.674977,34.745032],[135.675512,34.745221],[135.676708,34.744305],[135.677116,34.744669],[135.679222,34.743355],[135.680203,34.743622],[135.680447,34.744481],[135.681184,34.745023],[135.682258,34.745444],[135.682883,34.745234],[135.682958,34.743911],[135.683268,34.742672],[135.684039,34.742142],[135.684755,34.742129],[135.685241,34.742751],[135.686529,34.742891],[135.687709,34.743688],[135.689008,34.743749],[135.689422,34.744708],[135.690138,34.744643],[135.690909,34.744135],[135.691906,34.743907],[135.692636,34.742983],[135.694712,34.742861],[135.69556,34.743071],[135.695857,34.74364],[135.696828,34.743882],[135.697092,34.74424],[135.698694,34.744802],[135.699196,34.74571],[135.699034,34.746289],[135.697783,34.748049],[135.697828,34.749474],[135.698171,34.749752],[135.699835,34.750133],[135.700842,34.750803],[135.702255,34.750718],[135.703678,34.749701],[135.704846,34.7486],[135.706136,34.74839],[135.706802,34.748646],[135.707211,34.750757],[135.707555,34.751018],[135.707978,34.752097],[135.708768,34.752733],[135.709848,34.75313],[135.710296,34.754289],[135.710195,34.755905],[135.709645,34.757844],[135.708944,34.759078],[135.710173,34.760796],[135.709413,34.761309],[135.708835,34.762096],[135.708936,34.765007],[135.708459,34.766134],[135.708661,34.767357],[135.708575,34.768759],[135.709081,34.770149],[135.709919,34.771061],[135.709963,34.771616],[135.708416,34.772028],[135.707259,34.771556],[135.706615,34.772338],[135.708047,34.774861],[135.708831,34.775457],[135.709786,34.777431],[135.71001,34.77894],[135.709641,34.780169],[135.710704,34.780509],[135.711369,34.781273],[135.711969,34.781332],[135.712326,34.781453],[135.712749,34.782521],[135.713616,34.782831],[135.714607,34.782861],[135.715428,34.783344],[135.715728,34.78471],[135.716595,34.7857],[135.716769,34.786506],[135.716454,34.787883],[135.716693,34.788909],[135.714596,34.790198],[135.715066,34.792148],[135.714596,34.793723],[135.713053,34.794027],[135.71272,34.795041],[135.711885,34.795154],[135.711342,34.794796],[135.709853,34.795667],[135.709058,34.795637],[135.70892,34.797516],[135.708609,34.798077],[135.707438,34.798333],[135.705721,34.7981],[135.705258,34.798441],[135.702196,34.79949],[135.700558,34.799431],[135.699669,34.799723],[135.697601,34.799699],[135.696914,34.800164],[135.695692,34.800599],[135.694192,34.800355],[135.693071,34.800462],[135.688929,34.799711],[135.687439,34.799317],[135.687027,34.799383],[135.685538,34.800349],[135.684431,34.800337],[135.682786,34.800021],[135.681095,34.800695],[135.680169,34.801464],[135.679959,34.802227],[135.679446,34.802389],[135.677863,34.801858],[135.676525,34.802335],[135.676966,34.803074],[135.676308,34.80342],[135.675014,34.801679],[135.674363,34.802001],[135.673727,34.801721],[135.673713,34.799895],[135.67317,34.799454],[135.670864,34.799179],[135.670336,34.799245],[135.668431,34.798142],[135.667281,34.797963],[135.665987,34.797384],[135.666855,34.796263],[135.665322,34.795505],[135.664303,34.795249],[135.665416,34.794181],[135.668864,34.791771],[135.669335,34.791151],[135.669624,34.789624],[135.670361,34.788163],[135.67188,34.785628],[135.670586,34.785497],[135.670455,34.785109],[135.670752,34.7819],[135.671605,34.781232],[135.6718,34.778715],[135.670463,34.778804],[135.669848,34.778297],[135.66914,34.778309],[135.667766,34.776538],[135.667411,34.776365],[135.665994,34.77652],[135.662849,34.77618],[135.661497,34.77584],[135.659936,34.775011],[135.659538,34.774975]],[[135.662049,34.752549],[135.661736,34.751901],[135.660994,34.752045],[135.661423,34.752697],[135.662049,34.752549]],[[135.662431,34.751572],[135.662399,34.751099],[135.661991,34.751292],[135.662431,34.751572]]]]}},
  {"type":"Feature","properties":{"name":"大阪狭山市","code":"27231"},"geometry":{"type":"MultiPolygon","coordinates":[[[[135.534321,34.50798],[135.535311,34.5064],[135.53591,34.504996],[135.538247,34.502856],[135.538748,34.502648],[135.539706,34.501087],[135.540044,34.498605],[135.539587,34.497035],[135.538516,34.495251],[135.537399,34.494751],[135.536951,34.493899],[135.534969,34.492916],[135.534422,34.491731],[135.53386,34.491041],[135.534242,34.489456],[135.533572,34.487719],[135.533925,34.487111],[135.535698,34.48606],[135.536008,34.485164],[135.535698,34.484726],[135.535921,34.484023],[135.535597,34.483367],[135.535928,34.48192],[135.535835,34.481276],[135.535309,34.480526],[135.535266,34.479847],[135.53628,34.47868],[135.536647,34.477675],[135.53633,34.476993],[135.536604,34.476147],[135.536201,34.475427],[135.536424,34.474432],[135.537058,34.473477],[135.537808,34.471095],[135.538396,34.470428],[135.538604,34.469263],[135.540957,34.467699],[135.54136,34.466763],[135.542061,34.466504],[135.544119,34.467357],[135.545466,34.467369],[135.546094,34.468244],[135.548067,34.469705],[135.549411,34.470998],[135.551712,34.471347],[135.553085,34.471928],[135.553229,34.472741],[135.553919,34.47423],[135.554092,34.476825],[135.55581,34.477535],[135.556588,34.477344],[135.558306,34.479327],[135.559076,34.479756],[135.559804,34.47947],[135.559356,34.480464],[135.560782,34.481413],[135.560354,34.481795],[135.560166,34.483202],[135.559796,34.484391],[135.558983,34.484414],[135.558109,34.484929],[135.558006,34.486118],[135.558489,34.486802],[135.55848,34.487892],[135.558768,34.488547],[135.558336,34.489681],[135.559097,34.49054],[135.559913,34.490448],[135.559913,34.491178],[135.560316,34.49156],[135.561718,34.491738],[135.563491,34.491153],[135.563989,34.493079],[135.562714,34.492941],[135.561752,34.493343],[135.560996,34.493956],[135.560672,34.495609],[135.560002,34.495496],[135.559584,34.497344],[135.560895,34.497524],[135.560629,34.498638],[135.560845,34.499894],[135.561212,34.500137],[135.561082,34.500942],[135.559938,34.501196],[135.559446,34.501689],[135.559288,34.502399],[135.559336,34.503947],[135.560129,34.50498],[135.560078,34.505964],[135.560309,34.506999],[135.559819,34.507726],[135.560353,34.509155],[135.560179,34.509644],[135.56041,34.510777],[135.560302,34.511627],[135.561376,34.512928],[135.564159,34.513301],[135.56591,34.513327],[135.566537,34.513542],[135.565824,34.516015],[135.564059,34.516916],[135.563519,34.517402],[135.563439,34.518375],[135.562826,34.519956],[135.563893,34.52046],[135.563021,34.522389],[135.563453,34.524041],[135.562819,34.524229],[135.562855,34.52522],[135.561918,34.525756],[135.561385,34.52689],[135.560772,34.526609],[135.558408,34.526749],[135.558934,34.528431],[135.559381,34.529112],[135.558566,34.529422],[135.558105,34.528604],[135.55742,34.529088],[135.55667,34.528843],[135.555971,34.528012],[135.555048,34.527958],[135.555236,34.526968],[135.55476,34.526133],[135.554861,34.525271],[135.554277,34.524334],[135.554364,34.523311],[135.553946,34.521957],[135.553275,34.520427],[135.553369,34.519443],[135.55502,34.517991],[135.554018,34.517573],[135.553131,34.518026],[135.549311,34.517814],[135.547926,34.517659],[135.547162,34.518286],[135.546384,34.518008],[135.54487,34.516738],[135.544704,34.516255],[135.543616,34.515924],[135.543976,34.514337],[135.543846,34.51363],[135.544005,34.511852],[135.54358,34.511438],[135.543371,34.510436],[135.542851,34.510012],[135.542123,34.511516],[135.541086,34.512064],[135.540703,34.511143],[135.539261,34.511775],[135.537272,34.512875],[135.535614,34.51431],[135.534078,34.515044],[135.534086,34.514232],[135.53454,34.513713],[135.534309,34.513206],[135.533307,34.514686],[135.532644,34.514611],[135.532637,34.513764],[135.533379,34.511494],[135.534021,34.508527],[135.534321,34.50798]]]]}},
  {"type":"Feature","properties":{"name":"阪南市","code":"27232"},"geometry":{"type":"MultiPolygon","coordinates":[[[[135.250704,34.376963],[135.249909,34.377014],[135.248673,34.376453],[135.248741,34.375847],[135.247897,34.375117],[135.247206,34.374955],[135.247374,34.374183],[135.24583,34.371901],[135.244704,34.370948],[135.242453,34.368159],[135.241649,34.36798],[135.242845,34.36715],[135.243086,34.366689],[135.240925,34.36702],[135.23981,34.365992],[135.239477,34.365317],[135.238583,34.364676],[135.23496,34.361126],[135.234264,34.359982],[135.233664,34.359484],[135.232715,34.358039],[135.230712,34.35528],[135.227179,34.351194],[135.226538,34.350811],[135.22557,34.349478],[135.223737,34.347937],[135.221514,34.346463],[135.217875,34.344545],[135.215999,34.343951],[135.21319,34.344037],[135.211185,34.343707],[135.210374,34.343733],[135.209218,34.343442],[135.208173,34.343618],[135.206972,34.343317],[135.207561,34.34241],[135.206892,34.342246],[135.206045,34.343154],[135.205665,34.342345],[135.204776,34.341626],[135.203652,34.34118],[135.202797,34.342575],[135.201167,34.341813],[135.200017,34.341062],[135.197765,34.339848],[135.195987,34.339083],[135.195283,34.338557],[135.193124,34.338132],[135.193916,34.336121],[135.191967,34.335447],[135.19114,34.334719],[135.190188,34.333153],[135.189414,34.332376],[135.188132,34.331889],[135.188796,34.330229],[135.189425,34.330195],[135.189467,34.329048],[135.191557,34.329052],[135.192315,34.32962],[135.192793,34.328924],[135.192913,34.327956],[135.193273,34.327222],[135.193039,34.326409],[135.193885,34.32508],[135.193535,34.322862],[135.194228,34.322384],[135.193517,34.321127],[135.192446,34.321314],[135.190464,34.320461],[135.18969,34.320417],[135.188706,34.319885],[135.188536,34.319206],[135.189554,34.318427],[135.190526,34.318546],[135.190759,34.318091],[135.190769,34.316379],[135.191048,34.315707],[135.191175,34.313993],[135.191625,34.312454],[135.194048,34.311092],[135.195173,34.310883],[135.196351,34.311562],[135.198956,34.312422],[135.199712,34.311989],[135.201798,34.312379],[135.202255,34.31213],[135.202479,34.311037],[135.202947,34.310144],[135.203108,34.308963],[135.203716,34.308659],[135.20536,34.308696],[135.207563,34.309245],[135.208043,34.308203],[135.209392,34.307961],[135.210324,34.307099],[135.211434,34.306445],[135.213153,34.306193],[135.21561,34.305102],[135.218676,34.305162],[135.219661,34.304957],[135.221812,34.303848],[135.223004,34.302993],[135.224641,34.301478],[135.225006,34.300861],[135.231169,34.302499],[135.231858,34.3026],[135.235523,34.303636],[135.236226,34.305417],[135.237772,34.306116],[135.239766,34.307773],[135.241409,34.308396],[135.242979,34.309923],[135.243744,34.310063],[135.244726,34.311106],[135.245925,34.311812],[135.246596,34.313286],[135.248212,34.31305],[135.248769,34.314202],[135.2515,34.314885],[135.252448,34.314843],[135.252865,34.315197],[135.254236,34.315753],[135.256033,34.31582],[135.256625,34.315594],[135.257924,34.315679],[135.260198,34.314037],[135.261666,34.312541],[135.263115,34.313153],[135.264544,34.313185],[135.265877,34.312645],[135.268638,34.312405],[135.271041,34.312466],[135.272737,34.312208],[135.273749,34.313255],[135.275136,34.313839],[135.276017,34.314007],[135.276918,34.314595],[135.277428,34.315622],[135.278625,34.31595],[135.279534,34.315948],[135.27992,34.316311],[135.280904,34.316402],[135.281906,34.317045],[135.282552,34.317876],[135.281902,34.319292],[135.2804,34.323223],[135.279411,34.325327],[135.278968,34.325971],[135.279263,34.326766],[135.27792,34.328167],[135.276126,34.329758],[135.275178,34.330244],[135.274871,34.330951],[135.274212,34.331593],[135.272319,34.333898],[135.269729,34.336812],[135.269944,34.338451],[135.269193,34.3387],[135.269374,34.339363],[135.268639,34.34011],[135.267954,34.340192],[135.266866,34.341553],[135.266586,34.342154],[135.266825,34.343413],[135.266264,34.344277],[135.266255,34.344837],[135.265239,34.346854],[135.264498,34.347561],[135.261395,34.351722],[135.261198,34.352493],[135.260344,34.352916],[135.260007,34.355881],[135.259694,34.356953],[135.25865,34.357675],[135.257855,34.358479],[135.257247,34.358757],[135.255454,34.358916],[135.254199,34.359374],[135.252644,34.360418],[135.250492,34.362468],[135.249598,34.364284],[135.249279,34.366445],[135.249291,34.36815],[135.249941,34.371625],[135.251181,34.3715],[135.251558,34.371736],[135.251906,34.372983],[135.250289,34.373122],[135.250324,34.3743],[135.252262,34.374068],[135.2521,34.373328],[135.252998,34.373227],[135.25359,34.374541],[135.252261,34.374802],[135.250539,34.375442],[135.250704,34.376963]]]]}},
  {"type":"Feature","properties":{"name":"島本町","code":"27301"},"geometry":{"type":"MultiPolygon","coordinates":[[[[135.672756,34.870031],[135.676253,34.874064],[135.677523,34.876027],[135.679412,34.879868],[135.679922,34.881341],[135.680688,34.884098],[135.681126,34.885297],[135.682049,34.886955],[135.682694,34.887842],[135.680239,34.889174],[135.679212,34.890325],[135.678224,34.8928],[135.677134,34.894071],[135.676997,34.895186],[135.675365,34.894911],[135.675249,34.89552],[135.675734,34.896218],[135.676251,34.897482],[135.676211,34.898096],[135.675191,34.898657],[135.67577,34.899301],[135.674637,34.900178],[135.673436,34.900214],[135.673027,34.901269],[135.671384,34.902385],[135.670371,34.902683],[135.668811,34.903822],[135.667693,34.903929],[135.66681,34.904347],[135.665616,34.904425],[135.665008,34.904138],[135.664226,34.902188],[135.663752,34.902414],[135.664382,34.904067],[135.664023,34.904973],[135.662728,34.905182],[135.66288,34.904311],[135.662033,34.903697],[135.661042,34.90418],[135.660314,34.905003],[135.658856,34.906047],[135.657538,34.906673],[135.656742,34.906703],[135.655465,34.907812],[135.654086,34.909345],[135.653493,34.909655],[135.651908,34.909995],[135.650268,34.909494],[135.648502,34.909547],[135.648137,34.910699],[135.648379,34.912512],[135.648249,34.91349],[135.648462,34.914343],[135.648947,34.914928],[135.648158,34.916097],[135.648538,34.916962],[135.649537,34.916765],[135.650825,34.916819],[135.65232,34.917075],[135.653007,34.916246],[135.653427,34.916395],[135.653391,34.91791],[135.651719,34.918572],[135.650543,34.920463],[135.650361,34.921239],[135.650706,34.923028],[135.650039,34.924077],[135.649307,34.924436],[135.649622,34.924877],[135.648536,34.925986],[135.646228,34.92672],[135.64596,34.927269],[135.644888,34.927591],[135.644315,34.928402],[135.643283,34.929409],[135.642765,34.930662],[135.641207,34.930698],[135.640729,34.931342],[135.638204,34.932106],[135.637226,34.931282],[135.636574,34.931038],[135.635491,34.93195],[135.634317,34.932356],[135.634389,34.933584],[135.632973,34.934622],[135.631647,34.934789],[135.630405,34.935147],[135.629028,34.935004],[135.628108,34.933733],[135.629004,34.932176],[135.62883,34.931669],[135.629308,34.929751],[135.629417,34.928516],[135.628279,34.926402],[135.629033,34.925493],[135.631149,34.923921],[135.631584,34.923742],[135.632706,34.923921],[135.632395,34.922934],[135.632685,34.92223],[135.632381,34.921669],[135.631018,34.921085],[135.630736,34.920423],[135.629729,34.919898],[135.62977,34.918909],[135.629119,34.918092],[135.629104,34.917358],[135.629463,34.916589],[135.629238,34.915152],[135.629987,34.914537],[135.630508,34.913517],[135.630613,34.91242],[135.630476,34.911447],[135.629864,34.909187],[135.629904,34.907762],[135.630212,34.906813],[135.631718,34.907034],[135.632832,34.907475],[135.633718,34.908847],[135.634319,34.909342],[135.635188,34.909581],[135.635517,34.910183],[135.636516,34.910118],[135.636414,34.908531],[135.636686,34.907493],[135.636498,34.906998],[135.635615,34.906336],[135.636096,34.905793],[135.636208,34.904088],[135.635767,34.903372],[135.635014,34.902793],[135.633723,34.902239],[135.633679,34.900962],[135.634233,34.900246],[135.633951,34.899203],[135.63373,34.897401],[135.634327,34.896286],[135.634182,34.895129],[135.634287,34.894216],[135.634628,34.893692],[135.634667,34.892308],[135.635789,34.891204],[135.636806,34.891002],[135.638217,34.891521],[135.638818,34.891538],[135.640392,34.891115],[135.641434,34.890221],[135.641391,34.889517],[135.640635,34.888628],[135.642003,34.888329],[135.644243,34.887238],[135.646378,34.887143],[135.645734,34.886385],[135.64493,34.885932],[135.644615,34.885163],[135.645281,34.884125],[135.644641,34.88314],[135.645068,34.88227],[135.646512,34.881685],[135.646852,34.881172],[135.647619,34.881244],[135.650272,34.880898],[135.650865,34.879305],[135.651839,34.878131],[135.652436,34.876597],[135.653529,34.876281],[135.655117,34.87522],[135.655747,34.874033],[135.654607,34.873162],[135.655071,34.872476],[135.656576,34.872566],[135.65714,34.872244],[135.657698,34.873276],[135.658273,34.873705],[135.659098,34.873604],[135.660813,34.875178],[135.661132,34.875077],[135.661443,34.873633],[135.662605,34.873621],[135.663061,34.87315],[135.663151,34.872249],[135.664128,34.872619],[135.665663,34.8725],[135.669278,34.871528],[135.672756,34.870031]]]]}},
  {"type":"Feature","properties":{"name":"豊能町","code":"27321"},"geometry":{"type":"MultiPolygon","coordinates":[[[[135.525377,34.928802],[135.523504,34.929593],[135.522563,34.930284],[135.5216,34.932018],[135.521245,34.933288],[135.520555,34.933581],[135.518865,34.933748],[135.518039,34.933307],[135.517271,34.93348],[135.51574,34.935694],[135.515021,34.936922],[135.51484,34.938491],[135.515057,34.939309],[135.514449,34.94068],[135.514978,34.940961],[135.515079,34.941772],[135.514709,34.942231],[135.514702,34.943726],[135.514152,34.94412],[135.513065,34.943786],[135.512242,34.944149],[135.511068,34.943756],[135.509545,34.944525],[135.507669,34.944603],[135.506249,34.945688],[135.504351,34.946416],[135.504029,34.946287],[135.502153,34.943325],[135.500798,34.942401],[135.499675,34.941345],[135.498559,34.940832],[135.497494,34.940712],[135.495718,34.941072],[135.494612,34.940843],[135.493934,34.941001],[135.492658,34.941694],[135.490418,34.941794],[135.490154,34.942828],[135.488906,34.944707],[135.48887,34.945823],[135.488342,34.946386],[135.486659,34.946609],[135.484626,34.947409],[135.484851,34.946281],[135.483321,34.945601],[135.482652,34.945056],[135.479833,34.944934],[135.479034,34.944271],[135.479041,34.943619],[135.478391,34.943089],[135.478681,34.941945],[135.478089,34.940138],[135.476891,34.938866],[135.476833,34.937859],[135.477155,34.937398],[135.476911,34.935395],[135.474774,34.932512],[135.475179,34.930663],[135.474819,34.930271],[135.473879,34.930085],[135.471781,34.929227],[135.469875,34.929126],[135.467507,34.929418],[135.467094,34.928766],[135.467693,34.927843],[135.468195,34.927547],[135.468536,34.92627],[135.468524,34.925433],[135.467075,34.925199],[135.465943,34.924203],[135.465975,34.922756],[135.466264,34.921718],[135.466084,34.920626],[135.465407,34.919588],[135.464611,34.919349],[135.463596,34.918306],[135.462076,34.917936],[135.460998,34.918288],[135.46026,34.918067],[135.458288,34.918144],[135.45671,34.917906],[135.455791,34.918144],[135.455118,34.918651],[135.453967,34.919105],[135.452722,34.919254],[135.451449,34.919897],[135.450315,34.920043],[135.448642,34.91997],[135.446263,34.920358],[135.443912,34.920078],[135.442064,34.920284],[135.441052,34.920169],[135.439303,34.920504],[135.438129,34.919754],[135.436541,34.918015],[135.434525,34.916768],[135.433266,34.916953],[135.430299,34.916347],[135.429091,34.915542],[135.428088,34.915256],[135.427465,34.914719],[135.425425,34.91423],[135.424505,34.913508],[135.424129,34.911889],[135.423644,34.911233],[135.422567,34.910642],[135.420526,34.91035],[135.4191,34.909753],[135.418702,34.908477],[135.419672,34.907486],[135.419969,34.906478],[135.424423,34.906401],[135.425683,34.906741],[135.427451,34.905593],[135.427364,34.90437],[135.429503,34.900594],[135.430293,34.89873],[135.431082,34.897242],[135.432313,34.896227],[135.432414,34.895762],[135.431603,34.894336],[135.430503,34.893516],[135.430742,34.892431],[135.432609,34.891739],[135.43334,34.891965],[135.433954,34.893236],[135.434656,34.893588],[135.43559,34.894984],[135.438022,34.896052],[135.439469,34.896016],[135.440872,34.897096],[135.442009,34.897585],[135.442841,34.898575],[135.443579,34.898939],[135.445157,34.898402],[135.445651,34.897654],[135.445818,34.89652],[135.445132,34.895441],[135.446203,34.895035],[135.447231,34.896127],[135.448773,34.895542],[135.450401,34.895304],[135.45106,34.89556],[135.452855,34.894844],[135.454643,34.896759],[135.455772,34.897094],[135.457176,34.896933],[135.457886,34.897171],[135.457763,34.898352],[135.458349,34.90049],[135.458206,34.901689],[135.458807,34.90188],[135.459661,34.901027],[135.461086,34.901093],[135.462107,34.90219],[135.462722,34.902328],[135.4639,34.903328],[135.464458,34.904527],[135.465768,34.906851],[135.465116,34.907782],[135.465189,34.908545],[135.465739,34.908963],[135.46571,34.909521],[135.467128,34.910006],[135.469676,34.910262],[135.470463,34.910048],[135.471773,34.910478],[135.472012,34.910866],[135.473445,34.91043],[135.473373,34.908832],[135.475175,34.908342],[135.474793,34.907192],[135.474865,34.906351],[135.475502,34.906005],[135.475987,34.905188],[135.475678,34.903603],[135.479036,34.900936],[135.480068,34.899893],[135.481226,34.899374],[135.482348,34.898532],[135.484368,34.898276],[135.485315,34.898564],[135.486929,34.898416],[135.486828,34.897544],[135.487132,34.896864],[135.487226,34.895785],[135.485967,34.895761],[135.485069,34.895391],[135.484098,34.894593],[135.482448,34.894211],[135.479951,34.892708],[135.479967,34.891935],[135.479569,34.891416],[135.477868,34.890271],[135.477702,34.889955],[135.477977,34.887944],[135.478259,34.887192],[135.478867,34.886608],[135.4792,34.885714],[135.47878,34.884795],[135.480521,34.884149],[135.48055,34.883427],[135.481209,34.881464],[135.481708,34.880742],[135.481071,34.879294],[135.481469,34.877964],[135.481354,34.876718],[135.481985,34.874789],[135.484069,34.874133],[135.484793,34.873399],[135.485879,34.873471],[135.48721,34.873847],[135.48796,34.87467],[135.488763,34.876364],[135.488981,34.877163],[135.490269,34.877342],[135.491604,34.878146],[135.492588,34.878397],[135.493799,34.879451],[135.494465,34.879505],[135.495539,34.878967],[135.497106,34.877485],[135.49818,34.877428],[135.498853,34.877792],[135.499526,34.877517],[135.499327,34.879211],[135.498531,34.88004],[135.497013,34.880505],[135.495901,34.881148],[135.495806,34.882461],[135.496478,34.883402],[135.498064,34.884016],[135.498528,34.884475],[135.498626,34.885304],[135.499802,34.886563],[135.500026,34.887577],[135.500627,34.887929],[135.50046,34.889886],[135.501047,34.892099],[135.50151,34.89328],[135.501503,34.894395],[135.500598,34.895958],[135.502849,34.895958],[135.50726,34.898016],[135.507724,34.898547],[135.508997,34.898827],[135.509663,34.898237],[135.511277,34.898094],[135.511842,34.898655],[135.511252,34.900044],[135.511382,34.900575],[135.512359,34.901768],[135.513734,34.903039],[135.515891,34.903021],[135.516709,34.903266],[135.517838,34.904202],[135.518302,34.904918],[135.516905,34.906791],[135.516286,34.907119],[135.516409,34.908121],[135.516854,34.908861],[135.516977,34.911372],[135.517781,34.911456],[135.518461,34.911903],[135.519927,34.912386],[135.520209,34.912828],[135.520133,34.913711],[135.519713,34.914397],[135.520354,34.915559],[135.521425,34.916579],[135.522565,34.917295],[135.522724,34.918268],[135.523122,34.918972],[135.524294,34.919186],[135.524907,34.920255],[135.524813,34.921974],[135.525059,34.923107],[135.525489,34.923553],[135.525558,34.925595],[135.525304,34.926651],[135.525796,34.927402],[135.525456,34.927861],[135.525377,34.928802]]]]}},
  {"type":"Feature","properties":{"name":"能勢町","code":"27322"},"geometry":{"type":"MultiPolygon","coordinates":[[[[135.484626,34.947409],[135.484048,34.947667],[135.483164,34.948676],[135.482108,34.949041],[135.481138,34.949739],[135.480859,34.950291],[135.483391,34.953228],[135.484433,34.953726],[135.484776,34.95456],[135.485803,34.955653],[135.485681,34.95624],[135.486459,34.956481],[135.486915,34.957338],[135.485339,34.957338],[135.484946,34.958765],[135.484283,34.959569],[135.484354,34.960468],[135.483192,34.960532],[135.481166,34.962399],[135.481936,34.96523],[135.483085,34.96476],[135.483826,34.964789],[135.485474,34.96646],[135.486715,34.966766],[135.487321,34.966419],[135.486665,34.965303],[135.485674,34.964329],[135.485809,34.963824],[135.487079,34.964381],[135.487528,34.96525],[135.488292,34.965996],[135.488456,34.966572],[135.489939,34.966894],[135.49051,34.967734],[135.488263,34.967294],[135.48745,34.969132],[135.487642,34.969848],[135.487443,34.971445],[135.486865,34.972086],[135.486722,34.9738],[135.487414,34.975444],[135.48588,34.976865],[135.485502,34.978151],[135.484383,34.978515],[135.484361,34.980406],[135.484218,34.980823],[135.483163,34.981868],[135.486679,34.985292],[135.488048,34.985961],[135.49073,34.986431],[135.493056,34.98767],[135.493598,34.988516],[135.492606,34.989338],[135.490573,34.989391],[135.489461,34.989972],[135.488911,34.990019],[135.488369,34.991041],[135.487449,34.992251],[135.486529,34.992609],[135.485017,34.992526],[135.482984,34.992773],[135.482584,34.994358],[135.481886,34.995146],[135.480794,34.994963],[135.479353,34.994993],[135.47854,34.994458],[135.476578,34.994176],[135.474781,34.994611],[135.472813,34.994564],[135.472213,34.99484],[135.471222,34.994805],[135.468583,34.996132],[135.467819,34.997118],[135.466371,34.997301],[135.46523,34.99807],[135.464446,34.998833],[135.463718,34.998886],[135.459873,35.001587],[135.457569,35.001558],[135.455158,35.00238],[135.454338,35.001928],[135.45274,35.002321],[135.45197,35.001751],[135.450394,35.002761],[135.449488,35.003932],[135.448469,35.004649],[135.446791,35.005451],[135.446053,35.005134],[135.444827,35.005252],[135.443951,35.005688],[135.442665,35.005741],[135.442022,35.006749],[135.440184,35.007693],[135.439161,35.007526],[135.437358,35.008204],[135.436188,35.008407],[135.434721,35.007981],[135.433487,35.00792],[135.431118,35.006739],[135.428447,35.005298],[135.427748,35.004407],[135.425603,35.003928],[135.42418,35.002861],[135.422818,35.002109],[135.420393,35.002209],[135.418653,35.002708],[135.418104,35.003222],[135.416641,35.005759],[135.414954,35.007022],[135.414096,35.008477],[135.413439,35.009077],[135.411994,35.009443],[135.411278,35.010433],[135.409767,35.011526],[135.408391,35.010919],[135.407532,35.009804],[135.404542,35.007516],[135.403247,35.006692],[135.402315,35.006976],[135.400201,35.008122],[135.399312,35.00842],[135.398881,35.009133],[135.397474,35.010642],[135.39674,35.010379],[135.395968,35.009446],[135.394156,35.00875],[135.39129,35.009666],[135.390237,35.010262],[135.389064,35.011408],[135.385516,35.011178],[135.384464,35.010432],[135.383035,35.010361],[135.382397,35.010134],[135.381551,35.010375],[135.381439,35.012515],[135.380628,35.014134],[135.380571,35.014893],[135.380071,35.015475],[135.37929,35.015589],[135.378699,35.016359],[135.378466,35.017455],[135.377887,35.018194],[135.37806,35.018978],[135.377693,35.020639],[135.378302,35.02115],[135.379976,35.022118],[135.38004,35.023023],[135.379307,35.023879],[135.37982,35.025114],[135.381689,35.026193],[135.382047,35.02764],[135.38206,35.029188],[135.381809,35.030195],[135.382073,35.030898],[135.381904,35.031909],[135.380804,35.033144],[135.380571,35.03411],[135.379902,35.035178],[135.380424,35.03615],[135.380554,35.036874],[135.380044,35.039106],[135.378232,35.040292],[135.377667,35.04142],[135.376441,35.042921],[135.376368,35.04372],[135.375975,35.044135],[135.37333,35.044934],[135.37101,35.045281],[135.370024,35.045012],[135.367627,35.043992],[135.364279,35.045793],[135.362858,35.046372],[135.361705,35.046479],[135.362039,35.04735],[135.361063,35.048818],[135.360207,35.049688],[135.359478,35.050112],[135.357564,35.049927],[135.355319,35.050493],[135.354601,35.050953],[135.352342,35.051263],[135.350028,35.051191],[135.349484,35.050869],[135.350032,35.048799],[135.349474,35.048197],[135.349086,35.047171],[135.349086,35.046199],[135.348023,35.045364],[135.346906,35.044863],[135.345579,35.04494],[135.345068,35.044725],[135.344176,35.044898],[135.343088,35.044576],[135.342733,35.043729],[135.341514,35.043079],[135.340662,35.043211],[135.339922,35.042888],[135.339248,35.043634],[135.338087,35.043604],[135.337895,35.04265],[135.33651,35.041988],[135.336582,35.041158],[135.335824,35.040645],[135.333743,35.039649],[135.332731,35.037305],[135.331074,35.035707],[135.330204,35.035224],[135.330896,35.034514],[135.332572,35.035152],[135.33358,35.035158],[135.334149,35.034394],[135.33531,35.033404],[135.336282,35.032909],[135.336902,35.031657],[135.338019,35.030476],[135.338204,35.029414],[135.339454,35.027022],[135.339803,35.025877],[135.341304,35.025973],[135.342987,35.025418],[135.344125,35.025376],[135.345446,35.025806],[135.346559,35.026671],[135.349213,35.026891],[135.349601,35.026062],[135.350392,35.02605],[135.352589,35.025615],[135.354719,35.024611],[135.354444,35.024039],[135.354737,35.022572],[135.354621,35.021474],[135.355009,35.020209],[135.355379,35.019667],[135.354781,35.018677],[135.355259,35.018056],[135.355764,35.016518],[135.3551,35.014919],[135.355303,35.014144],[135.353708,35.013201],[135.35337,35.01199],[135.354263,35.011179],[135.354375,35.009479],[135.354092,35.008823],[135.354241,35.007738],[135.35469,35.006598],[135.354136,35.006043],[135.352199,35.005835],[135.352184,35.005119],[135.35151,35.004278],[135.351786,35.003598],[135.352399,35.003221],[135.35295,35.001751],[135.353552,35.000803],[135.352729,34.999437],[135.353689,34.998172],[135.353609,34.997522],[135.353001,34.995864],[135.352827,34.993568],[135.353871,34.992065],[135.352896,34.991098],[135.352563,34.990389],[135.353327,34.988599],[135.355171,34.986858],[135.355736,34.985719],[135.358116,34.984466],[135.359247,34.983225],[135.359533,34.982516],[135.3582,34.981233],[135.35683,34.981203],[135.355436,34.980822],[135.35411,34.980118],[135.352244,34.979527],[135.351324,34.979736],[135.350549,34.980249],[135.349296,34.978519],[135.349314,34.976986],[135.348524,34.975775],[135.348941,34.974493],[135.348749,34.97197],[135.347463,34.970252],[135.346688,34.969691],[135.346648,34.968749],[135.345655,34.968206],[135.345069,34.966846],[135.346354,34.964651],[135.34717,34.964418],[135.348401,34.965099],[135.349176,34.964926],[135.349662,34.964251],[135.350948,34.963291],[135.352571,34.963291],[135.354248,34.962617],[135.355969,34.960655],[135.357806,34.957851],[135.358164,34.955925],[135.359523,34.95481],[135.360725,34.954422],[135.362718,34.955257],[135.363924,34.956235],[135.366423,34.955806],[135.367398,34.95617],[135.36855,34.956062],[135.369303,34.955746],[135.369916,34.954595],[135.371299,34.954452],[135.372013,34.953829],[135.373151,34.953548],[135.373608,34.954227],[135.375327,34.955133],[135.375932,34.956336],[135.377438,34.955377],[135.377959,34.955212],[135.379659,34.955472],[135.380354,34.955869],[135.381191,34.955859],[135.381886,34.95623],[135.3828,34.955822],[135.383218,34.954603],[135.384744,34.954174],[135.385478,34.954259],[135.386302,34.951577],[135.387537,34.950984],[135.387898,34.950009],[135.387666,34.948922],[135.387859,34.947624],[135.387171,34.946607],[135.387351,34.945908],[135.388097,34.945383],[135.388496,34.943994],[135.388953,34.943597],[135.390511,34.943449],[135.391399,34.942834],[135.392352,34.941366],[135.392758,34.941488],[135.394637,34.942733],[135.394528,34.943645],[135.395957,34.944439],[135.396903,34.944058],[135.397862,34.944148],[135.401338,34.943655],[135.403822,34.943438],[135.405393,34.944011],[135.407291,34.943666],[135.408038,34.943269],[135.408399,34.942558],[135.41069,34.942675],[135.411347,34.943523],[135.410748,34.944297],[135.409531,34.944699],[135.4091,34.945494],[135.411836,34.944016],[135.412171,34.942754],[135.411301,34.941891],[135.409461,34.941658],[135.409725,34.940789],[135.410413,34.939925],[135.412531,34.940142],[135.413098,34.940513],[135.415756,34.940794],[135.417455,34.941774],[135.417391,34.940587],[135.417841,34.939528],[135.416959,34.938876],[135.416934,34.938017],[135.417796,34.936597],[135.418028,34.935013],[135.418485,34.933894],[135.421491,34.933873],[135.42245,34.93434],[135.423371,34.934456],[135.424696,34.935559],[135.425346,34.936427],[135.427046,34.937063],[135.427548,34.937037],[135.428584,34.936454],[135.431171,34.937026],[135.432324,34.937021],[135.432884,34.938012],[135.434982,34.938298],[135.436334,34.937667],[135.438548,34.936942],[135.439971,34.938229],[135.441593,34.939379],[135.442468,34.938918],[135.445577,34.936019],[135.447405,34.934568],[135.447971,34.934292],[135.449214,34.934419],[135.449561,34.933449],[135.45025,34.932591],[135.451859,34.931727],[135.452213,34.931076],[135.451949,34.93045],[135.452819,34.929719],[135.455998,34.929189],[135.457118,34.929142],[135.458084,34.928606],[135.459036,34.927737],[135.460439,34.92699],[135.461012,34.926275],[135.461939,34.926842],[135.462801,34.926889],[135.463606,34.927663],[135.464906,34.927923],[135.467094,34.928766],[135.467507,34.929418],[135.469875,34.929126],[135.471781,34.929227],[135.473879,34.930085],[135.474819,34.930271],[135.475179,34.930663],[135.474774,34.932512],[135.476911,34.935395],[135.477155,34.937398],[135.476833,34.937859],[135.476891,34.938866],[135.478089,34.940138],[135.478681,34.941945],[135.478391,34.943089],[135.479041,34.943619],[135.479034,34.944271],[135.479833,34.944934],[135.482652,34.945056],[135.483321,34.945601],[135.484851,34.946281],[135.484626,34.947409]]]]}},
  {"type":"Feature","properties":{"name":"忠岡町","code":"27341"},"geometry":{"type":"MultiPolygon","coordinates":[[[[135.415081,34.473541],[135.416088,34.475987],[135.41739,34.476636],[135.4185,34.477476],[135.418681,34.477941],[135.417798,34.478578],[135.417741,34.479657],[135.41678,34.480153],[135.415518,34.480483],[135.415812,34.480853],[135.415305,34.48154],[135.414045,34.482286],[135.411326,34.482162],[135.409247,34.484065],[135.406316,34.487316],[135.405485,34.488644],[135.405427,34.489619],[135.405693,34.490741],[135.405576,34.492047],[135.405193,34.493072],[135.404569,34.494029],[135.40351,34.494872],[135.402404,34.495182],[135.396918,34.495963],[135.395188,34.496542],[135.391907,34.497923],[135.389746,34.498928],[135.387398,34.500288],[135.385735,34.501389],[135.384836,34.502638],[135.37783,34.507845],[135.375837,34.506001],[135.373746,34.507274],[135.371224,34.503588],[135.370865,34.502729],[135.370873,34.5004],[135.381911,34.49489],[135.383519,34.494606],[135.387396,34.492987],[135.39129,34.490865],[135.393344,34.489625],[135.393908,34.488956],[135.394725,34.488844],[135.397308,34.487066],[135.399589,34.485155],[135.399718,34.484773],[135.401329,34.483845],[135.405917,34.48036],[135.408478,34.478587],[135.410733,34.476449],[135.413283,34.474632],[135.413538,34.473859],[135.414635,34.473977],[135.415081,34.473541]]]]}},
  {"type":"Feature","properties":{"name":"熊取町","code":"27361"},"geometry":{"type":"MultiPolygon","coordinates":[[[[135.357174,34.418274],[135.357081,34.417851],[135.355856,34.416254],[135.354908,34.416141],[135.354739,34.414861],[135.354936,34.413972],[135.354556,34.412776],[135.354044,34.412282],[135.353768,34.411137],[135.35342,34.408393],[135.353879,34.406738],[135.3532,34.406633],[135.350798,34.407704],[135.350029,34.40836],[135.348742,34.408998],[135.347691,34.410419],[135.34667,34.410189],[135.345275,34.407712],[135.343658,34.408699],[135.342582,34.407479],[135.342312,34.40689],[135.340449,34.407833],[135.340255,34.406981],[135.339007,34.407034],[135.33789,34.406702],[135.338952,34.40541],[135.338645,34.404574],[135.338084,34.404328],[135.338129,34.403571],[135.336618,34.401749],[135.335979,34.401155],[135.336303,34.400645],[135.335458,34.399028],[135.336401,34.398397],[135.336161,34.397886],[135.33691,34.395505],[135.339008,34.395104],[135.339011,34.392653],[135.339492,34.391782],[135.340431,34.391666],[135.341011,34.391191],[135.341011,34.390641],[135.34225,34.390482],[135.343258,34.389748],[135.342611,34.388142],[135.342632,34.387248],[135.342962,34.386738],[135.345023,34.385177],[135.347026,34.383236],[135.347424,34.383159],[135.348325,34.381742],[135.348315,34.380881],[135.349708,34.380098],[135.350952,34.380325],[135.35196,34.379979],[135.352958,34.379291],[135.353835,34.379451],[135.354794,34.379037],[135.355176,34.378525],[135.355023,34.37614],[135.355614,34.374678],[135.355349,34.37321],[135.355601,34.37271],[135.357313,34.371789],[135.360132,34.369847],[135.360534,34.369273],[135.362426,34.368781],[135.363128,34.368097],[135.365219,34.367438],[135.366054,34.36802],[135.366503,34.367915],[135.367213,34.367009],[135.367819,34.36684],[135.368798,34.366041],[135.370301,34.36447],[135.371462,34.364385],[135.372208,34.365631],[135.375149,34.364208],[135.376402,34.364368],[135.37788,34.364041],[135.379354,34.364065],[135.380272,34.363451],[135.381229,34.363232],[135.381606,34.362049],[135.380762,34.359985],[135.379827,34.358312],[135.380631,34.356652],[135.381355,34.356076],[135.382828,34.355695],[135.383248,34.355389],[135.384892,34.354921],[135.386346,34.354848],[135.388314,34.355428],[135.388261,34.355965],[135.387476,34.356537],[135.387309,34.358234],[135.387718,34.359072],[135.387495,34.360352],[135.38761,34.361598],[135.385954,34.364254],[135.384644,34.365571],[135.38353,34.366145],[135.382648,34.366256],[135.382021,34.367053],[135.38284,34.368335],[135.383414,34.36871],[135.384512,34.368461],[135.385993,34.368634],[135.386811,34.369114],[135.387096,34.370073],[135.386719,34.371889],[135.385942,34.373841],[135.385303,34.374506],[135.385233,34.375599],[135.386203,34.377035],[135.386418,34.378329],[135.385733,34.379722],[135.385907,34.380608],[135.387023,34.383841],[135.387144,34.384631],[135.387974,34.385566],[135.386768,34.385585],[135.385996,34.384979],[135.384574,34.384944],[135.383604,34.385434],[135.383293,34.38625],[135.383299,34.387379],[135.38375,34.388219],[135.383808,34.389069],[135.381874,34.389908],[135.38127,34.390029],[135.379391,34.391113],[135.379435,34.391629],[135.380059,34.392047],[135.379538,34.392579],[135.379671,34.393039],[135.379436,34.394376],[135.379531,34.395271],[135.378914,34.396459],[135.378711,34.397446],[135.378649,34.400049],[135.376701,34.400962],[135.376236,34.401849],[135.37689,34.402956],[135.376744,34.403384],[135.375289,34.404729],[135.373195,34.40609],[135.372432,34.406289],[135.371345,34.406923],[135.371411,34.407751],[135.371,34.408504],[135.370384,34.409022],[135.369267,34.409488],[135.368791,34.410008],[135.367513,34.410734],[135.366658,34.411619],[135.367115,34.412229],[135.368714,34.412826],[135.369118,34.413557],[135.36886,34.414275],[135.367439,34.413798],[135.367465,34.412869],[135.366936,34.412633],[135.365975,34.412975],[135.36579,34.413655],[135.364918,34.414162],[135.365758,34.415012],[135.365307,34.415572],[135.36434,34.414661],[135.363097,34.414562],[135.362363,34.415561],[135.362721,34.416252],[135.363204,34.41629],[135.364091,34.415796],[135.364852,34.41589],[135.366096,34.416488],[135.366625,34.416504],[135.367657,34.415134],[135.368675,34.415392],[135.367803,34.416312],[135.367504,34.417137],[135.366565,34.417614],[135.365374,34.41689],[135.363979,34.416714],[135.361861,34.417078],[135.362224,34.417642],[135.360787,34.417769],[135.360509,34.418306],[135.36074,34.419254],[135.359654,34.419293],[135.359066,34.418843],[135.357174,34.418274]],[[135.376122,34.399334],[135.37664,34.399256],[135.377606,34.399652],[135.377854,34.398818],[135.377448,34.397969],[135.3767,34.397867],[135.37547,34.398891],[135.374981,34.399531],[135.374316,34.402393],[135.372208,34.404312],[135.37159,34.405386],[135.3719,34.406203],[135.373122,34.404681],[135.374821,34.402835],[135.375184,34.400774],[135.375677,34.400318],[135.376122,34.399334]],[[135.36544,34.408798],[135.36505,34.408362],[135.364865,34.408485],[135.36544,34.408798]]]]}},
  {"type":"Feature","properties":{"name":"田尻町","code":"27362"},"geometry":{"type":"MultiPolygon","coordinates":[[[[135.229325,34.446049],[135.218049,34.438496],[135.228891,34.430926],[135.229425,34.43088],[135.230462,34.429829],[135.24034,34.422895],[135.250792,34.429894],[135.252,34.429855],[135.243021,34.436314],[135.241604,34.4373],[135.233058,34.431595],[135.232032,34.43264],[135.232116,34.433275],[135.23992,34.438503],[135.229325,34.446049]]],[[[135.288818,34.403624],[135.288246,34.40281],[135.286342,34.401037],[135.286096,34.400082],[135.288375,34.398135],[135.287899,34.397706],[135.288351,34.397257],[135.286951,34.396253],[135.282833,34.398601],[135.282388,34.39774],[135.281507,34.396689],[135.280335,34.395632],[135.279801,34.395393],[135.282571,34.393435],[135.284121,34.390656],[135.281319,34.389596],[135.282178,34.387971],[135.283016,34.387044],[135.284451,34.38515],[135.285248,34.383819],[135.287546,34.385234],[135.289607,34.383412],[135.289351,34.384216],[135.291737,34.385405],[135.292854,34.385051],[135.293534,34.385129],[135.295113,34.385938],[135.296791,34.384479],[135.298724,34.385473],[135.2968,34.388102],[135.297727,34.388556],[135.297204,34.389246],[135.298725,34.38916],[135.300381,34.390014],[135.299692,34.391079],[135.297784,34.391486],[135.297158,34.392512],[135.298393,34.392834],[135.298575,34.393208],[135.298249,34.394473],[135.297456,34.395401],[135.295293,34.397451],[135.295095,34.397813],[135.296663,34.39914],[135.295579,34.399678],[135.294605,34.39916],[135.294225,34.399659],[135.292591,34.400943],[135.288818,34.403624]]]]}},
  {"type":"Feature","properties":{"name":"岬町","code":"27366"},"geometry":{"type":"MultiPolygon","coordinates":[[[[135.193124,34.338132],[135.191578,34.33775],[135.190895,34.337316],[135.187017,34.336656],[135.184941,34.336475],[135.183005,34.336442],[135.182639,34.336261],[135.177938,34.336796],[135.176682,34.337858],[135.17564,34.337757],[135.173724,34.336916],[135.172842,34.336173],[135.170941,34.335051],[135.170309,34.335086],[135.169457,34.336497],[135.168705,34.336501],[135.168746,34.335422],[135.166304,34.333044],[135.165118,34.332185],[135.163818,34.331513],[135.162509,34.331228],[135.16017,34.331004],[135.158685,34.331447],[135.157918,34.331502],[135.157377,34.331971],[135.154927,34.33132],[135.153423,34.331357],[135.152907,34.331121],[135.152764,34.330077],[135.151734,34.329146],[135.151332,34.328372],[135.150483,34.327675],[135.14918,34.326079],[135.147372,34.325962],[135.14644,34.325388],[135.148136,34.323328],[135.146078,34.322179],[135.14334,34.321076],[135.143861,34.320012],[135.143324,34.319111],[135.142565,34.319686],[135.142149,34.318964],[135.14132,34.318218],[135.139999,34.317735],[135.139368,34.318739],[135.135441,34.318979],[135.133123,34.319526],[135.131114,34.320279],[135.130139,34.32048],[135.130155,34.321233],[135.130673,34.321783],[135.133098,34.323224],[135.130557,34.326174],[135.127715,34.324482],[135.127308,34.324383],[135.126389,34.324906],[135.125103,34.325337],[135.124326,34.325244],[135.123484,34.324649],[135.121047,34.32372],[135.12108,34.323146],[135.121763,34.321612],[135.122838,34.320602],[135.122318,34.319887],[135.121137,34.321427],[135.121411,34.321609],[135.120402,34.32294],[135.119663,34.322566],[135.118963,34.321298],[135.118377,34.32118],[135.117686,34.32209],[135.116187,34.322822],[135.113738,34.322111],[135.112383,34.321911],[135.110129,34.32187],[135.108248,34.32148],[135.105973,34.320545],[135.103032,34.320122],[135.102063,34.31978],[135.101462,34.319287],[135.101311,34.318641],[135.100454,34.317189],[135.099539,34.31642],[135.099238,34.315237],[135.098299,34.314628],[135.096852,34.314268],[135.095892,34.314321],[135.095248,34.31495],[135.094027,34.315325],[135.093358,34.315039],[135.091997,34.31504],[135.092239,34.314442],[135.093183,34.314444],[135.094599,34.313899],[135.093974,34.31246],[135.093294,34.311805],[135.094563,34.31074],[135.095738,34.309265],[135.097083,34.307945],[135.097857,34.30806],[135.098166,34.308778],[135.098835,34.308868],[135.099731,34.309433],[135.100597,34.309356],[135.101694,34.309933],[135.102731,34.310934],[135.103628,34.310973],[135.103505,34.309741],[135.104695,34.309754],[135.104712,34.309061],[135.105918,34.308856],[135.106227,34.308073],[135.106413,34.305801],[135.105594,34.304835],[135.104635,34.304256],[135.104341,34.303202],[135.103135,34.301854],[135.102456,34.301778],[135.101188,34.300684],[135.100305,34.300441],[135.099918,34.299285],[135.098418,34.298823],[135.097552,34.297476],[135.096934,34.297104],[135.096934,34.295973],[135.097815,34.295768],[135.099145,34.29456],[135.099285,34.293725],[135.099779,34.292684],[135.09964,34.291901],[135.099038,34.291132],[135.098697,34.289036],[135.099763,34.288446],[135.100321,34.287481],[135.101263,34.286865],[135.101294,34.286056],[135.101743,34.285697],[135.103058,34.286285],[135.103924,34.285336],[135.10496,34.285207],[135.105456,34.284617],[135.106631,34.284282],[135.108485,34.284153],[135.109073,34.282666],[135.108161,34.280467],[135.107357,34.279426],[135.107357,34.278464],[135.108455,34.277628],[135.108502,34.276251],[135.109352,34.274608],[135.110296,34.273786],[135.110173,34.273052],[135.110637,34.272372],[135.111626,34.271821],[135.111953,34.273463],[135.113282,34.273861],[135.114132,34.274386],[135.115544,34.27408],[135.117013,34.273067],[135.118033,34.273169],[135.118543,34.27358],[135.120431,34.273721],[135.120987,34.273914],[135.121466,34.274888],[135.122681,34.274847],[135.123475,34.276272],[135.124836,34.27679],[135.125462,34.277393],[135.125972,34.277393],[135.126454,34.276699],[135.128191,34.276382],[135.129066,34.275484],[135.128952,34.274908],[135.130318,34.273041],[135.131202,34.272491],[135.132088,34.272352],[135.133953,34.272756],[135.135884,34.273491],[135.136616,34.273506],[135.137926,34.274595],[135.137503,34.275265],[135.137734,34.276249],[135.138322,34.276811],[135.13864,34.277856],[135.138534,34.278463],[135.139404,34.279383],[135.139546,34.280237],[135.139054,34.280633],[135.139644,34.281893],[135.141031,34.282006],[135.141645,34.281364],[135.142939,34.280423],[135.14354,34.280489],[135.143994,34.281164],[135.145094,34.281895],[135.146482,34.283648],[135.147962,34.283857],[135.148898,34.282973],[135.150903,34.282261],[135.152036,34.282112],[135.153246,34.282398],[135.153889,34.281308],[135.154824,34.280881],[135.154246,34.280033],[135.153521,34.279484],[135.153353,34.278674],[135.153805,34.277598],[135.154005,34.27657],[135.153227,34.275233],[135.152629,34.275146],[135.152355,34.27449],[135.153789,34.274278],[135.155809,34.275681],[135.156273,34.276384],[135.157407,34.277084],[135.158492,34.277004],[135.160376,34.277935],[135.160871,34.277494],[135.162582,34.278158],[135.163283,34.278606],[135.165495,34.278751],[135.166439,34.279775],[135.166853,34.279928],[135.169497,34.280233],[135.170157,34.279908],[135.171524,34.280594],[135.175012,34.279831],[135.176932,34.279717],[135.178625,34.278885],[135.179442,34.279038],[135.180062,34.27982],[135.180662,34.279888],[135.182455,34.279306],[135.183191,34.27882],[135.18454,34.278905],[135.184816,34.28094],[135.185839,34.281465],[135.187809,34.283224],[135.189579,34.282776],[135.190662,34.28438],[135.190757,34.284924],[135.191611,34.286465],[135.192399,34.286803],[135.193646,34.28702],[135.194512,34.286911],[135.195798,34.286027],[135.196369,34.286019],[135.197418,34.286699],[135.198506,34.287997],[135.199049,34.288016],[135.199808,34.287471],[135.201566,34.288251],[135.202653,34.287622],[135.203378,34.288063],[135.20465,34.288073],[135.205238,34.288627],[135.204358,34.290549],[135.204719,34.291484],[135.204663,34.292552],[135.204911,34.296145],[135.204314,34.297942],[135.205349,34.300534],[135.206579,34.301041],[135.208466,34.302822],[135.208624,34.303451],[135.208309,34.304522],[135.208225,34.306021],[135.208457,34.30719],[135.208043,34.308203],[135.207563,34.309245],[135.20536,34.308696],[135.203716,34.308659],[135.203108,34.308963],[135.202947,34.310144],[135.202479,34.311037],[135.202255,34.31213],[135.201798,34.312379],[135.199712,34.311989],[135.198956,34.312422],[135.196351,34.311562],[135.195173,34.310883],[135.194048,34.311092],[135.191625,34.312454],[135.191175,34.313993],[135.191048,34.315707],[135.190769,34.316379],[135.190759,34.318091],[135.190526,34.318546],[135.189554,34.318427],[135.188536,34.319206],[135.188706,34.319885],[135.18969,34.320417],[135.190464,34.320461],[135.192446,34.321314],[135.193517,34.321127],[135.194228,34.322384],[135.193535,34.322862],[135.193885,34.32508],[135.193039,34.326409],[135.193273,34.327222],[135.192913,34.327956],[135.192793,34.328924],[135.192315,34.32962],[135.191557,34.329052],[135.189467,34.329048],[135.189425,34.330195],[135.188796,34.330229],[135.188132,34.331889],[135.189414,34.332376],[135.190188,34.333153],[135.19114,34.334719],[135.191967,34.335447],[135.193916,34.336121],[135.193124,34.338132]]]]}},
  {"type":"Feature","properties":{"name":"太子町","code":"27381"},"geometry":{"type":"MultiPolygon","coordinates":[[[[135.620398,34.514817],[135.620778,34.51473],[135.623904,34.51488],[135.625821,34.514761],[135.629426,34.514695],[135.630536,34.514182],[135.632053,34.512226],[135.632753,34.511946],[135.634854,34.510168],[135.635315,34.509941],[135.636393,34.508814],[135.636415,34.507859],[135.635802,34.507061],[135.636602,34.506929],[135.637748,34.507997],[135.638209,34.507711],[135.638274,34.506911],[135.639522,34.506082],[135.639572,34.504758],[135.640069,34.503277],[135.640292,34.501931],[135.641336,34.502128],[135.640817,34.502981],[135.641801,34.503898],[135.642776,34.503035],[135.643325,34.503345],[135.644137,34.503064],[135.644555,34.501752],[135.645808,34.502056],[135.64629,34.50165],[135.646413,34.500809],[135.647198,34.500732],[135.647464,34.501215],[135.649315,34.500326],[135.649461,34.49914],[135.649001,34.497869],[135.650614,34.497935],[135.652378,34.498418],[135.653235,34.498275],[135.653941,34.497816],[135.654884,34.497666],[135.655446,34.497273],[135.656028,34.49764],[135.659693,34.498433],[135.659809,34.499161],[135.660428,34.499632],[135.660704,34.500662],[135.661475,34.50136],[135.662058,34.502296],[135.663592,34.503132],[135.66427,34.503786],[135.665986,34.503995],[135.667586,34.504579],[135.668624,34.505313],[135.671183,34.50585],[135.671998,34.505361],[135.673425,34.505414],[135.675317,34.505735],[135.676834,34.506659],[135.676712,34.507769],[135.676128,34.508073],[135.675991,34.508777],[135.677504,34.509642],[135.677266,34.510954],[135.677274,34.511956],[135.676827,34.515254],[135.677194,34.516406],[135.677108,34.517533],[135.677353,34.518189],[135.677137,34.519018],[135.676596,34.519913],[135.675803,34.522317],[135.67594,34.522913],[135.677173,34.524881],[135.676928,34.525531],[135.675075,34.527166],[135.673046,34.528633],[135.672555,34.529474],[135.671276,34.52985],[135.669729,34.530703],[135.669146,34.530619],[135.667949,34.531049],[135.667026,34.530458],[135.666731,34.529766],[135.666096,34.529427],[135.664734,34.530094],[135.664107,34.530196],[135.662835,34.529629],[135.662193,34.530154],[135.662157,34.530882],[135.661465,34.531884],[135.66153,34.532552],[135.661245,34.533996],[135.661872,34.534992],[135.661728,34.536363],[135.661043,34.537741],[135.659702,34.538576],[135.659547,34.539268],[135.659951,34.539906],[135.660143,34.541071],[135.657891,34.540051],[135.656788,34.539329],[135.656216,34.538548],[135.655509,34.536729],[135.653001,34.534623],[135.651487,34.533651],[135.650009,34.533084],[135.64864,34.534152],[135.647104,34.534641],[135.645641,34.533269],[135.645172,34.532124],[135.644322,34.531498],[135.643024,34.530234],[135.642044,34.530305],[135.640854,34.53086],[135.63955,34.531015],[135.638256,34.529679],[135.636486,34.528557],[135.634817,34.527174],[135.632806,34.52734],[135.632474,34.527651],[135.631602,34.527472],[135.630402,34.526267],[135.630359,34.525658],[135.62904,34.525933],[135.628434,34.525521],[135.627137,34.525451],[135.627317,34.522093],[135.626856,34.522105],[135.62682,34.523149],[135.62589,34.523924],[135.624816,34.523351],[135.624398,34.522761],[135.621678,34.52275],[135.621339,34.522249],[135.621837,34.521405],[135.621325,34.520582],[135.621469,34.518581],[135.621959,34.516845],[135.620398,34.514817]]]]}},
  {"type":"Feature","properties":{"name":"河南町","code":"27382"},"geometry":{"type":"MultiPolygon","coordinates":[[[[135.616848,34.47432],[135.617161,34.474439],[135.619177,34.474359],[135.620032,34.475493],[135.620863,34.476155],[135.623308,34.476208],[135.623401,34.476345],[135.625778,34.476619],[135.626008,34.476268],[135.627067,34.476262],[135.627348,34.4701],[135.62778,34.470076],[135.627953,34.467493],[135.632972,34.467523],[135.633304,34.468448],[135.634089,34.468346],[135.63442,34.467816],[135.635536,34.467488],[135.636768,34.466336],[135.63707,34.465668],[135.637097,34.464232],[135.637788,34.46388],[135.640049,34.463516],[135.640676,34.463158],[135.64185,34.461434],[135.641613,34.460701],[135.642824,34.459458],[135.644495,34.458933],[135.644985,34.458957],[135.645712,34.458223],[135.646749,34.458013],[135.645884,34.456343],[135.646749,34.456253],[135.647141,34.454747],[135.648409,34.455571],[135.650353,34.455845],[135.651138,34.456167],[135.652651,34.456269],[135.654479,34.455931],[135.654991,34.455167],[135.656201,34.454219],[135.657072,34.453283],[135.657634,34.45302],[135.658783,34.451984],[135.659834,34.451334],[135.660893,34.45097],[135.661422,34.449661],[135.663705,34.448629],[135.664216,34.448134],[135.665098,34.446596],[135.665775,34.446345],[135.668331,34.446643],[135.668072,34.447431],[135.666776,34.447341],[135.666063,34.448582],[135.665508,34.448749],[135.663768,34.449838],[135.662544,34.450924],[135.661661,34.452754],[135.660178,34.453172],[135.659465,34.454198],[135.659443,34.455384],[135.659977,34.457379],[135.659077,34.456824],[135.657932,34.45692],[135.655059,34.458125],[135.655231,34.458793],[135.654634,34.459002],[135.653921,34.459819],[135.654187,34.460219],[135.655851,34.461221],[135.656283,34.461299],[135.658465,34.461007],[135.659178,34.461669],[135.658386,34.462724],[135.657082,34.46356],[135.657923,34.463764],[135.657872,34.464838],[135.657584,34.466019],[135.65793,34.466711],[135.66161,34.467295],[135.662896,34.467603],[135.663515,34.467293],[135.664099,34.466547],[135.664704,34.466398],[135.667023,34.466553],[135.665957,34.467841],[135.666612,34.46904],[135.668808,34.468772],[135.669918,34.468313],[135.670957,34.468512],[135.671871,34.469025],[135.672815,34.468822],[135.67365,34.469144],[135.675213,34.469406],[135.676401,34.468768],[135.677733,34.468697],[135.678461,34.468244],[135.678969,34.467554],[135.680049,34.467107],[135.680503,34.46626],[135.681583,34.465371],[135.682168,34.465245],[135.682199,34.467696],[135.682638,34.468516],[135.682494,34.469186],[135.683236,34.469938],[135.683193,34.470534],[135.682617,34.471413],[135.683092,34.473038],[135.68289,34.474505],[135.683351,34.476122],[135.682069,34.477327],[135.681579,34.478446],[135.68155,34.479275],[135.681212,34.480235],[135.681637,34.481225],[135.682083,34.481535],[135.683063,34.481552],[135.684071,34.482489],[135.684806,34.483598],[135.684273,34.484505],[135.684719,34.485297],[135.683797,34.485697],[135.682465,34.487928],[135.681896,34.48847],[135.681082,34.488482],[135.680367,34.489231],[135.680238,34.490072],[135.679438,34.491384],[135.678976,34.493056],[135.679747,34.494338],[135.680035,34.495299],[135.679007,34.496291],[135.678618,34.496911],[135.678042,34.498551],[135.678301,34.4995],[135.677661,34.49984],[135.677002,34.500629],[135.67585,34.501339],[135.674698,34.501392],[135.673546,34.502078],[135.673013,34.502901],[135.674513,34.504512],[135.675317,34.505735],[135.673425,34.505414],[135.671998,34.505361],[135.671183,34.50585],[135.668624,34.505313],[135.667586,34.504579],[135.665986,34.503995],[135.66427,34.503786],[135.663592,34.503132],[135.662058,34.502296],[135.661475,34.50136],[135.660704,34.500662],[135.660428,34.499632],[135.659809,34.499161],[135.659693,34.498433],[135.656028,34.49764],[135.655446,34.497273],[135.654884,34.497666],[135.653941,34.497816],[135.653235,34.498275],[135.652378,34.498418],[135.650614,34.497935],[135.649001,34.497869],[135.649461,34.49914],[135.649315,34.500326],[135.647464,34.501215],[135.647198,34.500732],[135.646413,34.500809],[135.64629,34.50165],[135.645808,34.502056],[135.644555,34.501752],[135.644137,34.503064],[135.643325,34.503345],[135.642776,34.503035],[135.641801,34.503898],[135.640817,34.502981],[135.641336,34.502128],[135.640292,34.501931],[135.640069,34.503277],[135.639572,34.504758],[135.639522,34.506082],[135.638274,34.506911],[135.638209,34.507711],[135.637748,34.507997],[135.636602,34.506929],[135.635802,34.507061],[135.636415,34.507859],[135.636393,34.508814],[135.635315,34.509941],[135.634854,34.510168],[135.632753,34.511946],[135.632053,34.512226],[135.630536,34.514182],[135.629426,34.514695],[135.625821,34.514761],[135.623904,34.51488],[135.620778,34.51473],[135.620398,34.514817],[135.618946,34.514],[135.618297,34.513451],[135.617959,34.512753],[135.617923,34.511814],[135.617468,34.510203],[135.617735,34.507939],[135.617663,34.50706],[135.618521,34.505771],[135.619653,34.505169],[135.61979,34.50456],[135.620977,34.50301],[135.621589,34.501828],[135.621933,34.500129],[135.622677,34.499743],[135.624103,34.499671],[135.624571,34.498914],[135.625521,34.498079],[135.627703,34.497942],[135.627804,34.494391],[135.627833,34.490174],[135.626875,34.49015],[135.62707,34.48624],[135.625615,34.486257],[135.625454,34.488194],[135.624726,34.488146],[135.62289,34.488629],[135.623322,34.489412],[135.623295,34.490036],[135.622474,34.491318],[135.621551,34.491521],[135.621248,34.493311],[135.62132,34.493866],[135.619254,34.493818],[135.618463,34.493038],[135.618614,34.492391],[135.618062,34.491704],[135.618422,34.491436],[135.618278,34.490387],[135.617343,34.489838],[135.616349,34.489921],[135.615386,34.490446],[135.613038,34.490417],[135.612873,34.487607],[135.614046,34.48611],[135.613866,34.485016],[135.612585,34.484587],[135.612932,34.483372],[135.612615,34.482819],[135.612759,34.482226],[135.613594,34.481432],[135.615448,34.480892],[135.615858,34.479521],[135.617363,34.477761],[135.617335,34.476918],[135.616953,34.475983],[135.616848,34.47432]]]]}},
  {"type":"Feature","properties":{"name":"千早赤阪村","code":"27383"},"geometry":{"type":"MultiPolygon","coordinates":[[[[135.602527,34.439199],[135.602131,34.438141],[135.602419,34.437329],[135.603284,34.437378],[135.604588,34.435806],[135.604753,34.43475],[135.605413,34.434554],[135.605895,34.433958],[135.607269,34.433014],[135.60786,34.432001],[135.609316,34.431245],[135.610484,34.430354],[135.611937,34.430242],[135.61335,34.430518],[135.614102,34.431101],[135.615629,34.43054],[135.616562,34.429316],[135.618826,34.428152],[135.620759,34.426018],[135.622854,34.425194],[135.623221,34.424419],[135.62487,34.422519],[135.625914,34.421654],[135.626058,34.421076],[135.626865,34.421153],[135.629398,34.419786],[135.63087,34.419451],[135.631668,34.419613],[135.633226,34.419125],[135.633827,34.419461],[135.635066,34.419634],[135.635568,34.420043],[135.636634,34.42018],[135.637367,34.419795],[135.637674,34.419164],[135.638324,34.418981],[135.639614,34.418074],[135.639872,34.417484],[135.64116,34.415918],[135.641357,34.415471],[135.641237,34.413939],[135.641912,34.41342],[135.642636,34.4122],[135.643568,34.411621],[135.644538,34.411427],[135.645659,34.409904],[135.646273,34.408762],[135.646739,34.407491],[135.649847,34.40367],[135.650461,34.402363],[135.651026,34.402089],[135.651541,34.400859],[135.653835,34.400208],[135.654712,34.400358],[135.655043,34.399789],[135.655914,34.399464],[135.656405,34.398894],[135.656737,34.397811],[135.656479,34.397211],[135.655534,34.396123],[135.655645,34.395869],[135.657389,34.395919],[135.657978,34.395665],[135.659327,34.395543],[135.660971,34.396082],[135.661646,34.396021],[135.663382,34.396541],[135.663615,34.397121],[135.664339,34.397396],[135.665913,34.397061],[135.667274,34.397783],[135.669205,34.397766],[135.669769,34.398224],[135.671072,34.398539],[135.671416,34.398387],[135.675553,34.399458],[135.67635,34.400516],[135.676608,34.402268],[135.676166,34.403113],[135.676056,34.403905],[135.676351,34.404645],[135.676044,34.40558],[135.676732,34.406285],[135.678179,34.407322],[135.67964,34.407749],[135.680179,34.408904],[135.679099,34.410022],[135.678495,34.411052],[135.677673,34.411734],[135.677833,34.41334],[135.677305,34.413828],[135.675556,34.413737],[135.673888,34.41276],[135.673103,34.412567],[135.671888,34.412791],[135.671017,34.413249],[135.669422,34.413675],[135.668132,34.415889],[135.667335,34.416336],[135.667052,34.416909],[135.666966,34.418272],[135.666119,34.418739],[135.666598,34.419665],[135.666129,34.422451],[135.664718,34.422785],[135.664293,34.423107],[135.665329,34.424241],[135.666619,34.424944],[135.667813,34.42582],[135.668346,34.426452],[135.669152,34.426858],[135.671356,34.425945],[135.672227,34.425874],[135.673048,34.426798],[135.673912,34.428212],[135.674006,34.428755],[135.676005,34.429881],[135.676927,34.430662],[135.677222,34.431313],[135.678612,34.432357],[135.679721,34.434014],[135.680304,34.436137],[135.681524,34.437907],[135.681474,34.43856],[135.680876,34.439789],[135.681164,34.440648],[135.68102,34.441997],[135.681733,34.443345],[135.683904,34.445544],[135.684726,34.445997],[135.686246,34.447886],[135.686736,34.448758],[135.686736,34.450481],[135.686978,34.451461],[135.686654,34.452272],[135.685948,34.452373],[135.684862,34.453819],[135.683962,34.454332],[135.682408,34.456045],[135.683099,34.457096],[135.682401,34.459146],[135.682372,34.460118],[135.681918,34.461041],[135.681976,34.462765],[135.68248,34.463678],[135.682168,34.465245],[135.681583,34.465371],[135.680503,34.46626],[135.680049,34.467107],[135.678969,34.467554],[135.678461,34.468244],[135.677733,34.468697],[135.676401,34.468768],[135.675213,34.469406],[135.67365,34.469144],[135.672815,34.468822],[135.671871,34.469025],[135.670957,34.468512],[135.669918,34.468313],[135.668808,34.468772],[135.666612,34.46904],[135.665957,34.467841],[135.667023,34.466553],[135.664704,34.466398],[135.664099,34.466547],[135.663515,34.467293],[135.662896,34.467603],[135.66161,34.467295],[135.65793,34.466711],[135.657584,34.466019],[135.657872,34.464838],[135.657923,34.463764],[135.657082,34.46356],[135.658386,34.462724],[135.659178,34.461669],[135.658465,34.461007],[135.656283,34.461299],[135.655851,34.461221],[135.654187,34.460219],[135.653921,34.459819],[135.654634,34.459002],[135.655231,34.458793],[135.655059,34.458125],[135.657932,34.45692],[135.659077,34.456824],[135.659977,34.457379],[135.659443,34.455384],[135.659465,34.454198],[135.660178,34.453172],[135.661661,34.452754],[135.662544,34.450924],[135.663768,34.449838],[135.665508,34.448749],[135.666063,34.448582],[135.666776,34.447341],[135.668072,34.447431],[135.668331,34.446643],[135.665775,34.446345],[135.665098,34.446596],[135.664216,34.448134],[135.663705,34.448629],[135.661422,34.449661],[135.660893,34.45097],[135.659834,34.451334],[135.658783,34.451984],[135.657634,34.45302],[135.657072,34.453283],[135.656201,34.454219],[135.654991,34.455167],[135.654479,34.455931],[135.652651,34.456269],[135.651138,34.456167],[135.650353,34.455845],[135.648409,34.455571],[135.647141,34.454747],[135.646749,34.456253],[135.645884,34.456343],[135.646749,34.458013],[135.645712,34.458223],[135.644985,34.458957],[135.644495,34.458933],[135.642824,34.459458],[135.641613,34.460701],[135.64185,34.461434],[135.640676,34.463158],[135.640049,34.463516],[135.637788,34.46388],[135.637097,34.464232],[135.63707,34.465668],[135.636768,34.466336],[135.635536,34.467488],[135.63442,34.467816],[135.634089,34.468346],[135.633304,34.468448],[135.632972,34.467523],[135.627953,34.467493],[135.62778,34.470076],[135.627348,34.4701],[135.627067,34.476262],[135.626008,34.476268],[135.625778,34.476619],[135.623401,34.476345],[135.623308,34.476208],[135.620863,34.476155],[135.620032,34.475493],[135.619177,34.474359],[135.617161,34.474439],[135.616848,34.47432],[135.616613,34.473618],[135.615843,34.473115],[135.615425,34.472488],[135.614863,34.470281],[135.614892,34.469706],[135.615641,34.468525],[135.615562,34.467422],[135.615742,34.466734],[135.616261,34.466275],[135.617067,34.464954],[135.617334,34.463074],[135.617852,34.462291],[135.617514,34.461441],[135.616483,34.460602],[135.616742,34.459869],[135.616569,34.458051],[135.614941,34.457263],[135.616591,34.455955],[135.616331,34.455245],[135.615456,34.45454],[135.615686,34.452613],[135.615996,34.451832],[135.614764,34.450998],[135.614208,34.449024],[135.613422,34.448878],[135.612579,34.448359],[135.612594,34.447457],[135.611495,34.446679],[135.610785,34.445511],[135.609986,34.445297],[135.60897,34.445899],[135.607937,34.445941],[135.607227,34.445658],[135.606867,34.444914],[135.606157,34.444241],[135.605926,34.443099],[135.604709,34.442512],[135.604551,34.441374],[135.603754,34.439598],[135.602527,34.439199]],[[135.639699,34.461707],[135.640779,34.461307],[135.640232,34.460908],[135.639504,34.461206],[135.639699,34.461707]],[[135.633728,34.465931],[135.633815,34.466826],[135.634485,34.466879],[135.63545,34.466372],[135.635054,34.466098],[135.634225,34.466688],[135.633728,34.465931]]]]}}
]}
