{"type":"FeatureCollection", "features": [
  {"type":"Feature","properties":{"name":"大津市","code":"25201"},"geometry":{"type":"MultiPolygon","coordinates":[[[[135.860755,35.28296],[135.859188,35.282019],[135.858595,35.281144],[135.858492,35.278373],[135.857642,35.277714],[135.855642,35.276571],[135.854532,35.275328],[135.855051,35.272153],[135.854762,35.271272],[135.8533,35.270261],[135.852479,35.268959],[135.850709,35.268373],[135.849896,35.267784],[135.848514,35.267343],[135.847535,35.266665],[135.846355,35.264637],[135.846148,35.263636],[135.844874,35.262338],[135.844667,35.261308],[135.84603,35.258424],[135.846089,35.257112],[135.845223,35.256653],[135.844615,35.256024],[135.843506,35.255491],[135.84236,35.253199],[135.842644,35.252789],[135.843994,35.251727],[135.842815,35.250093],[135.842741,35.249507],[135.840833,35.248728],[135.840153,35.247933],[135.83967,35.245229],[135.839924,35.243851],[135.83899,35.2434],[135.83708,35.241395],[135.836344,35.241126],[135.834763,35.241254],[135.834551,35.240817],[135.835223,35.23964],[135.836558,35.239054],[135.837532,35.237547],[135.837925,35.23528],[135.837303,35.234184],[135.837491,35.233732],[135.837081,35.232764],[135.836967,35.231548],[135.837516,35.230362],[135.837729,35.228929],[135.837622,35.227107],[135.838032,35.226253],[135.837352,35.225957],[135.834648,35.224],[135.832984,35.223662],[135.832183,35.222876],[135.830864,35.222761],[135.830151,35.222074],[135.829324,35.220481],[135.829382,35.219997],[135.830479,35.219002],[135.830749,35.218226],[135.830094,35.217474],[135.829816,35.21613],[135.830791,35.214865],[135.832478,35.214279],[135.831087,35.210417],[135.833585,35.209046],[135.835494,35.206697],[135.835412,35.205264],[135.835994,35.203293],[135.835241,35.20221],[135.836002,35.200535],[135.836969,35.19976],[135.837199,35.198033],[135.837134,35.197164],[135.837437,35.196034],[135.838821,35.194016],[135.83896,35.193276],[135.839821,35.191439],[135.841466,35.190525],[135.841908,35.18984],[135.842269,35.18758],[135.841368,35.187068],[135.840794,35.185924],[135.841015,35.184014],[135.840246,35.18223],[135.84063,35.181161],[135.84063,35.180066],[135.841375,35.179427],[135.843136,35.178889],[135.843349,35.178634],[135.842661,35.177658],[135.843169,35.176555],[135.842545,35.17486],[135.842363,35.173908],[135.843838,35.172267],[135.84399,35.171709],[135.843808,35.170464],[135.844165,35.169874],[135.844097,35.168876],[135.845731,35.166687],[135.845391,35.165358],[135.846516,35.164152],[135.846813,35.162387],[135.848371,35.161328],[135.850282,35.160336],[135.854519,35.16004],[135.856153,35.159437],[135.85607,35.158521],[135.856334,35.157584],[135.856854,35.15684],[135.856403,35.1549],[135.856763,35.153615],[135.854563,35.152731],[135.853791,35.15179],[135.853386,35.150646],[135.853611,35.149986],[135.852672,35.148702],[135.852839,35.147707],[135.852318,35.147231],[135.852614,35.14618],[135.852047,35.145529],[135.850646,35.144519],[135.850034,35.143266],[135.848819,35.142345],[135.84871,35.141852],[135.8497,35.140531],[135.849469,35.138956],[135.850595,35.138063],[135.849799,35.136863],[135.850174,35.135225],[135.851673,35.134723],[135.852294,35.134267],[135.852241,35.133238],[135.851879,35.131324],[135.85117,35.130658],[135.850696,35.129322],[135.85101,35.128705],[135.850729,35.128029],[135.849606,35.126939],[135.849325,35.124757],[135.850073,35.123801],[135.85018,35.123296],[135.849478,35.122003],[135.849813,35.12054],[135.849177,35.120165],[135.848808,35.1194],[135.848119,35.1189],[135.847665,35.115541],[135.847351,35.11426],[135.846668,35.113858],[135.844955,35.114325],[135.844386,35.113495],[135.844694,35.112393],[135.84444,35.111646],[135.843678,35.110745],[135.843263,35.109903],[135.843644,35.108241],[135.843584,35.106899],[135.842942,35.105718],[135.843461,35.104553],[135.843016,35.103805],[135.842938,35.102515],[135.842587,35.101972],[135.841433,35.101243],[135.841312,35.100738],[135.839815,35.100258],[135.838798,35.098973],[135.838703,35.098246],[135.837895,35.097444],[135.837323,35.095889],[135.837525,35.094486],[135.836675,35.092853],[135.835854,35.092329],[135.835046,35.091327],[135.835308,35.090912],[135.836462,35.090461],[135.83749,35.089651],[135.838913,35.088119],[135.83984,35.086137],[135.839196,35.085014],[135.838308,35.082289],[135.838106,35.080039],[135.838318,35.079079],[135.836591,35.078935],[135.836325,35.077522],[135.835246,35.077143],[135.834219,35.076074],[135.834093,35.074994],[135.831892,35.071456],[135.832699,35.070724],[135.832825,35.069944],[135.833485,35.069212],[135.834418,35.067752],[135.834251,35.066779],[135.834671,35.065026],[135.835847,35.06233],[135.835729,35.061765],[135.836031,35.059907],[135.835915,35.058966],[135.835203,35.057811],[135.834804,35.056576],[135.834853,35.055554],[135.834376,35.055283],[135.833379,35.054176],[135.833288,35.053014],[135.831556,35.052592],[135.83052,35.052993],[135.828138,35.053404],[135.826983,35.053853],[135.825849,35.053426],[135.825343,35.052428],[135.824303,35.051979],[135.823121,35.050999],[135.82204,35.050872],[135.821568,35.049816],[135.821101,35.049409],[135.819111,35.049219],[135.817441,35.048216],[135.816919,35.048171],[135.815901,35.047369],[135.815355,35.046368],[135.814783,35.044829],[135.816187,35.043601],[135.815417,35.042151],[135.815633,35.041418],[135.817204,35.039933],[135.819223,35.038814],[135.821704,35.036054],[135.823231,35.035839],[135.824028,35.036095],[135.824617,35.035638],[135.824827,35.03404],[135.825489,35.033464],[135.825708,35.032876],[135.825598,35.031956],[135.82661,35.030999],[135.827497,35.030656],[135.82806,35.029517],[135.828112,35.028381],[135.827575,35.027327],[135.827469,35.025942],[135.826634,35.025617],[135.826773,35.024685],[135.826421,35.023614],[135.827374,35.022133],[135.828746,35.022165],[135.829154,35.021702],[135.830046,35.021418],[135.832724,35.021655],[135.833724,35.022242],[135.834518,35.022081],[135.83458,35.020643],[135.834936,35.019939],[135.834883,35.019079],[135.835157,35.01838],[135.834746,35.017392],[135.835699,35.016032],[135.83595,35.014447],[135.835464,35.012329],[135.834343,35.012421],[135.833477,35.012001],[135.831701,35.011709],[135.828414,35.011894],[135.82792,35.012179],[135.824946,35.012351],[135.824388,35.013136],[135.823089,35.013499],[135.822119,35.013464],[135.82127,35.013813],[135.820949,35.014716],[135.820458,35.014529],[135.820239,35.013354],[135.820395,35.012848],[135.821158,35.012819],[135.822457,35.011936],[135.823178,35.010516],[135.823681,35.010166],[135.824098,35.008824],[135.825077,35.008504],[135.826835,35.008368],[135.82768,35.009062],[135.828667,35.008755],[135.829178,35.009297],[135.830542,35.009796],[135.831686,35.00986],[135.832682,35.009425],[135.833456,35.006875],[135.833556,35.006057],[135.834053,35.004475],[135.835564,35.00308],[135.836559,35.001226],[135.836279,34.999957],[135.835456,34.999254],[135.833762,34.9993],[135.833586,35.000948],[135.832358,35.000835],[135.832572,34.999101],[135.831394,34.99747],[135.830583,34.996116],[135.829021,34.994792],[135.829448,34.993587],[135.827091,34.991607],[135.827475,34.991119],[135.829232,34.991126],[135.830945,34.990876],[135.834797,34.990779],[135.84018,34.989998],[135.8423,34.989942],[135.848051,34.991274],[135.849267,34.991734],[135.84991,34.990716],[135.850087,34.989968],[135.849854,34.988391],[135.849118,34.987166],[135.849118,34.984812],[135.849991,34.984899],[135.850889,34.984119],[135.851949,34.984282],[135.853578,34.984218],[135.855026,34.984742],[135.855747,34.983991],[135.855748,34.983383],[135.856695,34.982457],[135.856144,34.981296],[135.85676,34.980002],[135.856506,34.979228],[135.855222,34.977701],[135.854162,34.977335],[135.854078,34.976587],[135.854756,34.974978],[135.854127,34.973954],[135.852889,34.973294],[135.852275,34.971348],[135.852438,34.970789],[135.853088,34.970649],[135.853823,34.970929],[135.855648,34.969879],[135.856413,34.968469],[135.856117,34.967127],[135.856386,34.966516],[135.857312,34.96622],[135.857702,34.965647],[135.858854,34.96485],[135.859053,34.964085],[135.860021,34.963125],[135.861232,34.962878],[135.862081,34.961319],[135.86322,34.96056],[135.863681,34.959358],[135.86349,34.95837],[135.863878,34.957602],[135.864861,34.957165],[135.868264,34.9565],[135.86925,34.95676],[135.869907,34.956411],[135.870854,34.955352],[135.871519,34.955526],[135.873381,34.955341],[135.874204,34.955018],[135.874566,34.954213],[135.875427,34.953665],[135.875742,34.952414],[135.875713,34.95056],[135.876008,34.949939],[135.876771,34.949399],[135.876987,34.948657],[135.87773,34.948293],[135.878679,34.947206],[135.878533,34.946472],[135.877624,34.945835],[135.876684,34.944622],[135.876028,34.94323],[135.87686,34.942001],[135.877056,34.941236],[135.876566,34.940818],[135.876684,34.940268],[135.877643,34.939541],[135.878504,34.937914],[135.878397,34.936927],[135.879924,34.934525],[135.878846,34.933927],[135.877477,34.932695],[135.876841,34.932654],[135.875947,34.930749],[135.874939,34.930419],[135.874303,34.92988],[135.872874,34.928208],[135.872649,34.926918],[135.870713,34.926004],[135.871675,34.924628],[135.871854,34.923899],[135.871282,34.923222],[135.870377,34.922797],[135.870168,34.921295],[135.869053,34.920171],[135.868654,34.919232],[135.869056,34.918639],[135.86936,34.916335],[135.871184,34.915058],[135.871494,34.911927],[135.871475,34.910972],[135.871178,34.909949],[135.870474,34.908666],[135.869669,34.907817],[135.867375,34.906995],[135.866085,34.906062],[135.863131,34.903696],[135.862934,34.903387],[135.863269,34.902492],[135.865827,34.899455],[135.866531,34.898451],[135.867289,34.896869],[135.867692,34.895038],[135.867521,34.893337],[135.866637,34.89214],[135.869014,34.891136],[135.870916,34.889993],[135.872374,34.88873],[135.873589,34.888661],[135.874387,34.888867],[135.874911,34.887542],[135.875865,34.886286],[135.877975,34.886559],[135.878454,34.885397],[135.878847,34.885024],[135.879848,34.884749],[135.88141,34.883747],[135.882614,34.884287],[135.884179,34.884512],[135.886157,34.883481],[135.886931,34.883206],[135.888232,34.882014],[135.888721,34.881288],[135.888685,34.880257],[135.888387,34.879703],[135.886336,34.879103],[135.885538,34.87823],[135.885335,34.877392],[135.885514,34.876685],[135.885014,34.875644],[135.885669,34.875399],[135.886718,34.875684],[135.888723,34.875496],[135.889771,34.874829],[135.891968,34.87455],[135.893385,34.874069],[135.894922,34.873333],[135.895923,34.873068],[135.897296,34.871297],[135.899669,34.871404],[135.901731,34.872347],[135.904152,34.873812],[135.905224,34.874077],[135.907291,34.873979],[135.906743,34.875324],[135.907669,34.876343],[135.908638,34.876456],[135.90946,34.876898],[135.909616,34.877419],[135.909342,34.878522],[135.910093,34.879769],[135.909879,34.880362],[135.910618,34.880627],[135.910773,34.881128],[135.911535,34.881638],[135.912656,34.883516],[135.913154,34.88315],[135.914495,34.883826],[135.915436,34.883405],[135.917043,34.88408],[135.917718,34.884577],[135.918847,34.88478],[135.919716,34.884435],[135.921668,34.883955],[135.922046,34.883652],[135.923584,34.883761],[135.923951,34.884906],[135.925004,34.885597],[135.925832,34.885622],[135.926814,34.886341],[135.927019,34.886855],[135.927808,34.886872],[135.92871,34.888106],[135.930846,34.888636],[135.931756,34.888038],[135.932864,34.887794],[135.93363,34.887997],[135.933763,34.88851],[135.934656,34.88922],[135.935361,34.890879],[135.936026,34.891641],[135.937868,34.892376],[135.938879,34.893117],[135.940894,34.893683],[135.940271,34.892378],[135.940353,34.890943],[135.939975,34.890073],[135.939975,34.889188],[135.939577,34.888511],[135.940353,34.88798],[135.940435,34.886428],[135.941182,34.884733],[135.940661,34.883079],[135.94064,34.882293],[135.939792,34.882023],[135.939659,34.881383],[135.940078,34.880276],[135.941396,34.87967],[135.943235,34.878178],[135.944129,34.877975],[135.946193,34.877957],[135.947179,34.877664],[135.948226,34.878151],[135.949608,34.879567],[135.952424,34.878874],[135.953388,34.878739],[135.954356,34.879261],[135.955441,34.88062],[135.955889,34.880761],[135.958598,34.880755],[135.960273,34.880549],[135.961811,34.879998],[135.963359,34.879893],[135.964306,34.880016],[135.964876,34.88123],[135.965746,34.881767],[135.965988,34.882736],[135.966373,34.883101],[135.966929,34.885629],[135.967179,34.888431],[135.967493,34.889326],[135.967458,34.891218],[135.968769,34.891935],[135.969554,34.892581],[135.970758,34.892798],[135.971315,34.893579],[135.971849,34.893673],[135.973218,34.89231],[135.974714,34.891682],[135.975028,34.890318],[135.974565,34.888767],[135.974829,34.888473],[135.976895,34.888609],[135.977524,34.889026],[135.980601,34.889766],[135.981608,34.889718],[135.983516,34.889132],[135.985134,34.889672],[135.986389,34.889368],[135.987493,34.889838],[135.988925,34.892374],[135.987949,34.89286],[135.987272,34.893798],[135.987421,34.895333],[135.987136,34.895761],[135.987524,34.896425],[135.98693,34.897585],[135.98805,34.898385],[135.98908,34.899783],[135.990433,34.899955],[135.991687,34.900922],[135.991538,34.901435],[135.991953,34.902846],[135.992651,34.903687],[135.992543,34.904914],[135.992892,34.905409],[135.992768,34.906416],[135.992925,34.907888],[135.992736,34.908655],[135.993434,34.90951],[135.994305,34.909038],[135.995973,34.908594],[135.997141,34.908566],[135.998155,34.908949],[135.998803,34.908905],[135.999406,34.909295],[135.999802,34.910116],[135.999823,34.911035],[136.000824,34.911486],[136.001662,34.912141],[136.002789,34.914383],[136.003879,34.914341],[136.004539,34.915109],[136.004685,34.915706],[136.006218,34.917057],[136.007924,34.918051],[136.008572,34.919123],[136.009757,34.919954],[136.011575,34.920184],[136.013381,34.91854],[136.015532,34.917502],[136.016396,34.917775],[136.018253,34.917814],[136.018844,34.917086],[136.019546,34.916734],[136.020213,34.91688],[136.021327,34.917555],[136.021562,34.918565],[136.022943,34.920234],[136.023419,34.921537],[136.024025,34.921703],[136.024988,34.92153],[136.026621,34.922296],[136.028908,34.922236],[136.029441,34.922774],[136.031664,34.922833],[136.032488,34.922288],[136.033134,34.922235],[136.033555,34.922782],[136.034649,34.923589],[136.035518,34.923891],[136.036278,34.923523],[136.036546,34.922943],[136.037249,34.922559],[136.037594,34.921759],[136.038364,34.921485],[136.040438,34.922183],[136.0418,34.923478],[136.04198,34.924276],[136.041876,34.925241],[136.042675,34.926354],[136.042389,34.930479],[136.041959,34.931366],[136.040427,34.931366],[136.040066,34.931633],[136.039723,34.932863],[136.039142,34.933223],[136.037666,34.933404],[136.037067,34.934351],[136.035181,34.936532],[136.033993,34.936766],[136.034079,34.937465],[136.03309,34.93777],[136.033109,34.938226],[136.035059,34.940069],[136.037214,34.941344],[136.038613,34.941776],[136.039603,34.942263],[136.040466,34.943638],[136.04022,34.944013],[136.040981,34.944759],[136.041074,34.945271],[136.040797,34.94648],[136.040147,34.947355],[136.040161,34.949743],[136.041319,34.951133],[136.041005,34.95189],[136.041867,34.953096],[136.041786,34.954472],[136.041086,34.954901],[136.040754,34.955581],[136.041706,34.956025],[136.041102,34.956496],[136.041292,34.957149],[136.042201,34.958091],[136.041621,34.95851],[136.042192,34.959668],[136.042868,34.959834],[136.043101,34.960341],[136.042636,34.961245],[136.041446,34.961189],[136.040827,34.959806],[136.040912,34.958764],[136.040649,34.957172],[136.040003,34.956229],[136.039796,34.955528],[136.040003,34.954869],[136.040818,34.95419],[136.041193,34.953108],[136.040406,34.951772],[136.040677,34.951307],[136.039496,34.949677],[136.039702,34.949074],[136.039458,34.94841],[136.039692,34.946951],[136.04032,34.946099],[136.040282,34.944994],[136.039148,34.944182],[136.039017,34.94355],[136.037683,34.943026],[136.036032,34.94365],[136.034655,34.94328],[136.03412,34.942576],[136.033624,34.941407],[136.032652,34.941353],[136.032049,34.940502],[136.031136,34.940011],[136.030449,34.940211],[136.030038,34.939731],[136.028991,34.940663],[136.027851,34.939939],[136.026096,34.941733],[136.025041,34.941957],[136.024588,34.94233],[136.021083,34.943047],[136.019923,34.943921],[136.018507,34.944129],[136.017662,34.943651],[136.016938,34.9438],[136.015759,34.945832],[136.014734,34.945752],[136.01487,34.946319],[136.014453,34.94691],[136.014461,34.947904],[136.013864,34.948888],[136.013029,34.949367],[136.012393,34.950212],[136.011406,34.951131],[136.011179,34.95213],[136.010235,34.953917],[136.010108,34.954551],[136.006498,34.955561],[136.005257,34.956194],[136.003569,34.9568],[136.002255,34.958107],[136.001349,34.959594],[136.001023,34.959758],[136.001024,34.960864],[136.003717,34.961073],[136.004505,34.960961],[136.005764,34.961237],[136.006249,34.961905],[136.007627,34.962626],[136.008525,34.962442],[136.009304,34.963065],[136.011836,34.962573],[136.012732,34.962257],[136.013992,34.962609],[136.013778,34.96311],[136.014066,34.964017],[136.013469,34.965047],[136.013928,34.965908],[136.01272,34.967695],[136.012079,34.968918],[136.011567,34.969199],[136.011556,34.969975],[136.010692,34.970291],[136.011151,34.971353],[136.011343,34.97241],[136.010863,34.97322],[136.010809,34.974072],[136.010252,34.975544],[136.009569,34.975869],[136.008341,34.977444],[136.007903,34.978535],[136.005691,34.979176],[136.005541,34.979837],[136.004133,34.98011],[136.003161,34.979651],[136.002286,34.978702],[136.001195,34.978331],[136.000457,34.977645],[135.998835,34.976889],[135.998184,34.977408],[135.996728,34.977903],[135.995001,34.977878],[135.99414,34.978346],[135.993086,34.97839],[135.992984,34.978951],[135.993876,34.980394],[135.993599,34.981015],[135.99276,34.980882],[135.991944,34.98035],[135.989413,34.979997],[135.988366,34.980053],[135.988408,34.978875],[135.987323,34.978057],[135.98586,34.978161],[135.984679,34.978717],[135.983685,34.978524],[135.983558,34.97971],[135.982531,34.979151],[135.981541,34.979841],[135.981193,34.980909],[135.979687,34.979685],[135.977932,34.980061],[135.978151,34.981143],[135.977509,34.981656],[135.976576,34.981467],[135.976006,34.981797],[135.977276,34.982614],[135.978096,34.982406],[135.979181,34.983423],[135.977767,34.984186],[135.976908,34.983628],[135.976174,34.983803],[135.976248,34.984917],[135.973692,34.984959],[135.973334,34.985985],[135.97242,34.984377],[135.966988,34.983098],[135.967218,34.982004],[135.966207,34.981029],[135.965772,34.980233],[135.966281,34.979327],[135.965954,34.978703],[135.965765,34.977521],[135.966865,34.977471],[135.96862,34.978045],[135.969114,34.977431],[135.969023,34.976638],[135.967673,34.976744],[135.9668,34.976232],[135.96582,34.976182],[135.965418,34.975776],[135.962995,34.976394],[135.962052,34.975562],[135.961188,34.975518],[135.960163,34.974712],[135.96061,34.973944],[135.960496,34.973006],[135.959563,34.972535],[135.95831,34.97251],[135.956364,34.973372],[135.954893,34.97379],[135.954036,34.972341],[135.95341,34.97174],[135.951453,34.971865],[135.950109,34.972178],[135.94938,34.973097],[135.949076,34.975259],[135.947278,34.978913],[135.947306,34.979621],[135.946548,34.981016],[135.945478,34.982305],[135.944871,34.982636],[135.94387,34.984031],[135.943627,34.985534],[135.943075,34.986419],[135.942195,34.986999],[135.941466,34.987823],[135.939713,34.988526],[135.939807,34.98888],[135.941119,34.990106],[135.941512,34.990799],[135.940613,34.991239],[135.93979,34.992416],[135.938778,34.992928],[135.936786,34.993528],[135.934925,34.994329],[135.933547,34.995232],[135.93027,34.996389],[135.92913,34.995951],[135.929326,34.995318],[135.930196,34.994679],[135.929981,34.994202],[135.928222,34.994879],[135.926801,34.995148],[135.92651,34.994671],[135.925076,34.994825],[135.921691,34.995779],[135.921436,34.995434],[135.920193,34.996072],[135.919987,34.995765],[135.918921,34.996319],[135.918348,34.995704],[135.91716,34.996296],[135.915943,34.996373],[135.915036,34.995973],[135.913228,34.995835],[135.909628,34.995363],[135.908775,34.995393],[135.902907,34.992353],[135.900617,34.997392],[135.901281,35.002446],[135.89819,35.012474],[135.893719,35.022442],[135.891174,35.023474],[135.88785,35.032442],[135.887955,35.035325],[135.892177,35.044611],[135.89813,35.052689],[135.906316,35.063118],[135.907448,35.064098],[135.91148,35.069737],[135.914686,35.079441],[135.923241,35.088123],[135.931394,35.109457],[135.935581,35.115521],[135.935191,35.121183],[135.938436,35.126196],[135.940255,35.137524],[135.959311,35.147213],[135.972564,35.18098],[135.982368,35.186616],[135.995847,35.190207],[136.010823,35.224862],[136.016299,35.231279],[135.993729,35.264388],[135.991061,35.267101],[135.989404,35.266811],[135.988001,35.266966],[135.987542,35.267813],[135.986856,35.268514],[135.985919,35.268737],[135.98579,35.269916],[135.985189,35.270609],[135.983817,35.271666],[135.983514,35.272333],[135.980314,35.271943],[135.979374,35.272173],[135.97679,35.272316],[135.97569,35.272825],[135.975267,35.273489],[135.971809,35.274626],[135.968135,35.275009],[135.966481,35.274688],[135.965256,35.274655],[135.96391,35.275502],[135.961826,35.276445],[135.960804,35.276428],[135.959749,35.277147],[135.958791,35.277121],[135.956532,35.277647],[135.955771,35.276433],[135.955668,35.27552],[135.954999,35.275626],[135.95335,35.275271],[135.952829,35.275351],[135.950963,35.274687],[135.949641,35.274774],[135.948665,35.274183],[135.947595,35.272848],[135.947288,35.272078],[135.945809,35.271157],[135.946236,35.270597],[135.945555,35.270041],[135.945724,35.269556],[135.94498,35.268511],[135.944895,35.267625],[135.944163,35.267107],[135.941477,35.267264],[135.940632,35.26718],[135.939924,35.26577],[135.938681,35.264552],[135.938329,35.263741],[135.938052,35.261903],[135.937526,35.260865],[135.93697,35.260514],[135.935235,35.260643],[135.933393,35.261191],[135.932229,35.261029],[135.929898,35.258913],[135.928928,35.25841],[135.927893,35.258275],[135.926571,35.259169],[135.925345,35.259681],[135.923117,35.259875],[135.921313,35.259773],[135.919033,35.260642],[135.917789,35.26217],[135.917112,35.263975],[135.917204,35.2659],[135.91675,35.265845],[135.915561,35.264614],[135.914006,35.264355],[135.912522,35.264691],[135.910883,35.264151],[135.910304,35.264143],[135.90916,35.26498],[135.909191,35.265788],[135.908228,35.267484],[135.907391,35.268303],[135.905689,35.269534],[135.904517,35.270968],[135.904945,35.271449],[135.905109,35.272718],[135.905573,35.273796],[135.906161,35.274552],[135.906148,35.275101],[135.905337,35.275861],[135.904602,35.276233],[135.90306,35.276029],[135.900971,35.276829],[135.899812,35.277578],[135.897116,35.278192],[135.89523,35.279969],[135.894033,35.280359],[135.892678,35.280385],[135.890866,35.281649],[135.888148,35.282827],[135.887488,35.283587],[135.88563,35.283967],[135.884133,35.284007],[135.882987,35.284642],[135.880774,35.283842],[135.878769,35.283864],[135.87725,35.283633],[135.875664,35.283114],[135.87423,35.281745],[135.872782,35.281554],[135.869652,35.282016],[135.868135,35.281092],[135.866353,35.280515],[135.865957,35.280179],[135.863591,35.280893],[135.862304,35.281559],[135.862032,35.282205],[135.860755,35.28296]]]]}},
  {"type":"Feature","properties":{"name":"彦根市","code":"25202"},"geometry":{"type":"MultiPolygon","coordinates":[[[[136.085233,35.251843],[136.112117,35.216438],[136.116086,35.214529],[136.118804,35.213508],[136.121349,35.212805],[136.123007,35.212643],[136.12805,35.213053],[136.129647,35.213119],[136.132088,35.212898],[136.133636,35.212568],[136.135976,35.211416],[136.13697,35.210579],[136.138053,35.208941],[136.139749,35.207211],[136.141298,35.206642],[136.142553,35.20653],[136.144908,35.206768],[136.148647,35.206583],[136.152433,35.205634],[136.154172,35.205475],[136.157927,35.205574],[136.161182,35.205799],[136.163666,35.205627],[136.165719,35.204969],[136.166993,35.20444],[136.16885,35.203339],[136.17133,35.201118],[136.174584,35.19763],[136.175746,35.196532],[136.177879,35.195059],[136.180931,35.193494],[136.182899,35.192845],[136.190029,35.190783],[136.19163,35.190164],[136.192785,35.191297],[136.19167,35.192482],[136.192566,35.193187],[136.192664,35.193651],[136.193579,35.19487],[136.193379,35.196541],[136.192864,35.197538],[136.193675,35.198591],[136.194692,35.198213],[136.195227,35.198552],[136.198341,35.196534],[136.198438,35.195658],[136.199426,35.195026],[136.200358,35.194867],[136.201511,35.196158],[136.202371,35.19573],[136.203525,35.197339],[136.205275,35.199129],[136.209589,35.196713],[136.210302,35.196519],[136.212335,35.195529],[136.212787,35.195064],[136.216055,35.193619],[136.215997,35.195003],[136.215268,35.195723],[136.213845,35.196433],[136.213488,35.197079],[136.215938,35.199862],[136.216859,35.201093],[136.216919,35.202916],[136.21837,35.204817],[136.219783,35.206439],[136.222536,35.205098],[136.223071,35.205927],[136.22122,35.207002],[136.221771,35.207786],[136.223049,35.207311],[136.223347,35.207798],[136.221964,35.208432],[136.222901,35.209978],[136.222454,35.210445],[136.223888,35.212229],[136.221748,35.213278],[136.225759,35.21855],[136.226808,35.217743],[136.228389,35.217436],[136.229102,35.217588],[136.229955,35.216448],[136.231736,35.215259],[136.233511,35.214553],[136.235444,35.213422],[136.235804,35.212998],[136.237203,35.212264],[136.237558,35.212834],[136.239242,35.215353],[136.239721,35.215177],[136.240611,35.216852],[136.241286,35.21773],[136.244041,35.215807],[136.244598,35.215518],[136.246706,35.217772],[136.247911,35.217487],[136.248617,35.218181],[136.25066,35.21709],[136.25174,35.218351],[136.251507,35.218656],[136.253026,35.220331],[136.251564,35.222028],[136.25107,35.223655],[136.250573,35.224061],[136.250266,35.226021],[136.252083,35.227259],[136.253535,35.226263],[136.254385,35.22549],[136.25471,35.226699],[136.254586,35.228016],[136.254886,35.228621],[136.256051,35.229876],[136.257687,35.228375],[136.258779,35.229576],[136.259859,35.230148],[136.260747,35.229659],[136.261465,35.230498],[136.26325,35.229453],[136.263429,35.229646],[136.267329,35.227455],[136.266624,35.226558],[136.267885,35.225853],[136.268729,35.225581],[136.269476,35.226454],[136.270003,35.226522],[136.271426,35.225751],[136.272213,35.226046],[136.274979,35.229534],[136.27126,35.231488],[136.269945,35.232374],[136.269903,35.232635],[136.272116,35.235566],[136.271439,35.235965],[136.273028,35.237997],[136.273264,35.238951],[136.273766,35.239099],[136.274581,35.24029],[136.275092,35.23919],[136.2761,35.238986],[136.276794,35.239474],[136.278496,35.241552],[136.279368,35.242368],[136.280266,35.242039],[136.280957,35.24137],[136.280888,35.240994],[136.281731,35.240416],[136.284242,35.240593],[136.285291,35.240384],[136.285648,35.241048],[136.286674,35.240903],[136.287809,35.241154],[136.288125,35.241486],[136.288559,35.243069],[136.289035,35.244011],[136.289985,35.244829],[136.290705,35.245153],[136.291289,35.245866],[136.292167,35.24602],[136.292661,35.245356],[136.294267,35.245358],[136.294461,35.246587],[136.295174,35.246854],[136.295597,35.247787],[136.296917,35.249133],[136.296803,35.249674],[136.297243,35.250796],[136.296495,35.251672],[136.296815,35.253209],[136.297546,35.254121],[136.298808,35.254962],[136.299493,35.255807],[136.299664,35.256497],[136.300638,35.257221],[136.301949,35.256839],[136.304064,35.255636],[136.304971,35.255845],[136.304505,35.256933],[136.305003,35.257338],[136.306505,35.25784],[136.307594,35.257601],[136.30886,35.258535],[136.311872,35.261338],[136.312585,35.261461],[136.31367,35.262437],[136.313813,35.263596],[136.316066,35.26489],[136.316613,35.265647],[136.318226,35.265852],[136.319674,35.265495],[136.320056,35.266105],[136.319406,35.267238],[136.321107,35.267692],[136.322403,35.267281],[136.324132,35.267101],[136.32534,35.267255],[136.326838,35.266551],[136.327346,35.266048],[136.32849,35.265506],[136.329502,35.265256],[136.330232,35.265386],[136.333063,35.265358],[136.33384,35.265628],[136.335251,35.26507],[136.335773,35.264345],[136.336423,35.263983],[136.337923,35.263826],[136.338749,35.264017],[136.340064,35.265309],[136.341406,35.265714],[136.343233,35.267441],[136.344495,35.267889],[136.345351,35.26863],[136.346896,35.268545],[136.348015,35.269226],[136.350398,35.268083],[136.35126,35.268682],[136.351594,35.269584],[136.351406,35.270416],[136.351465,35.271826],[136.35126,35.272674],[136.351525,35.27413],[136.350346,35.274658],[136.349861,35.275397],[136.349816,35.277287],[136.349541,35.278048],[136.348609,35.279205],[136.348345,35.281358],[136.347131,35.284311],[136.346617,35.285137],[136.34624,35.286261],[136.345755,35.286586],[136.34428,35.286636],[136.343069,35.28702],[136.342108,35.287978],[136.341363,35.288235],[136.34018,35.289612],[136.339472,35.28986],[136.337403,35.289673],[136.335878,35.289984],[136.333654,35.291228],[136.33237,35.29111],[136.331427,35.291768],[136.330723,35.293471],[136.33086,35.294303],[136.330273,35.295309],[136.32897,35.295844],[136.328675,35.296825],[136.328791,35.297811],[136.326331,35.29835],[136.326044,35.298161],[136.326829,35.297024],[136.326746,35.296487],[136.326108,35.295665],[136.328064,35.292504],[136.32848,35.291611],[136.3277,35.291],[136.326438,35.290564],[136.326456,35.289704],[136.325022,35.28808],[136.324789,35.287108],[136.325448,35.285865],[136.325722,35.284703],[136.325639,35.283918],[136.324781,35.282363],[136.323953,35.281504],[136.323186,35.279894],[136.322393,35.280009],[136.319887,35.280934],[136.318892,35.280897],[136.318674,35.284936],[136.317713,35.285384],[136.317327,35.285951],[136.317591,35.286645],[136.317444,35.288758],[136.315761,35.290824],[136.315338,35.291517],[136.313709,35.293022],[136.312601,35.293461],[136.311489,35.293414],[136.309529,35.294447],[136.308301,35.294367],[136.30751,35.294525],[136.305388,35.294114],[136.304833,35.29492],[136.303874,35.295117],[136.302644,35.295812],[136.301981,35.297432],[136.30113,35.297676],[136.300815,35.29901],[136.301113,35.300197],[136.301618,35.300913],[136.301334,35.301714],[136.300815,35.301975],[136.300517,35.301061],[136.298159,35.299101],[136.296865,35.298788],[136.296434,35.29966],[136.295408,35.300562],[136.294783,35.300654],[136.294399,35.299527],[136.292965,35.299024],[136.291486,35.299443],[136.290402,35.300404],[136.289003,35.301366],[136.288172,35.301552],[136.287302,35.300705],[136.286519,35.299222],[136.286533,35.297961],[136.286212,35.297058],[136.285186,35.296964],[136.280478,35.297151],[136.279651,35.297103],[136.279539,35.296327],[136.275464,35.296397],[136.274855,35.296598],[136.273456,35.296504],[136.272098,35.296708],[136.271524,35.296603],[136.269919,35.296773],[136.268793,35.295915],[136.268602,35.294173],[136.267745,35.294162],[136.266066,35.294567],[136.264962,35.295146],[136.263888,35.294633],[136.263311,35.294661],[136.26232,35.293979],[136.260566,35.29453],[136.260633,35.29518],[136.259662,35.296513],[136.259659,35.297665],[136.258654,35.298338],[136.258362,35.299004],[136.258538,35.299547],[136.257526,35.300411],[136.256983,35.30045],[136.25399,35.299224],[136.24408,35.295582],[136.215993,35.303685],[136.213278,35.332324],[136.20978,35.338654],[136.175303,35.348425],[136.148546,35.356009],[136.145756,35.349943],[136.148662,35.316667],[136.150117,35.3],[136.152848,35.268716],[136.122227,35.25589],[136.118182,35.255558],[136.0837,35.258851],[136.085233,35.251843]]]]}},
  {"type":"Feature","properties":{"name":"長浜市","code":"25203"},"geometry":{"type":"MultiPolygon","coordinates":[[[[136.20978,35.338654],[136.225741,35.347948],[136.242985,35.349741],[136.250427,35.35266],[136.277523,35.350809],[136.279727,35.351014],[136.285038,35.352354],[136.289546,35.353342],[136.296399,35.354615],[136.297312,35.352402],[136.297754,35.350727],[136.298054,35.350277],[136.298946,35.350659],[136.30203,35.351398],[136.305779,35.352167],[136.306884,35.34879],[136.307589,35.348479],[136.309019,35.347139],[136.310166,35.346476],[136.310125,35.344446],[136.31086,35.343553],[136.311102,35.342622],[136.312618,35.342588],[136.314161,35.343061],[136.315454,35.343829],[136.31668,35.344112],[136.317561,35.345943],[136.318279,35.346298],[136.318846,35.346046],[136.320969,35.346066],[136.321756,35.345353],[136.323912,35.346443],[136.324637,35.346474],[136.325046,35.347059],[136.325133,35.348073],[136.325655,35.348739],[136.325859,35.349655],[136.325559,35.350861],[136.326006,35.351603],[136.325851,35.352992],[136.325463,35.354088],[136.325893,35.354846],[136.325743,35.355547],[136.32636,35.357736],[136.326781,35.358433],[136.326464,35.359226],[136.327686,35.359917],[136.328283,35.360724],[136.328403,35.362293],[136.328958,35.363273],[136.328849,35.36384],[136.329313,35.365047],[136.331039,35.365719],[136.332633,35.367305],[136.334104,35.367695],[136.333979,35.368962],[136.3336,35.369936],[136.333896,35.371983],[136.334279,35.372581],[136.334784,35.374113],[136.336194,35.376488],[136.336473,35.377892],[136.337461,35.379238],[136.337445,35.379935],[136.337053,35.38067],[136.336602,35.38265],[136.336009,35.384669],[136.33518,35.385834],[136.335084,35.387308],[136.335464,35.388374],[136.335414,35.389599],[136.335672,35.3911],[136.3342,35.392635],[136.334175,35.39396],[136.333636,35.39637],[136.33282,35.396684],[136.332349,35.397238],[136.332457,35.398748],[136.332136,35.399701],[136.333045,35.401898],[136.333087,35.40384],[136.335423,35.404688],[136.336999,35.405438],[136.337743,35.404276],[136.339268,35.40335],[136.340938,35.40256],[136.343661,35.402272],[136.3459,35.401899],[136.350839,35.400344],[136.354041,35.400208],[136.356696,35.400749],[136.357064,35.401622],[136.358354,35.40276],[136.359704,35.404715],[136.359811,35.405287],[136.35947,35.407448],[136.359573,35.408166],[136.360716,35.409217],[136.361235,35.410502],[136.361993,35.411299],[136.361871,35.412721],[136.361597,35.413503],[136.362849,35.415186],[136.362624,35.416551],[136.361632,35.417854],[136.36103,35.418203],[136.360199,35.419585],[136.36032,35.421296],[136.359239,35.421806],[136.358838,35.422478],[136.357719,35.423199],[136.357144,35.42447],[136.357319,35.425264],[136.357209,35.427169],[136.356265,35.429346],[136.357008,35.429785],[136.357629,35.431262],[136.358153,35.43299],[136.358722,35.434171],[136.3577,35.43569],[136.356465,35.436993],[136.356038,35.438533],[136.355061,35.439115],[136.355029,35.44045],[136.353386,35.442398],[136.352675,35.443023],[136.352487,35.443765],[136.351911,35.444136],[136.351438,35.445269],[136.349666,35.446936],[136.350785,35.448324],[136.350197,35.4497],[136.350423,35.451204],[136.349641,35.452247],[136.348903,35.452767],[136.34889,35.453211],[136.348197,35.454631],[136.346063,35.45489],[136.345352,35.456022],[136.345597,35.456753],[136.345506,35.458156],[136.344414,35.458236],[136.343184,35.459358],[136.342932,35.460788],[136.342563,35.46136],[136.343229,35.462828],[136.344089,35.463998],[136.343597,35.464634],[136.342666,35.464687],[136.340461,35.465174],[136.339496,35.465503],[136.339263,35.466804],[136.338253,35.467333],[136.336533,35.467466],[136.335297,35.46808],[136.333934,35.468275],[136.333079,35.468747],[136.332698,35.469568],[136.332931,35.470929],[136.334069,35.47195],[136.334483,35.472645],[136.336268,35.473587],[136.337951,35.475695],[136.338351,35.476901],[136.337206,35.478761],[136.336895,35.479683],[136.336035,35.480344],[136.335608,35.48144],[136.334806,35.482509],[136.334728,35.483663],[136.335,35.484553],[136.336106,35.485183],[136.337141,35.487735],[136.337245,35.489648],[136.336689,35.490358],[136.336838,35.491099],[136.337406,35.492099],[136.336598,35.493729],[136.33696,35.495381],[136.337445,35.496371],[136.33883,35.496939],[136.340279,35.498013],[136.340033,35.499222],[136.341345,35.501609],[136.342186,35.50207],[136.342805,35.503179],[136.342371,35.503974],[136.342376,35.505608],[136.342791,35.506003],[136.343066,35.507817],[136.34359,35.508825],[136.343711,35.50973],[136.34339,35.51118],[136.342819,35.512116],[136.342717,35.51452],[136.343129,35.515975],[136.344314,35.516477],[136.345065,35.517175],[136.346167,35.51784],[136.346257,35.52037],[136.347476,35.522201],[136.347746,35.523502],[136.34733,35.525416],[136.346773,35.526376],[136.347228,35.528186],[136.346071,35.52868],[136.345873,35.530673],[136.346406,35.532163],[136.34564,35.533254],[136.34607,35.534704],[136.345882,35.536109],[136.344764,35.537065],[136.343934,35.53711],[136.343211,35.53756],[136.340928,35.537283],[136.340413,35.538794],[136.339544,35.540365],[136.339868,35.541333],[136.341062,35.54195],[136.34126,35.542931],[136.340027,35.543826],[136.33971,35.544615],[136.339765,35.545837],[136.33884,35.548573],[136.33732,35.550255],[136.33486,35.550325],[136.333596,35.550093],[136.332503,35.550545],[136.33169,35.55048],[136.329751,35.550956],[136.327868,35.549883],[136.327207,35.549917],[136.325461,35.548788],[136.325972,35.547165],[136.325467,35.545675],[136.324651,35.545154],[136.323658,35.545141],[136.322974,35.544587],[136.3221,35.544347],[136.319598,35.546023],[136.319102,35.546558],[136.317503,35.547397],[136.316807,35.548755],[136.316548,35.549685],[136.316704,35.551009],[136.317434,35.552474],[136.317076,35.554627],[136.316263,35.555939],[136.316331,35.557415],[136.317206,35.5587],[136.31771,35.560644],[136.31782,35.56163],[136.318302,35.562278],[136.31841,35.563881],[136.318915,35.565591],[136.321843,35.568797],[136.32267,35.569468],[136.32275,35.570007],[136.322099,35.570837],[136.321857,35.572048],[136.322484,35.573592],[136.323187,35.574556],[136.32278,35.576446],[136.322652,35.577879],[136.323201,35.579026],[136.322346,35.580511],[136.322104,35.581233],[136.322725,35.582562],[136.322774,35.583094],[136.324216,35.583628],[136.324449,35.58418],[136.324224,35.585122],[136.323518,35.585729],[136.323366,35.586501],[136.322349,35.587686],[136.322083,35.589198],[136.322534,35.590043],[136.322331,35.590541],[136.322755,35.592713],[136.322684,35.593182],[136.321463,35.593812],[136.321321,35.595737],[136.321692,35.598256],[136.321117,35.598964],[136.320532,35.600345],[136.32031,35.601553],[136.319301,35.602791],[136.319061,35.603803],[136.317893,35.604715],[136.316273,35.605395],[136.315044,35.605691],[136.31507,35.606197],[136.317647,35.607724],[136.319074,35.60964],[136.320544,35.610719],[136.320765,35.611718],[136.321561,35.613157],[136.322482,35.614055],[136.323181,35.615134],[136.323676,35.616516],[136.323048,35.616899],[136.322144,35.617906],[136.321711,35.618679],[136.320373,35.61931],[136.319141,35.620922],[136.318646,35.621334],[136.316536,35.621508],[136.316121,35.621898],[136.315561,35.623396],[136.314491,35.623114],[136.311842,35.622788],[136.310736,35.623286],[136.310135,35.623322],[136.306493,35.622265],[136.305182,35.621324],[136.305288,35.620031],[136.303616,35.620276],[136.30326,35.619377],[136.301907,35.619218],[136.298166,35.617477],[136.296308,35.618149],[136.294509,35.617947],[136.293704,35.618186],[136.292622,35.618918],[136.291136,35.619654],[136.290302,35.620545],[136.28886,35.620408],[136.288559,35.620588],[136.287974,35.62255],[136.287186,35.624278],[136.287115,35.62548],[136.287407,35.627948],[136.286247,35.629408],[136.284413,35.630927],[136.283759,35.631281],[136.283263,35.63348],[136.282537,35.634464],[136.281173,35.635225],[136.279164,35.636686],[136.278987,35.638408],[136.279491,35.638943],[136.279794,35.63984],[136.281696,35.640304],[136.282816,35.641716],[136.282781,35.642367],[136.283103,35.643736],[136.282501,35.645416],[136.281632,35.646608],[136.281613,35.64755],[136.280055,35.648368],[136.279399,35.649322],[136.277661,35.650368],[136.276566,35.651476],[136.276217,35.652478],[136.276333,35.653753],[136.277149,35.65557],[136.277731,35.656045],[136.279819,35.658275],[136.280507,35.658777],[136.280027,35.659513],[136.280534,35.661275],[136.279192,35.661916],[136.277759,35.663353],[136.276677,35.663573],[136.275965,35.664236],[136.274281,35.665331],[136.273744,35.66549],[136.271795,35.665531],[136.271183,35.666486],[136.27056,35.666894],[136.27029,35.668086],[136.26936,35.668728],[136.266426,35.669824],[136.264031,35.67106],[136.261658,35.671698],[136.260091,35.671792],[136.258013,35.671215],[136.257476,35.67128],[136.255772,35.672459],[136.254496,35.673784],[136.251881,35.674859],[136.250815,35.676129],[136.250373,35.676245],[136.246655,35.675305],[136.245545,35.67427],[136.24465,35.673788],[136.243025,35.675625],[136.2418,35.67642],[136.240617,35.676879],[136.240048,35.677427],[136.235811,35.680925],[136.235087,35.681399],[136.234407,35.682462],[136.233142,35.682462],[136.231135,35.682693],[136.230484,35.6824],[136.229578,35.681494],[136.22838,35.681081],[136.227679,35.68047],[136.225947,35.680549],[136.225324,35.680914],[136.224136,35.681089],[136.223504,35.681477],[136.222354,35.683058],[136.221761,35.683368],[136.220261,35.6834],[136.219471,35.684354],[136.217583,35.684584],[136.216299,35.684441],[136.215539,35.683926],[136.213893,35.683512],[136.213027,35.682527],[136.212774,35.68178],[136.211811,35.682446],[136.210467,35.684473],[136.210486,35.685847],[136.210243,35.686291],[136.209283,35.686718],[136.208043,35.687695],[136.206466,35.687195],[136.204761,35.687053],[136.204191,35.686791],[136.202981,35.687397],[136.202267,35.687527],[136.201609,35.688562],[136.201463,35.689526],[136.200996,35.689858],[136.199918,35.689894],[136.199231,35.689431],[136.198503,35.689574],[136.196796,35.692086],[136.196971,35.692728],[136.196475,35.694216],[136.195833,35.69462],[136.195469,35.695573],[136.195483,35.696822],[136.195001,35.697918],[136.194069,35.69932],[136.193747,35.700192],[136.193091,35.700762],[136.191924,35.700728],[136.191399,35.701512],[136.191282,35.702357],[136.190073,35.702535],[136.189356,35.702322],[136.186847,35.703346],[136.185285,35.703726],[136.18342,35.703595],[136.182221,35.702953],[136.181697,35.701917],[136.180822,35.701537],[136.180312,35.701799],[136.178357,35.70181],[136.177146,35.702821],[136.175088,35.703357],[136.174593,35.703737],[136.173879,35.703143],[136.172959,35.702738],[136.172609,35.702263],[136.171558,35.701738],[136.170058,35.701536],[136.168351,35.702785],[136.167928,35.703415],[136.166775,35.702215],[136.166614,35.701002],[136.166045,35.699357],[136.166044,35.697251],[136.165591,35.696656],[136.164833,35.696311],[136.163566,35.696216],[136.1618,35.69643],[136.161377,35.697702],[136.160765,35.698117],[136.15849,35.699011],[136.157526,35.700012],[136.156754,35.700369],[136.15519,35.699882],[136.154388,35.698976],[136.153557,35.698691],[136.152581,35.698703],[136.151357,35.69843],[136.150348,35.697715],[136.150551,35.696737],[136.149794,35.695407],[136.149735,35.694715],[136.150289,35.693955],[136.150071,35.692251],[136.150261,35.691123],[136.149152,35.690036],[136.148832,35.689288],[136.148905,35.68842],[136.148147,35.687312],[136.146632,35.68717],[136.145959,35.686538],[136.145317,35.684706],[136.143494,35.683039],[136.143494,35.682231],[136.142867,35.680767],[136.142969,35.680208],[136.142313,35.679018],[136.141481,35.678957],[136.139614,35.67797],[136.139846,35.676991],[136.139059,35.675732],[136.13798,35.675053],[136.137892,35.673328],[136.137572,35.67284],[136.13655,35.672662],[136.13604,35.671422],[136.135457,35.670994],[136.134494,35.669823],[136.134982,35.667505],[136.135496,35.667286],[136.136001,35.666104],[136.137487,35.665076],[136.139279,35.664898],[136.139884,35.6642],[136.140584,35.663819],[136.142443,35.663952],[136.143742,35.663804],[136.145091,35.663186],[136.147815,35.66252],[136.148306,35.662244],[136.149103,35.661101],[136.149178,35.660293],[136.149988,35.659614],[136.150401,35.658855],[136.15045,35.658094],[136.150905,35.656279],[136.151338,35.655627],[136.15051,35.655179],[136.150063,35.654545],[136.150541,35.653509],[136.151264,35.653047],[136.150914,35.651643],[136.151233,35.651109],[136.152508,35.650707],[136.151353,35.649682],[136.15123,35.648964],[136.151544,35.648277],[136.153104,35.646149],[136.154321,35.646066],[136.154006,35.644545],[136.15416,35.643586],[136.154708,35.643202],[136.154865,35.642404],[136.155447,35.64184],[136.157307,35.641259],[136.157366,35.640376],[136.158089,35.639512],[136.158599,35.637606],[136.158289,35.635724],[136.159774,35.634959],[136.159914,35.634588],[136.159575,35.633555],[136.159632,35.631794],[136.15951,35.630939],[136.158662,35.629993],[136.159317,35.629375],[136.160236,35.627315],[136.160307,35.626735],[136.159886,35.625947],[136.159866,35.625228],[136.161027,35.624974],[136.161702,35.624299],[136.162604,35.623909],[136.163109,35.622462],[136.163842,35.622007],[136.164271,35.621207],[136.164339,35.619955],[136.164906,35.6192],[136.165691,35.618779],[136.16689,35.618625],[136.167926,35.615679],[136.16865,35.614188],[136.16933,35.613702],[136.170361,35.612357],[136.170837,35.609577],[136.170803,35.608677],[136.171663,35.607151],[136.172261,35.606814],[136.173095,35.605454],[136.173223,35.60454],[136.17437,35.603592],[136.174411,35.602444],[136.175284,35.60038],[136.176068,35.599018],[136.176839,35.598349],[136.176737,35.596542],[136.177392,35.595688],[136.177486,35.594984],[136.175869,35.593732],[136.175616,35.592616],[136.17512,35.592006],[136.173238,35.590722],[136.172524,35.589629],[136.172421,35.588339],[136.171043,35.586824],[136.16836,35.584909],[136.166466,35.582654],[136.166919,35.581195],[136.16783,35.58031],[136.167772,35.579116],[136.168535,35.57747],[136.170172,35.576356],[136.170617,35.575477],[136.169452,35.573896],[136.169872,35.571888],[136.17033,35.571088],[136.16947,35.569798],[136.169697,35.56847],[136.169172,35.568006],[136.169934,35.566291],[136.169035,35.565465],[136.16688,35.565352],[136.1639,35.569512],[136.163612,35.570633],[136.16324,35.571144],[136.162317,35.571493],[136.161483,35.571514],[136.159884,35.571885],[136.157564,35.571242],[136.15593,35.571538],[136.154775,35.571541],[136.153908,35.572461],[136.150868,35.572881],[136.149902,35.572501],[136.149561,35.57139],[136.148666,35.571538],[136.148086,35.572045],[136.147168,35.571963],[136.146378,35.570757],[136.144773,35.570594],[136.14333,35.571149],[136.142505,35.572246],[136.142289,35.573223],[136.141732,35.573943],[136.138687,35.575673],[136.137481,35.575271],[136.136008,35.575845],[136.134068,35.574869],[136.132817,35.574528],[136.131013,35.574862],[136.129934,35.575291],[136.128989,35.575349],[136.128117,35.575839],[136.126382,35.575479],[136.125001,35.575997],[136.12327,35.576267],[136.12158,35.576164],[136.12018,35.576781],[136.118402,35.57713],[136.116766,35.578811],[136.116713,35.57953],[136.117342,35.580837],[136.116683,35.58193],[136.115528,35.582868],[136.114144,35.582963],[136.113593,35.582775],[136.113046,35.582011],[136.11222,35.579838],[136.112382,35.579166],[136.112122,35.578496],[136.112069,35.576743],[136.112334,35.575652],[136.112916,35.575175],[136.112937,35.574047],[136.112599,35.573411],[136.111309,35.573035],[136.111494,35.57176],[136.109908,35.569135],[136.108611,35.568878],[136.107939,35.568297],[136.108894,35.567197],[136.1095,35.566028],[136.109807,35.564897],[136.110678,35.563324],[136.11049,35.562592],[136.110337,35.560607],[136.110486,35.560048],[136.110096,35.559287],[136.108852,35.559019],[136.108838,35.55805],[136.108388,35.5576],[136.107513,35.557431],[136.10674,35.55683],[136.10545,35.555419],[136.106112,35.554299],[136.106394,35.553364],[136.107433,35.552472],[136.108406,35.55081],[136.108514,35.550058],[136.10905,35.549658],[136.10791,35.547486],[136.107969,35.546657],[136.10893,35.545944],[136.109406,35.545119],[136.10938,35.543865],[136.108947,35.543084],[136.109145,35.542611],[136.108363,35.541383],[136.107975,35.540121],[136.106958,35.539122],[136.106088,35.538639],[136.105986,35.536882],[136.106763,35.535756],[136.106797,35.534824],[136.106379,35.534191],[136.106067,35.532963],[136.106611,35.531978],[136.107198,35.530366],[136.106455,35.528989],[136.105623,35.528818],[136.105282,35.52653],[136.104526,35.52523],[136.104696,35.524048],[136.104491,35.523171],[136.10464,35.52163],[136.103679,35.521038],[136.103995,35.51759],[136.104927,35.516635],[136.104703,35.515764],[136.105054,35.51502],[136.104689,35.513595],[136.104127,35.51286],[136.103317,35.512668],[136.102968,35.513113],[136.101912,35.511998],[136.101337,35.510659],[136.101402,35.509956],[136.101022,35.509005],[136.101101,35.508449],[136.100571,35.507227],[136.100496,35.505491],[136.099395,35.504942],[136.09911,35.504124],[136.099678,35.502566],[136.099194,35.500677],[136.098607,35.500116],[136.098914,35.499457],[136.099863,35.498411],[136.099998,35.497134],[136.099806,35.496186],[136.100204,35.495676],[136.100356,35.494785],[136.100163,35.49379],[136.10077,35.492217],[136.10084,35.490832],[136.101226,35.490257],[136.101127,35.488372],[136.100807,35.48727],[136.101049,35.485703],[136.100052,35.485226],[136.099528,35.483958],[136.099455,35.483153],[136.100093,35.481868],[136.100103,35.480839],[136.099566,35.480048],[136.098403,35.479793],[136.097538,35.479089],[136.096248,35.478372],[136.096326,35.477543],[136.096088,35.476483],[136.096907,35.475759],[136.097129,35.474658],[136.095825,35.473716],[136.094752,35.47325],[136.094888,35.471958],[136.095456,35.470073],[136.09544,35.469409],[136.093728,35.468752],[136.092601,35.467726],[136.092523,35.465878],[136.091651,35.465321],[136.092064,35.464197],[136.093076,35.463382],[136.093298,35.462383],[136.094286,35.46138],[136.096117,35.461366],[136.097358,35.46084],[136.0983,35.460915],[136.101604,35.460583],[136.102916,35.459664],[136.105678,35.459016],[136.115829,35.454557],[136.11794,35.438103],[136.116373,35.432657],[136.094715,35.410054],[136.098341,35.392822],[136.129559,35.369269],[136.145082,35.357558],[136.148546,35.356009],[136.175303,35.348425],[136.20978,35.338654]]]]}},
  {"type":"Feature","properties":{"name":"近江八幡市","code":"25204"},"geometry":{"type":"MultiPolygon","coordinates":[[[[135.995847,35.190207],[136.001069,35.186178],[136.003639,35.154608],[136.007979,35.140903],[136.013729,35.137876],[136.015611,35.137338],[136.016152,35.137479],[136.017128,35.136863],[136.018114,35.137842],[136.019765,35.136806],[136.020603,35.13763],[136.022641,35.136332],[136.023324,35.136983],[136.024959,35.1359],[136.026256,35.133642],[136.026453,35.132073],[136.025674,35.131292],[136.027077,35.130388],[136.028539,35.130974],[136.030506,35.129845],[136.028848,35.128373],[136.028388,35.127615],[136.028761,35.126876],[136.031746,35.125931],[136.032242,35.125261],[136.032222,35.124624],[136.031083,35.123024],[136.030618,35.122094],[136.030528,35.121231],[136.030755,35.119761],[136.031403,35.117904],[136.033237,35.114418],[136.034345,35.113649],[136.03581,35.113212],[136.038005,35.112127],[136.040684,35.110155],[136.041866,35.109714],[136.042796,35.109743],[136.045985,35.110636],[136.047352,35.110708],[136.048711,35.110385],[136.050435,35.109419],[136.053598,35.107903],[136.055557,35.106478],[136.057263,35.105643],[136.060231,35.1055],[136.062871,35.10497],[136.064701,35.105075],[136.066545,35.106312],[136.068142,35.104166],[136.068628,35.103051],[136.069716,35.101266],[136.069367,35.099683],[136.069573,35.098756],[136.070603,35.097538],[136.07184,35.097537],[136.073037,35.095516],[136.077018,35.092395],[136.077955,35.092019],[136.078083,35.093121],[136.078979,35.093205],[136.08058,35.092283],[136.08112,35.092704],[136.081619,35.092328],[136.082804,35.093368],[136.083217,35.093009],[136.083842,35.093773],[136.08445,35.094989],[136.086205,35.095155],[136.087011,35.096314],[136.087189,35.097174],[136.091014,35.097009],[136.092594,35.096579],[136.094016,35.096404],[136.09756,35.097101],[136.099037,35.096963],[136.099839,35.096429],[136.100455,35.095354],[136.101912,35.091256],[136.10319,35.088898],[136.103943,35.088773],[136.104755,35.088994],[136.105827,35.089749],[136.107088,35.091825],[136.108518,35.092318],[136.109364,35.092133],[136.110213,35.091561],[136.113289,35.088918],[136.114413,35.087582],[136.115359,35.087453],[136.116365,35.087933],[136.11753,35.089747],[136.118912,35.091204],[136.119801,35.091657],[136.121191,35.091846],[136.122646,35.091604],[136.124304,35.090293],[136.125794,35.089379],[136.126886,35.088285],[136.128725,35.086986],[136.129179,35.085242],[136.12983,35.084748],[136.131329,35.084309],[136.133313,35.08457],[136.134179,35.084404],[136.134727,35.083815],[136.13512,35.082184],[136.13489,35.081543],[136.133988,35.080707],[136.133507,35.079685],[136.133449,35.07845],[136.133886,35.077113],[136.135154,35.075609],[136.135995,35.074846],[136.137069,35.074341],[136.138727,35.073929],[136.140697,35.074553],[136.142512,35.075758],[136.143634,35.075947],[136.144731,35.076391],[136.145767,35.076446],[136.14595,35.076948],[136.145307,35.077797],[136.143616,35.078861],[136.143175,35.079444],[136.141806,35.079927],[136.141022,35.080544],[136.140513,35.081526],[136.140634,35.082133],[136.140154,35.082878],[136.140558,35.083591],[136.140802,35.085153],[136.139409,35.086883],[136.138245,35.087242],[136.13712,35.087347],[136.135852,35.087698],[136.134248,35.088826],[136.13366,35.089477],[136.133571,35.090413],[136.132663,35.090846],[136.132163,35.091501],[136.130858,35.092402],[136.130325,35.092534],[136.12794,35.094212],[136.126535,35.094774],[136.125508,35.095747],[136.126102,35.097468],[136.127284,35.097599],[136.127218,35.098336],[136.126597,35.099438],[136.125876,35.099929],[136.12545,35.101383],[136.125503,35.102476],[136.126958,35.102837],[136.128182,35.103994],[136.129648,35.104984],[136.131613,35.104977],[136.132185,35.105662],[136.133435,35.105766],[136.133722,35.105292],[136.134611,35.104982],[136.136633,35.105223],[136.137725,35.104756],[136.138834,35.10501],[136.139879,35.104663],[136.140916,35.105391],[136.139624,35.109731],[136.140468,35.110096],[136.141609,35.109977],[136.141932,35.109515],[136.143815,35.110218],[136.144798,35.109381],[136.146267,35.110085],[136.146039,35.110846],[136.146836,35.111992],[136.147548,35.111526],[136.14996,35.110394],[136.149915,35.110092],[136.150967,35.10872],[136.151892,35.108351],[136.153062,35.108619],[136.152837,35.107964],[136.15403,35.107502],[136.155009,35.107474],[136.155571,35.108703],[136.15635,35.107666],[136.158355,35.107298],[136.159116,35.106801],[136.159984,35.106697],[136.163197,35.104916],[136.164117,35.105601],[136.163713,35.107906],[136.163759,35.108547],[136.164348,35.109575],[136.165211,35.110101],[136.166367,35.110092],[136.166957,35.109152],[136.168399,35.109786],[136.168421,35.110078],[136.169846,35.110892],[136.169696,35.111975],[136.169097,35.112748],[136.168682,35.114521],[136.169242,35.116125],[136.169699,35.11697],[136.169913,35.118191],[136.173494,35.119906],[136.174399,35.121069],[136.175566,35.122161],[136.176168,35.123082],[136.178762,35.124141],[136.180352,35.124694],[136.181081,35.124471],[136.182184,35.124705],[136.182989,35.12559],[136.182833,35.127089],[136.181831,35.128817],[136.18101,35.12866],[136.179003,35.128948],[136.178418,35.129452],[136.177047,35.129903],[136.175799,35.13053],[136.174843,35.131873],[136.173737,35.132643],[136.173048,35.133991],[136.172173,35.134148],[136.171913,35.134775],[136.172468,35.136106],[136.172821,35.136414],[136.172752,35.137398],[136.17327,35.137751],[136.172448,35.138588],[136.171718,35.138793],[136.171455,35.14009],[136.171803,35.141036],[136.170992,35.141816],[136.170016,35.142257],[136.169072,35.143014],[136.168277,35.14425],[136.167026,35.144649],[136.166609,35.145035],[136.165626,35.14484],[136.164629,35.145007],[136.16405,35.145397],[136.163088,35.145406],[136.162042,35.145741],[136.160437,35.146626],[136.159454,35.147391],[136.159391,35.148764],[136.158255,35.149378],[136.156604,35.14953],[136.154143,35.151804],[136.153226,35.152368],[136.151552,35.153058],[136.149914,35.153211],[136.149138,35.153101],[136.148043,35.153434],[136.14658,35.153339],[136.145182,35.15375],[136.144052,35.154345],[136.140745,35.155052],[136.139379,35.155997],[136.139895,35.156464],[136.13964,35.157962],[136.13971,35.159623],[136.140011,35.160783],[136.138543,35.162474],[136.137737,35.162883],[136.13697,35.163815],[136.136541,35.164758],[136.135646,35.165519],[136.13499,35.166449],[136.130463,35.171879],[136.133387,35.173178],[136.1357,35.173663],[136.135126,35.175722],[136.131755,35.175168],[136.131093,35.177583],[136.129745,35.183254],[136.12462,35.182427],[136.123394,35.187028],[136.112434,35.185169],[136.111304,35.189851],[136.105895,35.18896],[136.104098,35.196132],[136.09996,35.195437],[136.099589,35.19665],[136.098158,35.196426],[136.098414,35.197058],[136.100509,35.197518],[136.101873,35.198854],[136.101286,35.201211],[136.099004,35.208158],[136.099535,35.20972],[136.09054,35.221662],[136.085233,35.251843],[136.0837,35.258851],[136.078913,35.260875],[136.07118,35.259499],[136.026869,35.239294],[136.016299,35.231279],[136.010823,35.224862],[135.995847,35.190207]]]]}},
  {"type":"Feature","properties":{"name":"草津市","code":"25206"},"geometry":{"type":"MultiPolygon","coordinates":[[[[135.989413,34.979997],[135.989159,34.981086],[135.989398,34.981843],[135.989975,34.982552],[135.991406,34.983143],[135.991275,34.985024],[135.989382,34.987164],[135.989436,34.988059],[135.990267,34.989105],[135.990431,34.991146],[135.991269,34.991653],[135.992216,34.989911],[135.993664,34.989802],[135.994341,34.988815],[135.995798,34.988878],[135.99626,34.989277],[135.996467,34.991567],[135.996321,34.992866],[135.997141,34.99381],[135.997406,34.994802],[135.999185,34.996908],[135.997922,34.997693],[135.997885,34.998424],[135.997301,34.999586],[135.996808,34.999261],[135.995853,35.000134],[135.995165,35.001534],[135.994079,35.001643],[135.993833,35.002446],[135.992008,35.003325],[135.992017,35.005295],[135.991122,35.006676],[135.990658,35.006972],[135.990144,35.007979],[135.988355,35.008629],[135.98773,35.00907],[135.986182,35.009713],[135.985661,35.009333],[135.984066,35.009866],[135.982474,35.008883],[135.981404,35.009911],[135.979108,35.011293],[135.975873,35.012423],[135.974277,35.013432],[135.97219,35.014393],[135.970469,35.015586],[135.97103,35.016512],[135.972561,35.018351],[135.969694,35.019771],[135.97016,35.020738],[135.968419,35.02182],[135.970394,35.024199],[135.968793,35.025089],[135.968916,35.025696],[135.971803,35.029455],[135.970545,35.030215],[135.97138,35.030853],[135.972492,35.031373],[135.968115,35.033768],[135.967729,35.033713],[135.962273,35.036694],[135.961014,35.037664],[135.96501,35.042608],[135.958662,35.045848],[135.958936,35.046281],[135.958615,35.047489],[135.959957,35.049124],[135.961115,35.048584],[135.962836,35.050685],[135.964442,35.052956],[135.964066,35.054026],[135.964379,35.054663],[135.962755,35.054433],[135.961647,35.055098],[135.960274,35.056568],[135.96014,35.057149],[135.960809,35.058857],[135.959333,35.059694],[135.95806,35.060203],[135.95755,35.06125],[135.956587,35.060936],[135.955905,35.060286],[135.954098,35.060586],[135.952139,35.061429],[135.951051,35.061354],[135.95013,35.06154],[135.94847,35.062954],[135.948173,35.063375],[135.948014,35.064858],[135.94749,35.066446],[135.947382,35.067729],[135.947582,35.068254],[135.946172,35.071627],[135.945531,35.072861],[135.944364,35.074142],[135.944774,35.077549],[135.940881,35.080841],[135.923241,35.088123],[135.914686,35.079441],[135.91148,35.069737],[135.907448,35.064098],[135.906316,35.063118],[135.89813,35.052689],[135.892177,35.044611],[135.887955,35.035325],[135.88785,35.032442],[135.891174,35.023474],[135.893719,35.022442],[135.89819,35.012474],[135.901281,35.002446],[135.900617,34.997392],[135.902907,34.992353],[135.908775,34.995393],[135.909628,34.995363],[135.913228,34.995835],[135.915036,34.995973],[135.915943,34.996373],[135.91716,34.996296],[135.918348,34.995704],[135.918921,34.996319],[135.919987,34.995765],[135.920193,34.996072],[135.921436,34.995434],[135.921691,34.995779],[135.925076,34.994825],[135.92651,34.994671],[135.926801,34.995148],[135.928222,34.994879],[135.929981,34.994202],[135.930196,34.994679],[135.929326,34.995318],[135.92913,34.995951],[135.93027,34.996389],[135.933547,34.995232],[135.934925,34.994329],[135.936786,34.993528],[135.938778,34.992928],[135.93979,34.992416],[135.940613,34.991239],[135.941512,34.990799],[135.941119,34.990106],[135.939807,34.98888],[135.939713,34.988526],[135.941466,34.987823],[135.942195,34.986999],[135.943075,34.986419],[135.943627,34.985534],[135.94387,34.984031],[135.944871,34.982636],[135.945478,34.982305],[135.946548,34.981016],[135.947306,34.979621],[135.947278,34.978913],[135.949076,34.975259],[135.94938,34.973097],[135.950109,34.972178],[135.951453,34.971865],[135.95341,34.97174],[135.954036,34.972341],[135.954893,34.97379],[135.956364,34.973372],[135.95831,34.97251],[135.959563,34.972535],[135.960496,34.973006],[135.96061,34.973944],[135.960163,34.974712],[135.961188,34.975518],[135.962052,34.975562],[135.962995,34.976394],[135.965418,34.975776],[135.96582,34.976182],[135.9668,34.976232],[135.967673,34.976744],[135.969023,34.976638],[135.969114,34.977431],[135.96862,34.978045],[135.966865,34.977471],[135.965765,34.977521],[135.965954,34.978703],[135.966281,34.979327],[135.965772,34.980233],[135.966207,34.981029],[135.967218,34.982004],[135.966988,34.983098],[135.97242,34.984377],[135.973334,34.985985],[135.973692,34.984959],[135.976248,34.984917],[135.976174,34.983803],[135.976908,34.983628],[135.977767,34.984186],[135.979181,34.983423],[135.978096,34.982406],[135.977276,34.982614],[135.976006,34.981797],[135.976576,34.981467],[135.977509,34.981656],[135.978151,34.981143],[135.977932,34.980061],[135.979687,34.979685],[135.981193,34.980909],[135.981541,34.979841],[135.982531,34.979151],[135.983558,34.97971],[135.983685,34.978524],[135.984679,34.978717],[135.98586,34.978161],[135.987323,34.978057],[135.988408,34.978875],[135.988366,34.980053],[135.989413,34.979997]]]]}},
  {"type":"Feature","properties":{"name":"守山市","code":"25207"},"geometry":{"type":"MultiPolygon","coordinates":[[[[135.923241,35.088123],[135.940881,35.080841],[135.944774,35.077549],[135.944364,35.074142],[135.945531,35.072861],[135.946172,35.071627],[135.947582,35.068254],[135.947382,35.067729],[135.94749,35.066446],[135.948014,35.064858],[135.948173,35.063375],[135.94847,35.062954],[135.95013,35.06154],[135.951051,35.061354],[135.952139,35.061429],[135.954098,35.060586],[135.955905,35.060286],[135.956587,35.060936],[135.95755,35.06125],[135.95806,35.060203],[135.959333,35.059694],[135.960809,35.058857],[135.96014,35.057149],[135.960274,35.056568],[135.961647,35.055098],[135.962755,35.054433],[135.964379,35.054663],[135.964066,35.054026],[135.964442,35.052956],[135.962836,35.050685],[135.969714,35.047174],[135.974812,35.044478],[135.976025,35.046017],[135.982182,35.042589],[135.981169,35.041253],[135.982616,35.040556],[135.982323,35.040226],[135.985172,35.038488],[135.986741,35.037878],[135.988135,35.039671],[135.990352,35.038549],[135.99324,35.036876],[135.993834,35.037447],[135.994921,35.036893],[135.996202,35.038514],[135.997396,35.03799],[135.99809,35.039068],[135.997336,35.039564],[136.000386,35.043358],[136.003487,35.047652],[136.004603,35.047659],[136.005388,35.048219],[136.007154,35.049904],[136.008553,35.048864],[136.010297,35.048595],[136.010869,35.048342],[136.011475,35.047603],[136.012429,35.048313],[136.015963,35.050671],[136.013585,35.053596],[136.007718,35.05929],[136.004316,35.058656],[135.996885,35.062978],[135.997235,35.063646],[135.996667,35.064411],[135.997139,35.065222],[135.998141,35.064651],[135.998498,35.064992],[136.001589,35.068861],[136.003903,35.069619],[136.007167,35.070213],[136.009723,35.075937],[136.010124,35.077043],[136.010216,35.077953],[136.010094,35.081582],[136.009374,35.083016],[136.008505,35.08342],[136.009109,35.083898],[136.008695,35.084527],[136.008725,35.085201],[136.009504,35.085749],[136.009692,35.086252],[136.008108,35.086924],[136.007977,35.087245],[136.006432,35.087961],[136.005845,35.088702],[136.005222,35.088099],[136.00416,35.088861],[136.003347,35.089871],[136.001603,35.090398],[136.001893,35.090988],[136.002686,35.091511],[136.00241,35.092328],[136.003688,35.092657],[136.003114,35.094063],[136.003215,35.096116],[136.003785,35.096244],[136.004052,35.097215],[136.003883,35.10104],[136.003638,35.102332],[136.002861,35.103707],[136.001276,35.105138],[136.00037,35.106633],[135.999707,35.109298],[135.998996,35.109977],[135.997758,35.11028],[135.99604,35.110103],[135.994707,35.110269],[135.993464,35.109117],[135.991381,35.110675],[135.992423,35.111141],[135.992402,35.112069],[135.99331,35.112077],[135.994066,35.1156],[135.994031,35.116587],[135.993595,35.11766],[135.992318,35.117449],[135.98967,35.118511],[135.989822,35.119033],[135.98858,35.119418],[135.988583,35.120191],[135.984993,35.12018],[135.984988,35.122121],[135.981891,35.122143],[135.981343,35.122781],[135.975979,35.125898],[135.967594,35.130869],[135.959311,35.147213],[135.940255,35.137524],[135.938436,35.126196],[135.935191,35.121183],[135.935581,35.115521],[135.931394,35.109457],[135.923241,35.088123]]]]}},
  {"type":"Feature","properties":{"name":"栗東市","code":"25208"},"geometry":{"type":"MultiPolygon","coordinates":[[[[136.041074,34.945271],[136.043254,34.945288],[136.044264,34.945506],[136.044904,34.946224],[136.04621,34.946469],[136.045881,34.948326],[136.045095,34.95021],[136.045477,34.950761],[136.046128,34.950964],[136.047296,34.952048],[136.046935,34.952942],[136.04719,34.954029],[136.047685,34.954944],[136.048997,34.956809],[136.04883,34.958366],[136.051304,34.960443],[136.053512,34.960713],[136.055121,34.960444],[136.057019,34.961715],[136.058084,34.962104],[136.058228,34.963132],[136.061239,34.96417],[136.060863,34.964899],[136.061127,34.96631],[136.060714,34.966732],[136.059593,34.967026],[136.059402,34.967504],[136.058271,34.968109],[136.057494,34.969425],[136.056129,34.970612],[136.055788,34.971528],[136.054106,34.973358],[136.052961,34.974233],[136.053283,34.974767],[136.053117,34.976143],[136.05236,34.976643],[136.050554,34.976903],[136.049878,34.978845],[136.048941,34.980259],[136.04634,34.98124],[136.045643,34.982108],[136.044443,34.984919],[136.043022,34.984772],[136.042389,34.985847],[136.042852,34.986471],[136.042621,34.987487],[136.044084,34.989325],[136.044821,34.990844],[136.044285,34.991842],[136.045137,34.992734],[136.045359,34.993387],[136.046397,34.994825],[136.046326,34.995581],[136.045328,34.996515],[136.0423,34.996615],[136.041244,34.996876],[136.040326,34.996583],[136.038778,34.997581],[136.038478,34.998207],[136.038538,34.999316],[136.038819,35.000318],[136.039299,35.000877],[136.038942,35.002662],[136.038121,35.003127],[136.037872,35.004324],[136.037307,35.004955],[136.038149,35.005538],[136.038483,35.006463],[136.039584,35.007402],[136.039099,35.008272],[136.037052,35.009674],[136.036691,35.010334],[136.036289,35.011944],[136.036825,35.012532],[136.036784,35.014091],[136.037105,35.015253],[136.037645,35.015728],[136.03752,35.016332],[136.038994,35.016759],[136.03945,35.017536],[136.03965,35.018429],[136.039236,35.019038],[136.038309,35.019503],[136.038278,35.01997],[136.037552,35.020288],[136.036646,35.021301],[136.036688,35.022884],[136.037028,35.024332],[136.037531,35.02525],[136.038298,35.025483],[136.038886,35.02617],[136.037401,35.026814],[136.033348,35.028929],[136.030652,35.030546],[136.027933,35.033267],[136.027001,35.034394],[136.024936,35.037637],[136.022766,35.040832],[136.021283,35.043147],[136.019009,35.046311],[136.015963,35.050671],[136.012429,35.048313],[136.011475,35.047603],[136.010869,35.048342],[136.010297,35.048595],[136.008553,35.048864],[136.007154,35.049904],[136.005388,35.048219],[136.004603,35.047659],[136.003487,35.047652],[136.000386,35.043358],[135.997336,35.039564],[135.99809,35.039068],[135.997396,35.03799],[135.996202,35.038514],[135.994921,35.036893],[135.993834,35.037447],[135.99324,35.036876],[135.990352,35.038549],[135.988135,35.039671],[135.986741,35.037878],[135.985172,35.038488],[135.982323,35.040226],[135.982616,35.040556],[135.981169,35.041253],[135.982182,35.042589],[135.976025,35.046017],[135.974812,35.044478],[135.969714,35.047174],[135.962836,35.050685],[135.961115,35.048584],[135.959957,35.049124],[135.958615,35.047489],[135.958936,35.046281],[135.958662,35.045848],[135.96501,35.042608],[135.961014,35.037664],[135.962273,35.036694],[135.967729,35.033713],[135.968115,35.033768],[135.972492,35.031373],[135.97138,35.030853],[135.970545,35.030215],[135.971803,35.029455],[135.968916,35.025696],[135.968793,35.025089],[135.970394,35.024199],[135.968419,35.02182],[135.97016,35.020738],[135.969694,35.019771],[135.972561,35.018351],[135.97103,35.016512],[135.970469,35.015586],[135.97219,35.014393],[135.974277,35.013432],[135.975873,35.012423],[135.979108,35.011293],[135.981404,35.009911],[135.982474,35.008883],[135.984066,35.009866],[135.985661,35.009333],[135.986182,35.009713],[135.98773,35.00907],[135.988355,35.008629],[135.990144,35.007979],[135.990658,35.006972],[135.991122,35.006676],[135.992017,35.005295],[135.992008,35.003325],[135.993833,35.002446],[135.994079,35.001643],[135.995165,35.001534],[135.995853,35.000134],[135.996808,34.999261],[135.997301,34.999586],[135.997885,34.998424],[135.997922,34.997693],[135.999185,34.996908],[135.997406,34.994802],[135.997141,34.99381],[135.996321,34.992866],[135.996467,34.991567],[135.99626,34.989277],[135.995798,34.988878],[135.994341,34.988815],[135.993664,34.989802],[135.992216,34.989911],[135.991269,34.991653],[135.990431,34.991146],[135.990267,34.989105],[135.989436,34.988059],[135.989382,34.987164],[135.991275,34.985024],[135.991406,34.983143],[135.989975,34.982552],[135.989398,34.981843],[135.989159,34.981086],[135.989413,34.979997],[135.991944,34.98035],[135.99276,34.980882],[135.993599,34.981015],[135.993876,34.980394],[135.992984,34.978951],[135.993086,34.97839],[135.99414,34.978346],[135.995001,34.977878],[135.996728,34.977903],[135.998184,34.977408],[135.998835,34.976889],[136.000457,34.977645],[136.001195,34.978331],[136.002286,34.978702],[136.003161,34.979651],[136.004133,34.98011],[136.005541,34.979837],[136.005691,34.979176],[136.007903,34.978535],[136.008341,34.977444],[136.009569,34.975869],[136.010252,34.975544],[136.010809,34.974072],[136.010863,34.97322],[136.011343,34.97241],[136.011151,34.971353],[136.010692,34.970291],[136.011556,34.969975],[136.011567,34.969199],[136.012079,34.968918],[136.01272,34.967695],[136.013928,34.965908],[136.013469,34.965047],[136.014066,34.964017],[136.013778,34.96311],[136.013992,34.962609],[136.012732,34.962257],[136.011836,34.962573],[136.009304,34.963065],[136.008525,34.962442],[136.007627,34.962626],[136.006249,34.961905],[136.005764,34.961237],[136.004505,34.960961],[136.003717,34.961073],[136.001024,34.960864],[136.001023,34.959758],[136.001349,34.959594],[136.002255,34.958107],[136.003569,34.9568],[136.005257,34.956194],[136.006498,34.955561],[136.010108,34.954551],[136.010235,34.953917],[136.011179,34.95213],[136.011406,34.951131],[136.012393,34.950212],[136.013029,34.949367],[136.013864,34.948888],[136.014461,34.947904],[136.014453,34.94691],[136.01487,34.946319],[136.014734,34.945752],[136.015759,34.945832],[136.016938,34.9438],[136.017662,34.943651],[136.018507,34.944129],[136.019923,34.943921],[136.021083,34.943047],[136.024588,34.94233],[136.025041,34.941957],[136.026096,34.941733],[136.027851,34.939939],[136.028991,34.940663],[136.030038,34.939731],[136.030449,34.940211],[136.031136,34.940011],[136.032049,34.940502],[136.032652,34.941353],[136.033624,34.941407],[136.03412,34.942576],[136.034655,34.94328],[136.036032,34.94365],[136.037683,34.943026],[136.039017,34.94355],[136.039148,34.944182],[136.040282,34.944994],[136.04032,34.946099],[136.039692,34.946951],[136.039458,34.94841],[136.039702,34.949074],[136.039496,34.949677],[136.040677,34.951307],[136.040406,34.951772],[136.041193,34.953108],[136.040818,34.95419],[136.040003,34.954869],[136.039796,34.955528],[136.040003,34.956229],[136.040649,34.957172],[136.040912,34.958764],[136.040827,34.959806],[136.041446,34.961189],[136.042636,34.961245],[136.043101,34.960341],[136.042868,34.959834],[136.042192,34.959668],[136.041621,34.95851],[136.042201,34.958091],[136.041292,34.957149],[136.041102,34.956496],[136.041706,34.956025],[136.040754,34.955581],[136.041086,34.954901],[136.041786,34.954472],[136.041867,34.953096],[136.041005,34.95189],[136.041319,34.951133],[136.040161,34.949743],[136.040147,34.947355],[136.040797,34.94648],[136.041074,34.945271]]]]}},
  {"type":"Feature","properties":{"name":"甲賀市","code":"25209"},"geometry":{"type":"MultiPolygon","coordinates":[[[[135.943235,34.878178],[135.942737,34.877551],[135.943075,34.875972],[135.943749,34.874962],[135.943218,34.874167],[135.943218,34.873485],[135.943627,34.872794],[135.94287,34.871274],[135.942553,34.869949],[135.941377,34.868236],[135.941183,34.866193],[135.940896,34.865022],[135.941172,34.864413],[135.940988,34.863739],[135.942379,34.862531],[135.942052,34.862001],[135.942932,34.861164],[135.943178,34.859779],[135.943781,34.859409],[135.944578,34.859501],[135.945212,34.858541],[135.945101,34.857191],[135.945787,34.856413],[135.947035,34.853521],[135.946187,34.851783],[135.946739,34.851404],[135.94771,34.851361],[135.948599,34.851943],[135.949585,34.85158],[135.951221,34.852431],[135.952795,34.852372],[135.95338,34.853191],[135.955025,34.853385],[135.956725,34.854313],[135.957134,34.854776],[135.958742,34.854736],[135.959181,34.854003],[135.959764,34.853876],[135.961399,34.85466],[135.962066,34.853371],[135.962884,34.853127],[135.962671,34.85192],[135.962733,34.850434],[135.96615,34.849456],[135.966856,34.848946],[135.967132,34.847355],[135.967796,34.846706],[135.968317,34.846656],[135.969673,34.847177],[135.970398,34.847018],[135.970613,34.846487],[135.971441,34.846445],[135.972054,34.846049],[135.972056,34.845179],[135.971043,34.843641],[135.971626,34.842479],[135.971309,34.841356],[135.971299,34.840472],[135.969846,34.838132],[135.971471,34.838494],[135.972463,34.837981],[135.973526,34.837973],[135.974019,34.838512],[135.976636,34.838562],[135.977777,34.838461],[135.979658,34.83911],[135.981088,34.839059],[135.982175,34.839347],[135.983995,34.840622],[135.984946,34.841532],[135.986637,34.841432],[135.987086,34.840801],[135.989646,34.84145],[135.989901,34.841862],[135.991587,34.842839],[135.992734,34.842327],[135.994803,34.84226],[135.995345,34.843009],[135.99606,34.843422],[135.996888,34.84354],[135.997758,34.8444],[135.998585,34.844443],[135.999206,34.844954],[136.000751,34.845086],[136.001848,34.844929],[136.002972,34.844495],[136.003993,34.844341],[136.00527,34.84311],[136.004432,34.842336],[136.00367,34.841127],[136.004066,34.840308],[136.003925,34.838664],[136.002559,34.837341],[136.002871,34.835986],[136.002507,34.834229],[136.002776,34.833604],[136.002328,34.832762],[136.002625,34.832048],[136.003779,34.831113],[136.003999,34.829629],[136.004453,34.828596],[136.004979,34.828181],[136.005383,34.826556],[136.006088,34.826052],[136.007043,34.826246],[136.008706,34.825997],[136.009896,34.826066],[136.011421,34.825617],[136.012166,34.825174],[136.013831,34.825978],[136.01549,34.826599],[136.015899,34.827904],[136.015916,34.828751],[136.017745,34.828319],[136.018512,34.826867],[136.019243,34.826334],[136.021108,34.825394],[136.021702,34.824669],[136.022656,34.824459],[136.023121,34.823993],[136.024361,34.823581],[136.026226,34.822542],[136.026787,34.821723],[136.027711,34.821802],[136.028345,34.820088],[136.028597,34.818492],[136.029034,34.81739],[136.028535,34.815919],[136.027374,34.814911],[136.025385,34.814555],[136.02461,34.814845],[136.022846,34.813514],[136.022295,34.812903],[136.020545,34.812233],[136.019442,34.812269],[136.018658,34.812671],[136.016584,34.810922],[136.01651,34.810139],[136.015435,34.809594],[136.015051,34.809146],[136.01512,34.807752],[136.013607,34.804898],[136.012638,34.803851],[136.012363,34.803159],[136.011382,34.802336],[136.011264,34.801437],[136.010271,34.799553],[136.010171,34.798456],[136.010799,34.798137],[136.011253,34.796883],[136.011331,34.795806],[136.012457,34.79563],[136.013236,34.796721],[136.014082,34.797253],[136.015076,34.797444],[136.015711,34.797822],[136.016243,34.797264],[136.01631,34.794694],[136.017021,34.794297],[136.017633,34.793598],[136.019834,34.792119],[136.021187,34.792193],[136.021417,34.791756],[136.022289,34.791555],[136.024581,34.791931],[136.026147,34.791216],[136.026725,34.790571],[136.028429,34.79068],[136.029498,34.79168],[136.030326,34.791822],[136.031081,34.792528],[136.031952,34.792988],[136.032781,34.794016],[136.034661,34.794266],[136.03541,34.793902],[136.036501,34.793779],[136.038481,34.793939],[136.039562,34.794826],[136.039115,34.795296],[136.039231,34.796055],[136.040604,34.796379],[136.041171,34.798458],[136.042732,34.798899],[136.043351,34.799327],[136.044265,34.799063],[136.045214,34.799333],[136.046713,34.801447],[136.047443,34.801529],[136.048225,34.801129],[136.048533,34.79965],[136.048869,34.799477],[136.051554,34.799091],[136.053385,34.799933],[136.054781,34.800411],[136.055029,34.80082],[136.055117,34.802073],[136.055949,34.802474],[136.056362,34.803037],[136.057334,34.803741],[136.057539,34.802689],[136.057858,34.802335],[136.059435,34.801989],[136.059953,34.801557],[136.060162,34.800543],[136.061062,34.800082],[136.062727,34.799852],[136.06368,34.800966],[136.063691,34.801608],[136.065153,34.802176],[136.065742,34.802136],[136.066547,34.802614],[136.067247,34.803346],[136.068407,34.80396],[136.069762,34.803351],[136.070495,34.804098],[136.071699,34.804367],[136.072993,34.804213],[136.072718,34.805289],[136.07377,34.805599],[136.075507,34.807852],[136.076754,34.80827],[136.078904,34.807447],[136.080162,34.808074],[136.080906,34.807543],[136.081804,34.807748],[136.082962,34.808906],[136.083315,34.809592],[136.084491,34.809825],[136.085687,34.810884],[136.086408,34.810779],[136.088095,34.811034],[136.089381,34.811908],[136.090616,34.812227],[136.091117,34.813488],[136.090682,34.814156],[136.090798,34.815841],[136.091542,34.816582],[136.092849,34.817079],[136.094084,34.8186],[136.095016,34.818727],[136.095187,34.819104],[136.09384,34.820479],[136.092589,34.820884],[136.093251,34.821904],[136.091701,34.823933],[136.091095,34.824148],[136.090825,34.824802],[136.091095,34.825972],[136.090427,34.826573],[136.08976,34.826682],[136.08911,34.827373],[136.088812,34.828497],[136.088018,34.829139],[136.087555,34.83045],[136.089639,34.831087],[136.089706,34.832562],[136.090081,34.833272],[136.089265,34.834422],[136.087979,34.834668],[136.087185,34.835778],[136.086232,34.836581],[136.086098,34.837636],[136.086669,34.838081],[136.087436,34.838014],[136.088707,34.837492],[136.089693,34.837299],[136.09031,34.836502],[136.091181,34.836582],[136.092699,34.837209],[136.093026,34.838136],[136.094402,34.839793],[136.095078,34.840177],[136.098893,34.839139],[136.100099,34.839113],[136.100491,34.839804],[136.101316,34.840438],[136.103171,34.840354],[136.104403,34.840566],[136.104995,34.841131],[136.105251,34.84288],[136.106277,34.843184],[136.107396,34.845239],[136.107653,34.846703],[136.107779,34.849095],[136.108356,34.850191],[136.10785,34.851875],[136.106919,34.852219],[136.107389,34.852761],[136.108301,34.852824],[136.108961,34.853444],[136.109791,34.85476],[136.110328,34.854791],[136.110811,34.855399],[136.113386,34.856139],[136.11427,34.855887],[136.115602,34.856263],[136.116485,34.855531],[136.117409,34.855887],[136.118106,34.85744],[136.118783,34.857956],[136.119526,34.857986],[136.120329,34.858629],[136.121035,34.859789],[136.122132,34.860254],[136.123509,34.860561],[136.125241,34.861219],[136.126382,34.862022],[136.125073,34.863576],[136.1244,34.864928],[136.122771,34.866321],[136.122938,34.866895],[136.124689,34.868089],[136.125857,34.870019],[136.125548,34.871405],[136.124519,34.871777],[136.124423,34.872297],[136.122132,34.872752],[136.12109,34.872433],[136.120881,34.871783],[136.119888,34.871478],[136.119161,34.870765],[136.118513,34.870657],[136.116914,34.871241],[136.116881,34.871618],[136.115762,34.871978],[136.115336,34.87116],[136.114388,34.870614],[136.114333,34.869649],[136.113239,34.869304],[136.110146,34.870074],[136.108975,34.869631],[136.108321,34.870428],[136.107831,34.870461],[136.107234,34.869721],[136.105348,34.870221],[136.104685,34.869901],[136.103934,34.870047],[136.103167,34.869694],[136.101949,34.870213],[136.100118,34.87062],[136.098892,34.870581],[136.098293,34.872172],[136.097812,34.872061],[136.096656,34.872577],[136.0965,34.873089],[136.095773,34.873601],[136.094929,34.873281],[136.093025,34.87352],[136.090241,34.875439],[136.089826,34.875933],[136.088885,34.875885],[136.08698,34.876356],[136.086261,34.876302],[136.085621,34.877246],[136.085163,34.878784],[136.085491,34.879281],[136.087177,34.88071],[136.087831,34.88033],[136.089048,34.880884],[136.089056,34.881796],[136.0896,34.8825],[136.088583,34.883316],[136.087932,34.884142],[136.087757,34.884798],[136.086931,34.885829],[136.085964,34.885771],[136.085373,34.886765],[136.086303,34.887765],[136.086444,34.888687],[136.086223,34.889128],[136.087153,34.889811],[136.087475,34.890622],[136.088378,34.890569],[136.089451,34.888915],[136.090194,34.888992],[136.090701,34.88852],[136.092351,34.88823],[136.093105,34.887672],[136.094786,34.887801],[136.09621,34.888853],[136.097384,34.888981],[136.098378,34.889534],[136.098767,34.891006],[136.100027,34.892071],[136.100055,34.892863],[136.100837,34.893493],[136.100951,34.894813],[136.101785,34.896144],[136.102837,34.896116],[136.103428,34.896539],[136.104231,34.897726],[136.10547,34.89829],[136.105363,34.899348],[136.106269,34.900085],[136.107163,34.900108],[136.108594,34.900693],[136.110264,34.900968],[136.110768,34.901824],[136.11155,34.902024],[136.112297,34.90188],[136.113543,34.900976],[136.113287,34.899973],[136.114498,34.899466],[136.115262,34.898627],[136.114606,34.897968],[136.114735,34.897382],[136.115526,34.896274],[136.114459,34.894678],[136.115082,34.893558],[136.115028,34.893145],[136.11628,34.892157],[136.117824,34.892502],[136.119231,34.892149],[136.120446,34.89144],[136.120255,34.890494],[136.120756,34.889247],[136.121484,34.888533],[136.121721,34.887873],[136.123419,34.888791],[136.123868,34.888811],[136.125539,34.888203],[136.125878,34.887592],[136.127272,34.886501],[136.127231,34.886105],[136.127978,34.885028],[136.129814,34.884134],[136.13106,34.883182],[136.131533,34.883134],[136.13489,34.884844],[136.135256,34.885274],[136.135157,34.886191],[136.135699,34.887246],[136.136439,34.888209],[136.137263,34.888267],[136.139205,34.887111],[136.141156,34.886769],[136.142178,34.886082],[136.144076,34.885406],[136.14445,34.884966],[136.144591,34.883993],[136.146119,34.883413],[136.147288,34.882717],[136.14737,34.88204],[136.148546,34.882016],[136.150195,34.882872],[136.151843,34.883209],[136.153572,34.884581],[136.155481,34.884523],[136.157309,34.884773],[136.159421,34.884773],[136.159438,34.885727],[136.159839,34.886574],[136.161893,34.887198],[136.162703,34.886989],[136.164989,34.887187],[136.165679,34.887883],[136.166898,34.887894],[136.167377,34.88757],[136.168595,34.887285],[136.168931,34.886884],[136.169938,34.886676],[136.170882,34.886803],[136.171995,34.887343],[136.1726,34.887186],[136.174088,34.887274],[136.175506,34.88696],[136.176401,34.887053],[136.177243,34.886787],[136.178391,34.887123],[136.179215,34.886537],[136.180159,34.886413],[136.180779,34.88579],[136.180164,34.884397],[136.179516,34.88354],[136.178255,34.882583],[136.179123,34.880665],[136.178721,34.880195],[136.179081,34.879682],[136.180475,34.879531],[136.180877,34.878771],[136.182197,34.87817],[136.18338,34.878384],[136.184304,34.878274],[136.185129,34.878675],[136.18602,34.878153],[136.187076,34.87839],[136.187429,34.878002],[136.188704,34.877584],[136.188937,34.876015],[136.190123,34.875868],[136.190481,34.875587],[136.189749,34.874171],[136.190087,34.873319],[136.192021,34.872538],[136.194613,34.872822],[136.196785,34.871638],[136.196989,34.870982],[136.198074,34.869862],[136.199851,34.870027],[136.200643,34.869464],[136.201833,34.869493],[136.202898,34.868404],[136.203419,34.868334],[136.205319,34.868713],[136.207544,34.868586],[136.209073,34.868121],[136.210287,34.86705],[136.211054,34.866801],[136.212014,34.866021],[136.214362,34.865493],[136.21573,34.865464],[136.216794,34.865121],[136.218494,34.865625],[136.218853,34.864627],[136.220088,34.863353],[136.221631,34.863371],[136.223608,34.863208],[136.224712,34.862598],[136.225447,34.861853],[136.22663,34.861285],[136.227832,34.860972],[136.229409,34.861546],[136.229966,34.861337],[136.23186,34.861453],[136.23295,34.860917],[136.235387,34.861474],[136.237113,34.860575],[136.237314,34.859731],[136.238293,34.859551],[136.23918,34.859789],[136.240626,34.859366],[136.242739,34.859598],[136.243397,34.858867],[136.244552,34.858681],[136.24542,34.859216],[136.246878,34.858809],[136.248078,34.858748],[136.249018,34.858007],[136.250675,34.857728],[136.254122,34.858284],[136.254616,34.859094],[136.256456,34.859886],[136.258069,34.86087],[136.261787,34.862185],[136.262306,34.862529],[136.26383,34.862788],[136.265634,34.863786],[136.267897,34.864467],[136.268778,34.865459],[136.268894,34.867905],[136.269482,34.868592],[136.270311,34.869117],[136.272503,34.869207],[136.273685,34.869787],[136.274396,34.870547],[136.275968,34.871827],[136.27633,34.872875],[136.277115,34.874214],[136.277861,34.873754],[136.279221,34.873675],[136.280683,34.873039],[136.281483,34.872283],[136.281584,34.871071],[136.28235,34.8711],[136.283843,34.870292],[136.285241,34.870491],[136.286447,34.870084],[136.28759,34.870142],[136.289061,34.869573],[136.292058,34.870667],[136.292718,34.8703],[136.294289,34.871399],[136.29458,34.871876],[136.297098,34.872757],[136.297816,34.873416],[136.298766,34.875366],[136.300023,34.875609],[136.300604,34.876082],[136.301773,34.87642],[136.30234,34.876279],[136.303386,34.874961],[136.303748,34.874842],[136.305019,34.875182],[136.306324,34.876414],[136.307854,34.877517],[136.308457,34.878398],[136.31007,34.87904],[136.31037,34.880038],[136.311429,34.8801],[136.312918,34.880627],[136.313508,34.881581],[136.313391,34.882483],[136.313726,34.883154],[136.313712,34.884021],[136.313036,34.885926],[136.313226,34.886972],[136.315332,34.887431],[136.317061,34.888174],[136.319057,34.889566],[136.320789,34.889821],[136.322193,34.889392],[136.324224,34.889924],[136.325494,34.888811],[136.326342,34.888642],[136.328177,34.889941],[136.330729,34.892434],[136.332486,34.892508],[136.335431,34.893285],[136.338316,34.894666],[136.339409,34.895472],[136.341344,34.895838],[136.342926,34.895608],[136.343743,34.895754],[136.345594,34.895201],[136.346046,34.894728],[136.348287,34.895855],[136.349504,34.897056],[136.350331,34.898966],[136.352955,34.899518],[136.354042,34.899856],[136.355443,34.899749],[136.357357,34.900482],[136.358327,34.901164],[136.359209,34.902042],[136.359981,34.903248],[136.360193,34.904116],[136.361375,34.904454],[136.36208,34.904953],[136.36334,34.905047],[136.364922,34.90486],[136.366098,34.905006],[136.365776,34.906409],[136.365974,34.908336],[136.365081,34.909003],[136.364724,34.911222],[136.365152,34.912686],[136.366726,34.913396],[136.3685,34.914967],[136.367846,34.916344],[136.367273,34.916631],[136.367382,34.91751],[136.367819,34.918113],[136.368031,34.919293],[136.367358,34.919789],[136.36724,34.920583],[136.367785,34.921319],[136.367812,34.921901],[136.369279,34.922918],[136.370757,34.923495],[136.372652,34.923582],[136.373913,34.923779],[136.37524,34.924509],[136.375022,34.924939],[136.373768,34.925404],[136.371691,34.927596],[136.372956,34.928507],[136.372535,34.92984],[136.371794,34.930269],[136.371538,34.930871],[136.371826,34.931551],[136.371756,34.933772],[136.371903,34.934588],[136.372838,34.93498],[136.372972,34.935438],[136.37386,34.93615],[136.374925,34.937649],[136.374913,34.938486],[136.375267,34.938787],[136.375353,34.939892],[136.374048,34.940619],[136.37269,34.942257],[136.373217,34.942476],[136.374061,34.943367],[136.375243,34.943867],[136.377307,34.945567],[136.378826,34.946006],[136.380564,34.948063],[136.381929,34.948759],[136.382897,34.950015],[136.384189,34.950652],[136.384642,34.951676],[136.385781,34.952679],[136.38627,34.952543],[136.387709,34.953081],[136.388592,34.952351],[136.389528,34.952507],[136.39017,34.952281],[136.390391,34.951684],[136.39202,34.95118],[136.393159,34.951059],[136.394788,34.951423],[136.395259,34.951882],[136.395192,34.952577],[136.396074,34.953728],[136.396368,34.954484],[136.39619,34.956043],[136.396471,34.957419],[136.397298,34.958327],[136.397757,34.959427],[136.399556,34.961106],[136.399685,34.961788],[136.399122,34.963143],[136.400451,34.9639],[136.402007,34.964995],[136.402166,34.965812],[136.403378,34.966433],[136.403464,34.967188],[136.403096,34.968123],[136.403146,34.969153],[136.403739,34.969354],[136.404217,34.970287],[136.404743,34.97074],[136.405724,34.970876],[136.407106,34.971728],[136.407449,34.972152],[136.407486,34.973549],[136.408386,34.974083],[136.408919,34.975056],[136.40974,34.975708],[136.410573,34.975925],[136.411197,34.976696],[136.413548,34.977938],[136.414307,34.978992],[136.41438,34.979435],[136.41563,34.980323],[136.415874,34.980801],[136.415268,34.981609],[136.415317,34.983151],[136.415103,34.983742],[136.415593,34.98646],[136.415507,34.987011],[136.4161,34.988144],[136.415494,34.990394],[136.416357,34.99213],[136.415738,34.993103],[136.41493,34.993178],[136.414477,34.994429],[136.413486,34.995427],[136.414478,34.996642],[136.414912,34.996557],[136.416357,34.997651],[136.417686,34.998105],[136.41907,34.998378],[136.419829,34.999034],[136.420368,34.999024],[136.421364,35.000056],[136.421364,35.001218],[136.421003,35.002075],[136.419963,35.002941],[136.419886,35.003778],[136.420096,35.005192],[136.419439,35.005568],[136.418883,35.006863],[136.418841,35.007882],[136.418496,35.009116],[136.417957,35.009393],[136.416962,35.011238],[136.417097,35.013006],[136.416684,35.013741],[136.416928,35.015058],[136.417821,35.016302],[136.418756,35.017015],[136.418167,35.018123],[136.417398,35.018178],[136.416141,35.017788],[136.415262,35.016933],[136.413602,35.015885],[136.41228,35.015951],[136.410597,35.015439],[136.409329,35.015479],[136.407855,35.013875],[136.405686,35.014352],[136.404578,35.013773],[136.403192,35.013973],[136.402192,35.014391],[136.401788,35.015571],[136.400267,35.016457],[136.398979,35.016854],[136.396457,35.016824],[136.394444,35.017219],[136.394195,35.018173],[136.393338,35.018938],[136.391872,35.019587],[136.389024,35.021313],[136.388343,35.022283],[136.387911,35.022453],[136.385488,35.021488],[136.384574,35.021473],[136.383786,35.020462],[136.383371,35.018456],[136.380796,35.018083],[136.380173,35.017529],[136.377866,35.017228],[136.377149,35.016841],[136.376712,35.016243],[136.376052,35.016176],[136.375094,35.015213],[136.374389,35.015106],[136.373291,35.015856],[136.372103,35.016364],[136.371079,35.016206],[136.369223,35.016325],[136.367436,35.016771],[136.366056,35.016783],[136.364975,35.016383],[136.363866,35.016804],[136.363787,35.01834],[136.363996,35.019543],[136.364433,35.020543],[136.363896,35.021361],[136.363168,35.021943],[136.361834,35.022459],[136.360291,35.022328],[136.358868,35.022845],[136.35724,35.022787],[136.356392,35.023156],[136.354901,35.023413],[136.354334,35.022918],[136.352578,35.022491],[136.350926,35.021546],[136.350675,35.021027],[136.349132,35.01942],[136.348155,35.01907],[136.347404,35.018476],[136.346001,35.018241],[136.344411,35.017331],[136.343888,35.016871],[136.342484,35.016574],[136.341754,35.015626],[136.341258,35.014197],[136.341771,35.013683],[136.342048,35.012154],[136.342501,35.011673],[136.342979,35.010326],[136.345419,35.0086],[136.344892,35.007019],[136.344783,35.006212],[136.344179,35.005376],[136.344513,35.003983],[136.344435,35.002946],[136.343915,35.002241],[136.343055,35.001787],[136.343475,35.000058],[136.34361,34.998482],[136.343435,34.997118],[136.34306,34.996221],[136.342233,34.995617],[136.341798,34.993941],[136.342188,34.992799],[136.341097,34.990676],[136.340911,34.989254],[136.339401,34.987907],[136.3387,34.985508],[136.337479,34.984706],[136.336299,34.98365],[136.334965,34.98301],[136.333445,34.98333],[136.332442,34.983302],[136.331869,34.982989],[136.33083,34.983016],[136.330764,34.982343],[136.329629,34.982564],[136.328248,34.980879],[136.326471,34.979923],[136.325138,34.978433],[136.323316,34.977641],[136.322014,34.977748],[136.320566,34.978275],[136.319864,34.979547],[136.318871,34.980329],[136.317638,34.980793],[136.316706,34.98075],[136.315906,34.982033],[136.315836,34.982604],[136.314322,34.982772],[136.313221,34.983111],[136.311189,34.982922],[136.308537,34.983639],[136.307096,34.984219],[136.306363,34.984142],[136.305451,34.983643],[136.303595,34.983243],[136.302729,34.983483],[136.3012,34.983594],[136.300954,34.982723],[136.300254,34.981881],[136.298843,34.981188],[136.298542,34.979754],[136.297132,34.978978],[136.296426,34.977846],[136.294952,34.977725],[136.294163,34.977236],[136.293064,34.975967],[136.293029,34.975199],[136.291353,34.974471],[136.290365,34.973664],[136.289573,34.97377],[136.286733,34.974781],[136.286304,34.973871],[136.285506,34.974059],[136.283919,34.973256],[136.28413,34.972486],[136.284271,34.970735],[136.282977,34.971022],[136.282336,34.970243],[136.281704,34.970045],[136.281565,34.968752],[136.281099,34.968073],[136.279499,34.967737],[136.278008,34.966431],[136.277994,34.965197],[136.277529,34.964862],[136.27639,34.965099],[136.275096,34.965069],[136.273601,34.963704],[136.271381,34.962893],[136.270918,34.962031],[136.269697,34.961374],[136.268584,34.961801],[136.268056,34.963336],[136.267009,34.963751],[136.265976,34.963403],[136.265174,34.963713],[136.264594,34.962892],[136.263802,34.961335],[136.2628,34.961139],[136.261875,34.96154],[136.261148,34.961138],[136.259318,34.960791],[136.257545,34.960071],[136.256498,34.959439],[136.255654,34.959221],[136.25445,34.958061],[136.253397,34.957651],[136.252242,34.956727],[136.251227,34.956589],[136.24927,34.956677],[136.248579,34.956451],[136.247118,34.956544],[136.245914,34.956891],[136.244506,34.957723],[136.243279,34.958064],[136.241531,34.958153],[136.239413,34.95907],[136.237955,34.959237],[136.237004,34.960466],[136.235958,34.961331],[136.233845,34.962359],[136.233961,34.962726],[136.232805,34.963234],[136.231834,34.963169],[136.230751,34.964257],[136.230813,34.965606],[136.229784,34.966063],[136.230484,34.967552],[136.22965,34.96867],[136.229283,34.969506],[136.228213,34.970426],[136.226462,34.970381],[136.226456,34.971046],[136.225456,34.970899],[136.224665,34.97004],[136.223765,34.96947],[136.222655,34.969357],[136.221375,34.968954],[136.220024,34.96873],[136.219558,34.969421],[136.219249,34.971201],[136.218114,34.972439],[136.218971,34.973448],[136.218521,34.975143],[136.218675,34.975469],[136.219897,34.976089],[136.220511,34.977413],[136.219616,34.978056],[136.219134,34.979146],[136.219603,34.979732],[136.21919,34.980299],[136.217918,34.980515],[136.217881,34.981583],[136.216276,34.982991],[136.216243,34.983723],[136.215753,34.984488],[136.215421,34.985611],[136.214396,34.985338],[136.213729,34.985483],[136.213241,34.985017],[136.21204,34.984836],[136.211182,34.984368],[136.210753,34.985015],[136.207777,34.985302],[136.2074,34.986289],[136.207449,34.987145],[136.2068,34.987564],[136.205971,34.988895],[136.205234,34.988752],[136.204292,34.988999],[136.203474,34.988716],[136.202386,34.988904],[136.200528,34.988934],[136.199744,34.989233],[136.20072,34.99056],[136.200337,34.99107],[136.201098,34.992369],[136.199686,34.992528],[136.198134,34.993599],[136.196746,34.993261],[136.196009,34.994327],[136.195103,34.995128],[136.192488,34.996629],[136.191418,34.996573],[136.190509,34.996813],[136.188868,34.997544],[136.188926,34.998701],[136.188577,35.000073],[136.187726,35.000303],[136.187349,34.999999],[136.186005,35.001301],[136.185628,35.002007],[136.184812,35.002178],[136.184355,35.002695],[136.181981,35.002322],[136.181564,35.003146],[136.18282,35.004457],[136.183061,35.005518],[136.182696,35.007117],[136.183321,35.007554],[136.183545,35.009202],[136.182525,35.010266],[136.181841,35.010636],[136.181538,35.011525],[136.182554,35.012186],[136.182831,35.01388],[136.181933,35.014006],[136.180493,35.014558],[136.180327,35.015419],[136.180675,35.016433],[136.180136,35.016644],[136.179537,35.017414],[136.179431,35.01823],[136.17822,35.020164],[136.177398,35.020429],[136.176594,35.021359],[136.175535,35.020152],[136.175653,35.019372],[136.174936,35.018302],[136.174836,35.016958],[136.174146,35.016476],[136.173304,35.016541],[136.173015,35.017001],[136.173088,35.018235],[136.172364,35.019286],[136.171502,35.020024],[136.17164,35.020986],[136.170587,35.022058],[136.170172,35.023152],[136.169817,35.02339],[136.168263,35.023483],[136.167467,35.024072],[136.166638,35.025425],[136.166474,35.027095],[136.165256,35.029548],[136.165229,35.030083],[136.163549,35.03063],[136.16324,35.02887],[136.162076,35.027559],[136.160964,35.026752],[136.161063,35.024964],[136.160878,35.024305],[136.159615,35.023665],[136.159569,35.023053],[136.159076,35.022138],[136.157914,35.021981],[136.156564,35.020456],[136.155744,35.020521],[136.153405,35.019255],[136.152473,35.020205],[136.15139,35.019872],[136.150404,35.020015],[136.149193,35.021521],[136.148416,35.022276],[136.147267,35.022122],[136.145961,35.022549],[136.14577,35.023773],[136.14452,35.02403],[136.143201,35.024103],[136.142736,35.024916],[136.14218,35.025045],[136.141696,35.024637],[136.141357,35.022993],[136.141845,35.021381],[136.141726,35.020493],[136.141251,35.019898],[136.14015,35.019488],[136.139077,35.017948],[136.138709,35.016707],[136.138983,35.015828],[136.138754,35.015224],[136.137437,35.014554],[136.137013,35.013602],[136.137791,35.012589],[136.137492,35.012323],[136.137891,35.010054],[136.138445,35.009413],[136.138425,35.008909],[136.139407,35.008055],[136.139393,35.006269],[136.138869,35.0048],[136.139423,35.003799],[136.139065,35.002892],[136.138055,35.002459],[136.136916,35.002404],[136.135697,35.001858],[136.134837,35.000629],[136.13306,35.000842],[136.130885,34.999106],[136.130664,34.999522],[136.129569,34.999047],[136.127661,34.999053],[136.125856,34.998454],[136.124838,34.997193],[136.123492,34.99712],[136.122487,34.995945],[136.122464,34.995584],[136.123776,34.993594],[136.125351,34.992106],[136.127206,34.991379],[136.127537,34.989335],[136.127405,34.989008],[136.125511,34.988482],[136.124446,34.988443],[136.125144,34.986955],[136.125199,34.985621],[136.124125,34.984213],[136.124052,34.983842],[136.125876,34.981952],[136.126899,34.9806],[136.127949,34.97862],[136.128237,34.976987],[136.129085,34.973179],[136.129904,34.972258],[136.130978,34.969509],[136.131668,34.967981],[136.131411,34.966991],[136.12936,34.965812],[136.130251,34.964596],[136.131952,34.963411],[136.131302,34.962622],[136.13009,34.962401],[136.128602,34.961228],[136.126519,34.961198],[136.12563,34.960963],[136.123903,34.957873],[136.123888,34.956645],[136.123259,34.954932],[136.121643,34.954146],[136.120523,34.954636],[136.119648,34.954646],[136.118742,34.953404],[136.116443,34.952279],[136.115838,34.951564],[136.115722,34.950565],[136.114214,34.949165],[136.113781,34.947904],[136.113482,34.947629],[136.111837,34.947546],[136.110487,34.946672],[136.109683,34.946607],[136.109272,34.946945],[136.108713,34.948225],[136.107638,34.948279],[136.106941,34.948678],[136.105494,34.948353],[136.104762,34.948637],[136.104013,34.950176],[136.102798,34.951875],[136.102268,34.951771],[136.100688,34.952167],[136.099641,34.953095],[136.098691,34.953175],[136.097222,34.954008],[136.095649,34.954544],[136.094719,34.954558],[136.093509,34.955752],[136.093313,34.957347],[136.091922,34.956791],[136.091824,34.954532],[136.090759,34.954289],[136.089654,34.954477],[136.088489,34.954271],[136.087712,34.954557],[136.087086,34.953631],[136.086264,34.953871],[136.086073,34.954962],[136.084311,34.955488],[136.083711,34.955249],[136.082919,34.955897],[136.082892,34.956461],[136.081774,34.957331],[136.080866,34.957456],[136.079618,34.958075],[136.079229,34.959147],[136.079395,34.959754],[136.07884,34.960444],[136.077087,34.960926],[136.077306,34.961634],[136.076404,34.962467],[136.074458,34.962097],[136.072941,34.962131],[136.071657,34.962539],[136.071749,34.96434],[136.070465,34.964598],[136.070026,34.96564],[136.068686,34.964455],[136.067392,34.964174],[136.067154,34.963418],[136.066223,34.962861],[136.064876,34.962677],[136.062604,34.96444],[136.061239,34.96417],[136.058228,34.963132],[136.058084,34.962104],[136.057019,34.961715],[136.055121,34.960444],[136.053512,34.960713],[136.051304,34.960443],[136.04883,34.958366],[136.048997,34.956809],[136.047685,34.954944],[136.04719,34.954029],[136.046935,34.952942],[136.047296,34.952048],[136.046128,34.950964],[136.045477,34.950761],[136.045095,34.95021],[136.045881,34.948326],[136.04621,34.946469],[136.044904,34.946224],[136.044264,34.945506],[136.043254,34.945288],[136.041074,34.945271],[136.040981,34.944759],[136.04022,34.944013],[136.040466,34.943638],[136.039603,34.942263],[136.038613,34.941776],[136.037214,34.941344],[136.035059,34.940069],[136.033109,34.938226],[136.03309,34.93777],[136.034079,34.937465],[136.033993,34.936766],[136.035181,34.936532],[136.037067,34.934351],[136.037666,34.933404],[136.039142,34.933223],[136.039723,34.932863],[136.040066,34.931633],[136.040427,34.931366],[136.041959,34.931366],[136.042389,34.930479],[136.042675,34.926354],[136.041876,34.925241],[136.04198,34.924276],[136.0418,34.923478],[136.040438,34.922183],[136.038364,34.921485],[136.037594,34.921759],[136.037249,34.922559],[136.036546,34.922943],[136.036278,34.923523],[136.035518,34.923891],[136.034649,34.923589],[136.033555,34.922782],[136.033134,34.922235],[136.032488,34.922288],[136.031664,34.922833],[136.029441,34.922774],[136.028908,34.922236],[136.026621,34.922296],[136.024988,34.92153],[136.024025,34.921703],[136.023419,34.921537],[136.022943,34.920234],[136.021562,34.918565],[136.021327,34.917555],[136.020213,34.91688],[136.019546,34.916734],[136.018844,34.917086],[136.018253,34.917814],[136.016396,34.917775],[136.015532,34.917502],[136.013381,34.91854],[136.011575,34.920184],[136.009757,34.919954],[136.008572,34.919123],[136.007924,34.918051],[136.006218,34.917057],[136.004685,34.915706],[136.004539,34.915109],[136.003879,34.914341],[136.002789,34.914383],[136.001662,34.912141],[136.000824,34.911486],[135.999823,34.911035],[135.999802,34.910116],[135.999406,34.909295],[135.998803,34.908905],[135.998155,34.908949],[135.997141,34.908566],[135.995973,34.908594],[135.994305,34.909038],[135.993434,34.90951],[135.992736,34.908655],[135.992925,34.907888],[135.992768,34.906416],[135.992892,34.905409],[135.992543,34.904914],[135.992651,34.903687],[135.991953,34.902846],[135.991538,34.901435],[135.991687,34.900922],[135.990433,34.899955],[135.98908,34.899783],[135.98805,34.898385],[135.98693,34.897585],[135.987524,34.896425],[135.987136,34.895761],[135.987421,34.895333],[135.987272,34.893798],[135.987949,34.89286],[135.988925,34.892374],[135.987493,34.889838],[135.986389,34.889368],[135.985134,34.889672],[135.983516,34.889132],[135.981608,34.889718],[135.980601,34.889766],[135.977524,34.889026],[135.976895,34.888609],[135.974829,34.888473],[135.974565,34.888767],[135.975028,34.890318],[135.974714,34.891682],[135.973218,34.89231],[135.971849,34.893673],[135.971315,34.893579],[135.970758,34.892798],[135.969554,34.892581],[135.968769,34.891935],[135.967458,34.891218],[135.967493,34.889326],[135.967179,34.888431],[135.966929,34.885629],[135.966373,34.883101],[135.965988,34.882736],[135.965746,34.881767],[135.964876,34.88123],[135.964306,34.880016],[135.963359,34.879893],[135.961811,34.879998],[135.960273,34.880549],[135.958598,34.880755],[135.955889,34.880761],[135.955441,34.88062],[135.954356,34.879261],[135.953388,34.878739],[135.952424,34.878874],[135.949608,34.879567],[135.948226,34.878151],[135.947179,34.877664],[135.946193,34.877957],[135.944129,34.877975],[135.943235,34.878178]]]]}},
  {"type":"Feature","properties":{"name":"野洲市","code":"25210"},"geometry":{"type":"MultiPolygon","coordinates":[[[[135.959311,35.147213],[135.967594,35.130869],[135.975979,35.125898],[135.981343,35.122781],[135.981891,35.122143],[135.984988,35.122121],[135.984993,35.12018],[135.988583,35.120191],[135.98858,35.119418],[135.989822,35.119033],[135.98967,35.118511],[135.992318,35.117449],[135.993595,35.11766],[135.994031,35.116587],[135.994066,35.1156],[135.99331,35.112077],[135.992402,35.112069],[135.992423,35.111141],[135.991381,35.110675],[135.993464,35.109117],[135.994707,35.110269],[135.99604,35.110103],[135.997758,35.11028],[135.998996,35.109977],[135.999707,35.109298],[136.00037,35.106633],[136.001276,35.105138],[136.002861,35.103707],[136.003638,35.102332],[136.003883,35.10104],[136.004052,35.097215],[136.003785,35.096244],[136.003215,35.096116],[136.003114,35.094063],[136.003688,35.092657],[136.00241,35.092328],[136.002686,35.091511],[136.001893,35.090988],[136.001603,35.090398],[136.003347,35.089871],[136.00416,35.088861],[136.005222,35.088099],[136.005845,35.088702],[136.006432,35.087961],[136.007977,35.087245],[136.008108,35.086924],[136.009692,35.086252],[136.009504,35.085749],[136.008725,35.085201],[136.008695,35.084527],[136.009109,35.083898],[136.008505,35.08342],[136.009374,35.083016],[136.010094,35.081582],[136.010216,35.077953],[136.010124,35.077043],[136.009723,35.075937],[136.007167,35.070213],[136.003903,35.069619],[136.001589,35.068861],[135.998498,35.064992],[135.998141,35.064651],[135.997139,35.065222],[135.996667,35.064411],[135.997235,35.063646],[135.996885,35.062978],[136.004316,35.058656],[136.007718,35.05929],[136.013585,35.053596],[136.015963,35.050671],[136.019009,35.046311],[136.021283,35.043147],[136.022766,35.040832],[136.024936,35.037637],[136.027001,35.034394],[136.027933,35.033267],[136.030652,35.030546],[136.033348,35.028929],[136.037401,35.026814],[136.038886,35.02617],[136.041236,35.025342],[136.042123,35.02703],[136.043268,35.027661],[136.045031,35.029356],[136.045797,35.029814],[136.049842,35.031751],[136.051207,35.031685],[136.050893,35.032471],[136.051404,35.033886],[136.051227,35.035682],[136.051492,35.035993],[136.052985,35.036264],[136.053316,35.037036],[136.052602,35.037721],[136.052771,35.038625],[136.05244,35.039461],[136.052911,35.040753],[136.053616,35.042084],[136.054413,35.042766],[136.055919,35.044761],[136.056039,35.045251],[136.055703,35.046119],[136.056122,35.047542],[136.055624,35.048228],[136.055178,35.051071],[136.054636,35.051816],[136.05462,35.052964],[136.055059,35.055603],[136.056332,35.056746],[136.057084,35.056653],[136.058906,35.056085],[136.060827,35.055773],[136.061896,35.055458],[136.064372,35.055055],[136.065829,35.055094],[136.068414,35.054414],[136.068994,35.053919],[136.070404,35.053564],[136.072652,35.052754],[136.073169,35.0523],[136.0731,35.054201],[136.07352,35.055265],[136.073444,35.056223],[136.075022,35.057239],[136.075615,35.058033],[136.076745,35.058595],[136.078178,35.059563],[136.079369,35.059433],[136.079699,35.060829],[136.07888,35.061446],[136.078625,35.061961],[136.078866,35.062636],[136.078481,35.063736],[136.078777,35.064858],[136.080326,35.066814],[136.078777,35.06785],[136.078908,35.070221],[136.079816,35.071742],[136.079761,35.072109],[136.078446,35.073288],[136.078508,35.074638],[136.079203,35.075209],[136.079526,35.07585],[136.07943,35.076491],[136.079829,35.077394],[136.079416,35.080035],[136.079065,35.080824],[136.077344,35.08176],[136.077206,35.082852],[136.075815,35.083381],[136.076215,35.084323],[136.07618,35.08503],[136.076883,35.085686],[136.078058,35.087147],[136.077268,35.087785],[136.076507,35.089399],[136.077157,35.09046],[136.077646,35.090639],[136.077955,35.092019],[136.077018,35.092395],[136.073037,35.095516],[136.07184,35.097537],[136.070603,35.097538],[136.069573,35.098756],[136.069367,35.099683],[136.069716,35.101266],[136.068628,35.103051],[136.068142,35.104166],[136.066545,35.106312],[136.064701,35.105075],[136.062871,35.10497],[136.060231,35.1055],[136.057263,35.105643],[136.055557,35.106478],[136.053598,35.107903],[136.050435,35.109419],[136.048711,35.110385],[136.047352,35.110708],[136.045985,35.110636],[136.042796,35.109743],[136.041866,35.109714],[136.040684,35.110155],[136.038005,35.112127],[136.03581,35.113212],[136.034345,35.113649],[136.033237,35.114418],[136.031403,35.117904],[136.030755,35.119761],[136.030528,35.121231],[136.030618,35.122094],[136.031083,35.123024],[136.032222,35.124624],[136.032242,35.125261],[136.031746,35.125931],[136.028761,35.126876],[136.028388,35.127615],[136.028848,35.128373],[136.030506,35.129845],[136.028539,35.130974],[136.027077,35.130388],[136.025674,35.131292],[136.026453,35.132073],[136.026256,35.133642],[136.024959,35.1359],[136.023324,35.136983],[136.022641,35.136332],[136.020603,35.13763],[136.019765,35.136806],[136.018114,35.137842],[136.017128,35.136863],[136.016152,35.137479],[136.015611,35.137338],[136.013729,35.137876],[136.007979,35.140903],[136.003639,35.154608],[136.001069,35.186178],[135.995847,35.190207],[135.982368,35.186616],[135.972564,35.18098],[135.959311,35.147213]]]]}},
  {"type":"Feature","properties":{"name":"湖南市","code":"25211"},"geometry":{"type":"MultiPolygon","coordinates":[[[[136.061239,34.96417],[136.062604,34.96444],[136.064876,34.962677],[136.066223,34.962861],[136.067154,34.963418],[136.067392,34.964174],[136.068686,34.964455],[136.070026,34.96564],[136.070465,34.964598],[136.071749,34.96434],[136.071657,34.962539],[136.072941,34.962131],[136.074458,34.962097],[136.076404,34.962467],[136.077306,34.961634],[136.077087,34.960926],[136.07884,34.960444],[136.079395,34.959754],[136.079229,34.959147],[136.079618,34.958075],[136.080866,34.957456],[136.081774,34.957331],[136.082892,34.956461],[136.082919,34.955897],[136.083711,34.955249],[136.084311,34.955488],[136.086073,34.954962],[136.086264,34.953871],[136.087086,34.953631],[136.087712,34.954557],[136.088489,34.954271],[136.089654,34.954477],[136.090759,34.954289],[136.091824,34.954532],[136.091922,34.956791],[136.093313,34.957347],[136.093509,34.955752],[136.094719,34.954558],[136.095649,34.954544],[136.097222,34.954008],[136.098691,34.953175],[136.099641,34.953095],[136.100688,34.952167],[136.102268,34.951771],[136.102798,34.951875],[136.104013,34.950176],[136.104762,34.948637],[136.105494,34.948353],[136.106941,34.948678],[136.107638,34.948279],[136.108713,34.948225],[136.109272,34.946945],[136.109683,34.946607],[136.110487,34.946672],[136.111837,34.947546],[136.113482,34.947629],[136.113781,34.947904],[136.114214,34.949165],[136.115722,34.950565],[136.115838,34.951564],[136.116443,34.952279],[136.118742,34.953404],[136.119648,34.954646],[136.120523,34.954636],[136.121643,34.954146],[136.123259,34.954932],[136.123888,34.956645],[136.123903,34.957873],[136.12563,34.960963],[136.126519,34.961198],[136.128602,34.961228],[136.13009,34.962401],[136.131302,34.962622],[136.131952,34.963411],[136.130251,34.964596],[136.12936,34.965812],[136.131411,34.966991],[136.131668,34.967981],[136.130978,34.969509],[136.129904,34.972258],[136.129085,34.973179],[136.128237,34.976987],[136.127949,34.97862],[136.126899,34.9806],[136.125876,34.981952],[136.124052,34.983842],[136.124125,34.984213],[136.125199,34.985621],[136.125144,34.986955],[136.124446,34.988443],[136.125511,34.988482],[136.127405,34.989008],[136.127537,34.989335],[136.127206,34.991379],[136.125351,34.992106],[136.123776,34.993594],[136.122464,34.995584],[136.122487,34.995945],[136.123492,34.99712],[136.124838,34.997193],[136.125856,34.998454],[136.127661,34.999053],[136.129569,34.999047],[136.130664,34.999522],[136.130885,34.999106],[136.13306,35.000842],[136.134837,35.000629],[136.135697,35.001858],[136.136916,35.002404],[136.138055,35.002459],[136.139065,35.002892],[136.139423,35.003799],[136.138869,35.0048],[136.139393,35.006269],[136.139407,35.008055],[136.138425,35.008909],[136.138445,35.009413],[136.137891,35.010054],[136.137492,35.012323],[136.137791,35.012589],[136.137013,35.013602],[136.137437,35.014554],[136.138754,35.015224],[136.138983,35.015828],[136.138709,35.016707],[136.139077,35.017948],[136.14015,35.019488],[136.141251,35.019898],[136.141726,35.020493],[136.141845,35.021381],[136.141357,35.022993],[136.141696,35.024637],[136.14218,35.025045],[136.14091,35.026402],[136.138676,35.026399],[136.138119,35.02702],[136.137204,35.026923],[136.136356,35.028666],[136.136876,35.029425],[136.136873,35.03047],[136.135571,35.031495],[136.134484,35.03121],[136.133781,35.032118],[136.132113,35.032636],[136.131557,35.033271],[136.131488,35.034204],[136.130539,35.034318],[136.129554,35.035396],[136.128584,35.035026],[136.127774,35.0351],[136.127003,35.035671],[136.126193,35.035939],[136.126179,35.036588],[136.124275,35.037155],[136.123392,35.037135],[136.121256,35.036237],[136.118401,35.036298],[136.119558,35.035201],[136.120489,35.033109],[136.121286,35.031796],[136.121326,35.03087],[136.121788,35.029367],[136.122128,35.027658],[136.123424,35.025644],[136.12364,35.024951],[136.122875,35.023079],[136.122956,35.022531],[136.121966,35.021572],[136.120192,35.020994],[136.119784,35.021128],[136.118302,35.022712],[136.117526,35.024034],[136.117173,35.025025],[136.117222,35.026176],[136.116918,35.027074],[136.115074,35.027208],[136.113995,35.027108],[136.112724,35.027627],[136.11105,35.026965],[136.109831,35.027347],[136.109425,35.026736],[136.108151,35.026313],[136.106863,35.025619],[136.106063,35.024922],[136.104618,35.024574],[136.104285,35.022974],[136.103255,35.021764],[136.102301,35.02141],[136.101041,35.021631],[136.100639,35.022315],[136.099948,35.022343],[136.097675,35.023403],[136.097527,35.024874],[136.095842,35.024637],[136.094828,35.024867],[136.094009,35.0244],[136.092334,35.025253],[136.092348,35.026246],[136.090942,35.028028],[136.090917,35.028976],[136.089403,35.029435],[136.088997,35.02991],[136.087768,35.029791],[136.086635,35.029964],[136.085713,35.03087],[136.086575,35.031665],[136.086149,35.03266],[136.086286,35.033221],[136.08562,35.034069],[136.084578,35.03408],[136.083945,35.034974],[136.084816,35.036382],[136.083959,35.038341],[136.083983,35.039159],[136.081935,35.040967],[136.081465,35.041759],[136.081514,35.042304],[136.080603,35.043151],[136.078866,35.045862],[136.079266,35.046598],[136.078449,35.047088],[136.078103,35.04806],[136.078925,35.049646],[136.078687,35.050024],[136.076494,35.051232],[136.074393,35.051604],[136.073169,35.0523],[136.072652,35.052754],[136.070404,35.053564],[136.068994,35.053919],[136.068414,35.054414],[136.065829,35.055094],[136.064372,35.055055],[136.061896,35.055458],[136.060827,35.055773],[136.058906,35.056085],[136.057084,35.056653],[136.056332,35.056746],[136.055059,35.055603],[136.05462,35.052964],[136.054636,35.051816],[136.055178,35.051071],[136.055624,35.048228],[136.056122,35.047542],[136.055703,35.046119],[136.056039,35.045251],[136.055919,35.044761],[136.054413,35.042766],[136.053616,35.042084],[136.052911,35.040753],[136.05244,35.039461],[136.052771,35.038625],[136.052602,35.037721],[136.053316,35.037036],[136.052985,35.036264],[136.051492,35.035993],[136.051227,35.035682],[136.051404,35.033886],[136.050893,35.032471],[136.051207,35.031685],[136.049842,35.031751],[136.045797,35.029814],[136.045031,35.029356],[136.043268,35.027661],[136.042123,35.02703],[136.041236,35.025342],[136.038886,35.02617],[136.038298,35.025483],[136.037531,35.02525],[136.037028,35.024332],[136.036688,35.022884],[136.036646,35.021301],[136.037552,35.020288],[136.038278,35.01997],[136.038309,35.019503],[136.039236,35.019038],[136.03965,35.018429],[136.03945,35.017536],[136.038994,35.016759],[136.03752,35.016332],[136.037645,35.015728],[136.037105,35.015253],[136.036784,35.014091],[136.036825,35.012532],[136.036289,35.011944],[136.036691,35.010334],[136.037052,35.009674],[136.039099,35.008272],[136.039584,35.007402],[136.038483,35.006463],[136.038149,35.005538],[136.037307,35.004955],[136.037872,35.004324],[136.038121,35.003127],[136.038942,35.002662],[136.039299,35.000877],[136.038819,35.000318],[136.038538,34.999316],[136.038478,34.998207],[136.038778,34.997581],[136.040326,34.996583],[136.041244,34.996876],[136.0423,34.996615],[136.045328,34.996515],[136.046326,34.995581],[136.046397,34.994825],[136.045359,34.993387],[136.045137,34.992734],[136.044285,34.991842],[136.044821,34.990844],[136.044084,34.989325],[136.042621,34.987487],[136.042852,34.986471],[136.042389,34.985847],[136.043022,34.984772],[136.044443,34.984919],[136.045643,34.982108],[136.04634,34.98124],[136.048941,34.980259],[136.049878,34.978845],[136.050554,34.976903],[136.05236,34.976643],[136.053117,34.976143],[136.053283,34.974767],[136.052961,34.974233],[136.054106,34.973358],[136.055788,34.971528],[136.056129,34.970612],[136.057494,34.969425],[136.058271,34.968109],[136.059402,34.967504],[136.059593,34.967026],[136.060714,34.966732],[136.061127,34.96631],[136.060863,34.964899],[136.061239,34.96417]]]]}},
  {"type":"Feature","properties":{"name":"高島市","code":"25212"},"geometry":{"type":"MultiPolygon","coordinates":[[[[136.016299,35.231279],[136.026869,35.239294],[136.07118,35.259499],[136.078913,35.260875],[136.0837,35.258851],[136.118182,35.255558],[136.122227,35.25589],[136.152848,35.268716],[136.150117,35.3],[136.148662,35.316667],[136.145756,35.349943],[136.148546,35.356009],[136.145082,35.357558],[136.129559,35.369269],[136.098341,35.392822],[136.094715,35.410054],[136.116373,35.432657],[136.11794,35.438103],[136.115829,35.454557],[136.105678,35.459016],[136.102916,35.459664],[136.101604,35.460583],[136.0983,35.460915],[136.097358,35.46084],[136.096117,35.461366],[136.094286,35.46138],[136.093298,35.462383],[136.093076,35.463382],[136.092064,35.464197],[136.091651,35.465321],[136.092523,35.465878],[136.092601,35.467726],[136.093728,35.468752],[136.09544,35.469409],[136.095456,35.470073],[136.094888,35.471958],[136.094752,35.47325],[136.095825,35.473716],[136.097129,35.474658],[136.096907,35.475759],[136.096088,35.476483],[136.096326,35.477543],[136.096248,35.478372],[136.097538,35.479089],[136.098403,35.479793],[136.099566,35.480048],[136.100103,35.480839],[136.100093,35.481868],[136.099455,35.483153],[136.099528,35.483958],[136.100052,35.485226],[136.101049,35.485703],[136.100807,35.48727],[136.101127,35.488372],[136.101226,35.490257],[136.10084,35.490832],[136.10077,35.492217],[136.100163,35.49379],[136.100356,35.494785],[136.100204,35.495676],[136.099806,35.496186],[136.099998,35.497134],[136.099863,35.498411],[136.098914,35.499457],[136.098607,35.500116],[136.099194,35.500677],[136.099678,35.502566],[136.09911,35.504124],[136.099395,35.504942],[136.100496,35.505491],[136.100571,35.507227],[136.101101,35.508449],[136.101022,35.509005],[136.101402,35.509956],[136.101337,35.510659],[136.101912,35.511998],[136.102968,35.513113],[136.103317,35.512668],[136.104127,35.51286],[136.104689,35.513595],[136.105054,35.51502],[136.104703,35.515764],[136.104927,35.516635],[136.103995,35.51759],[136.103679,35.521038],[136.10464,35.52163],[136.104491,35.523171],[136.104696,35.524048],[136.104526,35.52523],[136.105282,35.52653],[136.105623,35.528818],[136.105277,35.528661],[136.103783,35.530411],[136.102694,35.530871],[136.101022,35.532003],[136.100293,35.53218],[136.099857,35.533665],[136.098948,35.534022],[136.09808,35.533719],[136.097428,35.53389],[136.095382,35.535282],[136.094416,35.536076],[136.093557,35.537343],[136.092892,35.537615],[136.091568,35.537352],[136.090073,35.537691],[136.088728,35.538858],[136.087426,35.538974],[136.08415,35.540044],[136.083228,35.540558],[136.08173,35.540141],[136.081143,35.539275],[136.08052,35.538946],[136.079754,35.536416],[136.079353,35.535725],[136.077831,35.535334],[136.076697,35.534434],[136.0775,35.531299],[136.077047,35.530541],[136.075274,35.529818],[136.07431,35.529745],[136.072783,35.528925],[136.072352,35.52806],[136.071549,35.527294],[136.070282,35.526556],[136.069233,35.526247],[136.066771,35.52685],[136.06601,35.527426],[136.065414,35.528211],[136.06464,35.527998],[136.062352,35.528148],[136.061803,35.528949],[136.061543,35.530238],[136.060717,35.531867],[136.05945,35.532214],[136.058911,35.531828],[136.057833,35.531925],[136.05728,35.532489],[136.056345,35.532895],[136.055835,35.533485],[136.055026,35.533536],[136.053712,35.533119],[136.053244,35.533208],[136.051538,35.534107],[136.048347,35.534532],[136.047992,35.534231],[136.047019,35.532122],[136.046895,35.530912],[136.046377,35.530176],[136.043973,35.530694],[136.042633,35.530681],[136.041911,35.530866],[136.040938,35.532182],[136.03959,35.531553],[136.038041,35.5314],[136.036601,35.530747],[136.033598,35.530107],[136.030511,35.529681],[136.02991,35.529401],[136.028276,35.529068],[136.026625,35.529523],[136.026101,35.527449],[136.026169,35.526851],[136.027561,35.526307],[136.027257,35.524856],[136.028768,35.523778],[136.028842,35.523428],[136.027291,35.521921],[136.02499,35.520853],[136.023454,35.520005],[136.023535,35.519233],[136.023237,35.518035],[136.022871,35.517646],[136.021529,35.514923],[136.020132,35.511896],[136.019408,35.511836],[136.017832,35.512376],[136.015964,35.512272],[136.015118,35.511454],[136.015757,35.510542],[136.015103,35.508729],[136.013758,35.507821],[136.013292,35.50731],[136.011727,35.504841],[136.012351,35.503452],[136.011872,35.502947],[136.011872,35.501946],[136.011611,35.500339],[136.010952,35.499967],[136.010794,35.499456],[136.011686,35.497617],[136.010189,35.495244],[136.00889,35.49385],[136.007167,35.49336],[136.007022,35.492213],[136.006665,35.491819],[136.004343,35.490971],[136.003771,35.49106],[136.002454,35.491876],[136.001781,35.491938],[136.000647,35.491578],[135.999624,35.491752],[135.997982,35.491381],[135.997611,35.491493],[135.996679,35.49263],[135.994819,35.491629],[135.99319,35.491587],[135.990873,35.492542],[135.989507,35.492682],[135.987612,35.491371],[135.987001,35.490454],[135.986377,35.49001],[135.984501,35.489143],[135.982716,35.487311],[135.981702,35.486618],[135.980951,35.486689],[135.980299,35.488074],[135.97939,35.488542],[135.979304,35.489802],[135.978789,35.491173],[135.977655,35.49265],[135.976317,35.493842],[135.976111,35.494879],[135.975699,35.495294],[135.974601,35.497533],[135.9732,35.498265],[135.972646,35.500106],[135.971396,35.500912],[135.970098,35.501159],[135.968976,35.502461],[135.967187,35.502984],[135.965143,35.502507],[135.964109,35.501782],[135.96258,35.501333],[135.961683,35.502025],[135.960887,35.502156],[135.960509,35.502853],[135.958787,35.504357],[135.958633,35.50482],[135.957586,35.505961],[135.956659,35.50612],[135.954377,35.505681],[135.95237,35.506221],[135.95178,35.507729],[135.952228,35.509184],[135.951868,35.51],[135.95182,35.511224],[135.950975,35.512896],[135.950396,35.514736],[135.949924,35.515502],[135.94883,35.5166],[135.947736,35.519248],[135.947022,35.520476],[135.946065,35.521238],[135.944492,35.521384],[135.943156,35.521305],[135.94206,35.520906],[135.941128,35.520839],[135.940558,35.520374],[135.939647,35.520543],[135.938964,35.519179],[135.938823,35.518316],[135.938979,35.516986],[135.9382,35.516098],[135.938155,35.515318],[135.9376,35.513845],[135.937903,35.513379],[135.937763,35.511821],[135.938022,35.511162],[135.937244,35.511023],[135.937488,35.510396],[135.936748,35.509087],[135.936474,35.507811],[135.935681,35.506138],[135.935251,35.504677],[135.935288,35.503912],[135.934437,35.503385],[135.933214,35.502308],[135.932977,35.501679],[135.932989,35.500314],[135.9323,35.498749],[135.931645,35.497768],[135.931685,35.496433],[135.931194,35.494883],[135.930287,35.493621],[135.929834,35.491961],[135.928778,35.491941],[135.927519,35.490509],[135.924825,35.489971],[135.924242,35.489198],[135.92402,35.487882],[135.923634,35.486732],[135.922294,35.485818],[135.922994,35.48428],[135.922985,35.482764],[135.923738,35.481702],[135.923002,35.480663],[135.922227,35.478943],[135.92157,35.47809],[135.921465,35.477384],[135.921691,35.47612],[135.919766,35.475259],[135.919046,35.474131],[135.918143,35.473826],[135.917556,35.471727],[135.917018,35.471313],[135.916112,35.471121],[135.91601,35.470578],[135.917233,35.46886],[135.917328,35.466755],[135.916243,35.46422],[135.916251,35.463388],[135.915818,35.461146],[135.914853,35.459136],[135.914953,35.457627],[135.915577,35.456119],[135.915435,35.455314],[135.914662,35.4541],[135.914586,35.451861],[135.914108,35.450693],[135.912455,35.448686],[135.91014,35.447623],[135.909799,35.446869],[135.910572,35.445648],[135.912158,35.445634],[135.913071,35.445363],[135.913222,35.444805],[135.913164,35.4431],[135.912391,35.441686],[135.912407,35.440763],[135.912815,35.440001],[135.913813,35.439138],[135.914595,35.43799],[135.914359,35.436635],[135.914828,35.435275],[135.914668,35.433847],[135.914162,35.432106],[135.913538,35.431306],[135.912017,35.430531],[135.90965,35.430034],[135.908076,35.429522],[135.90664,35.430047],[135.905884,35.430068],[135.904206,35.429598],[135.902711,35.429433],[135.901711,35.4282],[135.900977,35.425759],[135.900402,35.425692],[135.899732,35.42513],[135.899025,35.424958],[135.89798,35.424235],[135.897739,35.423433],[135.896416,35.422679],[135.896074,35.421909],[135.894832,35.421593],[135.893588,35.420201],[135.892982,35.419848],[135.893505,35.418549],[135.893571,35.416261],[135.893841,35.414837],[135.893712,35.413488],[135.893294,35.411919],[135.893546,35.410734],[135.892628,35.408873],[135.892372,35.407693],[135.892442,35.406929],[135.890931,35.404124],[135.89057,35.403175],[135.889955,35.403042],[135.887359,35.402888],[135.88564,35.402346],[135.884908,35.401951],[135.883428,35.401554],[135.882533,35.400831],[135.880287,35.400602],[135.879251,35.399648],[135.877771,35.399212],[135.876497,35.398354],[135.875554,35.397405],[135.874798,35.397139],[135.872149,35.396825],[135.871737,35.396148],[135.871127,35.395927],[135.869218,35.395914],[135.868352,35.395523],[135.867396,35.394758],[135.864532,35.394423],[135.86295,35.395116],[135.861433,35.394974],[135.860433,35.395252],[135.859796,35.396227],[135.859012,35.396893],[135.857966,35.397108],[135.856648,35.398216],[135.856045,35.399739],[135.854339,35.400778],[135.854331,35.402018],[135.855156,35.40298],[135.8549,35.404877],[135.85454,35.405921],[135.855524,35.407662],[135.855614,35.409032],[135.855371,35.409497],[135.853203,35.411537],[135.852637,35.410702],[135.851986,35.41056],[135.849679,35.410594],[135.84719,35.41148],[135.846026,35.411355],[135.844157,35.413078],[135.841155,35.413146],[135.839308,35.414268],[135.838373,35.414223],[135.837764,35.413707],[135.837146,35.412524],[135.836315,35.412008],[135.833942,35.412031],[135.832841,35.412456],[135.832037,35.412241],[135.830394,35.413168],[135.829227,35.413544],[135.8277,35.414338],[135.826695,35.41465],[135.825467,35.414378],[135.824518,35.414678],[135.820814,35.413042],[135.819234,35.412549],[135.81648,35.412679],[135.815656,35.413104],[135.813796,35.413312],[135.813214,35.412978],[135.812091,35.41129],[135.811474,35.410689],[135.81076,35.409467],[135.810566,35.408482],[135.810725,35.406209],[135.810386,35.404326],[135.810559,35.403261],[135.810074,35.401103],[135.810033,35.400221],[135.809437,35.399637],[135.809548,35.398312],[135.808778,35.396963],[135.808092,35.395241],[135.807974,35.394033],[135.808342,35.39314],[135.809188,35.392304],[135.810075,35.391771],[135.809971,35.391091],[135.809304,35.390054],[135.808769,35.388246],[135.807869,35.386897],[135.807529,35.385362],[135.806843,35.384897],[135.805178,35.384392],[135.803592,35.384942],[135.802328,35.385124],[135.800212,35.38509],[135.799104,35.38492],[135.797764,35.386409],[135.796604,35.386988],[135.79524,35.387385],[135.794055,35.387419],[135.790894,35.386639],[135.790616,35.384391],[135.790707,35.383951],[135.791864,35.381731],[135.79196,35.381116],[135.790886,35.379025],[135.789979,35.378367],[135.78915,35.378332],[135.786788,35.377878],[135.785399,35.377337],[135.78454,35.377473],[135.783924,35.377014],[135.783118,35.375541],[135.781968,35.374736],[135.780915,35.374429],[135.779146,35.373525],[135.779,35.372736],[135.779777,35.371888],[135.779354,35.370569],[135.779194,35.369336],[135.777777,35.366785],[135.777749,35.365939],[135.77577,35.365306],[135.774877,35.365342],[135.77409,35.364741],[135.773841,35.363496],[135.77216,35.362064],[135.771789,35.361357],[135.770069,35.359976],[135.769542,35.357942],[135.768785,35.356014],[135.769486,35.355361],[135.769763,35.354539],[135.769554,35.353911],[135.768917,35.353361],[135.767899,35.35323],[135.767205,35.350746],[135.765978,35.350075],[135.766249,35.348502],[135.765264,35.34782],[135.764009,35.346303],[135.763739,35.345229],[135.764073,35.344558],[135.765382,35.344053],[135.769162,35.343824],[135.77007,35.343331],[135.771511,35.343376],[135.772369,35.342939],[135.774314,35.34282],[135.777906,35.341064],[135.77869,35.340098],[135.779468,35.339989],[135.780819,35.340562],[135.781913,35.339535],[135.782509,35.338438],[135.78255,35.337772],[135.782257,35.336269],[135.783661,35.334908],[135.784223,35.333391],[135.785065,35.331972],[135.785836,35.331642],[135.785733,35.330719],[135.786729,35.330145],[135.787605,35.329324],[135.788759,35.328662],[135.790034,35.328219],[135.790423,35.327012],[135.790335,35.326476],[135.790829,35.325164],[135.790871,35.323803],[135.791733,35.323091],[135.792676,35.322956],[135.794853,35.322066],[135.79519,35.321239],[135.797059,35.320624],[135.798316,35.31968],[135.801023,35.318713],[135.803644,35.317251],[135.805863,35.316816],[135.807024,35.317072],[135.808782,35.316878],[135.80929,35.316433],[135.80925,35.315266],[135.810175,35.315121],[135.810512,35.314332],[135.811249,35.31353],[135.81119,35.312634],[135.811433,35.311918],[135.811274,35.310069],[135.810159,35.309184],[135.810672,35.308317],[135.812913,35.307509],[135.814364,35.307112],[135.815085,35.305497],[135.815769,35.303116],[135.815522,35.301849],[135.814968,35.301258],[135.816153,35.300169],[135.816624,35.299956],[135.81841,35.299835],[135.819679,35.299307],[135.820134,35.298324],[135.82122,35.297265],[135.821403,35.296835],[135.821315,35.294681],[135.82049,35.294273],[135.820625,35.293592],[135.820224,35.292333],[135.820413,35.29155],[135.820053,35.29107],[135.82055,35.290096],[135.821864,35.288893],[135.822489,35.287828],[135.823492,35.28673],[135.824284,35.28547],[135.825186,35.28476],[135.825535,35.283512],[135.825334,35.281697],[135.827169,35.280321],[135.828325,35.27869],[135.828543,35.278091],[135.829623,35.276735],[135.830743,35.276504],[135.831817,35.275948],[135.832555,35.275256],[135.834024,35.274288],[135.834609,35.274079],[135.837552,35.274722],[135.838519,35.275688],[135.840082,35.275554],[135.840376,35.275873],[135.840348,35.277145],[135.84077,35.277702],[135.841783,35.278124],[135.845019,35.278356],[135.846076,35.278709],[135.846577,35.279245],[135.847926,35.279096],[135.849203,35.279694],[135.849616,35.280282],[135.850324,35.282566],[135.851097,35.283563],[135.851681,35.285968],[135.85371,35.286868],[135.854265,35.287677],[135.855073,35.288338],[135.857084,35.289041],[135.858431,35.289229],[135.858537,35.287097],[135.859499,35.285959],[135.85977,35.285254],[135.860054,35.283515],[135.860755,35.28296],[135.862032,35.282205],[135.862304,35.281559],[135.863591,35.280893],[135.865957,35.280179],[135.866353,35.280515],[135.868135,35.281092],[135.869652,35.282016],[135.872782,35.281554],[135.87423,35.281745],[135.875664,35.283114],[135.87725,35.283633],[135.878769,35.283864],[135.880774,35.283842],[135.882987,35.284642],[135.884133,35.284007],[135.88563,35.283967],[135.887488,35.283587],[135.888148,35.282827],[135.890866,35.281649],[135.892678,35.280385],[135.894033,35.280359],[135.89523,35.279969],[135.897116,35.278192],[135.899812,35.277578],[135.900971,35.276829],[135.90306,35.276029],[135.904602,35.276233],[135.905337,35.275861],[135.906148,35.275101],[135.906161,35.274552],[135.905573,35.273796],[135.905109,35.272718],[135.904945,35.271449],[135.904517,35.270968],[135.905689,35.269534],[135.907391,35.268303],[135.908228,35.267484],[135.909191,35.265788],[135.90916,35.26498],[135.910304,35.264143],[135.910883,35.264151],[135.912522,35.264691],[135.914006,35.264355],[135.915561,35.264614],[135.91675,35.265845],[135.917204,35.2659],[135.917112,35.263975],[135.917789,35.26217],[135.919033,35.260642],[135.921313,35.259773],[135.923117,35.259875],[135.925345,35.259681],[135.926571,35.259169],[135.927893,35.258275],[135.928928,35.25841],[135.929898,35.258913],[135.932229,35.261029],[135.933393,35.261191],[135.935235,35.260643],[135.93697,35.260514],[135.937526,35.260865],[135.938052,35.261903],[135.938329,35.263741],[135.938681,35.264552],[135.939924,35.26577],[135.940632,35.26718],[135.941477,35.267264],[135.944163,35.267107],[135.944895,35.267625],[135.94498,35.268511],[135.945724,35.269556],[135.945555,35.270041],[135.946236,35.270597],[135.945809,35.271157],[135.947288,35.272078],[135.947595,35.272848],[135.948665,35.274183],[135.949641,35.274774],[135.950963,35.274687],[135.952829,35.275351],[135.95335,35.275271],[135.954999,35.275626],[135.955668,35.27552],[135.955771,35.276433],[135.956532,35.277647],[135.958791,35.277121],[135.959749,35.277147],[135.960804,35.276428],[135.961826,35.276445],[135.96391,35.275502],[135.965256,35.274655],[135.966481,35.274688],[135.968135,35.275009],[135.971809,35.274626],[135.975267,35.273489],[135.97569,35.272825],[135.97679,35.272316],[135.979374,35.272173],[135.980314,35.271943],[135.983514,35.272333],[135.983817,35.271666],[135.985189,35.270609],[135.98579,35.269916],[135.985919,35.268737],[135.986856,35.268514],[135.987542,35.267813],[135.988001,35.266966],[135.989404,35.266811],[135.991061,35.267101],[135.993729,35.264388],[136.016299,35.231279]]]]}},
  {"type":"Feature","properties":{"name":"東近江市","code":"25213"},"geometry":{"type":"MultiPolygon","coordinates":[[[[136.085233,35.251843],[136.09054,35.221662],[136.099535,35.20972],[136.099004,35.208158],[136.101286,35.201211],[136.101873,35.198854],[136.100509,35.197518],[136.098414,35.197058],[136.098158,35.196426],[136.099589,35.19665],[136.09996,35.195437],[136.104098,35.196132],[136.105895,35.18896],[136.111304,35.189851],[136.112434,35.185169],[136.123394,35.187028],[136.12462,35.182427],[136.129745,35.183254],[136.131093,35.177583],[136.131755,35.175168],[136.135126,35.175722],[136.1357,35.173663],[136.133387,35.173178],[136.130463,35.171879],[136.13499,35.166449],[136.135646,35.165519],[136.136541,35.164758],[136.13697,35.163815],[136.137737,35.162883],[136.138543,35.162474],[136.140011,35.160783],[136.13971,35.159623],[136.13964,35.157962],[136.139895,35.156464],[136.139379,35.155997],[136.140745,35.155052],[136.144052,35.154345],[136.145182,35.15375],[136.14658,35.153339],[136.148043,35.153434],[136.149138,35.153101],[136.149914,35.153211],[136.151552,35.153058],[136.153226,35.152368],[136.154143,35.151804],[136.156604,35.14953],[136.158255,35.149378],[136.159391,35.148764],[136.159454,35.147391],[136.160437,35.146626],[136.162042,35.145741],[136.163088,35.145406],[136.16405,35.145397],[136.164629,35.145007],[136.165626,35.14484],[136.166609,35.145035],[136.167026,35.144649],[136.168277,35.14425],[136.169072,35.143014],[136.170016,35.142257],[136.170992,35.141816],[136.171803,35.141036],[136.171455,35.14009],[136.171718,35.138793],[136.172448,35.138588],[136.17327,35.137751],[136.172752,35.137398],[136.172821,35.136414],[136.172468,35.136106],[136.171913,35.134775],[136.172173,35.134148],[136.173048,35.133991],[136.173737,35.132643],[136.174843,35.131873],[136.175799,35.13053],[136.177047,35.129903],[136.178418,35.129452],[136.179003,35.128948],[136.18101,35.12866],[136.181831,35.128817],[136.182833,35.127089],[136.182989,35.12559],[136.182184,35.124705],[136.181081,35.124471],[136.180352,35.124694],[136.178762,35.124141],[136.176168,35.123082],[136.175566,35.122161],[136.174399,35.121069],[136.173494,35.119906],[136.169913,35.118191],[136.169699,35.11697],[136.169242,35.116125],[136.168682,35.114521],[136.169097,35.112748],[136.169696,35.111975],[136.169846,35.110892],[136.168421,35.110078],[136.168399,35.109786],[136.166957,35.109152],[136.166367,35.110092],[136.165211,35.110101],[136.164348,35.109575],[136.163759,35.108547],[136.163713,35.107906],[136.164117,35.105601],[136.163197,35.104916],[136.159984,35.106697],[136.159116,35.106801],[136.158355,35.107298],[136.15635,35.107666],[136.155571,35.108703],[136.155009,35.107474],[136.15403,35.107502],[136.152837,35.107964],[136.153062,35.108619],[136.151892,35.108351],[136.150967,35.10872],[136.149915,35.110092],[136.14996,35.110394],[136.147548,35.111526],[136.146836,35.111992],[136.146039,35.110846],[136.146267,35.110085],[136.144798,35.109381],[136.143815,35.110218],[136.141932,35.109515],[136.141609,35.109977],[136.140468,35.110096],[136.139624,35.109731],[136.140916,35.105391],[136.139879,35.104663],[136.138834,35.10501],[136.137725,35.104756],[136.136633,35.105223],[136.134611,35.104982],[136.133722,35.105292],[136.133435,35.105766],[136.132185,35.105662],[136.131613,35.104977],[136.129648,35.104984],[136.128182,35.103994],[136.126958,35.102837],[136.125503,35.102476],[136.12545,35.101383],[136.125876,35.099929],[136.126597,35.099438],[136.127218,35.098336],[136.127284,35.097599],[136.126102,35.097468],[136.125508,35.095747],[136.126535,35.094774],[136.12794,35.094212],[136.130325,35.092534],[136.130858,35.092402],[136.132163,35.091501],[136.132663,35.090846],[136.133571,35.090413],[136.13366,35.089477],[136.134248,35.088826],[136.135852,35.087698],[136.13712,35.087347],[136.138245,35.087242],[136.139409,35.086883],[136.140802,35.085153],[136.140558,35.083591],[136.140154,35.082878],[136.140634,35.082133],[136.140513,35.081526],[136.141022,35.080544],[136.141806,35.079927],[136.143175,35.079444],[136.143616,35.078861],[136.145307,35.077797],[136.14595,35.076948],[136.145767,35.076446],[136.147913,35.074309],[136.149468,35.07324],[136.149678,35.072219],[136.148484,35.071313],[136.147564,35.070055],[136.147933,35.069135],[136.14861,35.068349],[136.149531,35.0666],[136.151364,35.066126],[136.150773,35.065039],[136.149129,35.065624],[136.148777,35.065087],[136.147998,35.065139],[136.14709,35.064653],[136.146922,35.063738],[136.146084,35.061867],[136.144089,35.060586],[136.144761,35.059762],[136.146462,35.060118],[136.147344,35.059103],[136.148109,35.059235],[136.153066,35.053879],[136.151854,35.053135],[136.15264,35.052236],[136.152143,35.051905],[136.152707,35.051188],[136.151287,35.050346],[136.149298,35.050016],[136.149175,35.04927],[136.149646,35.048265],[136.149234,35.047983],[136.150005,35.045415],[136.150056,35.044689],[136.150526,35.044476],[136.151774,35.042262],[136.152394,35.039061],[136.152891,35.038516],[136.153269,35.036661],[136.154044,35.035703],[136.154468,35.033818],[136.155015,35.032363],[136.154673,35.030768],[136.155492,35.029951],[136.156474,35.02844],[136.157403,35.028158],[136.15831,35.028301],[136.158919,35.028751],[136.161803,35.028953],[136.162239,35.029226],[136.162746,35.030789],[136.163549,35.03063],[136.165229,35.030083],[136.165256,35.029548],[136.166474,35.027095],[136.166638,35.025425],[136.167467,35.024072],[136.168263,35.023483],[136.169817,35.02339],[136.170172,35.023152],[136.170587,35.022058],[136.17164,35.020986],[136.171502,35.020024],[136.172364,35.019286],[136.173088,35.018235],[136.173015,35.017001],[136.173304,35.016541],[136.174146,35.016476],[136.174836,35.016958],[136.174936,35.018302],[136.175653,35.019372],[136.175535,35.020152],[136.176594,35.021359],[136.177398,35.020429],[136.17822,35.020164],[136.179431,35.01823],[136.179537,35.017414],[136.180136,35.016644],[136.180675,35.016433],[136.180967,35.017393],[136.181527,35.018089],[136.182121,35.018284],[136.18276,35.019186],[136.183547,35.019525],[136.183136,35.020649],[136.184106,35.023035],[136.183957,35.024038],[136.184206,35.025025],[136.185074,35.02476],[136.185804,35.025236],[136.186643,35.024992],[136.187419,35.024405],[136.18838,35.024112],[136.189952,35.024091],[136.191625,35.024744],[136.192304,35.023776],[136.193244,35.022858],[136.194945,35.022333],[136.195587,35.022348],[136.196018,35.022909],[136.196743,35.022534],[136.198058,35.023685],[136.198477,35.023417],[136.20034,35.024209],[136.199088,35.025939],[136.199118,35.027],[136.200452,35.027785],[136.201127,35.027923],[136.202911,35.028922],[136.203111,35.029539],[136.203798,35.030282],[136.2069,35.031776],[136.207758,35.031761],[136.207959,35.032342],[136.20869,35.032711],[136.209111,35.032199],[136.210551,35.032806],[136.211296,35.032944],[136.212723,35.033966],[136.213418,35.034993],[136.214453,35.035507],[136.215955,35.03549],[136.216804,35.035733],[136.217259,35.036643],[136.218775,35.037465],[136.220538,35.037621],[136.220624,35.038217],[136.220071,35.038838],[136.219453,35.040137],[136.218835,35.040157],[136.218616,35.039456],[136.217404,35.038783],[136.216175,35.038448],[136.215093,35.038679],[136.215625,35.039806],[136.215314,35.040531],[136.214457,35.040724],[136.214195,35.041263],[136.21433,35.042268],[136.214728,35.042849],[136.21472,35.044311],[136.215591,35.044103],[136.216521,35.04423],[136.216579,35.045137],[136.216313,35.048422],[136.215842,35.050236],[136.215407,35.050998],[136.21544,35.051578],[136.215968,35.052529],[136.215596,35.053055],[136.215616,35.055558],[136.216013,35.055538],[136.216489,35.056579],[136.216669,35.058717],[136.215752,35.058522],[136.214555,35.059789],[136.21555,35.059829],[136.218347,35.061931],[136.219496,35.062092],[136.22082,35.063882],[136.222837,35.064892],[136.224151,35.065218],[136.225533,35.065299],[136.22586,35.065521],[136.227066,35.065397],[136.229483,35.065485],[136.231193,35.065683],[136.232898,35.065357],[136.233861,35.065566],[136.233972,35.066344],[136.233689,35.066894],[136.233706,35.068192],[136.23446,35.068967],[136.23626,35.068853],[136.237756,35.069003],[136.238142,35.069366],[136.239016,35.069135],[136.239629,35.069356],[136.240547,35.069089],[136.241624,35.069086],[136.242313,35.068773],[136.243227,35.067731],[136.243647,35.067627],[136.24468,35.068287],[136.246024,35.068398],[136.246605,35.067938],[136.249027,35.068477],[136.250181,35.068187],[136.251429,35.067608],[136.252607,35.066656],[136.253679,35.066404],[136.254554,35.065773],[136.254814,35.065169],[136.255681,35.065183],[136.256191,35.064836],[136.257874,35.064647],[136.259166,35.062666],[136.259393,35.061713],[136.260207,35.060833],[136.261778,35.060493],[136.263114,35.059555],[136.26361,35.058634],[136.264568,35.05805],[136.266895,35.057759],[136.268328,35.058888],[136.269551,35.059361],[136.270464,35.059182],[136.270816,35.059639],[136.271026,35.061203],[136.271548,35.061549],[136.272231,35.061421],[136.272667,35.062882],[136.273856,35.062856],[136.274378,35.06079],[136.275309,35.05934],[136.275461,35.058015],[136.277181,35.057578],[136.279017,35.057495],[136.279622,35.057964],[136.280435,35.058114],[136.282476,35.057775],[136.28298,35.05751],[136.284426,35.057668],[136.286388,35.058126],[136.288753,35.057947],[136.289768,35.057607],[136.290946,35.058602],[136.291771,35.058558],[136.292201,35.057978],[136.293582,35.057314],[136.295458,35.057408],[136.297115,35.055899],[136.297932,35.055609],[136.29802,35.054595],[136.298413,35.054413],[136.298544,35.05329],[136.299043,35.052772],[136.300471,35.05292],[136.301171,35.052567],[136.301302,35.051539],[136.302423,35.051417],[136.303019,35.050754],[136.302993,35.050161],[136.303651,35.049004],[136.304766,35.048248],[136.30494,35.04688],[136.306269,35.045749],[136.30747,35.045252],[136.308661,35.046276],[136.309039,35.047018],[136.309819,35.047198],[136.310548,35.046805],[136.310554,35.046323],[136.311681,35.044478],[136.312572,35.044046],[136.31464,35.043886],[136.316251,35.043521],[136.316529,35.042927],[136.317503,35.042067],[136.317836,35.041152],[136.317517,35.040514],[136.31781,35.040081],[136.317548,35.038708],[136.317733,35.03843],[136.319382,35.038059],[136.32151,35.037268],[136.323144,35.036954],[136.325399,35.036803],[136.326624,35.037022],[136.327648,35.036146],[136.329031,35.034054],[136.329017,35.033484],[136.329977,35.032811],[136.332118,35.032536],[136.332772,35.031626],[136.333654,35.03116],[136.334026,35.030375],[136.334723,35.029644],[136.334296,35.028927],[136.334427,35.028068],[136.334991,35.027203],[136.334652,35.026061],[136.334988,35.025437],[136.337393,35.025091],[136.337823,35.023887],[136.338788,35.02328],[136.33893,35.021589],[136.33938,35.019811],[136.340709,35.018295],[136.341375,35.017773],[136.341697,35.017023],[136.342484,35.016574],[136.343888,35.016871],[136.344411,35.017331],[136.346001,35.018241],[136.347404,35.018476],[136.348155,35.01907],[136.349132,35.01942],[136.350675,35.021027],[136.350926,35.021546],[136.352578,35.022491],[136.354334,35.022918],[136.354901,35.023413],[136.356392,35.023156],[136.35724,35.022787],[136.358868,35.022845],[136.360291,35.022328],[136.361834,35.022459],[136.363168,35.021943],[136.363896,35.021361],[136.364433,35.020543],[136.363996,35.019543],[136.363787,35.01834],[136.363866,35.016804],[136.364975,35.016383],[136.366056,35.016783],[136.367436,35.016771],[136.369223,35.016325],[136.371079,35.016206],[136.372103,35.016364],[136.373291,35.015856],[136.374389,35.015106],[136.375094,35.015213],[136.376052,35.016176],[136.376712,35.016243],[136.377149,35.016841],[136.377866,35.017228],[136.380173,35.017529],[136.380796,35.018083],[136.383371,35.018456],[136.383786,35.020462],[136.384574,35.021473],[136.385488,35.021488],[136.387911,35.022453],[136.388343,35.022283],[136.389024,35.021313],[136.391872,35.019587],[136.393338,35.018938],[136.394195,35.018173],[136.394444,35.017219],[136.396457,35.016824],[136.398979,35.016854],[136.400267,35.016457],[136.401788,35.015571],[136.402192,35.014391],[136.403192,35.013973],[136.404578,35.013773],[136.405686,35.014352],[136.407855,35.013875],[136.409329,35.015479],[136.410597,35.015439],[136.41228,35.015951],[136.413602,35.015885],[136.415262,35.016933],[136.416141,35.017788],[136.417398,35.018178],[136.418167,35.018123],[136.417678,35.018491],[136.417122,35.019601],[136.418174,35.020279],[136.420188,35.020599],[136.421284,35.021271],[136.421672,35.022436],[136.421385,35.023796],[136.42216,35.025317],[136.422892,35.025659],[136.422885,35.026388],[136.422195,35.026679],[136.422726,35.028073],[136.423887,35.028654],[136.424469,35.029494],[136.423828,35.029771],[136.422309,35.029825],[136.421116,35.029626],[136.420316,35.029854],[136.418839,35.02991],[136.417939,35.030659],[136.417964,35.031394],[136.418376,35.031934],[136.417778,35.03312],[136.417028,35.033779],[136.416985,35.035338],[136.41659,35.036267],[136.416455,35.037295],[136.416876,35.039152],[136.417128,35.039653],[136.416909,35.040552],[136.415874,35.04126],[136.416329,35.042327],[136.417549,35.042327],[136.417768,35.042604],[136.417356,35.043984],[136.417693,35.04456],[136.417726,35.046647],[136.418341,35.048105],[136.417853,35.049503],[136.419294,35.049725],[136.420095,35.050558],[136.421637,35.051009],[136.42221,35.051383],[136.42258,35.052838],[136.42269,35.054343],[136.423062,35.054927],[136.424264,35.055723],[136.42472,35.056984],[136.426953,35.056964],[136.428757,35.056355],[136.42965,35.057429],[136.430349,35.058725],[136.431041,35.059233],[136.433357,35.05944],[136.433669,35.060202],[136.433324,35.061138],[136.433636,35.061687],[136.434596,35.062206],[136.435549,35.062269],[136.436265,35.063296],[136.437359,35.063718],[136.437866,35.064156],[136.438633,35.065521],[136.439854,35.065313],[136.440991,35.064544],[136.441161,35.065661],[136.441598,35.066719],[136.441245,35.067621],[136.440975,35.069197],[136.440975,35.070228],[136.440605,35.070463],[136.439627,35.072442],[136.440368,35.07436],[136.439711,35.075469],[136.438654,35.076336],[136.437467,35.077037],[136.437214,35.077981],[136.436345,35.078985],[136.435831,35.079977],[136.436,35.081536],[136.435267,35.082487],[136.436226,35.082902],[136.438131,35.083278],[136.438207,35.083859],[136.439227,35.084249],[136.440263,35.085226],[136.441972,35.085779],[136.442109,35.086154],[136.441122,35.088393],[136.44031,35.089166],[136.439779,35.090403],[136.438074,35.091718],[136.438764,35.092243],[136.439619,35.093562],[136.438699,35.096368],[136.439176,35.098083],[136.439853,35.099479],[136.441163,35.100511],[136.441911,35.101577],[136.441449,35.102122],[136.44129,35.103254],[136.441861,35.105174],[136.440932,35.106736],[136.440823,35.107749],[136.441829,35.109841],[136.442514,35.110854],[136.441671,35.111849],[136.441471,35.113088],[136.440003,35.114828],[136.439839,35.115813],[136.439966,35.116632],[136.441339,35.117295],[136.443326,35.118667],[136.444519,35.119007],[136.445112,35.120072],[136.445974,35.122384],[136.447203,35.122768],[136.448023,35.123841],[136.447484,35.124582],[136.446505,35.125417],[136.445299,35.125946],[136.444656,35.126614],[136.443186,35.127308],[136.442455,35.127461],[136.440746,35.128326],[136.4388,35.128669],[136.437304,35.130025],[136.435639,35.130655],[136.436822,35.132242],[136.437429,35.134281],[136.437466,35.135411],[136.437951,35.136564],[136.439061,35.137011],[136.440191,35.138255],[136.441257,35.138681],[136.442948,35.139057],[136.443406,35.14066],[136.444023,35.142211],[136.443243,35.144126],[136.443184,35.145174],[136.443914,35.146155],[136.444508,35.147553],[136.444227,35.148798],[136.44439,35.149338],[136.446041,35.149871],[136.448825,35.149763],[136.450394,35.149499],[136.451455,35.149763],[136.451882,35.150837],[136.452439,35.151209],[136.454344,35.151985],[136.454998,35.152415],[136.454408,35.153851],[136.454549,35.154403],[136.45429,35.156606],[136.453941,35.157922],[136.452931,35.158868],[136.454653,35.161418],[136.454535,35.162458],[136.452554,35.165839],[136.451928,35.166227],[136.450355,35.166634],[136.448536,35.166824],[136.44783,35.166704],[136.446614,35.166004],[136.445176,35.166317],[136.4448,35.167815],[136.445095,35.168348],[136.446073,35.168601],[136.445983,35.169641],[136.444699,35.170316],[136.444646,35.171142],[136.443871,35.171701],[136.443019,35.171315],[136.441919,35.171671],[136.439777,35.171496],[136.438732,35.172026],[136.437295,35.173005],[136.436828,35.173716],[136.436729,35.174716],[136.435724,35.176503],[136.434318,35.17688],[136.433361,35.178406],[136.431948,35.179667],[136.43102,35.179973],[136.429913,35.181157],[136.428879,35.181385],[136.428669,35.181786],[136.427598,35.182459],[136.426166,35.182806],[136.424992,35.183755],[136.424461,35.18451],[136.422925,35.184055],[136.422429,35.183557],[136.420806,35.182932],[136.419442,35.182722],[136.418688,35.183563],[136.417192,35.184158],[136.416294,35.185057],[136.41458,35.185558],[136.413103,35.186226],[136.41115,35.186122],[136.409946,35.186459],[136.408653,35.187183],[136.407913,35.187449],[136.405129,35.187939],[136.403694,35.187473],[136.40288,35.187876],[136.402204,35.188628],[136.401322,35.189229],[136.400202,35.189445],[136.398666,35.190369],[136.397823,35.19121],[136.396322,35.192004],[136.395749,35.192479],[136.395345,35.193825],[136.393069,35.194576],[136.392087,35.19558],[136.389085,35.196796],[136.388403,35.196199],[136.388218,35.194363],[136.388391,35.193508],[136.387748,35.190926],[136.387205,35.19069],[136.386185,35.190854],[136.385832,35.190434],[136.384641,35.189881],[136.383567,35.189109],[136.381105,35.189171],[136.379463,35.189449],[136.378874,35.18868],[136.37877,35.187298],[136.37828,35.187239],[136.377139,35.186337],[136.376461,35.186021],[136.376182,35.183596],[136.375351,35.182812],[136.375097,35.181542],[136.375912,35.17999],[136.375551,35.179013],[136.374706,35.178181],[136.374539,35.176983],[136.376154,35.175276],[136.376251,35.174042],[136.375194,35.173539],[136.375318,35.172239],[136.376136,35.171251],[136.375851,35.169698],[136.377044,35.167853],[136.377233,35.16735],[136.379394,35.165726],[136.379475,35.164988],[136.380024,35.164406],[136.379979,35.163382],[136.38039,35.162182],[136.380891,35.161723],[136.382151,35.161305],[136.382872,35.160401],[136.384101,35.160267],[136.385317,35.159622],[136.385306,35.159134],[136.386152,35.157914],[136.386439,35.156923],[136.390104,35.155382],[136.390584,35.155048],[136.391182,35.153702],[136.391409,35.151561],[136.390388,35.149733],[136.388441,35.147947],[136.388174,35.146374],[136.386713,35.144658],[136.386149,35.144443],[136.384418,35.14427],[136.383119,35.143651],[136.38297,35.142935],[136.381664,35.142504],[136.3812,35.14143],[136.380458,35.14115],[136.379151,35.140269],[136.378074,35.140249],[136.377611,35.14051],[136.37694,35.140023],[136.375154,35.139675],[136.374468,35.139235],[136.372714,35.13891],[136.371919,35.139049],[136.370894,35.138381],[136.368796,35.136216],[136.367528,35.136084],[136.365999,35.135663],[136.365104,35.135133],[136.363793,35.134939],[136.362833,35.135314],[136.361863,35.135373],[136.361151,35.136209],[136.360488,35.136519],[136.359241,35.136491],[136.358363,35.135815],[136.356613,35.134116],[136.356136,35.13267],[136.355046,35.131825],[136.354724,35.131104],[136.353036,35.131942],[136.350659,35.131932],[136.350456,35.132488],[136.348801,35.133273],[136.347558,35.133036],[136.346682,35.133442],[136.345813,35.134406],[136.343051,35.135905],[136.340713,35.136057],[136.340213,35.137697],[136.340481,35.138931],[136.339574,35.13879],[136.338698,35.139894],[136.337153,35.139653],[136.336848,35.140965],[136.336272,35.141376],[136.335744,35.142318],[136.335683,35.142954],[136.334124,35.142872],[136.333637,35.143441],[136.332913,35.143399],[136.33195,35.142938],[136.330905,35.142875],[136.329589,35.142019],[136.328794,35.140379],[136.328383,35.139968],[136.327437,35.139855],[136.326285,35.139201],[136.326288,35.138769],[136.32538,35.137043],[136.324839,35.136947],[136.323954,35.137336],[136.323769,35.137899],[136.32261,35.138265],[136.32028,35.138564],[136.31893,35.138618],[136.318912,35.140213],[136.319372,35.141354],[136.320305,35.142389],[136.320733,35.143591],[136.320644,35.144331],[136.321302,35.14509],[136.321626,35.14587],[136.318786,35.148505],[136.318382,35.149296],[136.316212,35.150472],[136.31524,35.151169],[136.314022,35.1513],[136.313433,35.151046],[136.312743,35.150102],[136.311481,35.151455],[136.311378,35.152147],[136.310784,35.152322],[136.310499,35.153227],[136.309178,35.153158],[136.308504,35.154018],[136.307656,35.153661],[136.306975,35.154731],[136.305809,35.155233],[136.305343,35.155937],[136.304429,35.156676],[136.304109,35.157436],[136.30338,35.157723],[136.301942,35.157148],[136.298402,35.156778],[136.297587,35.156994],[136.296324,35.156643],[136.295599,35.156045],[136.293979,35.155158],[136.292319,35.154656],[136.291009,35.154535],[136.288894,35.153163],[136.28752,35.153153],[136.286738,35.152843],[136.285168,35.152584],[136.284325,35.152646],[136.282938,35.153066],[136.281701,35.152453],[136.278604,35.153025],[136.276584,35.153924],[136.273318,35.153753],[136.270736,35.154838],[136.269928,35.155681],[136.268997,35.155863],[136.266218,35.156049],[136.263622,35.156573],[136.261943,35.157254],[136.260702,35.157919],[136.258762,35.159203],[136.257808,35.157759],[136.257219,35.157722],[136.255745,35.155781],[136.255188,35.15596],[136.254649,35.154555],[136.253463,35.153203],[136.252085,35.153248],[136.25194,35.15414],[136.250844,35.154594],[136.250089,35.155404],[136.249476,35.15529],[136.248015,35.156091],[136.247533,35.155338],[136.248636,35.154764],[136.247704,35.153118],[136.247882,35.152876],[136.246835,35.151003],[136.245809,35.151055],[136.242723,35.152424],[136.242239,35.152079],[136.240121,35.153631],[136.239046,35.154694],[136.239599,35.155693],[136.238929,35.156093],[136.239726,35.157158],[136.236668,35.158712],[136.236131,35.157949],[136.235111,35.15873],[136.233396,35.158524],[136.233093,35.159547],[136.231779,35.158101],[136.231364,35.157098],[136.229505,35.15801],[136.228704,35.156921],[136.22934,35.15658],[136.228203,35.1548],[136.229589,35.154057],[136.229104,35.153473],[136.232209,35.151749],[136.231471,35.150892],[136.231299,35.149907],[136.231881,35.149606],[136.230905,35.148382],[136.231686,35.148023],[136.230948,35.147116],[136.229993,35.146476],[136.229525,35.146688],[136.228731,35.145926],[136.226984,35.143511],[136.223592,35.145402],[136.222857,35.144632],[136.219918,35.146178],[136.216861,35.147875],[136.216336,35.147788],[136.214703,35.145528],[136.214346,35.144768],[136.212258,35.145939],[136.212786,35.146713],[136.211594,35.147357],[136.21216,35.148026],[136.210036,35.149264],[136.209114,35.148741],[136.208294,35.147983],[136.204262,35.148049],[136.204411,35.152276],[136.204379,35.155363],[136.203714,35.158101],[136.203328,35.158952],[136.205083,35.159589],[136.204518,35.161543],[136.202307,35.160736],[136.20098,35.162633],[136.19932,35.165296],[136.197472,35.168414],[136.196842,35.169663],[136.196476,35.170837],[136.19697,35.17374],[136.197043,35.176863],[136.196739,35.17998],[136.195986,35.184584],[136.195232,35.186416],[136.193985,35.187951],[136.191973,35.189984],[136.19163,35.190164],[136.190029,35.190783],[136.182899,35.192845],[136.180931,35.193494],[136.177879,35.195059],[136.175746,35.196532],[136.174584,35.19763],[136.17133,35.201118],[136.16885,35.203339],[136.166993,35.20444],[136.165719,35.204969],[136.163666,35.205627],[136.161182,35.205799],[136.157927,35.205574],[136.154172,35.205475],[136.152433,35.205634],[136.148647,35.206583],[136.144908,35.206768],[136.142553,35.20653],[136.141298,35.206642],[136.139749,35.207211],[136.138053,35.208941],[136.13697,35.210579],[136.135976,35.211416],[136.133636,35.212568],[136.132088,35.212898],[136.129647,35.213119],[136.12805,35.213053],[136.123007,35.212643],[136.121349,35.212805],[136.118804,35.213508],[136.116086,35.214529],[136.112117,35.216438],[136.085233,35.251843]]]]}},
  {"type":"Feature","properties":{"name":"米原市","code":"25214"},"geometry":{"type":"MultiPolygon","coordinates":[[[[136.351525,35.27413],[136.353343,35.274661],[136.354514,35.274401],[136.355514,35.274787],[136.357529,35.276638],[136.357709,35.277625],[136.359343,35.278309],[136.359966,35.278755],[136.361012,35.279033],[136.362976,35.279996],[136.363738,35.280979],[136.367212,35.281642],[136.369922,35.282022],[136.370596,35.283232],[136.371648,35.284289],[136.372698,35.284659],[136.373722,35.286195],[136.374977,35.286481],[136.376474,35.287089],[136.376772,35.287562],[136.377719,35.287285],[136.37784,35.286222],[136.378346,35.285829],[136.379117,35.286061],[136.380152,35.285544],[136.380702,35.284275],[136.380999,35.284087],[136.382717,35.285293],[136.383521,35.285615],[136.385249,35.286839],[136.386262,35.286839],[136.387902,35.287383],[136.390093,35.286901],[136.391128,35.28683],[136.391729,35.287111],[136.390907,35.287937],[136.390952,35.2895],[136.39115,35.290197],[136.39206,35.290638],[136.392504,35.291581],[136.393792,35.291921],[136.394485,35.292537],[136.394419,35.293403],[136.39486,35.294055],[136.396148,35.294261],[136.396555,35.295243],[136.397568,35.296065],[136.397887,35.296601],[136.397876,35.297404],[136.398948,35.29797],[136.399338,35.298473],[136.399381,35.299433],[136.401201,35.300191],[136.40312,35.300592],[136.403248,35.301995],[136.402973,35.302719],[136.403241,35.303442],[136.405472,35.30413],[136.406848,35.305264],[136.407303,35.307988],[136.407211,35.308622],[136.406683,35.309409],[136.406782,35.309998],[136.408202,35.311025],[136.409824,35.312673],[136.411427,35.314098],[136.412264,35.315563],[136.412275,35.317778],[136.412077,35.31851],[136.41222,35.319635],[136.412132,35.322181],[136.412628,35.323155],[136.413519,35.324021],[136.413577,35.324592],[136.413222,35.325629],[136.412539,35.326629],[136.411536,35.327279],[136.411174,35.327942],[136.411538,35.32913],[136.412341,35.329666],[136.412231,35.330747],[136.412572,35.331801],[136.413046,35.332212],[136.414444,35.332462],[136.414576,35.33331],[136.415391,35.333954],[136.415677,35.335052],[136.415346,35.336533],[136.417275,35.339395],[136.41765,35.340171],[136.418732,35.340644],[136.419023,35.341545],[136.418607,35.342524],[136.419453,35.343763],[136.41919,35.344551],[136.420133,35.346014],[136.421812,35.347399],[136.422325,35.34839],[136.420938,35.351677],[136.42091,35.352397],[136.421715,35.353275],[136.421423,35.353917],[136.419508,35.353917],[136.418635,35.354142],[136.417746,35.353804],[136.416165,35.35475],[136.41382,35.353602],[136.413792,35.352757],[136.412807,35.35215],[136.410976,35.352217],[136.410476,35.352791],[136.410768,35.354232],[136.409921,35.354986],[136.409616,35.356664],[136.410545,35.358273],[136.411739,35.35842],[136.413029,35.359163],[136.413528,35.359973],[136.413265,35.361729],[136.413626,35.363587],[136.413528,35.364431],[136.412231,35.365275],[136.41221,35.366345],[136.41298,35.367583],[136.41264,35.368523],[136.412175,35.368905],[136.411912,35.369896],[136.413972,35.371399],[136.414714,35.372924],[136.415575,35.37356],[136.417885,35.373369],[136.421173,35.372716],[136.422373,35.373414],[136.42494,35.373673],[136.426085,35.373318],[136.428124,35.374219],[136.429408,35.375002],[136.431926,35.376341],[136.435395,35.378367],[136.436893,35.379132],[136.437809,35.380264],[136.439585,35.382853],[136.440612,35.383517],[136.441562,35.384389],[136.442998,35.386753],[136.443518,35.387952],[136.444143,35.388655],[136.444255,35.389578],[136.443345,35.389759],[136.44261,35.390338],[136.441653,35.390631],[136.44107,35.39138],[136.440855,35.392781],[136.440889,35.393862],[136.439766,35.394272],[136.438995,35.394312],[136.4369,35.39528],[136.436567,35.397244],[136.434812,35.397824],[136.43346,35.397824],[136.432773,35.398466],[136.431996,35.398719],[136.431281,35.399709],[136.430234,35.399794],[136.427965,35.400785],[136.427577,35.401871],[136.425932,35.40267],[136.424684,35.404122],[136.424337,35.404882],[136.424635,35.407173],[136.423955,35.407685],[136.422956,35.408062],[136.421867,35.409475],[136.421368,35.410606],[136.420604,35.411642],[136.420306,35.412908],[136.417982,35.414918],[136.416164,35.415857],[136.414812,35.417073],[136.411808,35.418598],[136.411732,35.420956],[136.411839,35.422406],[136.413754,35.423861],[136.414009,35.424297],[136.415125,35.425072],[136.416334,35.425529],[136.418323,35.426642],[136.418887,35.427776],[136.417825,35.429106],[136.416334,35.430184],[136.416172,35.430948],[136.415554,35.431656],[136.415729,35.433422],[136.417274,35.43412],[136.418201,35.434949],[136.419491,35.435417],[136.421211,35.437314],[136.421963,35.438819],[136.423119,35.439734],[136.422152,35.441086],[136.422205,35.442558],[136.422931,35.443605],[136.423603,35.445305],[136.426169,35.448161],[136.426223,35.448946],[136.425618,35.449665],[136.425054,35.451061],[136.424597,35.453328],[136.423885,35.453993],[136.422165,35.454723],[136.421466,35.455639],[136.421171,35.457634],[136.420781,35.45856],[136.420767,35.459792],[136.421171,35.46207],[136.421103,35.46376],[136.420861,35.465035],[136.420364,35.466235],[136.418886,35.467477],[136.417918,35.467085],[136.4164,35.466856],[136.415581,35.46654],[136.414076,35.466627],[136.413404,35.467216],[136.411912,35.468088],[136.410004,35.468589],[136.40815,35.468709],[136.406336,35.469134],[136.404885,35.46896],[136.401767,35.469941],[136.401499,35.471151],[136.401956,35.473473],[136.401445,35.474203],[136.39998,35.475707],[136.398771,35.478596],[136.39814,35.479512],[136.398005,35.480929],[136.397508,35.481299],[136.395667,35.481953],[136.395157,35.482738],[136.393988,35.483458],[136.3938,35.484384],[136.392846,35.485463],[136.391717,35.485202],[136.390803,35.485496],[136.390172,35.486194],[136.388734,35.487197],[136.387982,35.487414],[136.38688,35.488406],[136.386665,35.489158],[136.38692,35.492571],[136.388183,35.493661],[136.388344,35.495023],[136.387834,35.496059],[136.387834,35.496833],[136.388815,35.497367],[136.389419,35.497988],[136.390051,35.499907],[136.390817,35.500931],[136.39233,35.503962],[136.393797,35.504871],[136.393904,35.506062],[136.394704,35.506691],[136.395789,35.506778],[136.396827,35.507271],[136.396982,35.508384],[136.396719,35.508849],[136.39722,35.509662],[136.398544,35.510291],[136.399451,35.510514],[136.399582,35.511365],[136.400489,35.511559],[136.400596,35.512188],[136.399988,35.513407],[136.40229,35.513252],[136.4026,35.512246],[136.403614,35.511414],[136.404354,35.512178],[136.404628,35.513349],[136.405642,35.513388],[136.405331,35.514723],[136.404413,35.51664],[136.403101,35.517385],[136.402504,35.518972],[136.401526,35.519398],[136.399272,35.52112],[136.399033,35.521536],[136.399629,35.522417],[136.401049,35.523501],[136.401204,35.524401],[136.401765,35.525814],[136.400727,35.526898],[136.39982,35.527275],[136.400381,35.527924],[136.400154,35.528707],[136.400405,35.530082],[136.399403,35.531272],[136.397625,35.531969],[136.395609,35.531243],[136.392973,35.531872],[136.390372,35.531959],[136.389919,35.532549],[136.388487,35.532965],[136.387128,35.532714],[136.385959,35.533198],[136.385028,35.532936],[136.384253,35.533091],[136.383358,35.534824],[136.382523,35.535162],[136.382249,35.536101],[136.382666,35.536933],[136.382225,35.537311],[136.380996,35.537659],[136.381056,35.538549],[136.380674,35.540165],[136.380065,35.540998],[136.379982,35.543078],[136.380411,35.544327],[136.380268,35.546069],[136.379076,35.547685],[136.378085,35.548294],[136.377608,35.548846],[136.377489,35.549611],[136.375771,35.551236],[136.375091,35.552939],[136.375497,35.553888],[136.374924,35.555785],[136.373994,35.557914],[136.374089,35.558455],[136.373564,35.559394],[136.372443,35.559772],[136.37177,35.55962],[136.370133,35.558821],[136.369225,35.559163],[136.366699,35.559518],[136.365624,35.559918],[136.362516,35.558481],[136.362413,35.557185],[136.362771,35.556216],[136.362434,35.555287],[136.362186,35.553748],[136.361538,35.552898],[136.361097,35.551895],[136.361083,35.550633],[136.360077,35.549618],[136.359494,35.549444],[136.359126,35.548784],[136.359037,35.546931],[136.358727,35.546288],[136.358561,35.544323],[136.35784,35.543331],[136.356722,35.542682],[136.356765,35.541849],[136.356291,35.540964],[136.356662,35.539914],[136.355124,35.538682],[136.353077,35.53849],[136.351814,35.538576],[136.350163,35.537583],[136.349384,35.537358],[136.348229,35.538174],[136.346835,35.537701],[136.346318,35.537143],[136.345882,35.536109],[136.34607,35.534704],[136.34564,35.533254],[136.346406,35.532163],[136.345873,35.530673],[136.346071,35.52868],[136.347228,35.528186],[136.346773,35.526376],[136.34733,35.525416],[136.347746,35.523502],[136.347476,35.522201],[136.346257,35.52037],[136.346167,35.51784],[136.345065,35.517175],[136.344314,35.516477],[136.343129,35.515975],[136.342717,35.51452],[136.342819,35.512116],[136.34339,35.51118],[136.343711,35.50973],[136.34359,35.508825],[136.343066,35.507817],[136.342791,35.506003],[136.342376,35.505608],[136.342371,35.503974],[136.342805,35.503179],[136.342186,35.50207],[136.341345,35.501609],[136.340033,35.499222],[136.340279,35.498013],[136.33883,35.496939],[136.337445,35.496371],[136.33696,35.495381],[136.336598,35.493729],[136.337406,35.492099],[136.336838,35.491099],[136.336689,35.490358],[136.337245,35.489648],[136.337141,35.487735],[136.336106,35.485183],[136.335,35.484553],[136.334728,35.483663],[136.334806,35.482509],[136.335608,35.48144],[136.336035,35.480344],[136.336895,35.479683],[136.337206,35.478761],[136.338351,35.476901],[136.337951,35.475695],[136.336268,35.473587],[136.334483,35.472645],[136.334069,35.47195],[136.332931,35.470929],[136.332698,35.469568],[136.333079,35.468747],[136.333934,35.468275],[136.335297,35.46808],[136.336533,35.467466],[136.338253,35.467333],[136.339263,35.466804],[136.339496,35.465503],[136.340461,35.465174],[136.342666,35.464687],[136.343597,35.464634],[136.344089,35.463998],[136.343229,35.462828],[136.342563,35.46136],[136.342932,35.460788],[136.343184,35.459358],[136.344414,35.458236],[136.345506,35.458156],[136.345597,35.456753],[136.345352,35.456022],[136.346063,35.45489],[136.348197,35.454631],[136.34889,35.453211],[136.348903,35.452767],[136.349641,35.452247],[136.350423,35.451204],[136.350197,35.4497],[136.350785,35.448324],[136.349666,35.446936],[136.351438,35.445269],[136.351911,35.444136],[136.352487,35.443765],[136.352675,35.443023],[136.353386,35.442398],[136.355029,35.44045],[136.355061,35.439115],[136.356038,35.438533],[136.356465,35.436993],[136.3577,35.43569],[136.358722,35.434171],[136.358153,35.43299],[136.357629,35.431262],[136.357008,35.429785],[136.356265,35.429346],[136.357209,35.427169],[136.357319,35.425264],[136.357144,35.42447],[136.357719,35.423199],[136.358838,35.422478],[136.359239,35.421806],[136.36032,35.421296],[136.360199,35.419585],[136.36103,35.418203],[136.361632,35.417854],[136.362624,35.416551],[136.362849,35.415186],[136.361597,35.413503],[136.361871,35.412721],[136.361993,35.411299],[136.361235,35.410502],[136.360716,35.409217],[136.359573,35.408166],[136.35947,35.407448],[136.359811,35.405287],[136.359704,35.404715],[136.358354,35.40276],[136.357064,35.401622],[136.356696,35.400749],[136.354041,35.400208],[136.350839,35.400344],[136.3459,35.401899],[136.343661,35.402272],[136.340938,35.40256],[136.339268,35.40335],[136.337743,35.404276],[136.336999,35.405438],[136.335423,35.404688],[136.333087,35.40384],[136.333045,35.401898],[136.332136,35.399701],[136.332457,35.398748],[136.332349,35.397238],[136.33282,35.396684],[136.333636,35.39637],[136.334175,35.39396],[136.3342,35.392635],[136.335672,35.3911],[136.335414,35.389599],[136.335464,35.388374],[136.335084,35.387308],[136.33518,35.385834],[136.336009,35.384669],[136.336602,35.38265],[136.337053,35.38067],[136.337445,35.379935],[136.337461,35.379238],[136.336473,35.377892],[136.336194,35.376488],[136.334784,35.374113],[136.334279,35.372581],[136.333896,35.371983],[136.3336,35.369936],[136.333979,35.368962],[136.334104,35.367695],[136.332633,35.367305],[136.331039,35.365719],[136.329313,35.365047],[136.328849,35.36384],[136.328958,35.363273],[136.328403,35.362293],[136.328283,35.360724],[136.327686,35.359917],[136.326464,35.359226],[136.326781,35.358433],[136.32636,35.357736],[136.325743,35.355547],[136.325893,35.354846],[136.325463,35.354088],[136.325851,35.352992],[136.326006,35.351603],[136.325559,35.350861],[136.325859,35.349655],[136.325655,35.348739],[136.325133,35.348073],[136.325046,35.347059],[136.324637,35.346474],[136.323912,35.346443],[136.321756,35.345353],[136.320969,35.346066],[136.318846,35.346046],[136.318279,35.346298],[136.317561,35.345943],[136.31668,35.344112],[136.315454,35.343829],[136.314161,35.343061],[136.312618,35.342588],[136.311102,35.342622],[136.31086,35.343553],[136.310125,35.344446],[136.310166,35.346476],[136.309019,35.347139],[136.307589,35.348479],[136.306884,35.34879],[136.305779,35.352167],[136.30203,35.351398],[136.298946,35.350659],[136.298054,35.350277],[136.297754,35.350727],[136.297312,35.352402],[136.296399,35.354615],[136.289546,35.353342],[136.285038,35.352354],[136.279727,35.351014],[136.277523,35.350809],[136.250427,35.35266],[136.242985,35.349741],[136.225741,35.347948],[136.20978,35.338654],[136.213278,35.332324],[136.215993,35.303685],[136.24408,35.295582],[136.25399,35.299224],[136.256983,35.30045],[136.257526,35.300411],[136.258538,35.299547],[136.258362,35.299004],[136.258654,35.298338],[136.259659,35.297665],[136.259662,35.296513],[136.260633,35.29518],[136.260566,35.29453],[136.26232,35.293979],[136.263311,35.294661],[136.263888,35.294633],[136.264962,35.295146],[136.266066,35.294567],[136.267745,35.294162],[136.268602,35.294173],[136.268793,35.295915],[136.269919,35.296773],[136.271524,35.296603],[136.272098,35.296708],[136.273456,35.296504],[136.274855,35.296598],[136.275464,35.296397],[136.279539,35.296327],[136.279651,35.297103],[136.280478,35.297151],[136.285186,35.296964],[136.286212,35.297058],[136.286533,35.297961],[136.286519,35.299222],[136.287302,35.300705],[136.288172,35.301552],[136.289003,35.301366],[136.290402,35.300404],[136.291486,35.299443],[136.292965,35.299024],[136.294399,35.299527],[136.294783,35.300654],[136.295408,35.300562],[136.296434,35.29966],[136.296865,35.298788],[136.298159,35.299101],[136.300517,35.301061],[136.300815,35.301975],[136.301334,35.301714],[136.301618,35.300913],[136.301113,35.300197],[136.300815,35.29901],[136.30113,35.297676],[136.301981,35.297432],[136.302644,35.295812],[136.303874,35.295117],[136.304833,35.29492],[136.305388,35.294114],[136.30751,35.294525],[136.308301,35.294367],[136.309529,35.294447],[136.311489,35.293414],[136.312601,35.293461],[136.313709,35.293022],[136.315338,35.291517],[136.315761,35.290824],[136.317444,35.288758],[136.317591,35.286645],[136.317327,35.285951],[136.317713,35.285384],[136.318674,35.284936],[136.318892,35.280897],[136.319887,35.280934],[136.322393,35.280009],[136.323186,35.279894],[136.323953,35.281504],[136.324781,35.282363],[136.325639,35.283918],[136.325722,35.284703],[136.325448,35.285865],[136.324789,35.287108],[136.325022,35.28808],[136.326456,35.289704],[136.326438,35.290564],[136.3277,35.291],[136.32848,35.291611],[136.328064,35.292504],[136.326108,35.295665],[136.326746,35.296487],[136.326829,35.297024],[136.326044,35.298161],[136.326331,35.29835],[136.328791,35.297811],[136.328675,35.296825],[136.32897,35.295844],[136.330273,35.295309],[136.33086,35.294303],[136.330723,35.293471],[136.331427,35.291768],[136.33237,35.29111],[136.333654,35.291228],[136.335878,35.289984],[136.337403,35.289673],[136.339472,35.28986],[136.34018,35.289612],[136.341363,35.288235],[136.342108,35.287978],[136.343069,35.28702],[136.34428,35.286636],[136.345755,35.286586],[136.34624,35.286261],[136.346617,35.285137],[136.347131,35.284311],[136.348345,35.281358],[136.348609,35.279205],[136.349541,35.278048],[136.349816,35.277287],[136.349861,35.275397],[136.350346,35.274658],[136.351525,35.27413]]]]}},
  {"type":"Feature","properties":{"name":"日野町","code":"25383"},"geometry":{"type":"MultiPolygon","coordinates":[[[[136.342484,35.016574],[136.341697,35.017023],[136.341375,35.017773],[136.340709,35.018295],[136.33938,35.019811],[136.33893,35.021589],[136.338788,35.02328],[136.337823,35.023887],[136.337393,35.025091],[136.334988,35.025437],[136.334652,35.026061],[136.334991,35.027203],[136.334427,35.028068],[136.334296,35.028927],[136.334723,35.029644],[136.334026,35.030375],[136.333654,35.03116],[136.332772,35.031626],[136.332118,35.032536],[136.329977,35.032811],[136.329017,35.033484],[136.329031,35.034054],[136.327648,35.036146],[136.326624,35.037022],[136.325399,35.036803],[136.323144,35.036954],[136.32151,35.037268],[136.319382,35.038059],[136.317733,35.03843],[136.317548,35.038708],[136.31781,35.040081],[136.317517,35.040514],[136.317836,35.041152],[136.317503,35.042067],[136.316529,35.042927],[136.316251,35.043521],[136.31464,35.043886],[136.312572,35.044046],[136.311681,35.044478],[136.310554,35.046323],[136.310548,35.046805],[136.309819,35.047198],[136.309039,35.047018],[136.308661,35.046276],[136.30747,35.045252],[136.306269,35.045749],[136.30494,35.04688],[136.304766,35.048248],[136.303651,35.049004],[136.302993,35.050161],[136.303019,35.050754],[136.302423,35.051417],[136.301302,35.051539],[136.301171,35.052567],[136.300471,35.05292],[136.299043,35.052772],[136.298544,35.05329],[136.298413,35.054413],[136.29802,35.054595],[136.297932,35.055609],[136.297115,35.055899],[136.295458,35.057408],[136.293582,35.057314],[136.292201,35.057978],[136.291771,35.058558],[136.290946,35.058602],[136.289768,35.057607],[136.288753,35.057947],[136.286388,35.058126],[136.284426,35.057668],[136.28298,35.05751],[136.282476,35.057775],[136.280435,35.058114],[136.279622,35.057964],[136.279017,35.057495],[136.277181,35.057578],[136.275461,35.058015],[136.275309,35.05934],[136.274378,35.06079],[136.273856,35.062856],[136.272667,35.062882],[136.272231,35.061421],[136.271548,35.061549],[136.271026,35.061203],[136.270816,35.059639],[136.270464,35.059182],[136.269551,35.059361],[136.268328,35.058888],[136.266895,35.057759],[136.264568,35.05805],[136.26361,35.058634],[136.263114,35.059555],[136.261778,35.060493],[136.260207,35.060833],[136.259393,35.061713],[136.259166,35.062666],[136.257874,35.064647],[136.256191,35.064836],[136.255681,35.065183],[136.254814,35.065169],[136.254554,35.065773],[136.253679,35.066404],[136.252607,35.066656],[136.251429,35.067608],[136.250181,35.068187],[136.249027,35.068477],[136.246605,35.067938],[136.246024,35.068398],[136.24468,35.068287],[136.243647,35.067627],[136.243227,35.067731],[136.242313,35.068773],[136.241624,35.069086],[136.240547,35.069089],[136.239629,35.069356],[136.239016,35.069135],[136.238142,35.069366],[136.237756,35.069003],[136.23626,35.068853],[136.23446,35.068967],[136.233706,35.068192],[136.233689,35.066894],[136.233972,35.066344],[136.233861,35.065566],[136.232898,35.065357],[136.231193,35.065683],[136.229483,35.065485],[136.227066,35.065397],[136.22586,35.065521],[136.225533,35.065299],[136.224151,35.065218],[136.222837,35.064892],[136.22082,35.063882],[136.219496,35.062092],[136.218347,35.061931],[136.21555,35.059829],[136.214555,35.059789],[136.215752,35.058522],[136.216669,35.058717],[136.216489,35.056579],[136.216013,35.055538],[136.215616,35.055558],[136.215596,35.053055],[136.215968,35.052529],[136.21544,35.051578],[136.215407,35.050998],[136.215842,35.050236],[136.216313,35.048422],[136.216579,35.045137],[136.216521,35.04423],[136.215591,35.044103],[136.21472,35.044311],[136.214728,35.042849],[136.21433,35.042268],[136.214195,35.041263],[136.214457,35.040724],[136.215314,35.040531],[136.215625,35.039806],[136.215093,35.038679],[136.216175,35.038448],[136.217404,35.038783],[136.218616,35.039456],[136.218835,35.040157],[136.219453,35.040137],[136.220071,35.038838],[136.220624,35.038217],[136.220538,35.037621],[136.218775,35.037465],[136.217259,35.036643],[136.216804,35.035733],[136.215955,35.03549],[136.214453,35.035507],[136.213418,35.034993],[136.212723,35.033966],[136.211296,35.032944],[136.210551,35.032806],[136.209111,35.032199],[136.20869,35.032711],[136.207959,35.032342],[136.207758,35.031761],[136.2069,35.031776],[136.203798,35.030282],[136.203111,35.029539],[136.202911,35.028922],[136.201127,35.027923],[136.200452,35.027785],[136.199118,35.027],[136.199088,35.025939],[136.20034,35.024209],[136.198477,35.023417],[136.198058,35.023685],[136.196743,35.022534],[136.196018,35.022909],[136.195587,35.022348],[136.194945,35.022333],[136.193244,35.022858],[136.192304,35.023776],[136.191625,35.024744],[136.189952,35.024091],[136.18838,35.024112],[136.187419,35.024405],[136.186643,35.024992],[136.185804,35.025236],[136.185074,35.02476],[136.184206,35.025025],[136.183957,35.024038],[136.184106,35.023035],[136.183136,35.020649],[136.183547,35.019525],[136.18276,35.019186],[136.182121,35.018284],[136.181527,35.018089],[136.180967,35.017393],[136.180675,35.016433],[136.180327,35.015419],[136.180493,35.014558],[136.181933,35.014006],[136.182831,35.01388],[136.182554,35.012186],[136.181538,35.011525],[136.181841,35.010636],[136.182525,35.010266],[136.183545,35.009202],[136.183321,35.007554],[136.182696,35.007117],[136.183061,35.005518],[136.18282,35.004457],[136.181564,35.003146],[136.181981,35.002322],[136.184355,35.002695],[136.184812,35.002178],[136.185628,35.002007],[136.186005,35.001301],[136.187349,34.999999],[136.187726,35.000303],[136.188577,35.000073],[136.188926,34.998701],[136.188868,34.997544],[136.190509,34.996813],[136.191418,34.996573],[136.192488,34.996629],[136.195103,34.995128],[136.196009,34.994327],[136.196746,34.993261],[136.198134,34.993599],[136.199686,34.992528],[136.201098,34.992369],[136.200337,34.99107],[136.20072,34.99056],[136.199744,34.989233],[136.200528,34.988934],[136.202386,34.988904],[136.203474,34.988716],[136.204292,34.988999],[136.205234,34.988752],[136.205971,34.988895],[136.2068,34.987564],[136.207449,34.987145],[136.2074,34.986289],[136.207777,34.985302],[136.210753,34.985015],[136.211182,34.984368],[136.21204,34.984836],[136.213241,34.985017],[136.213729,34.985483],[136.214396,34.985338],[136.215421,34.985611],[136.215753,34.984488],[136.216243,34.983723],[136.216276,34.982991],[136.217881,34.981583],[136.217918,34.980515],[136.21919,34.980299],[136.219603,34.979732],[136.219134,34.979146],[136.219616,34.978056],[136.220511,34.977413],[136.219897,34.976089],[136.218675,34.975469],[136.218521,34.975143],[136.218971,34.973448],[136.218114,34.972439],[136.219249,34.971201],[136.219558,34.969421],[136.220024,34.96873],[136.221375,34.968954],[136.222655,34.969357],[136.223765,34.96947],[136.224665,34.97004],[136.225456,34.970899],[136.226456,34.971046],[136.226462,34.970381],[136.228213,34.970426],[136.229283,34.969506],[136.22965,34.96867],[136.230484,34.967552],[136.229784,34.966063],[136.230813,34.965606],[136.230751,34.964257],[136.231834,34.963169],[136.232805,34.963234],[136.233961,34.962726],[136.233845,34.962359],[136.235958,34.961331],[136.237004,34.960466],[136.237955,34.959237],[136.239413,34.95907],[136.241531,34.958153],[136.243279,34.958064],[136.244506,34.957723],[136.245914,34.956891],[136.247118,34.956544],[136.248579,34.956451],[136.24927,34.956677],[136.251227,34.956589],[136.252242,34.956727],[136.253397,34.957651],[136.25445,34.958061],[136.255654,34.959221],[136.256498,34.959439],[136.257545,34.960071],[136.259318,34.960791],[136.261148,34.961138],[136.261875,34.96154],[136.2628,34.961139],[136.263802,34.961335],[136.264594,34.962892],[136.265174,34.963713],[136.265976,34.963403],[136.267009,34.963751],[136.268056,34.963336],[136.268584,34.961801],[136.269697,34.961374],[136.270918,34.962031],[136.271381,34.962893],[136.273601,34.963704],[136.275096,34.965069],[136.27639,34.965099],[136.277529,34.964862],[136.277994,34.965197],[136.278008,34.966431],[136.279499,34.967737],[136.281099,34.968073],[136.281565,34.968752],[136.281704,34.970045],[136.282336,34.970243],[136.282977,34.971022],[136.284271,34.970735],[136.28413,34.972486],[136.283919,34.973256],[136.285506,34.974059],[136.286304,34.973871],[136.286733,34.974781],[136.289573,34.97377],[136.290365,34.973664],[136.291353,34.974471],[136.293029,34.975199],[136.293064,34.975967],[136.294163,34.977236],[136.294952,34.977725],[136.296426,34.977846],[136.297132,34.978978],[136.298542,34.979754],[136.298843,34.981188],[136.300254,34.981881],[136.300954,34.982723],[136.3012,34.983594],[136.302729,34.983483],[136.303595,34.983243],[136.305451,34.983643],[136.306363,34.984142],[136.307096,34.984219],[136.308537,34.983639],[136.311189,34.982922],[136.313221,34.983111],[136.314322,34.982772],[136.315836,34.982604],[136.315906,34.982033],[136.316706,34.98075],[136.317638,34.980793],[136.318871,34.980329],[136.319864,34.979547],[136.320566,34.978275],[136.322014,34.977748],[136.323316,34.977641],[136.325138,34.978433],[136.326471,34.979923],[136.328248,34.980879],[136.329629,34.982564],[136.330764,34.982343],[136.33083,34.983016],[136.331869,34.982989],[136.332442,34.983302],[136.333445,34.98333],[136.334965,34.98301],[136.336299,34.98365],[136.337479,34.984706],[136.3387,34.985508],[136.339401,34.987907],[136.340911,34.989254],[136.341097,34.990676],[136.342188,34.992799],[136.341798,34.993941],[136.342233,34.995617],[136.34306,34.996221],[136.343435,34.997118],[136.34361,34.998482],[136.343475,35.000058],[136.343055,35.001787],[136.343915,35.002241],[136.344435,35.002946],[136.344513,35.003983],[136.344179,35.005376],[136.344783,35.006212],[136.344892,35.007019],[136.345419,35.0086],[136.342979,35.010326],[136.342501,35.011673],[136.342048,35.012154],[136.341771,35.013683],[136.341258,35.014197],[136.341754,35.015626],[136.342484,35.016574]]]]}},
  {"type":"Feature","properties":{"name":"竜王町","code":"25384"},"geometry":{"type":"MultiPolygon","coordinates":[[[[136.077955,35.092019],[136.077646,35.090639],[136.077157,35.09046],[136.076507,35.089399],[136.077268,35.087785],[136.078058,35.087147],[136.076883,35.085686],[136.07618,35.08503],[136.076215,35.084323],[136.075815,35.083381],[136.077206,35.082852],[136.077344,35.08176],[136.079065,35.080824],[136.079416,35.080035],[136.079829,35.077394],[136.07943,35.076491],[136.079526,35.07585],[136.079203,35.075209],[136.078508,35.074638],[136.078446,35.073288],[136.079761,35.072109],[136.079816,35.071742],[136.078908,35.070221],[136.078777,35.06785],[136.080326,35.066814],[136.078777,35.064858],[136.078481,35.063736],[136.078866,35.062636],[136.078625,35.061961],[136.07888,35.061446],[136.079699,35.060829],[136.079369,35.059433],[136.078178,35.059563],[136.076745,35.058595],[136.075615,35.058033],[136.075022,35.057239],[136.073444,35.056223],[136.07352,35.055265],[136.0731,35.054201],[136.073169,35.0523],[136.074393,35.051604],[136.076494,35.051232],[136.078687,35.050024],[136.078925,35.049646],[136.078103,35.04806],[136.078449,35.047088],[136.079266,35.046598],[136.078866,35.045862],[136.080603,35.043151],[136.081514,35.042304],[136.081465,35.041759],[136.081935,35.040967],[136.083983,35.039159],[136.083959,35.038341],[136.084816,35.036382],[136.083945,35.034974],[136.084578,35.03408],[136.08562,35.034069],[136.086286,35.033221],[136.086149,35.03266],[136.086575,35.031665],[136.085713,35.03087],[136.086635,35.029964],[136.087768,35.029791],[136.088997,35.02991],[136.089403,35.029435],[136.090917,35.028976],[136.090942,35.028028],[136.092348,35.026246],[136.092334,35.025253],[136.094009,35.0244],[136.094828,35.024867],[136.095842,35.024637],[136.097527,35.024874],[136.097675,35.023403],[136.099948,35.022343],[136.100639,35.022315],[136.101041,35.021631],[136.102301,35.02141],[136.103255,35.021764],[136.104285,35.022974],[136.104618,35.024574],[136.106063,35.024922],[136.106863,35.025619],[136.108151,35.026313],[136.109425,35.026736],[136.109831,35.027347],[136.11105,35.026965],[136.112724,35.027627],[136.113995,35.027108],[136.115074,35.027208],[136.116918,35.027074],[136.117222,35.026176],[136.117173,35.025025],[136.117526,35.024034],[136.118302,35.022712],[136.119784,35.021128],[136.120192,35.020994],[136.121966,35.021572],[136.122956,35.022531],[136.122875,35.023079],[136.12364,35.024951],[136.123424,35.025644],[136.122128,35.027658],[136.121788,35.029367],[136.121326,35.03087],[136.121286,35.031796],[136.120489,35.033109],[136.119558,35.035201],[136.118401,35.036298],[136.121256,35.036237],[136.123392,35.037135],[136.124275,35.037155],[136.126179,35.036588],[136.126193,35.035939],[136.127003,35.035671],[136.127774,35.0351],[136.128584,35.035026],[136.129554,35.035396],[136.130539,35.034318],[136.131488,35.034204],[136.131557,35.033271],[136.132113,35.032636],[136.133781,35.032118],[136.134484,35.03121],[136.135571,35.031495],[136.136873,35.03047],[136.136876,35.029425],[136.136356,35.028666],[136.137204,35.026923],[136.138119,35.02702],[136.138676,35.026399],[136.14091,35.026402],[136.14218,35.025045],[136.142736,35.024916],[136.143201,35.024103],[136.14452,35.02403],[136.14577,35.023773],[136.145961,35.022549],[136.147267,35.022122],[136.148416,35.022276],[136.149193,35.021521],[136.150404,35.020015],[136.15139,35.019872],[136.152473,35.020205],[136.153405,35.019255],[136.155744,35.020521],[136.156564,35.020456],[136.157914,35.021981],[136.159076,35.022138],[136.159569,35.023053],[136.159615,35.023665],[136.160878,35.024305],[136.161063,35.024964],[136.160964,35.026752],[136.162076,35.027559],[136.16324,35.02887],[136.163549,35.03063],[136.162746,35.030789],[136.162239,35.029226],[136.161803,35.028953],[136.158919,35.028751],[136.15831,35.028301],[136.157403,35.028158],[136.156474,35.02844],[136.155492,35.029951],[136.154673,35.030768],[136.155015,35.032363],[136.154468,35.033818],[136.154044,35.035703],[136.153269,35.036661],[136.152891,35.038516],[136.152394,35.039061],[136.151774,35.042262],[136.150526,35.044476],[136.150056,35.044689],[136.150005,35.045415],[136.149234,35.047983],[136.149646,35.048265],[136.149175,35.04927],[136.149298,35.050016],[136.151287,35.050346],[136.152707,35.051188],[136.152143,35.051905],[136.15264,35.052236],[136.151854,35.053135],[136.153066,35.053879],[136.148109,35.059235],[136.147344,35.059103],[136.146462,35.060118],[136.144761,35.059762],[136.144089,35.060586],[136.146084,35.061867],[136.146922,35.063738],[136.14709,35.064653],[136.147998,35.065139],[136.148777,35.065087],[136.149129,35.065624],[136.150773,35.065039],[136.151364,35.066126],[136.149531,35.0666],[136.14861,35.068349],[136.147933,35.069135],[136.147564,35.070055],[136.148484,35.071313],[136.149678,35.072219],[136.149468,35.07324],[136.147913,35.074309],[136.145767,35.076446],[136.144731,35.076391],[136.143634,35.075947],[136.142512,35.075758],[136.140697,35.074553],[136.138727,35.073929],[136.137069,35.074341],[136.135995,35.074846],[136.135154,35.075609],[136.133886,35.077113],[136.133449,35.07845],[136.133507,35.079685],[136.133988,35.080707],[136.13489,35.081543],[136.13512,35.082184],[136.134727,35.083815],[136.134179,35.084404],[136.133313,35.08457],[136.131329,35.084309],[136.12983,35.084748],[136.129179,35.085242],[136.128725,35.086986],[136.126886,35.088285],[136.125794,35.089379],[136.124304,35.090293],[136.122646,35.091604],[136.121191,35.091846],[136.119801,35.091657],[136.118912,35.091204],[136.11753,35.089747],[136.116365,35.087933],[136.115359,35.087453],[136.114413,35.087582],[136.113289,35.088918],[136.110213,35.091561],[136.109364,35.092133],[136.108518,35.092318],[136.107088,35.091825],[136.105827,35.089749],[136.104755,35.088994],[136.103943,35.088773],[136.10319,35.088898],[136.101912,35.091256],[136.100455,35.095354],[136.099839,35.096429],[136.099037,35.096963],[136.09756,35.097101],[136.094016,35.096404],[136.092594,35.096579],[136.091014,35.097009],[136.087189,35.097174],[136.087011,35.096314],[136.086205,35.095155],[136.08445,35.094989],[136.083842,35.093773],[136.083217,35.093009],[136.082804,35.093368],[136.081619,35.092328],[136.08112,35.092704],[136.08058,35.092283],[136.078979,35.093205],[136.078083,35.093121],[136.077955,35.092019]]]]}},
  {"type":"Feature","properties":{"name":"愛荘町","code":"25425"},"geometry":{"type":"MultiPolygon","coordinates":[[[[136.19163,35.190164],[136.191973,35.189984],[136.193985,35.187951],[136.195232,35.186416],[136.195986,35.184584],[136.196739,35.17998],[136.197043,35.176863],[136.19697,35.17374],[136.196476,35.170837],[136.196842,35.169663],[136.197472,35.168414],[136.19932,35.165296],[136.20098,35.162633],[136.202307,35.160736],[136.204518,35.161543],[136.205083,35.159589],[136.203328,35.158952],[136.203714,35.158101],[136.204379,35.155363],[136.204411,35.152276],[136.204262,35.148049],[136.208294,35.147983],[136.209114,35.148741],[136.210036,35.149264],[136.21216,35.148026],[136.211594,35.147357],[136.212786,35.146713],[136.212258,35.145939],[136.214346,35.144768],[136.214703,35.145528],[136.216336,35.147788],[136.216861,35.147875],[136.219918,35.146178],[136.222857,35.144632],[136.223592,35.145402],[136.226984,35.143511],[136.228731,35.145926],[136.229525,35.146688],[136.229993,35.146476],[136.230948,35.147116],[136.231686,35.148023],[136.230905,35.148382],[136.231881,35.149606],[136.231299,35.149907],[136.231471,35.150892],[136.232209,35.151749],[136.229104,35.153473],[136.229589,35.154057],[136.228203,35.1548],[136.22934,35.15658],[136.228704,35.156921],[136.229505,35.15801],[136.231364,35.157098],[136.231779,35.158101],[136.233093,35.159547],[136.233396,35.158524],[136.235111,35.15873],[136.236131,35.157949],[136.236668,35.158712],[136.239726,35.157158],[136.238929,35.156093],[136.239599,35.155693],[136.239046,35.154694],[136.240121,35.153631],[136.242239,35.152079],[136.242723,35.152424],[136.245809,35.151055],[136.246835,35.151003],[136.247882,35.152876],[136.247704,35.153118],[136.248636,35.154764],[136.247533,35.155338],[136.248015,35.156091],[136.249476,35.15529],[136.250089,35.155404],[136.250844,35.154594],[136.25194,35.15414],[136.252085,35.153248],[136.253463,35.153203],[136.254649,35.154555],[136.255188,35.15596],[136.255745,35.155781],[136.257219,35.157722],[136.257808,35.157759],[136.258762,35.159203],[136.260702,35.157919],[136.261943,35.157254],[136.263622,35.156573],[136.266218,35.156049],[136.268997,35.155863],[136.269928,35.155681],[136.270736,35.154838],[136.273318,35.153753],[136.276584,35.153924],[136.278604,35.153025],[136.281701,35.152453],[136.282938,35.153066],[136.284325,35.152646],[136.285168,35.152584],[136.286738,35.152843],[136.28752,35.153153],[136.288894,35.153163],[136.291009,35.154535],[136.292319,35.154656],[136.293979,35.155158],[136.295599,35.156045],[136.296324,35.156643],[136.297587,35.156994],[136.298402,35.156778],[136.301942,35.157148],[136.30338,35.157723],[136.304109,35.157436],[136.304429,35.156676],[136.305343,35.155937],[136.305809,35.155233],[136.306975,35.154731],[136.307656,35.153661],[136.308504,35.154018],[136.309178,35.153158],[136.310499,35.153227],[136.310784,35.152322],[136.311378,35.152147],[136.311481,35.151455],[136.312743,35.150102],[136.313433,35.151046],[136.314022,35.1513],[136.31524,35.151169],[136.316212,35.150472],[136.318382,35.149296],[136.318786,35.148505],[136.321626,35.14587],[136.321302,35.14509],[136.320644,35.144331],[136.320733,35.143591],[136.320305,35.142389],[136.319372,35.141354],[136.318912,35.140213],[136.31893,35.138618],[136.32028,35.138564],[136.32261,35.138265],[136.323769,35.137899],[136.323954,35.137336],[136.324839,35.136947],[136.32538,35.137043],[136.326288,35.138769],[136.326285,35.139201],[136.327437,35.139855],[136.328383,35.139968],[136.328794,35.140379],[136.329589,35.142019],[136.330905,35.142875],[136.33195,35.142938],[136.332913,35.143399],[136.333637,35.143441],[136.334124,35.142872],[136.335683,35.142954],[136.335704,35.144239],[136.334233,35.145526],[136.334311,35.146315],[136.333873,35.146971],[136.334514,35.14803],[136.333441,35.148578],[136.333245,35.149127],[136.332346,35.149721],[136.332308,35.150558],[136.331387,35.151177],[136.32918,35.152078],[136.328596,35.152506],[136.328417,35.15383],[136.327574,35.154428],[136.32687,35.154619],[136.325888,35.154345],[136.324864,35.153661],[136.323695,35.154439],[136.321936,35.154373],[136.320975,35.154542],[136.320109,35.154382],[136.319479,35.154946],[136.317909,35.155306],[136.315969,35.155543],[136.314638,35.154919],[136.313581,35.154763],[136.312233,35.155318],[136.310841,35.15614],[136.310176,35.157374],[136.309534,35.157596],[136.309525,35.158186],[136.308325,35.160626],[136.308171,35.161307],[136.307146,35.162575],[136.305487,35.163308],[136.305016,35.163813],[136.302983,35.163962],[136.301326,35.165021],[136.300331,35.16664],[136.297969,35.166351],[136.296654,35.166343],[136.295293,35.167337],[136.29491,35.167955],[136.295537,35.169884],[136.29548,35.171208],[136.295791,35.171827],[136.295452,35.17246],[136.294707,35.17267],[136.294284,35.173233],[136.294284,35.174099],[136.29369,35.17499],[136.293313,35.176142],[136.29352,35.176767],[136.292984,35.178555],[136.293003,35.180294],[136.292296,35.181602],[136.291405,35.182285],[136.290471,35.182584],[136.289316,35.181767],[136.287367,35.181226],[136.286339,35.180329],[136.284717,35.179779],[136.28245,35.180182],[136.28131,35.180504],[136.280491,35.180074],[136.279507,35.180349],[136.278321,35.18034],[136.27717,35.17973],[136.275847,35.180031],[136.274958,35.179756],[136.274591,35.180177],[136.275323,35.181191],[136.275098,35.182511],[136.274563,35.183168],[136.273247,35.183606],[136.272473,35.183524],[136.270165,35.18362],[136.269058,35.18403],[136.268533,35.184626],[136.266744,35.185668],[136.26534,35.186042],[136.26146,35.186819],[136.258658,35.187629],[136.257852,35.188002],[136.256232,35.188406],[136.254832,35.189083],[136.252232,35.189802],[136.24966,35.190213],[136.249448,35.190587],[136.247979,35.190692],[136.24506,35.190658],[136.243946,35.190871],[136.23629,35.192836],[136.234721,35.193749],[136.23361,35.19462],[136.233688,35.195008],[136.229685,35.196771],[136.229265,35.196379],[136.23113,35.195304],[136.230674,35.194696],[136.23013,35.193361],[136.229921,35.192336],[136.23107,35.191779],[136.230584,35.191011],[136.231522,35.190586],[136.230991,35.189819],[136.232535,35.189059],[136.232275,35.187917],[136.23261,35.187418],[136.234054,35.186385],[136.232726,35.184394],[136.23354,35.183564],[136.234036,35.182751],[136.237174,35.181148],[136.23657,35.180269],[136.237459,35.179793],[136.23479,35.176338],[136.230751,35.178463],[136.229517,35.176861],[136.22693,35.178052],[136.225128,35.179018],[136.225189,35.179875],[136.226025,35.181655],[136.225855,35.183348],[136.224988,35.18492],[136.224898,35.186198],[136.224546,35.186866],[136.223333,35.187613],[136.221624,35.1881],[136.219626,35.188517],[136.218522,35.189175],[136.218436,35.190176],[136.217226,35.190752],[136.216281,35.190543],[136.215735,35.191718],[136.216055,35.193619],[136.212787,35.195064],[136.212335,35.195529],[136.210302,35.196519],[136.209589,35.196713],[136.205275,35.199129],[136.203525,35.197339],[136.202371,35.19573],[136.201511,35.196158],[136.200358,35.194867],[136.199426,35.195026],[136.198438,35.195658],[136.198341,35.196534],[136.195227,35.198552],[136.194692,35.198213],[136.193675,35.198591],[136.192864,35.197538],[136.193379,35.196541],[136.193579,35.19487],[136.192664,35.193651],[136.192566,35.193187],[136.19167,35.192482],[136.192785,35.191297],[136.19163,35.190164]]]]}},
  {"type":"Feature","properties":{"name":"豊郷町","code":"25441"},"geometry":{"type":"MultiPolygon","coordinates":[[[[136.216055,35.193619],[136.215735,35.191718],[136.216281,35.190543],[136.217226,35.190752],[136.218436,35.190176],[136.218522,35.189175],[136.219626,35.188517],[136.221624,35.1881],[136.223333,35.187613],[136.224546,35.186866],[136.224898,35.186198],[136.224988,35.18492],[136.225855,35.183348],[136.226025,35.181655],[136.225189,35.179875],[136.225128,35.179018],[136.22693,35.178052],[136.229517,35.176861],[136.230751,35.178463],[136.23479,35.176338],[136.237459,35.179793],[136.23657,35.180269],[136.237174,35.181148],[136.234036,35.182751],[136.23354,35.183564],[136.232726,35.184394],[136.234054,35.186385],[136.23261,35.187418],[136.232275,35.187917],[136.232535,35.189059],[136.230991,35.189819],[136.231522,35.190586],[136.230584,35.191011],[136.23107,35.191779],[136.229921,35.192336],[136.23013,35.193361],[136.230674,35.194696],[136.23113,35.195304],[136.229265,35.196379],[136.229685,35.196771],[136.233688,35.195008],[136.23361,35.19462],[136.234721,35.193749],[136.23629,35.192836],[136.243946,35.190871],[136.24506,35.190658],[136.247979,35.190692],[136.249448,35.190587],[136.24966,35.190213],[136.252232,35.189802],[136.254832,35.189083],[136.256232,35.188406],[136.257058,35.189994],[136.256331,35.19039],[136.256653,35.191547],[136.256451,35.193743],[136.256048,35.194043],[136.256236,35.19487],[136.255041,35.195322],[136.254648,35.194715],[136.25082,35.196313],[136.249301,35.193913],[136.248156,35.194384],[136.248626,35.195144],[136.245569,35.196344],[136.243108,35.197504],[136.243635,35.19839],[136.242903,35.19911],[136.244345,35.201513],[136.242014,35.202526],[136.244797,35.207145],[136.243933,35.207493],[136.24498,35.209227],[136.243084,35.210024],[136.242528,35.210504],[136.237558,35.212834],[136.237203,35.212264],[136.235804,35.212998],[136.235444,35.213422],[136.233511,35.214553],[136.231736,35.215259],[136.229955,35.216448],[136.229102,35.217588],[136.228389,35.217436],[136.226808,35.217743],[136.225759,35.21855],[136.221748,35.213278],[136.223888,35.212229],[136.222454,35.210445],[136.222901,35.209978],[136.221964,35.208432],[136.223347,35.207798],[136.223049,35.207311],[136.221771,35.207786],[136.22122,35.207002],[136.223071,35.205927],[136.222536,35.205098],[136.219783,35.206439],[136.21837,35.204817],[136.216919,35.202916],[136.216859,35.201093],[136.215938,35.199862],[136.213488,35.197079],[136.213845,35.196433],[136.215268,35.195723],[136.215997,35.195003],[136.216055,35.193619]]]]}},
  {"type":"Feature","properties":{"name":"甲良町","code":"25442"},"geometry":{"type":"MultiPolygon","coordinates":[[[[136.237558,35.212834],[136.242528,35.210504],[136.243084,35.210024],[136.24498,35.209227],[136.243933,35.207493],[136.244797,35.207145],[136.242014,35.202526],[136.244345,35.201513],[136.242903,35.19911],[136.243635,35.19839],[136.243108,35.197504],[136.245569,35.196344],[136.248626,35.195144],[136.248156,35.194384],[136.249301,35.193913],[136.25082,35.196313],[136.254648,35.194715],[136.255041,35.195322],[136.256236,35.19487],[136.256048,35.194043],[136.256451,35.193743],[136.256653,35.191547],[136.256331,35.19039],[136.257058,35.189994],[136.256232,35.188406],[136.257852,35.188002],[136.258658,35.187629],[136.26146,35.186819],[136.26534,35.186042],[136.266744,35.185668],[136.268533,35.184626],[136.269058,35.18403],[136.270165,35.18362],[136.272473,35.183524],[136.273247,35.183606],[136.274563,35.183168],[136.275098,35.182511],[136.275323,35.181191],[136.274591,35.180177],[136.274958,35.179756],[136.275847,35.180031],[136.27717,35.17973],[136.278321,35.18034],[136.279507,35.180349],[136.280491,35.180074],[136.28131,35.180504],[136.28245,35.180182],[136.284717,35.179779],[136.286339,35.180329],[136.287367,35.181226],[136.289316,35.181767],[136.290471,35.182584],[136.290291,35.183438],[136.289743,35.183957],[136.289666,35.184932],[136.289157,35.186401],[136.288183,35.187138],[136.288021,35.188102],[136.288394,35.189059],[136.288276,35.18992],[136.288916,35.190452],[136.290538,35.191034],[136.290671,35.192163],[136.289524,35.193313],[136.289541,35.194155],[136.289023,35.194992],[136.28699,35.195412],[136.287542,35.195946],[136.285845,35.1976],[136.287026,35.19954],[136.289068,35.199852],[136.284354,35.200963],[136.283155,35.201694],[136.281502,35.203074],[136.278702,35.205789],[136.277065,35.208238],[136.275812,35.211123],[136.273763,35.214422],[136.273048,35.215313],[136.270912,35.217254],[136.269195,35.218967],[136.26758,35.220324],[136.265621,35.222381],[136.263891,35.223604],[136.260657,35.225726],[136.257687,35.228375],[136.256051,35.229876],[136.254886,35.228621],[136.254586,35.228016],[136.25471,35.226699],[136.254385,35.22549],[136.253535,35.226263],[136.252083,35.227259],[136.250266,35.226021],[136.250573,35.224061],[136.25107,35.223655],[136.251564,35.222028],[136.253026,35.220331],[136.251507,35.218656],[136.25174,35.218351],[136.25066,35.21709],[136.248617,35.218181],[136.247911,35.217487],[136.246706,35.217772],[136.244598,35.215518],[136.244041,35.215807],[136.241286,35.21773],[136.240611,35.216852],[136.239721,35.215177],[136.239242,35.215353],[136.237558,35.212834]]]]}},
  {"type":"Feature","properties":{"name":"多賀町","code":"25443"},"geometry":{"type":"MultiPolygon","coordinates":[[[[136.257687,35.228375],[136.260657,35.225726],[136.263891,35.223604],[136.265621,35.222381],[136.26758,35.220324],[136.269195,35.218967],[136.270912,35.217254],[136.273048,35.215313],[136.273763,35.214422],[136.275812,35.211123],[136.277065,35.208238],[136.278702,35.205789],[136.281502,35.203074],[136.283155,35.201694],[136.284354,35.200963],[136.289068,35.199852],[136.287026,35.19954],[136.285845,35.1976],[136.287542,35.195946],[136.28699,35.195412],[136.289023,35.194992],[136.289541,35.194155],[136.289524,35.193313],[136.290671,35.192163],[136.290538,35.191034],[136.288916,35.190452],[136.288276,35.18992],[136.288394,35.189059],[136.288021,35.188102],[136.288183,35.187138],[136.289157,35.186401],[136.289666,35.184932],[136.289743,35.183957],[136.290291,35.183438],[136.290471,35.182584],[136.291405,35.182285],[136.292296,35.181602],[136.293003,35.180294],[136.292984,35.178555],[136.29352,35.176767],[136.293313,35.176142],[136.29369,35.17499],[136.294284,35.174099],[136.294284,35.173233],[136.294707,35.17267],[136.295452,35.17246],[136.295791,35.171827],[136.29548,35.171208],[136.295537,35.169884],[136.29491,35.167955],[136.295293,35.167337],[136.296654,35.166343],[136.297969,35.166351],[136.300331,35.16664],[136.301326,35.165021],[136.302983,35.163962],[136.305016,35.163813],[136.305487,35.163308],[136.307146,35.162575],[136.308171,35.161307],[136.308325,35.160626],[136.309525,35.158186],[136.309534,35.157596],[136.310176,35.157374],[136.310841,35.15614],[136.312233,35.155318],[136.313581,35.154763],[136.314638,35.154919],[136.315969,35.155543],[136.317909,35.155306],[136.319479,35.154946],[136.320109,35.154382],[136.320975,35.154542],[136.321936,35.154373],[136.323695,35.154439],[136.324864,35.153661],[136.325888,35.154345],[136.32687,35.154619],[136.327574,35.154428],[136.328417,35.15383],[136.328596,35.152506],[136.32918,35.152078],[136.331387,35.151177],[136.332308,35.150558],[136.332346,35.149721],[136.333245,35.149127],[136.333441,35.148578],[136.334514,35.14803],[136.333873,35.146971],[136.334311,35.146315],[136.334233,35.145526],[136.335704,35.144239],[136.335683,35.142954],[136.335744,35.142318],[136.336272,35.141376],[136.336848,35.140965],[136.337153,35.139653],[136.338698,35.139894],[136.339574,35.13879],[136.340481,35.138931],[136.340213,35.137697],[136.340713,35.136057],[136.343051,35.135905],[136.345813,35.134406],[136.346682,35.133442],[136.347558,35.133036],[136.348801,35.133273],[136.350456,35.132488],[136.350659,35.131932],[136.353036,35.131942],[136.354724,35.131104],[136.355046,35.131825],[136.356136,35.13267],[136.356613,35.134116],[136.358363,35.135815],[136.359241,35.136491],[136.360488,35.136519],[136.361151,35.136209],[136.361863,35.135373],[136.362833,35.135314],[136.363793,35.134939],[136.365104,35.135133],[136.365999,35.135663],[136.367528,35.136084],[136.368796,35.136216],[136.370894,35.138381],[136.371919,35.139049],[136.372714,35.13891],[136.374468,35.139235],[136.375154,35.139675],[136.37694,35.140023],[136.377611,35.14051],[136.378074,35.140249],[136.379151,35.140269],[136.380458,35.14115],[136.3812,35.14143],[136.381664,35.142504],[136.38297,35.142935],[136.383119,35.143651],[136.384418,35.14427],[136.386149,35.144443],[136.386713,35.144658],[136.388174,35.146374],[136.388441,35.147947],[136.390388,35.149733],[136.391409,35.151561],[136.391182,35.153702],[136.390584,35.155048],[136.390104,35.155382],[136.386439,35.156923],[136.386152,35.157914],[136.385306,35.159134],[136.385317,35.159622],[136.384101,35.160267],[136.382872,35.160401],[136.382151,35.161305],[136.380891,35.161723],[136.38039,35.162182],[136.379979,35.163382],[136.380024,35.164406],[136.379475,35.164988],[136.379394,35.165726],[136.377233,35.16735],[136.377044,35.167853],[136.375851,35.169698],[136.376136,35.171251],[136.375318,35.172239],[136.375194,35.173539],[136.376251,35.174042],[136.376154,35.175276],[136.374539,35.176983],[136.374706,35.178181],[136.375551,35.179013],[136.375912,35.17999],[136.375097,35.181542],[136.375351,35.182812],[136.376182,35.183596],[136.376461,35.186021],[136.377139,35.186337],[136.37828,35.187239],[136.37877,35.187298],[136.378874,35.18868],[136.379463,35.189449],[136.381105,35.189171],[136.383567,35.189109],[136.384641,35.189881],[136.385832,35.190434],[136.386185,35.190854],[136.387205,35.19069],[136.387748,35.190926],[136.388391,35.193508],[136.388218,35.194363],[136.388403,35.196199],[136.389085,35.196796],[136.392087,35.19558],[136.393069,35.194576],[136.395345,35.193825],[136.395749,35.192479],[136.396322,35.192004],[136.397823,35.19121],[136.398666,35.190369],[136.400202,35.189445],[136.401322,35.189229],[136.402204,35.188628],[136.40288,35.187876],[136.403694,35.187473],[136.405129,35.187939],[136.407913,35.187449],[136.408653,35.187183],[136.409434,35.187661],[136.410102,35.188893],[136.410835,35.189723],[136.411377,35.190839],[136.412708,35.192053],[136.412935,35.194656],[136.412623,35.195911],[136.4133,35.196795],[136.413735,35.197848],[136.413806,35.199488],[136.414454,35.20074],[136.415233,35.201858],[136.41727,35.202671],[136.417964,35.203712],[136.417315,35.204727],[136.416137,35.205484],[136.415919,35.206671],[136.416431,35.207715],[136.416458,35.208877],[136.416072,35.211164],[136.416799,35.214389],[136.416026,35.215132],[136.415993,35.216094],[136.41569,35.21719],[136.415131,35.217744],[136.413897,35.218188],[136.41217,35.218399],[136.412146,35.219088],[136.411697,35.22001],[136.410732,35.221109],[136.410726,35.221484],[136.408271,35.223678],[136.406943,35.223695],[136.406339,35.224084],[136.404796,35.224056],[136.403354,35.22533],[136.401689,35.225057],[136.400808,35.225943],[136.399587,35.225824],[136.399134,35.226059],[136.399046,35.227157],[136.398699,35.227969],[136.397797,35.228111],[136.394981,35.229138],[136.392813,35.229653],[136.39249,35.230007],[136.393808,35.230651],[136.393654,35.231464],[136.393032,35.232381],[136.392695,35.233374],[136.39205,35.234181],[136.391381,35.234379],[136.388849,35.234273],[136.385686,35.235115],[136.38533,35.237002],[136.384614,35.238355],[136.383737,35.239531],[136.382303,35.240446],[136.379743,35.240937],[136.379039,35.241379],[136.378701,35.242387],[136.377557,35.242879],[136.377338,35.243413],[136.378125,35.24372],[136.378954,35.244396],[136.378623,35.24531],[136.379126,35.247388],[136.381027,35.248619],[136.381726,35.248162],[136.38347,35.24844],[136.385127,35.248338],[136.387332,35.249471],[136.389154,35.249767],[136.390223,35.250744],[136.391371,35.251312],[136.392859,35.252812],[136.393957,35.253516],[136.393858,35.2539],[136.394496,35.255097],[136.396269,35.256713],[136.39694,35.25791],[136.394914,35.258776],[136.394397,35.259294],[136.394408,35.259928],[136.393541,35.261913],[136.393712,35.262711],[136.394463,35.26396],[136.394082,35.264976],[136.394264,35.266096],[136.394837,35.267091],[136.394573,35.269199],[136.394661,35.270342],[136.394463,35.271039],[136.394727,35.272236],[136.395531,35.273522],[136.39585,35.274764],[136.395685,35.278915],[136.395961,35.280229],[136.395735,35.280945],[136.394507,35.282355],[136.394342,35.283016],[136.394739,35.283445],[136.393252,35.285999],[136.391729,35.287111],[136.391128,35.28683],[136.390093,35.286901],[136.387902,35.287383],[136.386262,35.286839],[136.385249,35.286839],[136.383521,35.285615],[136.382717,35.285293],[136.380999,35.284087],[136.380702,35.284275],[136.380152,35.285544],[136.379117,35.286061],[136.378346,35.285829],[136.37784,35.286222],[136.377719,35.287285],[136.376772,35.287562],[136.376474,35.287089],[136.374977,35.286481],[136.373722,35.286195],[136.372698,35.284659],[136.371648,35.284289],[136.370596,35.283232],[136.369922,35.282022],[136.367212,35.281642],[136.363738,35.280979],[136.362976,35.279996],[136.361012,35.279033],[136.359966,35.278755],[136.359343,35.278309],[136.357709,35.277625],[136.357529,35.276638],[136.355514,35.274787],[136.354514,35.274401],[136.353343,35.274661],[136.351525,35.27413],[136.35126,35.272674],[136.351465,35.271826],[136.351406,35.270416],[136.351594,35.269584],[136.35126,35.268682],[136.350398,35.268083],[136.348015,35.269226],[136.346896,35.268545],[136.345351,35.26863],[136.344495,35.267889],[136.343233,35.267441],[136.341406,35.265714],[136.340064,35.265309],[136.338749,35.264017],[136.337923,35.263826],[136.336423,35.263983],[136.335773,35.264345],[136.335251,35.26507],[136.33384,35.265628],[136.333063,35.265358],[136.330232,35.265386],[136.329502,35.265256],[136.32849,35.265506],[136.327346,35.266048],[136.326838,35.266551],[136.32534,35.267255],[136.324132,35.267101],[136.322403,35.267281],[136.321107,35.267692],[136.319406,35.267238],[136.320056,35.266105],[136.319674,35.265495],[136.318226,35.265852],[136.316613,35.265647],[136.316066,35.26489],[136.313813,35.263596],[136.31367,35.262437],[136.312585,35.261461],[136.311872,35.261338],[136.30886,35.258535],[136.307594,35.257601],[136.306505,35.25784],[136.305003,35.257338],[136.304505,35.256933],[136.304971,35.255845],[136.304064,35.255636],[136.301949,35.256839],[136.300638,35.257221],[136.299664,35.256497],[136.299493,35.255807],[136.298808,35.254962],[136.297546,35.254121],[136.296815,35.253209],[136.296495,35.251672],[136.297243,35.250796],[136.296803,35.249674],[136.296917,35.249133],[136.295597,35.247787],[136.295174,35.246854],[136.294461,35.246587],[136.294267,35.245358],[136.292661,35.245356],[136.292167,35.24602],[136.291289,35.245866],[136.290705,35.245153],[136.289985,35.244829],[136.289035,35.244011],[136.288559,35.243069],[136.288125,35.241486],[136.287809,35.241154],[136.286674,35.240903],[136.285648,35.241048],[136.285291,35.240384],[136.284242,35.240593],[136.281731,35.240416],[136.280888,35.240994],[136.280957,35.24137],[136.280266,35.242039],[136.279368,35.242368],[136.278496,35.241552],[136.276794,35.239474],[136.2761,35.238986],[136.275092,35.23919],[136.274581,35.24029],[136.273766,35.239099],[136.273264,35.238951],[136.273028,35.237997],[136.271439,35.235965],[136.272116,35.235566],[136.269903,35.232635],[136.269945,35.232374],[136.27126,35.231488],[136.274979,35.229534],[136.272213,35.226046],[136.271426,35.225751],[136.270003,35.226522],[136.269476,35.226454],[136.268729,35.225581],[136.267885,35.225853],[136.266624,35.226558],[136.267329,35.227455],[136.263429,35.229646],[136.26325,35.229453],[136.261465,35.230498],[136.260747,35.229659],[136.259859,35.230148],[136.258779,35.229576],[136.257687,35.228375]]]]}}
]}
